DDate,CSINumber,Symbol,Exchange,DClose,UnAdjustedClose,TotalVolume,Cash,MarketName,PTB,PSR,DPS
20120215,104481,MSHS,OTC,0.23,0.23,0,0,Minn Shares Inc,0,0,0
20120216,104481,MSHS,OTC,0.23,0.23,0,0,Minn Shares Inc,0,0,0
20120217,104481,MSHS,OTC,0.23,0.23,0,0,Minn Shares Inc,0,0,0
20120221,104481,MSHS,OTC,0.23,0.23,0,0,Minn Shares Inc,0,0,0
20120222,104481,MSHS,OTC,0.23,0.23,0,0,Minn Shares Inc,0,0,0
20120223,104481,MSHS,OTC,0.23,0.23,0,0,Minn Shares Inc,0,0,0
20120224,104481,MSHS,OTC,0.23,0.23,0,0,Minn Shares Inc,0,0,0
20120227,104481,MSHS,OTC,0.23,0.23,0,0,Minn Shares Inc,0,0,0
20120228,104481,MSHS,OTC,0.23,0.23,0,0,Minn Shares Inc,0,0,0
20120229,104481,MSHS,OTC,0.23,0.23,0,0,Minn Shares Inc,0,0,0
20120301,104481,MSHS,OTC,0.23,0.23,0,0,Minn Shares Inc,0,0,0
20120302,104481,MSHS,OTC,0.26,0.26,10,0,Minn Shares Inc,0,0,0
20120305,104481,MSHS,OTC,0.26,0.26,0,0,Minn Shares Inc,0,0,0
20120306,104481,MSHS,OTC,0.26,0.26,0,0,Minn Shares Inc,0,0,0
20120307,104481,MSHS,OTC,0.26,0.26,0,0,Minn Shares Inc,0,0,0
20120308,104481,MSHS,OTC,0.26,0.26,0,0,Minn Shares Inc,0,0,0
20120309,104481,MSHS,OTC,0.26,0.26,0,0,Minn Shares Inc,0,0,0
20120312,104481,MSHS,OTC,0.26,0.26,0,0,Minn Shares Inc,0,0,0
20120313,104481,MSHS,OTC,0.26,0.26,0,0,Minn Shares Inc,0,0,0
20120314,104481,MSHS,OTC,0.26,0.26,0,0,Minn Shares Inc,0,0,0
20120315,104481,MSHS,OTC,0.26,0.26,0,0,Minn Shares Inc,0,0,0
20120316,104481,MSHS,OTC,0.26,0.26,0,0,Minn Shares Inc,0,0,0
20120319,104481,MSHS,OTC,0.26,0.26,0,0,Minn Shares Inc,0,0,0
20120320,104481,MSHS,OTC,0.26,0.26,0,0,Minn Shares Inc,0,0,0
20120321,104481,MSHS,OTC,0.26,0.26,0,0,Minn Shares Inc,0,0,0
20120322,104481,MSHS,OTC,0.26,0.26,0,0,Minn Shares Inc,0,0,0
20120323,104481,MSHS,OTC,0.26,0.26,0,0,Minn Shares Inc,0,0,0
20120326,104481,MSHS,OTC,0.26,0.26,0,0,Minn Shares Inc,0,0,0
20120327,104481,MSHS,OTC,0.26,0.26,0,0,Minn Shares Inc,0,0,0
20120328,104481,MSHS,OTC,0.26,0.26,0,0,Minn Shares Inc,0,0,0
20120329,104481,MSHS,OTC,0.26,0.26,0,0,Minn Shares Inc,0,0,0
20120330,104481,MSHS,OTC,0.26,0.26,0,0,Minn Shares Inc,0,0,0
20120402,104481,MSHS,OTC,0.26,0.26,0,0,Minn Shares Inc,0,0,0
20120403,104481,MSHS,OTC,0.26,0.26,0,0,Minn Shares Inc,0,0,0
20120404,104481,MSHS,OTC,0.26,0.26,0,0,Minn Shares Inc,0,0,0
20120405,104481,MSHS,OTC,0.26,0.26,0,0,Minn Shares Inc,0,0,0
20120409,104481,MSHS,OTC,0.26,0.26,0,0,Minn Shares Inc,0,0,0
20120410,104481,MSHS,OTC,0.26,0.26,0,0,Minn Shares Inc,0,0,0
20120411,104481,MSHS,OTC,0.26,0.26,0,0,Minn Shares Inc,0,0,0
20120412,104481,MSHS,OTC,0.26,0.26,0,0,Minn Shares Inc,0,0,0
20120413,104481,MSHS,OTC,0.26,0.26,0,0,Minn Shares Inc,0,0,0
20120416,104481,MSHS,OTC,0.26,0.26,0,0,Minn Shares Inc,0,0,0
20120417,104481,MSHS,OTC,0.26,0.26,0,0,Minn Shares Inc,0,0,0
20120418,104481,MSHS,OTC,0.26,0.26,0,0,Minn Shares Inc,0,0,0
20120419,104481,MSHS,OTC,0.26,0.26,0,0,Minn Shares Inc,0,0,0
20120420,104481,MSHS,OTC,0.26,0.26,0,0,Minn Shares Inc,0,0,0
20120423,104481,MSHS,OTC,0.26,0.26,0,0,Minn Shares Inc,0,0,0
20120424,104481,MSHS,OTC,0.26,0.26,0,0,Minn Shares Inc,0,0,0
20120425,104481,MSHS,OTC,0.26,0.26,0,0,Minn Shares Inc,0,0,0
20120426,104481,MSHS,OTC,0.26,0.26,0,0,Minn Shares Inc,0,0,0
20120427,104481,MSHS,OTC,0.23,0.23,72,0,Minn Shares Inc,0,0,0
20120430,104481,MSHS,OTC,0.23,0.23,0,0,Minn Shares Inc,0,0,0
20120501,104481,MSHS,OTC,0.23,0.23,0,0,Minn Shares Inc,0,0,0
20120502,104481,MSHS,OTC,0.23,0.23,0,0,Minn Shares Inc,0,0,0
20120503,104481,MSHS,OTC,0.27,0.27,20,0,Minn Shares Inc,0,0,0
20120504,104481,MSHS,OTC,0.27,0.27,0,0,Minn Shares Inc,0,0,0
20120507,104481,MSHS,OTC,0.27,0.27,0,0,Minn Shares Inc,0,0,0
20120508,104481,MSHS,OTC,0.27,0.27,0,0,Minn Shares Inc,0,0,0
20120509,104481,MSHS,OTC,0.27,0.27,0,0,Minn Shares Inc,0,0,0
20120510,104481,MSHS,OTC,0.27,0.27,0,0,Minn Shares Inc,0,0,0
20120511,104481,MSHS,OTC,0.27,0.27,0,0,Minn Shares Inc,0,0,0
20120514,104481,MSHS,OTC,0.27,0.27,0,0,Minn Shares Inc,0,0,0
20120515,104481,MSHS,OTC,0.27,0.27,0,0,Minn Shares Inc,0,0,0
20120516,104481,MSHS,OTC,0.27,0.27,0,0,Minn Shares Inc,0,0,0
20120517,104481,MSHS,OTC,0.27,0.27,0,0,Minn Shares Inc,0,0,0
20120518,104481,MSHS,OTC,0.27,0.27,0,0,Minn Shares Inc,0,0,0
20120521,104481,MSHS,OTC,0.27,0.27,0,0,Minn Shares Inc,0,0,0
20120522,104481,MSHS,OTC,0.27,0.27,0,0,Minn Shares Inc,0,0,0
20120523,104481,MSHS,OTC,0.27,0.27,0,0,Minn Shares Inc,0,0,0
20120524,104481,MSHS,OTC,0.27,0.27,0,0,Minn Shares Inc,0,0,0
20120525,104481,MSHS,OTC,0.27,0.27,0,0,Minn Shares Inc,0,0,0
20120529,104481,MSHS,OTC,0.27,0.27,0,0,Minn Shares Inc,0,0,0
20120530,104481,MSHS,OTC,0.27,0.27,0,0,Minn Shares Inc,0,0,0
20120531,104481,MSHS,OTC,0.27,0.27,0,0,Minn Shares Inc,0,0,0
20120601,104481,MSHS,OTC,0.27,0.27,0,0,Minn Shares Inc,0,0,0
20120604,104481,MSHS,OTC,0.27,0.27,0,0,Minn Shares Inc,0,0,0
20120605,104481,MSHS,OTC,0.27,0.27,0,0,Minn Shares Inc,0,0,0
20120606,104481,MSHS,OTC,0.27,0.27,0,0,Minn Shares Inc,0,0,0
20120607,104481,MSHS,OTC,0.27,0.27,0,0,Minn Shares Inc,0,0,0
20120608,104481,MSHS,OTC,0.27,0.27,0,0,Minn Shares Inc,0,0,0
20120611,104481,MSHS,OTC,0.27,0.27,0,0,Minn Shares Inc,0,0,0
20120612,104481,MSHS,OTC,0.3,0.3,3,0,Minn Shares Inc,0,0,0
20120613,104481,MSHS,OTC,0.3,0.3,0,0,Minn Shares Inc,0,0,0
20120614,104481,MSHS,OTC,0.3,0.3,0,0,Minn Shares Inc,0,0,0
20120615,104481,MSHS,OTC,0.3,0.3,0,0,Minn Shares Inc,0,0,0
20120618,104481,MSHS,OTC,0.3,0.3,0,0,Minn Shares Inc,0,0,0
20120619,104481,MSHS,OTC,0.3,0.3,0,0,Minn Shares Inc,0,0,0
20120620,104481,MSHS,OTC,0.3,0.3,0,0,Minn Shares Inc,0,0,0
20120621,104481,MSHS,OTC,0.3,0.3,0,0,Minn Shares Inc,0,0,0
20120622,104481,MSHS,OTC,0.3,0.3,0,0,Minn Shares Inc,0,0,0
20120625,104481,MSHS,OTC,0.3,0.3,0,0,Minn Shares Inc,0,0,0
20120626,104481,MSHS,OTC,0.3,0.3,0,0,Minn Shares Inc,0,0,0
20120627,104481,MSHS,OTC,0.3,0.3,0,0,Minn Shares Inc,0,0,0
20120628,104481,MSHS,OTC,0.3,0.3,0,0,Minn Shares Inc,0,0,0
20120629,104481,MSHS,OTC,0.3,0.3,0,0,Minn Shares Inc,0,0,0
20120702,104481,MSHS,OTC,0.3,0.3,0,0,Minn Shares Inc,0,0,0
20120703,104481,MSHS,OTC,0.3,0.3,0,0,Minn Shares Inc,0,0,0
20120705,104481,MSHS,OTC,0.3,0.3,0,0,Minn Shares Inc,0,0,0
20120706,104481,MSHS,OTC,0.3,0.3,0,0,Minn Shares Inc,0,0,0
20120709,104481,MSHS,OTC,0.3,0.3,0,0,Minn Shares Inc,0,0,0
20120710,104481,MSHS,OTC,0.3,0.3,0,0,Minn Shares Inc,0,0,0
20120711,104481,MSHS,OTC,0.3,0.3,0,0,Minn Shares Inc,0,0,0
20120712,104481,MSHS,OTC,0.3,0.3,0,0,Minn Shares Inc,0,0,0
20120713,104481,MSHS,OTC,0.3,0.3,0,0,Minn Shares Inc,0,0,0
20120716,104481,MSHS,OTC,0.3,0.3,0,0,Minn Shares Inc,0,0,0
20120717,104481,MSHS,OTC,0.3,0.3,0,0,Minn Shares Inc,0,0,0
20120718,104481,MSHS,OTC,0.3,0.3,0,0,Minn Shares Inc,0,0,0
20120719,104481,MSHS,OTC,0.3,0.3,0,0,Minn Shares Inc,0,0,0
20120720,104481,MSHS,OTC,0.3,0.3,0,0,Minn Shares Inc,0,0,0
20120723,104481,MSHS,OTC,0.3,0.3,0,0,Minn Shares Inc,0,0,0
20120724,104481,MSHS,OTC,0.3,0.3,0,0,Minn Shares Inc,0,0,0
20120725,104481,MSHS,OTC,0.3,0.3,0,0,Minn Shares Inc,0,0,0
20120726,104481,MSHS,OTC,0.3,0.3,0,0,Minn Shares Inc,0,0,0
20120727,104481,MSHS,OTC,0.3,0.3,0,0,Minn Shares Inc,0,0,0
20120730,104481,MSHS,OTC,0.3,0.3,0,0,Minn Shares Inc,0,0,0
20120731,104481,MSHS,OTC,0.3,0.3,0,0,Minn Shares Inc,0,0,0
20120801,104481,MSHS,OTC,0.3,0.3,0,0,Minn Shares Inc,0,0,0
20120802,104481,MSHS,OTC,0.2,0.2,74,0,Minn Shares Inc,0,0,0
20120803,104481,MSHS,OTC,0.2,0.2,0,0,Minn Shares Inc,0,0,0
20120806,104481,MSHS,OTC,0.2,0.2,0,0,Minn Shares Inc,0,0,0
20120807,104481,MSHS,OTC,0.2,0.2,0,0,Minn Shares Inc,0,0,0
20120808,104481,MSHS,OTC,0.2,0.2,0,0,Minn Shares Inc,0,0,0
20120809,104481,MSHS,OTC,0.2,0.2,0,0,Minn Shares Inc,0,0,0
20120810,104481,MSHS,OTC,0.2,0.2,8,0,Minn Shares Inc,0,0,0
20120813,104481,MSHS,OTC,0.2,0.2,0,0,Minn Shares Inc,0,0,0
20120814,104481,MSHS,OTC,0.2,0.2,0,0,Minn Shares Inc,0,0,0
20120815,104481,MSHS,OTC,0.2,0.2,0,0,Minn Shares Inc,0,0,0
20120816,104481,MSHS,OTC,0.2,0.2,0,0,Minn Shares Inc,0,0,0
20120817,104481,MSHS,OTC,0.2,0.2,0,0,Minn Shares Inc,0,0,0
20120820,104481,MSHS,OTC,0.2,0.2,0,0,Minn Shares Inc,0,0,0
20120821,104481,MSHS,OTC,0.2,0.2,0,0,Minn Shares Inc,0,0,0
20120822,104481,MSHS,OTC,0.2,0.2,0,0,Minn Shares Inc,0,0,0
20120823,104481,MSHS,OTC,0.2,0.2,0,0,Minn Shares Inc,0,0,0
20120824,104481,MSHS,OTC,0.2,0.2,0,0,Minn Shares Inc,0,0,0
20120827,104481,MSHS,OTC,0.2,0.2,0,0,Minn Shares Inc,0,0,0
20120828,104481,MSHS,OTC,0.2,0.2,0,0,Minn Shares Inc,0,0,0
20120829,104481,MSHS,OTC,0.2,0.2,0,0,Minn Shares Inc,0,0,0
20120830,104481,MSHS,OTC,0.2,0.2,0,0,Minn Shares Inc,0,0,0
20120831,104481,MSHS,OTC,0.2,0.2,0,0,Minn Shares Inc,0,0,0
20120904,104481,MSHS,OTC,0.2,0.2,0,0,Minn Shares Inc,0,0,0
20120905,104481,MSHS,OTC,0.2,0.2,0,0,Minn Shares Inc,0,0,0
20120906,104481,MSHS,OTC,0.2,0.2,0,0,Minn Shares Inc,0,0,0
20120907,104481,MSHS,OTC,0.2,0.2,0,0,Minn Shares Inc,0,0,0
20120910,104481,MSHS,OTC,0.2,0.2,0,0,Minn Shares Inc,0,0,0
20120911,104481,MSHS,OTC,0.2,0.2,0,0,Minn Shares Inc,0,0,0
20120912,104481,MSHS,OTC,0.2,0.2,0,0,Minn Shares Inc,0,0,0
20120913,104481,MSHS,OTC,0.2,0.2,0,0,Minn Shares Inc,0,0,0
20120914,104481,MSHS,OTC,0.2,0.2,0,0,Minn Shares Inc,0,0,0
20120917,104481,MSHS,OTC,0.2,0.2,0,0,Minn Shares Inc,0,0,0
20120918,104481,MSHS,OTC,0.2,0.2,0,0,Minn Shares Inc,0,0,0
20120919,104481,MSHS,OTC,0.2,0.2,0,0,Minn Shares Inc,0,0,0
20120920,104481,MSHS,OTC,0.2,0.2,0,0,Minn Shares Inc,0,0,0
20120921,104481,MSHS,OTC,0.2,0.2,0,0,Minn Shares Inc,0,0,0
20120924,104481,MSHS,OTC,0.2,0.2,0,0,Minn Shares Inc,0,0,0
20120925,104481,MSHS,OTC,0.2,0.2,0,0,Minn Shares Inc,0,0,0
20120926,104481,MSHS,OTC,0.2,0.2,0,0,Minn Shares Inc,0,0,0
20120927,104481,MSHS,OTC,0.2,0.2,0,0,Minn Shares Inc,0,0,0
20120928,104481,MSHS,OTC,0.19,0.19,10,0,Minn Shares Inc,0,0,0
20121001,104481,MSHS,OTC,0.19,0.19,0,0,Minn Shares Inc,0,0,0
20121002,104481,MSHS,OTC,0.19,0.19,0,0,Minn Shares Inc,0,0,0
20121003,104481,MSHS,OTC,0.19,0.19,0,0,Minn Shares Inc,0,0,0
20121004,104481,MSHS,OTC,0.19,0.19,0,0,Minn Shares Inc,0,0,0
20121005,104481,MSHS,OTC,0.19,0.19,0,0,Minn Shares Inc,0,0,0
20121008,104481,MSHS,OTC,0.19,0.19,0,0,Minn Shares Inc,0,0,0
20121009,104481,MSHS,OTC,0.19,0.19,0,0,Minn Shares Inc,0,0,0
20121010,104481,MSHS,OTC,0.19,0.19,0,0,Minn Shares Inc,0,0,0
20121011,104481,MSHS,OTC,0.19,0.19,0,0,Minn Shares Inc,0,0,0
20121012,104481,MSHS,OTC,0.19,0.19,0,0,Minn Shares Inc,0,0,0
20121015,104481,MSHS,OTC,0.19,0.19,10,0,Minn Shares Inc,0,0,0
20121016,104481,MSHS,OTC,0.19,0.19,0,0,Minn Shares Inc,0,0,0
20121017,104481,MSHS,OTC,0.19,0.19,0,0,Minn Shares Inc,0,0,0
20121018,104481,MSHS,OTC,0.19,0.19,0,0,Minn Shares Inc,0,0,0
20121019,104481,MSHS,OTC,0.19,0.19,0,0,Minn Shares Inc,0,0,0
20121022,104481,MSHS,OTC,0.19,0.19,0,0,Minn Shares Inc,0,0,0
20121023,104481,MSHS,OTC,0.19,0.19,0,0,Minn Shares Inc,0,0,0
20121024,104481,MSHS,OTC,0.19,0.19,0,0,Minn Shares Inc,0,0,0
20121025,104481,MSHS,OTC,0.19,0.19,0,0,Minn Shares Inc,0,0,0
20121026,104481,MSHS,OTC,0.19,0.19,0,0,Minn Shares Inc,0,0,0
20121031,104481,MSHS,OTC,0.19,0.19,0,0,Minn Shares Inc,0,0,0
20121101,104481,MSHS,OTC,0.19,0.19,0,0,Minn Shares Inc,0,0,0
20121102,104481,MSHS,OTC,0.19,0.19,0,0,Minn Shares Inc,0,0,0
20121105,104481,MSHS,OTC,0.19,0.19,0,0,Minn Shares Inc,0,0,0
20121106,104481,MSHS,OTC,0.19,0.19,0,0,Minn Shares Inc,0,0,0
20121107,104481,MSHS,OTC,0.19,0.19,0,0,Minn Shares Inc,0,0,0
20121108,104481,MSHS,OTC,0.19,0.19,0,0,Minn Shares Inc,0,0,0
20121109,104481,MSHS,OTC,0.19,0.19,0,0,Minn Shares Inc,0,0,0
20121112,104481,MSHS,OTC,0.19,0.19,0,0,Minn Shares Inc,0,0,0
20121113,104481,MSHS,OTC,0.19,0.19,0,0,Minn Shares Inc,0,0,0
20121114,104481,MSHS,OTC,0.19,0.19,0,0,Minn Shares Inc,0,0,0
20121115,104481,MSHS,OTC,0.19,0.19,0,0,Minn Shares Inc,0,0,0
20121116,104481,MSHS,OTC,0.19,0.19,0,0,Minn Shares Inc,0,0,0
20121119,104481,MSHS,OTC,0.19,0.19,0,0,Minn Shares Inc,0,0,0
20121120,104481,MSHS,OTC,0.19,0.19,0,0,Minn Shares Inc,0,0,0
20121121,104481,MSHS,OTC,0.19,0.19,0,0,Minn Shares Inc,0,0,0
20121123,104481,MSHS,OTC,0.19,0.19,0,0,Minn Shares Inc,0,0,0
20121126,104481,MSHS,OTC,0.19,0.19,0,0,Minn Shares Inc,0,0,0
20121127,104481,MSHS,OTC,0.19,0.19,0,0,Minn Shares Inc,0,0,0
20121128,104481,MSHS,OTC,0.19,0.19,0,0,Minn Shares Inc,0,0,0
20121129,104481,MSHS,OTC,0.19,0.19,0,0,Minn Shares Inc,0,0,0
20121130,104481,MSHS,OTC,0.19,0.19,0,0,Minn Shares Inc,0,0,0
20121203,104481,MSHS,OTC,0.19,0.19,0,0,Minn Shares Inc,0,0,0
20121204,104481,MSHS,OTC,0.19,0.19,0,0,Minn Shares Inc,0,0,0
20121205,104481,MSHS,OTC,0.19,0.19,0,0,Minn Shares Inc,0,0,0
20121206,104481,MSHS,OTC,0.19,0.19,0,0,Minn Shares Inc,0,0,0
20121207,104481,MSHS,OTC,0.19,0.19,0,0,Minn Shares Inc,0,0,0
20121210,104481,MSHS,OTC,0.19,0.19,0,0,Minn Shares Inc,0,0,0
20121211,104481,MSHS,OTC,0.19,0.19,0,0,Minn Shares Inc,0,0,0
20121212,104481,MSHS,OTC,0.19,0.19,0,0,Minn Shares Inc,0,0,0
20121213,104481,MSHS,OTC,0.19,0.19,0,0,Minn Shares Inc,0,0,0
20121214,104481,MSHS,OTC,0.19,0.19,0,0,Minn Shares Inc,0,0,0
20121217,104481,MSHS,OTC,0.19,0.19,0,0,Minn Shares Inc,0,0,0
20121218,104481,MSHS,OTC,0.19,0.19,0,0,Minn Shares Inc,0,0,0
20121219,104481,MSHS,OTC,0.19,0.19,0,0,Minn Shares Inc,0,0,0
20121220,104481,MSHS,OTC,0.19,0.19,0,0,Minn Shares Inc,0,0,0
20121221,104481,MSHS,OTC,0.19,0.19,0,0,Minn Shares Inc,0,0,0
20121224,104481,MSHS,OTC,0.19,0.19,0,0,Minn Shares Inc,0,0,0
20121226,104481,MSHS,OTC,0.19,0.19,0,0,Minn Shares Inc,0,0,0
20121227,104481,MSHS,OTC,0.19,0.19,0,0,Minn Shares Inc,0,0,0
20121228,104481,MSHS,OTC,0.19,0.19,0,0,Minn Shares Inc,0,0,0
20121231,104481,MSHS,OTC,0.19,0.19,0,0,Minn Shares Inc,0,0,0
20130102,104481,MSHS,OTC,0.19,0.19,0,0,Minn Shares Inc,0,0,0
20130103,104481,MSHS,OTC,0.19,0.19,0,0,Minn Shares Inc,0,0,0
20130104,104481,MSHS,OTC,0.19,0.19,0,0,Minn Shares Inc,0,0,0
20130107,104481,MSHS,OTC,0.19,0.19,0,0,Minn Shares Inc,0,0,0
20130108,104481,MSHS,OTC,0.19,0.19,0,0,Minn Shares Inc,0,0,0
20130109,104481,MSHS,OTC,0.19,0.19,0,0,Minn Shares Inc,0,0,0
20130110,104481,MSHS,OTC,0.19,0.19,0,0,Minn Shares Inc,0,0,0
20130111,104481,MSHS,OTC,0.19,0.19,0,0,Minn Shares Inc,0,0,0
20130114,104481,MSHS,OTC,0.19,0.19,0,0,Minn Shares Inc,0,0,0
20130115,104481,MSHS,OTC,0.19,0.19,0,0,Minn Shares Inc,0,0,0
20130116,104481,MSHS,OTC,0.19,0.19,0,0,Minn Shares Inc,0,0,0
20130117,104481,MSHS,OTC,0.19,0.19,0,0,Minn Shares Inc,0,0,0
20130118,104481,MSHS,OTC,0.19,0.19,0,0,Minn Shares Inc,0,0,0
20130122,104481,MSHS,OTC,0.19,0.19,0,0,Minn Shares Inc,0,0,0
20130123,104481,MSHS,OTC,0.19,0.19,0,0,Minn Shares Inc,0,0,0
20130124,104481,MSHS,OTC,0.19,0.19,0,0,Minn Shares Inc,0,0,0
20130125,104481,MSHS,OTC,0.19,0.19,0,0,Minn Shares Inc,0,0,0
20130128,104481,MSHS,OTC,0.19,0.19,0,0,Minn Shares Inc,0,0,0
20130129,104481,MSHS,OTC,0.19,0.19,0,0,Minn Shares Inc,0,0,0
20130130,104481,MSHS,OTC,0.19,0.19,0,0,Minn Shares Inc,0,0,0
20130131,104481,MSHS,OTC,0.19,0.19,0,0,Minn Shares Inc,0,0,0
20130201,104481,MSHS,OTC,0.19,0.19,0,0,Minn Shares Inc,0,0,0
20130204,104481,MSHS,OTC,0.19,0.19,0,0,Minn Shares Inc,0,0,0
20130205,104481,MSHS,OTC,0.19,0.19,0,0,Minn Shares Inc,0,0,0
20130206,104481,MSHS,OTC,0.19,0.19,0,0,Minn Shares Inc,0,0,0
20130207,104481,MSHS,OTC,0.19,0.19,0,0,Minn Shares Inc,0,0,0
20130208,104481,MSHS,OTC,0.19,0.19,0,0,Minn Shares Inc,0,0,0
20130211,104481,MSHS,OTC,0.19,0.19,0,0,Minn Shares Inc,0,0,0
20130212,104481,MSHS,OTC,0.19,0.19,0,0,Minn Shares Inc,0,0,0
20130213,104481,MSHS,OTC,0.19,0.19,0,0,Minn Shares Inc,0,0,0
20130214,104481,MSHS,OTC,0.19,0.19,0,0,Minn Shares Inc,0,0,0
20130215,104481,MSHS,OTC,0.19,0.19,0,0,Minn Shares Inc,0,0,0
20130219,104481,MSHS,OTC,0.19,0.19,0,0,Minn Shares Inc,0,0,0
20130220,104481,MSHS,OTC,0.19,0.19,0,0,Minn Shares Inc,0,0,0
20130221,104481,MSHS,OTC,0.19,0.19,0,0,Minn Shares Inc,0,0,0
20130222,104481,MSHS,OTC,0.19,0.19,0,0,Minn Shares Inc,0,0,0
20130225,104481,MSHS,OTC,0.19,0.19,0,0,Minn Shares Inc,0,0,0
20130226,104481,MSHS,OTC,0.19,0.19,0,0,Minn Shares Inc,0,0,0
20130227,104481,MSHS,OTC,1,1,102,0,Minn Shares Inc,0,0,0
20130228,104481,MSHS,OTC,1,1,0,0,Minn Shares Inc,0,0,0
20130301,104481,MSHS,OTC,0.25,0.25,20,0,Minn Shares Inc,0,0,0
20130304,104481,MSHS,OTC,0.25,0.25,0,0,Minn Shares Inc,0,0,0
20130305,104481,MSHS,OTC,0.25,0.25,0,0,Minn Shares Inc,0,0,0
20130306,104481,MSHS,OTC,0.25,0.25,0,0,Minn Shares Inc,0,0,0
20130307,104481,MSHS,OTC,0.25,0.25,0,0,Minn Shares Inc,0,0,0
20130308,104481,MSHS,OTC,0.25,0.25,0,0,Minn Shares Inc,0,0,0
20130311,104481,MSHS,OTC,0.25,0.25,0,0,Minn Shares Inc,0,0,0
20130312,104481,MSHS,OTC,0.25,0.25,0,0,Minn Shares Inc,0,0,0
20130313,104481,MSHS,OTC,0.25,0.25,0,0,Minn Shares Inc,0,0,0
20130314,104481,MSHS,OTC,0.25,0.25,0,0,Minn Shares Inc,0,0,0
20130315,104481,MSHS,OTC,0.25,0.25,0,0,Minn Shares Inc,0,0,0
20130318,104481,MSHS,OTC,0.25,0.25,0,0,Minn Shares Inc,0,0,0
20130319,104481,MSHS,OTC,0.25,0.25,0,0,Minn Shares Inc,0,0,0
20130320,104481,MSHS,OTC,0.25,0.25,0,0,Minn Shares Inc,0,0,0
20130321,104481,MSHS,OTC,0.25,0.25,0,0,Minn Shares Inc,0,0,0
20130322,104481,MSHS,OTC,0.25,0.25,0,0,Minn Shares Inc,0,0,0
20130325,104481,MSHS,OTC,0.25,0.25,0,0,Minn Shares Inc,0,0,0
20130326,104481,MSHS,OTC,0.25,0.25,0,0,Minn Shares Inc,0,0,0
20130327,104481,MSHS,OTC,0.2,0.2,92,0,Minn Shares Inc,0,0,0
20130328,104481,MSHS,OTC,0.2,0.2,0,0,Minn Shares Inc,0,0,0
20130401,104481,MSHS,OTC,0.2,0.2,0,0,Minn Shares Inc,0,0,0
20130402,104481,MSHS,OTC,0.21,0.21,25,0,Minn Shares Inc,0,0,0
20130403,104481,MSHS,OTC,0.21,0.21,0,0,Minn Shares Inc,0,0,0
20130404,104481,MSHS,OTC,0.21,0.21,0,0,Minn Shares Inc,0,0,0
20130405,104481,MSHS,OTC,0.15,0.15,75,0,Minn Shares Inc,0,0,0
20130408,104481,MSHS,OTC,0.15,0.15,0,0,Minn Shares Inc,0,0,0
20130409,104481,MSHS,OTC,0.15,0.15,0,0,Minn Shares Inc,0,0,0
20130410,104481,MSHS,OTC,0.13,0.13,90,0,Minn Shares Inc,0,0,0
20130411,104481,MSHS,OTC,0.13,0.13,0,0,Minn Shares Inc,0,0,0
20130412,104481,MSHS,OTC,0.13,0.13,0,0,Minn Shares Inc,0,0,0
20130415,104481,MSHS,OTC,0.13,0.13,0,0,Minn Shares Inc,0,0,0
20130416,104481,MSHS,OTC,0.13,0.13,0,0,Minn Shares Inc,0,0,0
20130417,104481,MSHS,OTC,0.13,0.13,0,0,Minn Shares Inc,0,0,0
20130418,104481,MSHS,OTC,0.1,0.1,51,0,Minn Shares Inc,0,0,0
20130419,104481,MSHS,OTC,0.1,0.1,0,0,Minn Shares Inc,0,0,0
20130422,104481,MSHS,OTC,0.1,0.1,0,0,Minn Shares Inc,0,0,0
20130423,104481,MSHS,OTC,0.1,0.1,0,0,Minn Shares Inc,0,0,0
20130424,104481,MSHS,OTC,0.1,0.1,0,0,Minn Shares Inc,0,0,0
20130425,104481,MSHS,OTC,0.1,0.1,0,0,Minn Shares Inc,0,0,0
20130426,104481,MSHS,OTC,0.1,0.1,0,0,Minn Shares Inc,0,0,0
20130429,104481,MSHS,OTC,0.1,0.1,0,0,Minn Shares Inc,0,0,0
20130430,104481,MSHS,OTC,0.1,0.1,0,0,Minn Shares Inc,0,0,0
20130501,104481,MSHS,OTC,0.1,0.1,0,0,Minn Shares Inc,0,0,0
20130502,104481,MSHS,OTC,0.1,0.1,0,0,Minn Shares Inc,0,0,0
20130503,104481,MSHS,OTC,0.1,0.1,0,0,Minn Shares Inc,0,0,0
20130506,104481,MSHS,OTC,0.1,0.1,0,0,Minn Shares Inc,0,0,0
20130507,104481,MSHS,OTC,0.1,0.1,0,0,Minn Shares Inc,0,0,0
20130508,104481,MSHS,OTC,0.1,0.1,0,0,Minn Shares Inc,0,0,0
20130509,104481,MSHS,OTC,0.1,0.1,0,0,Minn Shares Inc,0,0,0
20130510,104481,MSHS,OTC,0.2,0.2,12,0,Minn Shares Inc,0,0,0
20130513,104481,MSHS,OTC,0.2,0.2,0,0,Minn Shares Inc,0,0,0
20130514,104481,MSHS,OTC,0.2,0.2,0,0,Minn Shares Inc,0,0,0
20130515,104481,MSHS,OTC,0.2,0.2,50,0,Minn Shares Inc,0,0,0
20130516,104481,MSHS,OTC,0.2,0.2,0,0,Minn Shares Inc,0,0,0
20130517,104481,MSHS,OTC,0.2,0.2,0,0,Minn Shares Inc,0,0,0
20130520,104481,MSHS,OTC,0.2,0.2,0,0,Minn Shares Inc,0,0,0
20130521,104481,MSHS,OTC,0.2,0.2,0,0,Minn Shares Inc,0,0,0
20130522,104481,MSHS,OTC,0.2,0.2,100,0,Minn Shares Inc,0,0,0
20130523,104481,MSHS,OTC,0.2,0.2,0,0,Minn Shares Inc,0,0,0
20130524,104481,MSHS,OTC,0.2,0.2,0,0,Minn Shares Inc,0,0,0
20130528,104481,MSHS,OTC,0.2,0.2,0,0,Minn Shares Inc,0,0,0
20130529,104481,MSHS,OTC,0.2,0.2,0,0,Minn Shares Inc,0,0,0
20130530,104481,MSHS,OTC,0.2,0.2,0,0,Minn Shares Inc,0,0,0
20130531,104481,MSHS,OTC,0.2,0.2,0,0,Minn Shares Inc,0,0,0
20130603,104481,MSHS,OTC,0.2,0.2,0,0,Minn Shares Inc,0,0,0
20130604,104481,MSHS,OTC,0.12,0.12,4,0,Minn Shares Inc,0,0,0
20130605,104481,MSHS,OTC,0.12,0.12,0,0,Minn Shares Inc,0,0,0
20130606,104481,MSHS,OTC,0.12,0.12,0,0,Minn Shares Inc,0,0,0
20130607,104481,MSHS,OTC,0.12,0.12,0,0,Minn Shares Inc,0,0,0
20130610,104481,MSHS,OTC,0.12,0.12,0,0,Minn Shares Inc,0,0,0
20130611,104481,MSHS,OTC,0.1,0.1,10,0,Minn Shares Inc,0,0,0
20130612,104481,MSHS,OTC,0.1,0.1,0,0,Minn Shares Inc,0,0,0
20130613,104481,MSHS,OTC,0.1,0.1,0,0,Minn Shares Inc,0,0,0
20130614,104481,MSHS,OTC,0.1,0.1,0,0,Minn Shares Inc,0,0,0
20130617,104481,MSHS,OTC,0.1,0.1,0,0,Minn Shares Inc,0,0,0
20130618,104481,MSHS,OTC,0.1,0.1,0,0,Minn Shares Inc,0,0,0
20130619,104481,MSHS,OTC,0.1,0.1,0,0,Minn Shares Inc,0,0,0
20130620,104481,MSHS,OTC,0.05,0.05,9,0,Minn Shares Inc,0,0,0
20130621,104481,MSHS,OTC,0.05,0.05,0,0,Minn Shares Inc,0,0,0
20130624,104481,MSHS,OTC,0.05,0.05,0,0,Minn Shares Inc,0,0,0
20130625,104481,MSHS,OTC,0.05,0.05,0,0,Minn Shares Inc,0,0,0
20130626,104481,MSHS,OTC,0.05,0.05,0,0,Minn Shares Inc,0,0,0
20130627,104481,MSHS,OTC,0.05,0.05,0,0,Minn Shares Inc,0,0,0
20130628,104481,MSHS,OTC,0.05,0.05,0,0,Minn Shares Inc,0,0,0
20130701,104481,MSHS,OTC,0.05,0.05,0,0,Minn Shares Inc,0,0,0
20130702,104481,MSHS,OTC,0.05,0.05,0,0,Minn Shares Inc,0,0,0
20130703,104481,MSHS,OTC,0.05,0.05,0,0,Minn Shares Inc,0,0,0
20130705,104481,MSHS,OTC,0.05,0.05,0,0,Minn Shares Inc,0,0,0
20130708,104481,MSHS,OTC,0.05,0.05,0,0,Minn Shares Inc,0,0,0
20130709,104481,MSHS,OTC,0.05,0.05,0,0,Minn Shares Inc,0,0,0
20130710,104481,MSHS,OTC,0.05,0.05,13,0,Minn Shares Inc,0,0,0
20130711,104481,MSHS,OTC,0.05,0.05,0,0,Minn Shares Inc,0,0,0
20130712,104481,MSHS,OTC,0.05,0.05,0,0,Minn Shares Inc,0,0,0
20130715,104481,MSHS,OTC,0.05,0.05,0,0,Minn Shares Inc,0,0,0
20130716,104481,MSHS,OTC,0.05,0.05,0,0,Minn Shares Inc,0,0,0
20130717,104481,MSHS,OTC,0.05,0.05,0,0,Minn Shares Inc,0,0,0
20130718,104481,MSHS,OTC,0.05,0.05,0,0,Minn Shares Inc,0,0,0
20130719,104481,MSHS,OTC,0.05,0.05,0,0,Minn Shares Inc,0,0,0
20130722,104481,MSHS,OTC,0.05,0.05,0,0,Minn Shares Inc,0,0,0
20130723,104481,MSHS,OTC,0.05,0.05,0,0,Minn Shares Inc,0,0,0
20130724,104481,MSHS,OTC,0.05,0.05,0,0,Minn Shares Inc,0,0,0
20130725,104481,MSHS,OTC,0.05,0.05,0,0,Minn Shares Inc,0,0,0
20130726,104481,MSHS,OTC,0.05,0.05,0,0,Minn Shares Inc,0,0,0
20130729,104481,MSHS,OTC,0.05,0.05,0,0,Minn Shares Inc,0,0,0
20130730,104481,MSHS,OTC,0.05,0.05,0,0,Minn Shares Inc,0,0,0
20130731,104481,MSHS,OTC,0.05,0.05,0,0,Minn Shares Inc,0,0,0
20130801,104481,MSHS,OTC,0.05,0.05,0,0,Minn Shares Inc,0,0,0
20130802,104481,MSHS,OTC,0.05,0.05,0,0,Minn Shares Inc,0,0,0
20130805,104481,MSHS,OTC,0.05,0.05,0,0,Minn Shares Inc,0,0,0
20130806,104481,MSHS,OTC,0.05,0.05,0,0,Minn Shares Inc,0,0,0
20130807,104481,MSHS,OTC,0.05,0.05,0,0,Minn Shares Inc,0,0,0
20130808,104481,MSHS,OTC,0.05,0.05,0,0,Minn Shares Inc,0,0,0
20130809,104481,MSHS,OTC,0.05,0.05,0,0,Minn Shares Inc,0,0,0
20130812,104481,MSHS,OTC,0.05,0.05,0,0,Minn Shares Inc,0,0,0
20130813,104481,MSHS,OTC,0.05,0.05,0,0,Minn Shares Inc,0,0,0
20130814,104481,MSHS,OTC,0.05,0.05,0,0,Minn Shares Inc,0,0,0
20130815,104481,MSHS,OTC,0.05,0.05,0,0,Minn Shares Inc,0,0,0
20130816,104481,MSHS,OTC,0.05,0.05,0,0,Minn Shares Inc,0,0,0
20130819,104481,MSHS,OTC,0.05,0.05,0,0,Minn Shares Inc,0,0,0
20130820,104481,MSHS,OTC,0.05,0.05,0,0,Minn Shares Inc,0,0,0
20130821,104481,MSHS,OTC,0.05,0.05,0,0,Minn Shares Inc,0,0,0
20130822,104481,MSHS,OTC,0.05,0.05,0,0,Minn Shares Inc,0,0,0
20130823,104481,MSHS,OTC,0.05,0.05,0,0,Minn Shares Inc,0,0,0
20130826,104481,MSHS,OTC,0.05,0.05,0,0,Minn Shares Inc,0,0,0
20130827,104481,MSHS,OTC,0.11,0.11,31,0,Minn Shares Inc,0,0,0
20130828,104481,MSHS,OTC,0.11,0.11,0,0,Minn Shares Inc,0,0,0
20130829,104481,MSHS,OTC,0.11,0.11,0,0,Minn Shares Inc,0,0,0
20130830,104481,MSHS,OTC,0.11,0.11,0,0,Minn Shares Inc,0,0,0
20130903,104481,MSHS,OTC,0.11,0.11,0,0,Minn Shares Inc,0,0,0
20130904,104481,MSHS,OTC,0.11,0.11,0,0,Minn Shares Inc,0,0,0
20130905,104481,MSHS,OTC,0.11,0.11,0,0,Minn Shares Inc,0,0,0
20130906,104481,MSHS,OTC,0.11,0.11,0,0,Minn Shares Inc,0,0,0
20130909,104481,MSHS,OTC,0.11,0.11,0,0,Minn Shares Inc,0,0,0
20130910,104481,MSHS,OTC,0.11,0.11,0,0,Minn Shares Inc,0,0,0
20130911,104481,MSHS,OTC,0.11,0.11,0,0,Minn Shares Inc,0,0,0
20130912,104481,MSHS,OTC,0.11,0.11,0,0,Minn Shares Inc,0,0,0
20130913,104481,MSHS,OTC,0.11,0.11,0,0,Minn Shares Inc,0,0,0
20130916,104481,MSHS,OTC,0.11,0.11,0,0,Minn Shares Inc,0,0,0
20130917,104481,MSHS,OTC,0.11,0.11,0,0,Minn Shares Inc,0,0,0
20130918,104481,MSHS,OTC,0.11,0.11,0,0,Minn Shares Inc,0,0,0
20130919,104481,MSHS,OTC,0.11,0.11,0,0,Minn Shares Inc,0,0,0
20130920,104481,MSHS,OTC,0.11,0.11,0,0,Minn Shares Inc,0,0,0
20130923,104481,MSHS,OTC,0.11,0.11,0,0,Minn Shares Inc,0,0,0
20130924,104481,MSHS,OTC,0.11,0.11,0,0,Minn Shares Inc,0,0,0
20130925,104481,MSHS,OTC,0.11,0.11,0,0,Minn Shares Inc,0,0,0
20130926,104481,MSHS,OTC,0.11,0.11,0,0,Minn Shares Inc,0,0,0
20130927,104481,MSHS,OTC,0.11,0.11,0,0,Minn Shares Inc,0,0,0
20130930,104481,MSHS,OTC,0.11,0.11,0,0,Minn Shares Inc,0,0,0
20131001,104481,MSHS,OTC,0.11,0.11,0,0,Minn Shares Inc,0,0,0
20131002,104481,MSHS,OTC,0.11,0.11,0,0,Minn Shares Inc,0,0,0
20131003,104481,MSHS,OTC,0.11,0.11,0,0,Minn Shares Inc,0,0,0
20131004,104481,MSHS,OTC,0.11,0.11,0,0,Minn Shares Inc,0,0,0
20131007,104481,MSHS,OTC,0.11,0.11,0,0,Minn Shares Inc,0,0,0
20131008,104481,MSHS,OTC,0.11,0.11,0,0,Minn Shares Inc,0,0,0
20131009,104481,MSHS,OTC,0.11,0.11,0,0,Minn Shares Inc,0,0,0
20131010,104481,MSHS,OTC,0.11,0.11,0,0,Minn Shares Inc,0,0,0
20131011,104481,MSHS,OTC,0.11,0.11,0,0,Minn Shares Inc,0,0,0
20131014,104481,MSHS,OTC,0.11,0.11,0,0,Minn Shares Inc,0,0,0
20131015,104481,MSHS,OTC,0.11,0.11,0,0,Minn Shares Inc,0,0,0
20131016,104481,MSHS,OTC,0.11,0.11,0,0,Minn Shares Inc,0,0,0
20131017,104481,MSHS,OTC,0.11,0.11,0,0,Minn Shares Inc,0,0,0
20131018,104481,MSHS,OTC,0.11,0.11,0,0,Minn Shares Inc,0,0,0
20131021,104481,MSHS,OTC,0.11,0.11,0,0,Minn Shares Inc,0,0,0
20131022,104481,MSHS,OTC,0.11,0.11,0,0,Minn Shares Inc,0,0,0
20131023,104481,MSHS,OTC,0.11,0.11,0,0,Minn Shares Inc,0,0,0
20131024,104481,MSHS,OTC,0.11,0.11,0,0,Minn Shares Inc,0,0,0
20131025,104481,MSHS,OTC,0.11,0.11,0,0,Minn Shares Inc,0,0,0
20131028,104481,MSHS,OTC,0.11,0.11,0,0,Minn Shares Inc,0,0,0
20131029,104481,MSHS,OTC,0.11,0.11,0,0,Minn Shares Inc,0,0,0
20131030,104481,MSHS,OTC,0.11,0.11,0,0,Minn Shares Inc,0,0,0
20131031,104481,MSHS,OTC,0.1,0.1,10,0,Minn Shares Inc,0,0,0
20131101,104481,MSHS,OTC,0.1,0.1,0,0,Minn Shares Inc,0,0,0
20131104,104481,MSHS,OTC,0.1,0.1,0,0,Minn Shares Inc,0,0,0
20131105,104481,MSHS,OTC,0.1,0.1,1,0,Minn Shares Inc,0,0,0
20131106,104481,MSHS,OTC,0.1,0.1,0,0,Minn Shares Inc,0,0,0
20131107,104481,MSHS,OTC,0.1,0.1,0,0,Minn Shares Inc,0,0,0
20131108,104481,MSHS,OTC,0.1,0.1,0,0,Minn Shares Inc,0,0,0
20131111,104481,MSHS,OTC,0.1,0.1,0,0,Minn Shares Inc,0,0,0
20131112,104481,MSHS,OTC,0.1,0.1,0,0,Minn Shares Inc,0,0,0
20131113,104481,MSHS,OTC,0.1,0.1,0,0,Minn Shares Inc,0,0,0
20131114,104481,MSHS,OTC,0.1,0.1,0,0,Minn Shares Inc,0,0,0
20131115,104481,MSHS,OTC,0.1,0.1,0,0,Minn Shares Inc,0,0,0
20131118,104481,MSHS,OTC,0.1,0.1,0,0,Minn Shares Inc,0,0,0
20131119,104481,MSHS,OTC,0.1,0.1,0,0,Minn Shares Inc,0,0,0
20131120,104481,MSHS,OTC,0.1,0.1,0,0,Minn Shares Inc,0,0,0
20131121,104481,MSHS,OTC,0.1,0.1,0,0,Minn Shares Inc,0,0,0
20131122,104481,MSHS,OTC,0.1,0.1,0,0,Minn Shares Inc,0,0,0
20131125,104481,MSHS,OTC,0.1,0.1,0,0,Minn Shares Inc,0,0,0
20131126,104481,MSHS,OTC,0.1,0.1,0,0,Minn Shares Inc,0,0,0
20131127,104481,MSHS,OTC,0.1,0.1,0,0,Minn Shares Inc,0,0,0
20131129,104481,MSHS,OTC,0.1,0.1,0,0,Minn Shares Inc,0,0,0
20131202,104481,MSHS,OTC,0.1,0.1,0,0,Minn Shares Inc,0,0,0
20131203,104481,MSHS,OTC,0.1,0.1,0,0,Minn Shares Inc,0,0,0
20131204,104481,MSHS,OTC,0.1,0.1,0,0,Minn Shares Inc,0,0,0
20131205,104481,MSHS,OTC,0.1,0.1,20,0,Minn Shares Inc,0,0,0
20131206,104481,MSHS,OTC,0.1,0.1,0,0,Minn Shares Inc,0,0,0
20131209,104481,MSHS,OTC,0.1,0.1,0,0,Minn Shares Inc,0,0,0
20131210,104481,MSHS,OTC,0.1,0.1,0,0,Minn Shares Inc,0,0,0
20131211,104481,MSHS,OTC,0.1,0.1,0,0,Minn Shares Inc,0,0,0
20131212,104481,MSHS,OTC,0.1,0.1,0,0,Minn Shares Inc,0,0,0
20131213,104481,MSHS,OTC,0.1,0.1,0,0,Minn Shares Inc,0,0,0
20131216,104481,MSHS,OTC,0.1,0.1,0,0,Minn Shares Inc,0,0,0
20131217,104481,MSHS,OTC,0.1,0.1,0,0,Minn Shares Inc,0,0,0
20131218,104481,MSHS,OTC,0.1,0.1,0,0,Minn Shares Inc,0,0,0
20131219,104481,MSHS,OTC,0.1,0.1,0,0,Minn Shares Inc,0,0,0
20131220,104481,MSHS,OTC,0.1,0.1,0,0,Minn Shares Inc,0,0,0
20131223,104481,MSHS,OTC,0.1,0.1,0,0,Minn Shares Inc,0,0,0
20131224,104481,MSHS,OTC,0.1,0.1,0,0,Minn Shares Inc,0,0,0
20131226,104481,MSHS,OTC,0.1,0.1,0,0,Minn Shares Inc,0,0,0
20131227,104481,MSHS,OTC,0.1,0.1,0,0,Minn Shares Inc,0,0,0
20131230,104481,MSHS,OTC,0.1,0.1,0,0,Minn Shares Inc,0,0,0
20131231,104481,MSHS,OTC,0.1,0.1,0,0,Minn Shares Inc,0,0,0
20140102,104481,MSHS,OTC,0.1,0.1,0,0,Minn Shares Inc,0,0,0
20140103,104481,MSHS,OTC,0.1,0.1,0,0,Minn Shares Inc,0,0,0
20140106,104481,MSHS,OTC,0.1,0.1,0,0,Minn Shares Inc,0,0,0
20140107,104481,MSHS,OTC,0.1,0.1,0,0,Minn Shares Inc,0,0,0
20140108,104481,MSHS,OTC,0.1,0.1,0,0,Minn Shares Inc,0,0,0
20140109,104481,MSHS,OTC,0.1,0.1,0,0,Minn Shares Inc,0,0,0
20140110,104481,MSHS,OTC,0.1,0.1,0,0,Minn Shares Inc,0,0,0
20140113,104481,MSHS,OTC,0.1,0.1,0,0,Minn Shares Inc,0,0,0
20140114,104481,MSHS,OTC,0.1,0.1,0,0,Minn Shares Inc,0,0,0
20140115,104481,MSHS,OTC,0.1,0.1,0,0,Minn Shares Inc,0,0,0
20140116,104481,MSHS,OTC,0.1,0.1,0,0,Minn Shares Inc,0,0,0
20140117,104481,MSHS,OTC,0.1,0.1,0,0,Minn Shares Inc,0,0,0
20140121,104481,MSHS,OTC,0.1,0.1,0,0,Minn Shares Inc,0,0,0
20140122,104481,MSHS,OTC,0.1,0.1,0,0,Minn Shares Inc,0,0,0
20140123,104481,MSHS,OTC,0.1,0.1,4,0,Minn Shares Inc,0,0,0
20140124,104481,MSHS,OTC,0.1,0.1,0,0,Minn Shares Inc,0,0,0
20140127,104481,MSHS,OTC,0.1,0.1,0,0,Minn Shares Inc,0,0,0
20140128,104481,MSHS,OTC,0.1,0.1,0,0,Minn Shares Inc,0,0,0
20140129,104481,MSHS,OTC,0.1,0.1,0,0,Minn Shares Inc,0,0,0
20140130,104481,MSHS,OTC,0.1,0.1,0,0,Minn Shares Inc,0,0,0
20140131,104481,MSHS,OTC,0.1,0.1,0,0,Minn Shares Inc,0,0,0
20140203,104481,MSHS,OTC,0.1,0.1,0,0,Minn Shares Inc,0,0,0
20140204,104481,MSHS,OTC,0.1,0.1,0,0,Minn Shares Inc,0,0,0
20140205,104481,MSHS,OTC,0.1,0.1,0,0,Minn Shares Inc,0,0,0
20140206,104481,MSHS,OTC,0.1,0.1,0,0,Minn Shares Inc,0,0,0
20140207,104481,MSHS,OTC,0.1,0.1,0,0,Minn Shares Inc,0,0,0
20140210,104481,MSHS,OTC,0.1,0.1,0,0,Minn Shares Inc,0,0,0
20140211,104481,MSHS,OTC,0.1,0.1,0,0,Minn Shares Inc,0,0,0
20140212,104481,MSHS,OTC,0.1,0.1,0,0,Minn Shares Inc,0,0,0
20140213,104481,MSHS,OTC,0.1,0.1,0,0,Minn Shares Inc,0,0,0
20140214,104481,MSHS,OTC,0.1,0.1,0,0,Minn Shares Inc,0,0,0
20140218,104481,MSHS,OTC,0.1,0.1,0,0,Minn Shares Inc,0,0,0
20140219,104481,MSHS,OTC,0.1,0.1,0,0,Minn Shares Inc,0,0,0
20140220,104481,MSHS,OTC,0.1,0.1,0,0,Minn Shares Inc,0,0,0
20140221,104481,MSHS,OTC,0.1,0.1,0,0,Minn Shares Inc,0,0,0
20140224,104481,MSHS,OTC,0.1,0.1,0,0,Minn Shares Inc,0,0,0
20140225,104481,MSHS,OTC,0.1,0.1,0,0,Minn Shares Inc,0,0,0
20140226,104481,MSHS,OTC,0.1,0.1,0,0,Minn Shares Inc,0,0,0
20140227,104481,MSHS,OTC,0.1,0.1,0,0,Minn Shares Inc,0,0,0
20140228,104481,MSHS,OTC,0.1,0.1,0,0,Minn Shares Inc,0,0,0
20140303,104481,MSHS,OTC,0.1,0.1,0,0,Minn Shares Inc,0,0,0
20140304,104481,MSHS,OTC,0.1,0.1,0,0,Minn Shares Inc,0,0,0
20140305,104481,MSHS,OTC,0.1,0.1,0,0,Minn Shares Inc,0,0,0
20140306,104481,MSHS,OTC,0.1,0.1,0,0,Minn Shares Inc,0,0,0
20140307,104481,MSHS,OTC,0.1,0.1,0,0,Minn Shares Inc,0,0,0
