DDate,CSINumber,Symbol,Exchange,DClose,UnAdjustedClose,TotalVolume,Cash,MarketName,PTB,PSR,DPS
20120314,104723,AAEEF,OTC,0.21,0.21,0,0,Altair Gold Inc,0,0,0
20120315,104723,AAEEF,OTC,0.21,0.21,0,0,Altair Gold Inc,0,0,0
20120316,104723,AAEEF,OTC,0.21,0.21,0,0,Altair Gold Inc,0,0,0
20120319,104723,AAEEF,OTC,0.2,0.2,200,0,Altair Gold Inc,0,0,0
20120320,104723,AAEEF,OTC,0.2,0.2,0,0,Altair Gold Inc,0,0,0
20120321,104723,AAEEF,OTC,0.2,0.2,0,0,Altair Gold Inc,0,0,0
20120322,104723,AAEEF,OTC,0.21,0.21,50,0,Altair Gold Inc,0,0,0
20120323,104723,AAEEF,OTC,0.21,0.21,0,0,Altair Gold Inc,0,0,0
20120326,104723,AAEEF,OTC,0.21,0.21,0,0,Altair Gold Inc,0,0,0
20120327,104723,AAEEF,OTC,0.21,0.21,0,0,Altair Gold Inc,0,0,0
20120328,104723,AAEEF,OTC,0.21,0.21,0,0,Altair Gold Inc,0,0,0
20120329,104723,AAEEF,OTC,0.21,0.21,0,0,Altair Gold Inc,0,0,0
20120330,104723,AAEEF,OTC,0.21,0.21,0,0,Altair Gold Inc,0,0,0
20120402,104723,AAEEF,OTC,0.21,0.21,0,0,Altair Gold Inc,0,0,0
20120403,104723,AAEEF,OTC,0.21,0.21,0,0,Altair Gold Inc,0,0,0
20120404,104723,AAEEF,OTC,0.21,0.21,0,0,Altair Gold Inc,0,0,0
20120405,104723,AAEEF,OTC,0.21,0.21,0,0,Altair Gold Inc,0,0,0
20120409,104723,AAEEF,OTC,0.21,0.21,0,0,Altair Gold Inc,0,0,0
20120410,104723,AAEEF,OTC,0.21,0.21,0,0,Altair Gold Inc,0,0,0
20120411,104723,AAEEF,OTC,0.21,0.21,0,0,Altair Gold Inc,0,0,0
20120412,104723,AAEEF,OTC,0.21,0.21,0,0,Altair Gold Inc,0,0,0
20120413,104723,AAEEF,OTC,0.21,0.21,0,0,Altair Gold Inc,0,0,0
20120416,104723,AAEEF,OTC,0.21,0.21,0,0,Altair Gold Inc,0,0,0
20120417,104723,AAEEF,OTC,0.21,0.21,0,0,Altair Gold Inc,0,0,0
20120418,104723,AAEEF,OTC,0.21,0.21,0,0,Altair Gold Inc,0,0,0
20120419,104723,AAEEF,OTC,0.21,0.21,0,0,Altair Gold Inc,0,0,0
20120420,104723,AAEEF,OTC,0.21,0.21,0,0,Altair Gold Inc,0,0,0
20120423,104723,AAEEF,OTC,0.21,0.21,0,0,Altair Gold Inc,0,0,0
20120424,104723,AAEEF,OTC,0.21,0.21,0,0,Altair Gold Inc,0,0,0
20120425,104723,AAEEF,OTC,0.21,0.21,0,0,Altair Gold Inc,0,0,0
20120426,104723,AAEEF,OTC,0.21,0.21,0,0,Altair Gold Inc,0,0,0
20120427,104723,AAEEF,OTC,0.21,0.21,0,0,Altair Gold Inc,0,0,0
20120430,104723,AAEEF,OTC,0.21,0.21,0,0,Altair Gold Inc,0,0,0
20120501,104723,AAEEF,OTC,0.21,0.21,0,0,Altair Gold Inc,0,0,0
20120502,104723,AAEEF,OTC,0.21,0.21,0,0,Altair Gold Inc,0,0,0
20120503,104723,AAEEF,OTC,0.21,0.21,0,0,Altair Gold Inc,0,0,0
20120504,104723,AAEEF,OTC,0.21,0.21,0,0,Altair Gold Inc,0,0,0
20120507,104723,AAEEF,OTC,0.21,0.21,0,0,Altair Gold Inc,0,0,0
20120508,104723,AAEEF,OTC,0.2,0.2,200,0,Altair Gold Inc,0,0,0
20120509,104723,AAEEF,OTC,0.2,0.2,0,0,Altair Gold Inc,0,0,0
20120510,104723,AAEEF,OTC,0.2,0.2,0,0,Altair Gold Inc,0,0,0
20120511,104723,AAEEF,OTC,0.2,0.2,0,0,Altair Gold Inc,0,0,0
20120514,104723,AAEEF,OTC,0.2,0.2,0,0,Altair Gold Inc,0,0,0
20120515,104723,AAEEF,OTC,0.2,0.2,0,0,Altair Gold Inc,0,0,0
20120516,104723,AAEEF,OTC,0.2,0.2,0,0,Altair Gold Inc,0,0,0
20120517,104723,AAEEF,OTC,0.2,0.2,0,0,Altair Gold Inc,0,0,0
20120518,104723,AAEEF,OTC,0.2,0.2,0,0,Altair Gold Inc,0,0,0
20120521,104723,AAEEF,OTC,0.2,0.2,0,0,Altair Gold Inc,0,0,0
20120522,104723,AAEEF,OTC,0.2,0.2,100,0,Altair Gold Inc,0,0,0
20120523,104723,AAEEF,OTC,0.2,0.2,0,0,Altair Gold Inc,0,0,0
20120524,104723,AAEEF,OTC,0.2,0.2,0,0,Altair Gold Inc,0,0,0
20120525,104723,AAEEF,OTC,0.2,0.2,0,0,Altair Gold Inc,0,0,0
20120529,104723,AAEEF,OTC,0.2,0.2,0,0,Altair Gold Inc,0,0,0
20120530,104723,AAEEF,OTC,0.2,0.2,0,0,Altair Gold Inc,0,0,0
20120531,104723,AAEEF,OTC,0.18,0.18,3,0,Altair Gold Inc,0,0,0
20120601,104723,AAEEF,OTC,0.16,0.16,30,0,Altair Gold Inc,0,0,0
20120604,104723,AAEEF,OTC,0.16,0.16,0,0,Altair Gold Inc,0,0,0
20120605,104723,AAEEF,OTC,0.21,0.21,270,0,Altair Gold Inc,0,0,0
20120606,104723,AAEEF,OTC,0.21,0.21,0,0,Altair Gold Inc,0,0,0
20120607,104723,AAEEF,OTC,0.21,0.21,0,0,Altair Gold Inc,0,0,0
20120608,104723,AAEEF,OTC,0.17,0.17,50,0,Altair Gold Inc,0,0,0
20120611,104723,AAEEF,OTC,0.17,0.17,0,0,Altair Gold Inc,0,0,0
20120612,104723,AAEEF,OTC,0.17,0.17,0,0,Altair Gold Inc,0,0,0
20120613,104723,AAEEF,OTC,0.17,0.17,0,0,Altair Gold Inc,0,0,0
20120614,104723,AAEEF,OTC,0.17,0.17,0,0,Altair Gold Inc,0,0,0
20120615,104723,AAEEF,OTC,0.17,0.17,0,0,Altair Gold Inc,0,0,0
20120618,104723,AAEEF,OTC,0.17,0.17,0,0,Altair Gold Inc,0,0,0
20120619,104723,AAEEF,OTC,0.17,0.17,0,0,Altair Gold Inc,0,0,0
20120620,104723,AAEEF,OTC,0.17,0.17,0,0,Altair Gold Inc,0,0,0
20120621,104723,AAEEF,OTC,0.17,0.17,0,0,Altair Gold Inc,0,0,0
20120622,104723,AAEEF,OTC,0.17,0.17,0,0,Altair Gold Inc,0,0,0
20120625,104723,AAEEF,OTC,0.17,0.17,0,0,Altair Gold Inc,0,0,0
20120626,104723,AAEEF,OTC,0.17,0.17,0,0,Altair Gold Inc,0,0,0
20120627,104723,AAEEF,OTC,0.17,0.17,0,0,Altair Gold Inc,0,0,0
20120628,104723,AAEEF,OTC,0.17,0.17,0,0,Altair Gold Inc,0,0,0
20120629,104723,AAEEF,OTC,0.17,0.17,0,0,Altair Gold Inc,0,0,0
20120702,104723,AAEEF,OTC,0.17,0.17,0,0,Altair Gold Inc,0,0,0
20120703,104723,AAEEF,OTC,0.17,0.17,0,0,Altair Gold Inc,0,0,0
20120705,104723,AAEEF,OTC,0.17,0.17,0,0,Altair Gold Inc,0,0,0
20120706,104723,AAEEF,OTC,0.17,0.17,0,0,Altair Gold Inc,0,0,0
20120709,104723,AAEEF,OTC,0.17,0.17,0,0,Altair Gold Inc,0,0,0
20120710,104723,AAEEF,OTC,0.17,0.17,0,0,Altair Gold Inc,0,0,0
20120711,104723,AAEEF,OTC,0.17,0.17,0,0,Altair Gold Inc,0,0,0
20120712,104723,AAEEF,OTC,0.17,0.17,0,0,Altair Gold Inc,0,0,0
20120713,104723,AAEEF,OTC,0.17,0.17,0,0,Altair Gold Inc,0,0,0
20120716,104723,AAEEF,OTC,0.17,0.17,0,0,Altair Gold Inc,0,0,0
20120717,104723,AAEEF,OTC,0.17,0.17,0,0,Altair Gold Inc,0,0,0
20120718,104723,AAEEF,OTC,0.17,0.17,0,0,Altair Gold Inc,0,0,0
20120719,104723,AAEEF,OTC,0.17,0.17,0,0,Altair Gold Inc,0,0,0
20120720,104723,AAEEF,OTC,0.17,0.17,0,0,Altair Gold Inc,0,0,0
20120723,104723,AAEEF,OTC,0.17,0.17,0,0,Altair Gold Inc,0,0,0
20120724,104723,AAEEF,OTC,0.17,0.17,0,0,Altair Gold Inc,0,0,0
20120725,104723,AAEEF,OTC,0.17,0.17,0,0,Altair Gold Inc,0,0,0
20120726,104723,AAEEF,OTC,0.17,0.17,0,0,Altair Gold Inc,0,0,0
20120727,104723,AAEEF,OTC,0.17,0.17,0,0,Altair Gold Inc,0,0,0
20120730,104723,AAEEF,OTC,0.17,0.17,0,0,Altair Gold Inc,0,0,0
20120731,104723,AAEEF,OTC,0.17,0.17,0,0,Altair Gold Inc,0,0,0
20120801,104723,AAEEF,OTC,0.17,0.17,0,0,Altair Gold Inc,0,0,0
20120802,104723,AAEEF,OTC,0.17,0.17,0,0,Altair Gold Inc,0,0,0
20120803,104723,AAEEF,OTC,0.17,0.17,0,0,Altair Gold Inc,0,0,0
20120806,104723,AAEEF,OTC,0.17,0.17,0,0,Altair Gold Inc,0,0,0
20120807,104723,AAEEF,OTC,0.17,0.17,0,0,Altair Gold Inc,0,0,0
20120808,104723,AAEEF,OTC,0.17,0.17,0,0,Altair Gold Inc,0,0,0
20120809,104723,AAEEF,OTC,0.17,0.17,0,0,Altair Gold Inc,0,0,0
20120810,104723,AAEEF,OTC,0.17,0.17,0,0,Altair Gold Inc,0,0,0
20120813,104723,AAEEF,OTC,0.17,0.17,0,0,Altair Gold Inc,0,0,0
20120814,104723,AAEEF,OTC,0.17,0.17,0,0,Altair Gold Inc,0,0,0
20120815,104723,AAEEF,OTC,0.17,0.17,0,0,Altair Gold Inc,0,0,0
20120816,104723,AAEEF,OTC,0.17,0.17,0,0,Altair Gold Inc,0,0,0
20120817,104723,AAEEF,OTC,0.17,0.17,0,0,Altair Gold Inc,0,0,0
20120820,104723,AAEEF,OTC,0.17,0.17,0,0,Altair Gold Inc,0,0,0
20120821,104723,AAEEF,OTC,0.29,0.29,100,0,Altair Gold Inc,0,0,0
20120822,104723,AAEEF,OTC,0.29,0.29,0,0,Altair Gold Inc,0,0,0
20120823,104723,AAEEF,OTC,0.29,0.29,0,0,Altair Gold Inc,0,0,0
20120824,104723,AAEEF,OTC,0.29,0.29,0,0,Altair Gold Inc,0,0,0
20120827,104723,AAEEF,OTC,0.29,0.29,0,0,Altair Gold Inc,0,0,0
20120828,104723,AAEEF,OTC,0.29,0.29,0,0,Altair Gold Inc,0,0,0
20120829,104723,AAEEF,OTC,0.29,0.29,0,0,Altair Gold Inc,0,0,0
20120830,104723,AAEEF,OTC,0.29,0.29,0,0,Altair Gold Inc,0,0,0
20120831,104723,AAEEF,OTC,0.29,0.29,0,0,Altair Gold Inc,0,0,0
20120904,104723,AAEEF,OTC,0.29,0.29,0,0,Altair Gold Inc,0,0,0
20120905,104723,AAEEF,OTC,0.29,0.29,0,0,Altair Gold Inc,0,0,0
20120906,104723,AAEEF,OTC,0.29,0.29,0,0,Altair Gold Inc,0,0,0
20120907,104723,AAEEF,OTC,0.29,0.29,0,0,Altair Gold Inc,0,0,0
20120910,104723,AAEEF,OTC,0.29,0.29,0,0,Altair Gold Inc,0,0,0
20120911,104723,AAEEF,OTC,0.29,0.29,0,0,Altair Gold Inc,0,0,0
20120912,104723,AAEEF,OTC,0.29,0.29,0,0,Altair Gold Inc,0,0,0
20120913,104723,AAEEF,OTC,0.29,0.29,0,0,Altair Gold Inc,0,0,0
20120914,104723,AAEEF,OTC,0.29,0.29,0,0,Altair Gold Inc,0,0,0
20120917,104723,AAEEF,OTC,0.29,0.29,0,0,Altair Gold Inc,0,0,0
20120918,104723,AAEEF,OTC,0.2,0.2,10,0,Altair Gold Inc,0,0,0
20120919,104723,AAEEF,OTC,0.23,0.23,50,0,Altair Gold Inc,0,0,0
20120920,104723,AAEEF,OTC,0.23,0.23,0,0,Altair Gold Inc,0,0,0
20120921,104723,AAEEF,OTC,0.23,0.23,0,0,Altair Gold Inc,0,0,0
20120924,104723,AAEEF,OTC,0.23,0.23,0,0,Altair Gold Inc,0,0,0
20120925,104723,AAEEF,OTC,0.23,0.23,0,0,Altair Gold Inc,0,0,0
20120926,104723,AAEEF,OTC,0.23,0.23,0,0,Altair Gold Inc,0,0,0
20120927,104723,AAEEF,OTC,0.18,0.18,50,0,Altair Gold Inc,0,0,0
20120928,104723,AAEEF,OTC,0.18,0.18,0,0,Altair Gold Inc,0,0,0
20121001,104723,AAEEF,OTC,0.18,0.18,0,0,Altair Gold Inc,0,0,0
20121002,104723,AAEEF,OTC,0.18,0.18,0,0,Altair Gold Inc,0,0,0
20121003,104723,AAEEF,OTC,0.18,0.18,0,0,Altair Gold Inc,0,0,0
20121004,104723,AAEEF,OTC,0.18,0.18,0,0,Altair Gold Inc,0,0,0
20121005,104723,AAEEF,OTC,0.18,0.18,0,0,Altair Gold Inc,0,0,0
20121008,104723,AAEEF,OTC,0.18,0.18,0,0,Altair Gold Inc,0,0,0
20121009,104723,AAEEF,OTC,0.18,0.18,0,0,Altair Gold Inc,0,0,0
20121010,104723,AAEEF,OTC,0.18,0.18,0,0,Altair Gold Inc,0,0,0
20121011,104723,AAEEF,OTC,0.18,0.18,0,0,Altair Gold Inc,0,0,0
20121012,104723,AAEEF,OTC,0.18,0.18,0,0,Altair Gold Inc,0,0,0
20121015,104723,AAEEF,OTC,0.18,0.18,0,0,Altair Gold Inc,0,0,0
20121016,104723,AAEEF,OTC,0.18,0.18,0,0,Altair Gold Inc,0,0,0
20121017,104723,AAEEF,OTC,0.18,0.18,0,0,Altair Gold Inc,0,0,0
20121018,104723,AAEEF,OTC,0.18,0.18,0,0,Altair Gold Inc,0,0,0
20121019,104723,AAEEF,OTC,0.18,0.18,0,0,Altair Gold Inc,0,0,0
20121022,104723,AAEEF,OTC,0.18,0.18,0,0,Altair Gold Inc,0,0,0
20121023,104723,AAEEF,OTC,0.18,0.18,0,0,Altair Gold Inc,0,0,0
20121024,104723,AAEEF,OTC,0.18,0.18,0,0,Altair Gold Inc,0,0,0
20121025,104723,AAEEF,OTC,0.18,0.18,0,0,Altair Gold Inc,0,0,0
20121026,104723,AAEEF,OTC,0.18,0.18,0,0,Altair Gold Inc,0,0,0
20121031,104723,AAEEF,OTC,0.18,0.18,0,0,Altair Gold Inc,0,0,0
20121101,104723,AAEEF,OTC,0.18,0.18,0,0,Altair Gold Inc,0,0,0
20121102,104723,AAEEF,OTC,0.18,0.18,0,0,Altair Gold Inc,0,0,0
20121105,104723,AAEEF,OTC,0.18,0.18,0,0,Altair Gold Inc,0,0,0
20121106,104723,AAEEF,OTC,0.18,0.18,0,0,Altair Gold Inc,0,0,0
20121107,104723,AAEEF,OTC,0.18,0.18,0,0,Altair Gold Inc,0,0,0
20121108,104723,AAEEF,OTC,0.18,0.18,0,0,Altair Gold Inc,0,0,0
20121109,104723,AAEEF,OTC,0.18,0.18,0,0,Altair Gold Inc,0,0,0
20121112,104723,AAEEF,OTC,0.18,0.18,0,0,Altair Gold Inc,0,0,0
20121113,104723,AAEEF,OTC,0.18,0.18,0,0,Altair Gold Inc,0,0,0
20121114,104723,AAEEF,OTC,0.18,0.18,0,0,Altair Gold Inc,0,0,0
20121115,104723,AAEEF,OTC,0.18,0.18,0,0,Altair Gold Inc,0,0,0
20121116,104723,AAEEF,OTC,0.18,0.18,0,0,Altair Gold Inc,0,0,0
20121119,104723,AAEEF,OTC,0.18,0.18,0,0,Altair Gold Inc,0,0,0
20121120,104723,AAEEF,OTC,0.18,0.18,0,0,Altair Gold Inc,0,0,0
20121121,104723,AAEEF,OTC,0.18,0.18,0,0,Altair Gold Inc,0,0,0
20121123,104723,AAEEF,OTC,0.18,0.18,0,0,Altair Gold Inc,0,0,0
20121126,104723,AAEEF,OTC,0.18,0.18,0,0,Altair Gold Inc,0,0,0
20121127,104723,AAEEF,OTC,0.18,0.18,0,0,Altair Gold Inc,0,0,0
20121128,104723,AAEEF,OTC,0.18,0.18,0,0,Altair Gold Inc,0,0,0
20121129,104723,AAEEF,OTC,0.18,0.18,0,0,Altair Gold Inc,0,0,0
20121130,104723,AAEEF,OTC,0.18,0.18,0,0,Altair Gold Inc,0,0,0
20121203,104723,AAEEF,OTC,0.17,0.17,3,0,Altair Gold Inc,0,0,0
20121204,104723,AAEEF,OTC,0.16,0.16,25,0,Altair Gold Inc,0,0,0
20121205,104723,AAEEF,OTC,0.16,0.16,0,0,Altair Gold Inc,0,0,0
20121206,104723,AAEEF,OTC,0.16,0.16,0,0,Altair Gold Inc,0,0,0
20121207,104723,AAEEF,OTC,0.16,0.16,0,0,Altair Gold Inc,0,0,0
20121210,104723,AAEEF,OTC,0.16,0.16,0,0,Altair Gold Inc,0,0,0
20121211,104723,AAEEF,OTC,0.16,0.16,0,0,Altair Gold Inc,0,0,0
20121212,104723,AAEEF,OTC,0.16,0.16,0,0,Altair Gold Inc,0,0,0
20121213,104723,AAEEF,OTC,0.16,0.16,0,0,Altair Gold Inc,0,0,0
20121214,104723,AAEEF,OTC,0.16,0.16,0,0,Altair Gold Inc,0,0,0
20121217,104723,AAEEF,OTC,0.16,0.16,0,0,Altair Gold Inc,0,0,0
20121218,104723,AAEEF,OTC,0.16,0.16,0,0,Altair Gold Inc,0,0,0
20121219,104723,AAEEF,OTC,0.16,0.16,0,0,Altair Gold Inc,0,0,0
20121220,104723,AAEEF,OTC,0.16,0.16,0,0,Altair Gold Inc,0,0,0
20121221,104723,AAEEF,OTC,0.16,0.16,0,0,Altair Gold Inc,0,0,0
20121224,104723,AAEEF,OTC,0.16,0.16,0,0,Altair Gold Inc,0,0,0
20121226,104723,AAEEF,OTC,0.16,0.16,0,0,Altair Gold Inc,0,0,0
20121227,104723,AAEEF,OTC,0.16,0.16,0,0,Altair Gold Inc,0,0,0
20121228,104723,AAEEF,OTC,0.16,0.16,0,0,Altair Gold Inc,0,0,0
20121231,104723,AAEEF,OTC,0.16,0.16,0,0,Altair Gold Inc,0,0,0
20130102,104723,AAEEF,OTC,0.16,0.16,0,0,Altair Gold Inc,0,0,0
20130103,104723,AAEEF,OTC,0.18,0.18,30,0,Altair Gold Inc,0,0,0
20130104,104723,AAEEF,OTC,0.18,0.18,0,0,Altair Gold Inc,0,0,0
20130107,104723,AAEEF,OTC,0.18,0.18,0,0,Altair Gold Inc,0,0,0
20130108,104723,AAEEF,OTC,0.18,0.18,0,0,Altair Gold Inc,0,0,0
20130109,104723,AAEEF,OTC,0.18,0.18,0,0,Altair Gold Inc,0,0,0
20130110,104723,AAEEF,OTC,0.18,0.18,0,0,Altair Gold Inc,0,0,0
20130111,104723,AAEEF,OTC,0.18,0.18,0,0,Altair Gold Inc,0,0,0
20130114,104723,AAEEF,OTC,0.18,0.18,0,0,Altair Gold Inc,0,0,0
20130115,104723,AAEEF,OTC,0.15,0.15,20,0,Altair Gold Inc,0,0,0
20130116,104723,AAEEF,OTC,0.15,0.15,0,0,Altair Gold Inc,0,0,0
20130117,104723,AAEEF,OTC,0.15,0.15,0,0,Altair Gold Inc,0,0,0
20130118,104723,AAEEF,OTC,0.15,0.15,0,0,Altair Gold Inc,0,0,0
20130122,104723,AAEEF,OTC,0.15,0.15,0,0,Altair Gold Inc,0,0,0
20130123,104723,AAEEF,OTC,0.15,0.15,0,0,Altair Gold Inc,0,0,0
20130124,104723,AAEEF,OTC,0.15,0.15,0,0,Altair Gold Inc,0,0,0
20130125,104723,AAEEF,OTC,0.15,0.15,0,0,Altair Gold Inc,0,0,0
20130128,104723,AAEEF,OTC,0.15,0.15,0,0,Altair Gold Inc,0,0,0
20130129,104723,AAEEF,OTC,0.15,0.15,0,0,Altair Gold Inc,0,0,0
20130130,104723,AAEEF,OTC,0.15,0.15,0,0,Altair Gold Inc,0,0,0
20130131,104723,AAEEF,OTC,0.15,0.15,0,0,Altair Gold Inc,0,0,0
20130201,104723,AAEEF,OTC,0.15,0.15,0,0,Altair Gold Inc,0,0,0
20130204,104723,AAEEF,OTC,0.15,0.15,0,0,Altair Gold Inc,0,0,0
20130205,104723,AAEEF,OTC,0.15,0.15,0,0,Altair Gold Inc,0,0,0
20130206,104723,AAEEF,OTC,0.15,0.15,0,0,Altair Gold Inc,0,0,0
20130207,104723,AAEEF,OTC,0.15,0.15,0,0,Altair Gold Inc,0,0,0
20130208,104723,AAEEF,OTC,0.15,0.15,0,0,Altair Gold Inc,0,0,0
20130211,104723,AAEEF,OTC,0.15,0.15,0,0,Altair Gold Inc,0,0,0
20130212,104723,AAEEF,OTC,0.15,0.15,0,0,Altair Gold Inc,0,0,0
20130213,104723,AAEEF,OTC,0.15,0.15,0,0,Altair Gold Inc,0,0,0
20130214,104723,AAEEF,OTC,0.15,0.15,0,0,Altair Gold Inc,0,0,0
20130215,104723,AAEEF,OTC,0.15,0.15,0,0,Altair Gold Inc,0,0,0
20130219,104723,AAEEF,OTC,0.15,0.15,0,0,Altair Gold Inc,0,0,0
20130220,104723,AAEEF,OTC,0.15,0.15,0,0,Altair Gold Inc,0,0,0
20130221,104723,AAEEF,OTC,0.15,0.15,0,0,Altair Gold Inc,0,0,0
20130222,104723,AAEEF,OTC,0.15,0.15,0,0,Altair Gold Inc,0,0,0
20130225,104723,AAEEF,OTC,0.15,0.15,0,0,Altair Gold Inc,0,0,0
20130226,104723,AAEEF,OTC,0.15,0.15,0,0,Altair Gold Inc,0,0,0
20130227,104723,AAEEF,OTC,0.15,0.15,0,0,Altair Gold Inc,0,0,0
20130228,104723,AAEEF,OTC,0.15,0.15,0,0,Altair Gold Inc,0,0,0
20130301,104723,AAEEF,OTC,0.15,0.15,0,0,Altair Gold Inc,0,0,0
20130304,104723,AAEEF,OTC,0.15,0.15,0,0,Altair Gold Inc,0,0,0
20130305,104723,AAEEF,OTC,0.15,0.15,0,0,Altair Gold Inc,0,0,0
20130306,104723,AAEEF,OTC,0.15,0.15,0,0,Altair Gold Inc,0,0,0
20130307,104723,AAEEF,OTC,0.15,0.15,0,0,Altair Gold Inc,0,0,0
20130308,104723,AAEEF,OTC,0.15,0.15,0,0,Altair Gold Inc,0,0,0
20130311,104723,AAEEF,OTC,0.15,0.15,0,0,Altair Gold Inc,0,0,0
20130312,104723,AAEEF,OTC,0.15,0.15,0,0,Altair Gold Inc,0,0,0
20130313,104723,AAEEF,OTC,0.15,0.15,0,0,Altair Gold Inc,0,0,0
20130314,104723,AAEEF,OTC,0.15,0.15,0,0,Altair Gold Inc,0,0,0
20130315,104723,AAEEF,OTC,0.15,0.15,0,0,Altair Gold Inc,0,0,0
20130318,104723,AAEEF,OTC,0.15,0.15,0,0,Altair Gold Inc,0,0,0
20130319,104723,AAEEF,OTC,0.15,0.15,0,0,Altair Gold Inc,0,0,0
20130320,104723,AAEEF,OTC,0.15,0.15,0,0,Altair Gold Inc,0,0,0
20130321,104723,AAEEF,OTC,0.15,0.15,0,0,Altair Gold Inc,0,0,0
20130322,104723,AAEEF,OTC,0.15,0.15,0,0,Altair Gold Inc,0,0,0
20130325,104723,AAEEF,OTC,0.15,0.15,0,0,Altair Gold Inc,0,0,0
20130326,104723,AAEEF,OTC,0.15,0.15,0,0,Altair Gold Inc,0,0,0
20130327,104723,AAEEF,OTC,0.15,0.15,0,0,Altair Gold Inc,0,0,0
20130328,104723,AAEEF,OTC,0.15,0.15,0,0,Altair Gold Inc,0,0,0
20130401,104723,AAEEF,OTC,0.15,0.15,0,0,Altair Gold Inc,0,0,0
20130402,104723,AAEEF,OTC,0.15,0.15,0,0,Altair Gold Inc,0,0,0
20130403,104723,AAEEF,OTC,0.15,0.15,0,0,Altair Gold Inc,0,0,0
20130404,104723,AAEEF,OTC,0.15,0.15,0,0,Altair Gold Inc,0,0,0
20130405,104723,AAEEF,OTC,0.15,0.15,0,0,Altair Gold Inc,0,0,0
20130408,104723,AAEEF,OTC,0.15,0.15,0,0,Altair Gold Inc,0,0,0
20130409,104723,AAEEF,OTC,0.15,0.15,0,0,Altair Gold Inc,0,0,0
20130410,104723,AAEEF,OTC,0.15,0.15,0,0,Altair Gold Inc,0,0,0
20130411,104723,AAEEF,OTC,0.15,0.15,0,0,Altair Gold Inc,0,0,0
20130412,104723,AAEEF,OTC,0.15,0.15,0,0,Altair Gold Inc,0,0,0
20130415,104723,AAEEF,OTC,0.15,0.15,0,0,Altair Gold Inc,0,0,0
20130416,104723,AAEEF,OTC,0.15,0.15,0,0,Altair Gold Inc,0,0,0
20130417,104723,AAEEF,OTC,0.15,0.15,0,0,Altair Gold Inc,0,0,0
20130418,104723,AAEEF,OTC,0.15,0.15,0,0,Altair Gold Inc,0,0,0
20130419,104723,AAEEF,OTC,0.15,0.15,0,0,Altair Gold Inc,0,0,0
20130422,104723,AAEEF,OTC,0.15,0.15,0,0,Altair Gold Inc,0,0,0
20130423,104723,AAEEF,OTC,0.15,0.15,0,0,Altair Gold Inc,0,0,0
20130424,104723,AAEEF,OTC,0.15,0.15,0,0,Altair Gold Inc,0,0,0
20130425,104723,AAEEF,OTC,0.15,0.15,0,0,Altair Gold Inc,0,0,0
20130426,104723,AAEEF,OTC,0.15,0.15,0,0,Altair Gold Inc,0,0,0
20130429,104723,AAEEF,OTC,0.15,0.15,0,0,Altair Gold Inc,0,0,0
20130430,104723,AAEEF,OTC,0.15,0.15,0,0,Altair Gold Inc,0,0,0
20130501,104723,AAEEF,OTC,0.15,0.15,0,0,Altair Gold Inc,0,0,0
20130502,104723,AAEEF,OTC,0.15,0.15,0,0,Altair Gold Inc,0,0,0
20130503,104723,AAEEF,OTC,0.15,0.15,0,0,Altair Gold Inc,0,0,0
20130506,104723,AAEEF,OTC,0.15,0.15,0,0,Altair Gold Inc,0,0,0
20130507,104723,AAEEF,OTC,0.15,0.15,0,0,Altair Gold Inc,0,0,0
20130508,104723,AAEEF,OTC,0.15,0.15,0,0,Altair Gold Inc,0,0,0
20130509,104723,AAEEF,OTC,0.15,0.15,0,0,Altair Gold Inc,0,0,0
20130510,104723,AAEEF,OTC,0.15,0.15,0,0,Altair Gold Inc,0,0,0
20130513,104723,AAEEF,OTC,0.15,0.15,0,0,Altair Gold Inc,0,0,0
20130514,104723,AAEEF,OTC,0.15,0.15,0,0,Altair Gold Inc,0,0,0
20130515,104723,AAEEF,OTC,0.15,0.15,0,0,Altair Gold Inc,0,0,0
20130516,104723,AAEEF,OTC,0.15,0.15,0,0,Altair Gold Inc,0,0,0
20130517,104723,AAEEF,OTC,0.15,0.15,0,0,Altair Gold Inc,0,0,0
20130520,104723,AAEEF,OTC,0.15,0.15,0,0,Altair Gold Inc,0,0,0
20130521,104723,AAEEF,OTC,0.15,0.15,0,0,Altair Gold Inc,0,0,0
20130522,104723,AAEEF,OTC,0.15,0.15,0,0,Altair Gold Inc,0,0,0
20130523,104723,AAEEF,OTC,0.15,0.15,0,0,Altair Gold Inc,0,0,0
20130524,104723,AAEEF,OTC,0.15,0.15,0,0,Altair Gold Inc,0,0,0
20130528,104723,AAEEF,OTC,0.15,0.15,0,0,Altair Gold Inc,0,0,0
20130529,104723,AAEEF,OTC,0.15,0.15,0,0,Altair Gold Inc,0,0,0
20130530,104723,AAEEF,OTC,0.15,0.15,0,0,Altair Gold Inc,0,0,0
20130531,104723,AAEEF,OTC,0.15,0.15,0,0,Altair Gold Inc,0,0,0
20130603,104723,AAEEF,OTC,0.15,0.15,0,0,Altair Gold Inc,0,0,0
20130604,104723,AAEEF,OTC,0.15,0.15,0,0,Altair Gold Inc,0,0,0
20130605,104723,AAEEF,OTC,0.15,0.15,0,0,Altair Gold Inc,0,0,0
20130606,104723,AAEEF,OTC,0.15,0.15,0,0,Altair Gold Inc,0,0,0
20130607,104723,AAEEF,OTC,0.15,0.15,0,0,Altair Gold Inc,0,0,0
20130610,104723,AAEEF,OTC,0.15,0.15,0,0,Altair Gold Inc,0,0,0
20130611,104723,AAEEF,OTC,0.15,0.15,0,0,Altair Gold Inc,0,0,0
20130612,104723,AAEEF,OTC,0.15,0.15,0,0,Altair Gold Inc,0,0,0
20130613,104723,AAEEF,OTC,0.15,0.15,0,0,Altair Gold Inc,0,0,0
20130614,104723,AAEEF,OTC,0.15,0.15,0,0,Altair Gold Inc,0,0,0
20130617,104723,AAEEF,OTC,0.15,0.15,0,0,Altair Gold Inc,0,0,0
20130618,104723,AAEEF,OTC,0.15,0.15,0,0,Altair Gold Inc,0,0,0
20130619,104723,AAEEF,OTC,0.15,0.15,0,0,Altair Gold Inc,0,0,0
20130620,104723,AAEEF,OTC,0.15,0.15,0,0,Altair Gold Inc,0,0,0
20130621,104723,AAEEF,OTC,0.15,0.15,0,0,Altair Gold Inc,0,0,0
20130624,104723,AAEEF,OTC,0.15,0.15,0,0,Altair Gold Inc,0,0,0
20130625,104723,AAEEF,OTC,0.15,0.15,0,0,Altair Gold Inc,0,0,0
20130626,104723,AAEEF,OTC,0.15,0.15,0,0,Altair Gold Inc,0,0,0
20130627,104723,AAEEF,OTC,0.15,0.15,0,0,Altair Gold Inc,0,0,0
20130628,104723,AAEEF,OTC,0.15,0.15,0,0,Altair Gold Inc,0,0,0
20130701,104723,AAEEF,OTC,0.15,0.15,0,0,Altair Gold Inc,0,0,0
20130702,104723,AAEEF,OTC,0.15,0.15,0,0,Altair Gold Inc,0,0,0
20130703,104723,AAEEF,OTC,0.15,0.15,0,0,Altair Gold Inc,0,0,0
20130705,104723,AAEEF,OTC,0.15,0.15,0,0,Altair Gold Inc,0,0,0
20130708,104723,AAEEF,OTC,0.15,0.15,0,0,Altair Gold Inc,0,0,0
20130709,104723,AAEEF,OTC,0.15,0.15,0,0,Altair Gold Inc,0,0,0
20130710,104723,AAEEF,OTC,0.04,0.04,13,0,Altair Gold Inc,0,0,0
20130711,104723,AAEEF,OTC,0.04,0.04,0,0,Altair Gold Inc,0,0,0
20130712,104723,AAEEF,OTC,0.04,0.04,0,0,Altair Gold Inc,0,0,0
20130715,104723,AAEEF,OTC,0.04,0.04,0,0,Altair Gold Inc,0,0,0
20130716,104723,AAEEF,OTC,0.04,0.04,0,0,Altair Gold Inc,0,0,0
20130717,104723,AAEEF,OTC,0.04,0.04,0,0,Altair Gold Inc,0,0,0
20130718,104723,AAEEF,OTC,0.04,0.04,0,0,Altair Gold Inc,0,0,0
20130719,104723,AAEEF,OTC,0.04,0.04,0,0,Altair Gold Inc,0,0,0
20130722,104723,AAEEF,OTC,0.04,0.04,0,0,Altair Gold Inc,0,0,0
20130723,104723,AAEEF,OTC,0.04,0.04,0,0,Altair Gold Inc,0,0,0
20130724,104723,AAEEF,OTC,0.04,0.04,0,0,Altair Gold Inc,0,0,0
20130725,104723,AAEEF,OTC,0.04,0.04,0,0,Altair Gold Inc,0,0,0
20130726,104723,AAEEF,OTC,0.04,0.04,0,0,Altair Gold Inc,0,0,0
20130729,104723,AAEEF,OTC,0.04,0.04,0,0,Altair Gold Inc,0,0,0
20130730,104723,AAEEF,OTC,0.04,0.04,0,0,Altair Gold Inc,0,0,0
20130731,104723,AAEEF,OTC,0.04,0.04,0,0,Altair Gold Inc,0,0,0
20130801,104723,AAEEF,OTC,0.04,0.04,0,0,Altair Gold Inc,0,0,0
20130802,104723,AAEEF,OTC,0.04,0.04,0,0,Altair Gold Inc,0,0,0
20130805,104723,AAEEF,OTC,0.04,0.04,0,0,Altair Gold Inc,0,0,0
20130806,104723,AAEEF,OTC,0.04,0.04,0,0,Altair Gold Inc,0,0,0
20130807,104723,AAEEF,OTC,0.04,0.04,0,0,Altair Gold Inc,0,0,0
20130808,104723,AAEEF,OTC,0.04,0.04,0,0,Altair Gold Inc,0,0,0
20130809,104723,AAEEF,OTC,0.04,0.04,0,0,Altair Gold Inc,0,0,0
20130812,104723,AAEEF,OTC,0.04,0.04,0,0,Altair Gold Inc,0,0,0
20130813,104723,AAEEF,OTC,0.04,0.04,0,0,Altair Gold Inc,0,0,0
20130814,104723,AAEEF,OTC,0.04,0.04,0,0,Altair Gold Inc,0,0,0
20130815,104723,AAEEF,OTC,0.04,0.04,0,0,Altair Gold Inc,0,0,0
20130816,104723,AAEEF,OTC,0.04,0.04,0,0,Altair Gold Inc,0,0,0
20130819,104723,AAEEF,OTC,0.04,0.04,0,0,Altair Gold Inc,0,0,0
20130820,104723,AAEEF,OTC,0.04,0.04,0,0,Altair Gold Inc,0,0,0
20130821,104723,AAEEF,OTC,0.04,0.04,0,0,Altair Gold Inc,0,0,0
20130822,104723,AAEEF,OTC,0.04,0.04,0,0,Altair Gold Inc,0,0,0
20130823,104723,AAEEF,OTC,0.04,0.04,0,0,Altair Gold Inc,0,0,0
20130826,104723,AAEEF,OTC,0.04,0.04,0,0,Altair Gold Inc,0,0,0
20130827,104723,AAEEF,OTC,0.04,0.04,0,0,Altair Gold Inc,0,0,0
20130828,104723,AAEEF,OTC,0.04,0.04,0,0,Altair Gold Inc,0,0,0
20130829,104723,AAEEF,OTC,0.04,0.04,0,0,Altair Gold Inc,0,0,0
20130830,104723,AAEEF,OTC,0.04,0.04,0,0,Altair Gold Inc,0,0,0
20130903,104723,AAEEF,OTC,0.04,0.04,0,0,Altair Gold Inc,0,0,0
20130904,104723,AAEEF,OTC,0.04,0.04,0,0,Altair Gold Inc,0,0,0
20130905,104723,AAEEF,OTC,0.06,0.06,30,0,Altair Gold Inc,0,0,0
20130906,104723,AAEEF,OTC,0.06,0.06,0,0,Altair Gold Inc,0,0,0
20130909,104723,AAEEF,OTC,0.07,0.07,70,0,Altair Gold Inc,0,0,0
20130910,104723,AAEEF,OTC,0.07,0.07,0,0,Altair Gold Inc,0,0,0
20130911,104723,AAEEF,OTC,0.07,0.07,0,0,Altair Gold Inc,0,0,0
20130912,104723,AAEEF,OTC,0.07,0.07,0,0,Altair Gold Inc,0,0,0
20130913,104723,AAEEF,OTC,0.07,0.07,0,0,Altair Gold Inc,0,0,0
20130916,104723,AAEEF,OTC,0.07,0.07,0,0,Altair Gold Inc,0,0,0
20130917,104723,AAEEF,OTC,0.07,0.07,0,0,Altair Gold Inc,0,0,0
20130918,104723,AAEEF,OTC,0.07,0.07,0,0,Altair Gold Inc,0,0,0
20130919,104723,AAEEF,OTC,0.07,0.07,0,0,Altair Gold Inc,0,0,0
20130920,104723,AAEEF,OTC,0.07,0.07,0,0,Altair Gold Inc,0,0,0
20130923,104723,AAEEF,OTC,0.07,0.07,0,0,Altair Gold Inc,0,0,0
20130924,104723,AAEEF,OTC,0.07,0.07,0,0,Altair Gold Inc,0,0,0
20130925,104723,AAEEF,OTC,0.07,0.07,0,0,Altair Gold Inc,0,0,0
20130926,104723,AAEEF,OTC,0.07,0.07,0,0,Altair Gold Inc,0,0,0
20130927,104723,AAEEF,OTC,0.07,0.07,0,0,Altair Gold Inc,0,0,0
20130930,104723,AAEEF,OTC,0.07,0.07,0,0,Altair Gold Inc,0,0,0
20131001,104723,AAEEF,OTC,0.07,0.07,0,0,Altair Gold Inc,0,0,0
20131002,104723,AAEEF,OTC,0.07,0.07,0,0,Altair Gold Inc,0,0,0
20131003,104723,AAEEF,OTC,0.07,0.07,0,0,Altair Gold Inc,0,0,0
20131004,104723,AAEEF,OTC,0.07,0.07,0,0,Altair Gold Inc,0,0,0
20131007,104723,AAEEF,OTC,0.07,0.07,0,0,Altair Gold Inc,0,0,0
20131008,104723,AAEEF,OTC,0.07,0.07,0,0,Altair Gold Inc,0,0,0
20131009,104723,AAEEF,OTC,0.07,0.07,0,0,Altair Gold Inc,0,0,0
20131010,104723,AAEEF,OTC,0.07,0.07,0,0,Altair Gold Inc,0,0,0
20131011,104723,AAEEF,OTC,0.07,0.07,0,0,Altair Gold Inc,0,0,0
20131014,104723,AAEEF,OTC,0.07,0.07,0,0,Altair Gold Inc,0,0,0
20131015,104723,AAEEF,OTC,0.07,0.07,0,0,Altair Gold Inc,0,0,0
20131016,104723,AAEEF,OTC,0.07,0.07,0,0,Altair Gold Inc,0,0,0
20131017,104723,AAEEF,OTC,0.07,0.07,0,0,Altair Gold Inc,0,0,0
20131018,104723,AAEEF,OTC,0.07,0.07,0,0,Altair Gold Inc,0,0,0
20131021,104723,AAEEF,OTC,0.07,0.07,0,0,Altair Gold Inc,0,0,0
20131022,104723,AAEEF,OTC,0.07,0.07,0,0,Altair Gold Inc,0,0,0
20131023,104723,AAEEF,OTC,0.07,0.07,0,0,Altair Gold Inc,0,0,0
20131024,104723,AAEEF,OTC,0.07,0.07,0,0,Altair Gold Inc,0,0,0
20131025,104723,AAEEF,OTC,0.07,0.07,0,0,Altair Gold Inc,0,0,0
20131028,104723,AAEEF,OTC,0.07,0.07,0,0,Altair Gold Inc,0,0,0
20131029,104723,AAEEF,OTC,0.07,0.07,0,0,Altair Gold Inc,0,0,0
20131030,104723,AAEEF,OTC,0.07,0.07,0,0,Altair Gold Inc,0,0,0
20131031,104723,AAEEF,OTC,0.07,0.07,0,0,Altair Gold Inc,0,0,0
20131101,104723,AAEEF,OTC,0.07,0.07,0,0,Altair Gold Inc,0,0,0
20131104,104723,AAEEF,OTC,0.07,0.07,0,0,Altair Gold Inc,0,0,0
20131105,104723,AAEEF,OTC,0.07,0.07,0,0,Altair Gold Inc,0,0,0
20131106,104723,AAEEF,OTC,0.07,0.07,0,0,Altair Gold Inc,0,0,0
20131107,104723,AAEEF,OTC,0.07,0.07,0,0,Altair Gold Inc,0,0,0
20131108,104723,AAEEF,OTC,0.07,0.07,0,0,Altair Gold Inc,0,0,0
20131111,104723,AAEEF,OTC,0.07,0.07,0,0,Altair Gold Inc,0,0,0
20131112,104723,AAEEF,OTC,0.07,0.07,0,0,Altair Gold Inc,0,0,0
20131113,104723,AAEEF,OTC,0.07,0.07,0,0,Altair Gold Inc,0,0,0
20131114,104723,AAEEF,OTC,0.07,0.07,0,0,Altair Gold Inc,0,0,0
20131115,104723,AAEEF,OTC,0.07,0.07,0,0,Altair Gold Inc,0,0,0
20131118,104723,AAEEF,OTC,0.02,0.02,200,0,Altair Gold Inc,0,0,0
20131119,104723,AAEEF,OTC,0.02,0.02,0,0,Altair Gold Inc,0,0,0
20131120,104723,AAEEF,OTC,0.02,0.02,0,0,Altair Gold Inc,0,0,0
20131121,104723,AAEEF,OTC,0.02,0.02,0,0,Altair Gold Inc,0,0,0
20131122,104723,AAEEF,OTC,0.02,0.02,0,0,Altair Gold Inc,0,0,0
20131125,104723,AAEEF,OTC,0.02,0.02,0,0,Altair Gold Inc,0,0,0
20131126,104723,AAEEF,OTC,0.02,0.02,0,0,Altair Gold Inc,0,0,0
20131127,104723,AAEEF,OTC,0.02,0.02,0,0,Altair Gold Inc,0,0,0
20131129,104723,AAEEF,OTC,0.02,0.02,0,0,Altair Gold Inc,0,0,0
20131202,104723,AAEEF,OTC,0.02,0.02,0,0,Altair Gold Inc,0,0,0
20131203,104723,AAEEF,OTC,0.02,0.02,0,0,Altair Gold Inc,0,0,0
20131204,104723,AAEEF,OTC,0.02,0.02,0,0,Altair Gold Inc,0,0,0
20131205,104723,AAEEF,OTC,0.02,0.02,0,0,Altair Gold Inc,0,0,0
20131206,104723,AAEEF,OTC,0.02,0.02,0,0,Altair Gold Inc,0,0,0
20131209,104723,AAEEF,OTC,0.02,0.02,0,0,Altair Gold Inc,0,0,0
20131210,104723,AAEEF,OTC,0.02,0.02,0,0,Altair Gold Inc,0,0,0
20131211,104723,AAEEF,OTC,0.02,0.02,0,0,Altair Gold Inc,0,0,0
20131212,104723,AAEEF,OTC,0.02,0.02,0,0,Altair Gold Inc,0,0,0
20131213,104723,AAEEF,OTC,0.02,0.02,0,0,Altair Gold Inc,0,0,0
20131216,104723,AAEEF,OTC,0.02,0.02,0,0,Altair Gold Inc,0,0,0
20131217,104723,AAEEF,OTC,0.02,0.02,0,0,Altair Gold Inc,0,0,0
20131218,104723,AAEEF,OTC,0.02,0.02,0,0,Altair Gold Inc,0,0,0
20131219,104723,AAEEF,OTC,0.02,0.02,0,0,Altair Gold Inc,0,0,0
20131220,104723,AAEEF,OTC,0.02,0.02,0,0,Altair Gold Inc,0,0,0
20131223,104723,AAEEF,OTC,0.02,0.02,0,0,Altair Gold Inc,0,0,0
20131224,104723,AAEEF,OTC,0.02,0.02,0,0,Altair Gold Inc,0,0,0
20131226,104723,AAEEF,OTC,0.02,0.02,0,0,Altair Gold Inc,0,0,0
20131227,104723,AAEEF,OTC,0.02,0.02,0,0,Altair Gold Inc,0,0,0
20131230,104723,AAEEF,OTC,0.02,0.02,0,0,Altair Gold Inc,0,0,0
20131231,104723,AAEEF,OTC,0.02,0.02,0,0,Altair Gold Inc,0,0,0
20140102,104723,AAEEF,OTC,0.02,0.02,0,0,Altair Gold Inc,0,0,0
20140103,104723,AAEEF,OTC,0.02,0.02,0,0,Altair Gold Inc,0,0,0
20140106,104723,AAEEF,OTC,0.02,0.02,0,0,Altair Gold Inc,0,0,0
20140107,104723,AAEEF,OTC,0.02,0.02,0,0,Altair Gold Inc,0,0,0
20140108,104723,AAEEF,OTC,0.02,0.02,0,0,Altair Gold Inc,0,0,0
20140109,104723,AAEEF,OTC,0.02,0.02,0,0,Altair Gold Inc,0,0,0
20140110,104723,AAEEF,OTC,0.02,0.02,0,0,Altair Gold Inc,0,0,0
20140113,104723,AAEEF,OTC,0.02,0.02,0,0,Altair Gold Inc,0,0,0
20140114,104723,AAEEF,OTC,0.02,0.02,0,0,Altair Gold Inc,0,0,0
20140115,104723,AAEEF,OTC,0.02,0.02,0,0,Altair Gold Inc,0,0,0
20140116,104723,AAEEF,OTC,0.02,0.02,0,0,Altair Gold Inc,0,0,0
20140117,104723,AAEEF,OTC,0.02,0.02,0,0,Altair Gold Inc,0,0,0
20140121,104723,AAEEF,OTC,0.02,0.02,0,0,Altair Gold Inc,0,0,0
20140122,104723,AAEEF,OTC,0.02,0.02,0,0,Altair Gold Inc,0,0,0
20140123,104723,AAEEF,OTC,0.02,0.02,0,0,Altair Gold Inc,0,0,0
20140124,104723,AAEEF,OTC,0.02,0.02,0,0,Altair Gold Inc,0,0,0
20140127,104723,AAEEF,OTC,0.02,0.02,0,0,Altair Gold Inc,0,0,0
20140128,104723,AAEEF,OTC,0.02,0.02,0,0,Altair Gold Inc,0,0,0
20140129,104723,AAEEF,OTC,0.02,0.02,0,0,Altair Gold Inc,0,0,0
20140130,104723,AAEEF,OTC,0.02,0.02,0,0,Altair Gold Inc,0,0,0
20140131,104723,AAEEF,OTC,0.02,0.02,0,0,Altair Gold Inc,0,0,0
20140203,104723,AAEEF,OTC,0.02,0.02,0,0,Altair Gold Inc,0,0,0
20140204,104723,AAEEF,OTC,0.02,0.02,0,0,Altair Gold Inc,0,0,0
20140205,104723,AAEEF,OTC,0.02,0.02,0,0,Altair Gold Inc,0,0,0
20140206,104723,AAEEF,OTC,0.02,0.02,0,0,Altair Gold Inc,0,0,0
20140207,104723,AAEEF,OTC,0.02,0.02,0,0,Altair Gold Inc,0,0,0
20140210,104723,AAEEF,OTC,0.02,0.02,0,0,Altair Gold Inc,0,0,0
20140211,104723,AAEEF,OTC,0.02,0.02,0,0,Altair Gold Inc,0,0,0
20140212,104723,AAEEF,OTC,0.02,0.02,0,0,Altair Gold Inc,0,0,0
20140213,104723,AAEEF,OTC,0.02,0.02,0,0,Altair Gold Inc,0,0,0
20140214,104723,AAEEF,OTC,0.02,0.02,0,0,Altair Gold Inc,0,0,0
20140218,104723,AAEEF,OTC,0.02,0.02,0,0,Altair Gold Inc,0,0,0
20140219,104723,AAEEF,OTC,0.02,0.02,0,0,Altair Gold Inc,0,0,0
20140220,104723,AAEEF,OTC,0.02,0.02,0,0,Altair Gold Inc,0,0,0
20140221,104723,AAEEF,OTC,0.02,0.02,0,0,Altair Gold Inc,0,0,0
20140224,104723,AAEEF,OTC,0.02,0.02,0,0,Altair Gold Inc,0,0,0
20140225,104723,AAEEF,OTC,0.02,0.02,0,0,Altair Gold Inc,0,0,0
20140226,104723,AAEEF,OTC,0.02,0.02,0,0,Altair Gold Inc,0,0,0
20140227,104723,AAEEF,OTC,0.02,0.02,0,0,Altair Gold Inc,0,0,0
20140228,104723,AAEEF,OTC,0.02,0.02,0,0,Altair Gold Inc,0,0,0
20140303,104723,AAEEF,OTC,0.02,0.02,0,0,Altair Gold Inc,0,0,0
20140304,104723,AAEEF,OTC,0.02,0.02,0,0,Altair Gold Inc,0,0,0
20140305,104723,AAEEF,OTC,0.02,0.02,0,0,Altair Gold Inc,0,0,0
20140306,104723,AAEEF,OTC,0.02,0.02,0,0,Altair Gold Inc,0,0,0
20140307,104723,AAEEF,OTC,0.02,0.02,0,0,Altair Gold Inc,0,0,0
