DDate,CSINumber,Symbol,Exchange,DClose,UnAdjustedClose,TotalVolume,Cash,MarketName,PTB,PSR,DPS
20120308,104714,EMCB,OTC,68.67845092,75.07,0,0,Wisdomtree Emerging Markets Corp,0,0,0
20120309,104714,EMCB,OTC,68.77908539,75.18,101,0,Wisdomtree Emerging Markets Corp,0,0,0
20120312,104714,EMCB,OTC,68.81567975,75.22,419,0,Wisdomtree Emerging Markets Corp,0,0,0
20120313,104714,EMCB,OTC,68.9254628,75.34,648,0,Wisdomtree Emerging Markets Corp,0,0,0
20120314,104714,EMCB,OTC,68.87971986,75.29,1982,0,Wisdomtree Emerging Markets Corp,0,0,0
20120315,104714,EMCB,OTC,68.72419386,75.12,188,0,Wisdomtree Emerging Markets Corp,0,0,0
20120316,104714,EMCB,OTC,68.81567975,75.22,115,0,Wisdomtree Emerging Markets Corp,0,0,0
20120319,104714,EMCB,OTC,68.83397692,75.24,116,0,Wisdomtree Emerging Markets Corp,0,0,0
20120320,104714,EMCB,OTC,68.75163963,75.15,140,0,Wisdomtree Emerging Markets Corp,0,0,0
20120321,104714,EMCB,OTC,68.77908539,75.18,31,0,Wisdomtree Emerging Markets Corp,0,0,0
20120322,104714,EMCB,OTC,68.72419386,75.12,70,0,Wisdomtree Emerging Markets Corp,0,0,0
20120323,104714,EMCB,OTC,68.66015375,75.05,58,0,Wisdomtree Emerging Markets Corp,0,0,0
20120326,104714,EMCB,OTC,68.66015375,75.05,282,0,Wisdomtree Emerging Markets Corp,0,0,0
20120327,104714,EMCB,OTC,68.68759951,75.08,104,0,Wisdomtree Emerging Markets Corp,0,0,0
20120328,104714,EMCB,OTC,68.84312551,75.25,208,0,Wisdomtree Emerging Markets Corp,0,0,0
20120329,104714,EMCB,OTC,68.64185657,75.03,106,0,Wisdomtree Emerging Markets Corp,0,0,0
20120330,104714,EMCB,OTC,68.56866787,74.95,56,0,Wisdomtree Emerging Markets Corp,0,0,0
20120402,104714,EMCB,OTC,68.58696504,74.97,77,0,Wisdomtree Emerging Markets Corp,0,0,0
20120403,104714,EMCB,OTC,68.58696504,74.97,74,0,Wisdomtree Emerging Markets Corp,0,0,0
20120404,104714,EMCB,OTC,68.44973622,74.82,115,0,Wisdomtree Emerging Markets Corp,0,0,0
20120405,104714,EMCB,OTC,68.41314187,74.78,52,0,Wisdomtree Emerging Markets Corp,0,0,0
20120409,104714,EMCB,OTC,68.47718199,74.85,355,0,Wisdomtree Emerging Markets Corp,0,0,0
20120410,104714,EMCB,OTC,68.24846728,74.6,44,0,Wisdomtree Emerging Markets Corp,0,0,0
20120411,104714,EMCB,OTC,68.24846728,74.6,101,0,Wisdomtree Emerging Markets Corp,0,0,0
20120412,104714,EMCB,OTC,68.34910175,74.71,33,0,Wisdomtree Emerging Markets Corp,0,0,0
20120413,104714,EMCB,OTC,68.3856961,74.75,24,0,Wisdomtree Emerging Markets Corp,0,0,0
20120416,104714,EMCB,OTC,68.44973622,74.82,78,0,Wisdomtree Emerging Markets Corp,0,0,0
20120417,104714,EMCB,OTC,68.52292493,74.9,75,0,Wisdomtree Emerging Markets Corp,0,0,0
20120418,104714,EMCB,OTC,68.61441081,75,37,0,Wisdomtree Emerging Markets Corp,0,0,0
20120419,104714,EMCB,OTC,68.59611363,74.98,415,0,Wisdomtree Emerging Markets Corp,0,0,0
20120420,104714,EMCB,OTC,68.64185657,75.03,85,0,Wisdomtree Emerging Markets Corp,0,0,0
20120423,104714,EMCB,OTC,68.76496285,74.85,28,0,Wisdomtree Emerging Markets Corp,0,0,0
20120424,104714,EMCB,OTC,68.73740174,74.82,40,0,Wisdomtree Emerging Markets Corp,0,0,0
20120425,104714,EMCB,OTC,68.82008507,74.91,254,0,Wisdomtree Emerging Markets Corp,0,0,0
20120426,104714,EMCB,OTC,68.85683321,74.95,208,0,Wisdomtree Emerging Markets Corp,0,0,0
20120427,104714,EMCB,OTC,68.84764617,74.94,32,0,Wisdomtree Emerging Markets Corp,0,0,0
20120430,104714,EMCB,OTC,69.0865091,75.2,106,0,Wisdomtree Emerging Markets Corp,0,0,0
20120501,104714,EMCB,OTC,69.11407021,75.23,142,0,Wisdomtree Emerging Markets Corp,0,0,0
20120502,104714,EMCB,OTC,69.09569614,75.21,577,0,Wisdomtree Emerging Markets Corp,0,0,0
20120503,104714,EMCB,OTC,69.316185,75.45,1186,0,Wisdomtree Emerging Markets Corp,0,0,0
20120504,104714,EMCB,OTC,69.35293314,75.49,163,0,Wisdomtree Emerging Markets Corp,0,0,0
20120507,104714,EMCB,OTC,69.27943685,75.41,135,0,Wisdomtree Emerging Markets Corp,0,0,0
20120508,104714,EMCB,OTC,69.27943685,75.41,682,0,Wisdomtree Emerging Markets Corp,0,0,0
20120509,104714,EMCB,OTC,68.99463875,75.1,411,0,Wisdomtree Emerging Markets Corp,0,0,0
20120510,104714,EMCB,OTC,68.90276839,75,185,0,Wisdomtree Emerging Markets Corp,0,0,0
20120511,104714,EMCB,OTC,68.89358135,74.99,312,0,Wisdomtree Emerging Markets Corp,0,0,0
20120514,104714,EMCB,OTC,68.65471842,74.73,27,0,Wisdomtree Emerging Markets Corp,0,0,0
20120515,104714,EMCB,OTC,68.3423592,74.39,120,0,Wisdomtree Emerging Markets Corp,0,0,0
20120516,104714,EMCB,OTC,68.0575611,74.08,100,0,Wisdomtree Emerging Markets Corp,0,0,0
20120517,104714,EMCB,OTC,67.76357595,73.76,88,0,Wisdomtree Emerging Markets Corp,0,0,0
20120518,104714,EMCB,OTC,67.02861309,72.96,109,0,Wisdomtree Emerging Markets Corp,0,0,0
20120521,104714,EMCB,OTC,67.25374567,72.89,128,0,Wisdomtree Emerging Markets Corp,0,0,0
20120522,104714,EMCB,OTC,67.51209454,73.17,52,0,Wisdomtree Emerging Markets Corp,0,0,0
20120523,104714,EMCB,OTC,67.27219916,72.91,55,0,Wisdomtree Emerging Markets Corp,0,0,0
20120524,104714,EMCB,OTC,67.30910614,72.95,63,0,Wisdomtree Emerging Markets Corp,0,0,0
20120525,104714,EMCB,OTC,67.21683869,72.85,14,0,Wisdomtree Emerging Markets Corp,0,0,0
20120529,104714,EMCB,OTC,67.42905383,73.08,31,0,Wisdomtree Emerging Markets Corp,0,0,0
20120530,104714,EMCB,OTC,67.32755963,72.97,12,0,Wisdomtree Emerging Markets Corp,0,0,0
20120531,104714,EMCB,OTC,67.2998794,72.94,63,0,Wisdomtree Emerging Markets Corp,0,0,0
20120601,104714,EMCB,OTC,66.89390261,72.5,154,0,Wisdomtree Emerging Markets Corp,0,0,0
20120604,104714,EMCB,OTC,66.87544912,72.48,16,0,Wisdomtree Emerging Markets Corp,0,0,0
20120605,104714,EMCB,OTC,66.94003633,72.55,27,0,Wisdomtree Emerging Markets Corp,0,0,0
20120606,104714,EMCB,OTC,67.24451892,72.88,20,0,Wisdomtree Emerging Markets Corp,0,0,0
20120607,104714,EMCB,OTC,67.8719376,73.56,3,0,Wisdomtree Emerging Markets Corp,0,0,0
20120608,104714,EMCB,OTC,68.23178066,73.95,4,0,Wisdomtree Emerging Markets Corp,0,0,0
20120611,104714,EMCB,OTC,68.25023415,73.97,62,0,Wisdomtree Emerging Markets Corp,0,0,0
20120612,104714,EMCB,OTC,68.18564693,73.9,21,0,Wisdomtree Emerging Markets Corp,0,0,0
20120613,104714,EMCB,OTC,68.22255391,73.94,39,0,Wisdomtree Emerging Markets Corp,0,0,0
20120614,104714,EMCB,OTC,68.3425016,74.07,15,0,Wisdomtree Emerging Markets Corp,0,0,0
20120615,104714,EMCB,OTC,68.68389117,74.44,57,0,Wisdomtree Emerging Markets Corp,0,0,0
20120618,104714,EMCB,OTC,68.96992027,74.75,80,0,Wisdomtree Emerging Markets Corp,0,0,0
20120619,104714,EMCB,OTC,69.12677494,74.92,42,0,Wisdomtree Emerging Markets Corp,0,0,0
20120620,104714,EMCB,OTC,69.33899008,75.15,106,0,Wisdomtree Emerging Markets Corp,0,0,0
20120621,104714,EMCB,OTC,69.26517612,75.07,30,0,Wisdomtree Emerging Markets Corp,0,0,0
20120622,104714,EMCB,OTC,69.08986796,74.88,22,0,Wisdomtree Emerging Markets Corp,0,0,0
20120625,104714,EMCB,OTC,69.1028398,74.58,22,0,Wisdomtree Emerging Markets Corp,0,0,0
20120626,104714,EMCB,OTC,69.0657774,74.54,25,0,Wisdomtree Emerging Markets Corp,0,0,0
20120627,104714,EMCB,OTC,69.31594859,74.81,35,0,Wisdomtree Emerging Markets Corp,0,0,0
20120628,104714,EMCB,OTC,69.32521419,74.82,59,0,Wisdomtree Emerging Markets Corp,0,0,0
20120629,104714,EMCB,OTC,69.47346377,74.98,114,0,Wisdomtree Emerging Markets Corp,0,0,0
20120702,104714,EMCB,OTC,69.76996295,75.3,15,0,Wisdomtree Emerging Markets Corp,0,0,0
20120703,104714,EMCB,OTC,69.95527494,75.5,81,0,Wisdomtree Emerging Markets Corp,0,0,0
20120705,104714,EMCB,OTC,70.30736771,75.88,60,0,Wisdomtree Emerging Markets Corp,0,0,0
20120706,104714,EMCB,OTC,70.4648829,76.05,66,0,Wisdomtree Emerging Markets Corp,0,0,0
20120709,104714,EMCB,OTC,70.5019453,76.09,151,0,Wisdomtree Emerging Markets Corp,0,0,0
20120710,104714,EMCB,OTC,70.38149251,75.96,79,0,Wisdomtree Emerging Markets Corp,0,0,0
20120711,104714,EMCB,OTC,70.5482733,76.14,12,0,Wisdomtree Emerging Markets Corp,0,0,0
20120712,104714,EMCB,OTC,70.77064768,76.38,45,0,Wisdomtree Emerging Markets Corp,0,0,0
20120713,104714,EMCB,OTC,70.92816287,76.55,32,0,Wisdomtree Emerging Markets Corp,0,0,0
20120716,104714,EMCB,OTC,71.17833405,76.82,91,0,Wisdomtree Emerging Markets Corp,0,0,0
20120717,104714,EMCB,OTC,71.25245885,76.9,155,0,Wisdomtree Emerging Markets Corp,0,0,0
20120718,104714,EMCB,OTC,71.44703643,77.11,321,0,Wisdomtree Emerging Markets Corp,0,0,0
20120719,104714,EMCB,OTC,71.53042683,77.2,14,0,Wisdomtree Emerging Markets Corp,0,0,0
20120720,104714,EMCB,OTC,71.57675482,77.25,29,0,Wisdomtree Emerging Markets Corp,0,0,0
20120723,104714,EMCB,OTC,71.16182251,76.49,33,0,Wisdomtree Emerging Markets Corp,0,0,0
20120724,104714,EMCB,OTC,71.17112592,76.5,49,0,Wisdomtree Emerging Markets Corp,0,0,0
20120725,104714,EMCB,OTC,71.03157469,76.35,204,0,Wisdomtree Emerging Markets Corp,0,0,0
20120726,104714,EMCB,OTC,71.07809177,76.4,258,0,Wisdomtree Emerging Markets Corp,0,0,0
20120727,104714,EMCB,OTC,71.23624983,76.57,112,0,Wisdomtree Emerging Markets Corp,0,0,0
20120730,104714,EMCB,OTC,71.57117277,76.93,48,0,Wisdomtree Emerging Markets Corp,0,0,0
20120731,104714,EMCB,OTC,71.74793766,77.12,19,0,Wisdomtree Emerging Markets Corp,0,0,0
20120801,104714,EMCB,OTC,71.77584791,77.15,16,0,Wisdomtree Emerging Markets Corp,0,0,0
20120802,104714,EMCB,OTC,71.82236498,77.2,10,0,Wisdomtree Emerging Markets Corp,0,0,0
20120803,104714,EMCB,OTC,72.10146744,77.5,66,0,Wisdomtree Emerging Markets Corp,0,0,0
20120806,104714,EMCB,OTC,72.43639038,77.86,106,0,Wisdomtree Emerging Markets Corp,0,0,0
20120807,104714,EMCB,OTC,72.40848014,77.83,128,0,Wisdomtree Emerging Markets Corp,0,0,0
20120808,104714,EMCB,OTC,72.54803136,77.98,354,0,Wisdomtree Emerging Markets Corp,0,0,0
20120809,104714,EMCB,OTC,72.41778355,77.84,40,0,Wisdomtree Emerging Markets Corp,0,0,0
20120810,104714,EMCB,OTC,72.34335623,77.76,97,0,Wisdomtree Emerging Markets Corp,0,0,0
20120813,104714,EMCB,OTC,72.3247494,77.74,53,0,Wisdomtree Emerging Markets Corp,0,0,0
20120814,104714,EMCB,OTC,72.3247494,77.74,20,0,Wisdomtree Emerging Markets Corp,0,0,0
20120815,104714,EMCB,OTC,72.97598846,78.44,29,0,Wisdomtree Emerging Markets Corp,0,0,0
20120816,104714,EMCB,OTC,72.00843329,77.4,59,0,Wisdomtree Emerging Markets Corp,0,0,0
20120817,104714,EMCB,OTC,72.07355719,77.47,103,0,Wisdomtree Emerging Markets Corp,0,0,0
20120820,104714,EMCB,OTC,72.21310842,77.62,52,0,Wisdomtree Emerging Markets Corp,0,0,0
20120821,104714,EMCB,OTC,72.36196306,77.78,6,0,Wisdomtree Emerging Markets Corp,0,0,0
20120822,104714,EMCB,OTC,72.52012112,77.95,52,0,Wisdomtree Emerging Markets Corp,0,0,0
20120823,104714,EMCB,OTC,72.79922357,78.25,123,0,Wisdomtree Emerging Markets Corp,0,0,0
20120824,104714,EMCB,OTC,72.61315527,78.05,21,0,Wisdomtree Emerging Markets Corp,0,0,0
20120827,104714,EMCB,OTC,72.7383246,77.87,76,0,Wisdomtree Emerging Markets Corp,0,0,0
20120828,104714,EMCB,OTC,72.78502957,77.92,423,0,Wisdomtree Emerging Markets Corp,0,0,0
20120829,104714,EMCB,OTC,72.78502957,77.92,118,0,Wisdomtree Emerging Markets Corp,0,0,0
20120830,104714,EMCB,OTC,72.55150471,77.67,1181,0,Wisdomtree Emerging Markets Corp,0,0,0
20120831,104714,EMCB,OTC,72.83173454,77.97,26,0,Wisdomtree Emerging Markets Corp,0,0,0
20120904,104714,EMCB,OTC,72.84107554,77.98,165,0,Wisdomtree Emerging Markets Corp,0,0,0
20120905,104714,EMCB,OTC,73.04657742,78.2,160,0,Wisdomtree Emerging Markets Corp,0,0,0
20120906,104714,EMCB,OTC,73.14932836,78.31,378,0,Wisdomtree Emerging Markets Corp,0,0,0
20120907,104714,EMCB,OTC,73.5883551,78.78,147,0,Wisdomtree Emerging Markets Corp,0,0,0
20120910,104714,EMCB,OTC,73.44824018,78.63,64,0,Wisdomtree Emerging Markets Corp,0,0,0
20120911,104714,EMCB,OTC,73.50428615,78.69,2464,0,Wisdomtree Emerging Markets Corp,0,0,0
20120912,104714,EMCB,OTC,73.756493,78.96,535,0,Wisdomtree Emerging Markets Corp,0,0,0
20120913,104714,EMCB,OTC,73.68176505,78.88,128,0,Wisdomtree Emerging Markets Corp,0,0,0
20120914,104714,EMCB,OTC,73.89660792,79.11,1284,0,Wisdomtree Emerging Markets Corp,0,0,0
20120917,104714,EMCB,OTC,73.9339719,79.15,225,0,Wisdomtree Emerging Markets Corp,0,0,0
20120918,104714,EMCB,OTC,73.86858494,79.08,728,0,Wisdomtree Emerging Markets Corp,0,0,0
20120919,104714,EMCB,OTC,73.90594892,79.12,126,0,Wisdomtree Emerging Markets Corp,0,0,0
20120920,104714,EMCB,OTC,73.83122096,79.04,65,0,Wisdomtree Emerging Markets Corp,0,0,0
20120921,104714,EMCB,OTC,73.86858494,79.08,43,0,Wisdomtree Emerging Markets Corp,0,0,0
20120924,104714,EMCB,OTC,73.9342209,78.85,87,0,Wisdomtree Emerging Markets Corp,0,0,0
20120925,104714,EMCB,OTC,73.84045524,78.75,85,0,Wisdomtree Emerging Markets Corp,0,0,0
20120926,104714,EMCB,OTC,73.77481928,78.68,207,0,Wisdomtree Emerging Markets Corp,0,0,0
20120927,104714,EMCB,OTC,73.82170211,78.73,28,0,Wisdomtree Emerging Markets Corp,0,0,0
20120928,104714,EMCB,OTC,73.95297403,78.87,49,0,Wisdomtree Emerging Markets Corp,0,0,0
20121001,104714,EMCB,OTC,74.14050535,79.07,59,0,Wisdomtree Emerging Markets Corp,0,0,0
20121002,104714,EMCB,OTC,74.27177727,79.21,32,0,Wisdomtree Emerging Markets Corp,0,0,0
20121003,104714,EMCB,OTC,74.40304919,79.35,121,0,Wisdomtree Emerging Markets Corp,0,0,0
20121004,104714,EMCB,OTC,74.51556797,79.47,102,0,Wisdomtree Emerging Markets Corp,0,0,0
20121005,104714,EMCB,OTC,74.66559303,79.63,106,0,Wisdomtree Emerging Markets Corp,0,0,0
20121008,104714,EMCB,OTC,74.5624508,79.52,157,0,Wisdomtree Emerging Markets Corp,0,0,0
20121009,104714,EMCB,OTC,74.65621646,79.62,52,0,Wisdomtree Emerging Markets Corp,0,0,0
20121010,104714,EMCB,OTC,74.92813687,79.91,41,0,Wisdomtree Emerging Markets Corp,0,0,0
20121011,104714,EMCB,OTC,75.12504475,80.12,65,0,Wisdomtree Emerging Markets Corp,0,0,0
20121012,104714,EMCB,OTC,75.35945889,80.37,18,0,Wisdomtree Emerging Markets Corp,0,0,0
20121015,104714,EMCB,OTC,75.37821202,80.39,107,0,Wisdomtree Emerging Markets Corp,0,0,0
20121016,104714,EMCB,OTC,75.62200273,80.65,81,0,Wisdomtree Emerging Markets Corp,0,0,0
20121017,104714,EMCB,OTC,75.77202778,80.81,101,0,Wisdomtree Emerging Markets Corp,0,0,0
20121018,104714,EMCB,OTC,75.83766374,80.88,47,0,Wisdomtree Emerging Markets Corp,0,0,0
20121019,104714,EMCB,OTC,75.80953405,80.85,18,0,Wisdomtree Emerging Markets Corp,0,0,0
20121022,104714,EMCB,OTC,75.69191235,80.44,121,0,Wisdomtree Emerging Markets Corp,0,0,0
20121023,104714,EMCB,OTC,75.56958579,80.31,104,0,Wisdomtree Emerging Markets Corp,0,0,0
20121024,104714,EMCB,OTC,75.37198135,80.1,29,0,Wisdomtree Emerging Markets Corp,0,0,0
20121025,104714,EMCB,OTC,75.18378664,79.9,215,0,Wisdomtree Emerging Markets Corp,0,0,0
20121026,104714,EMCB,OTC,75.21201584,79.93,70,0,Wisdomtree Emerging Markets Corp,0,0,0
20121031,104714,EMCB,OTC,75.36257161,80.09,48,0,Wisdomtree Emerging Markets Corp,0,0,0
20121101,104714,EMCB,OTC,75.32493267,80.05,187,0,Wisdomtree Emerging Markets Corp,0,0,0
20121102,104714,EMCB,OTC,75.4378495,80.17,135,0,Wisdomtree Emerging Markets Corp,0,0,0
20121105,104714,EMCB,OTC,75.48489817,80.22,123,0,Wisdomtree Emerging Markets Corp,0,0,0
20121106,104714,EMCB,OTC,75.42843976,80.16,66,0,Wisdomtree Emerging Markets Corp,0,0,0
20121107,104714,EMCB,OTC,75.56958579,80.31,79,0,Wisdomtree Emerging Markets Corp,0,0,0
20121108,104714,EMCB,OTC,75.38139108,80.11,54,0,Wisdomtree Emerging Markets Corp,0,0,0
20121109,104714,EMCB,OTC,75.16496717,79.88,50,0,Wisdomtree Emerging Markets Corp,0,0,0
20121112,104714,EMCB,OTC,75.26847426,79.99,88,0,Wisdomtree Emerging Markets Corp,0,0,0
20121113,104714,EMCB,OTC,75.08968928,79.8,137,0,Wisdomtree Emerging Markets Corp,0,0,0
20121114,104714,EMCB,OTC,75.02382113,79.73,56,0,Wisdomtree Emerging Markets Corp,0,0,0
20121115,104714,EMCB,OTC,74.83562642,79.53,125,0,Wisdomtree Emerging Markets Corp,0,0,0
20121116,104714,EMCB,OTC,74.76034854,79.45,81,0,Wisdomtree Emerging Markets Corp,0,0,0
20121119,104714,EMCB,OTC,74.82621669,79.52,87,0,Wisdomtree Emerging Markets Corp,0,0,0
20121120,104714,EMCB,OTC,74.77916801,79.47,146,0,Wisdomtree Emerging Markets Corp,0,0,0
20121121,104714,EMCB,OTC,74.91090431,79.61,46,0,Wisdomtree Emerging Markets Corp,0,0,0
20121123,104714,EMCB,OTC,75.13673796,79.85,13,0,Wisdomtree Emerging Markets Corp,0,0,0
20121126,104714,EMCB,OTC,75.25947955,79.71,101,0,Wisdomtree Emerging Markets Corp,0,0,0
20121127,104714,EMCB,OTC,75.41998779,79.88,47,0,Wisdomtree Emerging Markets Corp,0,0,0
20121128,104714,EMCB,OTC,75.53328772,80,133,0,Wisdomtree Emerging Markets Corp,0,0,0
20121129,104714,EMCB,OTC,75.59937935,80.07,40,0,Wisdomtree Emerging Markets Corp,0,0,0
20121130,104714,EMCB,OTC,75.6843543,80.16,82,0,Wisdomtree Emerging Markets Corp,0,0,0
20121203,104714,EMCB,OTC,75.47663775,79.94,59,0,Wisdomtree Emerging Markets Corp,0,0,0
20121204,104714,EMCB,OTC,75.6843543,80.16,82,0,Wisdomtree Emerging Markets Corp,0,0,0
20121205,104714,EMCB,OTC,76.42080385,80.94,49,0,Wisdomtree Emerging Markets Corp,0,0,0
20121206,104714,EMCB,OTC,75.87318751,80.36,167,0,Wisdomtree Emerging Markets Corp,0,0,0
20121207,104714,EMCB,OTC,75.65602931,80.13,50,0,Wisdomtree Emerging Markets Corp,0,0,0
20121210,104714,EMCB,OTC,75.82597921,80.31,136,0,Wisdomtree Emerging Markets Corp,0,0,0
20121211,104714,EMCB,OTC,75.82597921,80.31,153,0,Wisdomtree Emerging Markets Corp,0,0,0
20121212,104714,EMCB,OTC,75.85430419,80.34,64,0,Wisdomtree Emerging Markets Corp,0,0,0
20121213,104714,EMCB,OTC,75.89207084,80.38,113,0,Wisdomtree Emerging Markets Corp,0,0,0
20121214,104714,EMCB,OTC,75.93927914,80.43,68,0,Wisdomtree Emerging Markets Corp,0,0,0
20121217,104714,EMCB,OTC,76.01481243,80.51,90,0,Wisdomtree Emerging Markets Corp,0,0,0
20121218,104714,EMCB,OTC,75.99592911,80.49,205,0,Wisdomtree Emerging Markets Corp,0,0,0
20121219,104714,EMCB,OTC,76.19420399,80.7,75,0,Wisdomtree Emerging Markets Corp,0,0,0
20121220,104714,EMCB,OTC,76.32638724,80.84,36,0,Wisdomtree Emerging Markets Corp,0,0,0
20121221,104714,EMCB,OTC,76.37359555,80.89,29,0,Wisdomtree Emerging Markets Corp,0,0,0
20121224,104714,EMCB,OTC,76.30160396,80.55,44,0,Wisdomtree Emerging Markets Corp,0,0,0
20121226,104714,EMCB,OTC,76.51947322,80.78,36,0,Wisdomtree Emerging Markets Corp,0,0,0
20121227,104714,EMCB,OTC,76.56683611,80.83,36,0,Wisdomtree Emerging Markets Corp,0,0,0
20121228,104714,EMCB,OTC,76.56683611,80.83,69,0,Wisdomtree Emerging Markets Corp,0,0,0
20121231,104714,EMCB,OTC,76.58578126,80.85,43,0,Wisdomtree Emerging Markets Corp,0,0,0
20130102,104714,EMCB,OTC,76.78470537,81.06,101,0,Wisdomtree Emerging Markets Corp,0,0,0
20130103,104714,EMCB,OTC,76.98362947,81.27,247,0,Wisdomtree Emerging Markets Corp,0,0,0
20130104,104714,EMCB,OTC,77.0120472,81.3,133,0,Wisdomtree Emerging Markets Corp,0,0,0
20130107,104714,EMCB,OTC,77.02151978,81.31,318,0,Wisdomtree Emerging Markets Corp,0,0,0
20130108,104714,EMCB,OTC,76.93626659,81.22,160,0,Wisdomtree Emerging Markets Corp,0,0,0
20130109,104714,EMCB,OTC,76.80365052,81.08,143,0,Wisdomtree Emerging Markets Corp,0,0,0
20130110,104714,EMCB,OTC,76.82259567,81.1,101,0,Wisdomtree Emerging Markets Corp,0,0,0
20130111,104714,EMCB,OTC,76.86048598,81.14,31,0,Wisdomtree Emerging Markets Corp,0,0,0
20130114,104714,EMCB,OTC,76.90784886,81.19,95,0,Wisdomtree Emerging Markets Corp,0,0,0
20130115,104714,EMCB,OTC,77.20149873,81.5,216,0,Wisdomtree Emerging Markets Corp,0,0,0
20130116,104714,EMCB,OTC,77.16360843,81.46,98,0,Wisdomtree Emerging Markets Corp,0,0,0
20130117,104714,EMCB,OTC,77.52356634,81.84,162,0,Wisdomtree Emerging Markets Corp,0,0,0
20130118,104714,EMCB,OTC,77.37200511,81.68,144,0,Wisdomtree Emerging Markets Corp,0,0,0
20130122,104714,EMCB,OTC,77.67613288,81.73,297,0,Wisdomtree Emerging Markets Corp,0,0,0
20130123,104714,EMCB,OTC,77.47654903,81.52,436,0,Wisdomtree Emerging Markets Corp,0,0,0
20130124,104714,EMCB,OTC,77.46704504,81.51,126,0,Wisdomtree Emerging Markets Corp,0,0,0
20130125,104714,EMCB,OTC,77.34349313,81.38,442,0,Wisdomtree Emerging Markets Corp,0,0,0
20130128,104714,EMCB,OTC,77.21994123,81.25,154,0,Wisdomtree Emerging Markets Corp,0,0,0
20130129,104714,EMCB,OTC,77.05837335,81.08,140,0,Wisdomtree Emerging Markets Corp,0,0,0
20130130,104714,EMCB,OTC,76.28854994,80.27,2034,0,Wisdomtree Emerging Markets Corp,0,0,0
20130131,104714,EMCB,OTC,76.30755792,80.29,107,0,Wisdomtree Emerging Markets Corp,0,0,0
20130201,104714,EMCB,OTC,76.41210184,80.4,236,0,Wisdomtree Emerging Markets Corp,0,0,0
20130204,104714,EMCB,OTC,76.12698206,80.1,106,0,Wisdomtree Emerging Markets Corp,0,0,0
20130205,104714,EMCB,OTC,76.03194213,80,102,0,Wisdomtree Emerging Markets Corp,0,0,0
20130206,104714,EMCB,OTC,76.12698206,80.1,64,0,Wisdomtree Emerging Markets Corp,0,0,0
20130207,104714,EMCB,OTC,76.22202199,80.2,82,0,Wisdomtree Emerging Markets Corp,0,0,0
20130208,104714,EMCB,OTC,76.26954195,80.25,136,0,Wisdomtree Emerging Markets Corp,0,0,0
20130211,104714,EMCB,OTC,76.13648605,80.11,101,0,Wisdomtree Emerging Markets Corp,0,0,0
20130212,104714,EMCB,OTC,76.15549404,80.13,135,0,Wisdomtree Emerging Markets Corp,0,0,0
20130213,104714,EMCB,OTC,76.11747807,80.09,196,0,Wisdomtree Emerging Markets Corp,0,0,0
20130214,104714,EMCB,OTC,76.09847008,80.07,194,0,Wisdomtree Emerging Markets Corp,0,0,0
20130215,104714,EMCB,OTC,76.02243814,79.99,197,0,Wisdomtree Emerging Markets Corp,0,0,0
20130219,104714,EMCB,OTC,76.08632815,79.79,157,0,Wisdomtree Emerging Markets Corp,0,0,0
20130220,104714,EMCB,OTC,76.00050575,79.7,92,0,Wisdomtree Emerging Markets Corp,0,0,0
20130221,104714,EMCB,OTC,75.88607588,79.58,127,0,Wisdomtree Emerging Markets Corp,0,0,0
20130222,104714,EMCB,OTC,75.90514752,79.6,116,0,Wisdomtree Emerging Markets Corp,0,0,0
20130225,104714,EMCB,OTC,75.97189828,79.67,65,0,Wisdomtree Emerging Markets Corp,0,0,0
20130226,104714,EMCB,OTC,75.77164601,79.46,635,0,Wisdomtree Emerging Markets Corp,0,0,0
20130227,104714,EMCB,OTC,75.99096993,79.69,251,0,Wisdomtree Emerging Markets Corp,0,0,0
20130228,104714,EMCB,OTC,76.09586397,79.8,88,0,Wisdomtree Emerging Markets Corp,0,0,0
20130301,104714,EMCB,OTC,76.06725651,79.77,35,0,Wisdomtree Emerging Markets Corp,0,0,0
20130304,104714,EMCB,OTC,76.17215055,79.88,95,0,Wisdomtree Emerging Markets Corp,0,0,0
20130305,104714,EMCB,OTC,76.2770446,79.99,100,0,Wisdomtree Emerging Markets Corp,0,0,0
20130306,104714,EMCB,OTC,76.1912222,79.9,109,0,Wisdomtree Emerging Markets Corp,0,0,0
20130307,104714,EMCB,OTC,76.18168638,79.89,86,0,Wisdomtree Emerging Markets Corp,0,0,0
20130308,104714,EMCB,OTC,76.1053998,79.81,151,0,Wisdomtree Emerging Markets Corp,0,0,0
20130311,104714,EMCB,OTC,76.00050575,79.7,186,0,Wisdomtree Emerging Markets Corp,0,0,0
20130312,104714,EMCB,OTC,76.15307891,79.86,125,0,Wisdomtree Emerging Markets Corp,0,0,0
20130313,104714,EMCB,OTC,76.33425954,80.05,169,0,Wisdomtree Emerging Markets Corp,0,0,0
20130314,104714,EMCB,OTC,75.92421917,79.62,293,0,Wisdomtree Emerging Markets Corp,0,0,0
20130315,104714,EMCB,OTC,76.21029384,79.92,106,0,Wisdomtree Emerging Markets Corp,0,0,0
20130318,104714,EMCB,OTC,76.24843713,79.96,87,0,Wisdomtree Emerging Markets Corp,0,0,0
20130319,104714,EMCB,OTC,75.92421917,79.62,119,0,Wisdomtree Emerging Markets Corp,0,0,0
20130320,104714,EMCB,OTC,76.13400726,79.84,18,0,Wisdomtree Emerging Markets Corp,0,0,0
20130321,104714,EMCB,OTC,76.03864904,79.74,63,0,Wisdomtree Emerging Markets Corp,0,0,0
20130322,104714,EMCB,OTC,76.11232156,79.55,69,0,Wisdomtree Emerging Markets Corp,0,0,0
20130325,104714,EMCB,OTC,76.16016085,79.6,73,0,Wisdomtree Emerging Markets Corp,0,0,0
20130326,104714,EMCB,OTC,76.08361798,79.52,88,0,Wisdomtree Emerging Markets Corp,0,0,0
20130327,104714,EMCB,OTC,76.03577868,79.47,523,0,Wisdomtree Emerging Markets Corp,0,0,0
20130328,104714,EMCB,OTC,76.03577868,79.47,96,0,Wisdomtree Emerging Markets Corp,0,0,0
20130401,104714,EMCB,OTC,75.88269293,79.31,26,0,Wisdomtree Emerging Markets Corp,0,0,3.7
20130402,104714,EMCB,OTC,76.08361798,79.52,67,0,Wisdomtree Emerging Markets Corp,0,0,3.7
20130403,104714,EMCB,OTC,76.0549144,79.49,80,0,Wisdomtree Emerging Markets Corp,0,0,3.7
20130404,104714,EMCB,OTC,76.44719663,79.9,106,0,Wisdomtree Emerging Markets Corp,0,0,3.7
20130405,104714,EMCB,OTC,76.79163957,80.26,193,0,Wisdomtree Emerging Markets Corp,0,0,3.7
20130408,104714,EMCB,OTC,76.60028238,80.06,115,0,Wisdomtree Emerging Markets Corp,0,0,3.7
20130409,104714,EMCB,OTC,76.9255896,80.4,69,0,Wisdomtree Emerging Markets Corp,0,0,3.7
20130410,104714,EMCB,OTC,76.9255896,80.4,42,0,Wisdomtree Emerging Markets Corp,0,0,3.7
20130411,104714,EMCB,OTC,76.87775031,80.35,72,0,Wisdomtree Emerging Markets Corp,0,0,3.7
20130412,104714,EMCB,OTC,77.0691075,80.55,216,0,Wisdomtree Emerging Markets Corp,0,0,3.7
20130415,104714,EMCB,OTC,76.91602175,80.39,48,0,Wisdomtree Emerging Markets Corp,0,0,3.7
20130416,104714,EMCB,OTC,76.94472532,80.42,273,0,Wisdomtree Emerging Markets Corp,0,0,3.7
20130417,104714,EMCB,OTC,76.63855382,80.1,161,0,Wisdomtree Emerging Markets Corp,0,0,3.7
20130418,104714,EMCB,OTC,76.73423242,80.2,51,0,Wisdomtree Emerging Markets Corp,0,0,3.7
20130419,104714,EMCB,OTC,76.48546807,79.94,246,0,Wisdomtree Emerging Markets Corp,0,0,3.7
20130422,104714,EMCB,OTC,76.51138786,79.7,325,0,Wisdomtree Emerging Markets Corp,0,0,3.7
20130423,104714,EMCB,OTC,76.64578679,79.84,323,0,Wisdomtree Emerging Markets Corp,0,0,3.7
20130424,104714,EMCB,OTC,76.68418648,79.88,191,0,Wisdomtree Emerging Markets Corp,0,0,3.7
20130425,104714,EMCB,OTC,76.78018571,79.98,66,0,Wisdomtree Emerging Markets Corp,0,0,3.7
20130426,104714,EMCB,OTC,76.88578487,80.09,36,0,Wisdomtree Emerging Markets Corp,0,0,3.7
20130429,104714,EMCB,OTC,76.89538479,80.1,130,0,Wisdomtree Emerging Markets Corp,0,0,3.7
20130430,104714,EMCB,OTC,77.1065831,80.32,754,0,Wisdomtree Emerging Markets Corp,0,0,3.7
20130501,104714,EMCB,OTC,77.32738134,80.55,854,0,Wisdomtree Emerging Markets Corp,0,0,3.7
20130502,104714,EMCB,OTC,77.38498088,80.61,127,0,Wisdomtree Emerging Markets Corp,0,0,3.7
20130503,104714,EMCB,OTC,77.3945808,80.62,77,0,Wisdomtree Emerging Markets Corp,0,0,3.7
20130506,104714,EMCB,OTC,77.44258041,80.67,118,0,Wisdomtree Emerging Markets Corp,0,0,3.7
20130507,104714,EMCB,OTC,77.2697818,80.49,568,0,Wisdomtree Emerging Markets Corp,0,0,3.7
20130508,104714,EMCB,OTC,77.49058003,80.72,419,0,Wisdomtree Emerging Markets Corp,0,0,3.7
20130509,104714,EMCB,OTC,77.47138018,80.7,231,0,Wisdomtree Emerging Markets Corp,0,0,3.7
20130510,104714,EMCB,OTC,77.25058195,80.47,358,0,Wisdomtree Emerging Markets Corp,0,0,3.7
20130513,104714,EMCB,OTC,77.03938364,80.25,286,0,Wisdomtree Emerging Markets Corp,0,0,3.7
20130514,104714,EMCB,OTC,77.00098395,80.21,213,0,Wisdomtree Emerging Markets Corp,0,0,3.7
20130515,104714,EMCB,OTC,77.08738326,80.3,143,0,Wisdomtree Emerging Markets Corp,0,0,3.7
20130516,104714,EMCB,OTC,76.96258425,80.17,307,0,Wisdomtree Emerging Markets Corp,0,0,3.7
20130517,104714,EMCB,OTC,76.89538479,80.1,156,0,Wisdomtree Emerging Markets Corp,0,0,3.7
20130520,104714,EMCB,OTC,76.83778525,80.04,124,0,Wisdomtree Emerging Markets Corp,0,0,3.7
20130521,104714,EMCB,OTC,76.76098587,79.96,198,0,Wisdomtree Emerging Markets Corp,0,0,3.7
20130522,104714,EMCB,OTC,76.61698702,79.81,172,0,Wisdomtree Emerging Markets Corp,0,0,3.7
20130523,104714,EMCB,OTC,76.20419032,79.38,249,0,Wisdomtree Emerging Markets Corp,0,0,3.7
20130524,104714,EMCB,OTC,76.0182865,78.92,278,0,Wisdomtree Emerging Markets Corp,0,0,3.7
20130528,104714,EMCB,OTC,75.59446433,78.48,176,0,Wisdomtree Emerging Markets Corp,0,0,3.7
20130529,104714,EMCB,OTC,75.04542197,77.91,255,0,Wisdomtree Emerging Markets Corp,0,0,3.7
20130530,104714,EMCB,OTC,75.02615732,77.89,145,0,Wisdomtree Emerging Markets Corp,0,0,3.7
20130531,104714,EMCB,OTC,74.48674728,77.33,31,0,Wisdomtree Emerging Markets Corp,0,0,3.7
20130603,104714,EMCB,OTC,73.74505847,76.56,224,0,Wisdomtree Emerging Markets Corp,0,0,3.7
20130604,104714,EMCB,OTC,73.48498578,76.29,382,0,Wisdomtree Emerging Markets Corp,0,0,3.7
20130605,104714,EMCB,OTC,72.82998787,75.61,511,0,Wisdomtree Emerging Markets Corp,0,0,3.7
20130606,104714,EMCB,OTC,72.43506266,75.2,259,0,Wisdomtree Emerging Markets Corp,0,0,3.7
20130607,104714,EMCB,OTC,72.77219394,75.55,241,0,Wisdomtree Emerging Markets Corp,0,0,3.7
20130610,104714,EMCB,OTC,72.25204854,75.01,227,0,Wisdomtree Emerging Markets Corp,0,0,3.7
20130611,104714,EMCB,OTC,70.99021434,73.7,686,0,Wisdomtree Emerging Markets Corp,0,0,3.7
20130612,104714,EMCB,OTC,71.32734561,74.05,468,0,Wisdomtree Emerging Markets Corp,0,0,3.7
20130613,104714,EMCB,OTC,71.81859404,74.56,104,0,Wisdomtree Emerging Markets Corp,0,0,3.7
20130614,104714,EMCB,OTC,73.11895753,75.91,108,0,Wisdomtree Emerging Markets Corp,0,0,3.7
20130617,104714,EMCB,OTC,73.47535345,76.28,214,0,Wisdomtree Emerging Markets Corp,0,0,3.7
20130618,104714,EMCB,OTC,73.33086862,76.13,178,0,Wisdomtree Emerging Markets Corp,0,0,3.7
20130619,104714,EMCB,OTC,72.8010909,75.58,93,0,Wisdomtree Emerging Markets Corp,0,0,3.7
20130620,104714,EMCB,OTC,71.00947898,73.72,983,0,Wisdomtree Emerging Markets Corp,0,0,3.7
20130621,104714,EMCB,OTC,70.7590386,73.46,112,0,Wisdomtree Emerging Markets Corp,0,0,3.7
20130624,104714,EMCB,OTC,69.42202891,71.81,1136,0,Wisdomtree Emerging Markets Corp,0,0,3.7
20130625,104714,EMCB,OTC,69.59604319,71.99,378,0,Wisdomtree Emerging Markets Corp,0,0,3.7
20130626,104714,EMCB,OTC,70.51445187,72.94,600,0,Wisdomtree Emerging Markets Corp,0,0,3.7
20130627,104714,EMCB,OTC,71.70354943,74.17,334,0,Wisdomtree Emerging Markets Corp,0,0,3.7
20130628,104714,EMCB,OTC,71.15250422,73.6,649,0,Wisdomtree Emerging Markets Corp,0,0,3.7
20130701,104714,EMCB,OTC,71.70354943,74.17,67,0,Wisdomtree Emerging Markets Corp,0,0,3.7
20130702,104714,EMCB,OTC,71.80989149,74.28,140,0,Wisdomtree Emerging Markets Corp,0,0,3.7
20130703,104714,EMCB,OTC,71.30718358,73.76,194,0,Wisdomtree Emerging Markets Corp,0,0,3.7
20130705,104714,EMCB,OTC,70.46611457,72.89,257,0,Wisdomtree Emerging Markets Corp,0,0,4.51
20130708,104714,EMCB,OTC,70.37910743,72.8,389,0,Wisdomtree Emerging Markets Corp,0,0,4.5
20130709,104714,EMCB,OTC,70.61112647,73.04,310,0,Wisdomtree Emerging Markets Corp,0,0,4.5
20130710,104714,EMCB,OTC,70.58212409,73.01,198,0,Wisdomtree Emerging Markets Corp,0,0,4.5
20130711,104714,EMCB,OTC,71.44252801,73.9,40,0,Wisdomtree Emerging Markets Corp,0,0,4.5
20130712,104714,EMCB,OTC,71.44252801,73.9,50,0,Wisdomtree Emerging Markets Corp,0,0,4.5
20130715,104714,EMCB,OTC,71.96457084,74.44,74,0,Wisdomtree Emerging Markets Corp,0,0,4.54
20130716,104714,EMCB,OTC,72.28359702,74.77,67,0,Wisdomtree Emerging Markets Corp,0,0,4.54
20130717,104714,EMCB,OTC,72.83464223,75.34,56,0,Wisdomtree Emerging Markets Corp,0,0,4.54
20130718,104714,EMCB,OTC,72.47694621,74.97,103,0,Wisdomtree Emerging Markets Corp,0,0,4.54
20130719,104714,EMCB,OTC,72.94098428,75.45,1503,0,Wisdomtree Emerging Markets Corp,0,0,4.54
20130722,104714,EMCB,OTC,73.16121497,75.41,35,0,Wisdomtree Emerging Markets Corp,0,0,4.47
20130723,104714,EMCB,OTC,72.97688091,75.22,66,0,Wisdomtree Emerging Markets Corp,0,0,4.47
20130724,104714,EMCB,OTC,72.54030027,74.77,89,0,Wisdomtree Emerging Markets Corp,0,0,4.47
20130725,104714,EMCB,OTC,72.56940564,74.8,272,0,Wisdomtree Emerging Markets Corp,0,0,4.47
20130726,104714,EMCB,OTC,72.60821281,74.84,302,0,Wisdomtree Emerging Markets Corp,0,0,4.47
20130729,104714,EMCB,OTC,72.36566801,74.59,116,0,Wisdomtree Emerging Markets Corp,0,0,4.42
20130730,104714,EMCB,OTC,72.21043933,74.43,56,0,Wisdomtree Emerging Markets Corp,0,0,4.42
20130731,104714,EMCB,OTC,72.02610528,74.24,86,0,Wisdomtree Emerging Markets Corp,0,0,4.42
20130801,104714,EMCB,OTC,71.90968377,74.12,214,0,Wisdomtree Emerging Markets Corp,0,0,4.42
20130802,104714,EMCB,OTC,72.0067017,74.22,210,0,Wisdomtree Emerging Markets Corp,0,0,4.42
20130805,104714,EMCB,OTC,72.01640349,74.23,28,0,Wisdomtree Emerging Markets Corp,0,0,4.65
20130806,104714,EMCB,OTC,72.0067017,74.22,22,0,Wisdomtree Emerging Markets Corp,0,0,4.65
20130807,104714,EMCB,OTC,71.92908736,74.14,157,0,Wisdomtree Emerging Markets Corp,0,0,4.65
20130808,104714,EMCB,OTC,71.96789453,74.18,44,0,Wisdomtree Emerging Markets Corp,0,0,4.65
20130809,104714,EMCB,OTC,72.18133395,74.4,35,0,Wisdomtree Emerging Markets Corp,0,0,4.65
20130812,104714,EMCB,OTC,72.11342141,74.33,63,0,Wisdomtree Emerging Markets Corp,0,0,4.65
20130813,104714,EMCB,OTC,72.11342141,74.33,62,0,Wisdomtree Emerging Markets Corp,0,0,4.65
20130814,104714,EMCB,OTC,71.98729811,74.2,127,0,Wisdomtree Emerging Markets Corp,0,0,4.65
20130815,104714,EMCB,OTC,71.91938557,74.13,40,0,Wisdomtree Emerging Markets Corp,0,0,4.65
20130816,104714,EMCB,OTC,71.8708766,74.08,10,0,Wisdomtree Emerging Markets Corp,0,0,4.65
20130819,104714,EMCB,OTC,71.44399775,73.64,37,0,Wisdomtree Emerging Markets Corp,0,0,4.65
20130820,104714,EMCB,OTC,71.06562785,73.25,316,0,Wisdomtree Emerging Markets Corp,0,0,4.65
20130821,104714,EMCB,OTC,71.1335404,73.32,47,0,Wisdomtree Emerging Markets Corp,0,0,4.65
20130822,104714,EMCB,OTC,70.96860993,73.15,25,0,Wisdomtree Emerging Markets Corp,0,0,4.65
20130823,104714,EMCB,OTC,70.8812938,73.06,97,0,Wisdomtree Emerging Markets Corp,0,0,4.65
20130826,104714,EMCB,OTC,70.9173221,72.83,172,0,Wisdomtree Emerging Markets Corp,0,0,4.65
20130827,104714,EMCB,OTC,70.83942308,72.75,11,0,Wisdomtree Emerging Markets Corp,0,0,4.71
20130828,104714,EMCB,OTC,70.70309979,72.61,72,0,Wisdomtree Emerging Markets Corp,0,0,4.71
20130829,104714,EMCB,OTC,70.70309979,72.61,318,0,Wisdomtree Emerging Markets Corp,0,0,4.71
20130830,104714,EMCB,OTC,70.86863521,72.78,38,0,Wisdomtree Emerging Markets Corp,0,0,4.71
20130903,104714,EMCB,OTC,70.37202894,72.27,412,0,Wisdomtree Emerging Markets Corp,0,0,4.49
20130904,104714,EMCB,OTC,70.35255419,72.25,170,0,Wisdomtree Emerging Markets Corp,0,0,4.49
20130905,104714,EMCB,OTC,70.11885712,72.01,61,0,Wisdomtree Emerging Markets Corp,0,0,4.49
20130906,104714,EMCB,OTC,70.34281681,72.24,221,0,Wisdomtree Emerging Markets Corp,0,0,4.49
20130909,104714,EMCB,OTC,70.79073619,72.7,243,0,Wisdomtree Emerging Markets Corp,0,0,4.52
20130910,104714,EMCB,OTC,70.6544129,72.56,733,0,Wisdomtree Emerging Markets Corp,0,0,4.52
20130911,104714,EMCB,OTC,70.83942308,72.75,75,0,Wisdomtree Emerging Markets Corp,0,0,4.52
20130912,104714,EMCB,OTC,71.0925949,73.01,179,0,Wisdomtree Emerging Markets Corp,0,0,4.52
20130913,104714,EMCB,OTC,71.37497885,73.3,741,0,Wisdomtree Emerging Markets Corp,0,0,4.52
20130916,104714,EMCB,OTC,71.99817103,73.94,121,0,Wisdomtree Emerging Markets Corp,0,0,4.46
20130917,104714,EMCB,OTC,72.02738316,73.97,100,0,Wisdomtree Emerging Markets Corp,0,0,4.46
20130918,104714,EMCB,OTC,72.4460904,74.4,396,0,Wisdomtree Emerging Markets Corp,0,0,4.46
20130919,104714,EMCB,OTC,73.20560587,75.18,337,0,Wisdomtree Emerging Markets Corp,0,0,4.46
20130920,104714,EMCB,OTC,73.36140391,75.34,93,0,Wisdomtree Emerging Markets Corp,0,0,4.46
20130923,104714,EMCB,OTC,73.1952067,74.87,55,0,Wisdomtree Emerging Markets Corp,0,0,4.33
20130924,104714,EMCB,OTC,73.22453562,74.9,106,0,Wisdomtree Emerging Markets Corp,0,0,4.33
20130925,104714,EMCB,OTC,73.26364085,74.94,70,0,Wisdomtree Emerging Markets Corp,0,0,4.33
20130926,104714,EMCB,OTC,73.39073283,75.07,17,0,Wisdomtree Emerging Markets Corp,0,0,4.33
20130927,104714,EMCB,OTC,73.3418513,75.02,10,0,Wisdomtree Emerging Markets Corp,0,0,4.33
20130930,104714,EMCB,OTC,72.88236489,74.55,98,0,Wisdomtree Emerging Markets Corp,0,0,4.34
20131001,104714,EMCB,OTC,73.23431193,74.91,128,0,Wisdomtree Emerging Markets Corp,0,0,4.34
20131002,104714,EMCB,OTC,73.21475931,74.89,7,0,Wisdomtree Emerging Markets Corp,0,0,4.34
20131003,104714,EMCB,OTC,73.16587778,74.84,34,0,Wisdomtree Emerging Markets Corp,0,0,4.34
20131004,104714,EMCB,OTC,73.69379833,75.38,37,0,Wisdomtree Emerging Markets Corp,0,0,4.34
20131007,104714,EMCB,OTC,73.46894328,75.15,38,0,Wisdomtree Emerging Markets Corp,0,0,4.35
20131008,104714,EMCB,OTC,73.50804851,75.19,42,0,Wisdomtree Emerging Markets Corp,0,0,4.35
20131009,104714,EMCB,OTC,73.29296977,74.97,30,0,Wisdomtree Emerging Markets Corp,0,0,4.35
20131010,104714,EMCB,OTC,73.51782481,75.2,70,0,Wisdomtree Emerging Markets Corp,0,0,4.35
20131011,104714,EMCB,OTC,73.83066662,75.52,19,0,Wisdomtree Emerging Markets Corp,0,0,4.35
20131014,104714,EMCB,OTC,73.13654886,74.81,17,0,Wisdomtree Emerging Markets Corp,0,0,4.35
20131015,104714,EMCB,OTC,73.61558788,75.3,258,0,Wisdomtree Emerging Markets Corp,0,0,4.35
20131016,104714,EMCB,OTC,73.65469311,75.34,281,0,Wisdomtree Emerging Markets Corp,0,0,4.35
20131017,104714,EMCB,OTC,74.37813979,76.08,392,0,Wisdomtree Emerging Markets Corp,0,0,4.35
20131018,104714,EMCB,OTC,74.72031051,76.43,176,0,Wisdomtree Emerging Markets Corp,0,0,4.35
20131021,104714,EMCB,OTC,74.78901433,76.2,285,0,Wisdomtree Emerging Markets Corp,0,0,4.35
20131022,104714,EMCB,OTC,74.92642197,76.34,180,0,Wisdomtree Emerging Markets Corp,0,0,4.35
20131023,104714,EMCB,OTC,74.95586646,76.37,121,0,Wisdomtree Emerging Markets Corp,0,0,4.35
20131024,104714,EMCB,OTC,74.85771815,76.27,47,0,Wisdomtree Emerging Markets Corp,0,0,4.35
20131025,104714,EMCB,OTC,74.87734781,76.29,275,0,Wisdomtree Emerging Markets Corp,0,0,4.35
20131028,104714,EMCB,OTC,74.68105119,76.09,160,0,Wisdomtree Emerging Markets Corp,0,0,4.35
20131029,104714,EMCB,OTC,74.57308804,75.98,111,0,Wisdomtree Emerging Markets Corp,0,0,4.33
20131030,104714,EMCB,OTC,74.65160669,76.06,151,0,Wisdomtree Emerging Markets Corp,0,0,4.33
20131031,104714,EMCB,OTC,74.54364355,75.95,58,0,Wisdomtree Emerging Markets Corp,0,0,4.33
20131101,104714,EMCB,OTC,74.39642108,75.8,53,0,Wisdomtree Emerging Markets Corp,0,0,4.33
20131104,104714,EMCB,OTC,74.37679142,75.78,141,0,Wisdomtree Emerging Markets Corp,0,0,4.35
20131105,104714,EMCB,OTC,74.02345749,75.42,13,0,Wisdomtree Emerging Markets Corp,0,0,4.35
20131106,104714,EMCB,OTC,73.9645685,75.36,40,0,Wisdomtree Emerging Markets Corp,0,0,4.35
20131107,104714,EMCB,OTC,73.84679053,75.24,31,0,Wisdomtree Emerging Markets Corp,0,0,4.35
20131108,104714,EMCB,OTC,73.38549346,74.77,19,0,Wisdomtree Emerging Markets Corp,0,0,4.35
20131111,104714,EMCB,OTC,73.2088265,74.59,19,0,Wisdomtree Emerging Markets Corp,0,0,4.35
20131112,104714,EMCB,OTC,72.94382605,74.32,36,0,Wisdomtree Emerging Markets Corp,0,0,4.35
20131113,104714,EMCB,OTC,73.2088265,74.59,109,0,Wisdomtree Emerging Markets Corp,0,0,4.35
20131114,104714,EMCB,OTC,73.21864133,74.6,90,0,Wisdomtree Emerging Markets Corp,0,0,4.35
20131115,104714,EMCB,OTC,73.74864222,75.14,850,0,Wisdomtree Emerging Markets Corp,0,0,4.35
20131118,104714,EMCB,OTC,73.81734604,75.21,87,0,Wisdomtree Emerging Markets Corp,0,0,4.39
20131119,104714,EMCB,OTC,74.00382783,75.4,37,0,Wisdomtree Emerging Markets Corp,0,0,4.39
20131120,104714,EMCB,OTC,73.62104941,75.01,49,0,Wisdomtree Emerging Markets Corp,0,0,4.39
20131121,104714,EMCB,OTC,73.43456762,74.82,332,0,Wisdomtree Emerging Markets Corp,0,0,4.39
20131122,104714,EMCB,OTC,73.66121752,74.75,35,0,Wisdomtree Emerging Markets Corp,0,0,4.39
20131125,104714,EMCB,OTC,73.71048923,74.8,117,0,Wisdomtree Emerging Markets Corp,0,0,4.37
20131126,104714,EMCB,OTC,73.71048923,74.8,47,0,Wisdomtree Emerging Markets Corp,0,0,4.37
20131127,104714,EMCB,OTC,73.74005226,74.83,21,0,Wisdomtree Emerging Markets Corp,0,0,4.37
20131129,104714,EMCB,OTC,73.6809262,74.77,8,0,Wisdomtree Emerging Markets Corp,0,0,4.37
20131202,104714,EMCB,OTC,73.49369368,74.58,27,0,Wisdomtree Emerging Markets Corp,0,0,4.41
20131203,104714,EMCB,OTC,73.21777206,74.3,78,0,Wisdomtree Emerging Markets Corp,0,0,4.41
20131204,104714,EMCB,OTC,73.07981125,74.16,66,0,Wisdomtree Emerging Markets Corp,0,0,4.41
20131205,104714,EMCB,OTC,73.26704378,74.35,163,0,Wisdomtree Emerging Markets Corp,0,0,4.41
20131206,104714,EMCB,OTC,73.31631549,74.4,55,0,Wisdomtree Emerging Markets Corp,0,0,4.41
20131209,104714,EMCB,OTC,73.23748075,74.32,83,0,Wisdomtree Emerging Markets Corp,0,0,4.44
20131210,104714,EMCB,OTC,73.48383933,74.57,112,0,Wisdomtree Emerging Markets Corp,0,0,4.44
20131211,104714,EMCB,OTC,73.46413065,74.55,109,0,Wisdomtree Emerging Markets Corp,0,0,4.44
20131212,104714,EMCB,OTC,73.39515024,74.48,111,0,Wisdomtree Emerging Markets Corp,0,0,4.44
20131213,104714,EMCB,OTC,73.6809262,74.77,63,0,Wisdomtree Emerging Markets Corp,0,0,4.44
20131216,104714,EMCB,OTC,73.8385957,74.93,45,0,Wisdomtree Emerging Markets Corp,0,0,4.43
20131217,104714,EMCB,OTC,73.60209146,74.69,101,0,Wisdomtree Emerging Markets Corp,0,0,4.43
20131218,104714,EMCB,OTC,73.76961529,74.86,121,0,Wisdomtree Emerging Markets Corp,0,0,4.43
20131219,104714,EMCB,OTC,73.71048923,74.8,45,0,Wisdomtree Emerging Markets Corp,0,0,4.43
20131220,104714,EMCB,OTC,73.85830439,74.95,207,0,Wisdomtree Emerging Markets Corp,0,0,4.43
20131223,104714,EMCB,OTC,73.9075761,75,83,0,Wisdomtree Emerging Markets Corp,0,0,4.42
20131224,104714,EMCB,OTC,73.8946296,74.2,90,0,Wisdomtree Emerging Markets Corp,0,0,4.42
20131226,104714,EMCB,OTC,74.11372419,74.42,54,0,Wisdomtree Emerging Markets Corp,0,0,4.42
20131227,104714,EMCB,OTC,73.88467076,74.19,19,0,Wisdomtree Emerging Markets Corp,0,0,4.42
20131230,104714,EMCB,OTC,73.88467076,74.19,183,0,Wisdomtree Emerging Markets Corp,0,0,5.14
20131231,104714,EMCB,OTC,74.10376535,74.41,209,0,Wisdomtree Emerging Markets Corp,0,0,5.14
20140102,104714,EMCB,OTC,73.95438267,74.26,587,0,Wisdomtree Emerging Markets Corp,0,0,5.14
20140103,104714,EMCB,OTC,74.2033538,74.51,82,0,Wisdomtree Emerging Markets Corp,0,0,5.14
20140106,104714,EMCB,OTC,74.19339495,74.5,99,0,Wisdomtree Emerging Markets Corp,0,0,5.14
20140107,104714,EMCB,OTC,74.2929834,74.6,61,0,Wisdomtree Emerging Markets Corp,0,0,5.14
20140108,104714,EMCB,OTC,74.33281878,74.64,87,0,Wisdomtree Emerging Markets Corp,0,0,5.14
20140109,104714,EMCB,OTC,74.0938065,74.4,73,0,Wisdomtree Emerging Markets Corp,0,0,5.14
20140110,104714,EMCB,OTC,74.28302456,74.59,173,0,Wisdomtree Emerging Markets Corp,0,0,5.14
20140113,104714,EMCB,OTC,74.23323033,74.54,678,0,Wisdomtree Emerging Markets Corp,0,0,5.14
20140114,104714,EMCB,OTC,74.27306571,74.58,97,0,Wisdomtree Emerging Markets Corp,0,0,5.14
20140115,104714,EMCB,OTC,74.53199568,74.84,44,0,Wisdomtree Emerging Markets Corp,0,0,5.14
20140116,104714,EMCB,OTC,74.52203684,74.83,62,0,Wisdomtree Emerging Markets Corp,0,0,5.14
20140117,104714,EMCB,OTC,74.70129605,75.01,216,0,Wisdomtree Emerging Markets Corp,0,0,5.14
20140121,104714,EMCB,OTC,74.33281878,74.64,33,0,Wisdomtree Emerging Markets Corp,0,0,5.14
20140122,104714,EMCB,OTC,74.56187222,74.87,104,0,Wisdomtree Emerging Markets Corp,0,0,5.14
20140123,104714,EMCB,OTC,74.22327149,74.53,92,0,Wisdomtree Emerging Markets Corp,0,0,5.14
20140124,104714,EMCB,OTC,73.805,74.11,140,0,Wisdomtree Emerging Markets Corp,0,0,5.14
20140127,104714,EMCB,OTC,73.35,73.35,416,0,Wisdomtree Emerging Markets Corp,0,0,5.14
20140128,104714,EMCB,OTC,73.96,73.96,75,0,Wisdomtree Emerging Markets Corp,0,0,5.14
20140129,104714,EMCB,OTC,73.38,73.38,77,0,Wisdomtree Emerging Markets Corp,0,0,5.14
20140130,104714,EMCB,OTC,73.45,73.45,72,0,Wisdomtree Emerging Markets Corp,0,0,5.14
20140131,104714,EMCB,OTC,73.4,73.4,35,0,Wisdomtree Emerging Markets Corp,0,0,5.14
20140203,104714,EMCB,OTC,73.48,73.48,43,0,Wisdomtree Emerging Markets Corp,0,0,5.14
20140204,104714,EMCB,OTC,73.92,73.92,99,0,Wisdomtree Emerging Markets Corp,0,0,5.14
20140205,104714,EMCB,OTC,73.56,73.56,122,0,Wisdomtree Emerging Markets Corp,0,0,5.14
20140206,104714,EMCB,OTC,73.65,73.65,183,0,Wisdomtree Emerging Markets Corp,0,0,5.14
20140207,104714,EMCB,OTC,74.15,74.15,70,0,Wisdomtree Emerging Markets Corp,0,0,5.14
20140210,104714,EMCB,OTC,74.42,74.42,48,0,Wisdomtree Emerging Markets Corp,0,0,5.14
20140211,104714,EMCB,OTC,74.05,74.05,48,0,Wisdomtree Emerging Markets Corp,0,0,5.14
20140212,104714,EMCB,OTC,74.42,74.42,45,0,Wisdomtree Emerging Markets Corp,0,0,5.14
20140213,104714,EMCB,OTC,74.22,74.22,28,0,Wisdomtree Emerging Markets Corp,0,0,5.14
20140214,104714,EMCB,OTC,74.47,74.47,16,0,Wisdomtree Emerging Markets Corp,0,0,5.14
20140218,104714,EMCB,OTC,75,75,65,0,Wisdomtree Emerging Markets Corp,0,0,5.14
20140219,104714,EMCB,OTC,74.19,74.19,25,0,Wisdomtree Emerging Markets Corp,0,0,5.14
20140220,104714,EMCB,OTC,75.05,75.05,34,0,Wisdomtree Emerging Markets Corp,0,0,5.14
20140221,104714,EMCB,OTC,74.18,74.18,21,0,Wisdomtree Emerging Markets Corp,0,0,5.14
20140224,104714,EMCB,OTC,74.84,74.84,34,0,Wisdomtree Emerging Markets Corp,0,0,5.14
20140225,104714,EMCB,OTC,75.03,75.03,31,0,Wisdomtree Emerging Markets Corp,0,0,5.14
20140226,104714,EMCB,OTC,74.49,74.49,100,0,Wisdomtree Emerging Markets Corp,0,0,5.14
20140227,104714,EMCB,OTC,74.77,74.77,33,0,Wisdomtree Emerging Markets Corp,0,0,5.14
20140228,104714,EMCB,OTC,74.86,74.86,161,0,Wisdomtree Emerging Markets Corp,0,0,5.14
20140303,104714,EMCB,OTC,74.99,74.99,73,0,Wisdomtree Emerging Markets Corp,0,0,5.14
20140304,104714,EMCB,OTC,74.77,74.77,19,0,Wisdomtree Emerging Markets Corp,0,0,5.14
20140305,104714,EMCB,OTC,75.14,75.14,19,0,Wisdomtree Emerging Markets Corp,0,0,5.14
20140306,104714,EMCB,OTC,74.61,74.61,246,0,Wisdomtree Emerging Markets Corp,0,0,5.14
20140307,104714,EMCB,OTC,74.24,74.24,290,0,Wisdomtree Emerging Markets Corp,0,0,5.14
