DDate,CSINumber,Symbol,Exchange,DClose,UnAdjustedClose,TotalVolume,Cash,MarketName,PTB,PSR,DPS
20120314,104727,AGRDF,OTC,3.3,0.33,0,0,Auriga Gold Corp,0,0,0
20120315,104727,AGRDF,OTC,3.2,0.32,2,0,Auriga Gold Corp,0,0,0
20120316,104727,AGRDF,OTC,3.2,0.32,0,0,Auriga Gold Corp,0,0,0
20120319,104727,AGRDF,OTC,2.7,0.27,93,0,Auriga Gold Corp,0,0,0
20120320,104727,AGRDF,OTC,2.7,0.27,0,0,Auriga Gold Corp,0,0,0
20120321,104727,AGRDF,OTC,2.7,0.27,0,0,Auriga Gold Corp,0,0,0
20120322,104727,AGRDF,OTC,3,0.3,23,0,Auriga Gold Corp,0,0,0
20120323,104727,AGRDF,OTC,3.1,0.31,9,0,Auriga Gold Corp,0,0,0
20120326,104727,AGRDF,OTC,3.1,0.31,0,0,Auriga Gold Corp,0,0,0
20120327,104727,AGRDF,OTC,3.1,0.31,0,0,Auriga Gold Corp,0,0,0
20120328,104727,AGRDF,OTC,3.1,0.31,0,0,Auriga Gold Corp,0,0,0
20120329,104727,AGRDF,OTC,2.9,0.29,16,0,Auriga Gold Corp,0,0,0
20120330,104727,AGRDF,OTC,2.9,0.29,0,0,Auriga Gold Corp,0,0,0
20120402,104727,AGRDF,OTC,2.9,0.29,0,0,Auriga Gold Corp,0,0,0
20120403,104727,AGRDF,OTC,2.9,0.29,0,0,Auriga Gold Corp,0,0,0
20120404,104727,AGRDF,OTC,2.9,0.29,0,0,Auriga Gold Corp,0,0,0
20120405,104727,AGRDF,OTC,2.9,0.29,0,0,Auriga Gold Corp,0,0,0
20120409,104727,AGRDF,OTC,2.9,0.29,0,0,Auriga Gold Corp,0,0,0
20120410,104727,AGRDF,OTC,2.9,0.29,0,0,Auriga Gold Corp,0,0,0
20120411,104727,AGRDF,OTC,2.9,0.29,0,0,Auriga Gold Corp,0,0,0
20120412,104727,AGRDF,OTC,2.9,0.29,0,0,Auriga Gold Corp,0,0,0
20120413,104727,AGRDF,OTC,2.9,0.29,0,0,Auriga Gold Corp,0,0,0
20120416,104727,AGRDF,OTC,2.6,0.26,2,0,Auriga Gold Corp,0,0,0
20120417,104727,AGRDF,OTC,2.6,0.26,0,0,Auriga Gold Corp,0,0,0
20120418,104727,AGRDF,OTC,2.6,0.26,0,0,Auriga Gold Corp,0,0,0
20120419,104727,AGRDF,OTC,2.6,0.26,0,0,Auriga Gold Corp,0,0,0
20120420,104727,AGRDF,OTC,2.6,0.26,0,0,Auriga Gold Corp,0,0,0
20120423,104727,AGRDF,OTC,2.6,0.26,0,0,Auriga Gold Corp,0,0,0
20120424,104727,AGRDF,OTC,2.6,0.26,0,0,Auriga Gold Corp,0,0,0
20120425,104727,AGRDF,OTC,2.6,0.26,0,0,Auriga Gold Corp,0,0,0
20120426,104727,AGRDF,OTC,2.6,0.26,28,0,Auriga Gold Corp,0,0,0
20120427,104727,AGRDF,OTC,2.6,0.26,20,0,Auriga Gold Corp,0,0,0
20120430,104727,AGRDF,OTC,2.6,0.26,0,0,Auriga Gold Corp,0,0,0
20120501,104727,AGRDF,OTC,2.6,0.26,0,0,Auriga Gold Corp,0,0,0
20120502,104727,AGRDF,OTC,2.8,0.28,9,0,Auriga Gold Corp,0,0,0
20120503,104727,AGRDF,OTC,2.8,0.28,0,0,Auriga Gold Corp,0,0,0
20120504,104727,AGRDF,OTC,2.8,0.28,0,0,Auriga Gold Corp,0,0,0
20120507,104727,AGRDF,OTC,2,0.2,30,0,Auriga Gold Corp,0,0,0
20120508,104727,AGRDF,OTC,2,0.2,0,0,Auriga Gold Corp,0,0,0
20120509,104727,AGRDF,OTC,2,0.2,0,0,Auriga Gold Corp,0,0,0
20120510,104727,AGRDF,OTC,2,0.2,0,0,Auriga Gold Corp,0,0,0
20120511,104727,AGRDF,OTC,2,0.2,0,0,Auriga Gold Corp,0,0,0
20120514,104727,AGRDF,OTC,2,0.2,0,0,Auriga Gold Corp,0,0,0
20120515,104727,AGRDF,OTC,2,0.2,0,0,Auriga Gold Corp,0,0,0
20120516,104727,AGRDF,OTC,2,0.2,0,0,Auriga Gold Corp,0,0,0
20120517,104727,AGRDF,OTC,2,0.2,0,0,Auriga Gold Corp,0,0,0
20120518,104727,AGRDF,OTC,2,0.2,0,0,Auriga Gold Corp,0,0,0
20120521,104727,AGRDF,OTC,2,0.2,0,0,Auriga Gold Corp,0,0,0
20120522,104727,AGRDF,OTC,2,0.2,0,0,Auriga Gold Corp,0,0,0
20120523,104727,AGRDF,OTC,2,0.2,0,0,Auriga Gold Corp,0,0,0
20120524,104727,AGRDF,OTC,2,0.2,0,0,Auriga Gold Corp,0,0,0
20120525,104727,AGRDF,OTC,2,0.2,0,0,Auriga Gold Corp,0,0,0
20120529,104727,AGRDF,OTC,2,0.2,0,0,Auriga Gold Corp,0,0,0
20120530,104727,AGRDF,OTC,2,0.2,0,0,Auriga Gold Corp,0,0,0
20120531,104727,AGRDF,OTC,2,0.2,0,0,Auriga Gold Corp,0,0,0
20120601,104727,AGRDF,OTC,2,0.2,0,0,Auriga Gold Corp,0,0,0
20120604,104727,AGRDF,OTC,2,0.2,0,0,Auriga Gold Corp,0,0,0
20120605,104727,AGRDF,OTC,2,0.2,1,0,Auriga Gold Corp,0,0,0
20120606,104727,AGRDF,OTC,2,0.2,0,0,Auriga Gold Corp,0,0,0
20120607,104727,AGRDF,OTC,2,0.2,0,0,Auriga Gold Corp,0,0,0
20120608,104727,AGRDF,OTC,2,0.2,0,0,Auriga Gold Corp,0,0,0
20120611,104727,AGRDF,OTC,2,0.2,0,0,Auriga Gold Corp,0,0,0
20120612,104727,AGRDF,OTC,2,0.2,0,0,Auriga Gold Corp,0,0,0
20120613,104727,AGRDF,OTC,2,0.2,0,0,Auriga Gold Corp,0,0,0
20120614,104727,AGRDF,OTC,2,0.2,0,0,Auriga Gold Corp,0,0,0
20120615,104727,AGRDF,OTC,2,0.2,0,0,Auriga Gold Corp,0,0,0
20120618,104727,AGRDF,OTC,2,0.2,0,0,Auriga Gold Corp,0,0,0
20120619,104727,AGRDF,OTC,2,0.2,0,0,Auriga Gold Corp,0,0,0
20120620,104727,AGRDF,OTC,2,0.2,0,0,Auriga Gold Corp,0,0,0
20120621,104727,AGRDF,OTC,2,0.2,3,0,Auriga Gold Corp,0,0,0
20120622,104727,AGRDF,OTC,2,0.2,25,0,Auriga Gold Corp,0,0,0
20120625,104727,AGRDF,OTC,2,0.2,0,0,Auriga Gold Corp,0,0,0
20120626,104727,AGRDF,OTC,2,0.2,0,0,Auriga Gold Corp,0,0,0
20120627,104727,AGRDF,OTC,2,0.2,0,0,Auriga Gold Corp,0,0,0
20120628,104727,AGRDF,OTC,2,0.2,0,0,Auriga Gold Corp,0,0,0
20120629,104727,AGRDF,OTC,2,0.2,0,0,Auriga Gold Corp,0,0,0
20120702,104727,AGRDF,OTC,2,0.2,0,0,Auriga Gold Corp,0,0,0
20120703,104727,AGRDF,OTC,1.9,0.19,1,0,Auriga Gold Corp,0,0,0
20120705,104727,AGRDF,OTC,2.2,0.22,1,0,Auriga Gold Corp,0,0,0
20120706,104727,AGRDF,OTC,2.2,0.22,0,0,Auriga Gold Corp,0,0,0
20120709,104727,AGRDF,OTC,2.2,0.22,0,0,Auriga Gold Corp,0,0,0
20120710,104727,AGRDF,OTC,2.2,0.22,0,0,Auriga Gold Corp,0,0,0
20120711,104727,AGRDF,OTC,2.4,0.24,30,0,Auriga Gold Corp,0,0,0
20120712,104727,AGRDF,OTC,2.3,0.23,228,0,Auriga Gold Corp,0,0,0
20120713,104727,AGRDF,OTC,2.2,0.22,73,0,Auriga Gold Corp,0,0,0
20120716,104727,AGRDF,OTC,2.2,0.22,0,0,Auriga Gold Corp,0,0,0
20120717,104727,AGRDF,OTC,2.2,0.22,0,0,Auriga Gold Corp,0,0,0
20120718,104727,AGRDF,OTC,2.2,0.22,0,0,Auriga Gold Corp,0,0,0
20120719,104727,AGRDF,OTC,2.2,0.22,0,0,Auriga Gold Corp,0,0,0
20120720,104727,AGRDF,OTC,2.2,0.22,0,0,Auriga Gold Corp,0,0,0
20120723,104727,AGRDF,OTC,2.1,0.21,29,0,Auriga Gold Corp,0,0,0
20120724,104727,AGRDF,OTC,2.1,0.21,0,0,Auriga Gold Corp,0,0,0
20120725,104727,AGRDF,OTC,2.1,0.21,0,0,Auriga Gold Corp,0,0,0
20120726,104727,AGRDF,OTC,2.1,0.21,0,0,Auriga Gold Corp,0,0,0
20120727,104727,AGRDF,OTC,2.1,0.21,0,0,Auriga Gold Corp,0,0,0
20120730,104727,AGRDF,OTC,2.1,0.21,0,0,Auriga Gold Corp,0,0,0
20120731,104727,AGRDF,OTC,2.1,0.21,0,0,Auriga Gold Corp,0,0,0
20120801,104727,AGRDF,OTC,2.1,0.21,0,0,Auriga Gold Corp,0,0,0
20120802,104727,AGRDF,OTC,2.1,0.21,0,0,Auriga Gold Corp,0,0,0
20120803,104727,AGRDF,OTC,2.1,0.21,0,0,Auriga Gold Corp,0,0,0
20120806,104727,AGRDF,OTC,2.1,0.21,0,0,Auriga Gold Corp,0,0,0
20120807,104727,AGRDF,OTC,2.1,0.21,0,0,Auriga Gold Corp,0,0,0
20120808,104727,AGRDF,OTC,2.1,0.21,0,0,Auriga Gold Corp,0,0,0
20120809,104727,AGRDF,OTC,2.1,0.21,0,0,Auriga Gold Corp,0,0,0
20120810,104727,AGRDF,OTC,2.1,0.21,0,0,Auriga Gold Corp,0,0,0
20120813,104727,AGRDF,OTC,2.1,0.21,0,0,Auriga Gold Corp,0,0,0
20120814,104727,AGRDF,OTC,2.1,0.21,0,0,Auriga Gold Corp,0,0,0
20120815,104727,AGRDF,OTC,2.1,0.21,0,0,Auriga Gold Corp,0,0,0
20120816,104727,AGRDF,OTC,2.1,0.21,0,0,Auriga Gold Corp,0,0,0
20120817,104727,AGRDF,OTC,2.1,0.21,0,0,Auriga Gold Corp,0,0,0
20120820,104727,AGRDF,OTC,2.1,0.21,0,0,Auriga Gold Corp,0,0,0
20120821,104727,AGRDF,OTC,2.1,0.21,0,0,Auriga Gold Corp,0,0,0
20120822,104727,AGRDF,OTC,2.1,0.21,0,0,Auriga Gold Corp,0,0,0
20120823,104727,AGRDF,OTC,2.1,0.21,0,0,Auriga Gold Corp,0,0,0
20120824,104727,AGRDF,OTC,2.1,0.21,0,0,Auriga Gold Corp,0,0,0
20120827,104727,AGRDF,OTC,1.8,0.18,51,0,Auriga Gold Corp,0,0,0
20120828,104727,AGRDF,OTC,1.8,0.18,0,0,Auriga Gold Corp,0,0,0
20120829,104727,AGRDF,OTC,1.8,0.18,0,0,Auriga Gold Corp,0,0,0
20120830,104727,AGRDF,OTC,1.8,0.18,0,0,Auriga Gold Corp,0,0,0
20120831,104727,AGRDF,OTC,1.8,0.18,0,0,Auriga Gold Corp,0,0,0
20120904,104727,AGRDF,OTC,1.8,0.18,0,0,Auriga Gold Corp,0,0,0
20120905,104727,AGRDF,OTC,1.8,0.18,0,0,Auriga Gold Corp,0,0,0
20120906,104727,AGRDF,OTC,1.8,0.18,0,0,Auriga Gold Corp,0,0,0
20120907,104727,AGRDF,OTC,1.8,0.18,0,0,Auriga Gold Corp,0,0,0
20120910,104727,AGRDF,OTC,1.8,0.18,0,0,Auriga Gold Corp,0,0,0
20120911,104727,AGRDF,OTC,1.8,0.18,0,0,Auriga Gold Corp,0,0,0
20120912,104727,AGRDF,OTC,1.8,0.18,0,0,Auriga Gold Corp,0,0,0
20120913,104727,AGRDF,OTC,1.8,0.18,0,0,Auriga Gold Corp,0,0,0
20120914,104727,AGRDF,OTC,1.8,0.18,0,0,Auriga Gold Corp,0,0,0
20120917,104727,AGRDF,OTC,1.8,0.18,0,0,Auriga Gold Corp,0,0,0
20120918,104727,AGRDF,OTC,1.8,0.18,0,0,Auriga Gold Corp,0,0,0
20120919,104727,AGRDF,OTC,1.8,0.18,0,0,Auriga Gold Corp,0,0,0
20120920,104727,AGRDF,OTC,1.8,0.18,0,0,Auriga Gold Corp,0,0,0
20120921,104727,AGRDF,OTC,1.8,0.18,0,0,Auriga Gold Corp,0,0,0
20120924,104727,AGRDF,OTC,1.9,0.19,30,0,Auriga Gold Corp,0,0,0
20120925,104727,AGRDF,OTC,1.9,0.19,0,0,Auriga Gold Corp,0,0,0
20120926,104727,AGRDF,OTC,1.9,0.19,0,0,Auriga Gold Corp,0,0,0
20120927,104727,AGRDF,OTC,1.9,0.19,0,0,Auriga Gold Corp,0,0,0
20120928,104727,AGRDF,OTC,1.9,0.19,0,0,Auriga Gold Corp,0,0,0
20121001,104727,AGRDF,OTC,1.9,0.19,0,0,Auriga Gold Corp,0,0,0
20121002,104727,AGRDF,OTC,1.9,0.19,0,0,Auriga Gold Corp,0,0,0
20121003,104727,AGRDF,OTC,1.9,0.19,0,0,Auriga Gold Corp,0,0,0
20121004,104727,AGRDF,OTC,1.9,0.19,0,0,Auriga Gold Corp,0,0,0
20121005,104727,AGRDF,OTC,1.9,0.19,0,0,Auriga Gold Corp,0,0,0
20121008,104727,AGRDF,OTC,1.9,0.19,0,0,Auriga Gold Corp,0,0,0
20121009,104727,AGRDF,OTC,1.9,0.19,0,0,Auriga Gold Corp,0,0,0
20121010,104727,AGRDF,OTC,1.9,0.19,0,0,Auriga Gold Corp,0,0,0
20121011,104727,AGRDF,OTC,1.4,0.14,1,0,Auriga Gold Corp,0,0,0
20121012,104727,AGRDF,OTC,1.4,0.14,0,0,Auriga Gold Corp,0,0,0
20121015,104727,AGRDF,OTC,1.4,0.14,0,0,Auriga Gold Corp,0,0,0
20121016,104727,AGRDF,OTC,1.4,0.14,0,0,Auriga Gold Corp,0,0,0
20121017,104727,AGRDF,OTC,1.4,0.14,0,0,Auriga Gold Corp,0,0,0
20121018,104727,AGRDF,OTC,1.4,0.14,0,0,Auriga Gold Corp,0,0,0
20121019,104727,AGRDF,OTC,1.2,0.12,1,0,Auriga Gold Corp,0,0,0
20121022,104727,AGRDF,OTC,1.2,0.12,0,0,Auriga Gold Corp,0,0,0
20121023,104727,AGRDF,OTC,1.2,0.12,0,0,Auriga Gold Corp,0,0,0
20121024,104727,AGRDF,OTC,1.2,0.12,0,0,Auriga Gold Corp,0,0,0
20121025,104727,AGRDF,OTC,1.2,0.12,0,0,Auriga Gold Corp,0,0,0
20121026,104727,AGRDF,OTC,1.2,0.12,0,0,Auriga Gold Corp,0,0,0
20121031,104727,AGRDF,OTC,1.2,0.12,0,0,Auriga Gold Corp,0,0,0
20121101,104727,AGRDF,OTC,1.2,0.12,0,0,Auriga Gold Corp,0,0,0
20121102,104727,AGRDF,OTC,1.2,0.12,0,0,Auriga Gold Corp,0,0,0
20121105,104727,AGRDF,OTC,1.1,0.11,1,0,Auriga Gold Corp,0,0,0
20121106,104727,AGRDF,OTC,1.1,0.11,0,0,Auriga Gold Corp,0,0,0
20121107,104727,AGRDF,OTC,1.1,0.11,0,0,Auriga Gold Corp,0,0,0
20121108,104727,AGRDF,OTC,1.1,0.11,0,0,Auriga Gold Corp,0,0,0
20121109,104727,AGRDF,OTC,1.1,0.11,0,0,Auriga Gold Corp,0,0,0
20121112,104727,AGRDF,OTC,1.1,0.11,0,0,Auriga Gold Corp,0,0,0
20121113,104727,AGRDF,OTC,1.1,0.11,0,0,Auriga Gold Corp,0,0,0
20121114,104727,AGRDF,OTC,1.1,0.11,0,0,Auriga Gold Corp,0,0,0
20121115,104727,AGRDF,OTC,1.1,0.11,0,0,Auriga Gold Corp,0,0,0
20121116,104727,AGRDF,OTC,1.1,0.11,0,0,Auriga Gold Corp,0,0,0
20121119,104727,AGRDF,OTC,1.1,0.11,0,0,Auriga Gold Corp,0,0,0
20121120,104727,AGRDF,OTC,1.1,0.11,0,0,Auriga Gold Corp,0,0,0
20121121,104727,AGRDF,OTC,1.1,0.11,0,0,Auriga Gold Corp,0,0,0
20121123,104727,AGRDF,OTC,1.1,0.11,0,0,Auriga Gold Corp,0,0,0
20121126,104727,AGRDF,OTC,1.1,0.11,0,0,Auriga Gold Corp,0,0,0
20121127,104727,AGRDF,OTC,1.1,0.11,0,0,Auriga Gold Corp,0,0,0
20121128,104727,AGRDF,OTC,1.1,0.11,0,0,Auriga Gold Corp,0,0,0
20121129,104727,AGRDF,OTC,1.1,0.11,0,0,Auriga Gold Corp,0,0,0
20121130,104727,AGRDF,OTC,1.1,0.11,0,0,Auriga Gold Corp,0,0,0
20121203,104727,AGRDF,OTC,0.9,0.09,16,0,Auriga Gold Corp,0,0,0
20121204,104727,AGRDF,OTC,0.9,0.09,0,0,Auriga Gold Corp,0,0,0
20121205,104727,AGRDF,OTC,0.9,0.09,12,0,Auriga Gold Corp,0,0,0
20121206,104727,AGRDF,OTC,0.9,0.09,61,0,Auriga Gold Corp,0,0,0
20121207,104727,AGRDF,OTC,0.9,0.09,0,0,Auriga Gold Corp,0,0,0
20121210,104727,AGRDF,OTC,0.9,0.09,0,0,Auriga Gold Corp,0,0,0
20121211,104727,AGRDF,OTC,0.9,0.09,0,0,Auriga Gold Corp,0,0,0
20121212,104727,AGRDF,OTC,0.9,0.09,0,0,Auriga Gold Corp,0,0,0
20121213,104727,AGRDF,OTC,0.9,0.09,0,0,Auriga Gold Corp,0,0,0
20121214,104727,AGRDF,OTC,0.9,0.09,0,0,Auriga Gold Corp,0,0,0
20121217,104727,AGRDF,OTC,0.9,0.09,0,0,Auriga Gold Corp,0,0,0
20121218,104727,AGRDF,OTC,0.9,0.09,0,0,Auriga Gold Corp,0,0,0
20121219,104727,AGRDF,OTC,0.8,0.08,1,0,Auriga Gold Corp,0,0,0
20121220,104727,AGRDF,OTC,0.8,0.08,0,0,Auriga Gold Corp,0,0,0
20121221,104727,AGRDF,OTC,0.8,0.08,0,0,Auriga Gold Corp,0,0,0
20121224,104727,AGRDF,OTC,0.8,0.08,0,0,Auriga Gold Corp,0,0,0
20121226,104727,AGRDF,OTC,0.8,0.08,0,0,Auriga Gold Corp,0,0,0
20121227,104727,AGRDF,OTC,0.8,0.08,0,0,Auriga Gold Corp,0,0,0
20121228,104727,AGRDF,OTC,0.7,0.07,8,0,Auriga Gold Corp,0,0,0
20121231,104727,AGRDF,OTC,0.7,0.07,0,0,Auriga Gold Corp,0,0,0
20130102,104727,AGRDF,OTC,0.7,0.07,0,0,Auriga Gold Corp,0,0,0
20130103,104727,AGRDF,OTC,0.7,0.07,0,0,Auriga Gold Corp,0,0,0
20130104,104727,AGRDF,OTC,0.7,0.07,0,0,Auriga Gold Corp,0,0,0
20130107,104727,AGRDF,OTC,0.7,0.07,0,0,Auriga Gold Corp,0,0,0
20130108,104727,AGRDF,OTC,0.7,0.07,0,0,Auriga Gold Corp,0,0,0
20130109,104727,AGRDF,OTC,0.7,0.07,0,0,Auriga Gold Corp,0,0,0
20130110,104727,AGRDF,OTC,0.7,0.07,0,0,Auriga Gold Corp,0,0,0
20130111,104727,AGRDF,OTC,0.7,0.07,0,0,Auriga Gold Corp,0,0,0
20130114,104727,AGRDF,OTC,0.7,0.07,0,0,Auriga Gold Corp,0,0,0
20130115,104727,AGRDF,OTC,0.7,0.07,0,0,Auriga Gold Corp,0,0,0
20130116,104727,AGRDF,OTC,0.7,0.07,0,0,Auriga Gold Corp,0,0,0
20130117,104727,AGRDF,OTC,0.7,0.07,0,0,Auriga Gold Corp,0,0,0
20130118,104727,AGRDF,OTC,0.7,0.07,0,0,Auriga Gold Corp,0,0,0
20130122,104727,AGRDF,OTC,0.7,0.07,0,0,Auriga Gold Corp,0,0,0
20130123,104727,AGRDF,OTC,0.6,0.06,58,0,Auriga Gold Corp,0,0,0
20130124,104727,AGRDF,OTC,0.6,0.06,0,0,Auriga Gold Corp,0,0,0
20130125,104727,AGRDF,OTC,0.6,0.06,0,0,Auriga Gold Corp,0,0,0
20130128,104727,AGRDF,OTC,0.6,0.06,0,0,Auriga Gold Corp,0,0,0
20130129,104727,AGRDF,OTC,0.6,0.06,0,0,Auriga Gold Corp,0,0,0
20130130,104727,AGRDF,OTC,0.6,0.06,0,0,Auriga Gold Corp,0,0,0
20130131,104727,AGRDF,OTC,0.6,0.06,0,0,Auriga Gold Corp,0,0,0
20130201,104727,AGRDF,OTC,0.6,0.06,0,0,Auriga Gold Corp,0,0,0
20130204,104727,AGRDF,OTC,0.6,0.06,0,0,Auriga Gold Corp,0,0,0
20130205,104727,AGRDF,OTC,0.6,0.06,0,0,Auriga Gold Corp,0,0,0
20130206,104727,AGRDF,OTC,0.6,0.06,0,0,Auriga Gold Corp,0,0,0
20130207,104727,AGRDF,OTC,0.6,0.06,0,0,Auriga Gold Corp,0,0,0
20130208,104727,AGRDF,OTC,0.6,0.06,0,0,Auriga Gold Corp,0,0,0
20130211,104727,AGRDF,OTC,0.6,0.06,0,0,Auriga Gold Corp,0,0,0
20130212,104727,AGRDF,OTC,0.6,0.06,0,0,Auriga Gold Corp,0,0,0
20130213,104727,AGRDF,OTC,0.6,0.06,0,0,Auriga Gold Corp,0,0,0
20130214,104727,AGRDF,OTC,0.6,0.06,0,0,Auriga Gold Corp,0,0,0
20130215,104727,AGRDF,OTC,0.6,0.06,0,0,Auriga Gold Corp,0,0,0
20130219,104727,AGRDF,OTC,0.6,0.06,0,0,Auriga Gold Corp,0,0,0
20130220,104727,AGRDF,OTC,0.6,0.06,0,0,Auriga Gold Corp,0,0,0
20130221,104727,AGRDF,OTC,0.6,0.06,0,0,Auriga Gold Corp,0,0,0
20130222,104727,AGRDF,OTC,0.6,0.06,0,0,Auriga Gold Corp,0,0,0
20130225,104727,AGRDF,OTC,0.6,0.06,0,0,Auriga Gold Corp,0,0,0
20130226,104727,AGRDF,OTC,0.6,0.06,0,0,Auriga Gold Corp,0,0,0
20130227,104727,AGRDF,OTC,0.6,0.06,0,0,Auriga Gold Corp,0,0,0
20130228,104727,AGRDF,OTC,0.6,0.06,0,0,Auriga Gold Corp,0,0,0
20130301,104727,AGRDF,OTC,0.6,0.06,0,0,Auriga Gold Corp,0,0,0
20130304,104727,AGRDF,OTC,0.6,0.06,0,0,Auriga Gold Corp,0,0,0
20130305,104727,AGRDF,OTC,0.6,0.06,0,0,Auriga Gold Corp,0,0,0
20130306,104727,AGRDF,OTC,0.6,0.06,0,0,Auriga Gold Corp,0,0,0
20130307,104727,AGRDF,OTC,0.6,0.06,0,0,Auriga Gold Corp,0,0,0
20130308,104727,AGRDF,OTC,0.6,0.06,0,0,Auriga Gold Corp,0,0,0
20130311,104727,AGRDF,OTC,0.6,0.06,0,0,Auriga Gold Corp,0,0,0
20130312,104727,AGRDF,OTC,0.6,0.06,0,0,Auriga Gold Corp,0,0,0
20130313,104727,AGRDF,OTC,0.6,0.06,0,0,Auriga Gold Corp,0,0,0
20130314,104727,AGRDF,OTC,0.6,0.06,0,0,Auriga Gold Corp,0,0,0
20130315,104727,AGRDF,OTC,0.6,0.06,0,0,Auriga Gold Corp,0,0,0
20130318,104727,AGRDF,OTC,0.6,0.06,0,0,Auriga Gold Corp,0,0,0
20130319,104727,AGRDF,OTC,0.6,0.06,0,0,Auriga Gold Corp,0,0,0
20130320,104727,AGRDF,OTC,0.6,0.06,0,0,Auriga Gold Corp,0,0,0
20130321,104727,AGRDF,OTC,0.6,0.06,0,0,Auriga Gold Corp,0,0,0
20130322,104727,AGRDF,OTC,0.6,0.06,0,0,Auriga Gold Corp,0,0,0
20130325,104727,AGRDF,OTC,0.4,0.04,70,0,Auriga Gold Corp,0,0,0
20130326,104727,AGRDF,OTC,0.4,0.04,0,0,Auriga Gold Corp,0,0,0
20130327,104727,AGRDF,OTC,0.4,0.04,0,0,Auriga Gold Corp,0,0,0
20130328,104727,AGRDF,OTC,0.4,0.04,0,0,Auriga Gold Corp,0,0,0
20130401,104727,AGRDF,OTC,0.4,0.04,0,0,Auriga Gold Corp,0,0,0
20130402,104727,AGRDF,OTC,0.4,0.04,0,0,Auriga Gold Corp,0,0,0
20130403,104727,AGRDF,OTC,0.4,0.04,0,0,Auriga Gold Corp,0,0,0
20130404,104727,AGRDF,OTC,0.4,0.04,0,0,Auriga Gold Corp,0,0,0
20130405,104727,AGRDF,OTC,0.4,0.04,0,0,Auriga Gold Corp,0,0,0
20130408,104727,AGRDF,OTC,0.4,0.04,0,0,Auriga Gold Corp,0,0,0
20130409,104727,AGRDF,OTC,0.4,0.04,0,0,Auriga Gold Corp,0,0,0
20130410,104727,AGRDF,OTC,0.4,0.04,0,0,Auriga Gold Corp,0,0,0
20130411,104727,AGRDF,OTC,0.4,0.04,0,0,Auriga Gold Corp,0,0,0
20130412,104727,AGRDF,OTC,0.4,0.04,0,0,Auriga Gold Corp,0,0,0
20130415,104727,AGRDF,OTC,0.3,0.03,99,0,Auriga Gold Corp,0,0,0
20130416,104727,AGRDF,OTC,0.3,0.03,0,0,Auriga Gold Corp,0,0,0
20130417,104727,AGRDF,OTC,0.3,0.03,0,0,Auriga Gold Corp,0,0,0
20130418,104727,AGRDF,OTC,0.3,0.03,0,0,Auriga Gold Corp,0,0,0
20130419,104727,AGRDF,OTC,0.3,0.03,0,0,Auriga Gold Corp,0,0,0
20130422,104727,AGRDF,OTC,0.3,0.03,0,0,Auriga Gold Corp,0,0,0
20130423,104727,AGRDF,OTC,0.3,0.03,0,0,Auriga Gold Corp,0,0,0
20130424,104727,AGRDF,OTC,0.3,0.03,0,0,Auriga Gold Corp,0,0,0
20130425,104727,AGRDF,OTC,0.3,0.03,0,0,Auriga Gold Corp,0,0,0
20130426,104727,AGRDF,OTC,0.3,0.03,0,0,Auriga Gold Corp,0,0,0
20130429,104727,AGRDF,OTC,0.3,0.03,0,0,Auriga Gold Corp,0,0,0
20130430,104727,AGRDF,OTC,0.3,0.03,0,0,Auriga Gold Corp,0,0,0
20130501,104727,AGRDF,OTC,0.2,0.02,171,0,Auriga Gold Corp,0,0,0
20130502,104727,AGRDF,OTC,0.2,0.02,0,0,Auriga Gold Corp,0,0,0
20130503,104727,AGRDF,OTC,0.2,0.02,0,0,Auriga Gold Corp,0,0,0
20130506,104727,AGRDF,OTC,0.2,0.02,0,0,Auriga Gold Corp,0,0,0
20130507,104727,AGRDF,OTC,0.2,0.02,0,0,Auriga Gold Corp,0,0,0
20130508,104727,AGRDF,OTC,0.2,0.02,0,0,Auriga Gold Corp,0,0,0
20130509,104727,AGRDF,OTC,0.2,0.02,0,0,Auriga Gold Corp,0,0,0
20130510,104727,AGRDF,OTC,0.2,0.02,0,0,Auriga Gold Corp,0,0,0
20130513,104727,AGRDF,OTC,0.2,0.02,0,0,Auriga Gold Corp,0,0,0
20130514,104727,AGRDF,OTC,0.2,0.02,0,0,Auriga Gold Corp,0,0,0
20130515,104727,AGRDF,OTC,0.2,0.02,0,0,Auriga Gold Corp,0,0,0
20130516,104727,AGRDF,OTC,0.2,0.02,0,0,Auriga Gold Corp,0,0,0
20130517,104727,AGRDF,OTC,0.2,0.02,0,0,Auriga Gold Corp,0,0,0
20130520,104727,AGRDF,OTC,0.2,0.02,0,0,Auriga Gold Corp,0,0,0
20130521,104727,AGRDF,OTC,0.2,0.02,0,0,Auriga Gold Corp,0,0,0
20130522,104727,AGRDF,OTC,0.2,0.02,0,0,Auriga Gold Corp,0,0,0
20130523,104727,AGRDF,OTC,0.2,0.02,0,0,Auriga Gold Corp,0,0,0
20130524,104727,AGRDF,OTC,0.2,0.02,0,0,Auriga Gold Corp,0,0,0
20130528,104727,AGRDF,OTC,0.2,0.02,0,0,Auriga Gold Corp,0,0,0
20130529,104727,AGRDF,OTC,0.2,0.02,0,0,Auriga Gold Corp,0,0,0
20130530,104727,AGRDF,OTC,0.2,0.02,0,0,Auriga Gold Corp,0,0,0
20130531,104727,AGRDF,OTC,0.1,0.01,38,0,Auriga Gold Corp,0,0,0
20130603,104727,AGRDF,OTC,0.1,0.01,0,0,Auriga Gold Corp,0,0,0
20130604,104727,AGRDF,OTC,0.1,0.01,0,0,Auriga Gold Corp,0,0,0
20130605,104727,AGRDF,OTC,0.1,0.01,0,0,Auriga Gold Corp,0,0,0
20130606,104727,AGRDF,OTC,0.1,0.01,0,0,Auriga Gold Corp,0,0,0
20130607,104727,AGRDF,OTC,0.1,0.01,0,0,Auriga Gold Corp,0,0,0
20130610,104727,AGRDF,OTC,0.1,0.01,0,0,Auriga Gold Corp,0,0,0
20130611,104727,AGRDF,OTC,0.1,0.01,0,0,Auriga Gold Corp,0,0,0
20130612,104727,AGRDF,OTC,0.1,0.01,0,0,Auriga Gold Corp,0,0,0
20130613,104727,AGRDF,OTC,0.1,0.01,0,0,Auriga Gold Corp,0,0,0
20130614,104727,AGRDF,OTC,0.1,0.01,0,0,Auriga Gold Corp,0,0,0
20130617,104727,AGRDF,OTC,0.1,0.01,0,0,Auriga Gold Corp,0,0,0
20130618,104727,AGRDF,OTC,0.1,0.01,0,0,Auriga Gold Corp,0,0,0
20130619,104727,AGRDF,OTC,0.1,0.01,0,0,Auriga Gold Corp,0,0,0
20130620,104727,AGRDF,OTC,0.1,0.01,0,0,Auriga Gold Corp,0,0,0
20130621,104727,AGRDF,OTC,0.1,0.01,0,0,Auriga Gold Corp,0,0,0
20130624,104727,AGRDF,OTC,0.1,0.01,0,0,Auriga Gold Corp,0,0,0
20130625,104727,AGRDF,OTC,0.1,0.01,0,0,Auriga Gold Corp,0,0,0
20130626,104727,AGRDF,OTC,0.1,0.01,1,0,Auriga Gold Corp,0,0,0
20130627,104727,AGRDF,OTC,0.1,0.01,0,0,Auriga Gold Corp,0,0,0
20130628,104727,AGRDF,OTC,0.1,0.01,0,0,Auriga Gold Corp,0,0,0
20130701,104727,AGRDF,OTC,0.1,0.01,0,0,Auriga Gold Corp,0,0,0
20130702,104727,AGRDF,OTC,0.1,0.01,0,0,Auriga Gold Corp,0,0,0
20130703,104727,AGRDF,OTC,0.1,0.01,0,0,Auriga Gold Corp,0,0,0
20130705,104727,AGRDF,OTC,0.1,0.01,0,0,Auriga Gold Corp,0,0,0
20130708,104727,AGRDF,OTC,0.1,0.01,0,0,Auriga Gold Corp,0,0,0
20130709,104727,AGRDF,OTC,0.1,0.01,0,0,Auriga Gold Corp,0,0,0
20130710,104727,AGRDF,OTC,0.1,0.01,0,0,Auriga Gold Corp,0,0,0
20130711,104727,AGRDF,OTC,0.1,0.01,0,0,Auriga Gold Corp,0,0,0
20130712,104727,AGRDF,OTC,0.1,0.01,0,0,Auriga Gold Corp,0,0,0
20130715,104727,AGRDF,OTC,0.1,0.01,0,0,Auriga Gold Corp,0,0,0
20130716,104727,AGRDF,OTC,0.1,0.01,0,0,Auriga Gold Corp,0,0,0
20130717,104727,AGRDF,OTC,0.1,0.01,0,0,Auriga Gold Corp,0,0,0
20130718,104727,AGRDF,OTC,0.1,0.01,0,0,Auriga Gold Corp,0,0,0
20130719,104727,AGRDF,OTC,0.1,0.01,0,0,Auriga Gold Corp,0,0,0
20130722,104727,AGRDF,OTC,0.1,0.01,0,0,Auriga Gold Corp,0,0,0
20130723,104727,AGRDF,OTC,0.1,0.01,0,0,Auriga Gold Corp,0,0,0
20130724,104727,AGRDF,OTC,0.1,0.01,0,0,Auriga Gold Corp,0,0,0
20130725,104727,AGRDF,OTC,0.1,0.01,0,0,Auriga Gold Corp,0,0,0
20130726,104727,AGRDF,OTC,0.1,0.01,0,0,Auriga Gold Corp,0,0,0
20130729,104727,AGRDF,OTC,0.1,0.01,0,0,Auriga Gold Corp,0,0,0
20130730,104727,AGRDF,OTC,0.1,0.01,0,0,Auriga Gold Corp,0,0,0
20130731,104727,AGRDF,OTC,0.1,0.01,0,0,Auriga Gold Corp,0,0,0
20130801,104727,AGRDF,OTC,0.1,0.01,0,0,Auriga Gold Corp,0,0,0
20130802,104727,AGRDF,OTC,0.1,0.01,0,0,Auriga Gold Corp,0,0,0
20130805,104727,AGRDF,OTC,0.1,0.01,0,0,Auriga Gold Corp,0,0,0
20130806,104727,AGRDF,OTC,0.1,0.01,0,0,Auriga Gold Corp,0,0,0
20130807,104727,AGRDF,OTC,0.1,0.01,0,0,Auriga Gold Corp,0,0,0
20130808,104727,AGRDF,OTC,0.1,0.01,0,0,Auriga Gold Corp,0,0,0
20130809,104727,AGRDF,OTC,0.1,0.01,0,0,Auriga Gold Corp,0,0,0
20130812,104727,AGRDF,OTC,0.1,0.01,0,0,Auriga Gold Corp,0,0,0
20130813,104727,AGRDF,OTC,0.1,0.01,68,0,Auriga Gold Corp,0,0,0
20130814,104727,AGRDF,OTC,0.1,0.01,0,0,Auriga Gold Corp,0,0,0
20130815,104727,AGRDF,OTC,0.1,0.01,0,0,Auriga Gold Corp,0,0,0
20130816,104727,AGRDF,OTC,0.1,0.01,0,0,Auriga Gold Corp,0,0,0
20130819,104727,AGRDF,OTC,0.1,0.01,0,0,Auriga Gold Corp,0,0,0
20130820,104727,AGRDF,OTC,0.1,0.01,0,0,Auriga Gold Corp,0,0,0
20130821,104727,AGRDF,OTC,0.1,0.01,0,0,Auriga Gold Corp,0,0,0
20130822,104727,AGRDF,OTC,0.1,0.01,0,0,Auriga Gold Corp,0,0,0
20130823,104727,AGRDF,OTC,0.1,0.01,0,0,Auriga Gold Corp,0,0,0
20130826,104727,AGRDF,OTC,0.1,0.01,0,0,Auriga Gold Corp,0,0,0
20130827,104727,AGRDF,OTC,0.1,0.01,0,0,Auriga Gold Corp,0,0,0
20130828,104727,AGRDF,OTC,0.1,0.01,0,0,Auriga Gold Corp,0,0,0
20130829,104727,AGRDF,OTC,0.1,0.01,0,0,Auriga Gold Corp,0,0,0
20130830,104727,AGRDF,OTC,0.1,0.01,0,0,Auriga Gold Corp,0,0,0
20130903,104727,AGRDF,OTC,0.1,0.01,0,0,Auriga Gold Corp,0,0,0
20130904,104727,AGRDF,OTC,0.1,0.01,0,0,Auriga Gold Corp,0,0,0
20130905,104727,AGRDF,OTC,0.1,0.01,0,0,Auriga Gold Corp,0,0,0
20130906,104727,AGRDF,OTC,0.1,0.01,0,0,Auriga Gold Corp,0,0,0
20130909,104727,AGRDF,OTC,0.1,0.01,0,0,Auriga Gold Corp,0,0,0
20130910,104727,AGRDF,OTC,0.1,0.01,0,0,Auriga Gold Corp,0,0,0
20130911,104727,AGRDF,OTC,0.1,0.01,0,0,Auriga Gold Corp,0,0,0
20130912,104727,AGRDF,OTC,0.1,0.01,0,0,Auriga Gold Corp,0,0,0
20130913,104727,AGRDF,OTC,0.1,0.01,0,0,Auriga Gold Corp,0,0,0
20130916,104727,AGRDF,OTC,0.1,0.01,0,0,Auriga Gold Corp,0,0,0
20130917,104727,AGRDF,OTC,0.1,0.01,0,0,Auriga Gold Corp,0,0,0
20130918,104727,AGRDF,OTC,0.1,0.01,0,0,Auriga Gold Corp,0,0,0
20130919,104727,AGRDF,OTC,0.1,0.01,0,0,Auriga Gold Corp,0,0,0
20130920,104727,AGRDF,OTC,0.1,0.01,0,0,Auriga Gold Corp,0,0,0
20130923,104727,AGRDF,OTC,0.1,0.01,0,0,Auriga Gold Corp,0,0,0
20130924,104727,AGRDF,OTC,0.1,0.01,0,0,Auriga Gold Corp,0,0,0
20130925,104727,AGRDF,OTC,0.1,0.01,0,0,Auriga Gold Corp,0,0,0
20130926,104727,AGRDF,OTC,0.1,0.01,0,0,Auriga Gold Corp,0,0,0
20130927,104727,AGRDF,OTC,0.1,0.01,0,0,Auriga Gold Corp,0,0,0
20130930,104727,AGRDF,OTC,0.1,0.01,0,0,Auriga Gold Corp,0,0,0
20131001,104727,AGRDF,OTC,0.1,0.01,0,0,Auriga Gold Corp,0,0,0
20131002,104727,AGRDF,OTC,0.1,0.01,0,0,Auriga Gold Corp,0,0,0
20131003,104727,AGRDF,OTC,0.1,0.01,0,0,Auriga Gold Corp,0,0,0
20131004,104727,AGRDF,OTC,0.1,0.01,0,0,Auriga Gold Corp,0,0,0
20131007,104727,AGRDF,OTC,0.1,0.01,0,0,Auriga Gold Corp,0,0,0
20131008,104727,AGRDF,OTC,0.1,0.01,0,0,Auriga Gold Corp,0,0,0
20131009,104727,AGRDF,OTC,0.1,0.01,0,0,Auriga Gold Corp,0,0,0
20131010,104727,AGRDF,OTC,0.1,0.01,0,0,Auriga Gold Corp,0,0,0
20131011,104727,AGRDF,OTC,0.1,0.01,0,0,Auriga Gold Corp,0,0,0
20131014,104727,AGRDF,OTC,0.1,0.01,0,0,Auriga Gold Corp,0,0,0
20131015,104727,AGRDF,OTC,0.1,0.01,0,0,Auriga Gold Corp,0,0,0
20131016,104727,AGRDF,OTC,0.1,0.01,0,0,Auriga Gold Corp,0,0,0
20131017,104727,AGRDF,OTC,0.1,0.01,0,0,Auriga Gold Corp,0,0,0
20131018,104727,AGRDF,OTC,0.1,0.01,0,0,Auriga Gold Corp,0,0,0
20131021,104727,AGRDF,OTC,0.1,0.01,0,0,Auriga Gold Corp,0,0,0
20131022,104727,AGRDF,OTC,0.1,0.01,0,0,Auriga Gold Corp,0,0,0
20131023,104727,AGRDF,OTC,0.1,0.01,0,0,Auriga Gold Corp,0,0,0
20131024,104727,AGRDF,OTC,0.1,0.01,0,0,Auriga Gold Corp,0,0,0
20131025,104727,AGRDF,OTC,0.1,0.01,0,0,Auriga Gold Corp,0,0,0
20131028,104727,AGRDF,OTC,0.1,0.01,0,0,Auriga Gold Corp,0,0,0
20131029,104727,AGRDF,OTC,0.1,0.01,0,0,Auriga Gold Corp,0,0,0
20131030,104727,AGRDF,OTC,0.1,0.01,0,0,Auriga Gold Corp,0,0,0
20131031,104727,AGRDF,OTC,0.1,0.01,0,0,Auriga Gold Corp,0,0,0
20131101,104727,AGRDF,OTC,0.1,0.01,0,0,Auriga Gold Corp,0,0,0
20131104,104727,AGRDF,OTC,0.1,0.01,0,0,Auriga Gold Corp,0,0,0
20131105,104727,AGRDF,OTC,0.1,0.01,0,0,Auriga Gold Corp,0,0,0
20131106,104727,AGRDF,OTC,0.1,0.01,0,0,Auriga Gold Corp,0,0,0
20131107,104727,AGRDF,OTC,0.1,0.01,0,0,Auriga Gold Corp,0,0,0
20131108,104727,AGRDF,OTC,0.1,0.01,0,0,Auriga Gold Corp,0,0,0
20131111,104727,AGRDF,OTC,0.1,0.01,0,0,Auriga Gold Corp,0,0,0
20131112,104727,AGRDF,OTC,0.1,0.01,0,0,Auriga Gold Corp,0,0,0
20131113,104727,AGRDF,OTC,0.1,0.01,0,0,Auriga Gold Corp,0,0,0
20131114,104727,AGRDF,OTC,0.1,0.01,0,0,Auriga Gold Corp,0,0,0
20131115,104727,AGRDF,OTC,0.1,0.01,0,0,Auriga Gold Corp,0,0,0
20131118,104727,AGRDF,OTC,0.1,0.01,0,0,Auriga Gold Corp,0,0,0
20131119,104727,AGRDF,OTC,0.1,0.01,0,0,Auriga Gold Corp,0,0,0
20131120,104727,AGRDF,OTC,0.1,0.01,0,0,Auriga Gold Corp,0,0,0
20131121,104727,AGRDF,OTC,0.1,0.01,0,0,Auriga Gold Corp,0,0,0
20131122,104727,AGRDF,OTC,0.1,0.01,0,0,Auriga Gold Corp,0,0,0
20131125,104727,AGRDF,OTC,0.1,0.01,0,0,Auriga Gold Corp,0,0,0
20131126,104727,AGRDF,OTC,0.1,0.01,0,0,Auriga Gold Corp,0,0,0
20131127,104727,AGRDF,OTC,0.1,0.01,0,0,Auriga Gold Corp,0,0,0
20131129,104727,AGRDF,OTC,0.1,0.01,0,0,Auriga Gold Corp,0,0,0
20131202,104727,AGRDF,OTC,0.1,0.01,0,0,Auriga Gold Corp,0,0,0
20131203,104727,AGRDF,OTC,0.1,0.01,0,0,Auriga Gold Corp,0,0,0
20131204,104727,AGRDF,OTC,0.1,0.01,0,0,Auriga Gold Corp,0,0,0
20131205,104727,AGRDF,OTC,0.1,0.01,0,0,Auriga Gold Corp,0,0,0
20131206,104727,AGRDF,OTC,0.1,0.01,0,0,Auriga Gold Corp,0,0,0
20131209,104727,AGRDF,OTC,0.1,0.01,0,0,Auriga Gold Corp,0,0,0
20131210,104727,AGRDF,OTC,0.1,0.01,0,0,Auriga Gold Corp,0,0,0
20131211,104727,AGRDF,OTC,0.1,0.01,0,0,Auriga Gold Corp,0,0,0
20131212,104727,AGRDF,OTC,0.1,0.01,0,0,Auriga Gold Corp,0,0,0
20131213,104727,AGRDF,OTC,0.1,0.01,0,0,Auriga Gold Corp,0,0,0
20131216,104727,AGRDF,OTC,0.1,0.01,0,0,Auriga Gold Corp,0,0,0
20131217,104727,AGRDF,OTC,0.1,0.01,0,0,Auriga Gold Corp,0,0,0
20131218,104727,AGRDF,OTC,0.1,0.01,0,0,Auriga Gold Corp,0,0,0
20131219,104727,AGRDF,OTC,0.1,0.01,0,0,Auriga Gold Corp,0,0,0
20131220,104727,AGRDF,OTC,0.1,0.01,0,0,Auriga Gold Corp,0,0,0
20131223,104727,AGRDF,OTC,0.2,0.02,6,0,Auriga Gold Corp,0,0,0
20131224,104727,AGRDF,OTC,0.2,0.02,0,0,Auriga Gold Corp,0,0,0
20131226,104727,AGRDF,OTC,0.2,0.02,0,0,Auriga Gold Corp,0,0,0
20131227,104727,AGRDF,OTC,0.2,0.02,0,0,Auriga Gold Corp,0,0,0
20131230,104727,AGRDF,OTC,0.2,0.02,0,0,Auriga Gold Corp,0,0,0
20131231,104727,AGRDF,OTC,0.2,0.02,0,0,Auriga Gold Corp,0,0,0
20140102,104727,AGRDF,OTC,0.2,0.02,0,0,Auriga Gold Corp,0,0,0
20140103,104727,AGRDF,OTC,0.2,0.02,0,0,Auriga Gold Corp,0,0,0
20140106,104727,AGRDF,OTC,0.2,0.02,0,0,Auriga Gold Corp,0,0,0
20140107,104727,AGRDF,OTC,0.2,0.02,0,0,Auriga Gold Corp,0,0,0
20140108,104727,AGRDF,OTC,0.2,0.02,0,0,Auriga Gold Corp,0,0,0
20140109,104727,AGRDF,OTC,0.2,0.02,0,0,Auriga Gold Corp,0,0,0
20140110,104727,AGRDF,OTC,0.2,0.02,0,0,Auriga Gold Corp,0,0,0
20140113,104727,AGRDF,OTC,0.2,0.02,0,0,Auriga Gold Corp,0,0,0
20140114,104727,AGRDF,OTC,0.2,0.02,0,0,Auriga Gold Corp,0,0,0
20140115,104727,AGRDF,OTC,0.02,0.02,0,0,Auriga Gold Corp,0,0,0
20140116,104727,AGRDF,OTC,0.02,0.02,0,0,Auriga Gold Corp,0,0,0
20140117,104727,AGRDF,OTC,0.02,0.02,0,0,Auriga Gold Corp,0,0,0
20140121,104727,AGRDF,OTC,0.02,0.02,0,0,Auriga Gold Corp,0,0,0
20140122,104727,AGRDF,OTC,0.2,0.2,0,0,Auriga Gold Corp,0,0,0
20140123,104727,AGRDF,OTC,0.2,0.2,0,0,Auriga Gold Corp,0,0,0
20140124,104727,AGRDF,OTC,0.2,0.2,0,0,Auriga Gold Corp,0,0,0
20140127,104727,AGRDF,OTC,0.2,0.2,0,0,Auriga Gold Corp,0,0,0
20140128,104727,AGRDF,OTC,0.2,0.2,0,0,Auriga Gold Corp,0,0,0
20140129,104727,AGRDF,OTC,0.2,0.2,0,0,Auriga Gold Corp,0,0,0
20140130,104727,AGRDF,OTC,0.2,0.2,0,0,Auriga Gold Corp,0,0,0
20140131,104727,AGRDF,OTC,0.2,0.2,0,0,Auriga Gold Corp,0,0,0
20140203,104727,AGRDF,OTC,0.2,0.2,0,0,Auriga Gold Corp,0,0,0
20140204,104727,AGRDF,OTC,0.2,0.2,0,0,Auriga Gold Corp,0,0,0
20140205,104727,AGRDF,OTC,0.2,0.2,0,0,Auriga Gold Corp,0,0,0
20140206,104727,AGRDF,OTC,0.2,0.2,0,0,Auriga Gold Corp,0,0,0
20140207,104727,AGRDF,OTC,0.2,0.2,0,0,Auriga Gold Corp,0,0,0
20140210,104727,AGRDF,OTC,0.2,0.2,0,0,Auriga Gold Corp,0,0,0
20140211,104727,AGRDF,OTC,0.2,0.2,0,0,Auriga Gold Corp,0,0,0
20140212,104727,AGRDF,OTC,0.2,0.2,0,0,Auriga Gold Corp,0,0,0
20140213,104727,AGRDF,OTC,0.36,0.36,11,0,Auriga Gold Corp,0,0,0
20140214,104727,AGRDF,OTC,0.36,0.36,0,0,Auriga Gold Corp,0,0,0
20140218,104727,AGRDF,OTC,0.36,0.36,0,0,Auriga Gold Corp,0,0,0
20140219,104727,AGRDF,OTC,0.36,0.36,0,0,Auriga Gold Corp,0,0,0
20140220,104727,AGRDF,OTC,0.36,0.36,0,0,Auriga Gold Corp,0,0,0
20140221,104727,AGRDF,OTC,0.36,0.36,0,0,Auriga Gold Corp,0,0,0
20140224,104727,AGRDF,OTC,0.36,0.36,0,0,Auriga Gold Corp,0,0,0
20140225,104727,AGRDF,OTC,0.36,0.36,0,0,Auriga Gold Corp,0,0,0
20140226,104727,AGRDF,OTC,0.36,0.36,0,0,Auriga Gold Corp,0,0,0
20140227,104727,AGRDF,OTC,0.36,0.36,0,0,Auriga Gold Corp,0,0,0
20140228,104727,AGRDF,OTC,0.36,0.36,0,0,Auriga Gold Corp,0,0,0
20140303,104727,AGRDF,OTC,0.36,0.36,0,0,Auriga Gold Corp,0,0,0
20140304,104727,AGRDF,OTC,0.36,0.36,0,0,Auriga Gold Corp,0,0,0
20140305,104727,AGRDF,OTC,0.36,0.36,0,0,Auriga Gold Corp,0,0,0
20140306,104727,AGRDF,OTC,0.36,0.36,0,0,Auriga Gold Corp,0,0,0
20140307,104727,AGRDF,OTC,0.36,0.36,0,0,Auriga Gold Corp,0,0,0
