DDate,CSINumber,Symbol,Exchange,DClose,UnAdjustedClose,TotalVolume,Cash,MarketName,PTB,PSR,DPS
20120314,104729,ALAQF,OTC,0.32,0.32,0,0,Al-aqar Kpj Real Estate Investment Trust,0,0,0
20120315,104729,ALAQF,OTC,0.32,0.32,0,0,Al-aqar Kpj Real Estate Investment Trust,0,0,0
20120316,104729,ALAQF,OTC,0.32,0.32,0,0,Al-aqar Kpj Real Estate Investment Trust,0,0,0
20120319,104729,ALAQF,OTC,0.32,0.32,0,0,Al-aqar Kpj Real Estate Investment Trust,0,0,0
20120320,104729,ALAQF,OTC,0.32,0.32,0,0,Al-aqar Kpj Real Estate Investment Trust,0,0,0
20120321,104729,ALAQF,OTC,0.32,0.32,0,0,Al-aqar Kpj Real Estate Investment Trust,0,0,0
20120322,104729,ALAQF,OTC,0.32,0.32,0,0,Al-aqar Kpj Real Estate Investment Trust,0,0,0
20120323,104729,ALAQF,OTC,0.32,0.32,0,0,Al-aqar Kpj Real Estate Investment Trust,0,0,0
20120326,104729,ALAQF,OTC,0.32,0.32,0,0,Al-aqar Kpj Real Estate Investment Trust,0,0,0
20120327,104729,ALAQF,OTC,0.32,0.32,0,0,Al-aqar Kpj Real Estate Investment Trust,0,0,0
20120328,104729,ALAQF,OTC,0.32,0.32,0,0,Al-aqar Kpj Real Estate Investment Trust,0,0,0
20120329,104729,ALAQF,OTC,0.32,0.32,0,0,Al-aqar Kpj Real Estate Investment Trust,0,0,0
20120330,104729,ALAQF,OTC,0.32,0.32,0,0,Al-aqar Kpj Real Estate Investment Trust,0,0,0
20120402,104729,ALAQF,OTC,0.32,0.32,0,0,Al-aqar Kpj Real Estate Investment Trust,0,0,0
20120403,104729,ALAQF,OTC,0.32,0.32,0,0,Al-aqar Kpj Real Estate Investment Trust,0,0,0
20120404,104729,ALAQF,OTC,0.32,0.32,0,0,Al-aqar Kpj Real Estate Investment Trust,0,0,0
20120405,104729,ALAQF,OTC,0.32,0.32,0,0,Al-aqar Kpj Real Estate Investment Trust,0,0,0
20120409,104729,ALAQF,OTC,0.32,0.32,0,0,Al-aqar Kpj Real Estate Investment Trust,0,0,0
20120410,104729,ALAQF,OTC,0.32,0.32,0,0,Al-aqar Kpj Real Estate Investment Trust,0,0,0
20120411,104729,ALAQF,OTC,0.32,0.32,0,0,Al-aqar Kpj Real Estate Investment Trust,0,0,0
20120412,104729,ALAQF,OTC,0.32,0.32,0,0,Al-aqar Kpj Real Estate Investment Trust,0,0,0
20120413,104729,ALAQF,OTC,0.32,0.32,0,0,Al-aqar Kpj Real Estate Investment Trust,0,0,0
20120416,104729,ALAQF,OTC,0.32,0.32,0,0,Al-aqar Kpj Real Estate Investment Trust,0,0,0
20120417,104729,ALAQF,OTC,0.32,0.32,0,0,Al-aqar Kpj Real Estate Investment Trust,0,0,0
20120418,104729,ALAQF,OTC,0.32,0.32,0,0,Al-aqar Kpj Real Estate Investment Trust,0,0,0
20120419,104729,ALAQF,OTC,0.32,0.32,0,0,Al-aqar Kpj Real Estate Investment Trust,0,0,0
20120420,104729,ALAQF,OTC,0.32,0.32,0,0,Al-aqar Kpj Real Estate Investment Trust,0,0,0
20120423,104729,ALAQF,OTC,0.32,0.32,0,0,Al-aqar Kpj Real Estate Investment Trust,0,0,0
20120424,104729,ALAQF,OTC,0.32,0.32,0,0,Al-aqar Kpj Real Estate Investment Trust,0,0,0
20120425,104729,ALAQF,OTC,0.32,0.32,0,0,Al-aqar Kpj Real Estate Investment Trust,0,0,0
20120426,104729,ALAQF,OTC,0.32,0.32,0,0,Al-aqar Kpj Real Estate Investment Trust,0,0,0
20120427,104729,ALAQF,OTC,0.32,0.32,0,0,Al-aqar Kpj Real Estate Investment Trust,0,0,0
20120430,104729,ALAQF,OTC,0.32,0.32,0,0,Al-aqar Kpj Real Estate Investment Trust,0,0,0
20120501,104729,ALAQF,OTC,0.32,0.32,0,0,Al-aqar Kpj Real Estate Investment Trust,0,0,0
20120502,104729,ALAQF,OTC,0.32,0.32,0,0,Al-aqar Kpj Real Estate Investment Trust,0,0,0
20120503,104729,ALAQF,OTC,0.32,0.32,0,0,Al-aqar Kpj Real Estate Investment Trust,0,0,0
20120504,104729,ALAQF,OTC,0.32,0.32,0,0,Al-aqar Kpj Real Estate Investment Trust,0,0,0
20120507,104729,ALAQF,OTC,0.32,0.32,0,0,Al-aqar Kpj Real Estate Investment Trust,0,0,0
20120508,104729,ALAQF,OTC,0.32,0.32,0,0,Al-aqar Kpj Real Estate Investment Trust,0,0,0
20120509,104729,ALAQF,OTC,0.32,0.32,0,0,Al-aqar Kpj Real Estate Investment Trust,0,0,0
20120510,104729,ALAQF,OTC,0.32,0.32,0,0,Al-aqar Kpj Real Estate Investment Trust,0,0,0
20120511,104729,ALAQF,OTC,0.32,0.32,0,0,Al-aqar Kpj Real Estate Investment Trust,0,0,0
20120514,104729,ALAQF,OTC,0.32,0.32,0,0,Al-aqar Kpj Real Estate Investment Trust,0,0,0
20120515,104729,ALAQF,OTC,0.32,0.32,0,0,Al-aqar Kpj Real Estate Investment Trust,0,0,0
20120516,104729,ALAQF,OTC,0.32,0.32,0,0,Al-aqar Kpj Real Estate Investment Trust,0,0,0
20120517,104729,ALAQF,OTC,0.32,0.32,0,0,Al-aqar Kpj Real Estate Investment Trust,0,0,0
20120518,104729,ALAQF,OTC,0.32,0.32,0,0,Al-aqar Kpj Real Estate Investment Trust,0,0,0
20120521,104729,ALAQF,OTC,0.32,0.32,0,0,Al-aqar Kpj Real Estate Investment Trust,0,0,0
20120522,104729,ALAQF,OTC,0.32,0.32,0,0,Al-aqar Kpj Real Estate Investment Trust,0,0,0
20120523,104729,ALAQF,OTC,0.32,0.32,0,0,Al-aqar Kpj Real Estate Investment Trust,0,0,0
20120524,104729,ALAQF,OTC,0.32,0.32,0,0,Al-aqar Kpj Real Estate Investment Trust,0,0,0
20120525,104729,ALAQF,OTC,0.32,0.32,0,0,Al-aqar Kpj Real Estate Investment Trust,0,0,0
20120529,104729,ALAQF,OTC,0.32,0.32,0,0,Al-aqar Kpj Real Estate Investment Trust,0,0,0
20120530,104729,ALAQF,OTC,0.32,0.32,0,0,Al-aqar Kpj Real Estate Investment Trust,0,0,0
20120531,104729,ALAQF,OTC,0.32,0.32,0,0,Al-aqar Kpj Real Estate Investment Trust,0,0,0
20120601,104729,ALAQF,OTC,0.32,0.32,0,0,Al-aqar Kpj Real Estate Investment Trust,0,0,0
20120604,104729,ALAQF,OTC,0.32,0.32,0,0,Al-aqar Kpj Real Estate Investment Trust,0,0,0
20120605,104729,ALAQF,OTC,0.32,0.32,0,0,Al-aqar Kpj Real Estate Investment Trust,0,0,0
20120606,104729,ALAQF,OTC,0.32,0.32,0,0,Al-aqar Kpj Real Estate Investment Trust,0,0,0
20120607,104729,ALAQF,OTC,0.32,0.32,0,0,Al-aqar Kpj Real Estate Investment Trust,0,0,0
20120608,104729,ALAQF,OTC,0.32,0.32,0,0,Al-aqar Kpj Real Estate Investment Trust,0,0,0
20120611,104729,ALAQF,OTC,0.32,0.32,0,0,Al-aqar Kpj Real Estate Investment Trust,0,0,0
20120612,104729,ALAQF,OTC,0.32,0.32,0,0,Al-aqar Kpj Real Estate Investment Trust,0,0,0
20120613,104729,ALAQF,OTC,0.32,0.32,0,0,Al-aqar Kpj Real Estate Investment Trust,0,0,0
20120614,104729,ALAQF,OTC,0.32,0.32,0,0,Al-aqar Kpj Real Estate Investment Trust,0,0,0
20120615,104729,ALAQF,OTC,0.32,0.32,0,0,Al-aqar Kpj Real Estate Investment Trust,0,0,0
20120618,104729,ALAQF,OTC,0.32,0.32,0,0,Al-aqar Kpj Real Estate Investment Trust,0,0,0
20120619,104729,ALAQF,OTC,0.32,0.32,0,0,Al-aqar Kpj Real Estate Investment Trust,0,0,0
20120620,104729,ALAQF,OTC,0.32,0.32,0,0,Al-aqar Kpj Real Estate Investment Trust,0,0,0
20120621,104729,ALAQF,OTC,0.32,0.32,0,0,Al-aqar Kpj Real Estate Investment Trust,0,0,0
20120622,104729,ALAQF,OTC,0.32,0.32,0,0,Al-aqar Kpj Real Estate Investment Trust,0,0,0
20120625,104729,ALAQF,OTC,0.32,0.32,0,0,Al-aqar Kpj Real Estate Investment Trust,0,0,0
20120626,104729,ALAQF,OTC,0.32,0.32,0,0,Al-aqar Kpj Real Estate Investment Trust,0,0,0
20120627,104729,ALAQF,OTC,0.32,0.32,0,0,Al-aqar Kpj Real Estate Investment Trust,0,0,0
20120628,104729,ALAQF,OTC,0.32,0.32,0,0,Al-aqar Kpj Real Estate Investment Trust,0,0,0
20120629,104729,ALAQF,OTC,0.32,0.32,0,0,Al-aqar Kpj Real Estate Investment Trust,0,0,0
20120702,104729,ALAQF,OTC,0.32,0.32,0,0,Al-aqar Kpj Real Estate Investment Trust,0,0,0
20120703,104729,ALAQF,OTC,0.32,0.32,0,0,Al-aqar Kpj Real Estate Investment Trust,0,0,0
20120705,104729,ALAQF,OTC,0.32,0.32,0,0,Al-aqar Kpj Real Estate Investment Trust,0,0,0
20120706,104729,ALAQF,OTC,0.32,0.32,0,0,Al-aqar Kpj Real Estate Investment Trust,0,0,0
20120709,104729,ALAQF,OTC,0.32,0.32,0,0,Al-aqar Kpj Real Estate Investment Trust,0,0,0
20120710,104729,ALAQF,OTC,0.32,0.32,0,0,Al-aqar Kpj Real Estate Investment Trust,0,0,0
20120711,104729,ALAQF,OTC,0.32,0.32,0,0,Al-aqar Kpj Real Estate Investment Trust,0,0,0
20120712,104729,ALAQF,OTC,0.32,0.32,0,0,Al-aqar Kpj Real Estate Investment Trust,0,0,0
20120713,104729,ALAQF,OTC,0.32,0.32,0,0,Al-aqar Kpj Real Estate Investment Trust,0,0,0
20120716,104729,ALAQF,OTC,0.32,0.32,0,0,Al-aqar Kpj Real Estate Investment Trust,0,0,0
20120717,104729,ALAQF,OTC,0.32,0.32,0,0,Al-aqar Kpj Real Estate Investment Trust,0,0,0
20120718,104729,ALAQF,OTC,0.32,0.32,0,0,Al-aqar Kpj Real Estate Investment Trust,0,0,0
20120719,104729,ALAQF,OTC,0.32,0.32,0,0,Al-aqar Kpj Real Estate Investment Trust,0,0,0
20120720,104729,ALAQF,OTC,0.32,0.32,0,0,Al-aqar Kpj Real Estate Investment Trust,0,0,0
20120723,104729,ALAQF,OTC,0.32,0.32,0,0,Al-aqar Kpj Real Estate Investment Trust,0,0,0
20120724,104729,ALAQF,OTC,0.32,0.32,0,0,Al-aqar Kpj Real Estate Investment Trust,0,0,0
20120725,104729,ALAQF,OTC,0.32,0.32,0,0,Al-aqar Kpj Real Estate Investment Trust,0,0,0
20120726,104729,ALAQF,OTC,0.32,0.32,0,0,Al-aqar Kpj Real Estate Investment Trust,0,0,0
20120727,104729,ALAQF,OTC,0.32,0.32,0,0,Al-aqar Kpj Real Estate Investment Trust,0,0,0
20120730,104729,ALAQF,OTC,0.32,0.32,0,0,Al-aqar Kpj Real Estate Investment Trust,0,0,0
20120731,104729,ALAQF,OTC,0.32,0.32,0,0,Al-aqar Kpj Real Estate Investment Trust,0,0,0
20120801,104729,ALAQF,OTC,0.32,0.32,0,0,Al-aqar Kpj Real Estate Investment Trust,0,0,0
20120802,104729,ALAQF,OTC,0.32,0.32,0,0,Al-aqar Kpj Real Estate Investment Trust,0,0,0
20120803,104729,ALAQF,OTC,0.32,0.32,0,0,Al-aqar Kpj Real Estate Investment Trust,0,0,0
20120806,104729,ALAQF,OTC,0.32,0.32,0,0,Al-aqar Kpj Real Estate Investment Trust,0,0,0
20120807,104729,ALAQF,OTC,0.32,0.32,0,0,Al-aqar Kpj Real Estate Investment Trust,0,0,0
20120808,104729,ALAQF,OTC,0.32,0.32,0,0,Al-aqar Kpj Real Estate Investment Trust,0,0,0
20120809,104729,ALAQF,OTC,0.32,0.32,0,0,Al-aqar Kpj Real Estate Investment Trust,0,0,0
20120810,104729,ALAQF,OTC,0.32,0.32,0,0,Al-aqar Kpj Real Estate Investment Trust,0,0,0
20120813,104729,ALAQF,OTC,0.32,0.32,0,0,Al-aqar Kpj Real Estate Investment Trust,0,0,0
20120814,104729,ALAQF,OTC,0.32,0.32,0,0,Al-aqar Kpj Real Estate Investment Trust,0,0,0
20120815,104729,ALAQF,OTC,0.32,0.32,0,0,Al-aqar Kpj Real Estate Investment Trust,0,0,0
20120816,104729,ALAQF,OTC,0.32,0.32,0,0,Al-aqar Kpj Real Estate Investment Trust,0,0,0
20120817,104729,ALAQF,OTC,0.32,0.32,0,0,Al-aqar Kpj Real Estate Investment Trust,0,0,0
20120820,104729,ALAQF,OTC,0.32,0.32,0,0,Al-aqar Kpj Real Estate Investment Trust,0,0,0
20120821,104729,ALAQF,OTC,0.32,0.32,0,0,Al-aqar Kpj Real Estate Investment Trust,0,0,0
20120822,104729,ALAQF,OTC,0.32,0.32,0,0,Al-aqar Kpj Real Estate Investment Trust,0,0,0
20120823,104729,ALAQF,OTC,0.32,0.32,0,0,Al-aqar Kpj Real Estate Investment Trust,0,0,0
20120824,104729,ALAQF,OTC,0.32,0.32,0,0,Al-aqar Kpj Real Estate Investment Trust,0,0,0
20120827,104729,ALAQF,OTC,0.32,0.32,0,0,Al-aqar Kpj Real Estate Investment Trust,0,0,0
20120828,104729,ALAQF,OTC,0.32,0.32,0,0,Al-aqar Kpj Real Estate Investment Trust,0,0,0
20120829,104729,ALAQF,OTC,0.32,0.32,0,0,Al-aqar Kpj Real Estate Investment Trust,0,0,0
20120830,104729,ALAQF,OTC,0.32,0.32,0,0,Al-aqar Kpj Real Estate Investment Trust,0,0,0
20120831,104729,ALAQF,OTC,0.32,0.32,0,0,Al-aqar Kpj Real Estate Investment Trust,0,0,0
20120904,104729,ALAQF,OTC,0.32,0.32,0,0,Al-aqar Kpj Real Estate Investment Trust,0,0,0
20120905,104729,ALAQF,OTC,0.32,0.32,0,0,Al-aqar Kpj Real Estate Investment Trust,0,0,0
20120906,104729,ALAQF,OTC,0.32,0.32,0,0,Al-aqar Kpj Real Estate Investment Trust,0,0,0
20120907,104729,ALAQF,OTC,0.32,0.32,0,0,Al-aqar Kpj Real Estate Investment Trust,0,0,0
20120910,104729,ALAQF,OTC,0.32,0.32,0,0,Al-aqar Kpj Real Estate Investment Trust,0,0,0
20120911,104729,ALAQF,OTC,0.32,0.32,0,0,Al-aqar Kpj Real Estate Investment Trust,0,0,0
20120912,104729,ALAQF,OTC,0.32,0.32,0,0,Al-aqar Kpj Real Estate Investment Trust,0,0,0
20120913,104729,ALAQF,OTC,0.32,0.32,0,0,Al-aqar Kpj Real Estate Investment Trust,0,0,0
20120914,104729,ALAQF,OTC,0.32,0.32,0,0,Al-aqar Kpj Real Estate Investment Trust,0,0,0
20120917,104729,ALAQF,OTC,0.32,0.32,0,0,Al-aqar Kpj Real Estate Investment Trust,0,0,0
20120918,104729,ALAQF,OTC,0.32,0.32,0,0,Al-aqar Kpj Real Estate Investment Trust,0,0,0
20120919,104729,ALAQF,OTC,0.32,0.32,0,0,Al-aqar Kpj Real Estate Investment Trust,0,0,0
20120920,104729,ALAQF,OTC,0.32,0.32,0,0,Al-aqar Kpj Real Estate Investment Trust,0,0,0
20120921,104729,ALAQF,OTC,0.32,0.32,0,0,Al-aqar Kpj Real Estate Investment Trust,0,0,0
20120924,104729,ALAQF,OTC,0.32,0.32,0,0,Al-aqar Kpj Real Estate Investment Trust,0,0,0
20120925,104729,ALAQF,OTC,0.32,0.32,0,0,Al-aqar Kpj Real Estate Investment Trust,0,0,0
20120926,104729,ALAQF,OTC,0.32,0.32,0,0,Al-aqar Kpj Real Estate Investment Trust,0,0,0
20120927,104729,ALAQF,OTC,0.32,0.32,0,0,Al-aqar Kpj Real Estate Investment Trust,0,0,0
20120928,104729,ALAQF,OTC,0.32,0.32,0,0,Al-aqar Kpj Real Estate Investment Trust,0,0,0
20121001,104729,ALAQF,OTC,0.32,0.32,0,0,Al-aqar Kpj Real Estate Investment Trust,0,0,0
20121002,104729,ALAQF,OTC,0.32,0.32,0,0,Al-aqar Kpj Real Estate Investment Trust,0,0,0
20121003,104729,ALAQF,OTC,0.32,0.32,0,0,Al-aqar Kpj Real Estate Investment Trust,0,0,0
20121004,104729,ALAQF,OTC,0.32,0.32,0,0,Al-aqar Kpj Real Estate Investment Trust,0,0,0
20121005,104729,ALAQF,OTC,0.32,0.32,0,0,Al-aqar Kpj Real Estate Investment Trust,0,0,0
20121008,104729,ALAQF,OTC,0.32,0.32,0,0,Al-aqar Kpj Real Estate Investment Trust,0,0,0
20121009,104729,ALAQF,OTC,0.32,0.32,0,0,Al-aqar Kpj Real Estate Investment Trust,0,0,0
20121010,104729,ALAQF,OTC,0.32,0.32,0,0,Al-aqar Kpj Real Estate Investment Trust,0,0,0
20121011,104729,ALAQF,OTC,0.32,0.32,0,0,Al-aqar Kpj Real Estate Investment Trust,0,0,0
20121012,104729,ALAQF,OTC,0.32,0.32,0,0,Al-aqar Kpj Real Estate Investment Trust,0,0,0
20121015,104729,ALAQF,OTC,0.32,0.32,0,0,Al-aqar Kpj Real Estate Investment Trust,0,0,0
20121016,104729,ALAQF,OTC,0.32,0.32,0,0,Al-aqar Kpj Real Estate Investment Trust,0,0,0
20121017,104729,ALAQF,OTC,0.32,0.32,0,0,Al-aqar Kpj Real Estate Investment Trust,0,0,0
20121018,104729,ALAQF,OTC,0.32,0.32,0,0,Al-aqar Kpj Real Estate Investment Trust,0,0,0
20121019,104729,ALAQF,OTC,0.32,0.32,0,0,Al-aqar Kpj Real Estate Investment Trust,0,0,0
20121022,104729,ALAQF,OTC,0.32,0.32,0,0,Al-aqar Kpj Real Estate Investment Trust,0,0,0
20121023,104729,ALAQF,OTC,0.32,0.32,0,0,Al-aqar Kpj Real Estate Investment Trust,0,0,0
20121024,104729,ALAQF,OTC,0.32,0.32,0,0,Al-aqar Kpj Real Estate Investment Trust,0,0,0
20121025,104729,ALAQF,OTC,0.32,0.32,0,0,Al-aqar Kpj Real Estate Investment Trust,0,0,0
20121026,104729,ALAQF,OTC,0.32,0.32,0,0,Al-aqar Kpj Real Estate Investment Trust,0,0,0
20121031,104729,ALAQF,OTC,0.32,0.32,0,0,Al-aqar Kpj Real Estate Investment Trust,0,0,0
20121101,104729,ALAQF,OTC,0.32,0.32,0,0,Al-aqar Kpj Real Estate Investment Trust,0,0,0
20121102,104729,ALAQF,OTC,0.32,0.32,0,0,Al-aqar Kpj Real Estate Investment Trust,0,0,0
20121105,104729,ALAQF,OTC,0.32,0.32,0,0,Al-aqar Kpj Real Estate Investment Trust,0,0,0
20121106,104729,ALAQF,OTC,0.32,0.32,0,0,Al-aqar Kpj Real Estate Investment Trust,0,0,0
20121107,104729,ALAQF,OTC,0.32,0.32,0,0,Al-aqar Kpj Real Estate Investment Trust,0,0,0
20121108,104729,ALAQF,OTC,0.32,0.32,0,0,Al-aqar Kpj Real Estate Investment Trust,0,0,0
20121109,104729,ALAQF,OTC,0.32,0.32,0,0,Al-aqar Kpj Real Estate Investment Trust,0,0,0
20121112,104729,ALAQF,OTC,0.32,0.32,0,0,Al-aqar Kpj Real Estate Investment Trust,0,0,0
20121113,104729,ALAQF,OTC,0.32,0.32,0,0,Al-aqar Kpj Real Estate Investment Trust,0,0,0
20121114,104729,ALAQF,OTC,0.32,0.32,0,0,Al-aqar Kpj Real Estate Investment Trust,0,0,0
20121115,104729,ALAQF,OTC,0.32,0.32,0,0,Al-aqar Kpj Real Estate Investment Trust,0,0,0
20121116,104729,ALAQF,OTC,0.32,0.32,0,0,Al-aqar Kpj Real Estate Investment Trust,0,0,0
20121119,104729,ALAQF,OTC,0.32,0.32,0,0,Al-aqar Kpj Real Estate Investment Trust,0,0,0
20121120,104729,ALAQF,OTC,0.32,0.32,0,0,Al-aqar Kpj Real Estate Investment Trust,0,0,0
20121121,104729,ALAQF,OTC,0.32,0.32,0,0,Al-aqar Kpj Real Estate Investment Trust,0,0,0
20121123,104729,ALAQF,OTC,0.32,0.32,0,0,Al-aqar Kpj Real Estate Investment Trust,0,0,0
20121126,104729,ALAQF,OTC,0.32,0.32,0,0,Al-aqar Kpj Real Estate Investment Trust,0,0,0
20121127,104729,ALAQF,OTC,0.32,0.32,0,0,Al-aqar Kpj Real Estate Investment Trust,0,0,0
20121128,104729,ALAQF,OTC,0.32,0.32,0,0,Al-aqar Kpj Real Estate Investment Trust,0,0,0
20121129,104729,ALAQF,OTC,0.32,0.32,0,0,Al-aqar Kpj Real Estate Investment Trust,0,0,0
20121130,104729,ALAQF,OTC,0.32,0.32,0,0,Al-aqar Kpj Real Estate Investment Trust,0,0,0
20121203,104729,ALAQF,OTC,0.32,0.32,0,0,Al-aqar Kpj Real Estate Investment Trust,0,0,0
20121204,104729,ALAQF,OTC,0.32,0.32,0,0,Al-aqar Kpj Real Estate Investment Trust,0,0,0
20121205,104729,ALAQF,OTC,0.32,0.32,0,0,Al-aqar Kpj Real Estate Investment Trust,0,0,0
20121206,104729,ALAQF,OTC,0.32,0.32,0,0,Al-aqar Kpj Real Estate Investment Trust,0,0,0
20121207,104729,ALAQF,OTC,0.32,0.32,0,0,Al-aqar Kpj Real Estate Investment Trust,0,0,0
20121210,104729,ALAQF,OTC,0.32,0.32,0,0,Al-aqar Kpj Real Estate Investment Trust,0,0,0
20121211,104729,ALAQF,OTC,0.32,0.32,0,0,Al-aqar Kpj Real Estate Investment Trust,0,0,0
20121212,104729,ALAQF,OTC,0.32,0.32,0,0,Al-aqar Kpj Real Estate Investment Trust,0,0,0
20121213,104729,ALAQF,OTC,0.32,0.32,0,0,Al-aqar Kpj Real Estate Investment Trust,0,0,0
20121214,104729,ALAQF,OTC,0.32,0.32,0,0,Al-aqar Kpj Real Estate Investment Trust,0,0,0
20121217,104729,ALAQF,OTC,0.32,0.32,0,0,Al-aqar Kpj Real Estate Investment Trust,0,0,0
20121218,104729,ALAQF,OTC,0.32,0.32,0,0,Al-aqar Kpj Real Estate Investment Trust,0,0,0
20121219,104729,ALAQF,OTC,0.32,0.32,0,0,Al-aqar Kpj Real Estate Investment Trust,0,0,0
20121220,104729,ALAQF,OTC,0.32,0.32,0,0,Al-aqar Kpj Real Estate Investment Trust,0,0,0
20121221,104729,ALAQF,OTC,0.32,0.32,0,0,Al-aqar Kpj Real Estate Investment Trust,0,0,0
20121224,104729,ALAQF,OTC,0.32,0.32,0,0,Al-aqar Kpj Real Estate Investment Trust,0,0,0
20121226,104729,ALAQF,OTC,0.32,0.32,0,0,Al-aqar Kpj Real Estate Investment Trust,0,0,0
20121227,104729,ALAQF,OTC,0.32,0.32,0,0,Al-aqar Kpj Real Estate Investment Trust,0,0,0
20121228,104729,ALAQF,OTC,0.32,0.32,0,0,Al-aqar Kpj Real Estate Investment Trust,0,0,0
20121231,104729,ALAQF,OTC,0.32,0.32,0,0,Al-aqar Kpj Real Estate Investment Trust,0,0,0
20130102,104729,ALAQF,OTC,0.32,0.32,0,0,Al-aqar Kpj Real Estate Investment Trust,0,0,0
20130103,104729,ALAQF,OTC,0.32,0.32,0,0,Al-aqar Kpj Real Estate Investment Trust,0,0,0
20130104,104729,ALAQF,OTC,0.32,0.32,0,0,Al-aqar Kpj Real Estate Investment Trust,0,0,0
20130107,104729,ALAQF,OTC,0.32,0.32,0,0,Al-aqar Kpj Real Estate Investment Trust,0,0,0
20130108,104729,ALAQF,OTC,0.32,0.32,0,0,Al-aqar Kpj Real Estate Investment Trust,0,0,0
20130109,104729,ALAQF,OTC,0.32,0.32,0,0,Al-aqar Kpj Real Estate Investment Trust,0,0,0
20130110,104729,ALAQF,OTC,0.32,0.32,0,0,Al-aqar Kpj Real Estate Investment Trust,0,0,0
20130111,104729,ALAQF,OTC,0.32,0.32,0,0,Al-aqar Kpj Real Estate Investment Trust,0,0,0
20130114,104729,ALAQF,OTC,0.32,0.32,0,0,Al-aqar Kpj Real Estate Investment Trust,0,0,0
20130115,104729,ALAQF,OTC,0.32,0.32,0,0,Al-aqar Kpj Real Estate Investment Trust,0,0,0
20130116,104729,ALAQF,OTC,0.32,0.32,0,0,Al-aqar Kpj Real Estate Investment Trust,0,0,0
20130117,104729,ALAQF,OTC,0.32,0.32,0,0,Al-aqar Kpj Real Estate Investment Trust,0,0,0
20130118,104729,ALAQF,OTC,0.32,0.32,0,0,Al-aqar Kpj Real Estate Investment Trust,0,0,0
20130122,104729,ALAQF,OTC,0.32,0.32,0,0,Al-aqar Kpj Real Estate Investment Trust,0,0,0
20130123,104729,ALAQF,OTC,0.32,0.32,0,0,Al-aqar Kpj Real Estate Investment Trust,0,0,0
20130124,104729,ALAQF,OTC,0.32,0.32,0,0,Al-aqar Kpj Real Estate Investment Trust,0,0,0
20130125,104729,ALAQF,OTC,0.32,0.32,0,0,Al-aqar Kpj Real Estate Investment Trust,0,0,0
20130128,104729,ALAQF,OTC,0.32,0.32,0,0,Al-aqar Kpj Real Estate Investment Trust,0,0,0
20130129,104729,ALAQF,OTC,0.32,0.32,0,0,Al-aqar Kpj Real Estate Investment Trust,0,0,0
20130130,104729,ALAQF,OTC,0.42,0.42,3,0,Al-aqar Kpj Real Estate Investment Trust,0,0,0
20130131,104729,ALAQF,OTC,0.42,0.42,0,0,Al-aqar Kpj Real Estate Investment Trust,0,0,0
20130201,104729,ALAQF,OTC,0.42,0.42,0,0,Al-aqar Kpj Real Estate Investment Trust,0,0,0
20130204,104729,ALAQF,OTC,0.42,0.42,0,0,Al-aqar Kpj Real Estate Investment Trust,0,0,0
20130205,104729,ALAQF,OTC,0.42,0.42,0,0,Al-aqar Kpj Real Estate Investment Trust,0,0,0
20130206,104729,ALAQF,OTC,0.42,0.42,0,0,Al-aqar Kpj Real Estate Investment Trust,0,0,0
20130207,104729,ALAQF,OTC,0.42,0.42,0,0,Al-aqar Kpj Real Estate Investment Trust,0,0,0
20130208,104729,ALAQF,OTC,0.42,0.42,0,0,Al-aqar Kpj Real Estate Investment Trust,0,0,0
20130211,104729,ALAQF,OTC,0.42,0.42,0,0,Al-aqar Kpj Real Estate Investment Trust,0,0,0
20130212,104729,ALAQF,OTC,0.42,0.42,0,0,Al-aqar Kpj Real Estate Investment Trust,0,0,0
20130213,104729,ALAQF,OTC,0.42,0.42,0,0,Al-aqar Kpj Real Estate Investment Trust,0,0,0
20130214,104729,ALAQF,OTC,0.42,0.42,0,0,Al-aqar Kpj Real Estate Investment Trust,0,0,0
20130215,104729,ALAQF,OTC,0.42,0.42,0,0,Al-aqar Kpj Real Estate Investment Trust,0,0,0
20130219,104729,ALAQF,OTC,0.42,0.42,0,0,Al-aqar Kpj Real Estate Investment Trust,0,0,0
20130220,104729,ALAQF,OTC,0.42,0.42,0,0,Al-aqar Kpj Real Estate Investment Trust,0,0,0
20130221,104729,ALAQF,OTC,0.42,0.42,0,0,Al-aqar Kpj Real Estate Investment Trust,0,0,0
20130222,104729,ALAQF,OTC,0.42,0.42,0,0,Al-aqar Kpj Real Estate Investment Trust,0,0,0
20130225,104729,ALAQF,OTC,0.42,0.42,0,0,Al-aqar Kpj Real Estate Investment Trust,0,0,0
20130226,104729,ALAQF,OTC,0.42,0.42,0,0,Al-aqar Kpj Real Estate Investment Trust,0,0,0
20130227,104729,ALAQF,OTC,0.42,0.42,0,0,Al-aqar Kpj Real Estate Investment Trust,0,0,0
20130228,104729,ALAQF,OTC,0.42,0.42,0,0,Al-aqar Kpj Real Estate Investment Trust,0,0,0
20130301,104729,ALAQF,OTC,0.42,0.42,0,0,Al-aqar Kpj Real Estate Investment Trust,0,0,0
20130304,104729,ALAQF,OTC,0.42,0.42,0,0,Al-aqar Kpj Real Estate Investment Trust,0,0,0
20130305,104729,ALAQF,OTC,0.42,0.42,0,0,Al-aqar Kpj Real Estate Investment Trust,0,0,0
20130306,104729,ALAQF,OTC,0.42,0.42,0,0,Al-aqar Kpj Real Estate Investment Trust,0,0,0
20130307,104729,ALAQF,OTC,0.42,0.42,0,0,Al-aqar Kpj Real Estate Investment Trust,0,0,0
20130308,104729,ALAQF,OTC,0.42,0.42,0,0,Al-aqar Kpj Real Estate Investment Trust,0,0,0
20130311,104729,ALAQF,OTC,0.42,0.42,0,0,Al-aqar Kpj Real Estate Investment Trust,0,0,0
20130312,104729,ALAQF,OTC,0.42,0.42,0,0,Al-aqar Kpj Real Estate Investment Trust,0,0,0
20130313,104729,ALAQF,OTC,0.42,0.42,0,0,Al-aqar Kpj Real Estate Investment Trust,0,0,0
20130314,104729,ALAQF,OTC,0.42,0.42,0,0,Al-aqar Kpj Real Estate Investment Trust,0,0,0
20130315,104729,ALAQF,OTC,0.42,0.42,0,0,Al-aqar Kpj Real Estate Investment Trust,0,0,0
20130318,104729,ALAQF,OTC,0.42,0.42,0,0,Al-aqar Kpj Real Estate Investment Trust,0,0,0
20130319,104729,ALAQF,OTC,0.42,0.42,0,0,Al-aqar Kpj Real Estate Investment Trust,0,0,0
20130320,104729,ALAQF,OTC,0.42,0.42,0,0,Al-aqar Kpj Real Estate Investment Trust,0,0,0
20130321,104729,ALAQF,OTC,0.42,0.42,0,0,Al-aqar Kpj Real Estate Investment Trust,0,0,0
20130322,104729,ALAQF,OTC,0.42,0.42,0,0,Al-aqar Kpj Real Estate Investment Trust,0,0,0
20130325,104729,ALAQF,OTC,0.42,0.42,0,0,Al-aqar Kpj Real Estate Investment Trust,0,0,0
20130326,104729,ALAQF,OTC,0.42,0.42,0,0,Al-aqar Kpj Real Estate Investment Trust,0,0,0
20130327,104729,ALAQF,OTC,0.42,0.42,0,0,Al-aqar Kpj Real Estate Investment Trust,0,0,0
20130328,104729,ALAQF,OTC,0.42,0.42,0,0,Al-aqar Kpj Real Estate Investment Trust,0,0,0
20130401,104729,ALAQF,OTC,0.42,0.42,0,0,Al-aqar Kpj Real Estate Investment Trust,0,0,0
20130402,104729,ALAQF,OTC,0.42,0.42,0,0,Al-aqar Kpj Real Estate Investment Trust,0,0,0
20130403,104729,ALAQF,OTC,0.42,0.42,0,0,Al-aqar Kpj Real Estate Investment Trust,0,0,0
20130404,104729,ALAQF,OTC,0.42,0.42,0,0,Al-aqar Kpj Real Estate Investment Trust,0,0,0
20130405,104729,ALAQF,OTC,0.42,0.42,0,0,Al-aqar Kpj Real Estate Investment Trust,0,0,0
20130408,104729,ALAQF,OTC,0.42,0.42,0,0,Al-aqar Kpj Real Estate Investment Trust,0,0,0
20130409,104729,ALAQF,OTC,0.42,0.42,0,0,Al-aqar Kpj Real Estate Investment Trust,0,0,0
20130410,104729,ALAQF,OTC,0.42,0.42,0,0,Al-aqar Kpj Real Estate Investment Trust,0,0,0
20130411,104729,ALAQF,OTC,0.42,0.42,0,0,Al-aqar Kpj Real Estate Investment Trust,0,0,0
20130412,104729,ALAQF,OTC,0.42,0.42,0,0,Al-aqar Kpj Real Estate Investment Trust,0,0,0
20130415,104729,ALAQF,OTC,0.42,0.42,0,0,Al-aqar Kpj Real Estate Investment Trust,0,0,0
20130416,104729,ALAQF,OTC,0.42,0.42,0,0,Al-aqar Kpj Real Estate Investment Trust,0,0,0
20130417,104729,ALAQF,OTC,0.42,0.42,0,0,Al-aqar Kpj Real Estate Investment Trust,0,0,0
20130418,104729,ALAQF,OTC,0.42,0.42,0,0,Al-aqar Kpj Real Estate Investment Trust,0,0,0
20130419,104729,ALAQF,OTC,0.42,0.42,0,0,Al-aqar Kpj Real Estate Investment Trust,0,0,0
20130422,104729,ALAQF,OTC,0.42,0.42,0,0,Al-aqar Kpj Real Estate Investment Trust,0,0,0
20130423,104729,ALAQF,OTC,0.42,0.42,0,0,Al-aqar Kpj Real Estate Investment Trust,0,0,0
20130424,104729,ALAQF,OTC,0.42,0.42,0,0,Al-aqar Kpj Real Estate Investment Trust,0,0,0
20130425,104729,ALAQF,OTC,0.42,0.42,0,0,Al-aqar Kpj Real Estate Investment Trust,0,0,0
20130426,104729,ALAQF,OTC,0.42,0.42,0,0,Al-aqar Kpj Real Estate Investment Trust,0,0,0
20130429,104729,ALAQF,OTC,0.42,0.42,0,0,Al-aqar Kpj Real Estate Investment Trust,0,0,0
20130430,104729,ALAQF,OTC,0.42,0.42,0,0,Al-aqar Kpj Real Estate Investment Trust,0,0,0
20130501,104729,ALAQF,OTC,0.42,0.42,0,0,Al-aqar Kpj Real Estate Investment Trust,0,0,0
20130502,104729,ALAQF,OTC,0.42,0.42,0,0,Al-aqar Kpj Real Estate Investment Trust,0,0,0
20130503,104729,ALAQF,OTC,0.42,0.42,0,0,Al-aqar Kpj Real Estate Investment Trust,0,0,0
20130506,104729,ALAQF,OTC,0.42,0.42,0,0,Al-aqar Kpj Real Estate Investment Trust,0,0,0
20130507,104729,ALAQF,OTC,0.42,0.42,0,0,Al-aqar Kpj Real Estate Investment Trust,0,0,0
20130508,104729,ALAQF,OTC,0.42,0.42,0,0,Al-aqar Kpj Real Estate Investment Trust,0,0,0
20130509,104729,ALAQF,OTC,0.42,0.42,0,0,Al-aqar Kpj Real Estate Investment Trust,0,0,0
20130510,104729,ALAQF,OTC,0.42,0.42,0,0,Al-aqar Kpj Real Estate Investment Trust,0,0,0
20130513,104729,ALAQF,OTC,0.42,0.42,0,0,Al-aqar Kpj Real Estate Investment Trust,0,0,0
20130514,104729,ALAQF,OTC,0.42,0.42,0,0,Al-aqar Kpj Real Estate Investment Trust,0,0,0
20130515,104729,ALAQF,OTC,0.42,0.42,0,0,Al-aqar Kpj Real Estate Investment Trust,0,0,0
20130516,104729,ALAQF,OTC,0.42,0.42,0,0,Al-aqar Kpj Real Estate Investment Trust,0,0,0
20130517,104729,ALAQF,OTC,0.42,0.42,0,0,Al-aqar Kpj Real Estate Investment Trust,0,0,0
20130520,104729,ALAQF,OTC,0.42,0.42,0,0,Al-aqar Kpj Real Estate Investment Trust,0,0,0
20130521,104729,ALAQF,OTC,0.42,0.42,0,0,Al-aqar Kpj Real Estate Investment Trust,0,0,0
20130522,104729,ALAQF,OTC,0.42,0.42,0,0,Al-aqar Kpj Real Estate Investment Trust,0,0,0
20130523,104729,ALAQF,OTC,0.42,0.42,0,0,Al-aqar Kpj Real Estate Investment Trust,0,0,0
20130524,104729,ALAQF,OTC,0.42,0.42,0,0,Al-aqar Kpj Real Estate Investment Trust,0,0,0
20130528,104729,ALAQF,OTC,0.42,0.42,0,0,Al-aqar Kpj Real Estate Investment Trust,0,0,0
20130529,104729,ALAQF,OTC,0.42,0.42,0,0,Al-aqar Kpj Real Estate Investment Trust,0,0,0
20130530,104729,ALAQF,OTC,0.42,0.42,0,0,Al-aqar Kpj Real Estate Investment Trust,0,0,0
20130531,104729,ALAQF,OTC,0.42,0.42,0,0,Al-aqar Kpj Real Estate Investment Trust,0,0,0
20130603,104729,ALAQF,OTC,0.42,0.42,0,0,Al-aqar Kpj Real Estate Investment Trust,0,0,0
20130604,104729,ALAQF,OTC,0.42,0.42,0,0,Al-aqar Kpj Real Estate Investment Trust,0,0,0
20130605,104729,ALAQF,OTC,0.42,0.42,0,0,Al-aqar Kpj Real Estate Investment Trust,0,0,0
20130606,104729,ALAQF,OTC,0.42,0.42,0,0,Al-aqar Kpj Real Estate Investment Trust,0,0,0
20130607,104729,ALAQF,OTC,0.42,0.42,0,0,Al-aqar Kpj Real Estate Investment Trust,0,0,0
20130610,104729,ALAQF,OTC,0.42,0.42,0,0,Al-aqar Kpj Real Estate Investment Trust,0,0,0
20130611,104729,ALAQF,OTC,0.42,0.42,0,0,Al-aqar Kpj Real Estate Investment Trust,0,0,0
20130612,104729,ALAQF,OTC,0.42,0.42,0,0,Al-aqar Kpj Real Estate Investment Trust,0,0,0
20130613,104729,ALAQF,OTC,0.42,0.42,0,0,Al-aqar Kpj Real Estate Investment Trust,0,0,0
20130614,104729,ALAQF,OTC,0.42,0.42,0,0,Al-aqar Kpj Real Estate Investment Trust,0,0,0
20130617,104729,ALAQF,OTC,0.42,0.42,0,0,Al-aqar Kpj Real Estate Investment Trust,0,0,0
20130618,104729,ALAQF,OTC,0.42,0.42,0,0,Al-aqar Kpj Real Estate Investment Trust,0,0,0
20130619,104729,ALAQF,OTC,0.42,0.42,0,0,Al-aqar Kpj Real Estate Investment Trust,0,0,0
20130620,104729,ALAQF,OTC,0.42,0.42,0,0,Al-aqar Kpj Real Estate Investment Trust,0,0,0
20130621,104729,ALAQF,OTC,0.42,0.42,0,0,Al-aqar Kpj Real Estate Investment Trust,0,0,0
20130624,104729,ALAQF,OTC,0.42,0.42,0,0,Al-aqar Kpj Real Estate Investment Trust,0,0,0
20130625,104729,ALAQF,OTC,0.42,0.42,0,0,Al-aqar Kpj Real Estate Investment Trust,0,0,0
20130626,104729,ALAQF,OTC,0.42,0.42,0,0,Al-aqar Kpj Real Estate Investment Trust,0,0,0
20130627,104729,ALAQF,OTC,0.42,0.42,0,0,Al-aqar Kpj Real Estate Investment Trust,0,0,0
20130628,104729,ALAQF,OTC,0.42,0.42,0,0,Al-aqar Kpj Real Estate Investment Trust,0,0,0
20130701,104729,ALAQF,OTC,0.42,0.42,0,0,Al-aqar Kpj Real Estate Investment Trust,0,0,0
20130702,104729,ALAQF,OTC,0.42,0.42,0,0,Al-aqar Kpj Real Estate Investment Trust,0,0,0
20130703,104729,ALAQF,OTC,0.42,0.42,0,0,Al-aqar Kpj Real Estate Investment Trust,0,0,0
20130705,104729,ALAQF,OTC,0.42,0.42,0,0,Al-aqar Kpj Real Estate Investment Trust,0,0,0
20130708,104729,ALAQF,OTC,0.42,0.42,0,0,Al-aqar Kpj Real Estate Investment Trust,0,0,0
20130709,104729,ALAQF,OTC,0.42,0.42,0,0,Al-aqar Kpj Real Estate Investment Trust,0,0,0
20130710,104729,ALAQF,OTC,0.42,0.42,0,0,Al-aqar Kpj Real Estate Investment Trust,0,0,0
20130711,104729,ALAQF,OTC,0.42,0.42,0,0,Al-aqar Kpj Real Estate Investment Trust,0,0,0
20130712,104729,ALAQF,OTC,0.42,0.42,0,0,Al-aqar Kpj Real Estate Investment Trust,0,0,0
20130715,104729,ALAQF,OTC,0.42,0.42,0,0,Al-aqar Kpj Real Estate Investment Trust,0,0,0
20130716,104729,ALAQF,OTC,0.42,0.42,0,0,Al-aqar Kpj Real Estate Investment Trust,0,0,0
20130717,104729,ALAQF,OTC,0.42,0.42,0,0,Al-aqar Kpj Real Estate Investment Trust,0,0,0
20130718,104729,ALAQF,OTC,0.42,0.42,0,0,Al-aqar Kpj Real Estate Investment Trust,0,0,0
20130719,104729,ALAQF,OTC,0.42,0.42,0,0,Al-aqar Kpj Real Estate Investment Trust,0,0,0
20130722,104729,ALAQF,OTC,0.42,0.42,0,0,Al-aqar Kpj Real Estate Investment Trust,0,0,0
20130723,104729,ALAQF,OTC,0.42,0.42,0,0,Al-aqar Kpj Real Estate Investment Trust,0,0,0
20130724,104729,ALAQF,OTC,0.42,0.42,0,0,Al-aqar Kpj Real Estate Investment Trust,0,0,0
20130725,104729,ALAQF,OTC,0.42,0.42,0,0,Al-aqar Kpj Real Estate Investment Trust,0,0,0
20130726,104729,ALAQF,OTC,0.42,0.42,0,0,Al-aqar Kpj Real Estate Investment Trust,0,0,0
20130729,104729,ALAQF,OTC,0.42,0.42,0,0,Al-aqar Kpj Real Estate Investment Trust,0,0,0
20130730,104729,ALAQF,OTC,0.42,0.42,0,0,Al-aqar Kpj Real Estate Investment Trust,0,0,0
20130731,104729,ALAQF,OTC,0.42,0.42,0,0,Al-aqar Kpj Real Estate Investment Trust,0,0,0
20130801,104729,ALAQF,OTC,0.42,0.42,0,0,Al-aqar Kpj Real Estate Investment Trust,0,0,0
20130802,104729,ALAQF,OTC,0.42,0.42,0,0,Al-aqar Kpj Real Estate Investment Trust,0,0,0
20130805,104729,ALAQF,OTC,0.42,0.42,0,0,Al-aqar Kpj Real Estate Investment Trust,0,0,0
20130806,104729,ALAQF,OTC,0.42,0.42,0,0,Al-aqar Kpj Real Estate Investment Trust,0,0,0
20130807,104729,ALAQF,OTC,0.42,0.42,0,0,Al-aqar Kpj Real Estate Investment Trust,0,0,0
20130808,104729,ALAQF,OTC,0.42,0.42,0,0,Al-aqar Kpj Real Estate Investment Trust,0,0,0
20130809,104729,ALAQF,OTC,0.42,0.42,0,0,Al-aqar Kpj Real Estate Investment Trust,0,0,0
20130812,104729,ALAQF,OTC,0.42,0.42,0,0,Al-aqar Kpj Real Estate Investment Trust,0,0,0
20130813,104729,ALAQF,OTC,0.42,0.42,0,0,Al-aqar Kpj Real Estate Investment Trust,0,0,0
20130814,104729,ALAQF,OTC,0.42,0.42,0,0,Al-aqar Kpj Real Estate Investment Trust,0,0,0
20130815,104729,ALAQF,OTC,0.42,0.42,0,0,Al-aqar Kpj Real Estate Investment Trust,0,0,0
20130816,104729,ALAQF,OTC,0.42,0.42,0,0,Al-aqar Kpj Real Estate Investment Trust,0,0,0
20130819,104729,ALAQF,OTC,0.42,0.42,0,0,Al-aqar Kpj Real Estate Investment Trust,0,0,0
20130820,104729,ALAQF,OTC,0.42,0.42,0,0,Al-aqar Kpj Real Estate Investment Trust,0,0,0
20130821,104729,ALAQF,OTC,0.42,0.42,0,0,Al-aqar Kpj Real Estate Investment Trust,0,0,0
20130822,104729,ALAQF,OTC,0.42,0.42,0,0,Al-aqar Kpj Real Estate Investment Trust,0,0,0
20130823,104729,ALAQF,OTC,0.42,0.42,0,0,Al-aqar Kpj Real Estate Investment Trust,0,0,0
20130826,104729,ALAQF,OTC,0.42,0.42,0,0,Al-aqar Kpj Real Estate Investment Trust,0,0,0
20130827,104729,ALAQF,OTC,0.42,0.42,0,0,Al-aqar Kpj Real Estate Investment Trust,0,0,0
20130828,104729,ALAQF,OTC,0.42,0.42,0,0,Al-aqar Kpj Real Estate Investment Trust,0,0,0
20130829,104729,ALAQF,OTC,0.42,0.42,0,0,Al-aqar Kpj Real Estate Investment Trust,0,0,0
20130830,104729,ALAQF,OTC,0.42,0.42,0,0,Al-aqar Kpj Real Estate Investment Trust,0,0,0
20130903,104729,ALAQF,OTC,0.42,0.42,0,0,Al-aqar Kpj Real Estate Investment Trust,0,0,0
20130904,104729,ALAQF,OTC,0.42,0.42,0,0,Al-aqar Kpj Real Estate Investment Trust,0,0,0
20130905,104729,ALAQF,OTC,0.42,0.42,0,0,Al-aqar Kpj Real Estate Investment Trust,0,0,0
20130906,104729,ALAQF,OTC,0.42,0.42,0,0,Al-aqar Kpj Real Estate Investment Trust,0,0,0
20130909,104729,ALAQF,OTC,0.42,0.42,0,0,Al-aqar Kpj Real Estate Investment Trust,0,0,0
20130910,104729,ALAQF,OTC,0.42,0.42,0,0,Al-aqar Kpj Real Estate Investment Trust,0,0,0
20130911,104729,ALAQF,OTC,0.42,0.42,0,0,Al-aqar Kpj Real Estate Investment Trust,0,0,0
20130912,104729,ALAQF,OTC,0.42,0.42,0,0,Al-aqar Kpj Real Estate Investment Trust,0,0,0
20130913,104729,ALAQF,OTC,0.42,0.42,0,0,Al-aqar Kpj Real Estate Investment Trust,0,0,0
20130916,104729,ALAQF,OTC,0.42,0.42,0,0,Al-aqar Kpj Real Estate Investment Trust,0,0,0
20130917,104729,ALAQF,OTC,0.42,0.42,0,0,Al-aqar Kpj Real Estate Investment Trust,0,0,0
20130918,104729,ALAQF,OTC,0.42,0.42,0,0,Al-aqar Kpj Real Estate Investment Trust,0,0,0
20130919,104729,ALAQF,OTC,0.42,0.42,0,0,Al-aqar Kpj Real Estate Investment Trust,0,0,0
20130920,104729,ALAQF,OTC,0.42,0.42,0,0,Al-aqar Kpj Real Estate Investment Trust,0,0,0
20130923,104729,ALAQF,OTC,0.42,0.42,0,0,Al-aqar Kpj Real Estate Investment Trust,0,0,0
20130924,104729,ALAQF,OTC,0.42,0.42,0,0,Al-aqar Kpj Real Estate Investment Trust,0,0,0
20130925,104729,ALAQF,OTC,0.42,0.42,0,0,Al-aqar Kpj Real Estate Investment Trust,0,0,0
20130926,104729,ALAQF,OTC,0.42,0.42,0,0,Al-aqar Kpj Real Estate Investment Trust,0,0,0
20130927,104729,ALAQF,OTC,0.42,0.42,0,0,Al-aqar Kpj Real Estate Investment Trust,0,0,0
20130930,104729,ALAQF,OTC,0.42,0.42,0,0,Al-aqar Kpj Real Estate Investment Trust,0,0,0
20131001,104729,ALAQF,OTC,0.42,0.42,0,0,Al-aqar Kpj Real Estate Investment Trust,0,0,0
20131002,104729,ALAQF,OTC,0.42,0.42,0,0,Al-aqar Kpj Real Estate Investment Trust,0,0,0
20131003,104729,ALAQF,OTC,0.42,0.42,0,0,Al-aqar Kpj Real Estate Investment Trust,0,0,0
20131004,104729,ALAQF,OTC,0.42,0.42,0,0,Al-aqar Kpj Real Estate Investment Trust,0,0,0
20131007,104729,ALAQF,OTC,0.42,0.42,0,0,Al-aqar Kpj Real Estate Investment Trust,0,0,0
20131008,104729,ALAQF,OTC,0.42,0.42,0,0,Al-aqar Kpj Real Estate Investment Trust,0,0,0
20131009,104729,ALAQF,OTC,0.42,0.42,0,0,Al-aqar Kpj Real Estate Investment Trust,0,0,0
20131010,104729,ALAQF,OTC,0.42,0.42,0,0,Al-aqar Kpj Real Estate Investment Trust,0,0,0
20131011,104729,ALAQF,OTC,0.42,0.42,0,0,Al-aqar Kpj Real Estate Investment Trust,0,0,0
20131014,104729,ALAQF,OTC,0.42,0.42,0,0,Al-aqar Kpj Real Estate Investment Trust,0,0,0
20131015,104729,ALAQF,OTC,0.42,0.42,0,0,Al-aqar Kpj Real Estate Investment Trust,0,0,0
20131016,104729,ALAQF,OTC,0.42,0.42,0,0,Al-aqar Kpj Real Estate Investment Trust,0,0,0
20131017,104729,ALAQF,OTC,0.42,0.42,0,0,Al-aqar Kpj Real Estate Investment Trust,0,0,0
20131018,104729,ALAQF,OTC,0.42,0.42,0,0,Al-aqar Kpj Real Estate Investment Trust,0,0,0
20131021,104729,ALAQF,OTC,0.42,0.42,0,0,Al-aqar Kpj Real Estate Investment Trust,0,0,0
20131022,104729,ALAQF,OTC,0.42,0.42,0,0,Al-aqar Kpj Real Estate Investment Trust,0,0,0
20131023,104729,ALAQF,OTC,0.42,0.42,0,0,Al-aqar Kpj Real Estate Investment Trust,0,0,0
20131024,104729,ALAQF,OTC,0.42,0.42,0,0,Al-aqar Kpj Real Estate Investment Trust,0,0,0
20131025,104729,ALAQF,OTC,0.42,0.42,0,0,Al-aqar Kpj Real Estate Investment Trust,0,0,0
20131028,104729,ALAQF,OTC,0.42,0.42,0,0,Al-aqar Kpj Real Estate Investment Trust,0,0,0
20131029,104729,ALAQF,OTC,0.42,0.42,0,0,Al-aqar Kpj Real Estate Investment Trust,0,0,0
20131030,104729,ALAQF,OTC,0.42,0.42,0,0,Al-aqar Kpj Real Estate Investment Trust,0,0,0
20131031,104729,ALAQF,OTC,0.42,0.42,0,0,Al-aqar Kpj Real Estate Investment Trust,0,0,0
20131101,104729,ALAQF,OTC,0.42,0.42,0,0,Al-aqar Kpj Real Estate Investment Trust,0,0,0
20131104,104729,ALAQF,OTC,0.42,0.42,0,0,Al-aqar Kpj Real Estate Investment Trust,0,0,0
20131105,104729,ALAQF,OTC,0.42,0.42,0,0,Al-aqar Kpj Real Estate Investment Trust,0,0,0
20131106,104729,ALAQF,OTC,0.42,0.42,0,0,Al-aqar Kpj Real Estate Investment Trust,0,0,0
20131107,104729,ALAQF,OTC,0.42,0.42,0,0,Al-aqar Kpj Real Estate Investment Trust,0,0,0
20131108,104729,ALAQF,OTC,0.42,0.42,0,0,Al-aqar Kpj Real Estate Investment Trust,0,0,0
20131111,104729,ALAQF,OTC,0.42,0.42,0,0,Al-aqar Kpj Real Estate Investment Trust,0,0,0
20131112,104729,ALAQF,OTC,0.42,0.42,0,0,Al-aqar Kpj Real Estate Investment Trust,0,0,0
20131113,104729,ALAQF,OTC,0.42,0.42,0,0,Al-aqar Kpj Real Estate Investment Trust,0,0,0
20131114,104729,ALAQF,OTC,0.42,0.42,0,0,Al-aqar Kpj Real Estate Investment Trust,0,0,0
20131115,104729,ALAQF,OTC,0.42,0.42,0,0,Al-aqar Kpj Real Estate Investment Trust,0,0,0
20131118,104729,ALAQF,OTC,0.42,0.42,0,0,Al-aqar Kpj Real Estate Investment Trust,0,0,0
20131119,104729,ALAQF,OTC,0.42,0.42,0,0,Al-aqar Kpj Real Estate Investment Trust,0,0,0
20131120,104729,ALAQF,OTC,0.42,0.42,0,0,Al-aqar Kpj Real Estate Investment Trust,0,0,0
20131121,104729,ALAQF,OTC,0.42,0.42,0,0,Al-aqar Kpj Real Estate Investment Trust,0,0,0
20131122,104729,ALAQF,OTC,0.42,0.42,0,0,Al-aqar Kpj Real Estate Investment Trust,0,0,0
20131125,104729,ALAQF,OTC,0.42,0.42,0,0,Al-aqar Kpj Real Estate Investment Trust,0,0,0
20131126,104729,ALAQF,OTC,0.42,0.42,0,0,Al-aqar Kpj Real Estate Investment Trust,0,0,0
20131127,104729,ALAQF,OTC,0.42,0.42,0,0,Al-aqar Kpj Real Estate Investment Trust,0,0,0
20131129,104729,ALAQF,OTC,0.42,0.42,0,0,Al-aqar Kpj Real Estate Investment Trust,0,0,0
20131202,104729,ALAQF,OTC,0.42,0.42,0,0,Al-aqar Kpj Real Estate Investment Trust,0,0,0
20131203,104729,ALAQF,OTC,0.42,0.42,0,0,Al-aqar Kpj Real Estate Investment Trust,0,0,0
20131204,104729,ALAQF,OTC,0.42,0.42,0,0,Al-aqar Kpj Real Estate Investment Trust,0,0,0
20131205,104729,ALAQF,OTC,0.42,0.42,0,0,Al-aqar Kpj Real Estate Investment Trust,0,0,0
20131206,104729,ALAQF,OTC,0.42,0.42,0,0,Al-aqar Kpj Real Estate Investment Trust,0,0,0
20131209,104729,ALAQF,OTC,0.42,0.42,0,0,Al-aqar Kpj Real Estate Investment Trust,0,0,0
20131210,104729,ALAQF,OTC,0.42,0.42,0,0,Al-aqar Kpj Real Estate Investment Trust,0,0,0
20131211,104729,ALAQF,OTC,0.42,0.42,0,0,Al-aqar Kpj Real Estate Investment Trust,0,0,0
20131212,104729,ALAQF,OTC,0.42,0.42,0,0,Al-aqar Kpj Real Estate Investment Trust,0,0,0
20131213,104729,ALAQF,OTC,0.42,0.42,0,0,Al-aqar Kpj Real Estate Investment Trust,0,0,0
20131216,104729,ALAQF,OTC,0.42,0.42,0,0,Al-aqar Kpj Real Estate Investment Trust,0,0,0
20131217,104729,ALAQF,OTC,0.42,0.42,0,0,Al-aqar Kpj Real Estate Investment Trust,0,0,0
20131218,104729,ALAQF,OTC,0.42,0.42,0,0,Al-aqar Kpj Real Estate Investment Trust,0,0,0
20131219,104729,ALAQF,OTC,0.42,0.42,0,0,Al-aqar Kpj Real Estate Investment Trust,0,0,0
20131220,104729,ALAQF,OTC,0.42,0.42,0,0,Al-aqar Kpj Real Estate Investment Trust,0,0,0
20131223,104729,ALAQF,OTC,0.42,0.42,0,0,Al-aqar Kpj Real Estate Investment Trust,0,0,0
20131224,104729,ALAQF,OTC,0.42,0.42,0,0,Al-aqar Kpj Real Estate Investment Trust,0,0,0
20131226,104729,ALAQF,OTC,0.42,0.42,0,0,Al-aqar Kpj Real Estate Investment Trust,0,0,0
20131227,104729,ALAQF,OTC,0.42,0.42,0,0,Al-aqar Kpj Real Estate Investment Trust,0,0,0
20131230,104729,ALAQF,OTC,0.42,0.42,0,0,Al-aqar Kpj Real Estate Investment Trust,0,0,0
20131231,104729,ALAQF,OTC,0.42,0.42,0,0,Al-aqar Kpj Real Estate Investment Trust,0,0,0
20140102,104729,ALAQF,OTC,0.42,0.42,0,0,Al-aqar Kpj Real Estate Investment Trust,0,0,0
20140103,104729,ALAQF,OTC,0.42,0.42,0,0,Al-aqar Kpj Real Estate Investment Trust,0,0,0
20140106,104729,ALAQF,OTC,0.42,0.42,0,0,Al-aqar Kpj Real Estate Investment Trust,0,0,0
20140107,104729,ALAQF,OTC,0.42,0.42,0,0,Al-aqar Kpj Real Estate Investment Trust,0,0,0
20140108,104729,ALAQF,OTC,0.42,0.42,0,0,Al-aqar Kpj Real Estate Investment Trust,0,0,0
20140109,104729,ALAQF,OTC,0.42,0.42,0,0,Al-aqar Kpj Real Estate Investment Trust,0,0,0
20140110,104729,ALAQF,OTC,0.42,0.42,0,0,Al-aqar Kpj Real Estate Investment Trust,0,0,0
20140113,104729,ALAQF,OTC,0.42,0.42,0,0,Al-aqar Kpj Real Estate Investment Trust,0,0,0
20140114,104729,ALAQF,OTC,0.42,0.42,0,0,Al-aqar Kpj Real Estate Investment Trust,0,0,0
20140115,104729,ALAQF,OTC,0.42,0.42,0,0,Al-aqar Kpj Real Estate Investment Trust,0,0,0
20140116,104729,ALAQF,OTC,0.42,0.42,0,0,Al-aqar Kpj Real Estate Investment Trust,0,0,0
20140117,104729,ALAQF,OTC,0.42,0.42,0,0,Al-aqar Kpj Real Estate Investment Trust,0,0,0
20140121,104729,ALAQF,OTC,0.42,0.42,0,0,Al-aqar Kpj Real Estate Investment Trust,0,0,0
20140122,104729,ALAQF,OTC,0.42,0.42,0,0,Al-aqar Kpj Real Estate Investment Trust,0,0,0
20140123,104729,ALAQF,OTC,0.42,0.42,0,0,Al-aqar Kpj Real Estate Investment Trust,0,0,0
20140124,104729,ALAQF,OTC,0.42,0.42,0,0,Al-aqar Kpj Real Estate Investment Trust,0,0,0
20140127,104729,ALAQF,OTC,0.42,0.42,0,0,Al-aqar Kpj Real Estate Investment Trust,0,0,0
20140128,104729,ALAQF,OTC,0.42,0.42,0,0,Al-aqar Kpj Real Estate Investment Trust,0,0,0
20140129,104729,ALAQF,OTC,0.42,0.42,0,0,Al-aqar Kpj Real Estate Investment Trust,0,0,0
20140130,104729,ALAQF,OTC,0.42,0.42,0,0,Al-aqar Kpj Real Estate Investment Trust,0,0,0
20140131,104729,ALAQF,OTC,0.42,0.42,0,0,Al-aqar Kpj Real Estate Investment Trust,0,0,0
20140203,104729,ALAQF,OTC,0.42,0.42,0,0,Al-aqar Kpj Real Estate Investment Trust,0,0,0
20140204,104729,ALAQF,OTC,0.42,0.42,0,0,Al-aqar Kpj Real Estate Investment Trust,0,0,0
20140205,104729,ALAQF,OTC,0.42,0.42,0,0,Al-aqar Kpj Real Estate Investment Trust,0,0,0
20140206,104729,ALAQF,OTC,0.42,0.42,0,0,Al-aqar Kpj Real Estate Investment Trust,0,0,0
20140207,104729,ALAQF,OTC,0.42,0.42,0,0,Al-aqar Kpj Real Estate Investment Trust,0,0,0
20140210,104729,ALAQF,OTC,0.42,0.42,0,0,Al-aqar Kpj Real Estate Investment Trust,0,0,0
20140211,104729,ALAQF,OTC,0.42,0.42,0,0,Al-aqar Kpj Real Estate Investment Trust,0,0,0
20140212,104729,ALAQF,OTC,0.42,0.42,0,0,Al-aqar Kpj Real Estate Investment Trust,0,0,0
20140213,104729,ALAQF,OTC,0.42,0.42,0,0,Al-aqar Kpj Real Estate Investment Trust,0,0,0
20140214,104729,ALAQF,OTC,0.42,0.42,0,0,Al-aqar Kpj Real Estate Investment Trust,0,0,0
20140218,104729,ALAQF,OTC,0.42,0.42,0,0,Al-aqar Kpj Real Estate Investment Trust,0,0,0
20140219,104729,ALAQF,OTC,0.42,0.42,0,0,Al-aqar Kpj Real Estate Investment Trust,0,0,0
20140220,104729,ALAQF,OTC,0.42,0.42,0,0,Al-aqar Kpj Real Estate Investment Trust,0,0,0
20140221,104729,ALAQF,OTC,0.42,0.42,0,0,Al-aqar Kpj Real Estate Investment Trust,0,0,0
20140224,104729,ALAQF,OTC,0.42,0.42,0,0,Al-aqar Kpj Real Estate Investment Trust,0,0,0
20140225,104729,ALAQF,OTC,0.42,0.42,0,0,Al-aqar Kpj Real Estate Investment Trust,0,0,0
20140226,104729,ALAQF,OTC,0.42,0.42,0,0,Al-aqar Kpj Real Estate Investment Trust,0,0,0
20140227,104729,ALAQF,OTC,0.42,0.42,0,0,Al-aqar Kpj Real Estate Investment Trust,0,0,0
20140228,104729,ALAQF,OTC,0.42,0.42,0,0,Al-aqar Kpj Real Estate Investment Trust,0,0,0
20140303,104729,ALAQF,OTC,0.42,0.42,0,0,Al-aqar Kpj Real Estate Investment Trust,0,0,0
20140304,104729,ALAQF,OTC,0.42,0.42,0,0,Al-aqar Kpj Real Estate Investment Trust,0,0,0
20140305,104729,ALAQF,OTC,0.42,0.42,0,0,Al-aqar Kpj Real Estate Investment Trust,0,0,0
20140306,104729,ALAQF,OTC,0.42,0.42,0,0,Al-aqar Kpj Real Estate Investment Trust,0,0,0
20140307,104729,ALAQF,OTC,0.42,0.42,0,0,Al-aqar Kpj Real Estate Investment Trust,0,0,0
