DDate,CSINumber,Symbol,Exchange,DClose,UnAdjustedClose,TotalVolume,Cash,MarketName,PTB,PSR,DPS
20120803,109455,IUNTF,OTC,15.41424749,15.559,0,0,Ishares Msci Eafe Index Fund Cad Hedged,0,0,0
20120806,109455,IUNTF,OTC,15.41424749,15.559,0,0,Ishares Msci Eafe Index Fund Cad Hedged,0,0,0
20120807,109455,IUNTF,OTC,15.41424749,15.559,0,0,Ishares Msci Eafe Index Fund Cad Hedged,0,0,0
20120808,109455,IUNTF,OTC,15.41424749,15.559,0,0,Ishares Msci Eafe Index Fund Cad Hedged,0,0,0
20120809,109455,IUNTF,OTC,15.41424749,15.559,0,0,Ishares Msci Eafe Index Fund Cad Hedged,0,0,0
20120810,109455,IUNTF,OTC,15.41424749,15.559,0,0,Ishares Msci Eafe Index Fund Cad Hedged,0,0,0
20120813,109455,IUNTF,OTC,15.41424749,15.559,0,0,Ishares Msci Eafe Index Fund Cad Hedged,0,0,0
20120814,109455,IUNTF,OTC,15.41424749,15.559,0,0,Ishares Msci Eafe Index Fund Cad Hedged,0,0,0
20120815,109455,IUNTF,OTC,15.41424749,15.559,0,0,Ishares Msci Eafe Index Fund Cad Hedged,0,0,0
20120816,109455,IUNTF,OTC,15.41424749,15.559,0,0,Ishares Msci Eafe Index Fund Cad Hedged,0,0,0
20120817,109455,IUNTF,OTC,15.41424749,15.559,0,0,Ishares Msci Eafe Index Fund Cad Hedged,0,0,0
20120820,109455,IUNTF,OTC,15.41424749,15.559,0,0,Ishares Msci Eafe Index Fund Cad Hedged,0,0,0
20120821,109455,IUNTF,OTC,15.41424749,15.559,0,0,Ishares Msci Eafe Index Fund Cad Hedged,0,0,0
20120822,109455,IUNTF,OTC,15.41424749,15.559,0,0,Ishares Msci Eafe Index Fund Cad Hedged,0,0,0
20120823,109455,IUNTF,OTC,16.57237175,16.728,2,0,Ishares Msci Eafe Index Fund Cad Hedged,0,0,0
20120824,109455,IUNTF,OTC,16.57237175,16.728,0,0,Ishares Msci Eafe Index Fund Cad Hedged,0,0,0
20120827,109455,IUNTF,OTC,16.57237175,16.728,0,0,Ishares Msci Eafe Index Fund Cad Hedged,0,0,0
20120828,109455,IUNTF,OTC,16.57237175,16.728,0,0,Ishares Msci Eafe Index Fund Cad Hedged,0,0,0
20120829,109455,IUNTF,OTC,16.57237175,16.728,0,0,Ishares Msci Eafe Index Fund Cad Hedged,0,0,0
20120830,109455,IUNTF,OTC,16.57237175,16.728,0,0,Ishares Msci Eafe Index Fund Cad Hedged,0,0,0
20120831,109455,IUNTF,OTC,16.57237175,16.728,0,0,Ishares Msci Eafe Index Fund Cad Hedged,0,0,0
20120904,109455,IUNTF,OTC,16.57237175,16.728,0,0,Ishares Msci Eafe Index Fund Cad Hedged,0,0,0
20120905,109455,IUNTF,OTC,16.57237175,16.728,0,0,Ishares Msci Eafe Index Fund Cad Hedged,0,0,0
20120906,109455,IUNTF,OTC,16.57237175,16.728,0,0,Ishares Msci Eafe Index Fund Cad Hedged,0,0,0
20120907,109455,IUNTF,OTC,16.57237175,16.728,0,0,Ishares Msci Eafe Index Fund Cad Hedged,0,0,0
20120910,109455,IUNTF,OTC,16.57237175,16.728,0,0,Ishares Msci Eafe Index Fund Cad Hedged,0,0,0
20120911,109455,IUNTF,OTC,16.57237175,16.728,0,0,Ishares Msci Eafe Index Fund Cad Hedged,0,0,0
20120912,109455,IUNTF,OTC,16.57237175,16.728,0,0,Ishares Msci Eafe Index Fund Cad Hedged,0,0,0
20120913,109455,IUNTF,OTC,16.57237175,16.728,0,0,Ishares Msci Eafe Index Fund Cad Hedged,0,0,0
20120914,109455,IUNTF,OTC,16.57237175,16.728,0,0,Ishares Msci Eafe Index Fund Cad Hedged,0,0,0
20120917,109455,IUNTF,OTC,16.57237175,16.728,0,0,Ishares Msci Eafe Index Fund Cad Hedged,0,0,0
20120918,109455,IUNTF,OTC,16.57237175,16.728,0,0,Ishares Msci Eafe Index Fund Cad Hedged,0,0,0
20120919,109455,IUNTF,OTC,16.57237175,16.728,0,0,Ishares Msci Eafe Index Fund Cad Hedged,0,0,0
20120920,109455,IUNTF,OTC,16.57237175,16.728,0,0,Ishares Msci Eafe Index Fund Cad Hedged,0,0,0
20120921,109455,IUNTF,OTC,16.57237175,16.728,0,0,Ishares Msci Eafe Index Fund Cad Hedged,0,0,0
20120924,109455,IUNTF,OTC,16.57237175,16.728,0,0,Ishares Msci Eafe Index Fund Cad Hedged,0,0,0
20120925,109455,IUNTF,OTC,16.57237175,16.728,0,0,Ishares Msci Eafe Index Fund Cad Hedged,0,0,0
20120926,109455,IUNTF,OTC,16.57237175,16.728,0,0,Ishares Msci Eafe Index Fund Cad Hedged,0,0,0
20120927,109455,IUNTF,OTC,16.57237175,16.728,0,0,Ishares Msci Eafe Index Fund Cad Hedged,0,0,0
20120928,109455,IUNTF,OTC,16.57237175,16.728,0,0,Ishares Msci Eafe Index Fund Cad Hedged,0,0,0
20121001,109455,IUNTF,OTC,16.57237175,16.728,0,0,Ishares Msci Eafe Index Fund Cad Hedged,0,0,0
20121002,109455,IUNTF,OTC,16.57237175,16.728,0,0,Ishares Msci Eafe Index Fund Cad Hedged,0,0,0
20121003,109455,IUNTF,OTC,16.57237175,16.728,0,0,Ishares Msci Eafe Index Fund Cad Hedged,0,0,0
20121004,109455,IUNTF,OTC,16.57237175,16.728,0,0,Ishares Msci Eafe Index Fund Cad Hedged,0,0,0
20121005,109455,IUNTF,OTC,16.57237175,16.728,0,0,Ishares Msci Eafe Index Fund Cad Hedged,0,0,0
20121008,109455,IUNTF,OTC,16.57237175,16.728,0,0,Ishares Msci Eafe Index Fund Cad Hedged,0,0,0
20121009,109455,IUNTF,OTC,16.57237175,16.728,0,0,Ishares Msci Eafe Index Fund Cad Hedged,0,0,0
20121010,109455,IUNTF,OTC,16.57237175,16.728,0,0,Ishares Msci Eafe Index Fund Cad Hedged,0,0,0
20121011,109455,IUNTF,OTC,16.57237175,16.728,0,0,Ishares Msci Eafe Index Fund Cad Hedged,0,0,0
20121012,109455,IUNTF,OTC,16.57237175,16.728,0,0,Ishares Msci Eafe Index Fund Cad Hedged,0,0,0
20121015,109455,IUNTF,OTC,16.57237175,16.728,0,0,Ishares Msci Eafe Index Fund Cad Hedged,0,0,0
20121016,109455,IUNTF,OTC,16.57237175,16.728,0,0,Ishares Msci Eafe Index Fund Cad Hedged,0,0,0
20121017,109455,IUNTF,OTC,16.57237175,16.728,0,0,Ishares Msci Eafe Index Fund Cad Hedged,0,0,0
20121018,109455,IUNTF,OTC,16.57237175,16.728,0,0,Ishares Msci Eafe Index Fund Cad Hedged,0,0,0
20121019,109455,IUNTF,OTC,16.57237175,16.728,0,0,Ishares Msci Eafe Index Fund Cad Hedged,0,0,0
20121022,109455,IUNTF,OTC,16.57237175,16.728,0,0,Ishares Msci Eafe Index Fund Cad Hedged,0,0,0
20121023,109455,IUNTF,OTC,16.57237175,16.728,0,0,Ishares Msci Eafe Index Fund Cad Hedged,0,0,0
20121024,109455,IUNTF,OTC,16.57237175,16.728,0,0,Ishares Msci Eafe Index Fund Cad Hedged,0,0,0
20121025,109455,IUNTF,OTC,16.57237175,16.728,0,0,Ishares Msci Eafe Index Fund Cad Hedged,0,0,0
20121026,109455,IUNTF,OTC,16.57237175,16.728,0,0,Ishares Msci Eafe Index Fund Cad Hedged,0,0,0
20121031,109455,IUNTF,OTC,16.57237175,16.728,0,0,Ishares Msci Eafe Index Fund Cad Hedged,0,0,0
20121101,109455,IUNTF,OTC,16.57237175,16.728,0,0,Ishares Msci Eafe Index Fund Cad Hedged,0,0,0
20121102,109455,IUNTF,OTC,16.57237175,16.728,0,0,Ishares Msci Eafe Index Fund Cad Hedged,0,0,0
20121105,109455,IUNTF,OTC,16.57237175,16.728,0,0,Ishares Msci Eafe Index Fund Cad Hedged,0,0,0
20121106,109455,IUNTF,OTC,16.57237175,16.728,0,0,Ishares Msci Eafe Index Fund Cad Hedged,0,0,0
20121107,109455,IUNTF,OTC,16.57237175,16.728,0,0,Ishares Msci Eafe Index Fund Cad Hedged,0,0,0
20121108,109455,IUNTF,OTC,16.57237175,16.728,0,0,Ishares Msci Eafe Index Fund Cad Hedged,0,0,0
20121109,109455,IUNTF,OTC,16.57237175,16.728,0,0,Ishares Msci Eafe Index Fund Cad Hedged,0,0,0
20121112,109455,IUNTF,OTC,16.57237175,16.728,0,0,Ishares Msci Eafe Index Fund Cad Hedged,0,0,0
20121113,109455,IUNTF,OTC,16.57237175,16.728,0,0,Ishares Msci Eafe Index Fund Cad Hedged,0,0,0
20121114,109455,IUNTF,OTC,16.57237175,16.728,0,0,Ishares Msci Eafe Index Fund Cad Hedged,0,0,0
20121115,109455,IUNTF,OTC,16.57237175,16.728,0,0,Ishares Msci Eafe Index Fund Cad Hedged,0,0,0
20121116,109455,IUNTF,OTC,16.57237175,16.728,0,0,Ishares Msci Eafe Index Fund Cad Hedged,0,0,0
20121119,109455,IUNTF,OTC,16.57237175,16.728,0,0,Ishares Msci Eafe Index Fund Cad Hedged,0,0,0
20121120,109455,IUNTF,OTC,16.57237175,16.728,0,0,Ishares Msci Eafe Index Fund Cad Hedged,0,0,0
20121121,109455,IUNTF,OTC,16.84778539,17.006,4,0,Ishares Msci Eafe Index Fund Cad Hedged,0,0,0
20121123,109455,IUNTF,OTC,16.84778539,17.006,0,0,Ishares Msci Eafe Index Fund Cad Hedged,0,0,0
20121126,109455,IUNTF,OTC,16.84778539,17.006,0,0,Ishares Msci Eafe Index Fund Cad Hedged,0,0,0
20121127,109455,IUNTF,OTC,16.84778539,17.006,0,0,Ishares Msci Eafe Index Fund Cad Hedged,0,0,0
20121128,109455,IUNTF,OTC,16.84778539,17.006,0,0,Ishares Msci Eafe Index Fund Cad Hedged,0,0,0
20121129,109455,IUNTF,OTC,16.84778539,17.006,0,0,Ishares Msci Eafe Index Fund Cad Hedged,0,0,0
20121130,109455,IUNTF,OTC,16.84778539,17.006,0,0,Ishares Msci Eafe Index Fund Cad Hedged,0,0,0
20121203,109455,IUNTF,OTC,16.84778539,17.006,0,0,Ishares Msci Eafe Index Fund Cad Hedged,0,0,0
20121204,109455,IUNTF,OTC,16.84778539,17.006,0,0,Ishares Msci Eafe Index Fund Cad Hedged,0,0,0
20121205,109455,IUNTF,OTC,16.84778539,17.006,0,0,Ishares Msci Eafe Index Fund Cad Hedged,0,0,0
20121206,109455,IUNTF,OTC,16.84778539,17.006,0,0,Ishares Msci Eafe Index Fund Cad Hedged,0,0,0
20121207,109455,IUNTF,OTC,16.84778539,17.006,0,0,Ishares Msci Eafe Index Fund Cad Hedged,0,0,0
20121210,109455,IUNTF,OTC,16.84778539,17.006,0,0,Ishares Msci Eafe Index Fund Cad Hedged,0,0,0
20121211,109455,IUNTF,OTC,16.84778539,17.006,0,0,Ishares Msci Eafe Index Fund Cad Hedged,0,0,0
20121212,109455,IUNTF,OTC,16.84778539,17.006,0,0,Ishares Msci Eafe Index Fund Cad Hedged,0,0,0
20121213,109455,IUNTF,OTC,16.84778539,17.006,0,0,Ishares Msci Eafe Index Fund Cad Hedged,0,0,0
20121214,109455,IUNTF,OTC,16.84778539,17.006,0,0,Ishares Msci Eafe Index Fund Cad Hedged,0,0,0
20121217,109455,IUNTF,OTC,16.84778539,17.006,0,0,Ishares Msci Eafe Index Fund Cad Hedged,0,0,0
20121218,109455,IUNTF,OTC,16.84778539,17.006,0,0,Ishares Msci Eafe Index Fund Cad Hedged,0,0,0
20121219,109455,IUNTF,OTC,16.84778539,17.006,0,0,Ishares Msci Eafe Index Fund Cad Hedged,0,0,0
20121220,109455,IUNTF,OTC,16.84778539,17.006,0,0,Ishares Msci Eafe Index Fund Cad Hedged,0,0,0
20121221,109455,IUNTF,OTC,16.84778539,17.006,0,0,Ishares Msci Eafe Index Fund Cad Hedged,0,0,0
20121224,109455,IUNTF,OTC,16.84778539,17.006,0,0,Ishares Msci Eafe Index Fund Cad Hedged,0,0,0
20121226,109455,IUNTF,OTC,16.84778539,17.006,0,0,Ishares Msci Eafe Index Fund Cad Hedged,0,0,0
20121227,109455,IUNTF,OTC,16.84778539,17.006,0,0,Ishares Msci Eafe Index Fund Cad Hedged,0,0,0
20121228,109455,IUNTF,OTC,16.84778539,17.006,0,0,Ishares Msci Eafe Index Fund Cad Hedged,0,0,0
20121231,109455,IUNTF,OTC,17.65421237,17.82,4,0,Ishares Msci Eafe Index Fund Cad Hedged,0,0,0
20130102,109455,IUNTF,OTC,17.65421237,17.82,0,0,Ishares Msci Eafe Index Fund Cad Hedged,0,0,0
20130103,109455,IUNTF,OTC,17.65421237,17.82,0,0,Ishares Msci Eafe Index Fund Cad Hedged,0,0,0
20130104,109455,IUNTF,OTC,17.65421237,17.82,0,0,Ishares Msci Eafe Index Fund Cad Hedged,0,0,0
20130107,109455,IUNTF,OTC,18.23575124,18.407,2,0,Ishares Msci Eafe Index Fund Cad Hedged,0,0,0
20130108,109455,IUNTF,OTC,18.23575124,18.407,0,0,Ishares Msci Eafe Index Fund Cad Hedged,0,0,0
20130109,109455,IUNTF,OTC,18.23575124,18.407,0,0,Ishares Msci Eafe Index Fund Cad Hedged,0,0,0
20130110,109455,IUNTF,OTC,18.23575124,18.407,0,0,Ishares Msci Eafe Index Fund Cad Hedged,0,0,0
20130111,109455,IUNTF,OTC,18.23575124,18.407,0,0,Ishares Msci Eafe Index Fund Cad Hedged,0,0,0
20130114,109455,IUNTF,OTC,18.23575124,18.407,0,0,Ishares Msci Eafe Index Fund Cad Hedged,0,0,0
20130115,109455,IUNTF,OTC,18.23575124,18.407,0,0,Ishares Msci Eafe Index Fund Cad Hedged,0,0,0
20130116,109455,IUNTF,OTC,18.23575124,18.407,0,0,Ishares Msci Eafe Index Fund Cad Hedged,0,0,0
20130117,109455,IUNTF,OTC,18.23575124,18.407,0,0,Ishares Msci Eafe Index Fund Cad Hedged,0,0,0
20130118,109455,IUNTF,OTC,18.23575124,18.407,0,0,Ishares Msci Eafe Index Fund Cad Hedged,0,0,0
20130122,109455,IUNTF,OTC,18.23575124,18.407,0,0,Ishares Msci Eafe Index Fund Cad Hedged,0,0,0
20130123,109455,IUNTF,OTC,18.23575124,18.407,0,0,Ishares Msci Eafe Index Fund Cad Hedged,0,0,0
20130124,109455,IUNTF,OTC,18.23575124,18.407,0,0,Ishares Msci Eafe Index Fund Cad Hedged,0,0,0
20130125,109455,IUNTF,OTC,18.23575124,18.407,0,0,Ishares Msci Eafe Index Fund Cad Hedged,0,0,0
20130128,109455,IUNTF,OTC,18.23575124,18.407,0,0,Ishares Msci Eafe Index Fund Cad Hedged,0,0,0
20130129,109455,IUNTF,OTC,18.23575124,18.407,0,0,Ishares Msci Eafe Index Fund Cad Hedged,0,0,0
20130130,109455,IUNTF,OTC,18.23575124,18.407,0,0,Ishares Msci Eafe Index Fund Cad Hedged,0,0,0
20130131,109455,IUNTF,OTC,18.23575124,18.407,0,0,Ishares Msci Eafe Index Fund Cad Hedged,0,0,0
20130201,109455,IUNTF,OTC,18.23575124,18.407,0,0,Ishares Msci Eafe Index Fund Cad Hedged,0,0,0
20130204,109455,IUNTF,OTC,18.23575124,18.407,0,0,Ishares Msci Eafe Index Fund Cad Hedged,0,0,0
20130205,109455,IUNTF,OTC,18.23575124,18.407,0,0,Ishares Msci Eafe Index Fund Cad Hedged,0,0,0
20130206,109455,IUNTF,OTC,18.23575124,18.407,0,0,Ishares Msci Eafe Index Fund Cad Hedged,0,0,0
20130207,109455,IUNTF,OTC,18.23575124,18.407,0,0,Ishares Msci Eafe Index Fund Cad Hedged,0,0,0
20130208,109455,IUNTF,OTC,18.23575124,18.407,0,0,Ishares Msci Eafe Index Fund Cad Hedged,0,0,0
20130211,109455,IUNTF,OTC,18.23575124,18.407,0,0,Ishares Msci Eafe Index Fund Cad Hedged,0,0,0
20130212,109455,IUNTF,OTC,18.23575124,18.407,0,0,Ishares Msci Eafe Index Fund Cad Hedged,0,0,0
20130213,109455,IUNTF,OTC,18.23575124,18.407,0,0,Ishares Msci Eafe Index Fund Cad Hedged,0,0,0
20130214,109455,IUNTF,OTC,18.23575124,18.407,0,0,Ishares Msci Eafe Index Fund Cad Hedged,0,0,0
20130215,109455,IUNTF,OTC,18.23575124,18.407,0,0,Ishares Msci Eafe Index Fund Cad Hedged,0,0,0
20130219,109455,IUNTF,OTC,18.23575124,18.407,0,0,Ishares Msci Eafe Index Fund Cad Hedged,0,0,0
20130220,109455,IUNTF,OTC,18.23575124,18.407,0,0,Ishares Msci Eafe Index Fund Cad Hedged,0,0,0
20130221,109455,IUNTF,OTC,18.23575124,18.407,0,0,Ishares Msci Eafe Index Fund Cad Hedged,0,0,0
20130222,109455,IUNTF,OTC,18.23575124,18.407,0,0,Ishares Msci Eafe Index Fund Cad Hedged,0,0,0
20130225,109455,IUNTF,OTC,18.23575124,18.407,0,0,Ishares Msci Eafe Index Fund Cad Hedged,0,0,0
20130226,109455,IUNTF,OTC,18.23575124,18.407,0,0,Ishares Msci Eafe Index Fund Cad Hedged,0,0,0
20130227,109455,IUNTF,OTC,18.23575124,18.407,0,0,Ishares Msci Eafe Index Fund Cad Hedged,0,0,0
20130228,109455,IUNTF,OTC,18.23575124,18.407,0,0,Ishares Msci Eafe Index Fund Cad Hedged,0,0,0
20130301,109455,IUNTF,OTC,18.33085811,18.503,27,0,Ishares Msci Eafe Index Fund Cad Hedged,0,0,0
20130304,109455,IUNTF,OTC,18.33085811,18.503,0,0,Ishares Msci Eafe Index Fund Cad Hedged,0,0,0
20130305,109455,IUNTF,OTC,18.33085811,18.503,0,0,Ishares Msci Eafe Index Fund Cad Hedged,0,0,0
20130306,109455,IUNTF,OTC,18.33085811,18.503,0,0,Ishares Msci Eafe Index Fund Cad Hedged,0,0,0
20130307,109455,IUNTF,OTC,18.33085811,18.503,0,0,Ishares Msci Eafe Index Fund Cad Hedged,0,0,0
20130308,109455,IUNTF,OTC,18.33085811,18.503,0,0,Ishares Msci Eafe Index Fund Cad Hedged,0,0,0
20130311,109455,IUNTF,OTC,18.33085811,18.503,0,0,Ishares Msci Eafe Index Fund Cad Hedged,0,0,0
20130312,109455,IUNTF,OTC,18.33085811,18.503,0,0,Ishares Msci Eafe Index Fund Cad Hedged,0,0,0
20130313,109455,IUNTF,OTC,18.33085811,18.503,0,0,Ishares Msci Eafe Index Fund Cad Hedged,0,0,0
20130314,109455,IUNTF,OTC,18.33085811,18.503,0,0,Ishares Msci Eafe Index Fund Cad Hedged,0,0,0
20130315,109455,IUNTF,OTC,18.33085811,18.503,0,0,Ishares Msci Eafe Index Fund Cad Hedged,0,0,0
20130318,109455,IUNTF,OTC,18.33085811,18.503,0,0,Ishares Msci Eafe Index Fund Cad Hedged,0,0,0
20130319,109455,IUNTF,OTC,18.90843419,19.086,2,0,Ishares Msci Eafe Index Fund Cad Hedged,0,0,0
20130320,109455,IUNTF,OTC,18.90843419,19.086,0,0,Ishares Msci Eafe Index Fund Cad Hedged,0,0,0
20130321,109455,IUNTF,OTC,18.90843419,19.086,0,0,Ishares Msci Eafe Index Fund Cad Hedged,0,0,0
20130322,109455,IUNTF,OTC,18.90843419,19.086,0,0,Ishares Msci Eafe Index Fund Cad Hedged,0,0,0
20130325,109455,IUNTF,OTC,18.90843419,19.086,0,0,Ishares Msci Eafe Index Fund Cad Hedged,0,0,0
20130326,109455,IUNTF,OTC,18.90843419,19.086,0,0,Ishares Msci Eafe Index Fund Cad Hedged,0,0,0
20130327,109455,IUNTF,OTC,18.90843419,19.086,0,0,Ishares Msci Eafe Index Fund Cad Hedged,0,0,0
20130328,109455,IUNTF,OTC,18.90843419,19.086,0,0,Ishares Msci Eafe Index Fund Cad Hedged,0,0,0
20130401,109455,IUNTF,OTC,18.90843419,19.086,0,0,Ishares Msci Eafe Index Fund Cad Hedged,0,0,0
20130402,109455,IUNTF,OTC,18.90843419,19.086,0,0,Ishares Msci Eafe Index Fund Cad Hedged,0,0,0
20130403,109455,IUNTF,OTC,18.90843419,19.086,0,0,Ishares Msci Eafe Index Fund Cad Hedged,0,0,0
20130404,109455,IUNTF,OTC,18.90843419,19.086,0,0,Ishares Msci Eafe Index Fund Cad Hedged,0,0,0
20130405,109455,IUNTF,OTC,18.90843419,19.086,0,0,Ishares Msci Eafe Index Fund Cad Hedged,0,0,0
20130408,109455,IUNTF,OTC,18.90843419,19.086,0,0,Ishares Msci Eafe Index Fund Cad Hedged,0,0,0
20130409,109455,IUNTF,OTC,18.90843419,19.086,0,0,Ishares Msci Eafe Index Fund Cad Hedged,0,0,0
20130410,109455,IUNTF,OTC,18.90843419,19.086,0,0,Ishares Msci Eafe Index Fund Cad Hedged,0,0,0
20130411,109455,IUNTF,OTC,18.90843419,19.086,0,0,Ishares Msci Eafe Index Fund Cad Hedged,0,0,0
20130412,109455,IUNTF,OTC,18.90843419,19.086,0,0,Ishares Msci Eafe Index Fund Cad Hedged,0,0,0
20130415,109455,IUNTF,OTC,18.90843419,19.086,0,0,Ishares Msci Eafe Index Fund Cad Hedged,0,0,0
20130416,109455,IUNTF,OTC,18.90843419,19.086,0,0,Ishares Msci Eafe Index Fund Cad Hedged,0,0,0
20130417,109455,IUNTF,OTC,18.90843419,19.086,0,0,Ishares Msci Eafe Index Fund Cad Hedged,0,0,0
20130418,109455,IUNTF,OTC,18.90843419,19.086,0,0,Ishares Msci Eafe Index Fund Cad Hedged,0,0,0
20130419,109455,IUNTF,OTC,18.90843419,19.086,0,0,Ishares Msci Eafe Index Fund Cad Hedged,0,0,0
20130422,109455,IUNTF,OTC,18.90843419,19.086,0,0,Ishares Msci Eafe Index Fund Cad Hedged,0,0,0
20130423,109455,IUNTF,OTC,18.90843419,19.086,0,0,Ishares Msci Eafe Index Fund Cad Hedged,0,0,0
20130424,109455,IUNTF,OTC,18.90843419,19.086,0,0,Ishares Msci Eafe Index Fund Cad Hedged,0,0,0
20130425,109455,IUNTF,OTC,18.90843419,19.086,0,0,Ishares Msci Eafe Index Fund Cad Hedged,0,0,0
20130426,109455,IUNTF,OTC,18.90843419,19.086,0,0,Ishares Msci Eafe Index Fund Cad Hedged,0,0,0
20130429,109455,IUNTF,OTC,18.90843419,19.086,0,0,Ishares Msci Eafe Index Fund Cad Hedged,0,0,0
20130430,109455,IUNTF,OTC,18.90843419,19.086,0,0,Ishares Msci Eafe Index Fund Cad Hedged,0,0,0
20130501,109455,IUNTF,OTC,18.90843419,19.086,0,0,Ishares Msci Eafe Index Fund Cad Hedged,0,0,0
20130502,109455,IUNTF,OTC,18.90843419,19.086,0,0,Ishares Msci Eafe Index Fund Cad Hedged,0,0,0
20130503,109455,IUNTF,OTC,18.90843419,19.086,0,0,Ishares Msci Eafe Index Fund Cad Hedged,0,0,0
20130506,109455,IUNTF,OTC,18.90843419,19.086,0,0,Ishares Msci Eafe Index Fund Cad Hedged,0,0,0
20130507,109455,IUNTF,OTC,18.90843419,19.086,0,0,Ishares Msci Eafe Index Fund Cad Hedged,0,0,0
20130508,109455,IUNTF,OTC,18.90843419,19.086,0,0,Ishares Msci Eafe Index Fund Cad Hedged,0,0,0
20130509,109455,IUNTF,OTC,18.90843419,19.086,0,0,Ishares Msci Eafe Index Fund Cad Hedged,0,0,0
20130510,109455,IUNTF,OTC,18.90843419,19.086,0,0,Ishares Msci Eafe Index Fund Cad Hedged,0,0,0
20130513,109455,IUNTF,OTC,18.90843419,19.086,0,0,Ishares Msci Eafe Index Fund Cad Hedged,0,0,0
20130514,109455,IUNTF,OTC,18.90843419,19.086,0,0,Ishares Msci Eafe Index Fund Cad Hedged,0,0,0
20130515,109455,IUNTF,OTC,18.90843419,19.086,0,0,Ishares Msci Eafe Index Fund Cad Hedged,0,0,0
20130516,109455,IUNTF,OTC,18.90843419,19.086,0,0,Ishares Msci Eafe Index Fund Cad Hedged,0,0,0
20130517,109455,IUNTF,OTC,18.90843419,19.086,0,0,Ishares Msci Eafe Index Fund Cad Hedged,0,0,0
20130520,109455,IUNTF,OTC,18.90843419,19.086,0,0,Ishares Msci Eafe Index Fund Cad Hedged,0,0,0
20130521,109455,IUNTF,OTC,20.68079031,20.875,4,0,Ishares Msci Eafe Index Fund Cad Hedged,0,0,0
20130522,109455,IUNTF,OTC,20.68079031,20.875,0,0,Ishares Msci Eafe Index Fund Cad Hedged,0,0,0
20130523,109455,IUNTF,OTC,20.68079031,20.875,0,0,Ishares Msci Eafe Index Fund Cad Hedged,0,0,0
20130524,109455,IUNTF,OTC,20.68079031,20.875,0,0,Ishares Msci Eafe Index Fund Cad Hedged,0,0,0
20130528,109455,IUNTF,OTC,20.68079031,20.875,0,0,Ishares Msci Eafe Index Fund Cad Hedged,0,0,0
20130529,109455,IUNTF,OTC,20.68079031,20.875,0,0,Ishares Msci Eafe Index Fund Cad Hedged,0,0,0
20130530,109455,IUNTF,OTC,20.68079031,20.875,0,0,Ishares Msci Eafe Index Fund Cad Hedged,0,0,0
20130531,109455,IUNTF,OTC,20.68079031,20.875,0,0,Ishares Msci Eafe Index Fund Cad Hedged,0,0,0
20130603,109455,IUNTF,OTC,20.68079031,20.875,0,0,Ishares Msci Eafe Index Fund Cad Hedged,0,0,0
20130604,109455,IUNTF,OTC,20.68079031,20.875,0,0,Ishares Msci Eafe Index Fund Cad Hedged,0,0,0
20130605,109455,IUNTF,OTC,20.68079031,20.875,0,0,Ishares Msci Eafe Index Fund Cad Hedged,0,0,0
20130606,109455,IUNTF,OTC,20.68079031,20.875,0,0,Ishares Msci Eafe Index Fund Cad Hedged,0,0,0
20130607,109455,IUNTF,OTC,20.68079031,20.875,0,0,Ishares Msci Eafe Index Fund Cad Hedged,0,0,0
20130610,109455,IUNTF,OTC,20.68079031,20.875,0,0,Ishares Msci Eafe Index Fund Cad Hedged,0,0,0
20130611,109455,IUNTF,OTC,20.68079031,20.875,0,0,Ishares Msci Eafe Index Fund Cad Hedged,0,0,0
20130612,109455,IUNTF,OTC,20.68079031,20.875,0,0,Ishares Msci Eafe Index Fund Cad Hedged,0,0,0
20130613,109455,IUNTF,OTC,20.68079031,20.875,0,0,Ishares Msci Eafe Index Fund Cad Hedged,0,0,0
20130614,109455,IUNTF,OTC,20.68079031,20.875,0,0,Ishares Msci Eafe Index Fund Cad Hedged,0,0,0
20130617,109455,IUNTF,OTC,20.68079031,20.875,0,0,Ishares Msci Eafe Index Fund Cad Hedged,0,0,0
20130618,109455,IUNTF,OTC,20.68079031,20.875,0,0,Ishares Msci Eafe Index Fund Cad Hedged,0,0,0
20130619,109455,IUNTF,OTC,20.68079031,20.875,0,0,Ishares Msci Eafe Index Fund Cad Hedged,0,0,0
20130620,109455,IUNTF,OTC,20.68079031,20.875,0,0,Ishares Msci Eafe Index Fund Cad Hedged,0,0,0
20130621,109455,IUNTF,OTC,20.68079031,20.875,0,0,Ishares Msci Eafe Index Fund Cad Hedged,0,0,0
20130624,109455,IUNTF,OTC,20.68079031,20.875,0,0,Ishares Msci Eafe Index Fund Cad Hedged,0,0,0
20130625,109455,IUNTF,OTC,20.68079031,20.875,0,0,Ishares Msci Eafe Index Fund Cad Hedged,0,0,0
20130626,109455,IUNTF,OTC,20.68079031,20.875,0,0,Ishares Msci Eafe Index Fund Cad Hedged,0,0,0
20130627,109455,IUNTF,OTC,20.68079031,20.875,0,0,Ishares Msci Eafe Index Fund Cad Hedged,0,0,0
20130628,109455,IUNTF,OTC,20.68079031,20.875,0,0,Ishares Msci Eafe Index Fund Cad Hedged,0,0,0
20130701,109455,IUNTF,OTC,20.68079031,20.875,0,0,Ishares Msci Eafe Index Fund Cad Hedged,0,0,0
20130702,109455,IUNTF,OTC,20.68079031,20.875,0,0,Ishares Msci Eafe Index Fund Cad Hedged,0,0,0
20130703,109455,IUNTF,OTC,20.68079031,20.875,0,0,Ishares Msci Eafe Index Fund Cad Hedged,0,0,0
20130705,109455,IUNTF,OTC,20.68079031,20.875,0,0,Ishares Msci Eafe Index Fund Cad Hedged,0,0,0
20130708,109455,IUNTF,OTC,20.68079031,20.875,0,0,Ishares Msci Eafe Index Fund Cad Hedged,0,0,0
20130709,109455,IUNTF,OTC,20.68079031,20.875,0,0,Ishares Msci Eafe Index Fund Cad Hedged,0,0,0
20130710,109455,IUNTF,OTC,20.68079031,20.875,0,0,Ishares Msci Eafe Index Fund Cad Hedged,0,0,0
20130711,109455,IUNTF,OTC,20.68079031,20.875,0,0,Ishares Msci Eafe Index Fund Cad Hedged,0,0,0
20130712,109455,IUNTF,OTC,20.68079031,20.875,0,0,Ishares Msci Eafe Index Fund Cad Hedged,0,0,0
20130715,109455,IUNTF,OTC,20.68079031,20.875,0,0,Ishares Msci Eafe Index Fund Cad Hedged,0,0,0
20130716,109455,IUNTF,OTC,20.68079031,20.875,0,0,Ishares Msci Eafe Index Fund Cad Hedged,0,0,0
20130717,109455,IUNTF,OTC,20.68079031,20.875,0,0,Ishares Msci Eafe Index Fund Cad Hedged,0,0,0
20130718,109455,IUNTF,OTC,20.68079031,20.875,0,0,Ishares Msci Eafe Index Fund Cad Hedged,0,0,0
20130719,109455,IUNTF,OTC,20.68079031,20.875,0,0,Ishares Msci Eafe Index Fund Cad Hedged,0,0,0
20130722,109455,IUNTF,OTC,20.68079031,20.875,0,0,Ishares Msci Eafe Index Fund Cad Hedged,0,0,0
20130723,109455,IUNTF,OTC,20.68079031,20.875,0,0,Ishares Msci Eafe Index Fund Cad Hedged,0,0,0
20130724,109455,IUNTF,OTC,20.68079031,20.875,0,0,Ishares Msci Eafe Index Fund Cad Hedged,0,0,0
20130725,109455,IUNTF,OTC,20.68079031,20.875,0,0,Ishares Msci Eafe Index Fund Cad Hedged,0,0,0
20130726,109455,IUNTF,OTC,20.68079031,20.875,0,0,Ishares Msci Eafe Index Fund Cad Hedged,0,0,0
20130729,109455,IUNTF,OTC,20.68079031,20.875,0,0,Ishares Msci Eafe Index Fund Cad Hedged,0,0,0
20130730,109455,IUNTF,OTC,20.68079031,20.875,0,0,Ishares Msci Eafe Index Fund Cad Hedged,0,0,0
20130731,109455,IUNTF,OTC,20.68079031,20.875,0,0,Ishares Msci Eafe Index Fund Cad Hedged,0,0,0
20130801,109455,IUNTF,OTC,20.68079031,20.875,0,0,Ishares Msci Eafe Index Fund Cad Hedged,0,0,0
20130802,109455,IUNTF,OTC,20.68079031,20.875,0,0,Ishares Msci Eafe Index Fund Cad Hedged,0,0,0
20130805,109455,IUNTF,OTC,20.68079031,20.875,0,0,Ishares Msci Eafe Index Fund Cad Hedged,0,0,0
20130806,109455,IUNTF,OTC,20.68079031,20.875,0,0,Ishares Msci Eafe Index Fund Cad Hedged,0,0,0
20130807,109455,IUNTF,OTC,20.68079031,20.875,0,0,Ishares Msci Eafe Index Fund Cad Hedged,0,0,0
20130808,109455,IUNTF,OTC,20.68079031,20.875,0,0,Ishares Msci Eafe Index Fund Cad Hedged,0,0,0
20130809,109455,IUNTF,OTC,20.68079031,20.875,0,0,Ishares Msci Eafe Index Fund Cad Hedged,0,0,0
20130812,109455,IUNTF,OTC,20.68079031,20.875,0,0,Ishares Msci Eafe Index Fund Cad Hedged,0,0,0
20130813,109455,IUNTF,OTC,20.68079031,20.875,0,0,Ishares Msci Eafe Index Fund Cad Hedged,0,0,0
20130814,109455,IUNTF,OTC,20.68079031,20.875,0,0,Ishares Msci Eafe Index Fund Cad Hedged,0,0,0
20130815,109455,IUNTF,OTC,20.68574379,20.88,0,0,Ishares Msci Eafe Index Fund Cad Hedged,0,0,0
20130816,109455,IUNTF,OTC,20.68574379,20.88,0,0,Ishares Msci Eafe Index Fund Cad Hedged,0,0,0
20130819,109455,IUNTF,OTC,20.68574379,20.88,0,0,Ishares Msci Eafe Index Fund Cad Hedged,0,0,0
20130820,109455,IUNTF,OTC,20.68574379,20.88,0,0,Ishares Msci Eafe Index Fund Cad Hedged,0,0,0
20130821,109455,IUNTF,OTC,20.68574379,20.88,0,0,Ishares Msci Eafe Index Fund Cad Hedged,0,0,0
20130822,109455,IUNTF,OTC,20.68574379,20.88,0,0,Ishares Msci Eafe Index Fund Cad Hedged,0,0,0
20130823,109455,IUNTF,OTC,20.68574379,20.88,0,0,Ishares Msci Eafe Index Fund Cad Hedged,0,0,0
20130826,109455,IUNTF,OTC,20.68574379,20.88,0,0,Ishares Msci Eafe Index Fund Cad Hedged,0,0,0
20130827,109455,IUNTF,OTC,20.68574379,20.88,0,0,Ishares Msci Eafe Index Fund Cad Hedged,0,0,0
20130828,109455,IUNTF,OTC,20.68574379,20.88,0,0,Ishares Msci Eafe Index Fund Cad Hedged,0,0,0
20130829,109455,IUNTF,OTC,20.68574379,20.88,0,0,Ishares Msci Eafe Index Fund Cad Hedged,0,0,0
20130830,109455,IUNTF,OTC,20.68574379,20.88,0,0,Ishares Msci Eafe Index Fund Cad Hedged,0,0,0
20130903,109455,IUNTF,OTC,20.68574379,20.88,0,0,Ishares Msci Eafe Index Fund Cad Hedged,0,0,0
20130904,109455,IUNTF,OTC,20.68574379,20.88,0,0,Ishares Msci Eafe Index Fund Cad Hedged,0,0,0
20130905,109455,IUNTF,OTC,20.68574379,20.88,0,0,Ishares Msci Eafe Index Fund Cad Hedged,0,0,0
20130906,109455,IUNTF,OTC,20.68574379,20.88,0,0,Ishares Msci Eafe Index Fund Cad Hedged,0,0,0
20130909,109455,IUNTF,OTC,20.68574379,20.88,0,0,Ishares Msci Eafe Index Fund Cad Hedged,0,0,0
20130910,109455,IUNTF,OTC,20.68574379,20.88,0,0,Ishares Msci Eafe Index Fund Cad Hedged,0,0,0
20130911,109455,IUNTF,OTC,20.68574379,20.88,0,0,Ishares Msci Eafe Index Fund Cad Hedged,0,0,0
20130912,109455,IUNTF,OTC,20.68574379,20.88,0,0,Ishares Msci Eafe Index Fund Cad Hedged,0,0,0
20130913,109455,IUNTF,OTC,20.68574379,20.88,0,0,Ishares Msci Eafe Index Fund Cad Hedged,0,0,0
20130916,109455,IUNTF,OTC,20.68574379,20.88,0,0,Ishares Msci Eafe Index Fund Cad Hedged,0,0,0
20130917,109455,IUNTF,OTC,20.68574379,20.88,0,0,Ishares Msci Eafe Index Fund Cad Hedged,0,0,0
20130918,109455,IUNTF,OTC,20.68574379,20.88,0,0,Ishares Msci Eafe Index Fund Cad Hedged,0,0,0
20130919,109455,IUNTF,OTC,20.68574379,20.88,0,0,Ishares Msci Eafe Index Fund Cad Hedged,0,0,0
20130920,109455,IUNTF,OTC,20.68574379,20.88,0,0,Ishares Msci Eafe Index Fund Cad Hedged,0,0,0
20130923,109455,IUNTF,OTC,20.68574379,20.88,0,0,Ishares Msci Eafe Index Fund Cad Hedged,0,0,0
20130924,109455,IUNTF,OTC,20.68574379,20.88,0,0,Ishares Msci Eafe Index Fund Cad Hedged,0,0,0
20130925,109455,IUNTF,OTC,20.68574379,20.88,0,0,Ishares Msci Eafe Index Fund Cad Hedged,0,0,0
20130926,109455,IUNTF,OTC,20.68574379,20.88,0,0,Ishares Msci Eafe Index Fund Cad Hedged,0,0,0
20130927,109455,IUNTF,OTC,20.68574379,20.88,0,0,Ishares Msci Eafe Index Fund Cad Hedged,0,0,0
20130930,109455,IUNTF,OTC,20.68574379,20.88,0,0,Ishares Msci Eafe Index Fund Cad Hedged,0,0,0
20131001,109455,IUNTF,OTC,20.68574379,20.88,0,0,Ishares Msci Eafe Index Fund Cad Hedged,0,0,0
20131002,109455,IUNTF,OTC,20.68574379,20.88,0,0,Ishares Msci Eafe Index Fund Cad Hedged,0,0,0
20131003,109455,IUNTF,OTC,20.68574379,20.88,0,0,Ishares Msci Eafe Index Fund Cad Hedged,0,0,0
20131004,109455,IUNTF,OTC,20.68574379,20.88,0,0,Ishares Msci Eafe Index Fund Cad Hedged,0,0,0
20131007,109455,IUNTF,OTC,20.68574379,20.88,0,0,Ishares Msci Eafe Index Fund Cad Hedged,0,0,0
20131008,109455,IUNTF,OTC,20.68574379,20.88,0,0,Ishares Msci Eafe Index Fund Cad Hedged,0,0,0
20131009,109455,IUNTF,OTC,20.68574379,20.88,0,0,Ishares Msci Eafe Index Fund Cad Hedged,0,0,0
20131010,109455,IUNTF,OTC,20.68574379,20.88,0,0,Ishares Msci Eafe Index Fund Cad Hedged,0,0,0
20131011,109455,IUNTF,OTC,20.68574379,20.88,0,0,Ishares Msci Eafe Index Fund Cad Hedged,0,0,0
20131014,109455,IUNTF,OTC,20.68574379,20.88,0,0,Ishares Msci Eafe Index Fund Cad Hedged,0,0,0
20131015,109455,IUNTF,OTC,20.68574379,20.88,0,0,Ishares Msci Eafe Index Fund Cad Hedged,0,0,0
20131016,109455,IUNTF,OTC,20.68574379,20.88,0,0,Ishares Msci Eafe Index Fund Cad Hedged,0,0,0
20131017,109455,IUNTF,OTC,20.68574379,20.88,0,0,Ishares Msci Eafe Index Fund Cad Hedged,0,0,0
20131018,109455,IUNTF,OTC,20.51732538,20.71,2,0,Ishares Msci Eafe Index Fund Cad Hedged,0,0,0
20131021,109455,IUNTF,OTC,20.51732538,20.71,0,0,Ishares Msci Eafe Index Fund Cad Hedged,0,0,0
20131022,109455,IUNTF,OTC,20.51732538,20.71,0,0,Ishares Msci Eafe Index Fund Cad Hedged,0,0,0
20131023,109455,IUNTF,OTC,20.51732538,20.71,0,0,Ishares Msci Eafe Index Fund Cad Hedged,0,0,0
20131024,109455,IUNTF,OTC,20.51732538,20.71,0,0,Ishares Msci Eafe Index Fund Cad Hedged,0,0,0
20131025,109455,IUNTF,OTC,20.51732538,20.71,0,0,Ishares Msci Eafe Index Fund Cad Hedged,0,0,0
20131028,109455,IUNTF,OTC,20.51732538,20.71,0,0,Ishares Msci Eafe Index Fund Cad Hedged,0,0,0
20131029,109455,IUNTF,OTC,20.51732538,20.71,0,0,Ishares Msci Eafe Index Fund Cad Hedged,0,0,0
20131030,109455,IUNTF,OTC,20.51732538,20.71,0,0,Ishares Msci Eafe Index Fund Cad Hedged,0,0,0
20131031,109455,IUNTF,OTC,20.51732538,20.71,0,0,Ishares Msci Eafe Index Fund Cad Hedged,0,0,0
20131101,109455,IUNTF,OTC,20.51732538,20.71,0,0,Ishares Msci Eafe Index Fund Cad Hedged,0,0,0
20131104,109455,IUNTF,OTC,20.51732538,20.71,0,0,Ishares Msci Eafe Index Fund Cad Hedged,0,0,0
20131105,109455,IUNTF,OTC,20.51732538,20.71,0,0,Ishares Msci Eafe Index Fund Cad Hedged,0,0,0
20131106,109455,IUNTF,OTC,20.51732538,20.71,0,0,Ishares Msci Eafe Index Fund Cad Hedged,0,0,0
20131107,109455,IUNTF,OTC,20.51732538,20.71,0,0,Ishares Msci Eafe Index Fund Cad Hedged,0,0,0
20131108,109455,IUNTF,OTC,20.51732538,20.71,0,0,Ishares Msci Eafe Index Fund Cad Hedged,0,0,0
20131111,109455,IUNTF,OTC,20.51732538,20.71,0,0,Ishares Msci Eafe Index Fund Cad Hedged,0,0,0
20131112,109455,IUNTF,OTC,20.51732538,20.71,0,0,Ishares Msci Eafe Index Fund Cad Hedged,0,0,0
20131113,109455,IUNTF,OTC,20.51732538,20.71,0,0,Ishares Msci Eafe Index Fund Cad Hedged,0,0,0
20131114,109455,IUNTF,OTC,20.51732538,20.71,0,0,Ishares Msci Eafe Index Fund Cad Hedged,0,0,0
20131115,109455,IUNTF,OTC,20.51732538,20.71,0,0,Ishares Msci Eafe Index Fund Cad Hedged,0,0,0
20131118,109455,IUNTF,OTC,20.51732538,20.71,0,0,Ishares Msci Eafe Index Fund Cad Hedged,0,0,0
20131119,109455,IUNTF,OTC,20.51732538,20.71,0,0,Ishares Msci Eafe Index Fund Cad Hedged,0,0,0
20131120,109455,IUNTF,OTC,20.51732538,20.71,0,0,Ishares Msci Eafe Index Fund Cad Hedged,0,0,0
20131121,109455,IUNTF,OTC,20.51732538,20.71,0,0,Ishares Msci Eafe Index Fund Cad Hedged,0,0,0
20131122,109455,IUNTF,OTC,20.51732538,20.71,0,0,Ishares Msci Eafe Index Fund Cad Hedged,0,0,0
20131125,109455,IUNTF,OTC,20.51732538,20.71,0,0,Ishares Msci Eafe Index Fund Cad Hedged,0,0,0
20131126,109455,IUNTF,OTC,20.51732538,20.71,0,0,Ishares Msci Eafe Index Fund Cad Hedged,0,0,0
20131127,109455,IUNTF,OTC,20.51732538,20.71,0,0,Ishares Msci Eafe Index Fund Cad Hedged,0,0,0
20131129,109455,IUNTF,OTC,20.51732538,20.71,0,0,Ishares Msci Eafe Index Fund Cad Hedged,0,0,0
20131202,109455,IUNTF,OTC,20.51732538,20.71,0,0,Ishares Msci Eafe Index Fund Cad Hedged,0,0,0
20131203,109455,IUNTF,OTC,20.51732538,20.71,0,0,Ishares Msci Eafe Index Fund Cad Hedged,0,0,0
20131204,109455,IUNTF,OTC,20.51732538,20.71,0,0,Ishares Msci Eafe Index Fund Cad Hedged,0,0,0
20131205,109455,IUNTF,OTC,20.51732538,20.71,0,0,Ishares Msci Eafe Index Fund Cad Hedged,0,0,0
20131206,109455,IUNTF,OTC,20.51732538,20.71,0,0,Ishares Msci Eafe Index Fund Cad Hedged,0,0,0
20131209,109455,IUNTF,OTC,20.51732538,20.71,0,0,Ishares Msci Eafe Index Fund Cad Hedged,0,0,0
20131210,109455,IUNTF,OTC,20.51732538,20.71,0,0,Ishares Msci Eafe Index Fund Cad Hedged,0,0,0
20131211,109455,IUNTF,OTC,20.51732538,20.71,0,0,Ishares Msci Eafe Index Fund Cad Hedged,0,0,0
20131212,109455,IUNTF,OTC,20.51732538,20.71,0,0,Ishares Msci Eafe Index Fund Cad Hedged,0,0,0
20131213,109455,IUNTF,OTC,20.51732538,20.71,0,0,Ishares Msci Eafe Index Fund Cad Hedged,0,0,0
20131216,109455,IUNTF,OTC,20.51732538,20.71,0,0,Ishares Msci Eafe Index Fund Cad Hedged,0,0,0
20131217,109455,IUNTF,OTC,20.51732538,20.71,0,0,Ishares Msci Eafe Index Fund Cad Hedged,0,0,0
20131218,109455,IUNTF,OTC,20.51732538,20.71,0,0,Ishares Msci Eafe Index Fund Cad Hedged,0,0,0
20131219,109455,IUNTF,OTC,20.51732538,20.71,0,0,Ishares Msci Eafe Index Fund Cad Hedged,0,0,0
20131220,109455,IUNTF,OTC,20.51732538,20.71,0,0,Ishares Msci Eafe Index Fund Cad Hedged,0,0,0
20131223,109455,IUNTF,OTC,20.51732538,20.71,0,0,Ishares Msci Eafe Index Fund Cad Hedged,0,0,0
20131224,109455,IUNTF,OTC,20.339,20.53,4,0,Ishares Msci Eafe Index Fund Cad Hedged,0,0,0
20131226,109455,IUNTF,OTC,20.339,20.53,0,0,Ishares Msci Eafe Index Fund Cad Hedged,0,0,0
20131227,109455,IUNTF,OTC,20.53,20.53,0,0,Ishares Msci Eafe Index Fund Cad Hedged,0,0,0
20131230,109455,IUNTF,OTC,20.53,20.53,0,0,Ishares Msci Eafe Index Fund Cad Hedged,0,0,0
20131231,109455,IUNTF,OTC,20.53,20.53,0,0,Ishares Msci Eafe Index Fund Cad Hedged,0,0,0
20140102,109455,IUNTF,OTC,20.53,20.53,0,0,Ishares Msci Eafe Index Fund Cad Hedged,0,0,0
20140103,109455,IUNTF,OTC,20.53,20.53,0,0,Ishares Msci Eafe Index Fund Cad Hedged,0,0,0
20140106,109455,IUNTF,OTC,20.53,20.53,0,0,Ishares Msci Eafe Index Fund Cad Hedged,0,0,0
20140107,109455,IUNTF,OTC,20.53,20.53,0,0,Ishares Msci Eafe Index Fund Cad Hedged,0,0,0
20140108,109455,IUNTF,OTC,20.53,20.53,0,0,Ishares Msci Eafe Index Fund Cad Hedged,0,0,0
20140109,109455,IUNTF,OTC,20.53,20.53,0,0,Ishares Msci Eafe Index Fund Cad Hedged,0,0,0
20140110,109455,IUNTF,OTC,20.53,20.53,0,0,Ishares Msci Eafe Index Fund Cad Hedged,0,0,0
20140113,109455,IUNTF,OTC,20.53,20.53,0,0,Ishares Msci Eafe Index Fund Cad Hedged,0,0,0
20140114,109455,IUNTF,OTC,20.53,20.53,0,0,Ishares Msci Eafe Index Fund Cad Hedged,0,0,0
20140115,109455,IUNTF,OTC,20.53,20.53,0,0,Ishares Msci Eafe Index Fund Cad Hedged,0,0,0
20140116,109455,IUNTF,OTC,20.53,20.53,0,0,Ishares Msci Eafe Index Fund Cad Hedged,0,0,0
20140117,109455,IUNTF,OTC,20.53,20.53,0,0,Ishares Msci Eafe Index Fund Cad Hedged,0,0,0
20140121,109455,IUNTF,OTC,20.53,20.53,0,0,Ishares Msci Eafe Index Fund Cad Hedged,0,0,0
20140122,109455,IUNTF,OTC,20.53,20.53,0,0,Ishares Msci Eafe Index Fund Cad Hedged,0,0,0
20140123,109455,IUNTF,OTC,20.53,20.53,0,0,Ishares Msci Eafe Index Fund Cad Hedged,0,0,0
20140124,109455,IUNTF,OTC,20.53,20.53,0,0,Ishares Msci Eafe Index Fund Cad Hedged,0,0,0
20140127,109455,IUNTF,OTC,20.53,20.53,0,0,Ishares Msci Eafe Index Fund Cad Hedged,0,0,0
20140128,109455,IUNTF,OTC,20.53,20.53,0,0,Ishares Msci Eafe Index Fund Cad Hedged,0,0,0
20140129,109455,IUNTF,OTC,20.53,20.53,0,0,Ishares Msci Eafe Index Fund Cad Hedged,0,0,0
20140130,109455,IUNTF,OTC,20.53,20.53,0,0,Ishares Msci Eafe Index Fund Cad Hedged,0,0,0
20140131,109455,IUNTF,OTC,20.53,20.53,0,0,Ishares Msci Eafe Index Fund Cad Hedged,0,0,0
20140203,109455,IUNTF,OTC,20.53,20.53,0,0,Ishares Msci Eafe Index Fund Cad Hedged,0,0,0
20140204,109455,IUNTF,OTC,20.53,20.53,0,0,Ishares Msci Eafe Index Fund Cad Hedged,0,0,0
20140205,109455,IUNTF,OTC,20.53,20.53,0,0,Ishares Msci Eafe Index Fund Cad Hedged,0,0,0
20140206,109455,IUNTF,OTC,20.53,20.53,0,0,Ishares Msci Eafe Index Fund Cad Hedged,0,0,0
20140207,109455,IUNTF,OTC,20.53,20.53,0,0,Ishares Msci Eafe Index Fund Cad Hedged,0,0,0
20140210,109455,IUNTF,OTC,20.53,20.53,0,0,Ishares Msci Eafe Index Fund Cad Hedged,0,0,0
20140211,109455,IUNTF,OTC,20.53,20.53,0,0,Ishares Msci Eafe Index Fund Cad Hedged,0,0,0
20140212,109455,IUNTF,OTC,20.53,20.53,0,0,Ishares Msci Eafe Index Fund Cad Hedged,0,0,0
20140213,109455,IUNTF,OTC,20.53,20.53,0,0,Ishares Msci Eafe Index Fund Cad Hedged,0,0,0
20140214,109455,IUNTF,OTC,20.53,20.53,0,0,Ishares Msci Eafe Index Fund Cad Hedged,0,0,0
20140218,109455,IUNTF,OTC,20.53,20.53,0,0,Ishares Msci Eafe Index Fund Cad Hedged,0,0,0
20140219,109455,IUNTF,OTC,20.53,20.53,0,0,Ishares Msci Eafe Index Fund Cad Hedged,0,0,0
20140220,109455,IUNTF,OTC,20.53,20.53,0,0,Ishares Msci Eafe Index Fund Cad Hedged,0,0,0
20140221,109455,IUNTF,OTC,20.53,20.53,0,0,Ishares Msci Eafe Index Fund Cad Hedged,0,0,0
20140224,109455,IUNTF,OTC,20.53,20.53,0,0,Ishares Msci Eafe Index Fund Cad Hedged,0,0,0
20140225,109455,IUNTF,OTC,20.53,20.53,0,0,Ishares Msci Eafe Index Fund Cad Hedged,0,0,0
20140226,109455,IUNTF,OTC,20.53,20.53,0,0,Ishares Msci Eafe Index Fund Cad Hedged,0,0,0
20140227,109455,IUNTF,OTC,20.53,20.53,0,0,Ishares Msci Eafe Index Fund Cad Hedged,0,0,0
20140228,109455,IUNTF,OTC,20.53,20.53,0,0,Ishares Msci Eafe Index Fund Cad Hedged,0,0,0
20140303,109455,IUNTF,OTC,20.53,20.53,0,0,Ishares Msci Eafe Index Fund Cad Hedged,0,0,0
20140304,109455,IUNTF,OTC,20.53,20.53,0,0,Ishares Msci Eafe Index Fund Cad Hedged,0,0,0
20140305,109455,IUNTF,OTC,20.53,20.53,0,0,Ishares Msci Eafe Index Fund Cad Hedged,0,0,0
20140306,109455,IUNTF,OTC,20.53,20.53,0,0,Ishares Msci Eafe Index Fund Cad Hedged,0,0,0
20140307,109455,IUNTF,OTC,20.53,20.53,0,0,Ishares Msci Eafe Index Fund Cad Hedged,0,0,0
