DDate,CSINumber,Symbol,Exchange,DClose,UnAdjustedClose,TotalVolume,Cash,MarketName,PTB,PSR,DPS
20120803,109466,KGRSY,OTC,6.27,6.27,0,0,Kingsrose Mining Ltd,0,0,0
20120806,109466,KGRSY,OTC,6.27,6.27,0,0,Kingsrose Mining Ltd,0,0,0
20120807,109466,KGRSY,OTC,6.27,6.27,10,0,Kingsrose Mining Ltd,0,0,0
20120808,109466,KGRSY,OTC,6.27,6.27,0,0,Kingsrose Mining Ltd,0,0,0
20120809,109466,KGRSY,OTC,6.15,6.15,6,0,Kingsrose Mining Ltd,0,0,0
20120810,109466,KGRSY,OTC,6.15,6.15,0,0,Kingsrose Mining Ltd,0,0,0
20120813,109466,KGRSY,OTC,6.15,6.15,0,0,Kingsrose Mining Ltd,0,0,0
20120814,109466,KGRSY,OTC,6.15,6.15,0,0,Kingsrose Mining Ltd,0,0,0
20120815,109466,KGRSY,OTC,6,6,20,0,Kingsrose Mining Ltd,0,0,0
20120816,109466,KGRSY,OTC,6,6,0,0,Kingsrose Mining Ltd,0,0,0
20120817,109466,KGRSY,OTC,6,6,0,0,Kingsrose Mining Ltd,0,0,0
20120820,109466,KGRSY,OTC,6,6,0,0,Kingsrose Mining Ltd,0,0,0
20120821,109466,KGRSY,OTC,6,6,0,0,Kingsrose Mining Ltd,0,0,0
20120822,109466,KGRSY,OTC,6,6,0,0,Kingsrose Mining Ltd,0,0,0
20120823,109466,KGRSY,OTC,6,6,0,0,Kingsrose Mining Ltd,0,0,0
20120824,109466,KGRSY,OTC,6,6,0,0,Kingsrose Mining Ltd,0,0,0
20120827,109466,KGRSY,OTC,5.89,5.89,4,0,Kingsrose Mining Ltd,0,0,0
20120828,109466,KGRSY,OTC,5.89,5.89,0,0,Kingsrose Mining Ltd,0,0,0
20120829,109466,KGRSY,OTC,5.89,5.89,0,0,Kingsrose Mining Ltd,0,0,0
20120830,109466,KGRSY,OTC,5.89,5.89,0,0,Kingsrose Mining Ltd,0,0,0
20120831,109466,KGRSY,OTC,5.89,5.89,0,0,Kingsrose Mining Ltd,0,0,0
20120904,109466,KGRSY,OTC,5.89,5.89,0,0,Kingsrose Mining Ltd,0,0,0
20120905,109466,KGRSY,OTC,5.89,5.89,0,0,Kingsrose Mining Ltd,0,0,0
20120906,109466,KGRSY,OTC,5.89,5.89,0,0,Kingsrose Mining Ltd,0,0,0
20120907,109466,KGRSY,OTC,5.89,5.89,0,0,Kingsrose Mining Ltd,0,0,0
20120910,109466,KGRSY,OTC,5.89,5.89,0,0,Kingsrose Mining Ltd,0,0,0
20120911,109466,KGRSY,OTC,6.45,6.45,5,0,Kingsrose Mining Ltd,0,0,0
20120912,109466,KGRSY,OTC,5.71,5.71,5,0,Kingsrose Mining Ltd,0,0,0
20120913,109466,KGRSY,OTC,5.71,5.71,0,0,Kingsrose Mining Ltd,0,0,0
20120914,109466,KGRSY,OTC,5.71,5.71,0,0,Kingsrose Mining Ltd,0,0,0
20120917,109466,KGRSY,OTC,5.71,5.71,0,0,Kingsrose Mining Ltd,0,0,0
20120918,109466,KGRSY,OTC,5.71,5.71,0,0,Kingsrose Mining Ltd,0,0,0
20120919,109466,KGRSY,OTC,5.71,5.71,0,0,Kingsrose Mining Ltd,0,0,0
20120920,109466,KGRSY,OTC,5.71,5.71,0,0,Kingsrose Mining Ltd,0,0,0
20120921,109466,KGRSY,OTC,5.71,5.71,0,0,Kingsrose Mining Ltd,0,0,0
20120924,109466,KGRSY,OTC,5.71,5.71,0,0,Kingsrose Mining Ltd,0,0,0
20120925,109466,KGRSY,OTC,5.71,5.71,0,0,Kingsrose Mining Ltd,0,0,0
20120926,109466,KGRSY,OTC,5.71,5.71,0,0,Kingsrose Mining Ltd,0,0,0
20120927,109466,KGRSY,OTC,5.71,5.71,0,0,Kingsrose Mining Ltd,0,0,0
20120928,109466,KGRSY,OTC,5.71,5.71,0,0,Kingsrose Mining Ltd,0,0,0
20121001,109466,KGRSY,OTC,5.71,5.71,0,0,Kingsrose Mining Ltd,0,0,0
20121002,109466,KGRSY,OTC,5.71,5.71,0,0,Kingsrose Mining Ltd,0,0,0
20121003,109466,KGRSY,OTC,5.71,5.71,0,0,Kingsrose Mining Ltd,0,0,0
20121004,109466,KGRSY,OTC,5.71,5.71,0,0,Kingsrose Mining Ltd,0,0,0
20121005,109466,KGRSY,OTC,5.71,5.71,0,0,Kingsrose Mining Ltd,0,0,0
20121008,109466,KGRSY,OTC,5.71,5.71,0,0,Kingsrose Mining Ltd,0,0,0
20121009,109466,KGRSY,OTC,5.71,5.71,0,0,Kingsrose Mining Ltd,0,0,0
20121010,109466,KGRSY,OTC,5.71,5.71,0,0,Kingsrose Mining Ltd,0,0,0
20121011,109466,KGRSY,OTC,5.71,5.71,0,0,Kingsrose Mining Ltd,0,0,0
20121012,109466,KGRSY,OTC,5.71,5.71,0,0,Kingsrose Mining Ltd,0,0,0
20121015,109466,KGRSY,OTC,5.71,5.71,0,0,Kingsrose Mining Ltd,0,0,0
20121016,109466,KGRSY,OTC,5.71,5.71,0,0,Kingsrose Mining Ltd,0,0,0
20121017,109466,KGRSY,OTC,5.71,5.71,0,0,Kingsrose Mining Ltd,0,0,0
20121018,109466,KGRSY,OTC,5.71,5.71,0,0,Kingsrose Mining Ltd,0,0,0
20121019,109466,KGRSY,OTC,5.8,5.8,5,0,Kingsrose Mining Ltd,0,0,0
20121022,109466,KGRSY,OTC,5.8,5.8,0,0,Kingsrose Mining Ltd,0,0,0
20121023,109466,KGRSY,OTC,5.8,5.8,0,0,Kingsrose Mining Ltd,0,0,0
20121024,109466,KGRSY,OTC,5.8,5.8,0,0,Kingsrose Mining Ltd,0,0,0
20121025,109466,KGRSY,OTC,5.8,5.8,0,0,Kingsrose Mining Ltd,0,0,0
20121026,109466,KGRSY,OTC,5.8,5.8,0,0,Kingsrose Mining Ltd,0,0,0
20121031,109466,KGRSY,OTC,5.8,5.8,0,0,Kingsrose Mining Ltd,0,0,0
20121101,109466,KGRSY,OTC,5.8,5.8,0,0,Kingsrose Mining Ltd,0,0,0
20121102,109466,KGRSY,OTC,5.8,5.8,0,0,Kingsrose Mining Ltd,0,0,0
20121105,109466,KGRSY,OTC,5.8,5.8,0,0,Kingsrose Mining Ltd,0,0,0
20121106,109466,KGRSY,OTC,5.8,5.8,0,0,Kingsrose Mining Ltd,0,0,0
20121107,109466,KGRSY,OTC,5.8,5.8,0,0,Kingsrose Mining Ltd,0,0,0
20121108,109466,KGRSY,OTC,5.8,5.8,0,0,Kingsrose Mining Ltd,0,0,0
20121109,109466,KGRSY,OTC,5.8,5.8,0,0,Kingsrose Mining Ltd,0,0,0
20121112,109466,KGRSY,OTC,5.8,5.8,0,0,Kingsrose Mining Ltd,0,0,0
20121113,109466,KGRSY,OTC,5.8,5.8,0,0,Kingsrose Mining Ltd,0,0,0
20121114,109466,KGRSY,OTC,5.42,5.42,12,0,Kingsrose Mining Ltd,0,0,0
20121115,109466,KGRSY,OTC,5.42,5.42,0,0,Kingsrose Mining Ltd,0,0,0
20121116,109466,KGRSY,OTC,3.9,3.9,12,0,Kingsrose Mining Ltd,0,0,0
20121119,109466,KGRSY,OTC,3.9,3.9,0,0,Kingsrose Mining Ltd,0,0,0
20121120,109466,KGRSY,OTC,3.9,3.9,0,0,Kingsrose Mining Ltd,0,0,0
20121121,109466,KGRSY,OTC,4.25,4.25,1,0,Kingsrose Mining Ltd,0,0,0
20121123,109466,KGRSY,OTC,4.25,4.25,0,0,Kingsrose Mining Ltd,0,0,0
20121126,109466,KGRSY,OTC,3.95,3.95,1,0,Kingsrose Mining Ltd,0,0,0
20121127,109466,KGRSY,OTC,4.3,4.3,1,0,Kingsrose Mining Ltd,0,0,0
20121128,109466,KGRSY,OTC,4.3,4.3,2,0,Kingsrose Mining Ltd,0,0,0
20121129,109466,KGRSY,OTC,4.3,4.3,0,0,Kingsrose Mining Ltd,0,0,0
20121130,109466,KGRSY,OTC,4.93,4.93,1,0,Kingsrose Mining Ltd,0,0,0
20121203,109466,KGRSY,OTC,4.93,4.93,0,0,Kingsrose Mining Ltd,0,0,0
20121204,109466,KGRSY,OTC,4.93,4.93,0,0,Kingsrose Mining Ltd,0,0,0
20121205,109466,KGRSY,OTC,3.75,3.75,2,0,Kingsrose Mining Ltd,0,0,0
20121206,109466,KGRSY,OTC,3.75,3.75,0,0,Kingsrose Mining Ltd,0,0,0
20121207,109466,KGRSY,OTC,3.75,3.75,0,0,Kingsrose Mining Ltd,0,0,0
20121210,109466,KGRSY,OTC,3.75,3.75,0,0,Kingsrose Mining Ltd,0,0,0
20121211,109466,KGRSY,OTC,3.75,3.75,0,0,Kingsrose Mining Ltd,0,0,0
20121212,109466,KGRSY,OTC,3.75,3.75,0,0,Kingsrose Mining Ltd,0,0,0
20121213,109466,KGRSY,OTC,3.75,3.75,0,0,Kingsrose Mining Ltd,0,0,0
20121214,109466,KGRSY,OTC,3.75,3.75,0,0,Kingsrose Mining Ltd,0,0,0
20121217,109466,KGRSY,OTC,3.75,3.75,0,0,Kingsrose Mining Ltd,0,0,0
20121218,109466,KGRSY,OTC,3.75,3.75,0,0,Kingsrose Mining Ltd,0,0,0
20121219,109466,KGRSY,OTC,3.75,3.75,0,0,Kingsrose Mining Ltd,0,0,0
20121220,109466,KGRSY,OTC,3.75,3.75,0,0,Kingsrose Mining Ltd,0,0,0
20121221,109466,KGRSY,OTC,3.75,3.75,0,0,Kingsrose Mining Ltd,0,0,0
20121224,109466,KGRSY,OTC,3.75,3.75,0,0,Kingsrose Mining Ltd,0,0,0
20121226,109466,KGRSY,OTC,3.75,3.75,0,0,Kingsrose Mining Ltd,0,0,0
20121227,109466,KGRSY,OTC,3.75,3.75,0,0,Kingsrose Mining Ltd,0,0,0
20121228,109466,KGRSY,OTC,3.75,3.75,0,0,Kingsrose Mining Ltd,0,0,0
20121231,109466,KGRSY,OTC,3.75,3.75,0,0,Kingsrose Mining Ltd,0,0,0
20130102,109466,KGRSY,OTC,4.75,4.75,2,0,Kingsrose Mining Ltd,0,0,0
20130103,109466,KGRSY,OTC,4.75,4.75,0,0,Kingsrose Mining Ltd,0,0,0
20130104,109466,KGRSY,OTC,4.75,4.75,0,0,Kingsrose Mining Ltd,0,0,0
20130107,109466,KGRSY,OTC,4.75,4.75,0,0,Kingsrose Mining Ltd,0,0,0
20130108,109466,KGRSY,OTC,4.75,4.75,0,0,Kingsrose Mining Ltd,0,0,0
20130109,109466,KGRSY,OTC,4.75,4.75,0,0,Kingsrose Mining Ltd,0,0,0
20130110,109466,KGRSY,OTC,4.75,4.75,0,0,Kingsrose Mining Ltd,0,0,0
20130111,109466,KGRSY,OTC,4.75,4.75,0,0,Kingsrose Mining Ltd,0,0,0
20130114,109466,KGRSY,OTC,4.75,4.75,0,0,Kingsrose Mining Ltd,0,0,0
20130115,109466,KGRSY,OTC,4.75,4.75,0,0,Kingsrose Mining Ltd,0,0,0
20130116,109466,KGRSY,OTC,4.75,4.75,0,0,Kingsrose Mining Ltd,0,0,0
20130117,109466,KGRSY,OTC,4.75,4.75,0,0,Kingsrose Mining Ltd,0,0,0
20130118,109466,KGRSY,OTC,4.75,4.75,0,0,Kingsrose Mining Ltd,0,0,0
20130122,109466,KGRSY,OTC,4.75,4.75,0,0,Kingsrose Mining Ltd,0,0,0
20130123,109466,KGRSY,OTC,4.68,4.68,3,0,Kingsrose Mining Ltd,0,0,0
20130124,109466,KGRSY,OTC,4.15,4.15,3,0,Kingsrose Mining Ltd,0,0,0
20130125,109466,KGRSY,OTC,4.15,4.15,0,0,Kingsrose Mining Ltd,0,0,0
20130128,109466,KGRSY,OTC,4.15,4.15,0,0,Kingsrose Mining Ltd,0,0,0
20130129,109466,KGRSY,OTC,4.15,4.15,0,0,Kingsrose Mining Ltd,0,0,0
20130130,109466,KGRSY,OTC,4.22,4.22,4,0,Kingsrose Mining Ltd,0,0,0
20130131,109466,KGRSY,OTC,4.22,4.22,0,0,Kingsrose Mining Ltd,0,0,0
20130201,109466,KGRSY,OTC,4.22,4.22,0,0,Kingsrose Mining Ltd,0,0,0
20130204,109466,KGRSY,OTC,4.22,4.22,0,0,Kingsrose Mining Ltd,0,0,0
20130205,109466,KGRSY,OTC,4.22,4.22,0,0,Kingsrose Mining Ltd,0,0,0
20130206,109466,KGRSY,OTC,4.19,4.19,2,0,Kingsrose Mining Ltd,0,0,0
20130207,109466,KGRSY,OTC,4.19,4.19,0,0,Kingsrose Mining Ltd,0,0,0
20130208,109466,KGRSY,OTC,4.19,4.19,0,0,Kingsrose Mining Ltd,0,0,0
20130211,109466,KGRSY,OTC,4.19,4.19,0,0,Kingsrose Mining Ltd,0,0,0
20130212,109466,KGRSY,OTC,4.19,4.19,0,0,Kingsrose Mining Ltd,0,0,0
20130213,109466,KGRSY,OTC,4.19,4.19,0,0,Kingsrose Mining Ltd,0,0,0
20130214,109466,KGRSY,OTC,4.19,4.19,0,0,Kingsrose Mining Ltd,0,0,0
20130215,109466,KGRSY,OTC,3.72,3.72,2,0,Kingsrose Mining Ltd,0,0,0
20130219,109466,KGRSY,OTC,3.72,3.72,0,0,Kingsrose Mining Ltd,0,0,0
20130220,109466,KGRSY,OTC,3.72,3.72,0,0,Kingsrose Mining Ltd,0,0,0
20130221,109466,KGRSY,OTC,3.72,3.72,0,0,Kingsrose Mining Ltd,0,0,0
20130222,109466,KGRSY,OTC,3.72,3.72,0,0,Kingsrose Mining Ltd,0,0,0
20130225,109466,KGRSY,OTC,3.72,3.72,0,0,Kingsrose Mining Ltd,0,0,0
20130226,109466,KGRSY,OTC,3.72,3.72,0,0,Kingsrose Mining Ltd,0,0,0
20130227,109466,KGRSY,OTC,3.72,3.72,0,0,Kingsrose Mining Ltd,0,0,0
20130228,109466,KGRSY,OTC,3.72,3.72,0,0,Kingsrose Mining Ltd,0,0,0
20130301,109466,KGRSY,OTC,3.72,3.72,0,0,Kingsrose Mining Ltd,0,0,0
20130304,109466,KGRSY,OTC,3.72,3.72,0,0,Kingsrose Mining Ltd,0,0,0
20130305,109466,KGRSY,OTC,3.72,3.72,0,0,Kingsrose Mining Ltd,0,0,0
20130306,109466,KGRSY,OTC,3.72,3.72,0,0,Kingsrose Mining Ltd,0,0,0
20130307,109466,KGRSY,OTC,3.72,3.72,0,0,Kingsrose Mining Ltd,0,0,0
20130308,109466,KGRSY,OTC,3.72,3.72,0,0,Kingsrose Mining Ltd,0,0,0
20130311,109466,KGRSY,OTC,3.72,3.72,0,0,Kingsrose Mining Ltd,0,0,0
20130312,109466,KGRSY,OTC,3.72,3.72,0,0,Kingsrose Mining Ltd,0,0,0
20130313,109466,KGRSY,OTC,3.72,3.72,0,0,Kingsrose Mining Ltd,0,0,0
20130314,109466,KGRSY,OTC,3.72,3.72,0,0,Kingsrose Mining Ltd,0,0,0
20130315,109466,KGRSY,OTC,3.72,3.72,0,0,Kingsrose Mining Ltd,0,0,0
20130318,109466,KGRSY,OTC,3.72,3.72,0,0,Kingsrose Mining Ltd,0,0,0
20130319,109466,KGRSY,OTC,3.72,3.72,0,0,Kingsrose Mining Ltd,0,0,0
20130320,109466,KGRSY,OTC,3.72,3.72,0,0,Kingsrose Mining Ltd,0,0,0
20130321,109466,KGRSY,OTC,3.72,3.72,0,0,Kingsrose Mining Ltd,0,0,0
20130322,109466,KGRSY,OTC,3.72,3.72,0,0,Kingsrose Mining Ltd,0,0,0
20130325,109466,KGRSY,OTC,3.72,3.72,0,0,Kingsrose Mining Ltd,0,0,0
20130326,109466,KGRSY,OTC,3.72,3.72,0,0,Kingsrose Mining Ltd,0,0,0
20130327,109466,KGRSY,OTC,3.72,3.72,0,0,Kingsrose Mining Ltd,0,0,0
20130328,109466,KGRSY,OTC,3.72,3.72,0,0,Kingsrose Mining Ltd,0,0,0
20130401,109466,KGRSY,OTC,3.72,3.72,0,0,Kingsrose Mining Ltd,0,0,0
20130402,109466,KGRSY,OTC,3.72,3.72,0,0,Kingsrose Mining Ltd,0,0,0
20130403,109466,KGRSY,OTC,3.72,3.72,0,0,Kingsrose Mining Ltd,0,0,0
20130404,109466,KGRSY,OTC,3.72,3.72,0,0,Kingsrose Mining Ltd,0,0,0
20130405,109466,KGRSY,OTC,3.72,3.72,0,0,Kingsrose Mining Ltd,0,0,0
20130408,109466,KGRSY,OTC,3.72,3.72,0,0,Kingsrose Mining Ltd,0,0,0
20130409,109466,KGRSY,OTC,3.72,3.72,0,0,Kingsrose Mining Ltd,0,0,0
20130410,109466,KGRSY,OTC,3.72,3.72,0,0,Kingsrose Mining Ltd,0,0,0
20130411,109466,KGRSY,OTC,3.72,3.72,0,0,Kingsrose Mining Ltd,0,0,0
20130412,109466,KGRSY,OTC,3.72,3.72,0,0,Kingsrose Mining Ltd,0,0,0
20130415,109466,KGRSY,OTC,3.72,3.72,0,0,Kingsrose Mining Ltd,0,0,0
20130416,109466,KGRSY,OTC,3.72,3.72,0,0,Kingsrose Mining Ltd,0,0,0
20130417,109466,KGRSY,OTC,3.72,3.72,0,0,Kingsrose Mining Ltd,0,0,0
20130418,109466,KGRSY,OTC,3.72,3.72,0,0,Kingsrose Mining Ltd,0,0,0
20130419,109466,KGRSY,OTC,3.72,3.72,0,0,Kingsrose Mining Ltd,0,0,0
20130422,109466,KGRSY,OTC,3.72,3.72,0,0,Kingsrose Mining Ltd,0,0,0
20130423,109466,KGRSY,OTC,2.32,2.32,1,0,Kingsrose Mining Ltd,0,0,0
20130424,109466,KGRSY,OTC,2.32,2.32,0,0,Kingsrose Mining Ltd,0,0,0
20130425,109466,KGRSY,OTC,2.32,2.32,0,0,Kingsrose Mining Ltd,0,0,0
20130426,109466,KGRSY,OTC,2.58,2.58,4,0,Kingsrose Mining Ltd,0,0,0
20130429,109466,KGRSY,OTC,2.58,2.58,0,0,Kingsrose Mining Ltd,0,0,0
20130430,109466,KGRSY,OTC,2.58,2.58,0,0,Kingsrose Mining Ltd,0,0,0
20130501,109466,KGRSY,OTC,2.58,2.58,0,0,Kingsrose Mining Ltd,0,0,0
20130502,109466,KGRSY,OTC,2.58,2.58,0,0,Kingsrose Mining Ltd,0,0,0
20130503,109466,KGRSY,OTC,2.58,2.58,0,0,Kingsrose Mining Ltd,0,0,0
20130506,109466,KGRSY,OTC,2.58,2.58,0,0,Kingsrose Mining Ltd,0,0,0
20130507,109466,KGRSY,OTC,2.58,2.58,0,0,Kingsrose Mining Ltd,0,0,0
20130508,109466,KGRSY,OTC,2.58,2.58,0,0,Kingsrose Mining Ltd,0,0,0
20130509,109466,KGRSY,OTC,2.58,2.58,0,0,Kingsrose Mining Ltd,0,0,0
20130510,109466,KGRSY,OTC,2.58,2.58,0,0,Kingsrose Mining Ltd,0,0,0
20130513,109466,KGRSY,OTC,2.58,2.58,0,0,Kingsrose Mining Ltd,0,0,0
20130514,109466,KGRSY,OTC,2.58,2.58,0,0,Kingsrose Mining Ltd,0,0,0
20130515,109466,KGRSY,OTC,2.58,2.58,0,0,Kingsrose Mining Ltd,0,0,0
20130516,109466,KGRSY,OTC,2.58,2.58,0,0,Kingsrose Mining Ltd,0,0,0
20130517,109466,KGRSY,OTC,2.58,2.58,0,0,Kingsrose Mining Ltd,0,0,0
20130520,109466,KGRSY,OTC,2.58,2.58,0,0,Kingsrose Mining Ltd,0,0,0
20130521,109466,KGRSY,OTC,2.58,2.58,0,0,Kingsrose Mining Ltd,0,0,0
20130522,109466,KGRSY,OTC,2.13,2.13,66,0,Kingsrose Mining Ltd,0,0,0
20130523,109466,KGRSY,OTC,2.1,2.1,3,0,Kingsrose Mining Ltd,0,0,0
20130524,109466,KGRSY,OTC,2.1,2.1,0,0,Kingsrose Mining Ltd,0,0,0
20130528,109466,KGRSY,OTC,1.8,1.8,25,0,Kingsrose Mining Ltd,0,0,0
20130529,109466,KGRSY,OTC,1.8,1.8,0,0,Kingsrose Mining Ltd,0,0,0
20130530,109466,KGRSY,OTC,1.71,1.71,1,0,Kingsrose Mining Ltd,0,0,0
20130531,109466,KGRSY,OTC,1.71,1.71,0,0,Kingsrose Mining Ltd,0,0,0
20130603,109466,KGRSY,OTC,1.71,1.71,0,0,Kingsrose Mining Ltd,0,0,0
20130604,109466,KGRSY,OTC,1.58,1.58,1,0,Kingsrose Mining Ltd,0,0,0
20130605,109466,KGRSY,OTC,1.58,1.58,0,0,Kingsrose Mining Ltd,0,0,0
20130606,109466,KGRSY,OTC,1.58,1.58,0,0,Kingsrose Mining Ltd,0,0,0
20130607,109466,KGRSY,OTC,1.58,1.58,0,0,Kingsrose Mining Ltd,0,0,0
20130610,109466,KGRSY,OTC,1.58,1.58,0,0,Kingsrose Mining Ltd,0,0,0
20130611,109466,KGRSY,OTC,1.58,1.58,0,0,Kingsrose Mining Ltd,0,0,0
20130612,109466,KGRSY,OTC,1.58,1.58,0,0,Kingsrose Mining Ltd,0,0,0
20130613,109466,KGRSY,OTC,1.58,1.58,0,0,Kingsrose Mining Ltd,0,0,0
20130614,109466,KGRSY,OTC,1.58,1.58,0,0,Kingsrose Mining Ltd,0,0,0
20130617,109466,KGRSY,OTC,1.58,1.58,0,0,Kingsrose Mining Ltd,0,0,0
20130618,109466,KGRSY,OTC,1.58,1.58,0,0,Kingsrose Mining Ltd,0,0,0
20130619,109466,KGRSY,OTC,1.58,1.58,0,0,Kingsrose Mining Ltd,0,0,0
20130620,109466,KGRSY,OTC,1.58,1.58,0,0,Kingsrose Mining Ltd,0,0,0
20130621,109466,KGRSY,OTC,1.58,1.58,0,0,Kingsrose Mining Ltd,0,0,0
20130624,109466,KGRSY,OTC,1.58,1.58,0,0,Kingsrose Mining Ltd,0,0,0
20130625,109466,KGRSY,OTC,1.58,1.58,0,0,Kingsrose Mining Ltd,0,0,0
20130626,109466,KGRSY,OTC,1.58,1.58,0,0,Kingsrose Mining Ltd,0,0,0
20130627,109466,KGRSY,OTC,1.58,1.58,0,0,Kingsrose Mining Ltd,0,0,0
20130628,109466,KGRSY,OTC,1.58,1.58,0,0,Kingsrose Mining Ltd,0,0,0
20130701,109466,KGRSY,OTC,1.58,1.58,0,0,Kingsrose Mining Ltd,0,0,0
20130702,109466,KGRSY,OTC,1.58,1.58,0,0,Kingsrose Mining Ltd,0,0,0
20130703,109466,KGRSY,OTC,1.58,1.58,0,0,Kingsrose Mining Ltd,0,0,0
20130705,109466,KGRSY,OTC,1.58,1.58,0,0,Kingsrose Mining Ltd,0,0,0
20130708,109466,KGRSY,OTC,1.58,1.58,0,0,Kingsrose Mining Ltd,0,0,0
20130709,109466,KGRSY,OTC,1.58,1.58,0,0,Kingsrose Mining Ltd,0,0,0
20130710,109466,KGRSY,OTC,1.58,1.58,0,0,Kingsrose Mining Ltd,0,0,0
20130711,109466,KGRSY,OTC,1.58,1.58,0,0,Kingsrose Mining Ltd,0,0,0
20130712,109466,KGRSY,OTC,1.58,1.58,0,0,Kingsrose Mining Ltd,0,0,0
20130715,109466,KGRSY,OTC,1.58,1.58,0,0,Kingsrose Mining Ltd,0,0,0
20130716,109466,KGRSY,OTC,1.58,1.58,0,0,Kingsrose Mining Ltd,0,0,0
20130717,109466,KGRSY,OTC,1.58,1.58,0,0,Kingsrose Mining Ltd,0,0,0
20130718,109466,KGRSY,OTC,1.58,1.58,0,0,Kingsrose Mining Ltd,0,0,0
20130719,109466,KGRSY,OTC,1.58,1.58,0,0,Kingsrose Mining Ltd,0,0,0
20130722,109466,KGRSY,OTC,1.58,1.58,0,0,Kingsrose Mining Ltd,0,0,0
20130723,109466,KGRSY,OTC,1.58,1.58,0,0,Kingsrose Mining Ltd,0,0,0
20130724,109466,KGRSY,OTC,1.58,1.58,0,0,Kingsrose Mining Ltd,0,0,0
20130725,109466,KGRSY,OTC,1.58,1.58,0,0,Kingsrose Mining Ltd,0,0,0
20130726,109466,KGRSY,OTC,1.58,1.58,0,0,Kingsrose Mining Ltd,0,0,0
20130729,109466,KGRSY,OTC,1.58,1.58,0,0,Kingsrose Mining Ltd,0,0,0
20130730,109466,KGRSY,OTC,1.58,1.58,0,0,Kingsrose Mining Ltd,0,0,0
20130731,109466,KGRSY,OTC,1.58,1.58,0,0,Kingsrose Mining Ltd,0,0,0
20130801,109466,KGRSY,OTC,1.58,1.58,0,0,Kingsrose Mining Ltd,0,0,0
20130802,109466,KGRSY,OTC,1.58,1.58,0,0,Kingsrose Mining Ltd,0,0,0
20130805,109466,KGRSY,OTC,1.58,1.58,0,0,Kingsrose Mining Ltd,0,0,0
20130806,109466,KGRSY,OTC,1.58,1.58,0,0,Kingsrose Mining Ltd,0,0,0
20130807,109466,KGRSY,OTC,1.58,1.58,0,0,Kingsrose Mining Ltd,0,0,0
20130808,109466,KGRSY,OTC,1.58,1.58,0,0,Kingsrose Mining Ltd,0,0,0
20130809,109466,KGRSY,OTC,1.58,1.58,0,0,Kingsrose Mining Ltd,0,0,0
20130812,109466,KGRSY,OTC,1.8,1.8,40,0,Kingsrose Mining Ltd,0,0,0
20130813,109466,KGRSY,OTC,1.8,1.8,0,0,Kingsrose Mining Ltd,0,0,0
20130814,109466,KGRSY,OTC,1.8,1.8,0,0,Kingsrose Mining Ltd,0,0,0
20130815,109466,KGRSY,OTC,1.8,1.8,0,0,Kingsrose Mining Ltd,0,0,0
20130816,109466,KGRSY,OTC,1.8,1.8,0,0,Kingsrose Mining Ltd,0,0,0
20130819,109466,KGRSY,OTC,1.8,1.8,0,0,Kingsrose Mining Ltd,0,0,0
20130820,109466,KGRSY,OTC,1.8,1.8,0,0,Kingsrose Mining Ltd,0,0,0
20130821,109466,KGRSY,OTC,1.8,1.8,0,0,Kingsrose Mining Ltd,0,0,0
20130822,109466,KGRSY,OTC,1.8,1.8,0,0,Kingsrose Mining Ltd,0,0,0
20130823,109466,KGRSY,OTC,1.8,1.8,0,0,Kingsrose Mining Ltd,0,0,0
20130826,109466,KGRSY,OTC,1.8,1.8,0,0,Kingsrose Mining Ltd,0,0,0
20130827,109466,KGRSY,OTC,1.8,1.8,0,0,Kingsrose Mining Ltd,0,0,0
20130828,109466,KGRSY,OTC,1.8,1.8,0,0,Kingsrose Mining Ltd,0,0,0
20130829,109466,KGRSY,OTC,1.8,1.8,0,0,Kingsrose Mining Ltd,0,0,0
20130830,109466,KGRSY,OTC,1.8,1.8,0,0,Kingsrose Mining Ltd,0,0,0
20130903,109466,KGRSY,OTC,1.8,1.8,0,0,Kingsrose Mining Ltd,0,0,0
20130904,109466,KGRSY,OTC,1.8,1.8,0,0,Kingsrose Mining Ltd,0,0,0
20130905,109466,KGRSY,OTC,1.8,1.8,0,0,Kingsrose Mining Ltd,0,0,0
20130906,109466,KGRSY,OTC,1.8,1.8,0,0,Kingsrose Mining Ltd,0,0,0
20130909,109466,KGRSY,OTC,1.8,1.8,0,0,Kingsrose Mining Ltd,0,0,0
20130910,109466,KGRSY,OTC,1.8,1.8,0,0,Kingsrose Mining Ltd,0,0,0
20130911,109466,KGRSY,OTC,1.8,1.8,0,0,Kingsrose Mining Ltd,0,0,0
20130912,109466,KGRSY,OTC,1.8,1.8,0,0,Kingsrose Mining Ltd,0,0,0
20130913,109466,KGRSY,OTC,1.8,1.8,0,0,Kingsrose Mining Ltd,0,0,0
20130916,109466,KGRSY,OTC,1.8,1.8,0,0,Kingsrose Mining Ltd,0,0,0
20130917,109466,KGRSY,OTC,1.8,1.8,0,0,Kingsrose Mining Ltd,0,0,0
20130918,109466,KGRSY,OTC,1.8,1.8,0,0,Kingsrose Mining Ltd,0,0,0
20130919,109466,KGRSY,OTC,1.8,1.8,0,0,Kingsrose Mining Ltd,0,0,0
20130920,109466,KGRSY,OTC,1.8,1.8,0,0,Kingsrose Mining Ltd,0,0,0
20130923,109466,KGRSY,OTC,1.8,1.8,0,0,Kingsrose Mining Ltd,0,0,0
20130924,109466,KGRSY,OTC,1.8,1.8,0,0,Kingsrose Mining Ltd,0,0,0
20130925,109466,KGRSY,OTC,1.8,1.8,0,0,Kingsrose Mining Ltd,0,0,0
20130926,109466,KGRSY,OTC,1.8,1.8,0,0,Kingsrose Mining Ltd,0,0,0
20130927,109466,KGRSY,OTC,1.8,1.8,0,0,Kingsrose Mining Ltd,0,0,0
20130930,109466,KGRSY,OTC,1.8,1.8,0,0,Kingsrose Mining Ltd,0,0,0
20131001,109466,KGRSY,OTC,1.8,1.8,0,0,Kingsrose Mining Ltd,0,0,0
20131002,109466,KGRSY,OTC,1.8,1.8,0,0,Kingsrose Mining Ltd,0,0,0
20131003,109466,KGRSY,OTC,1.8,1.8,0,0,Kingsrose Mining Ltd,0,0,0
20131004,109466,KGRSY,OTC,1.8,1.8,0,0,Kingsrose Mining Ltd,0,0,0
20131007,109466,KGRSY,OTC,1.8,1.8,0,0,Kingsrose Mining Ltd,0,0,0
20131008,109466,KGRSY,OTC,1.8,1.8,0,0,Kingsrose Mining Ltd,0,0,0
20131009,109466,KGRSY,OTC,1.8,1.8,0,0,Kingsrose Mining Ltd,0,0,0
20131010,109466,KGRSY,OTC,1.8,1.8,0,0,Kingsrose Mining Ltd,0,0,0
20131011,109466,KGRSY,OTC,1.8,1.8,0,0,Kingsrose Mining Ltd,0,0,0
20131014,109466,KGRSY,OTC,1.8,1.8,0,0,Kingsrose Mining Ltd,0,0,0
20131015,109466,KGRSY,OTC,1.8,1.8,0,0,Kingsrose Mining Ltd,0,0,0
20131016,109466,KGRSY,OTC,1.8,1.8,0,0,Kingsrose Mining Ltd,0,0,0
20131017,109466,KGRSY,OTC,1.8,1.8,0,0,Kingsrose Mining Ltd,0,0,0
20131018,109466,KGRSY,OTC,1.98,1.98,9,0,Kingsrose Mining Ltd,0,0,0
20131021,109466,KGRSY,OTC,1.98,1.98,0,0,Kingsrose Mining Ltd,0,0,0
20131022,109466,KGRSY,OTC,1.98,1.98,0,0,Kingsrose Mining Ltd,0,0,0
20131023,109466,KGRSY,OTC,1.98,1.98,0,0,Kingsrose Mining Ltd,0,0,0
20131024,109466,KGRSY,OTC,1.98,1.98,0,0,Kingsrose Mining Ltd,0,0,0
20131025,109466,KGRSY,OTC,2.03,2.03,3,0,Kingsrose Mining Ltd,0,0,0
20131028,109466,KGRSY,OTC,1.99,1.99,7,0,Kingsrose Mining Ltd,0,0,0
20131029,109466,KGRSY,OTC,1.99,1.99,0,0,Kingsrose Mining Ltd,0,0,0
20131030,109466,KGRSY,OTC,1.94,1.94,3,0,Kingsrose Mining Ltd,0,0,0
20131031,109466,KGRSY,OTC,1.94,1.94,0,0,Kingsrose Mining Ltd,0,0,0
20131101,109466,KGRSY,OTC,1.94,1.94,0,0,Kingsrose Mining Ltd,0,0,0
20131104,109466,KGRSY,OTC,1.95,1.95,1,0,Kingsrose Mining Ltd,0,0,0
20131105,109466,KGRSY,OTC,1.95,1.95,0,0,Kingsrose Mining Ltd,0,0,0
20131106,109466,KGRSY,OTC,1.85,1.85,40,0,Kingsrose Mining Ltd,0,0,0
20131107,109466,KGRSY,OTC,1.85,1.85,0,0,Kingsrose Mining Ltd,0,0,0
20131108,109466,KGRSY,OTC,1.85,1.85,0,0,Kingsrose Mining Ltd,0,0,0
20131111,109466,KGRSY,OTC,1.85,1.85,0,0,Kingsrose Mining Ltd,0,0,0
20131112,109466,KGRSY,OTC,1.85,1.85,0,0,Kingsrose Mining Ltd,0,0,0
20131113,109466,KGRSY,OTC,1.85,1.85,0,0,Kingsrose Mining Ltd,0,0,0
20131114,109466,KGRSY,OTC,1.85,1.85,0,0,Kingsrose Mining Ltd,0,0,0
20131115,109466,KGRSY,OTC,1.85,1.85,0,0,Kingsrose Mining Ltd,0,0,0
20131118,109466,KGRSY,OTC,1.85,1.85,0,0,Kingsrose Mining Ltd,0,0,0
20131119,109466,KGRSY,OTC,1.85,1.85,101,0,Kingsrose Mining Ltd,0,0,0
20131120,109466,KGRSY,OTC,1.85,1.85,0,0,Kingsrose Mining Ltd,0,0,0
20131121,109466,KGRSY,OTC,1.85,1.85,0,0,Kingsrose Mining Ltd,0,0,0
20131122,109466,KGRSY,OTC,1.78,1.78,227,0,Kingsrose Mining Ltd,0,0,0
20131125,109466,KGRSY,OTC,1.83,1.83,1,0,Kingsrose Mining Ltd,0,0,0
20131126,109466,KGRSY,OTC,1.83,1.83,0,0,Kingsrose Mining Ltd,0,0,0
20131127,109466,KGRSY,OTC,1.7,1.7,1,0,Kingsrose Mining Ltd,0,0,0
20131129,109466,KGRSY,OTC,1.7,1.7,0,0,Kingsrose Mining Ltd,0,0,0
20131202,109466,KGRSY,OTC,1.7,1.7,0,0,Kingsrose Mining Ltd,0,0,0
20131203,109466,KGRSY,OTC,1.83,1.83,2,0,Kingsrose Mining Ltd,0,0,0
20131204,109466,KGRSY,OTC,1.84,1.84,8,0,Kingsrose Mining Ltd,0,0,0
20131205,109466,KGRSY,OTC,1.84,1.84,0,0,Kingsrose Mining Ltd,0,0,0
20131206,109466,KGRSY,OTC,1.84,1.84,0,0,Kingsrose Mining Ltd,0,0,0
20131209,109466,KGRSY,OTC,1.9,1.9,2,0,Kingsrose Mining Ltd,0,0,0
20131210,109466,KGRSY,OTC,1.9,1.9,0,0,Kingsrose Mining Ltd,0,0,0
20131211,109466,KGRSY,OTC,1.73,1.73,1,0,Kingsrose Mining Ltd,0,0,0
20131212,109466,KGRSY,OTC,1.73,1.73,0,0,Kingsrose Mining Ltd,0,0,0
20131213,109466,KGRSY,OTC,1.73,1.73,0,0,Kingsrose Mining Ltd,0,0,0
20131216,109466,KGRSY,OTC,1.68,1.68,2,0,Kingsrose Mining Ltd,0,0,0
20131217,109466,KGRSY,OTC,1.68,1.68,0,0,Kingsrose Mining Ltd,0,0,0
20131218,109466,KGRSY,OTC,1.68,1.68,0,0,Kingsrose Mining Ltd,0,0,0
20131219,109466,KGRSY,OTC,1.68,1.68,0,0,Kingsrose Mining Ltd,0,0,0
20131220,109466,KGRSY,OTC,1.61,1.61,1,0,Kingsrose Mining Ltd,0,0,0
20131223,109466,KGRSY,OTC,1.59,1.59,4,0,Kingsrose Mining Ltd,0,0,0
20131224,109466,KGRSY,OTC,1.59,1.59,0,0,Kingsrose Mining Ltd,0,0,0
20131226,109466,KGRSY,OTC,1.55,1.55,8,0,Kingsrose Mining Ltd,0,0,0
20131227,109466,KGRSY,OTC,1.55,1.55,0,0,Kingsrose Mining Ltd,0,0,0
20131230,109466,KGRSY,OTC,1.55,1.55,0,0,Kingsrose Mining Ltd,0,0,0
20131231,109466,KGRSY,OTC,1.58,1.58,3,0,Kingsrose Mining Ltd,0,0,0
20140102,109466,KGRSY,OTC,1.58,1.58,0,0,Kingsrose Mining Ltd,0,0,0
20140103,109466,KGRSY,OTC,1.58,1.58,0,0,Kingsrose Mining Ltd,0,0,0
20140106,109466,KGRSY,OTC,1.58,1.58,0,0,Kingsrose Mining Ltd,0,0,0
20140107,109466,KGRSY,OTC,1.67,1.67,3,0,Kingsrose Mining Ltd,0,0,0
20140108,109466,KGRSY,OTC,1.67,1.67,0,0,Kingsrose Mining Ltd,0,0,0
20140109,109466,KGRSY,OTC,1.67,1.67,0,0,Kingsrose Mining Ltd,0,0,0
20140110,109466,KGRSY,OTC,1.67,1.67,0,0,Kingsrose Mining Ltd,0,0,0
20140113,109466,KGRSY,OTC,1.67,1.67,0,0,Kingsrose Mining Ltd,0,0,0
20140114,109466,KGRSY,OTC,1.67,1.67,0,0,Kingsrose Mining Ltd,0,0,0
20140115,109466,KGRSY,OTC,1.67,1.67,0,0,Kingsrose Mining Ltd,0,0,0
20140116,109466,KGRSY,OTC,1.67,1.67,0,0,Kingsrose Mining Ltd,0,0,0
20140117,109466,KGRSY,OTC,1.67,1.67,0,0,Kingsrose Mining Ltd,0,0,0
20140121,109466,KGRSY,OTC,1.67,1.67,0,0,Kingsrose Mining Ltd,0,0,0
20140122,109466,KGRSY,OTC,1.67,1.67,0,0,Kingsrose Mining Ltd,0,0,0
20140123,109466,KGRSY,OTC,1.67,1.67,0,0,Kingsrose Mining Ltd,0,0,0
20140124,109466,KGRSY,OTC,1.67,1.67,0,0,Kingsrose Mining Ltd,0,0,0
20140127,109466,KGRSY,OTC,1.67,1.67,0,0,Kingsrose Mining Ltd,0,0,0
20140128,109466,KGRSY,OTC,1.67,1.67,0,0,Kingsrose Mining Ltd,0,0,0
20140129,109466,KGRSY,OTC,1.67,1.67,0,0,Kingsrose Mining Ltd,0,0,0
20140130,109466,KGRSY,OTC,1.67,1.67,0,0,Kingsrose Mining Ltd,0,0,0
20140131,109466,KGRSY,OTC,1.67,1.67,0,0,Kingsrose Mining Ltd,0,0,0
20140203,109466,KGRSY,OTC,1.67,1.67,0,0,Kingsrose Mining Ltd,0,0,0
20140204,109466,KGRSY,OTC,1.67,1.67,0,0,Kingsrose Mining Ltd,0,0,0
20140205,109466,KGRSY,OTC,1.67,1.67,0,0,Kingsrose Mining Ltd,0,0,0
20140206,109466,KGRSY,OTC,1.67,1.67,0,0,Kingsrose Mining Ltd,0,0,0
20140207,109466,KGRSY,OTC,1.67,1.67,0,0,Kingsrose Mining Ltd,0,0,0
20140210,109466,KGRSY,OTC,1.67,1.67,0,0,Kingsrose Mining Ltd,0,0,0
20140211,109466,KGRSY,OTC,1.67,1.67,0,0,Kingsrose Mining Ltd,0,0,0
20140212,109466,KGRSY,OTC,1.67,1.67,0,0,Kingsrose Mining Ltd,0,0,0
20140213,109466,KGRSY,OTC,1.67,1.67,0,0,Kingsrose Mining Ltd,0,0,0
20140214,109466,KGRSY,OTC,1.67,1.67,0,0,Kingsrose Mining Ltd,0,0,0
20140218,109466,KGRSY,OTC,1.67,1.67,0,0,Kingsrose Mining Ltd,0,0,0
20140219,109466,KGRSY,OTC,1.67,1.67,0,0,Kingsrose Mining Ltd,0,0,0
20140220,109466,KGRSY,OTC,1.67,1.67,0,0,Kingsrose Mining Ltd,0,0,0
20140221,109466,KGRSY,OTC,1.67,1.67,0,0,Kingsrose Mining Ltd,0,0,0
20140224,109466,KGRSY,OTC,1.67,1.67,0,0,Kingsrose Mining Ltd,0,0,0
20140225,109466,KGRSY,OTC,1.67,1.67,0,0,Kingsrose Mining Ltd,0,0,0
20140226,109466,KGRSY,OTC,1.67,1.67,0,0,Kingsrose Mining Ltd,0,0,0
20140227,109466,KGRSY,OTC,1.67,1.67,0,0,Kingsrose Mining Ltd,0,0,0
20140228,109466,KGRSY,OTC,1.67,1.67,0,0,Kingsrose Mining Ltd,0,0,0
20140303,109466,KGRSY,OTC,1.67,1.67,0,0,Kingsrose Mining Ltd,0,0,0
20140304,109466,KGRSY,OTC,1.67,1.67,0,0,Kingsrose Mining Ltd,0,0,0
20140305,109466,KGRSY,OTC,1.67,1.67,0,0,Kingsrose Mining Ltd,0,0,0
20140306,109466,KGRSY,OTC,1.67,1.67,0,0,Kingsrose Mining Ltd,0,0,0
20140307,109466,KGRSY,OTC,1.67,1.67,0,0,Kingsrose Mining Ltd,0,0,0
