DDate,CSINumber,Symbol,Exchange,DClose,UnAdjustedClose,TotalVolume,Cash,MarketName,PTB,PSR,DPS
20120803,109526,OERLF,OTC,7.85,7.85,0,0,Oc Oerlikon Corp Inc,0,0,0
20120806,109526,OERLF,OTC,7.85,7.85,0,0,Oc Oerlikon Corp Inc,0,0,0
20120807,109526,OERLF,OTC,7.85,7.85,0,0,Oc Oerlikon Corp Inc,0,0,0
20120808,109526,OERLF,OTC,7.85,7.85,0,0,Oc Oerlikon Corp Inc,0,0,0
20120809,109526,OERLF,OTC,7.85,7.85,0,0,Oc Oerlikon Corp Inc,0,0,0
20120810,109526,OERLF,OTC,7.85,7.85,0,0,Oc Oerlikon Corp Inc,0,0,0
20120813,109526,OERLF,OTC,7.85,7.85,0,0,Oc Oerlikon Corp Inc,0,0,0
20120814,109526,OERLF,OTC,7.85,7.85,0,0,Oc Oerlikon Corp Inc,0,0,0
20120815,109526,OERLF,OTC,7.85,7.85,0,0,Oc Oerlikon Corp Inc,0,0,0
20120816,109526,OERLF,OTC,7.85,7.85,0,0,Oc Oerlikon Corp Inc,0,0,0
20120817,109526,OERLF,OTC,7.85,7.85,0,0,Oc Oerlikon Corp Inc,0,0,0
20120820,109526,OERLF,OTC,7.85,7.85,0,0,Oc Oerlikon Corp Inc,0,0,0
20120821,109526,OERLF,OTC,7.85,7.85,0,0,Oc Oerlikon Corp Inc,0,0,0
20120822,109526,OERLF,OTC,7.85,7.85,0,0,Oc Oerlikon Corp Inc,0,0,0
20120823,109526,OERLF,OTC,7.85,7.85,0,0,Oc Oerlikon Corp Inc,0,0,0
20120824,109526,OERLF,OTC,7.85,7.85,0,0,Oc Oerlikon Corp Inc,0,0,0
20120827,109526,OERLF,OTC,7.85,7.85,0,0,Oc Oerlikon Corp Inc,0,0,0
20120828,109526,OERLF,OTC,7.85,7.85,0,0,Oc Oerlikon Corp Inc,0,0,0
20120829,109526,OERLF,OTC,7.85,7.85,0,0,Oc Oerlikon Corp Inc,0,0,0
20120830,109526,OERLF,OTC,7.85,7.85,0,0,Oc Oerlikon Corp Inc,0,0,0
20120831,109526,OERLF,OTC,7.85,7.85,0,0,Oc Oerlikon Corp Inc,0,0,0
20120904,109526,OERLF,OTC,7.85,7.85,0,0,Oc Oerlikon Corp Inc,0,0,0
20120905,109526,OERLF,OTC,7.85,7.85,0,0,Oc Oerlikon Corp Inc,0,0,0
20120906,109526,OERLF,OTC,7.85,7.85,0,0,Oc Oerlikon Corp Inc,0,0,0
20120907,109526,OERLF,OTC,7.85,7.85,0,0,Oc Oerlikon Corp Inc,0,0,0
20120910,109526,OERLF,OTC,7.85,7.85,0,0,Oc Oerlikon Corp Inc,0,0,0
20120911,109526,OERLF,OTC,7.85,7.85,0,0,Oc Oerlikon Corp Inc,0,0,0
20120912,109526,OERLF,OTC,7.85,7.85,0,0,Oc Oerlikon Corp Inc,0,0,0
20120913,109526,OERLF,OTC,7.85,7.85,0,0,Oc Oerlikon Corp Inc,0,0,0
20120914,109526,OERLF,OTC,7.85,7.85,0,0,Oc Oerlikon Corp Inc,0,0,0
20120917,109526,OERLF,OTC,7.85,7.85,0,0,Oc Oerlikon Corp Inc,0,0,0
20120918,109526,OERLF,OTC,7.85,7.85,0,0,Oc Oerlikon Corp Inc,0,0,0
20120919,109526,OERLF,OTC,7.85,7.85,0,0,Oc Oerlikon Corp Inc,0,0,0
20120920,109526,OERLF,OTC,7.85,7.85,0,0,Oc Oerlikon Corp Inc,0,0,0
20120921,109526,OERLF,OTC,7.85,7.85,0,0,Oc Oerlikon Corp Inc,0,0,0
20120924,109526,OERLF,OTC,7.85,7.85,0,0,Oc Oerlikon Corp Inc,0,0,0
20120925,109526,OERLF,OTC,7.85,7.85,0,0,Oc Oerlikon Corp Inc,0,0,0
20120926,109526,OERLF,OTC,7.85,7.85,0,0,Oc Oerlikon Corp Inc,0,0,0
20120927,109526,OERLF,OTC,7.85,7.85,0,0,Oc Oerlikon Corp Inc,0,0,0
20120928,109526,OERLF,OTC,7.85,7.85,0,0,Oc Oerlikon Corp Inc,0,0,0
20121001,109526,OERLF,OTC,7.85,7.85,0,0,Oc Oerlikon Corp Inc,0,0,0
20121002,109526,OERLF,OTC,7.85,7.85,0,0,Oc Oerlikon Corp Inc,0,0,0
20121003,109526,OERLF,OTC,7.85,7.85,0,0,Oc Oerlikon Corp Inc,0,0,0
20121004,109526,OERLF,OTC,7.85,7.85,0,0,Oc Oerlikon Corp Inc,0,0,0
20121005,109526,OERLF,OTC,7.85,7.85,0,0,Oc Oerlikon Corp Inc,0,0,0
20121008,109526,OERLF,OTC,7.85,7.85,0,0,Oc Oerlikon Corp Inc,0,0,0
20121009,109526,OERLF,OTC,7.85,7.85,0,0,Oc Oerlikon Corp Inc,0,0,0
20121010,109526,OERLF,OTC,7.85,7.85,0,0,Oc Oerlikon Corp Inc,0,0,0
20121011,109526,OERLF,OTC,7.85,7.85,0,0,Oc Oerlikon Corp Inc,0,0,0
20121012,109526,OERLF,OTC,7.85,7.85,0,0,Oc Oerlikon Corp Inc,0,0,0
20121015,109526,OERLF,OTC,7.85,7.85,0,0,Oc Oerlikon Corp Inc,0,0,0
20121016,109526,OERLF,OTC,7.85,7.85,0,0,Oc Oerlikon Corp Inc,0,0,0
20121017,109526,OERLF,OTC,7.85,7.85,0,0,Oc Oerlikon Corp Inc,0,0,0
20121018,109526,OERLF,OTC,7.85,7.85,0,0,Oc Oerlikon Corp Inc,0,0,0
20121019,109526,OERLF,OTC,7.85,7.85,0,0,Oc Oerlikon Corp Inc,0,0,0
20121022,109526,OERLF,OTC,7.85,7.85,0,0,Oc Oerlikon Corp Inc,0,0,0
20121023,109526,OERLF,OTC,7.85,7.85,0,0,Oc Oerlikon Corp Inc,0,0,0
20121024,109526,OERLF,OTC,7.85,7.85,0,0,Oc Oerlikon Corp Inc,0,0,0
20121025,109526,OERLF,OTC,7.85,7.85,0,0,Oc Oerlikon Corp Inc,0,0,0
20121026,109526,OERLF,OTC,7.85,7.85,0,0,Oc Oerlikon Corp Inc,0,0,0
20121031,109526,OERLF,OTC,7.85,7.85,0,0,Oc Oerlikon Corp Inc,0,0,0
20121101,109526,OERLF,OTC,7.85,7.85,0,0,Oc Oerlikon Corp Inc,0,0,0
20121102,109526,OERLF,OTC,7.85,7.85,0,0,Oc Oerlikon Corp Inc,0,0,0
20121105,109526,OERLF,OTC,7.85,7.85,0,0,Oc Oerlikon Corp Inc,0,0,0
20121106,109526,OERLF,OTC,7.85,7.85,0,0,Oc Oerlikon Corp Inc,0,0,0
20121107,109526,OERLF,OTC,7.85,7.85,0,0,Oc Oerlikon Corp Inc,0,0,0
20121108,109526,OERLF,OTC,9.67,9.67,3,0,Oc Oerlikon Corp Inc,0,0,0
20121109,109526,OERLF,OTC,9.67,9.67,0,0,Oc Oerlikon Corp Inc,0,0,0
20121112,109526,OERLF,OTC,9.67,9.67,0,0,Oc Oerlikon Corp Inc,0,0,0
20121113,109526,OERLF,OTC,9.67,9.67,0,0,Oc Oerlikon Corp Inc,0,0,0
20121114,109526,OERLF,OTC,9.67,9.67,0,0,Oc Oerlikon Corp Inc,0,0,0
20121115,109526,OERLF,OTC,9.67,9.67,0,0,Oc Oerlikon Corp Inc,0,0,0
20121116,109526,OERLF,OTC,9.67,9.67,0,0,Oc Oerlikon Corp Inc,0,0,0
20121119,109526,OERLF,OTC,9.67,9.67,0,0,Oc Oerlikon Corp Inc,0,0,0
20121120,109526,OERLF,OTC,9.67,9.67,0,0,Oc Oerlikon Corp Inc,0,0,0
20121121,109526,OERLF,OTC,9.67,9.67,0,0,Oc Oerlikon Corp Inc,0,0,0
20121123,109526,OERLF,OTC,9.67,9.67,0,0,Oc Oerlikon Corp Inc,0,0,0
20121126,109526,OERLF,OTC,9.67,9.67,0,0,Oc Oerlikon Corp Inc,0,0,0
20121127,109526,OERLF,OTC,9.67,9.67,0,0,Oc Oerlikon Corp Inc,0,0,0
20121128,109526,OERLF,OTC,9.67,9.67,0,0,Oc Oerlikon Corp Inc,0,0,0
20121129,109526,OERLF,OTC,9.67,9.67,0,0,Oc Oerlikon Corp Inc,0,0,0
20121130,109526,OERLF,OTC,9.67,9.67,0,0,Oc Oerlikon Corp Inc,0,0,0
20121203,109526,OERLF,OTC,9.67,9.67,0,0,Oc Oerlikon Corp Inc,0,0,0
20121204,109526,OERLF,OTC,9.67,9.67,0,0,Oc Oerlikon Corp Inc,0,0,0
20121205,109526,OERLF,OTC,11.273,11.273,11,0,Oc Oerlikon Corp Inc,0,0,0
20121206,109526,OERLF,OTC,11.273,11.273,0,0,Oc Oerlikon Corp Inc,0,0,0
20121207,109526,OERLF,OTC,11.273,11.273,0,0,Oc Oerlikon Corp Inc,0,0,0
20121210,109526,OERLF,OTC,11.273,11.273,0,0,Oc Oerlikon Corp Inc,0,0,0
20121211,109526,OERLF,OTC,11.273,11.273,0,0,Oc Oerlikon Corp Inc,0,0,0
20121212,109526,OERLF,OTC,11.273,11.273,0,0,Oc Oerlikon Corp Inc,0,0,0
20121213,109526,OERLF,OTC,11.273,11.273,0,0,Oc Oerlikon Corp Inc,0,0,0
20121214,109526,OERLF,OTC,11.273,11.273,0,0,Oc Oerlikon Corp Inc,0,0,0
20121217,109526,OERLF,OTC,11.273,11.273,0,0,Oc Oerlikon Corp Inc,0,0,0
20121218,109526,OERLF,OTC,11.273,11.273,0,0,Oc Oerlikon Corp Inc,0,0,0
20121219,109526,OERLF,OTC,11.273,11.273,0,0,Oc Oerlikon Corp Inc,0,0,0
20121220,109526,OERLF,OTC,11.273,11.273,0,0,Oc Oerlikon Corp Inc,0,0,0
20121221,109526,OERLF,OTC,11.273,11.273,0,0,Oc Oerlikon Corp Inc,0,0,0
20121224,109526,OERLF,OTC,11.25,11.25,4,0,Oc Oerlikon Corp Inc,0,0,0
20121226,109526,OERLF,OTC,11.25,11.25,0,0,Oc Oerlikon Corp Inc,0,0,0
20121227,109526,OERLF,OTC,11.25,11.25,0,0,Oc Oerlikon Corp Inc,0,0,0
20121228,109526,OERLF,OTC,11.25,11.25,0,0,Oc Oerlikon Corp Inc,0,0,0
20121231,109526,OERLF,OTC,11.25,11.25,0,0,Oc Oerlikon Corp Inc,0,0,0
20130102,109526,OERLF,OTC,11.25,11.25,0,0,Oc Oerlikon Corp Inc,0,0,0
20130103,109526,OERLF,OTC,11.25,11.25,0,0,Oc Oerlikon Corp Inc,0,0,0
20130104,109526,OERLF,OTC,11.25,11.25,0,0,Oc Oerlikon Corp Inc,0,0,0
20130107,109526,OERLF,OTC,11.25,11.25,0,0,Oc Oerlikon Corp Inc,0,0,0
20130108,109526,OERLF,OTC,11.25,11.25,0,0,Oc Oerlikon Corp Inc,0,0,0
20130109,109526,OERLF,OTC,11.25,11.25,0,0,Oc Oerlikon Corp Inc,0,0,0
20130110,109526,OERLF,OTC,11.25,11.25,0,0,Oc Oerlikon Corp Inc,0,0,0
20130111,109526,OERLF,OTC,11.25,11.25,0,0,Oc Oerlikon Corp Inc,0,0,0
20130114,109526,OERLF,OTC,11.25,11.25,0,0,Oc Oerlikon Corp Inc,0,0,0
20130115,109526,OERLF,OTC,11.25,11.25,0,0,Oc Oerlikon Corp Inc,0,0,0
20130116,109526,OERLF,OTC,11.25,11.25,0,0,Oc Oerlikon Corp Inc,0,0,0
20130117,109526,OERLF,OTC,11.25,11.25,0,0,Oc Oerlikon Corp Inc,0,0,0
20130118,109526,OERLF,OTC,11.25,11.25,0,0,Oc Oerlikon Corp Inc,0,0,0
20130122,109526,OERLF,OTC,12.25,12.25,1,0,Oc Oerlikon Corp Inc,0,0,0
20130123,109526,OERLF,OTC,12.25,12.25,0,0,Oc Oerlikon Corp Inc,0,0,0
20130124,109526,OERLF,OTC,12.25,12.25,0,0,Oc Oerlikon Corp Inc,0,0,0
20130125,109526,OERLF,OTC,12.62,12.62,2,0,Oc Oerlikon Corp Inc,0,0,0
20130128,109526,OERLF,OTC,12.62,12.62,0,0,Oc Oerlikon Corp Inc,0,0,0
20130129,109526,OERLF,OTC,12.62,12.62,0,0,Oc Oerlikon Corp Inc,0,0,0
20130130,109526,OERLF,OTC,12.62,12.62,0,0,Oc Oerlikon Corp Inc,0,0,0
20130131,109526,OERLF,OTC,12.62,12.62,0,0,Oc Oerlikon Corp Inc,0,0,0
20130201,109526,OERLF,OTC,12.62,12.62,0,0,Oc Oerlikon Corp Inc,0,0,0
20130204,109526,OERLF,OTC,12.62,12.62,0,0,Oc Oerlikon Corp Inc,0,0,0
20130205,109526,OERLF,OTC,12.62,12.62,0,0,Oc Oerlikon Corp Inc,0,0,0
20130206,109526,OERLF,OTC,12.62,12.62,0,0,Oc Oerlikon Corp Inc,0,0,0
20130207,109526,OERLF,OTC,12.62,12.62,0,0,Oc Oerlikon Corp Inc,0,0,0
20130208,109526,OERLF,OTC,12.62,12.62,0,0,Oc Oerlikon Corp Inc,0,0,0
20130211,109526,OERLF,OTC,12.62,12.62,0,0,Oc Oerlikon Corp Inc,0,0,0
20130212,109526,OERLF,OTC,12.62,12.62,0,0,Oc Oerlikon Corp Inc,0,0,0
20130213,109526,OERLF,OTC,12.62,12.62,0,0,Oc Oerlikon Corp Inc,0,0,0
20130214,109526,OERLF,OTC,12.62,12.62,0,0,Oc Oerlikon Corp Inc,0,0,0
20130215,109526,OERLF,OTC,12.62,12.62,0,0,Oc Oerlikon Corp Inc,0,0,0
20130219,109526,OERLF,OTC,12.62,12.62,0,0,Oc Oerlikon Corp Inc,0,0,0
20130220,109526,OERLF,OTC,12.62,12.62,0,0,Oc Oerlikon Corp Inc,0,0,0
20130221,109526,OERLF,OTC,12.62,12.62,0,0,Oc Oerlikon Corp Inc,0,0,0
20130222,109526,OERLF,OTC,12.62,12.62,0,0,Oc Oerlikon Corp Inc,0,0,0
20130225,109526,OERLF,OTC,12.62,12.62,0,0,Oc Oerlikon Corp Inc,0,0,0
20130226,109526,OERLF,OTC,12,12,10,0,Oc Oerlikon Corp Inc,0,0,0
20130227,109526,OERLF,OTC,12,12,0,0,Oc Oerlikon Corp Inc,0,0,0
20130228,109526,OERLF,OTC,12,12,0,0,Oc Oerlikon Corp Inc,0,0,0
20130301,109526,OERLF,OTC,12.28,12.28,4,0,Oc Oerlikon Corp Inc,0,0,0
20130304,109526,OERLF,OTC,12.28,12.28,0,0,Oc Oerlikon Corp Inc,0,0,0
20130305,109526,OERLF,OTC,12.28,12.28,0,0,Oc Oerlikon Corp Inc,0,0,0
20130306,109526,OERLF,OTC,12.28,12.28,0,0,Oc Oerlikon Corp Inc,0,0,0
20130307,109526,OERLF,OTC,12.28,12.28,0,0,Oc Oerlikon Corp Inc,0,0,0
20130308,109526,OERLF,OTC,12.28,12.28,0,0,Oc Oerlikon Corp Inc,0,0,0
20130311,109526,OERLF,OTC,12.28,12.28,0,0,Oc Oerlikon Corp Inc,0,0,0
20130312,109526,OERLF,OTC,12.28,12.28,0,0,Oc Oerlikon Corp Inc,0,0,0
20130313,109526,OERLF,OTC,12.28,12.28,0,0,Oc Oerlikon Corp Inc,0,0,0
20130314,109526,OERLF,OTC,12.28,12.28,0,0,Oc Oerlikon Corp Inc,0,0,0
20130315,109526,OERLF,OTC,12.28,12.28,0,0,Oc Oerlikon Corp Inc,0,0,0
20130318,109526,OERLF,OTC,12.28,12.28,0,0,Oc Oerlikon Corp Inc,0,0,0
20130319,109526,OERLF,OTC,12.28,12.28,0,0,Oc Oerlikon Corp Inc,0,0,0
20130320,109526,OERLF,OTC,13.22,13.22,7,0,Oc Oerlikon Corp Inc,0,0,0
20130321,109526,OERLF,OTC,13.22,13.22,0,0,Oc Oerlikon Corp Inc,0,0,0
20130322,109526,OERLF,OTC,13.22,13.22,0,0,Oc Oerlikon Corp Inc,0,0,0
20130325,109526,OERLF,OTC,13.22,13.22,0,0,Oc Oerlikon Corp Inc,0,0,0
20130326,109526,OERLF,OTC,13.22,13.22,0,0,Oc Oerlikon Corp Inc,0,0,0
20130327,109526,OERLF,OTC,13.22,13.22,0,0,Oc Oerlikon Corp Inc,0,0,0
20130328,109526,OERLF,OTC,13.22,13.22,0,0,Oc Oerlikon Corp Inc,0,0,0
20130401,109526,OERLF,OTC,13.22,13.22,0,0,Oc Oerlikon Corp Inc,0,0,0
20130402,109526,OERLF,OTC,13.22,13.22,0,0,Oc Oerlikon Corp Inc,0,0,0
20130403,109526,OERLF,OTC,13.22,13.22,0,0,Oc Oerlikon Corp Inc,0,0,0
20130404,109526,OERLF,OTC,13.22,13.22,0,0,Oc Oerlikon Corp Inc,0,0,0
20130405,109526,OERLF,OTC,11.02,11.02,2,0,Oc Oerlikon Corp Inc,0,0,0
20130408,109526,OERLF,OTC,11.02,11.02,0,0,Oc Oerlikon Corp Inc,0,0,0
20130409,109526,OERLF,OTC,11.02,11.02,0,0,Oc Oerlikon Corp Inc,0,0,0
20130410,109526,OERLF,OTC,11.02,11.02,0,0,Oc Oerlikon Corp Inc,0,0,0
20130411,109526,OERLF,OTC,11.02,11.02,0,0,Oc Oerlikon Corp Inc,0,0,0
20130412,109526,OERLF,OTC,11.02,11.02,0,0,Oc Oerlikon Corp Inc,0,0,0
20130415,109526,OERLF,OTC,11.02,11.02,0,0,Oc Oerlikon Corp Inc,0,0,0
20130416,109526,OERLF,OTC,11.02,11.02,0,0,Oc Oerlikon Corp Inc,0,0,0
20130417,109526,OERLF,OTC,11.02,11.02,0,0,Oc Oerlikon Corp Inc,0,0,0
20130418,109526,OERLF,OTC,11.02,11.02,0,0,Oc Oerlikon Corp Inc,0,0,0
20130419,109526,OERLF,OTC,11.02,11.02,0,0,Oc Oerlikon Corp Inc,0,0,0
20130422,109526,OERLF,OTC,11.02,11.02,0,0,Oc Oerlikon Corp Inc,0,0,0
20130423,109526,OERLF,OTC,11.02,11.02,0,0,Oc Oerlikon Corp Inc,0,0,0
20130424,109526,OERLF,OTC,11.02,11.02,0,0,Oc Oerlikon Corp Inc,0,0,0
20130425,109526,OERLF,OTC,11.02,11.02,0,0,Oc Oerlikon Corp Inc,0,0,0
20130426,109526,OERLF,OTC,11.02,11.02,0,0,Oc Oerlikon Corp Inc,0,0,0
20130429,109526,OERLF,OTC,11.02,11.02,0,0,Oc Oerlikon Corp Inc,0,0,0
20130430,109526,OERLF,OTC,11.02,11.02,0,0,Oc Oerlikon Corp Inc,0,0,0
20130501,109526,OERLF,OTC,11.02,11.02,0,0,Oc Oerlikon Corp Inc,0,0,0
20130502,109526,OERLF,OTC,11.02,11.02,0,0,Oc Oerlikon Corp Inc,0,0,0
20130503,109526,OERLF,OTC,11.02,11.02,0,0,Oc Oerlikon Corp Inc,0,0,0
20130506,109526,OERLF,OTC,11.02,11.02,0,0,Oc Oerlikon Corp Inc,0,0,0
20130507,109526,OERLF,OTC,11.02,11.02,0,0,Oc Oerlikon Corp Inc,0,0,0
20130508,109526,OERLF,OTC,11.02,11.02,0,0,Oc Oerlikon Corp Inc,0,0,0
20130509,109526,OERLF,OTC,11.02,11.02,0,0,Oc Oerlikon Corp Inc,0,0,0
20130510,109526,OERLF,OTC,11.02,11.02,0,0,Oc Oerlikon Corp Inc,0,0,0
20130513,109526,OERLF,OTC,11.02,11.02,0,0,Oc Oerlikon Corp Inc,0,0,0
20130514,109526,OERLF,OTC,11.94,11.94,2,0,Oc Oerlikon Corp Inc,0,0,0
20130515,109526,OERLF,OTC,11.94,11.94,0,0,Oc Oerlikon Corp Inc,0,0,0
20130516,109526,OERLF,OTC,11.94,11.94,0,0,Oc Oerlikon Corp Inc,0,0,0
20130517,109526,OERLF,OTC,11.94,11.94,0,0,Oc Oerlikon Corp Inc,0,0,0
20130520,109526,OERLF,OTC,11.94,11.94,0,0,Oc Oerlikon Corp Inc,0,0,0
20130521,109526,OERLF,OTC,11.94,11.94,0,0,Oc Oerlikon Corp Inc,0,0,0
20130522,109526,OERLF,OTC,11.94,11.94,0,0,Oc Oerlikon Corp Inc,0,0,0
20130523,109526,OERLF,OTC,11.94,11.94,0,0,Oc Oerlikon Corp Inc,0,0,0
20130524,109526,OERLF,OTC,11.94,11.94,0,0,Oc Oerlikon Corp Inc,0,0,0
20130528,109526,OERLF,OTC,11.94,11.94,0,0,Oc Oerlikon Corp Inc,0,0,0
20130529,109526,OERLF,OTC,11.94,11.94,0,0,Oc Oerlikon Corp Inc,0,0,0
20130530,109526,OERLF,OTC,11.94,11.94,0,0,Oc Oerlikon Corp Inc,0,0,0
20130531,109526,OERLF,OTC,11.94,11.94,0,0,Oc Oerlikon Corp Inc,0,0,0
20130603,109526,OERLF,OTC,11.94,11.94,0,0,Oc Oerlikon Corp Inc,0,0,0
20130604,109526,OERLF,OTC,11.94,11.94,0,0,Oc Oerlikon Corp Inc,0,0,0
20130605,109526,OERLF,OTC,11.94,11.94,0,0,Oc Oerlikon Corp Inc,0,0,0
20130606,109526,OERLF,OTC,11.94,11.94,0,0,Oc Oerlikon Corp Inc,0,0,0
20130607,109526,OERLF,OTC,11.94,11.94,0,0,Oc Oerlikon Corp Inc,0,0,0
20130610,109526,OERLF,OTC,11.94,11.94,0,0,Oc Oerlikon Corp Inc,0,0,0
20130611,109526,OERLF,OTC,11.94,11.94,0,0,Oc Oerlikon Corp Inc,0,0,0
20130612,109526,OERLF,OTC,11.94,11.94,0,0,Oc Oerlikon Corp Inc,0,0,0
20130613,109526,OERLF,OTC,11.94,11.94,0,0,Oc Oerlikon Corp Inc,0,0,0
20130614,109526,OERLF,OTC,11.94,11.94,0,0,Oc Oerlikon Corp Inc,0,0,0
20130617,109526,OERLF,OTC,11.94,11.94,0,0,Oc Oerlikon Corp Inc,0,0,0
20130618,109526,OERLF,OTC,11.94,11.94,0,0,Oc Oerlikon Corp Inc,0,0,0
20130619,109526,OERLF,OTC,11.94,11.94,0,0,Oc Oerlikon Corp Inc,0,0,0
20130620,109526,OERLF,OTC,11.94,11.94,0,0,Oc Oerlikon Corp Inc,0,0,0
20130621,109526,OERLF,OTC,11.94,11.94,0,0,Oc Oerlikon Corp Inc,0,0,0
20130624,109526,OERLF,OTC,11.94,11.94,0,0,Oc Oerlikon Corp Inc,0,0,0
20130625,109526,OERLF,OTC,11.94,11.94,0,0,Oc Oerlikon Corp Inc,0,0,0
20130626,109526,OERLF,OTC,11.94,11.94,0,0,Oc Oerlikon Corp Inc,0,0,0
20130627,109526,OERLF,OTC,11.94,11.94,0,0,Oc Oerlikon Corp Inc,0,0,0
20130628,109526,OERLF,OTC,11.94,11.94,0,0,Oc Oerlikon Corp Inc,0,0,0
20130701,109526,OERLF,OTC,11.94,11.94,0,0,Oc Oerlikon Corp Inc,0,0,0
20130702,109526,OERLF,OTC,11.94,11.94,0,0,Oc Oerlikon Corp Inc,0,0,0
20130703,109526,OERLF,OTC,11.94,11.94,0,0,Oc Oerlikon Corp Inc,0,0,0
20130705,109526,OERLF,OTC,11.94,11.94,0,0,Oc Oerlikon Corp Inc,0,0,0
20130708,109526,OERLF,OTC,11.94,11.94,0,0,Oc Oerlikon Corp Inc,0,0,0
20130709,109526,OERLF,OTC,11.94,11.94,0,0,Oc Oerlikon Corp Inc,0,0,0
20130710,109526,OERLF,OTC,11.94,11.94,0,0,Oc Oerlikon Corp Inc,0,0,0
20130711,109526,OERLF,OTC,11.94,11.94,0,0,Oc Oerlikon Corp Inc,0,0,0
20130712,109526,OERLF,OTC,11.94,11.94,0,0,Oc Oerlikon Corp Inc,0,0,0
20130715,109526,OERLF,OTC,11.94,11.94,0,0,Oc Oerlikon Corp Inc,0,0,0
20130716,109526,OERLF,OTC,11.94,11.94,0,0,Oc Oerlikon Corp Inc,0,0,0
20130717,109526,OERLF,OTC,11.94,11.94,0,0,Oc Oerlikon Corp Inc,0,0,0
20130718,109526,OERLF,OTC,11.94,11.94,0,0,Oc Oerlikon Corp Inc,0,0,0
20130719,109526,OERLF,OTC,11.94,11.94,0,0,Oc Oerlikon Corp Inc,0,0,0
20130722,109526,OERLF,OTC,11.94,11.94,0,0,Oc Oerlikon Corp Inc,0,0,0
20130723,109526,OERLF,OTC,11.94,11.94,0,0,Oc Oerlikon Corp Inc,0,0,0
20130724,109526,OERLF,OTC,11.94,11.94,0,0,Oc Oerlikon Corp Inc,0,0,0
20130725,109526,OERLF,OTC,11.94,11.94,0,0,Oc Oerlikon Corp Inc,0,0,0
20130726,109526,OERLF,OTC,11.94,11.94,0,0,Oc Oerlikon Corp Inc,0,0,0
20130729,109526,OERLF,OTC,11.94,11.94,0,0,Oc Oerlikon Corp Inc,0,0,0
20130730,109526,OERLF,OTC,11.94,11.94,0,0,Oc Oerlikon Corp Inc,0,0,0
20130731,109526,OERLF,OTC,11.94,11.94,0,0,Oc Oerlikon Corp Inc,0,0,0
20130801,109526,OERLF,OTC,11.94,11.94,0,0,Oc Oerlikon Corp Inc,0,0,0
20130802,109526,OERLF,OTC,11.94,11.94,0,0,Oc Oerlikon Corp Inc,0,0,0
20130805,109526,OERLF,OTC,11.94,11.94,0,0,Oc Oerlikon Corp Inc,0,0,0
20130806,109526,OERLF,OTC,11.94,11.94,0,0,Oc Oerlikon Corp Inc,0,0,0
20130807,109526,OERLF,OTC,11.94,11.94,0,0,Oc Oerlikon Corp Inc,0,0,0
20130808,109526,OERLF,OTC,13.1,13.1,1,0,Oc Oerlikon Corp Inc,0,0,0
20130809,109526,OERLF,OTC,13.1,13.1,0,0,Oc Oerlikon Corp Inc,0,0,0
20130812,109526,OERLF,OTC,12.99,12.99,1,0,Oc Oerlikon Corp Inc,0,0,0
20130813,109526,OERLF,OTC,12.99,12.99,0,0,Oc Oerlikon Corp Inc,0,0,0
20130814,109526,OERLF,OTC,12.99,12.99,0,0,Oc Oerlikon Corp Inc,0,0,0
20130815,109526,OERLF,OTC,12.99,12.99,0,0,Oc Oerlikon Corp Inc,0,0,0
20130816,109526,OERLF,OTC,12.99,12.99,0,0,Oc Oerlikon Corp Inc,0,0,0
20130819,109526,OERLF,OTC,12.8,12.8,1,0,Oc Oerlikon Corp Inc,0,0,0
20130820,109526,OERLF,OTC,12.8,12.8,0,0,Oc Oerlikon Corp Inc,0,0,0
20130821,109526,OERLF,OTC,12.8,12.8,0,0,Oc Oerlikon Corp Inc,0,0,0
20130822,109526,OERLF,OTC,12.8,12.8,0,0,Oc Oerlikon Corp Inc,0,0,0
20130823,109526,OERLF,OTC,12.8,12.8,0,0,Oc Oerlikon Corp Inc,0,0,0
20130826,109526,OERLF,OTC,12.8,12.8,0,0,Oc Oerlikon Corp Inc,0,0,0
20130827,109526,OERLF,OTC,12.8,12.8,0,0,Oc Oerlikon Corp Inc,0,0,0
20130828,109526,OERLF,OTC,12.8,12.8,0,0,Oc Oerlikon Corp Inc,0,0,0
20130829,109526,OERLF,OTC,12.8,12.8,0,0,Oc Oerlikon Corp Inc,0,0,0
20130830,109526,OERLF,OTC,12.8,12.8,0,0,Oc Oerlikon Corp Inc,0,0,0
20130903,109526,OERLF,OTC,12.8,12.8,0,0,Oc Oerlikon Corp Inc,0,0,0
20130904,109526,OERLF,OTC,12.8,12.8,0,0,Oc Oerlikon Corp Inc,0,0,0
20130905,109526,OERLF,OTC,12.8,12.8,0,0,Oc Oerlikon Corp Inc,0,0,0
20130906,109526,OERLF,OTC,12.8,12.8,0,0,Oc Oerlikon Corp Inc,0,0,0
20130909,109526,OERLF,OTC,12.8,12.8,0,0,Oc Oerlikon Corp Inc,0,0,0
20130910,109526,OERLF,OTC,12.8,12.8,0,0,Oc Oerlikon Corp Inc,0,0,0
20130911,109526,OERLF,OTC,12.8,12.8,0,0,Oc Oerlikon Corp Inc,0,0,0
20130912,109526,OERLF,OTC,12.8,12.8,0,0,Oc Oerlikon Corp Inc,0,0,0
20130913,109526,OERLF,OTC,12.8,12.8,0,0,Oc Oerlikon Corp Inc,0,0,0
20130916,109526,OERLF,OTC,12.8,12.8,0,0,Oc Oerlikon Corp Inc,0,0,0
20130917,109526,OERLF,OTC,12.8,12.8,0,0,Oc Oerlikon Corp Inc,0,0,0
20130918,109526,OERLF,OTC,12.8,12.8,0,0,Oc Oerlikon Corp Inc,0,0,0
20130919,109526,OERLF,OTC,12.8,12.8,0,0,Oc Oerlikon Corp Inc,0,0,0
20130920,109526,OERLF,OTC,12.8,12.8,0,0,Oc Oerlikon Corp Inc,0,0,0
20130923,109526,OERLF,OTC,12.8,12.8,0,0,Oc Oerlikon Corp Inc,0,0,0
20130924,109526,OERLF,OTC,12.8,12.8,0,0,Oc Oerlikon Corp Inc,0,0,0
20130925,109526,OERLF,OTC,12.8,12.8,0,0,Oc Oerlikon Corp Inc,0,0,0
20130926,109526,OERLF,OTC,12.8,12.8,0,0,Oc Oerlikon Corp Inc,0,0,0
20130927,109526,OERLF,OTC,12.8,12.8,0,0,Oc Oerlikon Corp Inc,0,0,0
20130930,109526,OERLF,OTC,12.8,12.8,0,0,Oc Oerlikon Corp Inc,0,0,0
20131001,109526,OERLF,OTC,12.8,12.8,0,0,Oc Oerlikon Corp Inc,0,0,0
20131002,109526,OERLF,OTC,12.8,12.8,0,0,Oc Oerlikon Corp Inc,0,0,0
20131003,109526,OERLF,OTC,12.8,12.8,0,0,Oc Oerlikon Corp Inc,0,0,0
20131004,109526,OERLF,OTC,12.8,12.8,0,0,Oc Oerlikon Corp Inc,0,0,0
20131007,109526,OERLF,OTC,12.8,12.8,0,0,Oc Oerlikon Corp Inc,0,0,0
20131008,109526,OERLF,OTC,12.8,12.8,0,0,Oc Oerlikon Corp Inc,0,0,0
20131009,109526,OERLF,OTC,12.8,12.8,0,0,Oc Oerlikon Corp Inc,0,0,0
20131010,109526,OERLF,OTC,12.8,12.8,0,0,Oc Oerlikon Corp Inc,0,0,0
20131011,109526,OERLF,OTC,12.8,12.8,0,0,Oc Oerlikon Corp Inc,0,0,0
20131014,109526,OERLF,OTC,12.8,12.8,0,0,Oc Oerlikon Corp Inc,0,0,0
20131015,109526,OERLF,OTC,12.8,12.8,0,0,Oc Oerlikon Corp Inc,0,0,0
20131016,109526,OERLF,OTC,12.8,12.8,0,0,Oc Oerlikon Corp Inc,0,0,0
20131017,109526,OERLF,OTC,12.8,12.8,0,0,Oc Oerlikon Corp Inc,0,0,0
20131018,109526,OERLF,OTC,12.8,12.8,0,0,Oc Oerlikon Corp Inc,0,0,0
20131021,109526,OERLF,OTC,12.8,12.8,0,0,Oc Oerlikon Corp Inc,0,0,0
20131022,109526,OERLF,OTC,12.8,12.8,0,0,Oc Oerlikon Corp Inc,0,0,0
20131023,109526,OERLF,OTC,12.8,12.8,0,0,Oc Oerlikon Corp Inc,0,0,0
20131024,109526,OERLF,OTC,12.8,12.8,0,0,Oc Oerlikon Corp Inc,0,0,0
20131025,109526,OERLF,OTC,12.8,12.8,0,0,Oc Oerlikon Corp Inc,0,0,0
20131028,109526,OERLF,OTC,12.8,12.8,0,0,Oc Oerlikon Corp Inc,0,0,0
20131029,109526,OERLF,OTC,12.8,12.8,0,0,Oc Oerlikon Corp Inc,0,0,0
20131030,109526,OERLF,OTC,12.8,12.8,0,0,Oc Oerlikon Corp Inc,0,0,0
20131031,109526,OERLF,OTC,12.8,12.8,0,0,Oc Oerlikon Corp Inc,0,0,0
20131101,109526,OERLF,OTC,12.8,12.8,0,0,Oc Oerlikon Corp Inc,0,0,0
20131104,109526,OERLF,OTC,12.8,12.8,0,0,Oc Oerlikon Corp Inc,0,0,0
20131105,109526,OERLF,OTC,12.8,12.8,0,0,Oc Oerlikon Corp Inc,0,0,0
20131106,109526,OERLF,OTC,12.8,12.8,0,0,Oc Oerlikon Corp Inc,0,0,0
20131107,109526,OERLF,OTC,12.8,12.8,0,0,Oc Oerlikon Corp Inc,0,0,0
20131108,109526,OERLF,OTC,12.8,12.8,0,0,Oc Oerlikon Corp Inc,0,0,0
20131111,109526,OERLF,OTC,12.8,12.8,0,0,Oc Oerlikon Corp Inc,0,0,0
20131112,109526,OERLF,OTC,12.8,12.8,0,0,Oc Oerlikon Corp Inc,0,0,0
20131113,109526,OERLF,OTC,12.8,12.8,0,0,Oc Oerlikon Corp Inc,0,0,0
20131114,109526,OERLF,OTC,12.8,12.8,0,0,Oc Oerlikon Corp Inc,0,0,0
20131115,109526,OERLF,OTC,12.8,12.8,0,0,Oc Oerlikon Corp Inc,0,0,0
20131118,109526,OERLF,OTC,12.8,12.8,0,0,Oc Oerlikon Corp Inc,0,0,0
20131119,109526,OERLF,OTC,12.8,12.8,0,0,Oc Oerlikon Corp Inc,0,0,0
20131120,109526,OERLF,OTC,12.8,12.8,0,0,Oc Oerlikon Corp Inc,0,0,0
20131121,109526,OERLF,OTC,12.8,12.8,0,0,Oc Oerlikon Corp Inc,0,0,0
20131122,109526,OERLF,OTC,12.8,12.8,0,0,Oc Oerlikon Corp Inc,0,0,0
20131125,109526,OERLF,OTC,12.8,12.8,0,0,Oc Oerlikon Corp Inc,0,0,0
20131126,109526,OERLF,OTC,12.8,12.8,0,0,Oc Oerlikon Corp Inc,0,0,0
20131127,109526,OERLF,OTC,12.8,12.8,0,0,Oc Oerlikon Corp Inc,0,0,0
20131129,109526,OERLF,OTC,12.8,12.8,0,0,Oc Oerlikon Corp Inc,0,0,0
20131202,109526,OERLF,OTC,14.36,14.36,3,0,Oc Oerlikon Corp Inc,0,0,0
20131203,109526,OERLF,OTC,14.36,14.36,0,0,Oc Oerlikon Corp Inc,0,0,0
20131204,109526,OERLF,OTC,14.36,14.36,0,0,Oc Oerlikon Corp Inc,0,0,0
20131205,109526,OERLF,OTC,14.36,14.36,0,0,Oc Oerlikon Corp Inc,0,0,0
20131206,109526,OERLF,OTC,14.36,14.36,0,0,Oc Oerlikon Corp Inc,0,0,0
20131209,109526,OERLF,OTC,14.36,14.36,0,0,Oc Oerlikon Corp Inc,0,0,0
20131210,109526,OERLF,OTC,14.36,14.36,0,0,Oc Oerlikon Corp Inc,0,0,0
20131211,109526,OERLF,OTC,14.36,14.36,0,0,Oc Oerlikon Corp Inc,0,0,0
20131212,109526,OERLF,OTC,14.36,14.36,0,0,Oc Oerlikon Corp Inc,0,0,0
20131213,109526,OERLF,OTC,14.36,14.36,0,0,Oc Oerlikon Corp Inc,0,0,0
20131216,109526,OERLF,OTC,14.36,14.36,0,0,Oc Oerlikon Corp Inc,0,0,0
20131217,109526,OERLF,OTC,14.36,14.36,0,0,Oc Oerlikon Corp Inc,0,0,0
20131218,109526,OERLF,OTC,14.36,14.36,0,0,Oc Oerlikon Corp Inc,0,0,0
20131219,109526,OERLF,OTC,14.36,14.36,0,0,Oc Oerlikon Corp Inc,0,0,0
20131220,109526,OERLF,OTC,14.36,14.36,0,0,Oc Oerlikon Corp Inc,0,0,0
20131223,109526,OERLF,OTC,14.36,14.36,0,0,Oc Oerlikon Corp Inc,0,0,0
20131224,109526,OERLF,OTC,14.36,14.36,0,0,Oc Oerlikon Corp Inc,0,0,0
20131226,109526,OERLF,OTC,14.36,14.36,0,0,Oc Oerlikon Corp Inc,0,0,0
20131227,109526,OERLF,OTC,14.36,14.36,0,0,Oc Oerlikon Corp Inc,0,0,0
20131230,109526,OERLF,OTC,14.36,14.36,0,0,Oc Oerlikon Corp Inc,0,0,0
20131231,109526,OERLF,OTC,14.36,14.36,0,0,Oc Oerlikon Corp Inc,0,0,0
20140102,109526,OERLF,OTC,14.36,14.36,0,0,Oc Oerlikon Corp Inc,0,0,0
20140103,109526,OERLF,OTC,14.36,14.36,0,0,Oc Oerlikon Corp Inc,0,0,0
20140106,109526,OERLF,OTC,15.65,15.65,5,0,Oc Oerlikon Corp Inc,0,0,0
20140107,109526,OERLF,OTC,15.65,15.65,0,0,Oc Oerlikon Corp Inc,0,0,0
20140108,109526,OERLF,OTC,15.65,15.65,0,0,Oc Oerlikon Corp Inc,0,0,0
20140109,109526,OERLF,OTC,15.65,15.65,0,0,Oc Oerlikon Corp Inc,0,0,0
20140110,109526,OERLF,OTC,15.65,15.65,0,0,Oc Oerlikon Corp Inc,0,0,0
20140113,109526,OERLF,OTC,15.65,15.65,0,0,Oc Oerlikon Corp Inc,0,0,0
20140114,109526,OERLF,OTC,15.65,15.65,0,0,Oc Oerlikon Corp Inc,0,0,0
20140115,109526,OERLF,OTC,15.65,15.65,0,0,Oc Oerlikon Corp Inc,0,0,0
20140116,109526,OERLF,OTC,15.65,15.65,0,0,Oc Oerlikon Corp Inc,0,0,0
20140117,109526,OERLF,OTC,15.65,15.65,0,0,Oc Oerlikon Corp Inc,0,0,0
20140121,109526,OERLF,OTC,15.9,15.9,3,0,Oc Oerlikon Corp Inc,0,0,0
20140122,109526,OERLF,OTC,15.9,15.9,0,0,Oc Oerlikon Corp Inc,0,0,0
20140123,109526,OERLF,OTC,15.9,15.9,0,0,Oc Oerlikon Corp Inc,0,0,0
20140124,109526,OERLF,OTC,15.9,15.9,0,0,Oc Oerlikon Corp Inc,0,0,0
20140127,109526,OERLF,OTC,15.9,15.9,0,0,Oc Oerlikon Corp Inc,0,0,0
20140128,109526,OERLF,OTC,15.9,15.9,0,0,Oc Oerlikon Corp Inc,0,0,0
20140129,109526,OERLF,OTC,15.9,15.9,0,0,Oc Oerlikon Corp Inc,0,0,0
20140130,109526,OERLF,OTC,15.9,15.9,0,0,Oc Oerlikon Corp Inc,0,0,0
20140131,109526,OERLF,OTC,15.9,15.9,0,0,Oc Oerlikon Corp Inc,0,0,0
20140203,109526,OERLF,OTC,15.9,15.9,0,0,Oc Oerlikon Corp Inc,0,0,0
20140204,109526,OERLF,OTC,15.9,15.9,0,0,Oc Oerlikon Corp Inc,0,0,0
20140205,109526,OERLF,OTC,15.9,15.9,0,0,Oc Oerlikon Corp Inc,0,0,0
20140206,109526,OERLF,OTC,15.9,15.9,0,0,Oc Oerlikon Corp Inc,0,0,0
20140207,109526,OERLF,OTC,15.9,15.9,0,0,Oc Oerlikon Corp Inc,0,0,0
20140210,109526,OERLF,OTC,15.9,15.9,0,0,Oc Oerlikon Corp Inc,0,0,0
20140211,109526,OERLF,OTC,15.9,15.9,0,0,Oc Oerlikon Corp Inc,0,0,0
20140212,109526,OERLF,OTC,15.9,15.9,0,0,Oc Oerlikon Corp Inc,0,0,0
20140213,109526,OERLF,OTC,15.9,15.9,0,0,Oc Oerlikon Corp Inc,0,0,0
20140214,109526,OERLF,OTC,15.9,15.9,0,0,Oc Oerlikon Corp Inc,0,0,0
20140218,109526,OERLF,OTC,15.9,15.9,0,0,Oc Oerlikon Corp Inc,0,0,0
20140219,109526,OERLF,OTC,15.9,15.9,0,0,Oc Oerlikon Corp Inc,0,0,0
20140220,109526,OERLF,OTC,16.68,16.68,0,0,Oc Oerlikon Corp Inc,0,0,0
20140221,109526,OERLF,OTC,16.68,16.68,0,0,Oc Oerlikon Corp Inc,0,0,0
20140224,109526,OERLF,OTC,16.68,16.68,0,0,Oc Oerlikon Corp Inc,0,0,0
20140225,109526,OERLF,OTC,16.68,16.68,0,0,Oc Oerlikon Corp Inc,0,0,0
20140226,109526,OERLF,OTC,17.12,17.12,6,0,Oc Oerlikon Corp Inc,0,0,0
20140227,109526,OERLF,OTC,17.12,17.12,0,0,Oc Oerlikon Corp Inc,0,0,0
20140228,109526,OERLF,OTC,17.12,17.12,0,0,Oc Oerlikon Corp Inc,0,0,0
20140303,109526,OERLF,OTC,17.12,17.12,0,0,Oc Oerlikon Corp Inc,0,0,0
20140304,109526,OERLF,OTC,17.12,17.12,0,0,Oc Oerlikon Corp Inc,0,0,0
20140305,109526,OERLF,OTC,17.12,17.12,0,0,Oc Oerlikon Corp Inc,0,0,0
20140306,109526,OERLF,OTC,17.12,17.12,0,0,Oc Oerlikon Corp Inc,0,0,0
20140307,109526,OERLF,OTC,17.12,17.12,0,0,Oc Oerlikon Corp Inc,0,0,0
