DDate,CSINumber,Symbol,Exchange,DClose,UnAdjustedClose,TotalVolume,Cash,MarketName,PTB,PSR,DPS
20120817,109752,SSDOF,OTC,14.4,14.4,0,0,Shiseido Co Ltd,0,0,0
20120820,109752,SSDOF,OTC,14.4,14.4,0,0,Shiseido Co Ltd,0,0,0
20120821,109752,SSDOF,OTC,14.4,14.4,0,0,Shiseido Co Ltd,0,0,0
20120822,109752,SSDOF,OTC,14.4,14.4,0,0,Shiseido Co Ltd,0,0,0
20120823,109752,SSDOF,OTC,14.4,14.4,0,0,Shiseido Co Ltd,0,0,0
20120824,109752,SSDOF,OTC,14.4,14.4,0,0,Shiseido Co Ltd,0,0,0
20120827,109752,SSDOF,OTC,14.4,14.4,0,0,Shiseido Co Ltd,0,0,0
20120828,109752,SSDOF,OTC,14.4,14.4,0,0,Shiseido Co Ltd,0,0,0
20120829,109752,SSDOF,OTC,14.4,14.4,0,0,Shiseido Co Ltd,0,0,0
20120830,109752,SSDOF,OTC,14.4,14.4,0,0,Shiseido Co Ltd,0,0,0
20120831,109752,SSDOF,OTC,14.4,14.4,0,0,Shiseido Co Ltd,0,0,0
20120904,109752,SSDOF,OTC,14.4,14.4,0,0,Shiseido Co Ltd,0,0,0
20120905,109752,SSDOF,OTC,14.4,14.4,0,0,Shiseido Co Ltd,0,0,0
20120906,109752,SSDOF,OTC,14.4,14.4,0,0,Shiseido Co Ltd,0,0,0
20120907,109752,SSDOF,OTC,14.4,14.4,0,0,Shiseido Co Ltd,0,0,0
20120910,109752,SSDOF,OTC,14.4,14.4,0,0,Shiseido Co Ltd,0,0,0
20120911,109752,SSDOF,OTC,14.4,14.4,0,0,Shiseido Co Ltd,0,0,0
20120912,109752,SSDOF,OTC,14.4,14.4,0,0,Shiseido Co Ltd,0,0,0
20120913,109752,SSDOF,OTC,14.4,14.4,0,0,Shiseido Co Ltd,0,0,0
20120914,109752,SSDOF,OTC,14.3,14.3,2,0,Shiseido Co Ltd,0,0,0
20120917,109752,SSDOF,OTC,14.3,14.3,0,0,Shiseido Co Ltd,0,0,0
20120918,109752,SSDOF,OTC,14.3,14.3,0,0,Shiseido Co Ltd,0,0,0
20120919,109752,SSDOF,OTC,14.3,14.3,0,0,Shiseido Co Ltd,0,0,0
20120920,109752,SSDOF,OTC,14.3,14.3,0,0,Shiseido Co Ltd,0,0,0
20120921,109752,SSDOF,OTC,14.3,14.3,0,0,Shiseido Co Ltd,0,0,0
20120924,109752,SSDOF,OTC,14.3,14.3,0,0,Shiseido Co Ltd,0,0,0
20120925,109752,SSDOF,OTC,14.3,14.3,0,0,Shiseido Co Ltd,0,0,0
20120926,109752,SSDOF,OTC,14.3,14.3,0,0,Shiseido Co Ltd,0,0,0
20120927,109752,SSDOF,OTC,14.3,14.3,0,0,Shiseido Co Ltd,0,0,0
20120928,109752,SSDOF,OTC,14.3,14.3,0,0,Shiseido Co Ltd,0,0,0
20121001,109752,SSDOF,OTC,14.3,14.3,0,0,Shiseido Co Ltd,0,0,0
20121002,109752,SSDOF,OTC,14.3,14.3,0,0,Shiseido Co Ltd,0,0,0
20121003,109752,SSDOF,OTC,14.3,14.3,0,0,Shiseido Co Ltd,0,0,0
20121004,109752,SSDOF,OTC,14.3,14.3,0,0,Shiseido Co Ltd,0,0,0
20121005,109752,SSDOF,OTC,14.3,14.3,0,0,Shiseido Co Ltd,0,0,0
20121008,109752,SSDOF,OTC,14.3,14.3,0,0,Shiseido Co Ltd,0,0,0
20121009,109752,SSDOF,OTC,14.3,14.3,0,0,Shiseido Co Ltd,0,0,0
20121010,109752,SSDOF,OTC,14.3,14.3,0,0,Shiseido Co Ltd,0,0,0
20121011,109752,SSDOF,OTC,12.23,12.23,2,0,Shiseido Co Ltd,0,0,0
20121012,109752,SSDOF,OTC,12.23,12.23,0,0,Shiseido Co Ltd,0,0,0
20121015,109752,SSDOF,OTC,12.23,12.23,0,0,Shiseido Co Ltd,0,0,0
20121016,109752,SSDOF,OTC,12.23,12.23,0,0,Shiseido Co Ltd,0,0,0
20121017,109752,SSDOF,OTC,12.23,12.23,0,0,Shiseido Co Ltd,0,0,0
20121018,109752,SSDOF,OTC,12.23,12.23,0,0,Shiseido Co Ltd,0,0,0
20121019,109752,SSDOF,OTC,12.23,12.23,0,0,Shiseido Co Ltd,0,0,0
20121022,109752,SSDOF,OTC,12.23,12.23,0,0,Shiseido Co Ltd,0,0,0
20121023,109752,SSDOF,OTC,12.23,12.23,0,0,Shiseido Co Ltd,0,0,0
20121024,109752,SSDOF,OTC,12.23,12.23,0,0,Shiseido Co Ltd,0,0,0
20121025,109752,SSDOF,OTC,12.23,12.23,0,0,Shiseido Co Ltd,0,0,0
20121026,109752,SSDOF,OTC,12.23,12.23,0,0,Shiseido Co Ltd,0,0,0
20121031,109752,SSDOF,OTC,12.23,12.23,0,0,Shiseido Co Ltd,0,0,0
20121101,109752,SSDOF,OTC,12.23,12.23,0,0,Shiseido Co Ltd,0,0,0
20121102,109752,SSDOF,OTC,12.23,12.23,0,0,Shiseido Co Ltd,0,0,0
20121105,109752,SSDOF,OTC,12.23,12.23,0,0,Shiseido Co Ltd,0,0,0
20121106,109752,SSDOF,OTC,12.23,12.23,0,0,Shiseido Co Ltd,0,0,0
20121107,109752,SSDOF,OTC,12.23,12.23,0,0,Shiseido Co Ltd,0,0,0
20121108,109752,SSDOF,OTC,12.23,12.23,0,0,Shiseido Co Ltd,0,0,0
20121109,109752,SSDOF,OTC,12.23,12.23,0,0,Shiseido Co Ltd,0,0,0
20121112,109752,SSDOF,OTC,12.23,12.23,0,0,Shiseido Co Ltd,0,0,0
20121113,109752,SSDOF,OTC,12.23,12.23,0,0,Shiseido Co Ltd,0,0,0
20121114,109752,SSDOF,OTC,12.23,12.23,0,0,Shiseido Co Ltd,0,0,0
20121115,109752,SSDOF,OTC,12.23,12.23,0,0,Shiseido Co Ltd,0,0,0
20121116,109752,SSDOF,OTC,13.607,13.607,1150,0,Shiseido Co Ltd,0,0,0
20121119,109752,SSDOF,OTC,13.607,13.607,0,0,Shiseido Co Ltd,0,0,0
20121120,109752,SSDOF,OTC,13.607,13.607,0,0,Shiseido Co Ltd,0,0,0
20121121,109752,SSDOF,OTC,13.607,13.607,0,0,Shiseido Co Ltd,0,0,0
20121123,109752,SSDOF,OTC,13.607,13.607,0,0,Shiseido Co Ltd,0,0,0
20121126,109752,SSDOF,OTC,13.607,13.607,0,0,Shiseido Co Ltd,0,0,0
20121127,109752,SSDOF,OTC,14.193,14.193,11,0,Shiseido Co Ltd,0,0,0
20121128,109752,SSDOF,OTC,14.193,14.193,0,0,Shiseido Co Ltd,0,0,0
20121129,109752,SSDOF,OTC,14.193,14.193,0,0,Shiseido Co Ltd,0,0,0
20121130,109752,SSDOF,OTC,14.193,14.193,0,0,Shiseido Co Ltd,0,0,0
20121203,109752,SSDOF,OTC,14.193,14.193,0,0,Shiseido Co Ltd,0,0,0
20121204,109752,SSDOF,OTC,14.193,14.193,0,0,Shiseido Co Ltd,0,0,0
20121205,109752,SSDOF,OTC,14.193,14.193,0,0,Shiseido Co Ltd,0,0,0
20121206,109752,SSDOF,OTC,14.193,14.193,0,0,Shiseido Co Ltd,0,0,0
20121207,109752,SSDOF,OTC,14.193,14.193,0,0,Shiseido Co Ltd,0,0,0
20121210,109752,SSDOF,OTC,13.75,13.75,8,0,Shiseido Co Ltd,0,0,0
20121211,109752,SSDOF,OTC,13.75,13.75,0,0,Shiseido Co Ltd,0,0,0
20121212,109752,SSDOF,OTC,13.75,13.75,0,0,Shiseido Co Ltd,0,0,0
20121213,109752,SSDOF,OTC,13.75,13.75,0,0,Shiseido Co Ltd,0,0,0
20121214,109752,SSDOF,OTC,13.75,13.75,0,0,Shiseido Co Ltd,0,0,0
20121217,109752,SSDOF,OTC,13.75,13.75,0,0,Shiseido Co Ltd,0,0,0
20121218,109752,SSDOF,OTC,13.75,13.75,0,0,Shiseido Co Ltd,0,0,0
20121219,109752,SSDOF,OTC,13.75,13.75,0,0,Shiseido Co Ltd,0,0,0
20121220,109752,SSDOF,OTC,13.75,13.75,0,0,Shiseido Co Ltd,0,0,0
20121221,109752,SSDOF,OTC,13.75,13.75,0,0,Shiseido Co Ltd,0,0,0
20121224,109752,SSDOF,OTC,13.75,13.75,0,0,Shiseido Co Ltd,0,0,0
20121226,109752,SSDOF,OTC,13.75,13.75,0,0,Shiseido Co Ltd,0,0,0
20121227,109752,SSDOF,OTC,13.75,13.75,0,0,Shiseido Co Ltd,0,0,0
20121228,109752,SSDOF,OTC,13.75,13.75,0,0,Shiseido Co Ltd,0,0,0
20121231,109752,SSDOF,OTC,13.75,13.75,0,0,Shiseido Co Ltd,0,0,0
20130102,109752,SSDOF,OTC,13.75,13.75,0,0,Shiseido Co Ltd,0,0,0
20130103,109752,SSDOF,OTC,13.75,13.75,0,0,Shiseido Co Ltd,0,0,0
20130104,109752,SSDOF,OTC,13.75,13.75,0,0,Shiseido Co Ltd,0,0,0
20130107,109752,SSDOF,OTC,13.75,13.75,0,0,Shiseido Co Ltd,0,0,0
20130108,109752,SSDOF,OTC,13.75,13.75,0,0,Shiseido Co Ltd,0,0,0
20130109,109752,SSDOF,OTC,13.75,13.75,0,0,Shiseido Co Ltd,0,0,0
20130110,109752,SSDOF,OTC,13.75,13.75,0,0,Shiseido Co Ltd,0,0,0
20130111,109752,SSDOF,OTC,13.75,13.75,0,0,Shiseido Co Ltd,0,0,0
20130114,109752,SSDOF,OTC,13.75,13.75,0,0,Shiseido Co Ltd,0,0,0
20130115,109752,SSDOF,OTC,13.75,13.75,0,0,Shiseido Co Ltd,0,0,0
20130116,109752,SSDOF,OTC,13.75,13.75,0,0,Shiseido Co Ltd,0,0,0
20130117,109752,SSDOF,OTC,13.9,13.9,21,0,Shiseido Co Ltd,0,0,0
20130118,109752,SSDOF,OTC,13.9,13.9,0,0,Shiseido Co Ltd,0,0,0
20130122,109752,SSDOF,OTC,13.5,13.5,9,0,Shiseido Co Ltd,0,0,0
20130123,109752,SSDOF,OTC,13.5,13.5,0,0,Shiseido Co Ltd,0,0,0
20130124,109752,SSDOF,OTC,13.55,13.55,5,0,Shiseido Co Ltd,0,0,0
20130125,109752,SSDOF,OTC,13.55,13.55,0,0,Shiseido Co Ltd,0,0,0
20130128,109752,SSDOF,OTC,13.55,13.55,0,0,Shiseido Co Ltd,0,0,0
20130129,109752,SSDOF,OTC,13.55,13.55,0,0,Shiseido Co Ltd,0,0,0
20130130,109752,SSDOF,OTC,13.55,13.55,0,0,Shiseido Co Ltd,0,0,0
20130131,109752,SSDOF,OTC,13.55,13.55,0,0,Shiseido Co Ltd,0,0,0
20130201,109752,SSDOF,OTC,13.55,13.55,0,0,Shiseido Co Ltd,0,0,0
20130204,109752,SSDOF,OTC,13.55,13.55,0,0,Shiseido Co Ltd,0,0,0
20130205,109752,SSDOF,OTC,12.3,12.3,12,0,Shiseido Co Ltd,0,0,0
20130206,109752,SSDOF,OTC,12.3,12.3,0,0,Shiseido Co Ltd,0,0,0
20130207,109752,SSDOF,OTC,12.3,12.3,0,0,Shiseido Co Ltd,0,0,0
20130208,109752,SSDOF,OTC,12.3,12.3,0,0,Shiseido Co Ltd,0,0,0
20130211,109752,SSDOF,OTC,12.3,12.3,0,0,Shiseido Co Ltd,0,0,0
20130212,109752,SSDOF,OTC,12.3,12.3,0,0,Shiseido Co Ltd,0,0,0
20130213,109752,SSDOF,OTC,12.3,12.3,550,0,Shiseido Co Ltd,0,0,0
20130214,109752,SSDOF,OTC,12.3,12.3,0,0,Shiseido Co Ltd,0,0,0
20130215,109752,SSDOF,OTC,12.3,12.3,0,0,Shiseido Co Ltd,0,0,0
20130219,109752,SSDOF,OTC,12.3,12.3,0,0,Shiseido Co Ltd,0,0,0
20130220,109752,SSDOF,OTC,12.3,12.3,0,0,Shiseido Co Ltd,0,0,0
20130221,109752,SSDOF,OTC,12.3,12.3,0,0,Shiseido Co Ltd,0,0,0
20130222,109752,SSDOF,OTC,12.3,12.3,0,0,Shiseido Co Ltd,0,0,0
20130225,109752,SSDOF,OTC,12.3,12.3,0,0,Shiseido Co Ltd,0,0,0
20130226,109752,SSDOF,OTC,12.3,12.3,0,0,Shiseido Co Ltd,0,0,0
20130227,109752,SSDOF,OTC,12.3,12.3,0,0,Shiseido Co Ltd,0,0,0
20130228,109752,SSDOF,OTC,12.3,12.3,0,0,Shiseido Co Ltd,0,0,0
20130301,109752,SSDOF,OTC,12.3,12.3,0,0,Shiseido Co Ltd,0,0,0
20130304,109752,SSDOF,OTC,12.3,12.3,0,0,Shiseido Co Ltd,0,0,0
20130305,109752,SSDOF,OTC,12.3,12.3,0,0,Shiseido Co Ltd,0,0,0
20130306,109752,SSDOF,OTC,12.3,12.3,0,0,Shiseido Co Ltd,0,0,0
20130307,109752,SSDOF,OTC,12.3,12.3,0,0,Shiseido Co Ltd,0,0,0
20130308,109752,SSDOF,OTC,12.3,12.3,0,0,Shiseido Co Ltd,0,0,0
20130311,109752,SSDOF,OTC,12.3,12.3,0,0,Shiseido Co Ltd,0,0,0
20130312,109752,SSDOF,OTC,12.3,12.3,0,0,Shiseido Co Ltd,0,0,0
20130313,109752,SSDOF,OTC,12.3,12.3,0,0,Shiseido Co Ltd,0,0,0
20130314,109752,SSDOF,OTC,12.3,12.3,0,0,Shiseido Co Ltd,0,0,0
20130315,109752,SSDOF,OTC,12.3,12.3,0,0,Shiseido Co Ltd,0,0,0
20130318,109752,SSDOF,OTC,12.3,12.3,0,0,Shiseido Co Ltd,0,0,0
20130319,109752,SSDOF,OTC,12.3,12.3,0,0,Shiseido Co Ltd,0,0,0
20130320,109752,SSDOF,OTC,12.3,12.3,0,0,Shiseido Co Ltd,0,0,0
20130321,109752,SSDOF,OTC,12.3,12.3,0,0,Shiseido Co Ltd,0,0,0
20130322,109752,SSDOF,OTC,12.3,12.3,0,0,Shiseido Co Ltd,0,0,0
20130325,109752,SSDOF,OTC,12.3,12.3,0,0,Shiseido Co Ltd,0,0,0
20130326,109752,SSDOF,OTC,14.15,14.15,17,0,Shiseido Co Ltd,0,0,0
20130327,109752,SSDOF,OTC,14.15,14.15,0,0,Shiseido Co Ltd,0,0,0
20130328,109752,SSDOF,OTC,14.15,14.15,0,0,Shiseido Co Ltd,0,0,0
20130401,109752,SSDOF,OTC,14.15,14.15,0,0,Shiseido Co Ltd,0,0,0
20130402,109752,SSDOF,OTC,13.95,13.95,17,0,Shiseido Co Ltd,0,0,0
20130403,109752,SSDOF,OTC,13.95,13.95,0,0,Shiseido Co Ltd,0,0,0
20130404,109752,SSDOF,OTC,13.95,13.95,0,0,Shiseido Co Ltd,0,0,0
20130405,109752,SSDOF,OTC,13.95,13.95,0,0,Shiseido Co Ltd,0,0,0
20130408,109752,SSDOF,OTC,13.95,13.95,0,0,Shiseido Co Ltd,0,0,0
20130409,109752,SSDOF,OTC,13.95,13.95,0,0,Shiseido Co Ltd,0,0,0
20130410,109752,SSDOF,OTC,13.95,13.95,0,0,Shiseido Co Ltd,0,0,0
20130411,109752,SSDOF,OTC,13.95,13.95,0,0,Shiseido Co Ltd,0,0,0
20130412,109752,SSDOF,OTC,13.95,13.95,0,0,Shiseido Co Ltd,0,0,0
20130415,109752,SSDOF,OTC,13.95,13.95,0,0,Shiseido Co Ltd,0,0,0
20130416,109752,SSDOF,OTC,13.95,13.95,0,0,Shiseido Co Ltd,0,0,0
20130417,109752,SSDOF,OTC,13.95,13.95,0,0,Shiseido Co Ltd,0,0,0
20130418,109752,SSDOF,OTC,13.95,13.95,0,0,Shiseido Co Ltd,0,0,0
20130419,109752,SSDOF,OTC,13.95,13.95,0,0,Shiseido Co Ltd,0,0,0
20130422,109752,SSDOF,OTC,13.95,13.95,0,0,Shiseido Co Ltd,0,0,0
20130423,109752,SSDOF,OTC,13.95,13.95,0,0,Shiseido Co Ltd,0,0,0
20130424,109752,SSDOF,OTC,13.95,13.95,0,0,Shiseido Co Ltd,0,0,0
20130425,109752,SSDOF,OTC,13.95,13.95,0,0,Shiseido Co Ltd,0,0,0
20130426,109752,SSDOF,OTC,13.95,13.95,0,0,Shiseido Co Ltd,0,0,0
20130429,109752,SSDOF,OTC,13.95,13.95,0,0,Shiseido Co Ltd,0,0,0
20130430,109752,SSDOF,OTC,14.3,14.3,10,0,Shiseido Co Ltd,0,0,0
20130501,109752,SSDOF,OTC,14.4,14.4,2,0,Shiseido Co Ltd,0,0,0
20130502,109752,SSDOF,OTC,14.4,14.4,0,0,Shiseido Co Ltd,0,0,0
20130503,109752,SSDOF,OTC,14.4,14.4,0,0,Shiseido Co Ltd,0,0,0
20130506,109752,SSDOF,OTC,14.4,14.4,0,0,Shiseido Co Ltd,0,0,0
20130507,109752,SSDOF,OTC,14.2,14.2,30,0,Shiseido Co Ltd,0,0,0
20130508,109752,SSDOF,OTC,13,13,2,0,Shiseido Co Ltd,0,0,0
20130509,109752,SSDOF,OTC,13,13,0,0,Shiseido Co Ltd,0,0,0
20130510,109752,SSDOF,OTC,13,13,0,0,Shiseido Co Ltd,0,0,0
20130513,109752,SSDOF,OTC,13,13,0,0,Shiseido Co Ltd,0,0,0
20130514,109752,SSDOF,OTC,13,13,0,0,Shiseido Co Ltd,0,0,0
20130515,109752,SSDOF,OTC,13,13,0,0,Shiseido Co Ltd,0,0,0
20130516,109752,SSDOF,OTC,13,13,0,0,Shiseido Co Ltd,0,0,0
20130517,109752,SSDOF,OTC,15.5,15.5,10,0,Shiseido Co Ltd,0,0,0
20130520,109752,SSDOF,OTC,15.5,15.5,0,0,Shiseido Co Ltd,0,0,0
20130521,109752,SSDOF,OTC,15.5,15.5,0,0,Shiseido Co Ltd,0,0,0
20130522,109752,SSDOF,OTC,15.5,15.5,0,0,Shiseido Co Ltd,0,0,0
20130523,109752,SSDOF,OTC,15.5,15.5,0,0,Shiseido Co Ltd,0,0,0
20130524,109752,SSDOF,OTC,15.1,15.1,5,0,Shiseido Co Ltd,0,0,0
20130528,109752,SSDOF,OTC,15.1,15.1,0,0,Shiseido Co Ltd,0,0,0
20130529,109752,SSDOF,OTC,15.1,15.1,0,0,Shiseido Co Ltd,0,0,0
20130530,109752,SSDOF,OTC,15.1,15.1,0,0,Shiseido Co Ltd,0,0,0
20130531,109752,SSDOF,OTC,15.1,15.1,0,0,Shiseido Co Ltd,0,0,0
20130603,109752,SSDOF,OTC,15.1,15.1,0,0,Shiseido Co Ltd,0,0,0
20130604,109752,SSDOF,OTC,15.1,15.1,0,0,Shiseido Co Ltd,0,0,0
20130605,109752,SSDOF,OTC,15.1,15.1,0,0,Shiseido Co Ltd,0,0,0
20130606,109752,SSDOF,OTC,15.1,15.1,0,0,Shiseido Co Ltd,0,0,0
20130607,109752,SSDOF,OTC,14.8,14.8,19,0,Shiseido Co Ltd,0,0,0
20130610,109752,SSDOF,OTC,15.234,15.234,660,0,Shiseido Co Ltd,0,0,0
20130611,109752,SSDOF,OTC,15.234,15.234,0,0,Shiseido Co Ltd,0,0,0
20130612,109752,SSDOF,OTC,15.234,15.234,0,0,Shiseido Co Ltd,0,0,0
20130613,109752,SSDOF,OTC,15.234,15.234,0,0,Shiseido Co Ltd,0,0,0
20130614,109752,SSDOF,OTC,15.234,15.234,0,0,Shiseido Co Ltd,0,0,0
20130617,109752,SSDOF,OTC,15.234,15.234,0,0,Shiseido Co Ltd,0,0,0
20130618,109752,SSDOF,OTC,15.234,15.234,0,0,Shiseido Co Ltd,0,0,0
20130619,109752,SSDOF,OTC,15.234,15.234,0,0,Shiseido Co Ltd,0,0,0
20130620,109752,SSDOF,OTC,15.234,15.234,0,0,Shiseido Co Ltd,0,0,0
20130621,109752,SSDOF,OTC,15.234,15.234,0,0,Shiseido Co Ltd,0,0,0
20130624,109752,SSDOF,OTC,14.4,14.4,2,0,Shiseido Co Ltd,0,0,0
20130625,109752,SSDOF,OTC,14.4,14.4,0,0,Shiseido Co Ltd,0,0,0
20130626,109752,SSDOF,OTC,14.4,14.4,0,0,Shiseido Co Ltd,0,0,0
20130627,109752,SSDOF,OTC,14.4,14.4,0,0,Shiseido Co Ltd,0,0,0
20130628,109752,SSDOF,OTC,14.4,14.4,0,0,Shiseido Co Ltd,0,0,0
20130701,109752,SSDOF,OTC,14.4,14.4,0,0,Shiseido Co Ltd,0,0,0
20130702,109752,SSDOF,OTC,14.4,14.4,0,0,Shiseido Co Ltd,0,0,0
20130703,109752,SSDOF,OTC,14.4,14.4,0,0,Shiseido Co Ltd,0,0,0
20130705,109752,SSDOF,OTC,14.4,14.4,0,0,Shiseido Co Ltd,0,0,0
20130708,109752,SSDOF,OTC,14.4,14.4,0,0,Shiseido Co Ltd,0,0,0
20130709,109752,SSDOF,OTC,14.4,14.4,0,0,Shiseido Co Ltd,0,0,0
20130710,109752,SSDOF,OTC,14.4,14.4,0,0,Shiseido Co Ltd,0,0,0
20130711,109752,SSDOF,OTC,14.4,14.4,0,0,Shiseido Co Ltd,0,0,0
20130712,109752,SSDOF,OTC,14.4,14.4,0,0,Shiseido Co Ltd,0,0,0
20130715,109752,SSDOF,OTC,14.4,14.4,0,0,Shiseido Co Ltd,0,0,0
20130716,109752,SSDOF,OTC,14.4,14.4,0,0,Shiseido Co Ltd,0,0,0
20130717,109752,SSDOF,OTC,14.4,14.4,0,0,Shiseido Co Ltd,0,0,0
20130718,109752,SSDOF,OTC,15.15,15.15,15,0,Shiseido Co Ltd,0,0,0
20130719,109752,SSDOF,OTC,15.15,15.15,0,0,Shiseido Co Ltd,0,0,0
20130722,109752,SSDOF,OTC,15.15,15.15,0,0,Shiseido Co Ltd,0,0,0
20130723,109752,SSDOF,OTC,15.15,15.15,0,0,Shiseido Co Ltd,0,0,0
20130724,109752,SSDOF,OTC,15.15,15.15,0,0,Shiseido Co Ltd,0,0,0
20130725,109752,SSDOF,OTC,15.15,15.15,0,0,Shiseido Co Ltd,0,0,0
20130726,109752,SSDOF,OTC,15.15,15.15,0,0,Shiseido Co Ltd,0,0,0
20130729,109752,SSDOF,OTC,15.15,15.15,0,0,Shiseido Co Ltd,0,0,0
20130730,109752,SSDOF,OTC,15.15,15.15,0,0,Shiseido Co Ltd,0,0,0
20130731,109752,SSDOF,OTC,15.15,15.15,0,0,Shiseido Co Ltd,0,0,0
20130801,109752,SSDOF,OTC,15.15,15.15,0,0,Shiseido Co Ltd,0,0,0
20130802,109752,SSDOF,OTC,15.15,15.15,0,0,Shiseido Co Ltd,0,0,0
20130805,109752,SSDOF,OTC,15.15,15.15,0,0,Shiseido Co Ltd,0,0,0
20130806,109752,SSDOF,OTC,15.15,15.15,0,0,Shiseido Co Ltd,0,0,0
20130807,109752,SSDOF,OTC,15.15,15.15,0,0,Shiseido Co Ltd,0,0,0
20130808,109752,SSDOF,OTC,15.15,15.15,0,0,Shiseido Co Ltd,0,0,0
20130809,109752,SSDOF,OTC,15.15,15.15,0,0,Shiseido Co Ltd,0,0,0
20130812,109752,SSDOF,OTC,15.15,15.15,0,0,Shiseido Co Ltd,0,0,0
20130813,109752,SSDOF,OTC,15.15,15.15,0,0,Shiseido Co Ltd,0,0,0
20130814,109752,SSDOF,OTC,15.15,15.15,0,0,Shiseido Co Ltd,0,0,0
20130815,109752,SSDOF,OTC,15.15,15.15,0,0,Shiseido Co Ltd,0,0,0
20130816,109752,SSDOF,OTC,15.15,15.15,0,0,Shiseido Co Ltd,0,0,0
20130819,109752,SSDOF,OTC,15.15,15.15,0,0,Shiseido Co Ltd,0,0,0
20130820,109752,SSDOF,OTC,15.15,15.15,0,0,Shiseido Co Ltd,0,0,0
20130821,109752,SSDOF,OTC,15.15,15.15,0,0,Shiseido Co Ltd,0,0,0
20130822,109752,SSDOF,OTC,15.15,15.15,0,0,Shiseido Co Ltd,0,0,0
20130823,109752,SSDOF,OTC,15.15,15.15,0,0,Shiseido Co Ltd,0,0,0
20130826,109752,SSDOF,OTC,15.15,15.15,0,0,Shiseido Co Ltd,0,0,0
20130827,109752,SSDOF,OTC,15.15,15.15,0,0,Shiseido Co Ltd,0,0,0
20130828,109752,SSDOF,OTC,15.15,15.15,0,0,Shiseido Co Ltd,0,0,0
20130829,109752,SSDOF,OTC,15.15,15.15,0,0,Shiseido Co Ltd,0,0,0
20130830,109752,SSDOF,OTC,15.15,15.15,0,0,Shiseido Co Ltd,0,0,0
20130903,109752,SSDOF,OTC,15.15,15.15,0,0,Shiseido Co Ltd,0,0,0
20130904,109752,SSDOF,OTC,15.15,15.15,0,0,Shiseido Co Ltd,0,0,0
20130905,109752,SSDOF,OTC,15.15,15.15,0,0,Shiseido Co Ltd,0,0,0
20130906,109752,SSDOF,OTC,15.15,15.15,0,0,Shiseido Co Ltd,0,0,0
20130909,109752,SSDOF,OTC,15.15,15.15,0,0,Shiseido Co Ltd,0,0,0
20130910,109752,SSDOF,OTC,15.15,15.15,0,0,Shiseido Co Ltd,0,0,0
20130911,109752,SSDOF,OTC,15.15,15.15,0,0,Shiseido Co Ltd,0,0,0
20130912,109752,SSDOF,OTC,15.15,15.15,0,0,Shiseido Co Ltd,0,0,0
20130913,109752,SSDOF,OTC,15.15,15.15,0,0,Shiseido Co Ltd,0,0,0
20130916,109752,SSDOF,OTC,15.15,15.15,0,0,Shiseido Co Ltd,0,0,0
20130917,109752,SSDOF,OTC,15.15,15.15,0,0,Shiseido Co Ltd,0,0,0
20130918,109752,SSDOF,OTC,15.15,15.15,0,0,Shiseido Co Ltd,0,0,0
20130919,109752,SSDOF,OTC,15.15,15.15,0,0,Shiseido Co Ltd,0,0,0
20130920,109752,SSDOF,OTC,15.15,15.15,0,0,Shiseido Co Ltd,0,0,0
20130923,109752,SSDOF,OTC,15.15,15.15,0,0,Shiseido Co Ltd,0,0,0
20130924,109752,SSDOF,OTC,15.15,15.15,0,0,Shiseido Co Ltd,0,0,0
20130925,109752,SSDOF,OTC,15.15,15.15,0,0,Shiseido Co Ltd,0,0,0
20130926,109752,SSDOF,OTC,15.15,15.15,0,0,Shiseido Co Ltd,0,0,0
20130927,109752,SSDOF,OTC,15.15,15.15,0,0,Shiseido Co Ltd,0,0,0
20130930,109752,SSDOF,OTC,15.15,15.15,0,0,Shiseido Co Ltd,0,0,0
20131001,109752,SSDOF,OTC,15.15,15.15,0,0,Shiseido Co Ltd,0,0,0
20131002,109752,SSDOF,OTC,17.65,17.65,8,0,Shiseido Co Ltd,0,0,0
20131003,109752,SSDOF,OTC,17.65,17.65,0,0,Shiseido Co Ltd,0,0,0
20131004,109752,SSDOF,OTC,17.65,17.65,0,0,Shiseido Co Ltd,0,0,0
20131007,109752,SSDOF,OTC,17.25,17.25,9,0,Shiseido Co Ltd,0,0,0
20131008,109752,SSDOF,OTC,17.25,17.25,0,0,Shiseido Co Ltd,0,0,0
20131009,109752,SSDOF,OTC,17.25,17.25,0,0,Shiseido Co Ltd,0,0,0
20131010,109752,SSDOF,OTC,17.25,17.25,0,0,Shiseido Co Ltd,0,0,0
20131011,109752,SSDOF,OTC,17.25,17.25,0,0,Shiseido Co Ltd,0,0,0
20131014,109752,SSDOF,OTC,17.25,17.25,0,0,Shiseido Co Ltd,0,0,0
20131015,109752,SSDOF,OTC,17.3,17.3,4,0,Shiseido Co Ltd,0,0,0
20131016,109752,SSDOF,OTC,17.3,17.3,0,0,Shiseido Co Ltd,0,0,0
20131017,109752,SSDOF,OTC,17.3,17.3,0,0,Shiseido Co Ltd,0,0,0
20131018,109752,SSDOF,OTC,17.3,17.3,0,0,Shiseido Co Ltd,0,0,0
20131021,109752,SSDOF,OTC,17.3,17.3,0,0,Shiseido Co Ltd,0,0,0
20131022,109752,SSDOF,OTC,17.3,17.3,0,0,Shiseido Co Ltd,0,0,0
20131023,109752,SSDOF,OTC,17.3,17.3,0,0,Shiseido Co Ltd,0,0,0
20131024,109752,SSDOF,OTC,17.3,17.3,0,0,Shiseido Co Ltd,0,0,0
20131025,109752,SSDOF,OTC,17.9,17.9,5,0,Shiseido Co Ltd,0,0,0
20131028,109752,SSDOF,OTC,17.9,17.9,0,0,Shiseido Co Ltd,0,0,0
20131029,109752,SSDOF,OTC,17.9,17.9,0,0,Shiseido Co Ltd,0,0,0
20131030,109752,SSDOF,OTC,17.9,17.9,0,0,Shiseido Co Ltd,0,0,0
20131031,109752,SSDOF,OTC,17.9,17.9,0,0,Shiseido Co Ltd,0,0,0
20131101,109752,SSDOF,OTC,17.9,17.9,0,0,Shiseido Co Ltd,0,0,0
20131104,109752,SSDOF,OTC,17.9,17.9,0,0,Shiseido Co Ltd,0,0,0
20131105,109752,SSDOF,OTC,17.9,17.9,0,0,Shiseido Co Ltd,0,0,0
20131106,109752,SSDOF,OTC,17.9,17.9,0,0,Shiseido Co Ltd,0,0,0
20131107,109752,SSDOF,OTC,17.9,17.9,0,0,Shiseido Co Ltd,0,0,0
20131108,109752,SSDOF,OTC,17.9,17.9,0,0,Shiseido Co Ltd,0,0,0
20131111,109752,SSDOF,OTC,17.9,17.9,0,0,Shiseido Co Ltd,0,0,0
20131112,109752,SSDOF,OTC,17.9,17.9,0,0,Shiseido Co Ltd,0,0,0
20131113,109752,SSDOF,OTC,17.9,17.9,0,0,Shiseido Co Ltd,0,0,0
20131114,109752,SSDOF,OTC,17.9,17.9,0,0,Shiseido Co Ltd,0,0,0
20131115,109752,SSDOF,OTC,17.9,17.9,0,0,Shiseido Co Ltd,0,0,0
20131118,109752,SSDOF,OTC,17.9,17.9,0,0,Shiseido Co Ltd,0,0,0
20131119,109752,SSDOF,OTC,17.9,17.9,0,0,Shiseido Co Ltd,0,0,0
20131120,109752,SSDOF,OTC,17.9,17.9,0,0,Shiseido Co Ltd,0,0,0
20131121,109752,SSDOF,OTC,17.9,17.9,0,0,Shiseido Co Ltd,0,0,0
20131122,109752,SSDOF,OTC,17.9,17.9,0,0,Shiseido Co Ltd,0,0,0
20131125,109752,SSDOF,OTC,17.9,17.9,0,0,Shiseido Co Ltd,0,0,0
20131126,109752,SSDOF,OTC,17.9,17.9,0,0,Shiseido Co Ltd,0,0,0
20131127,109752,SSDOF,OTC,17.9,17.9,0,0,Shiseido Co Ltd,0,0,0
20131129,109752,SSDOF,OTC,17.9,17.9,0,0,Shiseido Co Ltd,0,0,0
20131202,109752,SSDOF,OTC,17.9,17.9,0,0,Shiseido Co Ltd,0,0,0
20131203,109752,SSDOF,OTC,17.9,17.9,0,0,Shiseido Co Ltd,0,0,0
20131204,109752,SSDOF,OTC,17.9,17.9,0,0,Shiseido Co Ltd,0,0,0
20131205,109752,SSDOF,OTC,17.9,17.9,0,0,Shiseido Co Ltd,0,0,0
20131206,109752,SSDOF,OTC,17.9,17.9,0,0,Shiseido Co Ltd,0,0,0
20131209,109752,SSDOF,OTC,17.9,17.9,0,0,Shiseido Co Ltd,0,0,0
20131210,109752,SSDOF,OTC,17.9,17.9,0,0,Shiseido Co Ltd,0,0,0
20131211,109752,SSDOF,OTC,17.9,17.9,0,0,Shiseido Co Ltd,0,0,0
20131212,109752,SSDOF,OTC,17.9,17.9,0,0,Shiseido Co Ltd,0,0,0
20131213,109752,SSDOF,OTC,17.9,17.9,0,0,Shiseido Co Ltd,0,0,0
20131216,109752,SSDOF,OTC,17.9,17.9,0,0,Shiseido Co Ltd,0,0,0
20131217,109752,SSDOF,OTC,17.9,17.9,0,0,Shiseido Co Ltd,0,0,0
20131218,109752,SSDOF,OTC,17.9,17.9,0,0,Shiseido Co Ltd,0,0,0
20131219,109752,SSDOF,OTC,17.9,17.9,0,0,Shiseido Co Ltd,0,0,0
20131220,109752,SSDOF,OTC,17.9,17.9,0,0,Shiseido Co Ltd,0,0,0
20131223,109752,SSDOF,OTC,17.9,17.9,0,0,Shiseido Co Ltd,0,0,0
20131224,109752,SSDOF,OTC,15.69,15.69,660,0,Shiseido Co Ltd,0,0,0
20131226,109752,SSDOF,OTC,15.69,15.69,0,0,Shiseido Co Ltd,0,0,0
20131227,109752,SSDOF,OTC,15.69,15.69,0,0,Shiseido Co Ltd,0,0,0
20131230,109752,SSDOF,OTC,15.69,15.69,0,0,Shiseido Co Ltd,0,0,0
20131231,109752,SSDOF,OTC,15.69,15.69,0,0,Shiseido Co Ltd,0,0,0
20140102,109752,SSDOF,OTC,15.69,15.69,0,0,Shiseido Co Ltd,0,0,0
20140103,109752,SSDOF,OTC,15.69,15.69,0,0,Shiseido Co Ltd,0,0,0
20140106,109752,SSDOF,OTC,15.69,15.69,0,0,Shiseido Co Ltd,0,0,0
20140107,109752,SSDOF,OTC,15.69,15.69,0,0,Shiseido Co Ltd,0,0,0
20140108,109752,SSDOF,OTC,15.69,15.69,0,0,Shiseido Co Ltd,0,0,0
20140109,109752,SSDOF,OTC,15.69,15.69,0,0,Shiseido Co Ltd,0,0,0
20140110,109752,SSDOF,OTC,15.7,15.7,10,0,Shiseido Co Ltd,0,0,0
20140113,109752,SSDOF,OTC,15.7,15.7,0,0,Shiseido Co Ltd,0,0,0
20140114,109752,SSDOF,OTC,15.7,15.7,0,0,Shiseido Co Ltd,0,0,0
20140115,109752,SSDOF,OTC,15.7,15.7,0,0,Shiseido Co Ltd,0,0,0
20140116,109752,SSDOF,OTC,15.7,15.7,0,0,Shiseido Co Ltd,0,0,0
20140117,109752,SSDOF,OTC,15.7,15.7,0,0,Shiseido Co Ltd,0,0,0
20140121,109752,SSDOF,OTC,15.92,15.92,2,0,Shiseido Co Ltd,0,0,0
20140122,109752,SSDOF,OTC,16.15,16.15,490,0,Shiseido Co Ltd,0,0,0
20140123,109752,SSDOF,OTC,16.15,16.15,0,0,Shiseido Co Ltd,0,0,0
20140124,109752,SSDOF,OTC,16.15,16.15,0,0,Shiseido Co Ltd,0,0,0
20140127,109752,SSDOF,OTC,16.15,16.15,0,0,Shiseido Co Ltd,0,0,0
20140128,109752,SSDOF,OTC,15.4,15.4,2,0,Shiseido Co Ltd,0,0,0
20140129,109752,SSDOF,OTC,16.12,16.12,13,0,Shiseido Co Ltd,0,0,0
20140130,109752,SSDOF,OTC,16.12,16.12,0,0,Shiseido Co Ltd,0,0,0
20140131,109752,SSDOF,OTC,16.12,16.12,0,0,Shiseido Co Ltd,0,0,0
20140203,109752,SSDOF,OTC,16.7,16.7,14,0,Shiseido Co Ltd,0,0,0
20140204,109752,SSDOF,OTC,15.6,15.6,2,0,Shiseido Co Ltd,0,0,0
20140205,109752,SSDOF,OTC,15.6,15.6,0,0,Shiseido Co Ltd,0,0,0
20140206,109752,SSDOF,OTC,15.6,15.6,0,0,Shiseido Co Ltd,0,0,0
20140207,109752,SSDOF,OTC,15.6,15.6,0,0,Shiseido Co Ltd,0,0,0
20140210,109752,SSDOF,OTC,15.6,15.6,0,0,Shiseido Co Ltd,0,0,0
20140211,109752,SSDOF,OTC,15.6,15.6,0,0,Shiseido Co Ltd,0,0,0
20140212,109752,SSDOF,OTC,15.6,15.6,0,0,Shiseido Co Ltd,0,0,0
20140213,109752,SSDOF,OTC,15.6,15.6,0,0,Shiseido Co Ltd,0,0,0
20140214,109752,SSDOF,OTC,15.6,15.6,0,0,Shiseido Co Ltd,0,0,0
20140218,109752,SSDOF,OTC,15.6,15.6,0,0,Shiseido Co Ltd,0,0,0
20140219,109752,SSDOF,OTC,16.57,16.57,4,0,Shiseido Co Ltd,0,0,0
20140220,109752,SSDOF,OTC,16.57,16.57,0,0,Shiseido Co Ltd,0,0,0
20140221,109752,SSDOF,OTC,16.57,16.57,0,0,Shiseido Co Ltd,0,0,0
20140224,109752,SSDOF,OTC,17.2,17.2,30,0,Shiseido Co Ltd,0,0,0
20140225,109752,SSDOF,OTC,17.2,17.2,0,0,Shiseido Co Ltd,0,0,0
20140226,109752,SSDOF,OTC,17.2,17.2,0,0,Shiseido Co Ltd,0,0,0
20140227,109752,SSDOF,OTC,17.2,17.2,0,0,Shiseido Co Ltd,0,0,0
20140228,109752,SSDOF,OTC,17.2,17.2,0,0,Shiseido Co Ltd,0,0,0
20140303,109752,SSDOF,OTC,17.2,17.2,0,0,Shiseido Co Ltd,0,0,0
20140304,109752,SSDOF,OTC,17.2,17.2,0,0,Shiseido Co Ltd,0,0,0
20140305,109752,SSDOF,OTC,17.2,17.2,0,0,Shiseido Co Ltd,0,0,0
20140306,109752,SSDOF,OTC,17.2,17.2,0,0,Shiseido Co Ltd,0,0,0
20140307,109752,SSDOF,OTC,17.2,17.2,0,0,Shiseido Co Ltd,0,0,0
