DDate,CSINumber,Symbol,Exchange,DClose,UnAdjustedClose,TotalVolume,Cash,MarketName,PTB,PSR,DPS
19971118,11625,AGS',NYSE,10.4982,10.5,11969,0,Saga Systems Inc,0,0,0
19971119,11625,AGS',NYSE,10.060775,10.0625,2193,0,Saga Systems Inc,0,0,0
19971120,11625,AGS',NYSE,10.12326429,10.125,1605,0,Saga Systems Inc,0,0,0
19971121,11625,AGS',NYSE,10.060775,10.0625,663,0,Saga Systems Inc,0,0,0
19971124,11625,AGS',NYSE,10.060775,10.0625,390,0,Saga Systems Inc,0,0,0
19971125,11625,AGS',NYSE,9.998285714,10,507,0,Saga Systems Inc,0,0,0
19971126,11625,AGS',NYSE,10.060775,10.0625,279,0,Saga Systems Inc,0,0,0
19971128,11625,AGS',NYSE,10.18575357,10.1875,507,0,Saga Systems Inc,0,0,0
19971201,11625,AGS',NYSE,10.060775,10.0625,498,0,Saga Systems Inc,0,0,0
19971202,11625,AGS',NYSE,10.12326429,10.125,251,0,Saga Systems Inc,0,0,0
19971203,11625,AGS',NYSE,10.060775,10.0625,66,0,Saga Systems Inc,0,0,0
19971204,11625,AGS',NYSE,10.060775,10.0625,1375,0,Saga Systems Inc,0,0,0
19971205,11625,AGS',NYSE,10.060775,10.0625,1167,0,Saga Systems Inc,0,0,0
19971208,11625,AGS',NYSE,11.24807143,11.25,673,0,Saga Systems Inc,0,0,0
19971209,11625,AGS',NYSE,10.62317857,10.625,831,0,Saga Systems Inc,0,0,0
19971210,11625,AGS',NYSE,10.62317857,10.625,203,0,Saga Systems Inc,0,0,0
19971211,11625,AGS',NYSE,10.62317857,10.625,196,0,Saga Systems Inc,0,0,0
19971212,11625,AGS',NYSE,10.43571071,10.4375,301,0,Saga Systems Inc,0,0,0
19971215,11625,AGS',NYSE,10.62317857,10.625,1748,0,Saga Systems Inc,0,0,0
19971216,11625,AGS',NYSE,11.87296429,11.875,1152,0,Saga Systems Inc,0,0,0
19971217,11625,AGS',NYSE,12.2479,12.25,1042,0,Saga Systems Inc,0,0,0
19971218,11625,AGS',NYSE,12.12292143,12.125,295,0,Saga Systems Inc,0,0,0
19971219,11625,AGS',NYSE,12.12292143,12.125,389,0,Saga Systems Inc,0,0,0
19971222,11625,AGS',NYSE,12.87279286,12.875,598,0,Saga Systems Inc,0,0,0
19971223,11625,AGS',NYSE,13.24772857,13.25,300,0,Saga Systems Inc,0,0,0
19971224,11625,AGS',NYSE,13.37270714,13.375,351,0,Saga Systems Inc,0,0,0
19971226,11625,AGS',NYSE,13.49768571,13.5,107,0,Saga Systems Inc,0,0,0
19971229,11625,AGS',NYSE,14.37253571,14.375,272,0,Saga Systems Inc,0,0,0
19971230,11625,AGS',NYSE,13.9976,14,378,0,Saga Systems Inc,0,0,0
19971231,11625,AGS',NYSE,14.49751429,14.5,513,0,Saga Systems Inc,0,0,0
19980102,11625,AGS',NYSE,14.37253571,14.375,280,0,Saga Systems Inc,0,0,0
19980105,11625,AGS',NYSE,13.68515357,13.6875,862,0,Saga Systems Inc,0,0,0
19980106,11625,AGS',NYSE,12.74781429,12.75,477,0,Saga Systems Inc,0,0,0
19980107,11625,AGS',NYSE,12.49785714,12.5,188,0,Saga Systems Inc,0,0,0
19980108,11625,AGS',NYSE,11.93545357,11.9375,5294,0,Saga Systems Inc,0,0,0
19980109,11625,AGS',NYSE,11.49802857,11.5,775,0,Saga Systems Inc,0,0,0
19980112,11625,AGS',NYSE,11.62300714,11.625,438,0,Saga Systems Inc,0,0,0
19980113,11625,AGS',NYSE,11.99794286,12,170,0,Saga Systems Inc,0,0,0
19980114,11625,AGS',NYSE,11.99794286,12,290,0,Saga Systems Inc,0,0,0
19980115,11625,AGS',NYSE,11.810475,11.8125,61,0,Saga Systems Inc,0,0,0
19980116,11625,AGS',NYSE,11.68549643,11.6875,134,0,Saga Systems Inc,0,0,0
19980120,11625,AGS',NYSE,13.560175,13.5625,2250,0,Saga Systems Inc,0,0,0
19980121,11625,AGS',NYSE,13.43519643,13.4375,1284,0,Saga Systems Inc,0,0,0
19980122,11625,AGS',NYSE,13.68515357,13.6875,564,0,Saga Systems Inc,0,0,0
19980123,11625,AGS',NYSE,13.43519643,13.4375,237,0,Saga Systems Inc,0,0,0
19980126,11625,AGS',NYSE,12.99777143,13,1828,0,Saga Systems Inc,0,0,0
19980127,11625,AGS',NYSE,12.81030357,12.8125,238,0,Saga Systems Inc,0,0,0
19980128,11625,AGS',NYSE,13.81013214,13.8125,2149,0,Saga Systems Inc,0,0,0
19980129,11625,AGS',NYSE,13.68515357,13.6875,405,0,Saga Systems Inc,0,0,0
19980130,11625,AGS',NYSE,13.49768571,13.5,782,0,Saga Systems Inc,0,0,0
19980202,11625,AGS',NYSE,13.18523929,13.1875,722,0,Saga Systems Inc,0,0,0
19980203,11625,AGS',NYSE,13.06026071,13.0625,551,0,Saga Systems Inc,0,0,0
19980204,11625,AGS',NYSE,13.49768571,13.5,984,0,Saga Systems Inc,0,0,0
19980205,11625,AGS',NYSE,14.37253571,14.375,1387,0,Saga Systems Inc,0,0,0
19980206,11625,AGS',NYSE,16.12223571,16.125,724,0,Saga Systems Inc,0,0,0
19980209,11625,AGS',NYSE,16.30970357,16.3125,375,0,Saga Systems Inc,0,0,0
19980210,11625,AGS',NYSE,16.49717143,16.5,109,0,Saga Systems Inc,0,0,0
19980211,11625,AGS',NYSE,16.55966071,16.5625,525,0,Saga Systems Inc,0,0,0
19980212,11625,AGS',NYSE,16.37219286,16.375,1328,0,Saga Systems Inc,0,0,0
19980213,11625,AGS',NYSE,17.12206429,17.125,1849,0,Saga Systems Inc,0,0,0
19980217,11625,AGS',NYSE,18.49682857,18.5,1040,0,Saga Systems Inc,0,0,0
19980218,11625,AGS',NYSE,18.24687143,18.25,935,0,Saga Systems Inc,0,0,0
19980219,11625,AGS',NYSE,18.05940357,18.0625,165,0,Saga Systems Inc,0,0,0
19980220,11625,AGS',NYSE,17.497,17.5,369,0,Saga Systems Inc,0,0,0
19980223,11625,AGS',NYSE,18,18,0,0,Saga Systems Inc,0,0,0
19980224,11625,AGS',NYSE,17.9375,17.9375,80,0,Saga Systems Inc,0,0,0
19980225,11625,AGS',NYSE,18.125,18.125,351,0,Saga Systems Inc,0,0,0
19980226,11625,AGS',NYSE,19.375,19.375,421,0,Saga Systems Inc,0,0,0
19980227,11625,AGS',NYSE,19.375,19.375,1918,0,Saga Systems Inc,0,0,0
19980302,11625,AGS',NYSE,19,19,588,0,Saga Systems Inc,0,0,0
19980303,11625,AGS',NYSE,18.5,18.5,416,0,Saga Systems Inc,0,0,0
19980304,11625,AGS',NYSE,18.25,18.25,177,0,Saga Systems Inc,0,0,0
19980305,11625,AGS',NYSE,17.9375,17.9375,87,0,Saga Systems Inc,0,0,0
19980306,11625,AGS',NYSE,17.875,17.875,78,0,Saga Systems Inc,0,0,0
19980309,11625,AGS',NYSE,19,19,2206,0,Saga Systems Inc,0,0,0
19980310,11625,AGS',NYSE,18.625,18.625,400,0,Saga Systems Inc,0,0,0
19980311,11625,AGS',NYSE,18.125,18.125,1072,0,Saga Systems Inc,0,0,0
19980312,11625,AGS',NYSE,18.9375,18.9375,408,0,Saga Systems Inc,0,0,0
19980313,11625,AGS',NYSE,18.9375,18.9375,39,0,Saga Systems Inc,0,0,0
19980316,11625,AGS',NYSE,18.875,18.875,269,0,Saga Systems Inc,0,0,0
19980317,11625,AGS',NYSE,18.875,18.875,241,0,Saga Systems Inc,0,0,0
19980318,11625,AGS',NYSE,19.5625,19.5625,98,0,Saga Systems Inc,0,0,0
19980319,11625,AGS',NYSE,19.625,19.625,291,0,Saga Systems Inc,0,0,0
19980320,11625,AGS',NYSE,19.25,19.25,74,0,Saga Systems Inc,0,0,0
19980323,11625,AGS',NYSE,19.5625,19.5625,232,0,Saga Systems Inc,0,0,0
19980324,11625,AGS',NYSE,20.25,20.25,474,0,Saga Systems Inc,0,0,0
19980325,11625,AGS',NYSE,21.375,21.375,385,0,Saga Systems Inc,0,0,0
19980326,11625,AGS',NYSE,22.9375,22.9375,778,0,Saga Systems Inc,0,0,0
19980327,11625,AGS',NYSE,23.5,23.5,542,0,Saga Systems Inc,0,0,0
19980330,11625,AGS',NYSE,25,25,1007,0,Saga Systems Inc,0,0,0
19980331,11625,AGS',NYSE,26.5,26.5,2079,0,Saga Systems Inc,0,0,0
19980401,11625,AGS',NYSE,26.25,26.25,2433,0,Saga Systems Inc,0,0,0
19980402,11625,AGS',NYSE,27.625,27.625,1093,0,Saga Systems Inc,0,0,0
19980403,11625,AGS',NYSE,26.25,26.25,3467,0,Saga Systems Inc,0,0,0
19980406,11625,AGS',NYSE,26.75,26.75,442,0,Saga Systems Inc,0,0,0
19980407,11625,AGS',NYSE,26.6875,26.6875,2283,0,Saga Systems Inc,0,0,0
19980408,11625,AGS',NYSE,26.6875,26.6875,677,0,Saga Systems Inc,0,0,0
19980409,11625,AGS',NYSE,27,27,1602,0,Saga Systems Inc,0,0,0
19980413,11625,AGS',NYSE,26.875,26.875,131,0,Saga Systems Inc,0,0,0
19980414,11625,AGS',NYSE,26.9375,26.9375,847,0,Saga Systems Inc,0,0,0
19980415,11625,AGS',NYSE,27.25,27.25,1046,0,Saga Systems Inc,0,0,0
19980416,11625,AGS',NYSE,27.25,27.25,610,0,Saga Systems Inc,0,0,0
19980417,11625,AGS',NYSE,27.4375,27.4375,139,0,Saga Systems Inc,0,0,0
19980420,11625,AGS',NYSE,26.875,26.875,548,0,Saga Systems Inc,0,0,0
19980421,11625,AGS',NYSE,27.125,27.125,1284,0,Saga Systems Inc,0,0,0
19980422,11625,AGS',NYSE,26.625,26.625,2210,0,Saga Systems Inc,0,0,0
19980423,11625,AGS',NYSE,26.0625,26.0625,326,0,Saga Systems Inc,0,0,0
19980424,11625,AGS',NYSE,26.3125,26.3125,519,0,Saga Systems Inc,0,0,0
19980427,11625,AGS',NYSE,24.625,24.625,788,0,Saga Systems Inc,0,0,0
19980428,11625,AGS',NYSE,24.25,24.25,1015,0,Saga Systems Inc,0,0,0
19980429,11625,AGS',NYSE,23.5,23.5,1409,0,Saga Systems Inc,0,0,0
19980430,11625,AGS',NYSE,24.75,24.75,205,0,Saga Systems Inc,0,0,0
19980501,11625,AGS',NYSE,25.75,25.75,151,0,Saga Systems Inc,0,0,0
19980504,11625,AGS',NYSE,26.25,26.25,715,0,Saga Systems Inc,0,0,0
19980505,11625,AGS',NYSE,26,26,189,0,Saga Systems Inc,0,0,0
19980506,11625,AGS',NYSE,25.5,25.5,142,0,Saga Systems Inc,0,0,0
19980507,11625,AGS',NYSE,25,25,395,0,Saga Systems Inc,0,0,0
19980508,11625,AGS',NYSE,24.625,24.625,132,0,Saga Systems Inc,0,0,0
19980511,11625,AGS',NYSE,24.75,24.75,41,0,Saga Systems Inc,0,0,0
19980512,11625,AGS',NYSE,24.625,24.625,53,0,Saga Systems Inc,0,0,0
19980513,11625,AGS',NYSE,24.625,24.625,74,0,Saga Systems Inc,0,0,0
19980514,11625,AGS',NYSE,24.3125,24.3125,84,0,Saga Systems Inc,0,0,0
19980515,11625,AGS',NYSE,24.4375,24.4375,374,0,Saga Systems Inc,0,0,0
19980518,11625,AGS',NYSE,24.5,24.5,1747,0,Saga Systems Inc,0,0,0
19980519,11625,AGS',NYSE,23.75,23.75,547,0,Saga Systems Inc,0,0,0
19980520,11625,AGS',NYSE,23.375,23.375,250,0,Saga Systems Inc,0,0,0
19980521,11625,AGS',NYSE,24.3125,24.3125,747,0,Saga Systems Inc,0,0,0
19980522,11625,AGS',NYSE,24.25,24.25,13753,0,Saga Systems Inc,0,0,0
19980526,11625,AGS',NYSE,24.3125,24.3125,2845,0,Saga Systems Inc,0,0,0
19980527,11625,AGS',NYSE,24.3125,24.3125,717,0,Saga Systems Inc,0,0,0
19980528,11625,AGS',NYSE,24.1875,24.1875,1061,0,Saga Systems Inc,0,0,0
19980529,11625,AGS',NYSE,24.375,24.375,271,0,Saga Systems Inc,0,0,0
19980601,11625,AGS',NYSE,24.4375,24.4375,876,0,Saga Systems Inc,0,0,0
19980602,11625,AGS',NYSE,24.5,24.5,827,0,Saga Systems Inc,0,0,0
19980603,11625,AGS',NYSE,24.875,24.875,1846,0,Saga Systems Inc,0,0,0
19980604,11625,AGS',NYSE,25.375,25.375,2063,0,Saga Systems Inc,0,0,0
19980605,11625,AGS',NYSE,25.875,25.875,440,0,Saga Systems Inc,0,0,0
19980608,11625,AGS',NYSE,27.375,27.375,1106,0,Saga Systems Inc,0,0,0
19980609,11625,AGS',NYSE,27.8125,27.8125,1896,0,Saga Systems Inc,0,0,0
19980610,11625,AGS',NYSE,28.625,28.625,1048,0,Saga Systems Inc,0,0,0
19980611,11625,AGS',NYSE,29.375,29.375,671,0,Saga Systems Inc,0,0,0
19980612,11625,AGS',NYSE,29.8125,29.8125,955,0,Saga Systems Inc,0,0,0
19980615,11625,AGS',NYSE,28.8125,28.8125,1236,0,Saga Systems Inc,0,0,0
19980616,11625,AGS',NYSE,28.625,28.625,737,0,Saga Systems Inc,0,0,0
19980617,11625,AGS',NYSE,28.0625,28.0625,1034,0,Saga Systems Inc,0,0,0
19980618,11625,AGS',NYSE,27.75,27.75,112,0,Saga Systems Inc,0,0,0
19980619,11625,AGS',NYSE,28.875,28.875,1778,0,Saga Systems Inc,0,0,0
19980622,11625,AGS',NYSE,29.375,29.375,526,0,Saga Systems Inc,0,0,0
19980623,11625,AGS',NYSE,30.0625,30.0625,1349,0,Saga Systems Inc,0,0,0
19980624,11625,AGS',NYSE,31.8125,31.8125,1546,0,Saga Systems Inc,0,0,0
19980625,11625,AGS',NYSE,31.6875,31.6875,647,0,Saga Systems Inc,0,0,0
19980626,11625,AGS',NYSE,32.25,32.25,333,0,Saga Systems Inc,0,0,0
19980629,11625,AGS',NYSE,31.5625,31.5625,1196,0,Saga Systems Inc,0,0,0
19980630,11625,AGS',NYSE,29.25,29.25,1999,0,Saga Systems Inc,0,0,0
19980701,11625,AGS',NYSE,30.1875,30.1875,1687,0,Saga Systems Inc,0,0,0
19980702,11625,AGS',NYSE,30.375,30.375,793,0,Saga Systems Inc,0,0,0
19980706,11625,AGS',NYSE,29.875,29.875,482,0,Saga Systems Inc,0,0,0
19980707,11625,AGS',NYSE,29.75,29.75,952,0,Saga Systems Inc,0,0,0
19980708,11625,AGS',NYSE,29.625,29.625,97,0,Saga Systems Inc,0,0,0
19980709,11625,AGS',NYSE,29.4375,29.4375,337,0,Saga Systems Inc,0,0,0
19980710,11625,AGS',NYSE,29.1875,29.1875,362,0,Saga Systems Inc,0,0,0
19980713,11625,AGS',NYSE,29.1875,29.1875,844,0,Saga Systems Inc,0,0,0
19980714,11625,AGS',NYSE,29.375,29.375,443,0,Saga Systems Inc,0,0,0
19980715,11625,AGS',NYSE,29.3125,29.3125,216,0,Saga Systems Inc,0,0,0
19980716,11625,AGS',NYSE,29.25,29.25,545,0,Saga Systems Inc,0,0,0
19980717,11625,AGS',NYSE,29.25,29.25,297,0,Saga Systems Inc,0,0,0
19980720,11625,AGS',NYSE,32,32,385,0,Saga Systems Inc,0,0,0
19980721,11625,AGS',NYSE,28,28,2230,0,Saga Systems Inc,0,0,0
19980722,11625,AGS',NYSE,27.25,27.25,3997,0,Saga Systems Inc,0,0,0
19980723,11625,AGS',NYSE,25.25,25.25,2243,0,Saga Systems Inc,0,0,0
19980724,11625,AGS',NYSE,25.625,25.625,1373,0,Saga Systems Inc,0,0,0
19980727,11625,AGS',NYSE,25.625,25.625,883,0,Saga Systems Inc,0,0,0
19980728,11625,AGS',NYSE,24.5625,24.5625,1338,0,Saga Systems Inc,0,0,0
19980729,11625,AGS',NYSE,24.5,24.5,2861,0,Saga Systems Inc,0,0,0
19980730,11625,AGS',NYSE,24.75,24.75,1404,0,Saga Systems Inc,0,0,0
19980731,11625,AGS',NYSE,24,24,1016,0,Saga Systems Inc,0,0,0
19980803,11625,AGS',NYSE,23.3125,23.3125,1138,0,Saga Systems Inc,0,0,0
19980804,11625,AGS',NYSE,23.625,23.625,1084,0,Saga Systems Inc,0,0,0
19980805,11625,AGS',NYSE,24.625,24.625,693,0,Saga Systems Inc,0,0,0
19980806,11625,AGS',NYSE,25.6875,25.6875,145,0,Saga Systems Inc,0,0,0
19980807,11625,AGS',NYSE,26.1875,26.1875,794,0,Saga Systems Inc,0,0,0
19980810,11625,AGS',NYSE,25.9375,25.9375,130,0,Saga Systems Inc,0,0,0
19980811,11625,AGS',NYSE,24.9375,24.9375,165,0,Saga Systems Inc,0,0,0
19980812,11625,AGS',NYSE,25,25,520,0,Saga Systems Inc,0,0,0
19980813,11625,AGS',NYSE,24.9375,24.9375,137,0,Saga Systems Inc,0,0,0
19980814,11625,AGS',NYSE,24.75,24.75,147,0,Saga Systems Inc,0,0,0
19980817,11625,AGS',NYSE,24.75,24.75,122,0,Saga Systems Inc,0,0,0
19980818,11625,AGS',NYSE,26.5,26.5,266,0,Saga Systems Inc,0,0,0
19980819,11625,AGS',NYSE,26.6875,26.6875,359,0,Saga Systems Inc,0,0,0
19980820,11625,AGS',NYSE,26.375,26.375,108,0,Saga Systems Inc,0,0,0
19980821,11625,AGS',NYSE,25.8125,25.8125,116,0,Saga Systems Inc,0,0,0
19980824,11625,AGS',NYSE,25,25,728,0,Saga Systems Inc,0,0,0
19980825,11625,AGS',NYSE,23.375,23.375,1458,0,Saga Systems Inc,0,0,0
19980826,11625,AGS',NYSE,20.6875,20.6875,2171,0,Saga Systems Inc,0,0,0
19980827,11625,AGS',NYSE,19.4375,19.4375,1196,0,Saga Systems Inc,0,0,0
19980828,11625,AGS',NYSE,18.6875,18.6875,865,0,Saga Systems Inc,0,0,0
19980831,11625,AGS',NYSE,16.9375,16.9375,1617,0,Saga Systems Inc,0,0,0
19980901,11625,AGS',NYSE,17.6875,17.6875,961,0,Saga Systems Inc,0,0,0
19980902,11625,AGS',NYSE,20.4375,20.4375,1807,0,Saga Systems Inc,0,0,0
19980903,11625,AGS',NYSE,19.25,19.25,1531,0,Saga Systems Inc,0,0,0
19980904,11625,AGS',NYSE,19.0625,19.0625,1188,0,Saga Systems Inc,0,0,0
19980908,11625,AGS',NYSE,20.5,20.5,809,0,Saga Systems Inc,0,0,0
19980909,11625,AGS',NYSE,19.875,19.875,310,0,Saga Systems Inc,0,0,0
19980910,11625,AGS',NYSE,18.4375,18.4375,2697,0,Saga Systems Inc,0,0,0
19980911,11625,AGS',NYSE,18.0625,18.0625,2207,0,Saga Systems Inc,0,0,0
19980914,11625,AGS',NYSE,18.9375,18.9375,1696,0,Saga Systems Inc,0,0,0
19980915,11625,AGS',NYSE,19.9375,19.9375,1009,0,Saga Systems Inc,0,0,0
19980916,11625,AGS',NYSE,19.5,19.5,3939,0,Saga Systems Inc,0,0,0
19980917,11625,AGS',NYSE,19.5625,19.5625,1162,0,Saga Systems Inc,0,0,0
19980918,11625,AGS',NYSE,21.25,21.25,2000,0,Saga Systems Inc,0,0,0
19980921,11625,AGS',NYSE,21,21,1513,0,Saga Systems Inc,0,0,0
19980922,11625,AGS',NYSE,22.375,22.375,1992,0,Saga Systems Inc,0,0,0
19980923,11625,AGS',NYSE,22.3125,22.3125,1614,0,Saga Systems Inc,0,0,0
19980924,11625,AGS',NYSE,21.5625,21.5625,1064,0,Saga Systems Inc,0,0,0
19980925,11625,AGS',NYSE,19.4375,19.4375,2255,0,Saga Systems Inc,0,0,0
19980928,11625,AGS',NYSE,18.875,18.875,2965,0,Saga Systems Inc,0,0,0
19980929,11625,AGS',NYSE,17.9375,17.9375,1566,0,Saga Systems Inc,0,0,0
19980930,11625,AGS',NYSE,17,17,2705,0,Saga Systems Inc,0,0,0
19981001,11625,AGS',NYSE,13.1875,13.1875,1742,0,Saga Systems Inc,0,0,0
19981002,11625,AGS',NYSE,15,15,3438,0,Saga Systems Inc,0,0,0
19981005,11625,AGS',NYSE,13.875,13.875,1271,0,Saga Systems Inc,0,0,0
19981006,11625,AGS',NYSE,13.8125,13.8125,2043,0,Saga Systems Inc,0,0,0
19981007,11625,AGS',NYSE,12.875,12.875,1239,0,Saga Systems Inc,0,0,0
19981008,11625,AGS',NYSE,12.375,12.375,1825,0,Saga Systems Inc,0,0,0
19981009,11625,AGS',NYSE,12,12,5303,0,Saga Systems Inc,0,0,0
19981012,11625,AGS',NYSE,13.375,13.375,2480,0,Saga Systems Inc,0,0,0
19981013,11625,AGS',NYSE,13.125,13.125,1484,0,Saga Systems Inc,0,0,0
19981014,11625,AGS',NYSE,12.75,12.75,1256,0,Saga Systems Inc,0,0,0
19981015,11625,AGS',NYSE,12.75,12.75,1727,0,Saga Systems Inc,0,0,0
19981016,11625,AGS',NYSE,12.5,12.5,3470,0,Saga Systems Inc,0,0,0
19981019,11625,AGS',NYSE,12.6875,12.6875,725,0,Saga Systems Inc,0,0,0
19981020,11625,AGS',NYSE,14.5,14.5,3467,0,Saga Systems Inc,0,0,0
19981021,11625,AGS',NYSE,12.875,12.875,6419,0,Saga Systems Inc,0,0,0
19981022,11625,AGS',NYSE,13,13,1375,0,Saga Systems Inc,0,0,0
19981023,11625,AGS',NYSE,12,12,2107,0,Saga Systems Inc,0,0,0
19981026,11625,AGS',NYSE,12,12,1577,0,Saga Systems Inc,0,0,0
19981027,11625,AGS',NYSE,12.6875,12.6875,3506,0,Saga Systems Inc,0,0,0
19981028,11625,AGS',NYSE,14,14,3773,0,Saga Systems Inc,0,0,0
19981029,11625,AGS',NYSE,14.4375,14.4375,1621,0,Saga Systems Inc,0,0,0
19981030,11625,AGS',NYSE,15,15,2621,0,Saga Systems Inc,0,0,0
19981102,11625,AGS',NYSE,15.875,15.875,2954,0,Saga Systems Inc,0,0,0
19981103,11625,AGS',NYSE,17.5,17.5,1907,0,Saga Systems Inc,0,0,0
19981104,11625,AGS',NYSE,18.5,18.5,2056,0,Saga Systems Inc,0,0,0
19981105,11625,AGS',NYSE,19.6875,19.6875,8232,0,Saga Systems Inc,0,0,0
19981106,11625,AGS',NYSE,19.75,19.75,1496,0,Saga Systems Inc,0,0,0
19981109,11625,AGS',NYSE,20,20,1744,0,Saga Systems Inc,0,0,0
19981110,11625,AGS',NYSE,19.4375,19.4375,1858,0,Saga Systems Inc,0,0,0
19981111,11625,AGS',NYSE,18.875,18.875,1254,0,Saga Systems Inc,0,0,0
19981112,11625,AGS',NYSE,18,18,1164,0,Saga Systems Inc,0,0,0
19981113,11625,AGS',NYSE,18.1875,18.1875,474,0,Saga Systems Inc,0,0,0
19981116,11625,AGS',NYSE,18.8125,18.8125,242,0,Saga Systems Inc,0,0,0
19981117,11625,AGS',NYSE,19,19,669,0,Saga Systems Inc,0,0,0
19981118,11625,AGS',NYSE,19.5625,19.5625,499,0,Saga Systems Inc,0,0,0
19981119,11625,AGS',NYSE,20.125,20.125,1301,0,Saga Systems Inc,0,0,0
19981120,11625,AGS',NYSE,20,20,409,0,Saga Systems Inc,0,0,0
19981123,11625,AGS',NYSE,20,20,390,0,Saga Systems Inc,0,0,0
19981124,11625,AGS',NYSE,19.3125,19.3125,908,0,Saga Systems Inc,0,0,0
19981125,11625,AGS',NYSE,19,19,435,0,Saga Systems Inc,0,0,0
19981127,11625,AGS',NYSE,19,19,125,0,Saga Systems Inc,0,0,0
19981130,11625,AGS',NYSE,19.25,19.25,1758,0,Saga Systems Inc,0,0,0
19981201,11625,AGS',NYSE,18.875,18.875,632,0,Saga Systems Inc,0,0,0
19981202,11625,AGS',NYSE,18.75,18.75,268,0,Saga Systems Inc,0,0,0
19981203,11625,AGS',NYSE,18.6875,18.6875,1225,0,Saga Systems Inc,0,0,0
19981204,11625,AGS',NYSE,16.75,16.75,509,0,Saga Systems Inc,0,0,0
19981207,11625,AGS',NYSE,15,15,8392,0,Saga Systems Inc,0,0,0
19981208,11625,AGS',NYSE,15.375,15.375,3966,0,Saga Systems Inc,0,0,0
19981209,11625,AGS',NYSE,14.75,14.75,4101,0,Saga Systems Inc,0,0,0
19981210,11625,AGS',NYSE,15.375,15.375,1981,0,Saga Systems Inc,0,0,0
19981211,11625,AGS',NYSE,16.0625,16.0625,1772,0,Saga Systems Inc,0,0,0
19981214,11625,AGS',NYSE,15,15,1464,0,Saga Systems Inc,0,0,0
19981215,11625,AGS',NYSE,15.625,15.625,960,0,Saga Systems Inc,0,0,0
19981216,11625,AGS',NYSE,15.1875,15.1875,997,0,Saga Systems Inc,0,0,0
19981217,11625,AGS',NYSE,15,15,971,0,Saga Systems Inc,0,0,0
19981218,11625,AGS',NYSE,15.9375,15.9375,1133,0,Saga Systems Inc,0,0,0
19981221,11625,AGS',NYSE,16.5625,16.5625,917,0,Saga Systems Inc,0,0,0
19981222,11625,AGS',NYSE,15.5625,15.5625,975,0,Saga Systems Inc,0,0,0
19981223,11625,AGS',NYSE,15.875,15.875,3878,0,Saga Systems Inc,0,0,0
19981224,11625,AGS',NYSE,15.875,15.875,741,0,Saga Systems Inc,0,0,0
19981228,11625,AGS',NYSE,16.75,16.75,1362,0,Saga Systems Inc,0,0,0
19981229,11625,AGS',NYSE,16.9375,16.9375,1043,0,Saga Systems Inc,0,0,0
19981230,11625,AGS',NYSE,17.125,17.125,856,0,Saga Systems Inc,0,0,0
19981231,11625,AGS',NYSE,18.125,18.125,1700,0,Saga Systems Inc,0,0,0
19990104,11625,AGS',NYSE,17,17,1398,0,Saga Systems Inc,0,0,0
19990105,11625,AGS',NYSE,17.375,17.375,934,0,Saga Systems Inc,0,0,0
19990106,11625,AGS',NYSE,16.5625,16.5625,885,0,Saga Systems Inc,0,0,0
19990107,11625,AGS',NYSE,15.875,15.875,1634,0,Saga Systems Inc,0,0,0
19990108,11625,AGS',NYSE,15.8125,15.8125,1065,0,Saga Systems Inc,0,0,0
19990111,11625,AGS',NYSE,14.1875,14.1875,2597,0,Saga Systems Inc,0,0,0
19990112,11625,AGS',NYSE,15,15,3661,0,Saga Systems Inc,0,0,0
19990113,11625,AGS',NYSE,15.25,15.25,3606,0,Saga Systems Inc,0,0,0
19990114,11625,AGS',NYSE,15,15,6153,0,Saga Systems Inc,0,0,0
19990115,11625,AGS',NYSE,14.875,14.875,1096,0,Saga Systems Inc,0,0,0
19990119,11625,AGS',NYSE,14.375,14.375,1325,0,Saga Systems Inc,0,0,0
19990120,11625,AGS',NYSE,17.6875,17.6875,6097,0,Saga Systems Inc,0,0,0
19990121,11625,AGS',NYSE,17,17,4888,0,Saga Systems Inc,0,0,0
19990122,11625,AGS',NYSE,17,17,1374,0,Saga Systems Inc,0,0,0
19990125,11625,AGS',NYSE,16.8125,16.8125,1747,0,Saga Systems Inc,0,0,0
19990126,11625,AGS',NYSE,17.625,17.625,4129,0,Saga Systems Inc,0,0,0
19990127,11625,AGS',NYSE,17.3125,17.3125,551,0,Saga Systems Inc,0,0,0
19990128,11625,AGS',NYSE,16.9375,16.9375,996,0,Saga Systems Inc,0,0,0
19990129,11625,AGS',NYSE,17.125,17.125,1157,0,Saga Systems Inc,0,0,0
19990201,11625,AGS',NYSE,17,17,627,0,Saga Systems Inc,0,0,0
19990202,11625,AGS',NYSE,16.3125,16.3125,1271,0,Saga Systems Inc,0,0,0
19990203,11625,AGS',NYSE,15.9375,15.9375,1480,0,Saga Systems Inc,0,0,0
19990204,11625,AGS',NYSE,15.8125,15.8125,1628,0,Saga Systems Inc,0,0,0
19990205,11625,AGS',NYSE,15.3125,15.3125,558,0,Saga Systems Inc,0,0,0
19990208,11625,AGS',NYSE,15.125,15.125,1248,0,Saga Systems Inc,0,0,0
19990209,11625,AGS',NYSE,14.6875,14.6875,402,0,Saga Systems Inc,0,0,0
19990210,11625,AGS',NYSE,13.5625,13.5625,1898,0,Saga Systems Inc,0,0,0
19990211,11625,AGS',NYSE,14,14,1867,0,Saga Systems Inc,0,0,0
19990212,11625,AGS',NYSE,13.5625,13.5625,1166,0,Saga Systems Inc,0,0,0
19990216,11625,AGS',NYSE,13.3125,13.3125,2050,0,Saga Systems Inc,0,0,0
19990217,11625,AGS',NYSE,12.75,12.75,1661,0,Saga Systems Inc,0,0,0
19990218,11625,AGS',NYSE,12.75,12.75,2947,0,Saga Systems Inc,0,0,0
19990219,11625,AGS',NYSE,12.9375,12.9375,964,0,Saga Systems Inc,0,0,0
19990222,11625,AGS',NYSE,13.3125,13.3125,1004,0,Saga Systems Inc,0,0,0
19990223,11625,AGS',NYSE,13,13,2066,0,Saga Systems Inc,0,0,0
19990224,11625,AGS',NYSE,12.5,12.5,3638,0,Saga Systems Inc,0,0,0
19990225,11625,AGS',NYSE,12.3125,12.3125,2380,0,Saga Systems Inc,0,0,0
19990226,11625,AGS',NYSE,11.1875,11.1875,7635,0,Saga Systems Inc,0,0,0
19990301,11625,AGS',NYSE,11.75,11.75,5193,0,Saga Systems Inc,0,0,0
19990302,11625,AGS',NYSE,11.25,11.25,2914,0,Saga Systems Inc,0,0,0
19990303,11625,AGS',NYSE,11.3125,11.3125,1991,0,Saga Systems Inc,0,0,0
19990304,11625,AGS',NYSE,11,11,1460,0,Saga Systems Inc,0,0,0
19990305,11625,AGS',NYSE,11.875,11.875,1215,0,Saga Systems Inc,0,0,0
19990308,11625,AGS',NYSE,11.5625,11.5625,1489,0,Saga Systems Inc,0,0,0
19990309,11625,AGS',NYSE,11.625,11.625,638,0,Saga Systems Inc,0,0,0
19990310,11625,AGS',NYSE,11.8125,11.8125,2839,0,Saga Systems Inc,0,0,0
19990311,11625,AGS',NYSE,11.375,11.375,1169,0,Saga Systems Inc,0,0,0
19990312,11625,AGS',NYSE,11.3125,11.3125,368,0,Saga Systems Inc,0,0,0
19990315,11625,AGS',NYSE,11.1875,11.1875,1736,0,Saga Systems Inc,0,0,0
19990316,11625,AGS',NYSE,10.875,10.875,1259,0,Saga Systems Inc,0,0,0
19990317,11625,AGS',NYSE,10.9375,10.9375,943,0,Saga Systems Inc,0,0,0
19990318,11625,AGS',NYSE,10.8125,10.8125,840,0,Saga Systems Inc,0,0,0
19990319,11625,AGS',NYSE,10.625,10.625,1266,0,Saga Systems Inc,0,0,0
19990322,11625,AGS',NYSE,10,10,9752,0,Saga Systems Inc,0,0,0
19990323,11625,AGS',NYSE,9.375,9.375,1306,0,Saga Systems Inc,0,0,0
19990324,11625,AGS',NYSE,9.375,9.375,685,0,Saga Systems Inc,0,0,0
19990325,11625,AGS',NYSE,9.6875,9.6875,1812,0,Saga Systems Inc,0,0,0
19990326,11625,AGS',NYSE,9.5,9.5,1029,0,Saga Systems Inc,0,0,0
19990329,11625,AGS',NYSE,9.5,9.5,1170,0,Saga Systems Inc,0,0,0
19990330,11625,AGS',NYSE,8.875,8.875,1386,0,Saga Systems Inc,0,0,0
19990331,11625,AGS',NYSE,8.4375,8.4375,1393,0,Saga Systems Inc,0,0,0
19990401,11625,AGS',NYSE,7.375,7.375,5744,0,Saga Systems Inc,0,0,0
19990405,11625,AGS',NYSE,5.1875,5.1875,26461,0,Saga Systems Inc,0,0,0
19990406,11625,AGS',NYSE,6.3125,6.3125,17109,0,Saga Systems Inc,0,0,0
19990407,11625,AGS',NYSE,6.75,6.75,9564,0,Saga Systems Inc,0,0,0
19990408,11625,AGS',NYSE,6.8125,6.8125,3746,0,Saga Systems Inc,0,0,0
19990409,11625,AGS',NYSE,6.375,6.375,2021,0,Saga Systems Inc,0,0,0
19990412,11625,AGS',NYSE,6.5,6.5,4197,0,Saga Systems Inc,0,0,0
19990413,11625,AGS',NYSE,6.0625,6.0625,3875,0,Saga Systems Inc,0,0,0
19990414,11625,AGS',NYSE,6,6,2539,0,Saga Systems Inc,0,0,0
19990415,11625,AGS',NYSE,6.75,6.75,2813,0,Saga Systems Inc,0,0,0
19990416,11625,AGS',NYSE,6.75,6.75,2222,0,Saga Systems Inc,0,0,0
19990419,11625,AGS',NYSE,6.5,6.5,2838,0,Saga Systems Inc,0,0,0
19990420,11625,AGS',NYSE,6,6,3561,0,Saga Systems Inc,0,0,0
19990421,11625,AGS',NYSE,5.9375,5.9375,3699,0,Saga Systems Inc,0,0,0
19990422,11625,AGS',NYSE,5.9375,5.9375,3456,0,Saga Systems Inc,0,0,0
19990423,11625,AGS',NYSE,5.875,5.875,2001,0,Saga Systems Inc,0,0,0
19990426,11625,AGS',NYSE,6.75,6.75,11372,0,Saga Systems Inc,0,0,0
19990427,11625,AGS',NYSE,7.1875,7.1875,17221,0,Saga Systems Inc,0,0,0
19990428,11625,AGS',NYSE,7.6875,7.6875,5076,0,Saga Systems Inc,0,0,0
19990429,11625,AGS',NYSE,7.875,7.875,4035,0,Saga Systems Inc,0,0,0
19990430,11625,AGS',NYSE,8.25,8.25,4663,0,Saga Systems Inc,0,0,0
19990503,11625,AGS',NYSE,8.0625,8.0625,3208,0,Saga Systems Inc,0,0,0
19990504,11625,AGS',NYSE,8,8,1682,0,Saga Systems Inc,0,0,0
19990505,11625,AGS',NYSE,8,8,2893,0,Saga Systems Inc,0,0,0
19990506,11625,AGS',NYSE,8.125,8.125,1260,0,Saga Systems Inc,0,0,0
19990507,11625,AGS',NYSE,8.25,8.25,1403,0,Saga Systems Inc,0,0,0
19990510,11625,AGS',NYSE,8.8125,8.8125,2472,0,Saga Systems Inc,0,0,0
19990511,11625,AGS',NYSE,10.3125,10.3125,3358,0,Saga Systems Inc,0,0,0
19990512,11625,AGS',NYSE,10,10,2056,0,Saga Systems Inc,0,0,0
19990513,11625,AGS',NYSE,10.25,10.25,3422,0,Saga Systems Inc,0,0,0
19990514,11625,AGS',NYSE,10.25,10.25,1644,0,Saga Systems Inc,0,0,0
19990517,11625,AGS',NYSE,10.0625,10.0625,1347,0,Saga Systems Inc,0,0,0
19990518,11625,AGS',NYSE,10.125,10.125,3401,0,Saga Systems Inc,0,0,0
19990519,11625,AGS',NYSE,10.4375,10.4375,3200,0,Saga Systems Inc,0,0,0
19990520,11625,AGS',NYSE,10.9375,10.9375,2125,0,Saga Systems Inc,0,0,0
19990521,11625,AGS',NYSE,11,11,2149,0,Saga Systems Inc,0,0,0
19990524,11625,AGS',NYSE,11,11,911,0,Saga Systems Inc,0,0,0
19990525,11625,AGS',NYSE,11.5625,11.5625,2292,0,Saga Systems Inc,0,0,0
19990526,11625,AGS',NYSE,10.8125,10.8125,1044,0,Saga Systems Inc,0,0,0
19990527,11625,AGS',NYSE,10.8125,10.8125,431,0,Saga Systems Inc,0,0,0
19990528,11625,AGS',NYSE,11.75,11.75,1131,0,Saga Systems Inc,0,0,0
19990601,11625,AGS',NYSE,11.0625,11.0625,1036,0,Saga Systems Inc,0,0,0
19990602,11625,AGS',NYSE,10.5,10.5,944,0,Saga Systems Inc,0,0,0
19990603,11625,AGS',NYSE,10.5625,10.5625,999,0,Saga Systems Inc,0,0,0
19990604,11625,AGS',NYSE,10.6875,10.6875,406,0,Saga Systems Inc,0,0,0
19990607,11625,AGS',NYSE,10.6875,10.6875,950,0,Saga Systems Inc,0,0,0
19990608,11625,AGS',NYSE,10.8125,10.8125,410,0,Saga Systems Inc,0,0,0
19990609,11625,AGS',NYSE,10.875,10.875,634,0,Saga Systems Inc,0,0,0
19990610,11625,AGS',NYSE,10.75,10.75,558,0,Saga Systems Inc,0,0,0
19990611,11625,AGS',NYSE,10.625,10.625,337,0,Saga Systems Inc,0,0,0
19990614,11625,AGS',NYSE,10.875,10.875,967,0,Saga Systems Inc,0,0,0
19990615,11625,AGS',NYSE,11.125,11.125,993,0,Saga Systems Inc,0,0,0
19990616,11625,AGS',NYSE,11.5,11.5,2425,0,Saga Systems Inc,0,0,0
19990617,11625,AGS',NYSE,11.625,11.625,791,0,Saga Systems Inc,0,0,0
19990618,11625,AGS',NYSE,11.5,11.5,378,0,Saga Systems Inc,0,0,0
19990621,11625,AGS',NYSE,11.6875,11.6875,724,0,Saga Systems Inc,0,0,0
19990622,11625,AGS',NYSE,11.5,11.5,881,0,Saga Systems Inc,0,0,0
19990623,11625,AGS',NYSE,11.5,11.5,326,0,Saga Systems Inc,0,0,0
19990624,11625,AGS',NYSE,11.125,11.125,510,0,Saga Systems Inc,0,0,0
19990625,11625,AGS',NYSE,11.4375,11.4375,510,0,Saga Systems Inc,0,0,0
19990628,11625,AGS',NYSE,11.8125,11.8125,1170,0,Saga Systems Inc,0,0,0
19990629,11625,AGS',NYSE,12.8125,12.8125,1324,0,Saga Systems Inc,0,0,0
19990630,11625,AGS',NYSE,12.75,12.75,1425,0,Saga Systems Inc,0,0,0
19990701,11625,AGS',NYSE,11.875,11.875,740,0,Saga Systems Inc,0,0,0
19990702,11625,AGS',NYSE,12.4375,12.4375,364,0,Saga Systems Inc,0,0,0
19990706,11625,AGS',NYSE,12.1875,12.1875,820,0,Saga Systems Inc,0,0,0
19990707,11625,AGS',NYSE,12,12,2696,0,Saga Systems Inc,0,0,0
19990708,11625,AGS',NYSE,11.625,11.625,1582,0,Saga Systems Inc,0,0,0
19990709,11625,AGS',NYSE,11.6875,11.6875,436,0,Saga Systems Inc,0,0,0
19990712,11625,AGS',NYSE,12.5625,12.5625,582,0,Saga Systems Inc,0,0,0
19990713,11625,AGS',NYSE,12.375,12.375,644,0,Saga Systems Inc,0,0,0
19990714,11625,AGS',NYSE,12.3125,12.3125,785,0,Saga Systems Inc,0,0,0
19990715,11625,AGS',NYSE,12.4375,12.4375,515,0,Saga Systems Inc,0,0,0
19990716,11625,AGS',NYSE,12.3125,12.3125,878,0,Saga Systems Inc,0,0,0
19990719,11625,AGS',NYSE,13.375,13.375,1787,0,Saga Systems Inc,0,0,0
19990720,11625,AGS',NYSE,12.75,12.75,1586,0,Saga Systems Inc,0,0,0
19990721,11625,AGS',NYSE,11.875,11.875,1519,0,Saga Systems Inc,0,0,0
19990722,11625,AGS',NYSE,11.875,11.875,845,0,Saga Systems Inc,0,0,0
19990723,11625,AGS',NYSE,11.4375,11.4375,960,0,Saga Systems Inc,0,0,0
19990726,11625,AGS',NYSE,10.875,10.875,1241,0,Saga Systems Inc,0,0,0
19990727,11625,AGS',NYSE,11.6875,11.6875,799,0,Saga Systems Inc,0,0,0
19990728,11625,AGS',NYSE,11.625,11.625,560,0,Saga Systems Inc,0,0,0
19990729,11625,AGS',NYSE,11.375,11.375,719,0,Saga Systems Inc,0,0,0
19990730,11625,AGS',NYSE,11.5,11.5,308,0,Saga Systems Inc,0,0,0
19990802,11625,AGS',NYSE,11.25,11.25,208,0,Saga Systems Inc,0,0,0
19990803,11625,AGS',NYSE,11.5625,11.5625,560,0,Saga Systems Inc,0,0,0
19990804,11625,AGS',NYSE,10.75,10.75,687,0,Saga Systems Inc,0,0,0
19990805,11625,AGS',NYSE,10.625,10.625,1382,0,Saga Systems Inc,0,0,0
19990806,11625,AGS',NYSE,11,11,637,0,Saga Systems Inc,0,0,0
19990809,11625,AGS',NYSE,11.1875,11.1875,1347,0,Saga Systems Inc,0,0,0
19990810,11625,AGS',NYSE,10.9375,10.9375,575,0,Saga Systems Inc,0,0,0
19990811,11625,AGS',NYSE,10.9375,10.9375,312,0,Saga Systems Inc,0,0,0
19990812,11625,AGS',NYSE,10.8125,10.8125,151,0,Saga Systems Inc,0,0,0
19990813,11625,AGS',NYSE,10.875,10.875,551,0,Saga Systems Inc,0,0,0
19990816,11625,AGS',NYSE,10.9375,10.9375,808,0,Saga Systems Inc,0,0,0
19990817,11625,AGS',NYSE,11.25,11.25,255,0,Saga Systems Inc,0,0,0
19990818,11625,AGS',NYSE,11.625,11.625,547,0,Saga Systems Inc,0,0,0
19990819,11625,AGS',NYSE,11.875,11.875,650,0,Saga Systems Inc,0,0,0
19990820,11625,AGS',NYSE,11.9375,11.9375,261,0,Saga Systems Inc,0,0,0
19990823,11625,AGS',NYSE,11.875,11.875,301,0,Saga Systems Inc,0,0,0
19990824,11625,AGS',NYSE,12.125,12.125,637,0,Saga Systems Inc,0,0,0
19990825,11625,AGS',NYSE,12.625,12.625,630,0,Saga Systems Inc,0,0,0
19990826,11625,AGS',NYSE,12.5625,12.5625,357,0,Saga Systems Inc,0,0,0
19990827,11625,AGS',NYSE,12.625,12.625,505,0,Saga Systems Inc,0,0,0
19990830,11625,AGS',NYSE,11.8125,11.8125,490,0,Saga Systems Inc,0,0,0
19990831,11625,AGS',NYSE,11.75,11.75,608,0,Saga Systems Inc,0,0,0
19990901,11625,AGS',NYSE,11.9375,11.9375,232,0,Saga Systems Inc,0,0,0
19990902,11625,AGS',NYSE,11.75,11.75,513,0,Saga Systems Inc,0,0,0
19990903,11625,AGS',NYSE,11.9375,11.9375,385,0,Saga Systems Inc,0,0,0
19990907,11625,AGS',NYSE,11.8125,11.8125,795,0,Saga Systems Inc,0,0,0
19990908,11625,AGS',NYSE,11.5,11.5,376,0,Saga Systems Inc,0,0,0
19990909,11625,AGS',NYSE,12.625,12.625,778,0,Saga Systems Inc,0,0,0
19990910,11625,AGS',NYSE,12.4375,12.4375,7438,0,Saga Systems Inc,0,0,0
19990913,11625,AGS',NYSE,12.8125,12.8125,829,0,Saga Systems Inc,0,0,0
19990914,11625,AGS',NYSE,13.625,13.625,1748,0,Saga Systems Inc,0,0,0
19990915,11625,AGS',NYSE,13.25,13.25,2728,0,Saga Systems Inc,0,0,0
19990916,11625,AGS',NYSE,12.875,12.875,708,0,Saga Systems Inc,0,0,0
19990917,11625,AGS',NYSE,13,13,484,0,Saga Systems Inc,0,0,0
19990920,11625,AGS',NYSE,12.875,12.875,426,0,Saga Systems Inc,0,0,0
19990921,11625,AGS',NYSE,13,13,646,0,Saga Systems Inc,0,0,0
19990922,11625,AGS',NYSE,12.625,12.625,511,0,Saga Systems Inc,0,0,0
19990923,11625,AGS',NYSE,12.875,12.875,851,0,Saga Systems Inc,0,0,0
19990924,11625,AGS',NYSE,12.875,12.875,488,0,Saga Systems Inc,0,0,0
19990927,11625,AGS',NYSE,12.75,12.75,2659,0,Saga Systems Inc,0,0,0
19990928,11625,AGS',NYSE,13.3125,13.3125,3613,0,Saga Systems Inc,0,0,0
19990929,11625,AGS',NYSE,13.75,13.75,4571,0,Saga Systems Inc,0,0,0
19990930,11625,AGS',NYSE,14.4375,14.4375,2986,0,Saga Systems Inc,0,0,0
19991001,11625,AGS',NYSE,14.625,14.625,1418,0,Saga Systems Inc,0,0,0
19991004,11625,AGS',NYSE,14.875,14.875,2274,0,Saga Systems Inc,0,0,0
19991005,11625,AGS',NYSE,14.5,14.5,1347,0,Saga Systems Inc,0,0,0
19991006,11625,AGS',NYSE,14.625,14.625,1779,0,Saga Systems Inc,0,0,0
19991007,11625,AGS',NYSE,14.5625,14.5625,803,0,Saga Systems Inc,0,0,0
19991008,11625,AGS',NYSE,14.5625,14.5625,384,0,Saga Systems Inc,0,0,0
19991011,11625,AGS',NYSE,14.5,14.5,369,0,Saga Systems Inc,0,0,0
19991012,11625,AGS',NYSE,14.375,14.375,2782,0,Saga Systems Inc,0,0,0
19991013,11625,AGS',NYSE,13.75,13.75,2241,0,Saga Systems Inc,0,0,0
19991014,11625,AGS',NYSE,13.375,13.375,592,0,Saga Systems Inc,0,0,0
19991015,11625,AGS',NYSE,12.375,12.375,1367,0,Saga Systems Inc,0,0,0
19991018,11625,AGS',NYSE,12.3125,12.3125,853,0,Saga Systems Inc,0,0,0
19991019,11625,AGS',NYSE,12,12,647,0,Saga Systems Inc,0,0,0
19991020,11625,AGS',NYSE,11.125,11.125,5479,0,Saga Systems Inc,0,0,0
19991021,11625,AGS',NYSE,11.0625,11.0625,4518,0,Saga Systems Inc,0,0,0
19991022,11625,AGS',NYSE,11.75,11.75,1689,0,Saga Systems Inc,0,0,0
19991025,11625,AGS',NYSE,11.9375,11.9375,303,0,Saga Systems Inc,0,0,0
19991026,11625,AGS',NYSE,12.625,12.625,961,0,Saga Systems Inc,0,0,0
19991027,11625,AGS',NYSE,13.1875,13.1875,1493,0,Saga Systems Inc,0,0,0
19991028,11625,AGS',NYSE,14.1875,14.1875,1675,0,Saga Systems Inc,0,0,0
19991029,11625,AGS',NYSE,14.5,14.5,1241,0,Saga Systems Inc,0,0,0
19991101,11625,AGS',NYSE,14,14,780,0,Saga Systems Inc,0,0,0
19991102,11625,AGS',NYSE,14.375,14.375,1059,0,Saga Systems Inc,0,0,0
19991103,11625,AGS',NYSE,14.75,14.75,1410,0,Saga Systems Inc,0,0,0
19991104,11625,AGS',NYSE,14.5625,14.5625,1266,0,Saga Systems Inc,0,0,0
19991105,11625,AGS',NYSE,14.5,14.5,1503,0,Saga Systems Inc,0,0,0
19991108,11625,AGS',NYSE,14.875,14.875,772,0,Saga Systems Inc,0,0,0
19991109,11625,AGS',NYSE,15.5,15.5,1021,0,Saga Systems Inc,0,0,0
19991110,11625,AGS',NYSE,16.875,16.875,1439,0,Saga Systems Inc,0,0,0
19991111,11625,AGS',NYSE,15.9375,15.9375,1036,0,Saga Systems Inc,0,0,0
19991112,11625,AGS',NYSE,16.5625,16.5625,755,0,Saga Systems Inc,0,0,0
19991115,11625,AGS',NYSE,17.375,17.375,984,0,Saga Systems Inc,0,0,0
19991116,11625,AGS',NYSE,18.5625,18.5625,1594,0,Saga Systems Inc,0,0,0
19991117,11625,AGS',NYSE,18.5,18.5,776,0,Saga Systems Inc,0,0,0
19991118,11625,AGS',NYSE,18.1875,18.1875,1151,0,Saga Systems Inc,0,0,0
19991119,11625,AGS',NYSE,18.0625,18.0625,2013,0,Saga Systems Inc,0,0,0
19991122,11625,AGS',NYSE,17.5,17.5,1159,0,Saga Systems Inc,0,0,0
19991123,11625,AGS',NYSE,18.375,18.375,1492,0,Saga Systems Inc,0,0,0
19991124,11625,AGS',NYSE,21.4375,21.4375,7950,0,Saga Systems Inc,0,0,0
19991126,11625,AGS',NYSE,20.8125,20.8125,2013,0,Saga Systems Inc,0,0,0
19991129,11625,AGS',NYSE,20.25,20.25,1998,0,Saga Systems Inc,0,0,0
19991130,11625,AGS',NYSE,21.3125,21.3125,2863,0,Saga Systems Inc,0,0,0
19991201,11625,AGS',NYSE,20.75,20.75,1357,0,Saga Systems Inc,0,0,0
19991202,11625,AGS',NYSE,21.625,21.625,1167,0,Saga Systems Inc,0,0,0
19991203,11625,AGS',NYSE,21.6875,21.6875,1310,0,Saga Systems Inc,0,0,0
19991206,11625,AGS',NYSE,21.25,21.25,1177,0,Saga Systems Inc,0,0,0
19991207,11625,AGS',NYSE,21.625,21.625,493,0,Saga Systems Inc,0,0,0
19991208,11625,AGS',NYSE,23.125,23.125,1369,0,Saga Systems Inc,0,0,0
19991209,11625,AGS',NYSE,23.625,23.625,1514,0,Saga Systems Inc,0,0,0
19991210,11625,AGS',NYSE,24.375,24.375,543,0,Saga Systems Inc,0,0,0
19991213,11625,AGS',NYSE,24.625,24.625,548,0,Saga Systems Inc,0,0,0
19991214,11625,AGS',NYSE,23.3125,23.3125,2091,0,Saga Systems Inc,0,0,0
19991215,11625,AGS',NYSE,22.125,22.125,650,0,Saga Systems Inc,0,0,0
19991216,11625,AGS',NYSE,21.9375,21.9375,595,0,Saga Systems Inc,0,0,0
19991217,11625,AGS',NYSE,21.9375,21.9375,530,0,Saga Systems Inc,0,0,0
19991220,11625,AGS',NYSE,21.6875,21.6875,1020,0,Saga Systems Inc,0,0,0
19991221,11625,AGS',NYSE,21.6875,21.6875,473,0,Saga Systems Inc,0,0,0
19991222,11625,AGS',NYSE,21.375,21.375,867,0,Saga Systems Inc,0,0,0
19991223,11625,AGS',NYSE,20.875,20.875,1305,0,Saga Systems Inc,0,0,0
19991227,11625,AGS',NYSE,20.875,20.875,428,0,Saga Systems Inc,0,0,0
19991228,11625,AGS',NYSE,19.625,19.625,1013,0,Saga Systems Inc,0,0,0
19991229,11625,AGS',NYSE,20.25,20.25,2328,0,Saga Systems Inc,0,0,0
19991230,11625,AGS',NYSE,19.9375,19.9375,402,0,Saga Systems Inc,0,0,0
19991231,11625,AGS',NYSE,19.9375,19.9375,291,0,Saga Systems Inc,0,0,0
20000103,11625,AGS',NYSE,18.875,18.875,856,0,Saga Systems Inc,0,0,0
20000104,11625,AGS',NYSE,18.3125,18.3125,1009,0,Saga Systems Inc,0,0,0
20000105,11625,AGS',NYSE,17.125,17.125,2059,0,Saga Systems Inc,0,0,0
20000106,11625,AGS',NYSE,18.3125,18.3125,3448,0,Saga Systems Inc,0,0,0
20000107,11625,AGS',NYSE,19.25,19.25,2791,0,Saga Systems Inc,0,0,0
20000110,11625,AGS',NYSE,19.125,19.125,1285,0,Saga Systems Inc,0,0,0
20000111,11625,AGS',NYSE,19.75,19.75,1064,0,Saga Systems Inc,0,0,0
20000112,11625,AGS',NYSE,19.5,19.5,1162,0,Saga Systems Inc,0,0,0
20000113,11625,AGS',NYSE,21.375,21.375,3234,0,Saga Systems Inc,0,0,0
20000114,11625,AGS',NYSE,22.5,22.5,2370,0,Saga Systems Inc,0,0,0
20000118,11625,AGS',NYSE,23.3125,23.3125,2790,0,Saga Systems Inc,0,0,0
20000119,11625,AGS',NYSE,25.8125,25.8125,5061,0,Saga Systems Inc,0,0,0
20000120,11625,AGS',NYSE,25.0625,25.0625,1963,0,Saga Systems Inc,0,0,0
20000121,11625,AGS',NYSE,25,25,1257,0,Saga Systems Inc,0,0,0
20000124,11625,AGS',NYSE,25,25,963,0,Saga Systems Inc,0,0,0
20000125,11625,AGS',NYSE,24,24,656,0,Saga Systems Inc,0,0,0
20000126,11625,AGS',NYSE,23.25,23.25,484,0,Saga Systems Inc,0,0,0
20000127,11625,AGS',NYSE,23,23,1441,0,Saga Systems Inc,0,0,0
20000128,11625,AGS',NYSE,22.3125,22.3125,560,0,Saga Systems Inc,0,0,0
20000131,11625,AGS',NYSE,21,21,656,0,Saga Systems Inc,0,0,0
20000201,11625,AGS',NYSE,22.75,22.75,848,0,Saga Systems Inc,0,0,0
20000202,11625,AGS',NYSE,23.875,23.875,1487,0,Saga Systems Inc,0,0,0
20000203,11625,AGS',NYSE,25.5,25.5,1868,0,Saga Systems Inc,0,0,0
20000204,11625,AGS',NYSE,28.4375,28.4375,2250,0,Saga Systems Inc,0,0,0
20000207,11625,AGS',NYSE,27.625,27.625,2257,0,Saga Systems Inc,0,0,0
20000208,11625,AGS',NYSE,28.1875,28.1875,888,0,Saga Systems Inc,0,0,0
20000209,11625,AGS',NYSE,28.125,28.125,1086,0,Saga Systems Inc,0,0,0
20000210,11625,AGS',NYSE,32.5,32.5,2937,0,Saga Systems Inc,0,0,0
20000211,11625,AGS',NYSE,35.5,35.5,4738,0,Saga Systems Inc,0,0,0
20000214,11625,AGS',NYSE,34.625,34.625,2074,0,Saga Systems Inc,0,0,0
20000215,11625,AGS',NYSE,33,33,902,0,Saga Systems Inc,0,0,0
20000216,11625,AGS',NYSE,33.25,33.25,1453,0,Saga Systems Inc,0,0,0
20000217,11625,AGS',NYSE,32.375,32.375,1644,0,Saga Systems Inc,0,0,0
20000218,11625,AGS',NYSE,31.625,31.625,1175,0,Saga Systems Inc,0,0,0
20000222,11625,AGS',NYSE,28.875,28.875,1573,0,Saga Systems Inc,0,0,0
20000223,11625,AGS',NYSE,31.75,31.75,14666,0,Saga Systems Inc,0,0,0
20000224,11625,AGS',NYSE,32.625,32.625,1197,0,Saga Systems Inc,0,0,0
20000225,11625,AGS',NYSE,33.0625,33.0625,1125,0,Saga Systems Inc,0,0,0
20000228,11625,AGS',NYSE,32.9375,32.9375,653,0,Saga Systems Inc,0,0,0
20000229,11625,AGS',NYSE,33.9375,33.9375,1278,0,Saga Systems Inc,0,0,0
20000301,11625,AGS',NYSE,34.25,34.25,1080,0,Saga Systems Inc,0,0,0
20000302,11625,AGS',NYSE,33,33,1229,0,Saga Systems Inc,0,0,0
20000303,11625,AGS',NYSE,32.5,32.5,1394,0,Saga Systems Inc,0,0,0
20000306,11625,AGS',NYSE,35,35,1372,0,Saga Systems Inc,0,0,0
20000307,11625,AGS',NYSE,35.1875,35.1875,1769,0,Saga Systems Inc,0,0,0
20000308,11625,AGS',NYSE,33.25,33.25,972,0,Saga Systems Inc,0,0,0
20000309,11625,AGS',NYSE,34.5,34.5,964,0,Saga Systems Inc,0,0,0
20000310,11625,AGS',NYSE,34.875,34.875,622,0,Saga Systems Inc,0,0,0
20000313,11625,AGS',NYSE,34.9375,34.9375,1299,0,Saga Systems Inc,0,0,0
20000314,11625,AGS',NYSE,34.625,34.625,828,0,Saga Systems Inc,0,0,0
20000315,11625,AGS',NYSE,32.9375,32.9375,964,0,Saga Systems Inc,0,0,0
20000316,11625,AGS',NYSE,32.625,32.625,1611,0,Saga Systems Inc,0,0,0
20000317,11625,AGS',NYSE,32.75,32.75,902,0,Saga Systems Inc,0,0,0
20000320,11625,AGS',NYSE,32.125,32.125,590,0,Saga Systems Inc,0,0,0
20000321,11625,AGS',NYSE,32.625,32.625,903,0,Saga Systems Inc,0,0,0
20000322,11625,AGS',NYSE,32.75,32.75,566,0,Saga Systems Inc,0,0,0
20000323,11625,AGS',NYSE,33.875,33.875,1066,0,Saga Systems Inc,0,0,0
20000324,11625,AGS',NYSE,35.125,35.125,1395,0,Saga Systems Inc,0,0,0
20000327,11625,AGS',NYSE,38,38,3579,0,Saga Systems Inc,0,0,0
20000328,11625,AGS',NYSE,38.875,38.875,2010,0,Saga Systems Inc,0,0,0
20000329,11625,AGS',NYSE,37,37,1453,0,Saga Systems Inc,0,0,0
20000330,11625,AGS',NYSE,34.625,34.625,1593,0,Saga Systems Inc,0,0,0
20000331,11625,AGS',NYSE,35.75,35.75,1315,0,Saga Systems Inc,0,0,0
20000403,11625,AGS',NYSE,32.125,32.125,1631,0,Saga Systems Inc,0,0,0
20000404,11625,AGS',NYSE,29.5,29.5,3703,0,Saga Systems Inc,0,0,0
20000405,11625,AGS',NYSE,29.9375,29.9375,1741,0,Saga Systems Inc,0,0,0
20000406,11625,AGS',NYSE,29.875,29.875,2112,0,Saga Systems Inc,0,0,0
20000407,11625,AGS',NYSE,29.5,29.5,1810,0,Saga Systems Inc,0,0,0
20000410,11625,AGS',NYSE,26.9375,26.9375,938,0,Saga Systems Inc,0,0,0
20000411,11625,AGS',NYSE,24.625,24.625,3211,0,Saga Systems Inc,0,0,0
20000412,11625,AGS',NYSE,21,21,3225,0,Saga Systems Inc,0,0,0
20000413,11625,AGS',NYSE,17.375,17.375,6183,0,Saga Systems Inc,0,0,0
20000414,11625,AGS',NYSE,15.25,15.25,3565,0,Saga Systems Inc,0,0,0
20000417,11625,AGS',NYSE,16.75,16.75,2289,0,Saga Systems Inc,0,0,0
20000418,11625,AGS',NYSE,18,18,2719,0,Saga Systems Inc,0,0,0
20000419,11625,AGS',NYSE,20.125,20.125,3502,0,Saga Systems Inc,0,0,0
20000420,11625,AGS',NYSE,18.6875,18.6875,1073,0,Saga Systems Inc,0,0,0
20000424,11625,AGS',NYSE,17.9375,17.9375,359,0,Saga Systems Inc,0,0,0
20000425,11625,AGS',NYSE,18.0625,18.0625,2092,0,Saga Systems Inc,0,0,0
20000426,11625,AGS',NYSE,18.75,18.75,1301,0,Saga Systems Inc,0,0,0
20000427,11625,AGS',NYSE,18.625,18.625,1272,0,Saga Systems Inc,0,0,0
20000428,11625,AGS',NYSE,18.625,18.625,614,0,Saga Systems Inc,0,0,0
20000501,11625,AGS',NYSE,18.8125,18.8125,922,0,Saga Systems Inc,0,0,0
20000502,11625,AGS',NYSE,18.1875,18.1875,847,0,Saga Systems Inc,0,0,0
20000503,11625,AGS',NYSE,17.6875,17.6875,303,0,Saga Systems Inc,0,0,0
20000504,11625,AGS',NYSE,18.0625,18.0625,1828,0,Saga Systems Inc,0,0,0
20000505,11625,AGS',NYSE,18.375,18.375,1467,0,Saga Systems Inc,0,0,0
20000508,11625,AGS',NYSE,17.875,17.875,848,0,Saga Systems Inc,0,0,0
20000509,11625,AGS',NYSE,17.8125,17.8125,880,0,Saga Systems Inc,0,0,0
20000510,11625,AGS',NYSE,17.625,17.625,1315,0,Saga Systems Inc,0,0,0
20000511,11625,AGS',NYSE,17,17,1331,0,Saga Systems Inc,0,0,0
20000512,11625,AGS',NYSE,16.75,16.75,1011,0,Saga Systems Inc,0,0,0
20000515,11625,AGS',NYSE,17,17,1924,0,Saga Systems Inc,0,0,0
20000516,11625,AGS',NYSE,16.75,16.75,1156,0,Saga Systems Inc,0,0,0
20000517,11625,AGS',NYSE,16,16,826,0,Saga Systems Inc,0,0,0
20000518,11625,AGS',NYSE,15.9375,15.9375,588,0,Saga Systems Inc,0,0,0
20000519,11625,AGS',NYSE,13.9375,13.9375,1651,0,Saga Systems Inc,0,0,0
20000522,11625,AGS',NYSE,13.125,13.125,1330,0,Saga Systems Inc,0,0,0
20000523,11625,AGS',NYSE,13.625,13.625,1276,0,Saga Systems Inc,0,0,0
20000524,11625,AGS',NYSE,14,14,806,0,Saga Systems Inc,0,0,0
20000525,11625,AGS',NYSE,14.375,14.375,455,0,Saga Systems Inc,0,0,0
20000526,11625,AGS',NYSE,14.3125,14.3125,320,0,Saga Systems Inc,0,0,0
20000530,11625,AGS',NYSE,14.5,14.5,1291,0,Saga Systems Inc,0,0,0
20000531,11625,AGS',NYSE,14.6875,14.6875,1008,0,Saga Systems Inc,0,0,0
20000601,11625,AGS',NYSE,14.3125,14.3125,1125,0,Saga Systems Inc,0,0,0
20000602,11625,AGS',NYSE,15,15,905,0,Saga Systems Inc,0,0,0
20000605,11625,AGS',NYSE,15.375,15.375,1961,0,Saga Systems Inc,0,0,0
20000606,11625,AGS',NYSE,15.0625,15.0625,627,0,Saga Systems Inc,0,0,0
20000607,11625,AGS',NYSE,14.875,14.875,1094,0,Saga Systems Inc,0,0,0
20000608,11625,AGS',NYSE,14.875,14.875,487,0,Saga Systems Inc,0,0,0
20000609,11625,AGS',NYSE,14.75,14.75,299,0,Saga Systems Inc,0,0,0
20000612,11625,AGS',NYSE,14.75,14.75,2019,0,Saga Systems Inc,0,0,0
20000613,11625,AGS',NYSE,15.3125,15.3125,2398,0,Saga Systems Inc,0,0,0
20000614,11625,AGS',NYSE,15.125,15.125,1495,0,Saga Systems Inc,0,0,0
20000615,11625,AGS',NYSE,15.3125,15.3125,654,0,Saga Systems Inc,0,0,0
20000616,11625,AGS',NYSE,15,15,692,0,Saga Systems Inc,0,0,0
20000619,11625,AGS',NYSE,14.4375,14.4375,2370,0,Saga Systems Inc,0,0,0
20000620,11625,AGS',NYSE,14.4375,14.4375,686,0,Saga Systems Inc,0,0,0
20000621,11625,AGS',NYSE,14.875,14.875,1085,0,Saga Systems Inc,0,0,0
20000622,11625,AGS',NYSE,14.375,14.375,932,0,Saga Systems Inc,0,0,0
20000623,11625,AGS',NYSE,13.875,13.875,467,0,Saga Systems Inc,0,0,0
20000626,11625,AGS',NYSE,13.25,13.25,1676,0,Saga Systems Inc,0,0,0
20000627,11625,AGS',NYSE,12.5625,12.5625,2251,0,Saga Systems Inc,0,0,0
20000628,11625,AGS',NYSE,12.6875,12.6875,926,0,Saga Systems Inc,0,0,0
20000629,11625,AGS',NYSE,12.1875,12.1875,1105,0,Saga Systems Inc,0,0,0
20000630,11625,AGS',NYSE,12.4375,12.4375,682,0,Saga Systems Inc,0,0,0
20000703,11625,AGS',NYSE,12.1875,12.1875,452,0,Saga Systems Inc,0,0,0
20000705,11625,AGS',NYSE,12.0625,12.0625,477,0,Saga Systems Inc,0,0,0
20000706,11625,AGS',NYSE,12.0625,12.0625,1484,0,Saga Systems Inc,0,0,0
20000707,11625,AGS',NYSE,12.125,12.125,355,0,Saga Systems Inc,0,0,0
20000710,11625,AGS',NYSE,12.0625,12.0625,687,0,Saga Systems Inc,0,0,0
20000711,11625,AGS',NYSE,12.75,12.75,390,0,Saga Systems Inc,0,0,0
20000712,11625,AGS',NYSE,12.375,12.375,1582,0,Saga Systems Inc,0,0,0
20000713,11625,AGS',NYSE,14.875,14.875,1276,0,Saga Systems Inc,0,0,0
20000714,11625,AGS',NYSE,14.75,14.75,4702,0,Saga Systems Inc,0,0,0
20000717,11625,AGS',NYSE,15.625,15.625,2280,0,Saga Systems Inc,0,0,0
20000718,11625,AGS',NYSE,15.3125,15.3125,841,0,Saga Systems Inc,0,0,0
20000719,11625,AGS',NYSE,10.75,10.75,6611,0,Saga Systems Inc,0,0,0
20000720,11625,AGS',NYSE,11.75,11.75,3470,0,Saga Systems Inc,0,0,0
20000721,11625,AGS',NYSE,11.125,11.125,4263,0,Saga Systems Inc,0,0,0
20000724,11625,AGS',NYSE,10.3125,10.3125,2703,0,Saga Systems Inc,0,0,0
20000725,11625,AGS',NYSE,9.6875,9.6875,3546,0,Saga Systems Inc,0,0,0
20000726,11625,AGS',NYSE,9.4375,9.4375,3200,0,Saga Systems Inc,0,0,0
20000727,11625,AGS',NYSE,9.9375,9.9375,1394,0,Saga Systems Inc,0,0,0
20000728,11625,AGS',NYSE,9.4375,9.4375,1249,0,Saga Systems Inc,0,0,0
20000731,11625,AGS',NYSE,10.125,10.125,1070,0,Saga Systems Inc,0,0,0
20000801,11625,AGS',NYSE,10.125,10.125,772,0,Saga Systems Inc,0,0,0
20000802,11625,AGS',NYSE,10,10,396,0,Saga Systems Inc,0,0,0
20000803,11625,AGS',NYSE,9.8125,9.8125,664,0,Saga Systems Inc,0,0,0
20000804,11625,AGS',NYSE,9.5625,9.5625,1571,0,Saga Systems Inc,0,0,0
20000807,11625,AGS',NYSE,10.25,10.25,694,0,Saga Systems Inc,0,0,0
20000808,11625,AGS',NYSE,10.25,10.25,254,0,Saga Systems Inc,0,0,0
20000809,11625,AGS',NYSE,10.6875,10.6875,272,0,Saga Systems Inc,0,0,0
20000810,11625,AGS',NYSE,10.1875,10.1875,542,0,Saga Systems Inc,0,0,0
20000811,11625,AGS',NYSE,10.375,10.375,1144,0,Saga Systems Inc,0,0,0
20000814,11625,AGS',NYSE,10.5,10.5,270,0,Saga Systems Inc,0,0,0
20000815,11625,AGS',NYSE,10.9375,10.9375,775,0,Saga Systems Inc,0,0,0
20000816,11625,AGS',NYSE,11,11,428,0,Saga Systems Inc,0,0,0
20000817,11625,AGS',NYSE,10.8125,10.8125,372,0,Saga Systems Inc,0,0,0
20000818,11625,AGS',NYSE,10.75,10.75,880,0,Saga Systems Inc,0,0,0
20000821,11625,AGS',NYSE,10.6875,10.6875,534,0,Saga Systems Inc,0,0,0
20000822,11625,AGS',NYSE,10.5625,10.5625,609,0,Saga Systems Inc,0,0,0
20000823,11625,AGS',NYSE,10.375,10.375,612,0,Saga Systems Inc,0,0,0
20000824,11625,AGS',NYSE,10.125,10.125,391,0,Saga Systems Inc,0,0,0
20000825,11625,AGS',NYSE,10.125,10.125,398,0,Saga Systems Inc,0,0,0
20000828,11625,AGS',NYSE,10.25,10.25,1404,0,Saga Systems Inc,0,0,0
20000829,11625,AGS',NYSE,12.375,12.375,881,0,Saga Systems Inc,0,0,0
20000830,11625,AGS',NYSE,13.4375,13.4375,2142,0,Saga Systems Inc,0,0,0
20000831,11625,AGS',NYSE,12.625,12.625,1325,0,Saga Systems Inc,0,0,0
20000901,11625,AGS',NYSE,13.375,13.375,623,0,Saga Systems Inc,0,0,0
20000905,11625,AGS',NYSE,13.0625,13.0625,420,0,Saga Systems Inc,0,0,0
20000906,11625,AGS',NYSE,13.125,13.125,273,0,Saga Systems Inc,0,0,0
20000907,11625,AGS',NYSE,12.8125,12.8125,376,0,Saga Systems Inc,0,0,0
20000908,11625,AGS',NYSE,12.375,12.375,184,0,Saga Systems Inc,0,0,0
20000911,11625,AGS',NYSE,11.0625,11.0625,943,0,Saga Systems Inc,0,0,0
20000912,11625,AGS',NYSE,10.875,10.875,484,0,Saga Systems Inc,0,0,0
20000913,11625,AGS',NYSE,11.625,11.625,358,0,Saga Systems Inc,0,0,0
20000914,11625,AGS',NYSE,11.75,11.75,491,0,Saga Systems Inc,0,0,0
20000915,11625,AGS',NYSE,12.4375,12.4375,834,0,Saga Systems Inc,0,0,0
20000918,11625,AGS',NYSE,11.1875,11.1875,391,0,Saga Systems Inc,0,0,0
20000919,11625,AGS',NYSE,11.9375,11.9375,284,0,Saga Systems Inc,0,0,0
20000920,11625,AGS',NYSE,12.125,12.125,439,0,Saga Systems Inc,0,0,0
20000921,11625,AGS',NYSE,11.8125,11.8125,706,0,Saga Systems Inc,0,0,0
20000922,11625,AGS',NYSE,11.6875,11.6875,492,0,Saga Systems Inc,0,0,0
20000925,11625,AGS',NYSE,11.75,11.75,547,0,Saga Systems Inc,0,0,0
20000926,11625,AGS',NYSE,11.3125,11.3125,524,0,Saga Systems Inc,0,0,0
20000927,11625,AGS',NYSE,10.5625,10.5625,364,0,Saga Systems Inc,0,0,0
20000928,11625,AGS',NYSE,11.375,11.375,376,0,Saga Systems Inc,0,0,0
20000929,11625,AGS',NYSE,10.5,10.5,895,0,Saga Systems Inc,0,0,0
20001002,11625,AGS',NYSE,10.5625,10.5625,207,0,Saga Systems Inc,0,0,0
20001003,11625,AGS',NYSE,8.1875,8.1875,3153,0,Saga Systems Inc,0,0,0
20001004,11625,AGS',NYSE,5.5625,5.5625,13957,0,Saga Systems Inc,0,0,0
20001005,11625,AGS',NYSE,5.25,5.25,4200,0,Saga Systems Inc,0,0,0
20001006,11625,AGS',NYSE,4.8125,4.8125,3226,0,Saga Systems Inc,0,0,0
20001009,11625,AGS',NYSE,4.75,4.75,1504,0,Saga Systems Inc,0,0,0
20001010,11625,AGS',NYSE,4.5625,4.5625,3655,0,Saga Systems Inc,0,0,0
20001011,11625,AGS',NYSE,4.9375,4.9375,1047,0,Saga Systems Inc,0,0,0
20001012,11625,AGS',NYSE,4.9375,4.9375,769,0,Saga Systems Inc,0,0,0
20001013,11625,AGS',NYSE,5.1875,5.1875,2277,0,Saga Systems Inc,0,0,0
20001016,11625,AGS',NYSE,5.125,5.125,1526,0,Saga Systems Inc,0,0,0
20001017,11625,AGS',NYSE,4.875,4.875,914,0,Saga Systems Inc,0,0,0
20001018,11625,AGS',NYSE,4.5,4.5,6812,0,Saga Systems Inc,0,0,0
20001019,11625,AGS',NYSE,4.9375,4.9375,878,0,Saga Systems Inc,0,0,0
20001020,11625,AGS',NYSE,5.1875,5.1875,766,0,Saga Systems Inc,0,0,0
20001023,11625,AGS',NYSE,5,5,1143,0,Saga Systems Inc,0,0,0
20001024,11625,AGS',NYSE,4.875,4.875,7484,0,Saga Systems Inc,0,0,0
20001025,11625,AGS',NYSE,5,5,599,0,Saga Systems Inc,0,0,0
20001026,11625,AGS',NYSE,5,5,1925,0,Saga Systems Inc,0,0,0
20001027,11625,AGS',NYSE,4.9375,4.9375,1254,0,Saga Systems Inc,0,0,0
20001030,11625,AGS',NYSE,5.1875,5.1875,1207,0,Saga Systems Inc,0,0,0
20001031,11625,AGS',NYSE,5.375,5.375,1627,0,Saga Systems Inc,0,0,0
20001101,11625,AGS',NYSE,5.5,5.5,1148,0,Saga Systems Inc,0,0,0
20001102,11625,AGS',NYSE,11,11,42224,0,Saga Systems Inc,0,0,0
20001103,11625,AGS',NYSE,10.875,10.875,15749,0,Saga Systems Inc,0,0,0
20001106,11625,AGS',NYSE,11.0625,11.0625,12054,0,Saga Systems Inc,0,0,0
20001107,11625,AGS',NYSE,11.125,11.125,2768,0,Saga Systems Inc,0,0,0
20001108,11625,AGS',NYSE,11.0625,11.0625,5111,0,Saga Systems Inc,0,0,0
20001109,11625,AGS',NYSE,11.125,11.125,1266,0,Saga Systems Inc,0,0,0
20001110,11625,AGS',NYSE,11.0625,11.0625,1435,0,Saga Systems Inc,0,0,0
20001113,11625,AGS',NYSE,11.125,11.125,761,0,Saga Systems Inc,0,0,0
20001114,11625,AGS',NYSE,11.125,11.125,1264,0,Saga Systems Inc,0,0,0
20001115,11625,AGS',NYSE,11.1875,11.1875,897,0,Saga Systems Inc,0,0,0
20001116,11625,AGS',NYSE,11.25,11.25,864,0,Saga Systems Inc,0,0,0
20001117,11625,AGS',NYSE,11.3125,11.3125,803,0,Saga Systems Inc,0,0,0
20001120,11625,AGS',NYSE,11.1875,11.1875,189,0,Saga Systems Inc,0,0,0
20001121,11625,AGS',NYSE,11.125,11.125,347,0,Saga Systems Inc,0,0,0
20001122,11625,AGS',NYSE,11.1875,11.1875,592,0,Saga Systems Inc,0,0,0
20001124,11625,AGS',NYSE,11.1875,11.1875,213,0,Saga Systems Inc,0,0,0
20001127,11625,AGS',NYSE,11.25,11.25,294,0,Saga Systems Inc,0,0,0
20001128,11625,AGS',NYSE,11.125,11.125,759,0,Saga Systems Inc,0,0,0
20001129,11625,AGS',NYSE,11.1875,11.1875,1274,0,Saga Systems Inc,0,0,0
20001130,11625,AGS',NYSE,11.1875,11.1875,1268,0,Saga Systems Inc,0,0,0
20001201,11625,AGS',NYSE,11.0625,11.0625,4684,0,Saga Systems Inc,0,0,0
20001204,11625,AGS',NYSE,11.0625,11.0625,3580,0,Saga Systems Inc,0,0,0
20001205,11625,AGS',NYSE,11.125,11.125,676,0,Saga Systems Inc,0,0,0
20001206,11625,AGS',NYSE,11.0625,11.0625,1128,0,Saga Systems Inc,0,0,0
20001207,11625,AGS',NYSE,11.125,11.125,431,0,Saga Systems Inc,0,0,0
20001208,11625,AGS',NYSE,11.25,11.25,473,0,Saga Systems Inc,0,0,0
20001211,11625,AGS',NYSE,11.25,11.25,482,0,Saga Systems Inc,0,0,0
20001212,11625,AGS',NYSE,11.3125,11.3125,1039,0,Saga Systems Inc,0,0,0
20001213,11625,AGS',NYSE,11.1875,11.1875,2603,0,Saga Systems Inc,0,0,0
20001214,11625,AGS',NYSE,11.1875,11.1875,601,0,Saga Systems Inc,0,0,0
20001215,11625,AGS',NYSE,11.25,11.25,491,0,Saga Systems Inc,0,0,0
20001218,11625,AGS',NYSE,11.3125,11.3125,435,0,Saga Systems Inc,0,0,0
20001219,11625,AGS',NYSE,11.3125,11.3125,612,0,Saga Systems Inc,0,0,0
20001220,11625,AGS',NYSE,11.375,11.375,2148,0,Saga Systems Inc,0,0,0
20001221,11625,AGS',NYSE,11.3125,11.3125,215,0,Saga Systems Inc,0,0,0
20001222,11625,AGS',NYSE,11.25,11.25,629,0,Saga Systems Inc,0,0,0
20001226,11625,AGS',NYSE,11.1875,11.1875,732,0,Saga Systems Inc,0,0,0
20001227,11625,AGS',NYSE,11.25,11.25,634,0,Saga Systems Inc,0,0,0
20001228,11625,AGS',NYSE,11.375,11.375,520,0,Saga Systems Inc,0,0,0
20001229,11625,AGS',NYSE,11.4375,11.4375,1575,0,Saga Systems Inc,0,0,0
20010102,11625,AGS',NYSE,11.375,11.375,482,0,Saga Systems Inc,0,0,0
20010103,11625,AGS',NYSE,11.4375,11.4375,2691,0,Saga Systems Inc,0,0,0
20010104,11625,AGS',NYSE,11.375,11.375,762,0,Saga Systems Inc,0,0,0
20010105,11625,AGS',NYSE,11.375,11.375,1257,0,Saga Systems Inc,0,0,0
20010108,11625,AGS',NYSE,11.3125,11.3125,4279,0,Saga Systems Inc,0,0,0
20010109,11625,AGS',NYSE,11.4375,11.4375,2393,0,Saga Systems Inc,0,0,0
20010110,11625,AGS',NYSE,11.375,11.375,1516,0,Saga Systems Inc,0,0,0
20010111,11625,AGS',NYSE,11.4375,11.4375,2909,0,Saga Systems Inc,0,0,0
20010112,11625,AGS',NYSE,11.375,11.375,483,0,Saga Systems Inc,0,0,0
20010116,11625,AGS',NYSE,11.5,11.5,692,0,Saga Systems Inc,0,0,0
20010117,11625,AGS',NYSE,11.375,11.375,486,0,Saga Systems Inc,0,0,0
20010118,11625,AGS',NYSE,11.5,11.5,916,0,Saga Systems Inc,0,0,0
20010119,11625,AGS',NYSE,11.5,11.5,635,0,Saga Systems Inc,0,0,0
20010122,11625,AGS',NYSE,11.4375,11.4375,251,0,Saga Systems Inc,0,0,0
20010123,11625,AGS',NYSE,11.5,11.5,226,0,Saga Systems Inc,0,0,0
20010124,11625,AGS',NYSE,11.5,11.5,2324,0,Saga Systems Inc,0,0,0
20010125,11625,AGS',NYSE,11.5,11.5,124,0,Saga Systems Inc,0,0,0
20010126,11625,AGS',NYSE,11.5,11.5,3964,0,Saga Systems Inc,0,0,0
20010129,11625,AGS',NYSE,11.5,11.5,110,0,Saga Systems Inc,0,0,0
20010130,11625,AGS',NYSE,11.5,11.5,525,0,Saga Systems Inc,0,0,0
20010131,11625,AGS',NYSE,11.48,11.48,603,0,Saga Systems Inc,0,0,0
20010201,11625,AGS',NYSE,11.47,11.47,4975,0,Saga Systems Inc,0,0,0
