DDate,CSINumber,Symbol,Exchange,DClose,UnAdjustedClose,TotalVolume,Cash,MarketName,PTB,PSR,DPS
19980603,11809,EPG+',NYSE,40.48243974,56.625,3,0,El Paso Energy Corp Pf,0,0,0
19980604,11809,EPG+',NYSE,41.1079962,57.5,3,0,El Paso Energy Corp Pf,0,0,0
19980605,11809,EPG+',NYSE,41.1079962,57.5,0,0,El Paso Energy Corp Pf,0,0,0
19980608,11809,EPG+',NYSE,41.1079962,57.5,0,0,El Paso Energy Corp Pf,0,0,0
19980609,11809,EPG+',NYSE,41.1079962,57.5,0,0,El Paso Energy Corp Pf,0,0,0
19980610,11809,EPG+',NYSE,41.1079962,57.5,0,0,El Paso Energy Corp Pf,0,0,0
19980611,11809,EPG+',NYSE,41.1079962,57.5,0,0,El Paso Energy Corp Pf,0,0,0
19980612,11809,EPG+',NYSE,38.89045538,53.421875,247,0,El Paso Energy Corp Pf,0,0,0
19980615,11809,EPG+',NYSE,38.89045538,53.421875,0,0,El Paso Energy Corp Pf,0,0,0
19980616,11809,EPG+',NYSE,40.76729807,56,1,0,El Paso Energy Corp Pf,0,0,0
19980617,11809,EPG+',NYSE,40.76729807,56,0,0,El Paso Energy Corp Pf,0,0,0
19980618,11809,EPG+',NYSE,40.76729807,56,0,0,El Paso Energy Corp Pf,0,0,0
19980619,11809,EPG+',NYSE,40.76729807,56,0,0,El Paso Energy Corp Pf,0,0,0
19980622,11809,EPG+',NYSE,40.76729807,56,0,0,El Paso Energy Corp Pf,0,0,0
19980623,11809,EPG+',NYSE,40.5853012,55.75,18,0,El Paso Energy Corp Pf,0,0,0
19980624,11809,EPG+',NYSE,40.5853012,55.75,0,0,El Paso Energy Corp Pf,0,0,0
19980625,11809,EPG+',NYSE,40.5853012,55.75,0,0,El Paso Energy Corp Pf,0,0,0
19980626,11809,EPG+',NYSE,40.5853012,55.75,0,0,El Paso Energy Corp Pf,0,0,0
19980629,11809,EPG+',NYSE,40.5853012,55.75,0,0,El Paso Energy Corp Pf,0,0,0
19980630,11809,EPG+',NYSE,40.44880355,55.5625,14,0,El Paso Energy Corp Pf,0,0,0
19980701,11809,EPG+',NYSE,40.67629963,55.875,21,0,El Paso Energy Corp Pf,0,0,0
19980702,11809,EPG+',NYSE,40.67629963,55.875,0,0,El Paso Energy Corp Pf,0,0,0
19980706,11809,EPG+',NYSE,40.67629963,55.875,0,0,El Paso Energy Corp Pf,0,0,0
19980707,11809,EPG+',NYSE,40.67629963,55.875,0,0,El Paso Energy Corp Pf,0,0,0
19980708,11809,EPG+',NYSE,40.67629963,55.875,1,0,El Paso Energy Corp Pf,0,0,0
19980709,11809,EPG+',NYSE,40.76729807,56,3,0,El Paso Energy Corp Pf,0,0,0
19980710,11809,EPG+',NYSE,40.76729807,56,0,0,El Paso Energy Corp Pf,0,0,0
19980713,11809,EPG+',NYSE,40.76729807,56,0,0,El Paso Energy Corp Pf,0,0,0
19980714,11809,EPG+',NYSE,40.90379572,56.1875,19,0,El Paso Energy Corp Pf,0,0,0
19980715,11809,EPG+',NYSE,40.90379572,56.1875,0,0,El Paso Energy Corp Pf,0,0,0
19980716,11809,EPG+',NYSE,40.72179885,55.9375,201,0,El Paso Energy Corp Pf,0,0,0
19980717,11809,EPG+',NYSE,40.72179885,55.9375,0,0,El Paso Energy Corp Pf,0,0,0
19980720,11809,EPG+',NYSE,40.72179885,55.9375,0,0,El Paso Energy Corp Pf,0,0,0
19980721,11809,EPG+',NYSE,40.72179885,55.9375,0,0,El Paso Energy Corp Pf,0,0,0
19980722,11809,EPG+',NYSE,40.72179885,55.9375,0,0,El Paso Energy Corp Pf,0,0,0
19980723,11809,EPG+',NYSE,40.72179885,55.9375,0,0,El Paso Energy Corp Pf,0,0,0
19980724,11809,EPG+',NYSE,40.72179885,55.9375,0,0,El Paso Energy Corp Pf,0,0,0
19980727,11809,EPG+',NYSE,40.76729807,56,14,0,El Paso Energy Corp Pf,0,0,0
19980728,11809,EPG+',NYSE,40.76729807,56,0,0,El Paso Energy Corp Pf,0,0,0
19980729,11809,EPG+',NYSE,40.76729807,56,0,0,El Paso Energy Corp Pf,0,0,0
19980730,11809,EPG+',NYSE,40.76729807,56,0,0,El Paso Energy Corp Pf,0,0,0
19980731,11809,EPG+',NYSE,40.76729807,56,0,0,El Paso Energy Corp Pf,0,0,0
19980803,11809,EPG+',NYSE,40.76729807,56,0,0,El Paso Energy Corp Pf,0,0,0
19980804,11809,EPG+',NYSE,40.76729807,56,0,0,El Paso Energy Corp Pf,0,0,0
19980805,11809,EPG+',NYSE,40.94929493,56.25,294,0,El Paso Energy Corp Pf,0,0,0
19980806,11809,EPG+',NYSE,40.98341935,56.296875,824,0,El Paso Energy Corp Pf,0,0,0
19980807,11809,EPG+',NYSE,40.98341935,56.296875,0,0,El Paso Energy Corp Pf,0,0,0
19980810,11809,EPG+',NYSE,40.98341935,56.296875,0,0,El Paso Energy Corp Pf,0,0,0
19980811,11809,EPG+',NYSE,40.98341935,56.296875,0,0,El Paso Energy Corp Pf,0,0,0
19980812,11809,EPG+',NYSE,40.98341935,56.296875,0,0,El Paso Energy Corp Pf,0,0,0
19980813,11809,EPG+',NYSE,40.98341935,56.296875,0,0,El Paso Energy Corp Pf,0,0,0
19980814,11809,EPG+',NYSE,40.98341935,56.296875,0,0,El Paso Energy Corp Pf,0,0,0
19980817,11809,EPG+',NYSE,40.98341935,56.296875,0,0,El Paso Energy Corp Pf,0,0,0
19980818,11809,EPG+',NYSE,40.98341935,56.296875,0,0,El Paso Energy Corp Pf,0,0,0
19980819,11809,EPG+',NYSE,40.98341935,56.296875,0,0,El Paso Energy Corp Pf,0,0,0
19980820,11809,EPG+',NYSE,40.98341935,56.296875,0,0,El Paso Energy Corp Pf,0,0,0
19980821,11809,EPG+',NYSE,41.49528553,57,37,0,El Paso Energy Corp Pf,0,0,0
19980824,11809,EPG+',NYSE,41.49528553,57,0,0,El Paso Energy Corp Pf,0,0,0
19980825,11809,EPG+',NYSE,41.49528553,57,0,0,El Paso Energy Corp Pf,0,0,0
19980826,11809,EPG+',NYSE,41.49528553,57,0,0,El Paso Energy Corp Pf,0,0,0
19980827,11809,EPG+',NYSE,41.49528553,57,0,0,El Paso Energy Corp Pf,0,0,0
19980828,11809,EPG+',NYSE,41.22229023,56.625,234,0,El Paso Energy Corp Pf,0,0,0
19980831,11809,EPG+',NYSE,41.22229023,56.625,0,0,El Paso Energy Corp Pf,0,0,0
19980901,11809,EPG+',NYSE,40.83554689,56.09375,909,0,El Paso Energy Corp Pf,0,0,0
19980902,11809,EPG+',NYSE,40.83554689,56.09375,0,0,El Paso Energy Corp Pf,0,0,0
19980903,11809,EPG+',NYSE,40.94929493,56.25,10,0,El Paso Energy Corp Pf,0,0,0
19980904,11809,EPG+',NYSE,40.94929493,56.25,0,0,El Paso Energy Corp Pf,0,0,0
19980908,11809,EPG+',NYSE,40.94929493,56.25,0,0,El Paso Energy Corp Pf,0,0,0
19980909,11809,EPG+',NYSE,40.94929493,56.25,0,0,El Paso Energy Corp Pf,0,0,0
19980910,11809,EPG+',NYSE,40.94929493,56.25,0,0,El Paso Energy Corp Pf,0,0,0
19980911,11809,EPG+',NYSE,40.94929493,56.25,0,0,El Paso Energy Corp Pf,0,0,0
19980914,11809,EPG+',NYSE,40.74127803,54.9375,40,0,El Paso Energy Corp Pf,0,0,0
19980915,11809,EPG+',NYSE,40.74127803,54.9375,0,0,El Paso Energy Corp Pf,0,0,0
19980916,11809,EPG+',NYSE,40.97302592,55.25,4,0,El Paso Energy Corp Pf,0,0,0
19980917,11809,EPG+',NYSE,40.97302592,55.25,0,0,El Paso Energy Corp Pf,0,0,0
19980918,11809,EPG+',NYSE,40.97302592,55.25,0,0,El Paso Energy Corp Pf,0,0,0
19980921,11809,EPG+',NYSE,41.15842422,55.5,4,0,El Paso Energy Corp Pf,0,0,0
19980922,11809,EPG+',NYSE,40.74127803,54.9375,67,0,El Paso Energy Corp Pf,0,0,0
19980923,11809,EPG+',NYSE,41.34382253,55.75,7,0,El Paso Energy Corp Pf,0,0,0
19980924,11809,EPG+',NYSE,41.34382253,55.75,0,0,El Paso Energy Corp Pf,0,0,0
19980925,11809,EPG+',NYSE,41.34382253,55.75,0,0,El Paso Energy Corp Pf,0,0,0
19980928,11809,EPG+',NYSE,41.34382253,55.75,0,0,El Paso Energy Corp Pf,0,0,0
19980929,11809,EPG+',NYSE,41.34382253,55.75,0,0,El Paso Energy Corp Pf,0,0,0
19980930,11809,EPG+',NYSE,41.34382253,55.75,16,0,El Paso Energy Corp Pf,0,0,0
19981001,11809,EPG+',NYSE,41.34382253,55.75,0,0,El Paso Energy Corp Pf,0,0,0
19981002,11809,EPG+',NYSE,41.34382253,55.75,0,0,El Paso Energy Corp Pf,0,0,0
19981005,11809,EPG+',NYSE,41.34382253,55.75,0,0,El Paso Energy Corp Pf,0,0,0
19981006,11809,EPG+',NYSE,41.34382253,55.75,0,0,El Paso Energy Corp Pf,0,0,0
19981007,11809,EPG+',NYSE,41.34382253,55.75,0,0,El Paso Energy Corp Pf,0,0,0
19981008,11809,EPG+',NYSE,40.97302592,55.25,4,0,El Paso Energy Corp Pf,0,0,0
19981009,11809,EPG+',NYSE,40.97302592,55.25,0,0,El Paso Energy Corp Pf,0,0,0
19981012,11809,EPG+',NYSE,40.97302592,55.25,0,0,El Paso Energy Corp Pf,0,0,0
19981013,11809,EPG+',NYSE,40.97302592,55.25,0,0,El Paso Energy Corp Pf,0,0,0
19981014,11809,EPG+',NYSE,40.97302592,55.25,0,0,El Paso Energy Corp Pf,0,0,0
19981015,11809,EPG+',NYSE,40.97302592,55.25,0,0,El Paso Energy Corp Pf,0,0,0
19981016,11809,EPG+',NYSE,40.97302592,55.25,0,0,El Paso Energy Corp Pf,0,0,0
19981019,11809,EPG+',NYSE,40.97302592,55.25,0,0,El Paso Energy Corp Pf,0,0,0
19981020,11809,EPG+',NYSE,40.97302592,55.25,3,0,El Paso Energy Corp Pf,0,0,0
19981021,11809,EPG+',NYSE,40.97302592,55.25,0,0,El Paso Energy Corp Pf,0,0,0
19981022,11809,EPG+',NYSE,40.69492846,54.875,3,0,El Paso Energy Corp Pf,0,0,0
19981023,11809,EPG+',NYSE,41.15842422,55.5,3,0,El Paso Energy Corp Pf,0,0,0
19981026,11809,EPG+',NYSE,41.15842422,55.5,0,0,El Paso Energy Corp Pf,0,0,0
19981027,11809,EPG+',NYSE,41.15842422,55.5,0,0,El Paso Energy Corp Pf,0,0,0
19981028,11809,EPG+',NYSE,41.15842422,55.5,0,0,El Paso Energy Corp Pf,0,0,0
19981029,11809,EPG+',NYSE,41.15842422,55.5,0,0,El Paso Energy Corp Pf,0,0,0
19981030,11809,EPG+',NYSE,41.15842422,55.5,0,0,El Paso Energy Corp Pf,0,0,0
19981102,11809,EPG+',NYSE,41.15842422,55.5,0,0,El Paso Energy Corp Pf,0,0,0
19981103,11809,EPG+',NYSE,41.15842422,55.5,0,0,El Paso Energy Corp Pf,0,0,0
19981104,11809,EPG+',NYSE,41.15842422,55.5,0,0,El Paso Energy Corp Pf,0,0,0
19981105,11809,EPG+',NYSE,40.416831,54.5,54,0,El Paso Energy Corp Pf,0,0,0
19981106,11809,EPG+',NYSE,40.416831,54.5,0,0,El Paso Energy Corp Pf,0,0,0
19981109,11809,EPG+',NYSE,40.50953015,54.625,54,0,El Paso Energy Corp Pf,0,0,0
19981110,11809,EPG+',NYSE,40.50953015,54.625,0,0,El Paso Energy Corp Pf,0,0,0
19981111,11809,EPG+',NYSE,41.52922084,56,1,0,El Paso Energy Corp Pf,0,0,0
19981112,11809,EPG+',NYSE,40.78762761,55,7,0,El Paso Energy Corp Pf,0,0,0
19981113,11809,EPG+',NYSE,40.78762761,55,0,0,El Paso Energy Corp Pf,0,0,0
19981116,11809,EPG+',NYSE,40.78762761,55,0,0,El Paso Energy Corp Pf,0,0,0
19981117,11809,EPG+',NYSE,40.78762761,55,0,0,El Paso Energy Corp Pf,0,0,0
19981118,11809,EPG+',NYSE,40.78762761,55,0,0,El Paso Energy Corp Pf,0,0,0
19981119,11809,EPG+',NYSE,40.69492846,54.875,18,0,El Paso Energy Corp Pf,0,0,0
19981120,11809,EPG+',NYSE,40.69492846,54.875,7,0,El Paso Energy Corp Pf,0,0,0
19981123,11809,EPG+',NYSE,40.97302592,55.25,809,0,El Paso Energy Corp Pf,0,0,0
19981124,11809,EPG+',NYSE,40.69492846,54.875,7,0,El Paso Energy Corp Pf,0,0,0
19981125,11809,EPG+',NYSE,40.69492846,54.875,0,0,El Paso Energy Corp Pf,0,0,0
19981127,11809,EPG+',NYSE,40.69492846,54.875,0,0,El Paso Energy Corp Pf,0,0,0
19981130,11809,EPG+',NYSE,40.69492846,54.875,0,0,El Paso Energy Corp Pf,0,0,0
19981201,11809,EPG+',NYSE,40.69492846,54.875,40,0,El Paso Energy Corp Pf,0,0,0
19981202,11809,EPG+',NYSE,40.69492846,54.875,0,0,El Paso Energy Corp Pf,0,0,0
19981203,11809,EPG+',NYSE,40.69492846,54.875,0,0,El Paso Energy Corp Pf,0,0,0
19981204,11809,EPG+',NYSE,40.78762761,55,1,0,El Paso Energy Corp Pf,0,0,0
19981207,11809,EPG+',NYSE,40.78762761,55,0,0,El Paso Energy Corp Pf,0,0,0
19981208,11809,EPG+',NYSE,40.78762761,55,0,0,El Paso Energy Corp Pf,0,0,0
19981209,11809,EPG+',NYSE,40.78762761,55,0,0,El Paso Energy Corp Pf,0,0,0
19981210,11809,EPG+',NYSE,41.15842422,55.5,209,0,El Paso Energy Corp Pf,0,0,0
19981211,11809,EPG+',NYSE,41.15842422,55.5,0,0,El Paso Energy Corp Pf,0,0,0
19981214,11809,EPG+',NYSE,41.15842422,55.5,539,0,El Paso Energy Corp Pf,0,0,0
19981215,11809,EPG+',NYSE,41.13537708,54.4375,0,0,El Paso Energy Corp Pf,0,0,0
19981216,11809,EPG+',NYSE,41.13537708,54.4375,0,0,El Paso Energy Corp Pf,0,0,0
19981217,11809,EPG+',NYSE,41.13537708,54.4375,0,0,El Paso Energy Corp Pf,0,0,0
19981218,11809,EPG+',NYSE,41.13537708,54.4375,0,0,El Paso Energy Corp Pf,0,0,0
19981221,11809,EPG+',NYSE,41.13537708,54.4375,0,0,El Paso Energy Corp Pf,0,0,0
19981222,11809,EPG+',NYSE,41.13537708,54.4375,0,0,El Paso Energy Corp Pf,0,0,0
19981223,11809,EPG+',NYSE,41.13537708,54.4375,0,0,El Paso Energy Corp Pf,0,0,0
19981224,11809,EPG+',NYSE,41.13537708,54.4375,0,0,El Paso Energy Corp Pf,0,0,0
19981228,11809,EPG+',NYSE,41.13537708,54.4375,0,0,El Paso Energy Corp Pf,0,0,0
19981229,11809,EPG+',NYSE,41.13537708,54.4375,0,0,El Paso Energy Corp Pf,0,0,0
19981230,11809,EPG+',NYSE,41.13537708,54.4375,0,0,El Paso Energy Corp Pf,0,0,0
19981231,11809,EPG+',NYSE,41.13537708,54.4375,0,0,El Paso Energy Corp Pf,0,0,0
19990104,11809,EPG+',NYSE,41.13537708,54.4375,0,0,El Paso Energy Corp Pf,0,0,0
19990105,11809,EPG+',NYSE,41.18260484,54.5,3,0,El Paso Energy Corp Pf,0,0,0
19990106,11809,EPG+',NYSE,41.18260484,54.5,0,0,El Paso Energy Corp Pf,0,0,0
19990107,11809,EPG+',NYSE,41.46597138,54.875,1,0,El Paso Energy Corp Pf,0,0,0
19990108,11809,EPG+',NYSE,41.46597138,54.875,0,0,El Paso Energy Corp Pf,0,0,0
19990111,11809,EPG+',NYSE,41.46597138,54.875,0,0,El Paso Energy Corp Pf,0,0,0
19990112,11809,EPG+',NYSE,41.65488242,55.125,398,0,El Paso Energy Corp Pf,0,0,0
19990113,11809,EPG+',NYSE,41.65488242,55.125,0,0,El Paso Energy Corp Pf,0,0,0
19990114,11809,EPG+',NYSE,41.65488242,55.125,0,0,El Paso Energy Corp Pf,0,0,0
19990115,11809,EPG+',NYSE,41.18260484,54.5,165,0,El Paso Energy Corp Pf,0,0,0
19990119,11809,EPG+',NYSE,41.37151587,54.75,1102,0,El Paso Energy Corp Pf,0,0,0
19990120,11809,EPG+',NYSE,41.37151587,54.75,0,0,El Paso Energy Corp Pf,0,0,0
19990121,11809,EPG+',NYSE,41.37151587,54.75,0,0,El Paso Energy Corp Pf,0,0,0
19990122,11809,EPG+',NYSE,41.37151587,54.75,0,0,El Paso Energy Corp Pf,0,0,0
19990125,11809,EPG+',NYSE,41.5604269,55,3,0,El Paso Energy Corp Pf,0,0,0
19990126,11809,EPG+',NYSE,41.5604269,55,0,0,El Paso Energy Corp Pf,0,0,0
19990127,11809,EPG+',NYSE,41.5604269,55,3,0,El Paso Energy Corp Pf,0,0,0
19990128,11809,EPG+',NYSE,41.18260484,54.5,3,0,El Paso Energy Corp Pf,0,0,0
19990129,11809,EPG+',NYSE,41.46597138,54.875,529,0,El Paso Energy Corp Pf,0,0,0
19990201,11809,EPG+',NYSE,41.46597138,54.875,0,0,El Paso Energy Corp Pf,0,0,0
19990202,11809,EPG+',NYSE,41.46597138,54.875,0,0,El Paso Energy Corp Pf,0,0,0
19990203,11809,EPG+',NYSE,41.37151587,54.75,1,0,El Paso Energy Corp Pf,0,0,0
19990204,11809,EPG+',NYSE,41.37151587,54.75,0,0,El Paso Energy Corp Pf,0,0,0
19990205,11809,EPG+',NYSE,41.37151587,54.75,0,0,El Paso Energy Corp Pf,0,0,0
19990208,11809,EPG+',NYSE,41.37151587,54.75,0,0,El Paso Energy Corp Pf,0,0,0
19990209,11809,EPG+',NYSE,41.37151587,54.75,0,0,El Paso Energy Corp Pf,0,0,0
19990210,11809,EPG+',NYSE,41.37151587,54.75,0,0,El Paso Energy Corp Pf,0,0,0
19990211,11809,EPG+',NYSE,41.37151587,54.75,0,0,El Paso Energy Corp Pf,0,0,0
19990212,11809,EPG+',NYSE,41.37151587,54.75,0,0,El Paso Energy Corp Pf,0,0,0
19990216,11809,EPG+',NYSE,41.37151587,54.75,0,0,El Paso Energy Corp Pf,0,0,0
19990217,11809,EPG+',NYSE,41.37151587,54.75,0,0,El Paso Energy Corp Pf,0,0,0
19990218,11809,EPG+',NYSE,41.37151587,54.75,0,0,El Paso Energy Corp Pf,0,0,0
19990219,11809,EPG+',NYSE,41.37151587,54.75,0,0,El Paso Energy Corp Pf,0,0,0
19990222,11809,EPG+',NYSE,41.18260484,54.5,692,0,El Paso Energy Corp Pf,0,0,0
19990223,11809,EPG+',NYSE,41.93824896,55.5,74,0,El Paso Energy Corp Pf,0,0,0
19990224,11809,EPG+',NYSE,42.17438775,55.8125,220,0,El Paso Energy Corp Pf,0,0,0
19990225,11809,EPG+',NYSE,42.17438775,55.8125,0,0,El Paso Energy Corp Pf,0,0,0
19990226,11809,EPG+',NYSE,42.17438775,55.8125,0,0,El Paso Energy Corp Pf,0,0,0
19990301,11809,EPG+',NYSE,42.17438775,55.8125,0,0,El Paso Energy Corp Pf,0,0,0
19990302,11809,EPG+',NYSE,42.17438775,55.8125,0,0,El Paso Energy Corp Pf,0,0,0
19990303,11809,EPG+',NYSE,42.17438775,55.8125,0,0,El Paso Energy Corp Pf,0,0,0
19990304,11809,EPG+',NYSE,41.93824896,55.5,11,0,El Paso Energy Corp Pf,0,0,0
19990305,11809,EPG+',NYSE,41.93824896,55.5,0,0,El Paso Energy Corp Pf,0,0,0
19990308,11809,EPG+',NYSE,41.93824896,55.5,0,0,El Paso Energy Corp Pf,0,0,0
19990309,11809,EPG+',NYSE,41.93824896,55.5,0,0,El Paso Energy Corp Pf,0,0,0
19990310,11809,EPG+',NYSE,41.93824896,55.5,0,0,El Paso Energy Corp Pf,0,0,0
19990311,11809,EPG+',NYSE,42.12715999,55.75,1,0,El Paso Energy Corp Pf,0,0,0
19990312,11809,EPG+',NYSE,42.12715999,55.75,0,0,El Paso Energy Corp Pf,0,0,0
19990315,11809,EPG+',NYSE,42.10367817,54.6875,64,0,El Paso Energy Corp Pf,0,0,0
19990316,11809,EPG+',NYSE,42.10367817,54.6875,0,0,El Paso Energy Corp Pf,0,0,0
19990317,11809,EPG+',NYSE,42.10367817,54.6875,0,0,El Paso Energy Corp Pf,0,0,0
19990318,11809,EPG+',NYSE,42.34427062,55,6,0,El Paso Energy Corp Pf,0,0,0
19990319,11809,EPG+',NYSE,42.92169249,55.75,1,0,El Paso Energy Corp Pf,0,0,0
19990322,11809,EPG+',NYSE,42.92169249,55.75,0,0,El Paso Energy Corp Pf,0,0,0
19990323,11809,EPG+',NYSE,42.34427062,55,78,0,El Paso Energy Corp Pf,0,0,0
19990324,11809,EPG+',NYSE,42.63298155,55.375,1,0,El Paso Energy Corp Pf,0,0,0
19990325,11809,EPG+',NYSE,42.34427062,55,169,0,El Paso Energy Corp Pf,0,0,0
19990326,11809,EPG+',NYSE,42.34427062,55,0,0,El Paso Energy Corp Pf,0,0,0
19990329,11809,EPG+',NYSE,42.34427062,55,0,0,El Paso Energy Corp Pf,0,0,0
19990330,11809,EPG+',NYSE,42.34427062,55,0,0,El Paso Energy Corp Pf,0,0,0
19990331,11809,EPG+',NYSE,42.4405076,55.125,13,0,El Paso Energy Corp Pf,0,0,0
19990401,11809,EPG+',NYSE,42.4405076,55.125,0,0,El Paso Energy Corp Pf,0,0,0
19990405,11809,EPG+',NYSE,42.4405076,55.125,0,0,El Paso Energy Corp Pf,0,0,0
19990406,11809,EPG+',NYSE,42.4405076,55.125,0,0,El Paso Energy Corp Pf,0,0,0
19990407,11809,EPG+',NYSE,42.4405076,55.125,0,0,El Paso Energy Corp Pf,0,0,0
19990408,11809,EPG+',NYSE,42.34427062,55,253,0,El Paso Energy Corp Pf,0,0,0
19990409,11809,EPG+',NYSE,42.34427062,55,0,0,El Paso Energy Corp Pf,0,0,0
19990412,11809,EPG+',NYSE,42.34427062,55,0,0,El Paso Energy Corp Pf,0,0,0
19990413,11809,EPG+',NYSE,42.34427062,55,0,0,El Paso Energy Corp Pf,0,0,0
19990414,11809,EPG+',NYSE,42.34427062,55,0,0,El Paso Energy Corp Pf,0,0,0
19990415,11809,EPG+',NYSE,42.34427062,55,0,0,El Paso Energy Corp Pf,0,0,0
19990416,11809,EPG+',NYSE,42.34427062,55,0,0,El Paso Energy Corp Pf,0,0,0
19990419,11809,EPG+',NYSE,42.72921853,55.5,1,0,El Paso Energy Corp Pf,0,0,0
19990420,11809,EPG+',NYSE,42.72921853,55.5,0,0,El Paso Energy Corp Pf,0,0,0
19990421,11809,EPG+',NYSE,42.72921853,55.5,0,0,El Paso Energy Corp Pf,0,0,0
19990422,11809,EPG+',NYSE,42.72921853,55.5,0,0,El Paso Energy Corp Pf,0,0,0
19990423,11809,EPG+',NYSE,42.72921853,55.5,0,0,El Paso Energy Corp Pf,0,0,0
19990426,11809,EPG+',NYSE,42.72921853,55.5,0,0,El Paso Energy Corp Pf,0,0,0
19990427,11809,EPG+',NYSE,42.72921853,55.5,0,0,El Paso Energy Corp Pf,0,0,0
19990428,11809,EPG+',NYSE,42.72921853,55.5,0,0,El Paso Energy Corp Pf,0,0,0
19990429,11809,EPG+',NYSE,42.72921853,55.5,0,0,El Paso Energy Corp Pf,0,0,0
19990430,11809,EPG+',NYSE,42.72921853,55.5,21,0,El Paso Energy Corp Pf,0,0,0
19990503,11809,EPG+',NYSE,42.72921853,55.5,3,0,El Paso Energy Corp Pf,0,0,0
19990504,11809,EPG+',NYSE,42.72921853,55.5,17,0,El Paso Energy Corp Pf,0,0,0
19990505,11809,EPG+',NYSE,42.72921853,55.5,0,0,El Paso Energy Corp Pf,0,0,0
19990506,11809,EPG+',NYSE,42.92169249,55.75,4,0,El Paso Energy Corp Pf,0,0,0
19990507,11809,EPG+',NYSE,42.53674458,55.25,195,0,El Paso Energy Corp Pf,0,0,0
19990510,11809,EPG+',NYSE,42.53674458,55.25,0,0,El Paso Energy Corp Pf,0,0,0
19990511,11809,EPG+',NYSE,42.53674458,55.25,0,0,El Paso Energy Corp Pf,0,0,0
19990512,11809,EPG+',NYSE,42.53674458,55.25,0,0,El Paso Energy Corp Pf,0,0,0
19990513,11809,EPG+',NYSE,42.53674458,55.25,0,0,El Paso Energy Corp Pf,0,0,0
19990514,11809,EPG+',NYSE,42.53674458,55.25,0,0,El Paso Energy Corp Pf,0,0,0
19990517,11809,EPG+',NYSE,42.53674458,55.25,0,0,El Paso Energy Corp Pf,0,0,0
19990518,11809,EPG+',NYSE,42.40441873,55.078125,195,0,El Paso Energy Corp Pf,0,0,0
19990519,11809,EPG+',NYSE,42.40441873,55.078125,0,0,El Paso Energy Corp Pf,0,0,0
19990520,11809,EPG+',NYSE,42.40441873,55.078125,0,0,El Paso Energy Corp Pf,0,0,0
19990521,11809,EPG+',NYSE,42.40441873,55.078125,0,0,El Paso Energy Corp Pf,0,0,0
19990524,11809,EPG+',NYSE,42.40441873,55.078125,0,0,El Paso Energy Corp Pf,0,0,0
19990525,11809,EPG+',NYSE,42.40441873,55.078125,0,0,El Paso Energy Corp Pf,0,0,0
19990526,11809,EPG+',NYSE,42.40441873,55.078125,0,0,El Paso Energy Corp Pf,0,0,0
19990527,11809,EPG+',NYSE,42.40441873,55.078125,0,0,El Paso Energy Corp Pf,0,0,0
19990528,11809,EPG+',NYSE,42.40441873,55.078125,0,0,El Paso Energy Corp Pf,0,0,0
19990601,11809,EPG+',NYSE,42.40441873,55.078125,0,0,El Paso Energy Corp Pf,0,0,0
19990602,11809,EPG+',NYSE,42.40441873,55.078125,0,0,El Paso Energy Corp Pf,0,0,0
19990603,11809,EPG+',NYSE,42.40441873,55.078125,0,0,El Paso Energy Corp Pf,0,0,0
19990604,11809,EPG+',NYSE,42.40441873,55.078125,0,0,El Paso Energy Corp Pf,0,0,0
19990607,11809,EPG+',NYSE,42.40441873,55.078125,0,0,El Paso Energy Corp Pf,0,0,0
19990608,11809,EPG+',NYSE,42.40441873,55.078125,0,0,El Paso Energy Corp Pf,0,0,0
19990609,11809,EPG+',NYSE,42.40441873,55.078125,0,0,El Paso Energy Corp Pf,0,0,0
19990610,11809,EPG+',NYSE,42.40441873,55.078125,0,0,El Paso Energy Corp Pf,0,0,0
19990611,11809,EPG+',NYSE,42.40441873,55.078125,0,0,El Paso Energy Corp Pf,0,0,0
19990614,11809,EPG+',NYSE,43.1536245,55,4,0,El Paso Energy Corp Pf,0,0,0
19990615,11809,EPG+',NYSE,43.1536245,55,0,0,El Paso Energy Corp Pf,0,0,0
19990616,11809,EPG+',NYSE,42.76131882,54.5,64,0,El Paso Energy Corp Pf,0,0,0
19990617,11809,EPG+',NYSE,42.95747166,54.75,4,0,El Paso Energy Corp Pf,0,0,0
19990618,11809,EPG+',NYSE,42.95747166,54.75,0,0,El Paso Energy Corp Pf,0,0,0
19990621,11809,EPG+',NYSE,42.95747166,54.75,0,0,El Paso Energy Corp Pf,0,0,0
19990622,11809,EPG+',NYSE,42.95747166,54.75,0,0,El Paso Energy Corp Pf,0,0,0
19990623,11809,EPG+',NYSE,42.95747166,54.75,0,0,El Paso Energy Corp Pf,0,0,0
19990624,11809,EPG+',NYSE,42.95747166,54.75,0,0,El Paso Energy Corp Pf,0,0,0
19990625,11809,EPG+',NYSE,42.95747166,54.75,0,0,El Paso Energy Corp Pf,0,0,0
19990628,11809,EPG+',NYSE,42.95747166,54.75,0,0,El Paso Energy Corp Pf,0,0,0
19990629,11809,EPG+',NYSE,42.76131882,54.5,382,0,El Paso Energy Corp Pf,0,0,0
19990630,11809,EPG+',NYSE,42.76131882,54.5,0,0,El Paso Energy Corp Pf,0,0,0
19990701,11809,EPG+',NYSE,42.76131882,54.5,0,0,El Paso Energy Corp Pf,0,0,0
19990702,11809,EPG+',NYSE,42.76131882,54.5,0,0,El Paso Energy Corp Pf,0,0,0
19990706,11809,EPG+',NYSE,42.76131882,54.5,0,0,El Paso Energy Corp Pf,0,0,0
19990707,11809,EPG+',NYSE,42.76131882,54.5,0,0,El Paso Energy Corp Pf,0,0,0
19990708,11809,EPG+',NYSE,42.76131882,54.5,0,0,El Paso Energy Corp Pf,0,0,0
19990709,11809,EPG+',NYSE,43.05554808,54.875,3,0,El Paso Energy Corp Pf,0,0,0
19990712,11809,EPG+',NYSE,43.05554808,54.875,0,0,El Paso Energy Corp Pf,0,0,0
19990713,11809,EPG+',NYSE,43.05554808,54.875,0,0,El Paso Energy Corp Pf,0,0,0
19990714,11809,EPG+',NYSE,43.05554808,54.875,0,0,El Paso Energy Corp Pf,0,0,0
19990715,11809,EPG+',NYSE,43.05554808,54.875,0,0,El Paso Energy Corp Pf,0,0,0
19990716,11809,EPG+',NYSE,43.05554808,54.875,0,0,El Paso Energy Corp Pf,0,0,0
19990719,11809,EPG+',NYSE,43.05554808,54.875,0,0,El Paso Energy Corp Pf,0,0,0
19990720,11809,EPG+',NYSE,43.05554808,54.875,0,0,El Paso Energy Corp Pf,0,0,0
19990721,11809,EPG+',NYSE,43.05554808,54.875,0,0,El Paso Energy Corp Pf,0,0,0
19990722,11809,EPG+',NYSE,43.05554808,54.875,0,0,El Paso Energy Corp Pf,0,0,0
19990723,11809,EPG+',NYSE,43.05554808,54.875,0,0,El Paso Energy Corp Pf,0,0,0
19990726,11809,EPG+',NYSE,43.05554808,54.875,0,0,El Paso Energy Corp Pf,0,0,0
19990727,11809,EPG+',NYSE,43.05554808,54.875,0,0,El Paso Energy Corp Pf,0,0,0
19990728,11809,EPG+',NYSE,43.05554808,54.875,0,0,El Paso Energy Corp Pf,0,0,0
19990729,11809,EPG+',NYSE,43.05554808,54.875,0,0,El Paso Energy Corp Pf,0,0,0
19990730,11809,EPG+',NYSE,43.05554808,54.875,0,0,El Paso Energy Corp Pf,0,0,0
19990802,11809,EPG+',NYSE,43.05554808,54.875,0,0,El Paso Energy Corp Pf,0,0,0
19990803,11809,EPG+',NYSE,43.05554808,54.875,0,0,El Paso Energy Corp Pf,0,0,0
19990804,11809,EPG+',NYSE,42.6632424,54.375,25,0,El Paso Energy Corp Pf,0,0,0
19990805,11809,EPG+',NYSE,42.27093672,53.875,13,0,El Paso Energy Corp Pf,0,0,0
19990806,11809,EPG+',NYSE,41.87863105,53.375,25,0,El Paso Energy Corp Pf,0,0,0
19990809,11809,EPG+',NYSE,42.07478388,53.625,1,0,El Paso Energy Corp Pf,0,0,0
19990810,11809,EPG+',NYSE,42.07478388,53.625,0,0,El Paso Energy Corp Pf,0,0,0
19990811,11809,EPG+',NYSE,42.07478388,53.625,1,0,El Paso Energy Corp Pf,0,0,0
19990812,11809,EPG+',NYSE,42.07478388,53.625,0,0,El Paso Energy Corp Pf,0,0,0
19990813,11809,EPG+',NYSE,42.07478388,53.625,0,0,El Paso Energy Corp Pf,0,0,0
19990816,11809,EPG+',NYSE,42.07478388,53.625,0,0,El Paso Energy Corp Pf,0,0,0
19990817,11809,EPG+',NYSE,41.78055463,53.25,13,0,El Paso Energy Corp Pf,0,0,0
19990818,11809,EPG+',NYSE,41.78055463,53.25,0,0,El Paso Energy Corp Pf,0,0,0
19990819,11809,EPG+',NYSE,41.78055463,53.25,0,0,El Paso Energy Corp Pf,0,0,0
19990820,11809,EPG+',NYSE,41.97670746,53.5,13,0,El Paso Energy Corp Pf,0,0,0
19990823,11809,EPG+',NYSE,42.1728603,53.75,6,0,El Paso Energy Corp Pf,0,0,0
19990824,11809,EPG+',NYSE,42.1728603,53.75,0,0,El Paso Energy Corp Pf,0,0,0
19990825,11809,EPG+',NYSE,42.1728603,53.75,0,0,El Paso Energy Corp Pf,0,0,0
19990826,11809,EPG+',NYSE,42.36901314,54,6,0,El Paso Energy Corp Pf,0,0,0
19990827,11809,EPG+',NYSE,42.36901314,54,0,0,El Paso Energy Corp Pf,0,0,0
19990830,11809,EPG+',NYSE,42.56516598,54.25,3,0,El Paso Energy Corp Pf,0,0,0
19990831,11809,EPG+',NYSE,42.56516598,54.25,0,0,El Paso Energy Corp Pf,0,0,0
19990901,11809,EPG+',NYSE,42.56516598,54.25,0,0,El Paso Energy Corp Pf,0,0,0
19990902,11809,EPG+',NYSE,42.76131882,54.5,1,0,El Paso Energy Corp Pf,0,0,0
19990903,11809,EPG+',NYSE,42.76131882,54.5,1,0,El Paso Energy Corp Pf,0,0,0
19990907,11809,EPG+',NYSE,42.76131882,54.5,50,0,El Paso Energy Corp Pf,0,0,0
19990908,11809,EPG+',NYSE,42.76131882,54.5,0,0,El Paso Energy Corp Pf,0,0,0
19990909,11809,EPG+',NYSE,42.76131882,54.5,0,0,El Paso Energy Corp Pf,0,0,0
19990910,11809,EPG+',NYSE,42.76131882,54.5,0,0,El Paso Energy Corp Pf,0,0,0
19990913,11809,EPG+',NYSE,42.76131882,54.5,0,0,El Paso Energy Corp Pf,0,0,0
19990914,11809,EPG+',NYSE,42.736127,53.4375,0,0,El Paso Energy Corp Pf,0,0,0
19990915,11809,EPG+',NYSE,42.736127,53.4375,0,0,El Paso Energy Corp Pf,0,0,0
19990916,11809,EPG+',NYSE,42.736127,53.4375,0,0,El Paso Energy Corp Pf,0,0,0
19990917,11809,EPG+',NYSE,42.736127,53.4375,1,0,El Paso Energy Corp Pf,0,0,0
19990920,11809,EPG+',NYSE,42.736127,53.4375,0,0,El Paso Energy Corp Pf,0,0,0
19990921,11809,EPG+',NYSE,42.736127,53.4375,0,0,El Paso Energy Corp Pf,0,0,0
19990922,11809,EPG+',NYSE,42.68614322,53.375,6,0,El Paso Energy Corp Pf,0,0,0
19990923,11809,EPG+',NYSE,42.68614322,53.375,0,0,El Paso Energy Corp Pf,0,0,0
19990924,11809,EPG+',NYSE,42.68614322,53.375,0,0,El Paso Energy Corp Pf,0,0,0
19990927,11809,EPG+',NYSE,42.58617567,53.25,1,0,El Paso Energy Corp Pf,0,0,0
19990928,11809,EPG+',NYSE,42.58617567,53.25,0,0,El Paso Energy Corp Pf,0,0,0
19990929,11809,EPG+',NYSE,42.58617567,53.25,0,0,El Paso Energy Corp Pf,0,0,0
19990930,11809,EPG+',NYSE,42.58617567,53.25,0,0,El Paso Energy Corp Pf,0,0,0
19991001,11809,EPG+',NYSE,42.58617567,53.25,0,0,El Paso Energy Corp Pf,0,0,0
19991004,11809,EPG+',NYSE,42.58617567,53.25,0,0,El Paso Energy Corp Pf,0,0,0
19991005,11809,EPG+',NYSE,42.58617567,53.25,20,0,El Paso Energy Corp Pf,0,0,0
19991006,11809,EPG+',NYSE,42.58617567,53.25,3,0,El Paso Energy Corp Pf,0,0,0
19991007,11809,EPG+',NYSE,42.28627303,52.875,13,0,El Paso Energy Corp Pf,0,0,0
19991008,11809,EPG+',NYSE,42.48620813,53.125,1,0,El Paso Energy Corp Pf,0,0,0
19991011,11809,EPG+',NYSE,42.48620813,53.125,0,0,El Paso Energy Corp Pf,0,0,0
19991012,11809,EPG+',NYSE,42.58617567,53.25,1,0,El Paso Energy Corp Pf,0,0,0
19991013,11809,EPG+',NYSE,42.58617567,53.25,0,0,El Paso Energy Corp Pf,0,0,0
19991014,11809,EPG+',NYSE,42.58617567,53.25,0,0,El Paso Energy Corp Pf,0,0,0
19991015,11809,EPG+',NYSE,42.58617567,53.25,14,0,El Paso Energy Corp Pf,0,0,0
19991018,11809,EPG+',NYSE,42.58617567,53.25,0,0,El Paso Energy Corp Pf,0,0,0
19991019,11809,EPG+',NYSE,42.58617567,53.25,0,0,El Paso Energy Corp Pf,0,0,0
19991020,11809,EPG+',NYSE,42.58617567,53.25,0,0,El Paso Energy Corp Pf,0,0,0
19991021,11809,EPG+',NYSE,42.58617567,53.25,0,0,El Paso Energy Corp Pf,0,0,0
19991022,11809,EPG+',NYSE,42.58617567,53.25,0,0,El Paso Energy Corp Pf,0,0,0
19991025,11809,EPG+',NYSE,42.58617567,53.25,8,0,El Paso Energy Corp Pf,0,0,0
19991026,11809,EPG+',NYSE,42.38624058,53,23,0,El Paso Energy Corp Pf,0,0,0
19991027,11809,EPG+',NYSE,42.78611077,53.5,1,0,El Paso Energy Corp Pf,0,0,0
19991028,11809,EPG+',NYSE,42.78611077,53.5,0,0,El Paso Energy Corp Pf,0,0,0
19991029,11809,EPG+',NYSE,42.78611077,53.5,0,0,El Paso Energy Corp Pf,0,0,0
19991101,11809,EPG+',NYSE,42.78611077,53.5,0,0,El Paso Energy Corp Pf,0,0,0
19991102,11809,EPG+',NYSE,42.78611077,53.5,0,0,El Paso Energy Corp Pf,0,0,0
19991103,11809,EPG+',NYSE,42.78611077,53.5,0,0,El Paso Energy Corp Pf,0,0,0
19991104,11809,EPG+',NYSE,42.78611077,53.5,0,0,El Paso Energy Corp Pf,0,0,0
19991105,11809,EPG+',NYSE,42.78611077,53.5,0,0,El Paso Energy Corp Pf,0,0,0
19991108,11809,EPG+',NYSE,42.78611077,53.5,0,0,El Paso Energy Corp Pf,0,0,0
19991109,11809,EPG+',NYSE,42.78611077,53.5,0,0,El Paso Energy Corp Pf,0,0,0
19991110,11809,EPG+',NYSE,42.78611077,53.5,0,0,El Paso Energy Corp Pf,0,0,0
19991111,11809,EPG+',NYSE,42.78611077,53.5,0,0,El Paso Energy Corp Pf,0,0,0
19991112,11809,EPG+',NYSE,42.78611077,53.5,0,0,El Paso Energy Corp Pf,0,0,0
19991115,11809,EPG+',NYSE,42.78611077,53.5,0,0,El Paso Energy Corp Pf,0,0,0
19991116,11809,EPG+',NYSE,42.78611077,53.5,0,0,El Paso Energy Corp Pf,0,0,0
19991117,11809,EPG+',NYSE,42.78611077,53.5,0,0,El Paso Energy Corp Pf,0,0,0
19991118,11809,EPG+',NYSE,41.98637038,52.5,1,0,El Paso Energy Corp Pf,0,0,0
19991119,11809,EPG+',NYSE,41.98637038,52.5,0,0,El Paso Energy Corp Pf,0,0,0
19991122,11809,EPG+',NYSE,41.98637038,52.5,0,0,El Paso Energy Corp Pf,0,0,0
19991123,11809,EPG+',NYSE,41.98637038,52.5,0,0,El Paso Energy Corp Pf,0,0,0
19991124,11809,EPG+',NYSE,41.98637038,52.5,0,0,El Paso Energy Corp Pf,0,0,0
19991126,11809,EPG+',NYSE,41.98637038,52.5,0,0,El Paso Energy Corp Pf,0,0,0
19991129,11809,EPG+',NYSE,41.58650019,52,1532,0,El Paso Energy Corp Pf,0,0,0
19991130,11809,EPG+',NYSE,42.18630548,52.75,86,0,El Paso Energy Corp Pf,0,0,0
19991201,11809,EPG+',NYSE,42.18630548,52.75,0,0,El Paso Energy Corp Pf,0,0,0
19991202,11809,EPG+',NYSE,42.18630548,52.75,0,0,El Paso Energy Corp Pf,0,0,0
19991203,11809,EPG+',NYSE,42.18630548,52.75,0,0,El Paso Energy Corp Pf,0,0,0
19991206,11809,EPG+',NYSE,42.18630548,52.75,0,0,El Paso Energy Corp Pf,0,0,0
19991207,11809,EPG+',NYSE,42.18630548,52.75,0,0,El Paso Energy Corp Pf,0,0,0
19991208,11809,EPG+',NYSE,42.18630548,52.75,0,0,El Paso Energy Corp Pf,0,0,0
19991209,11809,EPG+',NYSE,42.38624058,53,3,0,El Paso Energy Corp Pf,0,0,0
19991210,11809,EPG+',NYSE,42.58617567,53.25,3,0,El Paso Energy Corp Pf,0,0,0
19991213,11809,EPG+',NYSE,42.58617567,53.25,0,0,El Paso Energy Corp Pf,0,0,0
19991214,11809,EPG+',NYSE,42.56048647,52.1875,0,0,El Paso Energy Corp Pf,0,0,0
19991215,11809,EPG+',NYSE,42.56048647,52.1875,0,0,El Paso Energy Corp Pf,0,0,0
19991216,11809,EPG+',NYSE,42.56048647,52.1875,0,0,El Paso Energy Corp Pf,0,0,0
19991217,11809,EPG+',NYSE,42.91728097,52.625,246,0,El Paso Energy Corp Pf,0,0,0
19991220,11809,EPG+',NYSE,42.30563326,51.875,1,0,El Paso Energy Corp Pf,0,0,0
19991221,11809,EPG+',NYSE,42.30563326,51.875,0,0,El Paso Energy Corp Pf,0,0,0
19991222,11809,EPG+',NYSE,42.30563326,51.875,0,0,El Paso Energy Corp Pf,0,0,0
19991223,11809,EPG+',NYSE,41.59204426,51,25,0,El Paso Energy Corp Pf,0,0,0
19991227,11809,EPG+',NYSE,41.59204426,51,0,0,El Paso Energy Corp Pf,0,0,0
19991228,11809,EPG+',NYSE,41.54107362,50.9375,74,0,El Paso Energy Corp Pf,0,0,0
19991229,11809,EPG+',NYSE,42.08900803,51.609375,489,0,El Paso Energy Corp Pf,0,0,0
19991230,11809,EPG+',NYSE,42.40757454,52,6,0,El Paso Energy Corp Pf,0,0,0
19991231,11809,EPG+',NYSE,42.81533968,52.5,12,0,El Paso Energy Corp Pf,0,0,0
20000103,11809,EPG+',NYSE,41.9998094,51.5,25,0,El Paso Energy Corp Pf,0,0,0
20000104,11809,EPG+',NYSE,41.9998094,51.5,0,0,El Paso Energy Corp Pf,0,0,0
20000105,11809,EPG+',NYSE,41.9998094,51.5,0,0,El Paso Energy Corp Pf,0,0,0
20000106,11809,EPG+',NYSE,41.9998094,51.5,0,0,El Paso Energy Corp Pf,0,0,0
20000107,11809,EPG+',NYSE,41.9998094,51.5,0,0,El Paso Energy Corp Pf,0,0,0
20000110,11809,EPG+',NYSE,41.9998094,51.5,0,0,El Paso Energy Corp Pf,0,0,0
20000111,11809,EPG+',NYSE,42.20369197,51.75,99,0,El Paso Energy Corp Pf,0,0,0
20000112,11809,EPG+',NYSE,41.89786812,51.375,233,0,El Paso Energy Corp Pf,0,0,0
20000113,11809,EPG+',NYSE,41.89786812,51.375,0,0,El Paso Energy Corp Pf,0,0,0
20000114,11809,EPG+',NYSE,41.89786812,51.375,0,0,El Paso Energy Corp Pf,0,0,0
20000118,11809,EPG+',NYSE,41.89786812,51.375,0,0,El Paso Energy Corp Pf,0,0,0
20000119,11809,EPG+',NYSE,41.79592683,51.25,7,0,El Paso Energy Corp Pf,0,0,0
20000120,11809,EPG+',NYSE,41.9998094,51.5,4,0,El Paso Energy Corp Pf,0,0,0
20000121,11809,EPG+',NYSE,42.20369197,51.75,2,0,El Paso Energy Corp Pf,0,0,0
20000124,11809,EPG+',NYSE,42.30563326,51.875,2,0,El Paso Energy Corp Pf,0,0,0
20000125,11809,EPG+',NYSE,42.30563326,51.875,0,0,El Paso Energy Corp Pf,0,0,0
20000126,11809,EPG+',NYSE,42.30563326,51.875,1,0,El Paso Energy Corp Pf,0,0,0
20000127,11809,EPG+',NYSE,42.30563326,51.875,5,0,El Paso Energy Corp Pf,0,0,0
20000128,11809,EPG+',NYSE,42.40757454,52,15,0,El Paso Energy Corp Pf,0,0,0
20000131,11809,EPG+',NYSE,42.81533968,52.5,5,0,El Paso Energy Corp Pf,0,0,0
20000201,11809,EPG+',NYSE,42.81533968,52.5,0,0,El Paso Energy Corp Pf,0,0,0
20000202,11809,EPG+',NYSE,42.81533968,52.5,0,0,El Paso Energy Corp Pf,0,0,0
20000203,11809,EPG+',NYSE,42.81533968,52.5,0,0,El Paso Energy Corp Pf,0,0,0
20000204,11809,EPG+',NYSE,42.81533968,52.5,0,0,El Paso Energy Corp Pf,0,0,0
20000207,11809,EPG+',NYSE,42.40757454,52,6,0,El Paso Energy Corp Pf,0,0,0
20000208,11809,EPG+',NYSE,42.40757454,52,0,0,El Paso Energy Corp Pf,0,0,0
20000209,11809,EPG+',NYSE,42.40757454,52,0,0,El Paso Energy Corp Pf,0,0,0
20000210,11809,EPG+',NYSE,42.40757454,52,0,0,El Paso Energy Corp Pf,0,0,0
20000211,11809,EPG+',NYSE,42.40757454,52,0,0,El Paso Energy Corp Pf,0,0,0
20000214,11809,EPG+',NYSE,42.61145711,52.25,2,0,El Paso Energy Corp Pf,0,0,0
20000215,11809,EPG+',NYSE,42.81533968,52.5,6,0,El Paso Energy Corp Pf,0,0,0
20000216,11809,EPG+',NYSE,42.81533968,52.5,0,0,El Paso Energy Corp Pf,0,0,0
20000217,11809,EPG+',NYSE,42.81533968,52.5,0,0,El Paso Energy Corp Pf,0,0,0
20000218,11809,EPG+',NYSE,42.81533968,52.5,0,0,El Paso Energy Corp Pf,0,0,0
20000222,11809,EPG+',NYSE,42.81533968,52.5,0,0,El Paso Energy Corp Pf,0,0,0
20000223,11809,EPG+',NYSE,42.81533968,52.5,0,0,El Paso Energy Corp Pf,0,0,0
20000224,11809,EPG+',NYSE,42.81533968,52.5,0,0,El Paso Energy Corp Pf,0,0,0
20000225,11809,EPG+',NYSE,43.01922225,52.75,6,0,El Paso Energy Corp Pf,0,0,0
20000228,11809,EPG+',NYSE,43.01922225,52.75,0,0,El Paso Energy Corp Pf,0,0,0
20000229,11809,EPG+',NYSE,43.01922225,52.75,0,0,El Paso Energy Corp Pf,0,0,0
20000301,11809,EPG+',NYSE,43.01922225,52.75,0,0,El Paso Energy Corp Pf,0,0,0
20000302,11809,EPG+',NYSE,43.01922225,52.75,0,0,El Paso Energy Corp Pf,0,0,0
20000303,11809,EPG+',NYSE,43.01922225,52.75,0,0,El Paso Energy Corp Pf,0,0,0
20000306,11809,EPG+',NYSE,43.01922225,52.75,0,0,El Paso Energy Corp Pf,0,0,0
20000307,11809,EPG+',NYSE,43.22310482,53,2,0,El Paso Energy Corp Pf,0,0,0
20000308,11809,EPG+',NYSE,43.22310482,53,0,0,El Paso Energy Corp Pf,0,0,0
20000309,11809,EPG+',NYSE,43.22310482,53,0,0,El Paso Energy Corp Pf,0,0,0
20000310,11809,EPG+',NYSE,43.22310482,53,0,0,El Paso Energy Corp Pf,0,0,0
20000313,11809,EPG+',NYSE,43.22310482,53,0,0,El Paso Energy Corp Pf,0,0,0
20000314,11809,EPG+',NYSE,42.7133984,52.375,1349,0,El Paso Energy Corp Pf,0,0,0
20000315,11809,EPG+',NYSE,42.79284855,51.4375,12,0,El Paso Energy Corp Pf,0,0,0
20000316,11809,EPG+',NYSE,42.42887535,51,12,0,El Paso Energy Corp Pf,0,0,0
20000317,11809,EPG+',NYSE,43.11782461,51.828125,29,0,El Paso Energy Corp Pf,0,0,0
20000320,11809,EPG+',NYSE,43.20881791,51.9375,1,0,El Paso Energy Corp Pf,0,0,0
20000321,11809,EPG+',NYSE,43.20881791,51.9375,0,0,El Paso Energy Corp Pf,0,0,0
20000322,11809,EPG+',NYSE,43.20881791,51.9375,0,0,El Paso Energy Corp Pf,0,0,0
20000323,11809,EPG+',NYSE,43.20881791,51.9375,0,0,El Paso Energy Corp Pf,0,0,0
20000324,11809,EPG+',NYSE,43.20881791,51.9375,0,0,El Paso Energy Corp Pf,0,0,0
20000327,11809,EPG+',NYSE,43.20881791,51.9375,0,0,El Paso Energy Corp Pf,0,0,0
20000328,11809,EPG+',NYSE,43.20881791,51.9375,0,0,El Paso Energy Corp Pf,0,0,0
20000329,11809,EPG+',NYSE,43.20881791,51.9375,0,0,El Paso Energy Corp Pf,0,0,0
20000330,11809,EPG+',NYSE,43.20881791,51.9375,0,0,El Paso Energy Corp Pf,0,0,0
20000331,11809,EPG+',NYSE,43.20881791,51.9375,0,0,El Paso Energy Corp Pf,0,0,0
20000403,11809,EPG+',NYSE,43.20881791,51.9375,0,0,El Paso Energy Corp Pf,0,0,0
20000404,11809,EPG+',NYSE,43.20881791,51.9375,0,0,El Paso Energy Corp Pf,0,0,0
20000405,11809,EPG+',NYSE,43.20881791,51.9375,0,0,El Paso Energy Corp Pf,0,0,0
20000406,11809,EPG+',NYSE,43.20881791,51.9375,0,0,El Paso Energy Corp Pf,0,0,0
20000407,11809,EPG+',NYSE,43.20881791,51.9375,0,0,El Paso Energy Corp Pf,0,0,0
20000410,11809,EPG+',NYSE,43.20881791,51.9375,0,0,El Paso Energy Corp Pf,0,0,0
20000411,11809,EPG+',NYSE,43.20881791,51.9375,0,0,El Paso Energy Corp Pf,0,0,0
20000412,11809,EPG+',NYSE,42.94883706,51.625,17,0,El Paso Energy Corp Pf,0,0,0
20000413,11809,EPG+',NYSE,42.94883706,51.625,5,0,El Paso Energy Corp Pf,0,0,0
20000414,11809,EPG+',NYSE,42.94883706,51.625,0,0,El Paso Energy Corp Pf,0,0,0
20000417,11809,EPG+',NYSE,42.94883706,51.625,0,0,El Paso Energy Corp Pf,0,0,0
20000418,11809,EPG+',NYSE,42.94883706,51.625,0,0,El Paso Energy Corp Pf,0,0,0
20000419,11809,EPG+',NYSE,42.94883706,51.625,0,0,El Paso Energy Corp Pf,0,0,0
20000420,11809,EPG+',NYSE,42.94883706,51.625,0,0,El Paso Energy Corp Pf,0,0,0
20000424,11809,EPG+',NYSE,42.94883706,51.625,0,0,El Paso Energy Corp Pf,0,0,0
20000425,11809,EPG+',NYSE,43.88476813,52.75,7,0,El Paso Energy Corp Pf,0,0,0
20000426,11809,EPG+',NYSE,43.88476813,52.75,0,0,El Paso Energy Corp Pf,0,0,0
20000427,11809,EPG+',NYSE,43.88476813,52.75,0,0,El Paso Energy Corp Pf,0,0,0
20000428,11809,EPG+',NYSE,43.88476813,52.75,0,0,El Paso Energy Corp Pf,0,0,0
20000501,11809,EPG+',NYSE,43.46879877,52.25,5,0,El Paso Energy Corp Pf,0,0,0
20000502,11809,EPG+',NYSE,43.46879877,52.25,0,0,El Paso Energy Corp Pf,0,0,0
20000503,11809,EPG+',NYSE,43.46879877,52.25,0,0,El Paso Energy Corp Pf,0,0,0
20000504,11809,EPG+',NYSE,43.46879877,52.25,0,0,El Paso Energy Corp Pf,0,0,0
20000505,11809,EPG+',NYSE,43.46879877,52.25,0,0,El Paso Energy Corp Pf,0,0,0
20000508,11809,EPG+',NYSE,43.46879877,52.25,0,0,El Paso Energy Corp Pf,0,0,0
20000509,11809,EPG+',NYSE,43.46879877,52.25,0,0,El Paso Energy Corp Pf,0,0,0
20000510,11809,EPG+',NYSE,43.46879877,52.25,0,0,El Paso Energy Corp Pf,0,0,0
20000511,11809,EPG+',NYSE,43.46879877,52.25,0,0,El Paso Energy Corp Pf,0,0,0
20000512,11809,EPG+',NYSE,43.67678345,52.5,1,0,El Paso Energy Corp Pf,0,0,0
20000515,11809,EPG+',NYSE,43.67678345,52.5,0,0,El Paso Energy Corp Pf,0,0,0
20000516,11809,EPG+',NYSE,43.67678345,52.5,0,0,El Paso Energy Corp Pf,0,0,0
20000517,11809,EPG+',NYSE,43.67678345,52.5,0,0,El Paso Energy Corp Pf,0,0,0
20000518,11809,EPG+',NYSE,43.67678345,52.5,0,0,El Paso Energy Corp Pf,0,0,0
20000519,11809,EPG+',NYSE,43.67678345,52.5,0,0,El Paso Energy Corp Pf,0,0,0
20000522,11809,EPG+',NYSE,42.42887535,51,30,0,El Paso Energy Corp Pf,0,0,0
20000523,11809,EPG+',NYSE,42.42887535,51,0,0,El Paso Energy Corp Pf,0,0,0
20000524,11809,EPG+',NYSE,42.42887535,51,0,0,El Paso Energy Corp Pf,0,0,0
20000525,11809,EPG+',NYSE,42.42887535,51,0,0,El Paso Energy Corp Pf,0,0,0
20000526,11809,EPG+',NYSE,42.42887535,51,0,0,El Paso Energy Corp Pf,0,0,0
20000530,11809,EPG+',NYSE,42.63686003,51.25,47,0,El Paso Energy Corp Pf,0,0,0
20000531,11809,EPG+',NYSE,43.26081408,52,6,0,El Paso Energy Corp Pf,0,0,0
20000601,11809,EPG+',NYSE,43.26081408,52,0,0,El Paso Energy Corp Pf,0,0,0
20000602,11809,EPG+',NYSE,43.26081408,52,0,0,El Paso Energy Corp Pf,0,0,0
20000605,11809,EPG+',NYSE,43.26081408,52,0,0,El Paso Energy Corp Pf,0,0,0
20000606,11809,EPG+',NYSE,43.26081408,52,0,0,El Paso Energy Corp Pf,0,0,0
20000607,11809,EPG+',NYSE,43.26081408,52,0,0,El Paso Energy Corp Pf,0,0,0
20000608,11809,EPG+',NYSE,42.63686003,51.25,7,0,El Paso Energy Corp Pf,0,0,0
20000609,11809,EPG+',NYSE,42.63686003,51.25,0,0,El Paso Energy Corp Pf,0,0,0
20000612,11809,EPG+',NYSE,42.63686003,51.25,0,0,El Paso Energy Corp Pf,0,0,0
20000613,11809,EPG+',NYSE,42.63686003,51.25,0,0,El Paso Energy Corp Pf,0,0,0
20000614,11809,EPG+',NYSE,42.61011595,50.1875,0,0,El Paso Energy Corp Pf,0,0,0
20000615,11809,EPG+',NYSE,42.61011595,50.1875,0,0,El Paso Energy Corp Pf,0,0,0
20000616,11809,EPG+',NYSE,42.61011595,50.1875,0,0,El Paso Energy Corp Pf,0,0,0
20000619,11809,EPG+',NYSE,42.61011595,50.1875,0,0,El Paso Energy Corp Pf,0,0,0
20000620,11809,EPG+',NYSE,42.61011595,50.1875,0,0,El Paso Energy Corp Pf,0,0,0
20000621,11809,EPG+',NYSE,42.61011595,50.1875,0,0,El Paso Energy Corp Pf,0,0,0
20000622,11809,EPG+',NYSE,42.61011595,50.1875,0,0,El Paso Energy Corp Pf,0,0,0
20000623,11809,EPG+',NYSE,42.82237058,50.4375,2,0,El Paso Energy Corp Pf,0,0,0
20000626,11809,EPG+',NYSE,42.82237058,50.4375,0,0,El Paso Energy Corp Pf,0,0,0
20000627,11809,EPG+',NYSE,42.82237058,50.4375,0,0,El Paso Energy Corp Pf,0,0,0
20000628,11809,EPG+',NYSE,42.82237058,50.4375,0,0,El Paso Energy Corp Pf,0,0,0
20000629,11809,EPG+',NYSE,42.45092498,50,11,0,El Paso Energy Corp Pf,0,0,0
20000630,11809,EPG+',NYSE,43.29994348,51,6,0,El Paso Energy Corp Pf,0,0,0
20000703,11809,EPG+',NYSE,43.29994348,51,0,0,El Paso Energy Corp Pf,0,0,0
20000705,11809,EPG+',NYSE,43.29994348,51,0,0,El Paso Energy Corp Pf,0,0,0
20000706,11809,EPG+',NYSE,43.29994348,51,0,0,El Paso Energy Corp Pf,0,0,0
20000707,11809,EPG+',NYSE,43.29994348,51,0,0,El Paso Energy Corp Pf,0,0,0
20000710,11809,EPG+',NYSE,43.29994348,51,0,0,El Paso Energy Corp Pf,0,0,0
20000711,11809,EPG+',NYSE,44.36121661,52.25,38,0,El Paso Energy Corp Pf,0,0,0
20000712,11809,EPG+',NYSE,43.72445273,51.5,4,0,El Paso Energy Corp Pf,0,0,0
20000713,11809,EPG+',NYSE,43.72445273,51.5,0,0,El Paso Energy Corp Pf,0,0,0
20000714,11809,EPG+',NYSE,43.72445273,51.5,0,0,El Paso Energy Corp Pf,0,0,0
20000717,11809,EPG+',NYSE,43.72445273,51.5,0,0,El Paso Energy Corp Pf,0,0,0
20000718,11809,EPG+',NYSE,43.72445273,51.5,0,0,El Paso Energy Corp Pf,0,0,0
20000719,11809,EPG+',NYSE,43.72445273,51.5,0,0,El Paso Energy Corp Pf,0,0,0
20000720,11809,EPG+',NYSE,43.72445273,51.5,0,0,El Paso Energy Corp Pf,0,0,0
20000721,11809,EPG+',NYSE,43.72445273,51.5,0,0,El Paso Energy Corp Pf,0,0,0
20000724,11809,EPG+',NYSE,43.72445273,51.5,0,0,El Paso Energy Corp Pf,0,0,0
20000725,11809,EPG+',NYSE,42.9417638,50.578125,1743,0,El Paso Energy Corp Pf,0,0,0
20000726,11809,EPG+',NYSE,42.5570523,50.125,7,0,El Paso Energy Corp Pf,0,0,0
20000727,11809,EPG+',NYSE,42.5570523,50.125,0,0,El Paso Energy Corp Pf,0,0,0
20000728,11809,EPG+',NYSE,42.5570523,50.125,0,0,El Paso Energy Corp Pf,0,0,0
20000731,11809,EPG+',NYSE,42.87543423,50.5,6,0,El Paso Energy Corp Pf,0,0,0
20000801,11809,EPG+',NYSE,42.87543423,50.5,0,0,El Paso Energy Corp Pf,0,0,0
20000802,11809,EPG+',NYSE,42.87543423,50.5,0,0,El Paso Energy Corp Pf,0,0,0
20000803,11809,EPG+',NYSE,42.87543423,50.5,0,0,El Paso Energy Corp Pf,0,0,0
20000804,11809,EPG+',NYSE,42.87543423,50.5,0,0,El Paso Energy Corp Pf,0,0,0
20000807,11809,EPG+',NYSE,42.87543423,50.5,0,0,El Paso Energy Corp Pf,0,0,0
20000808,11809,EPG+',NYSE,42.87543423,50.5,0,0,El Paso Energy Corp Pf,0,0,0
20000809,11809,EPG+',NYSE,42.87543423,50.5,0,0,El Paso Energy Corp Pf,0,0,0
20000810,11809,EPG+',NYSE,42.87543423,50.5,0,0,El Paso Energy Corp Pf,0,0,0
20000811,11809,EPG+',NYSE,43.08768886,50.75,4709,0,El Paso Energy Corp Pf,0,0,0
20000814,11809,EPG+',NYSE,43.29994348,51,2,0,El Paso Energy Corp Pf,0,0,0
20000815,11809,EPG+',NYSE,43.29994348,51,0,0,El Paso Energy Corp Pf,0,0,0
20000816,11809,EPG+',NYSE,43.29994348,51,0,0,El Paso Energy Corp Pf,0,0,0
20000817,11809,EPG+',NYSE,43.29994348,51,0,0,El Paso Energy Corp Pf,0,0,0
20000818,11809,EPG+',NYSE,43.29994348,51,0,0,El Paso Energy Corp Pf,0,0,0
20000821,11809,EPG+',NYSE,43.29994348,51,0,0,El Paso Energy Corp Pf,0,0,0
20000822,11809,EPG+',NYSE,43.29994348,51,0,0,El Paso Energy Corp Pf,0,0,0
20000823,11809,EPG+',NYSE,42.45092498,50,1,0,El Paso Energy Corp Pf,0,0,0
20000824,11809,EPG+',NYSE,42.45092498,50,0,0,El Paso Energy Corp Pf,0,0,0
20000825,11809,EPG+',NYSE,42.45092498,50,0,0,El Paso Energy Corp Pf,0,0,0
20000828,11809,EPG+',NYSE,42.45092498,50,0,0,El Paso Energy Corp Pf,0,0,0
20000829,11809,EPG+',NYSE,42.45092498,50,0,0,El Paso Energy Corp Pf,0,0,0
20000830,11809,EPG+',NYSE,43.72445273,51.5,9267,0,El Paso Energy Corp Pf,0,0,0
20000831,11809,EPG+',NYSE,42.87543423,50.5,2,0,El Paso Energy Corp Pf,0,0,0
20000901,11809,EPG+',NYSE,42.87543423,50.5,0,0,El Paso Energy Corp Pf,0,0,0
20000905,11809,EPG+',NYSE,42.71624326,50.3125,2,0,El Paso Energy Corp Pf,0,0,0
20000906,11809,EPG+',NYSE,43.24687983,50.9375,2,0,El Paso Energy Corp Pf,0,0,0
20000907,11809,EPG+',NYSE,43.24687983,50.9375,0,0,El Paso Energy Corp Pf,0,0,0
20000908,11809,EPG+',NYSE,43.24687983,50.9375,0,0,El Paso Energy Corp Pf,0,0,0
20000911,11809,EPG+',NYSE,43.24687983,50.9375,0,0,El Paso Energy Corp Pf,0,0,0
20000912,11809,EPG+',NYSE,43.33974122,51.046875,4417,0,El Paso Energy Corp Pf,0,0,0
20000913,11809,EPG+',NYSE,43.32598522,50,6,0,El Paso Energy Corp Pf,0,0,0
20000914,11809,EPG+',NYSE,43.32598522,50,0,0,El Paso Energy Corp Pf,0,0,0
20000915,11809,EPG+',NYSE,43.32598522,50,0,0,El Paso Energy Corp Pf,0,0,0
20000918,11809,EPG+',NYSE,43.32598522,50,0,0,El Paso Energy Corp Pf,0,0,0
20000919,11809,EPG+',NYSE,43.32598522,50,0,0,El Paso Energy Corp Pf,0,0,0
20000920,11809,EPG+',NYSE,43.32598522,50,0,0,El Paso Energy Corp Pf,0,0,0
20000921,11809,EPG+',NYSE,43.32598522,50,0,0,El Paso Energy Corp Pf,0,0,0
20000922,11809,EPG+',NYSE,43.32598522,50,0,0,El Paso Energy Corp Pf,0,0,0
20000925,11809,EPG+',NYSE,43.32598522,50,0,0,El Paso Energy Corp Pf,0,0,0
20000926,11809,EPG+',NYSE,43.32598522,50,0,0,El Paso Energy Corp Pf,0,0,0
20000927,11809,EPG+',NYSE,43.54261515,50.25,12,0,El Paso Energy Corp Pf,0,0,0
20000928,11809,EPG+',NYSE,43.54261515,50.25,0,0,El Paso Energy Corp Pf,0,0,0
20000929,11809,EPG+',NYSE,43.75924508,50.5,5,0,El Paso Energy Corp Pf,0,0,0
20001002,11809,EPG+',NYSE,43.75924508,50.5,0,0,El Paso Energy Corp Pf,0,0,0
20001003,11809,EPG+',NYSE,43.975875,50.75,2,0,El Paso Energy Corp Pf,0,0,0
20001004,11809,EPG+',NYSE,43.975875,50.75,0,0,El Paso Energy Corp Pf,0,0,0
20001005,11809,EPG+',NYSE,43.975875,50.75,0,0,El Paso Energy Corp Pf,0,0,0
20001006,11809,EPG+',NYSE,43.975875,50.75,0,0,El Paso Energy Corp Pf,0,0,0
20001009,11809,EPG+',NYSE,43.975875,50.75,0,0,El Paso Energy Corp Pf,0,0,0
20001010,11809,EPG+',NYSE,43.75924508,50.5,1,0,El Paso Energy Corp Pf,0,0,0
20001011,11809,EPG+',NYSE,43.75924508,50.5,0,0,El Paso Energy Corp Pf,0,0,0
20001012,11809,EPG+',NYSE,43.75924508,50.5,0,0,El Paso Energy Corp Pf,0,0,0
20001013,11809,EPG+',NYSE,43.75924508,50.5,0,0,El Paso Energy Corp Pf,0,0,0
20001016,11809,EPG+',NYSE,43.86756004,50.625,2,0,El Paso Energy Corp Pf,0,0,0
20001017,11809,EPG+',NYSE,43.86756004,50.625,0,0,El Paso Energy Corp Pf,0,0,0
20001018,11809,EPG+',NYSE,43.86756004,50.625,0,0,El Paso Energy Corp Pf,0,0,0
20001019,11809,EPG+',NYSE,43.86756004,50.625,0,0,El Paso Energy Corp Pf,0,0,0
20001020,11809,EPG+',NYSE,43.86756004,50.625,0,0,El Paso Energy Corp Pf,0,0,0
20001023,11809,EPG+',NYSE,43.65093011,50.375,7,0,El Paso Energy Corp Pf,0,0,0
20001024,11809,EPG+',NYSE,43.65093011,50.375,0,0,El Paso Energy Corp Pf,0,0,0
20001025,11809,EPG+',NYSE,44.19250493,51,5,0,El Paso Energy Corp Pf,0,0,0
20001026,11809,EPG+',NYSE,44.19250493,51,0,0,El Paso Energy Corp Pf,0,0,0
20001027,11809,EPG+',NYSE,44.19250493,51,0,0,El Paso Energy Corp Pf,0,0,0
20001030,11809,EPG+',NYSE,44.19250493,51,0,0,El Paso Energy Corp Pf,0,0,0
20001031,11809,EPG+',NYSE,44.19250493,51,0,0,El Paso Energy Corp Pf,0,0,0
20001101,11809,EPG+',NYSE,44.19250493,51,0,0,El Paso Energy Corp Pf,0,0,0
20001102,11809,EPG+',NYSE,43.975875,50.75,3,0,El Paso Energy Corp Pf,0,0,0
20001103,11809,EPG+',NYSE,43.975875,50.75,0,0,El Paso Energy Corp Pf,0,0,0
20001106,11809,EPG+',NYSE,43.975875,50.75,0,0,El Paso Energy Corp Pf,0,0,0
20001107,11809,EPG+',NYSE,43.975875,50.75,0,0,El Paso Energy Corp Pf,0,0,0
20001108,11809,EPG+',NYSE,43.975875,50.75,0,0,El Paso Energy Corp Pf,0,0,0
20001109,11809,EPG+',NYSE,43.75924508,50.5,12,0,El Paso Energy Corp Pf,0,0,0
20001110,11809,EPG+',NYSE,43.75924508,50.5,0,0,El Paso Energy Corp Pf,0,0,0
20001113,11809,EPG+',NYSE,43.75924508,50.5,0,0,El Paso Energy Corp Pf,0,0,0
20001114,11809,EPG+',NYSE,43.75924508,50.5,0,0,El Paso Energy Corp Pf,0,0,0
20001115,11809,EPG+',NYSE,43.75924508,50.5,0,0,El Paso Energy Corp Pf,0,0,0
20001116,11809,EPG+',NYSE,43.75924508,50.5,0,0,El Paso Energy Corp Pf,0,0,0
20001117,11809,EPG+',NYSE,43.75924508,50.5,0,0,El Paso Energy Corp Pf,0,0,0
20001120,11809,EPG+',NYSE,43.75924508,50.5,0,0,El Paso Energy Corp Pf,0,0,0
20001121,11809,EPG+',NYSE,43.75924508,50.5,0,0,El Paso Energy Corp Pf,0,0,0
20001122,11809,EPG+',NYSE,43.86756004,50.625,7,0,El Paso Energy Corp Pf,0,0,0
20001124,11809,EPG+',NYSE,43.86756004,50.625,0,0,El Paso Energy Corp Pf,0,0,0
20001127,11809,EPG+',NYSE,43.86756004,50.625,0,0,El Paso Energy Corp Pf,0,0,0
20001128,11809,EPG+',NYSE,43.86756004,50.625,5,0,El Paso Energy Corp Pf,0,0,0
20001129,11809,EPG+',NYSE,43.86756004,50.625,0,0,El Paso Energy Corp Pf,0,0,0
20001130,11809,EPG+',NYSE,44.19250493,51,1,0,El Paso Energy Corp Pf,0,0,0
20001201,11809,EPG+',NYSE,44.19250493,51,0,0,El Paso Energy Corp Pf,0,0,0
20001204,11809,EPG+',NYSE,44.19250493,51,0,0,El Paso Energy Corp Pf,0,0,0
20001205,11809,EPG+',NYSE,44.05711123,50.84375,36,0,El Paso Energy Corp Pf,0,0,0
20001206,11809,EPG+',NYSE,44.05711123,50.84375,0,0,El Paso Energy Corp Pf,0,0,0
20001207,11809,EPG+',NYSE,44.05711123,50.84375,0,0,El Paso Energy Corp Pf,0,0,0
20001208,11809,EPG+',NYSE,44.05711123,50.84375,0,0,El Paso Energy Corp Pf,0,0,0
20001211,11809,EPG+',NYSE,44.05711123,50.84375,0,0,El Paso Energy Corp Pf,0,0,0
20001212,11809,EPG+',NYSE,44.05711123,50.84375,0,0,El Paso Energy Corp Pf,0,0,0
20001213,11809,EPG+',NYSE,44.03013482,49.78125,0,0,El Paso Energy Corp Pf,0,0,0
20001214,11809,EPG+',NYSE,44.03013482,49.78125,0,0,El Paso Energy Corp Pf,0,0,0
20001215,11809,EPG+',NYSE,44.03013482,49.78125,0,0,El Paso Energy Corp Pf,0,0,0
20001218,11809,EPG+',NYSE,44.03013482,49.78125,0,0,El Paso Energy Corp Pf,0,0,0
20001219,11809,EPG+',NYSE,44.03013482,49.78125,0,0,El Paso Energy Corp Pf,0,0,0
20001220,11809,EPG+',NYSE,44.03013482,49.78125,0,0,El Paso Energy Corp Pf,0,0,0
20001221,11809,EPG+',NYSE,44.88696733,50.75,6,0,El Paso Energy Corp Pf,0,0,0
20001222,11809,EPG+',NYSE,44.88696733,50.75,0,0,El Paso Energy Corp Pf,0,0,0
20001226,11809,EPG+',NYSE,44.88696733,50.75,1,0,El Paso Energy Corp Pf,0,0,0
20001227,11809,EPG+',NYSE,44.88696733,50.75,0,0,El Paso Energy Corp Pf,0,0,0
20001228,11809,EPG+',NYSE,44.51383059,50.328125,678,0,El Paso Energy Corp Pf,0,0,0
20001229,11809,EPG+',NYSE,44.51383059,50.328125,0,0,El Paso Energy Corp Pf,0,0,0
20010102,11809,EPG+',NYSE,44.7073089,50.546875,1244,0,El Paso Energy Corp Pf,0,0,0
20010103,11809,EPG+',NYSE,44.7073089,50.546875,600,0,El Paso Energy Corp Pf,0,0,0
20010104,11809,EPG+',NYSE,44.7073089,50.546875,0,0,El Paso Energy Corp Pf,0,0,0
20010105,11809,EPG+',NYSE,44.7073089,50.546875,0,0,El Paso Energy Corp Pf,0,0,0
20010108,11809,EPG+',NYSE,44.66584926,50.5,340,0,El Paso Energy Corp Pf,0,0,0
20010109,11809,EPG+',NYSE,45.43976249,51.375,42,0,El Paso Energy Corp Pf,0,0,0
20010110,11809,EPG+',NYSE,45.43976249,51.375,0,0,El Paso Energy Corp Pf,0,0,0
20010111,11809,EPG+',NYSE,45.10808539,51,11,0,El Paso Energy Corp Pf,0,0,0
20010112,11809,EPG+',NYSE,44.77640829,50.625,1382,0,El Paso Energy Corp Pf,0,0,0
20010116,11809,EPG+',NYSE,45.55032152,51.5,2,0,El Paso Energy Corp Pf,0,0,0
20010117,11809,EPG+',NYSE,45.55032152,51.5,0,0,El Paso Energy Corp Pf,0,0,0
20010118,11809,EPG+',NYSE,45.55032152,51.5,0,0,El Paso Energy Corp Pf,0,0,0
20010119,11809,EPG+',NYSE,45.55032152,51.5,0,0,El Paso Energy Corp Pf,0,0,0
20010122,11809,EPG+',NYSE,45.55032152,51.5,0,0,El Paso Energy Corp Pf,0,0,0
20010123,11809,EPG+',NYSE,45.55032152,51.5,0,0,El Paso Energy Corp Pf,0,0,0
20010124,11809,EPG+',NYSE,46.43479379,52.5,3,0,El Paso Energy Corp Pf,0,0,0
20010125,11809,EPG+',NYSE,46.21367572,52.25,10,0,El Paso Energy Corp Pf,0,0,0
20010126,11809,EPG+',NYSE,46.21367572,52.25,0,0,El Paso Energy Corp Pf,0,0,0
20010129,11809,EPG+',NYSE,46.21367572,52.25,0,0,El Paso Energy Corp Pf,0,0,0
20010130,11809,EPG+',NYSE,46.21367572,52.25,0,0,El Paso Energy Corp Pf,0,0,0
20010131,11809,EPG+',NYSE,46.21367572,52.25,0,0,El Paso Energy Corp Pf,0,0,0
20010201,11809,EPG+',NYSE,46.21367572,52.25,0,0,El Paso Energy Corp Pf,0,0,0
20010202,11809,EPG+',NYSE,46.21367572,52.25,0,0,El Paso Energy Corp Pf,0,0,0
20010205,11809,EPG+',NYSE,46.21367572,52.25,1,0,El Paso Energy Corp Pf,0,0,0
20010206,11809,EPG+',NYSE,45.99255765,52,40,0,El Paso Energy Corp Pf,0,0,0
20010207,11809,EPG+',NYSE,45.99255765,52,0,0,El Paso Energy Corp Pf,0,0,0
20010208,11809,EPG+',NYSE,45.99255765,52,0,0,El Paso Energy Corp Pf,0,0,0
20010209,11809,EPG+',NYSE,45.99255765,52,0,0,El Paso Energy Corp Pf,0,0,0
20010212,11809,EPG+',NYSE,45.99255765,52,0,0,El Paso Energy Corp Pf,0,0,0
20010213,11809,EPG+',NYSE,46.43479379,52.5,4302,0,El Paso Energy Corp Pf,0,0,0
20010214,11809,EPG+',NYSE,46.43479379,52.5,797,0,El Paso Energy Corp Pf,0,0,0
20010215,11809,EPG+',NYSE,46.30212295,52.35,791,0,El Paso Energy Corp Pf,0,0,0
20010216,11809,EPG+',NYSE,46.43479379,52.5,3392,0,El Paso Energy Corp Pf,0,0,0
20010220,11809,EPG+',NYSE,46.43479379,52.5,0,0,El Paso Energy Corp Pf,0,0,0
20010221,11809,EPG+',NYSE,46.43479379,52.5,0,0,El Paso Energy Corp Pf,0,0,0
20010222,11809,EPG+',NYSE,46.43479379,52.5,0,0,El Paso Energy Corp Pf,0,0,0
20010223,11809,EPG+',NYSE,46.43479379,52.5,0,0,El Paso Energy Corp Pf,0,0,0
20010226,11809,EPG+',NYSE,46.43479379,52.5,0,0,El Paso Energy Corp Pf,0,0,0
20010227,11809,EPG+',NYSE,46.43479379,52.5,0,0,El Paso Energy Corp Pf,0,0,0
20010228,11809,EPG+',NYSE,46.43479379,52.5,0,0,El Paso Energy Corp Pf,0,0,0
20010301,11809,EPG+',NYSE,46.43479379,52.5,0,0,El Paso Energy Corp Pf,0,0,0
20010302,11809,EPG+',NYSE,46.43479379,52.5,0,0,El Paso Energy Corp Pf,0,0,0
20010305,11809,EPG+',NYSE,46.43479379,52.5,0,0,El Paso Energy Corp Pf,0,0,0
20010306,11809,EPG+',NYSE,46.43479379,52.5,0,0,El Paso Energy Corp Pf,0,0,0
20010307,11809,EPG+',NYSE,46.43479379,52.5,0,0,El Paso Energy Corp Pf,0,0,0
20010308,11809,EPG+',NYSE,46.43479379,52.5,0,0,El Paso Energy Corp Pf,0,0,0
20010309,11809,EPG+',NYSE,45.77143959,51.75,545,0,El Paso Energy Corp Pf,0,0,0
20010312,11809,EPG+',NYSE,45.99255765,52,1,0,El Paso Energy Corp Pf,0,0,0
20010313,11809,EPG+',NYSE,45.99255765,52,324,0,El Paso Energy Corp Pf,0,0,0
20010314,11809,EPG+',NYSE,45.99346002,50.97,0,0,El Paso Energy Corp Pf,0,0,0
20010315,11809,EPG+',NYSE,46.02053092,51,1,0,El Paso Energy Corp Pf,0,0,0
20010316,11809,EPG+',NYSE,46.02053092,51,0,0,El Paso Energy Corp Pf,0,0,0
20010319,11809,EPG+',NYSE,46.02053092,51,0,0,El Paso Energy Corp Pf,0,0,0
20010320,11809,EPG+',NYSE,46.02053092,51,0,0,El Paso Energy Corp Pf,0,0,0
20010321,11809,EPG+',NYSE,46.02053092,51,0,0,El Paso Energy Corp Pf,0,0,0
20010322,11809,EPG+',NYSE,46.02053092,51,0,0,El Paso Energy Corp Pf,0,0,0
20010323,11809,EPG+',NYSE,46.02053092,51,0,0,El Paso Energy Corp Pf,0,0,0
20010326,11809,EPG+',NYSE,46.02053092,51,0,0,El Paso Energy Corp Pf,0,0,0
20010327,11809,EPG+',NYSE,46.02053092,51,0,0,El Paso Energy Corp Pf,0,0,0
20010328,11809,EPG+',NYSE,46.02053092,51,0,0,El Paso Energy Corp Pf,0,0,0
20010329,11809,EPG+',NYSE,45.56934924,50.5,6,0,El Paso Energy Corp Pf,0,0,0
20010330,11809,EPG+',NYSE,45.56934924,50.5,0,0,El Paso Energy Corp Pf,0,0,0
20010402,11809,EPG+',NYSE,45.56934924,50.5,0,0,El Paso Energy Corp Pf,0,0,0
20010403,11809,EPG+',NYSE,46.02053092,51,1055,0,El Paso Energy Corp Pf,0,0,0
20010404,11809,EPG+',NYSE,46.06564909,51.05,1,0,El Paso Energy Corp Pf,0,0,0
20010405,11809,EPG+',NYSE,46.11076725,51.1,2,0,El Paso Energy Corp Pf,0,0,0
20010406,11809,EPG+',NYSE,46.11076725,51.1,0,0,El Paso Energy Corp Pf,0,0,0
20010409,11809,EPG+',NYSE,46.20100359,51.2,1,0,El Paso Energy Corp Pf,0,0,0
20010410,11809,EPG+',NYSE,46.20100359,51.2,0,0,El Paso Energy Corp Pf,0,0,0
20010411,11809,EPG+',NYSE,46.20100359,51.2,0,0,El Paso Energy Corp Pf,0,0,0
20010412,11809,EPG+',NYSE,46.20100359,51.2,0,0,El Paso Energy Corp Pf,0,0,0
20010416,11809,EPG+',NYSE,46.20100359,51.2,0,0,El Paso Energy Corp Pf,0,0,0
20010417,11809,EPG+',NYSE,46.20100359,51.2,0,0,El Paso Energy Corp Pf,0,0,0
20010418,11809,EPG+',NYSE,46.02053092,51,6,0,El Paso Energy Corp Pf,0,0,0
20010419,11809,EPG+',NYSE,46.02053092,51,0,0,El Paso Energy Corp Pf,0,0,0
20010420,11809,EPG+',NYSE,46.02053092,51,0,0,El Paso Energy Corp Pf,0,0,0
20010423,11809,EPG+',NYSE,46.02053092,51,0,0,El Paso Energy Corp Pf,0,0,0
20010424,11809,EPG+',NYSE,46.02053092,51,0,0,El Paso Energy Corp Pf,0,0,0
20010425,11809,EPG+',NYSE,46.02053092,51,0,0,El Paso Energy Corp Pf,0,0,0
20010426,11809,EPG+',NYSE,46.02053092,51,0,0,El Paso Energy Corp Pf,0,0,0
20010427,11809,EPG+',NYSE,46.02053092,51,0,0,El Paso Energy Corp Pf,0,0,0
20010430,11809,EPG+',NYSE,46.02053092,51,0,0,El Paso Energy Corp Pf,0,0,0
20010501,11809,EPG+',NYSE,46.02053092,51,0,0,El Paso Energy Corp Pf,0,0,0
20010502,11809,EPG+',NYSE,46.92289427,52,2,0,El Paso Energy Corp Pf,0,0,0
20010503,11809,EPG+',NYSE,48.2764393,53.5,2,0,El Paso Energy Corp Pf,0,0,0
20010504,11809,EPG+',NYSE,48.2764393,53.5,1,0,El Paso Energy Corp Pf,0,0,0
20010507,11809,EPG+',NYSE,48.2764393,53.5,8,0,El Paso Energy Corp Pf,0,0,0
20010508,11809,EPG+',NYSE,48.2764393,53.5,2,0,El Paso Energy Corp Pf,0,0,0
20010509,11809,EPG+',NYSE,48.2764393,53.5,0,0,El Paso Energy Corp Pf,0,0,0
20010510,11809,EPG+',NYSE,46.69730343,51.75,266,0,El Paso Energy Corp Pf,0,0,0
20010511,11809,EPG+',NYSE,46.69730343,51.75,0,0,El Paso Energy Corp Pf,0,0,0
20010514,11809,EPG+',NYSE,48.23132113,53.45,1,0,El Paso Energy Corp Pf,0,0,0
20010515,11809,EPG+',NYSE,48.00573029,53.2,13,0,El Paso Energy Corp Pf,0,0,0
20010516,11809,EPG+',NYSE,48.00573029,53.2,0,0,El Paso Energy Corp Pf,0,0,0
20010517,11809,EPG+',NYSE,47.03117787,52.12,20,0,El Paso Energy Corp Pf,0,0,0
20010518,11809,EPG+',NYSE,47.03117787,52.12,0,0,El Paso Energy Corp Pf,0,0,0
20010521,11809,EPG+',NYSE,46.92289427,52,2,0,El Paso Energy Corp Pf,0,0,0
20010522,11809,EPG+',NYSE,46.78753977,51.85,2,0,El Paso Energy Corp Pf,0,0,0
20010523,11809,EPG+',NYSE,46.65218526,51.7,14,0,El Paso Energy Corp Pf,0,0,0
20010524,11809,EPG+',NYSE,46.7424216,51.8,1,0,El Paso Energy Corp Pf,0,0,0
20010525,11809,EPG+',NYSE,46.7424216,51.8,0,0,El Paso Energy Corp Pf,0,0,0
20010529,11809,EPG+',NYSE,46.83265793,51.9,7462,0,El Paso Energy Corp Pf,0,0,0
20010530,11809,EPG+',NYSE,46.7424216,51.8,1119,0,El Paso Energy Corp Pf,0,0,0
20010531,11809,EPG+',NYSE,46.83265793,51.9,2130,0,El Paso Energy Corp Pf,0,0,0
20010601,11809,EPG+',NYSE,46.83265793,51.9,0,0,El Paso Energy Corp Pf,0,0,0
20010604,11809,EPG+',NYSE,46.83265793,51.9,0,0,El Paso Energy Corp Pf,0,0,0
20010605,11809,EPG+',NYSE,46.83265793,51.9,0,0,El Paso Energy Corp Pf,0,0,0
20010606,11809,EPG+',NYSE,47.37407594,52.5,601,0,El Paso Energy Corp Pf,0,0,0
20010607,11809,EPG+',NYSE,47.37407594,52.5,0,0,El Paso Energy Corp Pf,0,0,0
20010608,11809,EPG+',NYSE,47.64478495,52.8,1,0,El Paso Energy Corp Pf,0,0,0
20010611,11809,EPG+',NYSE,47.64478495,52.8,0,0,El Paso Energy Corp Pf,0,0,0
20010612,11809,EPG+',NYSE,47.64478495,52.8,0,0,El Paso Energy Corp Pf,0,0,0
20010613,11809,EPG+',NYSE,47.64570528,51.77,0,0,El Paso Energy Corp Pf,0,0,0
20010614,11809,EPG+',NYSE,47.64570528,51.77,0,0,El Paso Energy Corp Pf,0,0,0
20010615,11809,EPG+',NYSE,48.27153259,52.45,1,0,El Paso Energy Corp Pf,0,0,0
20010618,11809,EPG+',NYSE,48.27153259,52.45,0,0,El Paso Energy Corp Pf,0,0,0
20010619,11809,EPG+',NYSE,48.27153259,52.45,0,0,El Paso Energy Corp Pf,0,0,0
20010620,11809,EPG+',NYSE,48.27153259,52.45,0,0,El Paso Energy Corp Pf,0,0,0
20010621,11809,EPG+',NYSE,48.27153259,52.45,1,0,El Paso Energy Corp Pf,0,0,0
20010622,11809,EPG+',NYSE,48.27153259,52.45,0,0,El Paso Energy Corp Pf,0,0,0
20010625,11809,EPG+',NYSE,48.17949916,52.35,4,0,El Paso Energy Corp Pf,0,0,0
20010626,11809,EPG+',NYSE,48.17949916,52.35,0,0,El Paso Energy Corp Pf,0,0,0
20010627,11809,EPG+',NYSE,48.3175493,52.5,1,0,El Paso Energy Corp Pf,0,0,0
20010628,11809,EPG+',NYSE,48.3175493,52.5,0,0,El Paso Energy Corp Pf,0,0,0
20010629,11809,EPG+',NYSE,48.3175493,52.5,0,0,El Paso Energy Corp Pf,0,0,0
20010702,11809,EPG+',NYSE,48.3175493,52.5,0,0,El Paso Energy Corp Pf,0,0,0
20010703,11809,EPG+',NYSE,48.3175493,52.5,0,0,El Paso Energy Corp Pf,0,0,0
20010705,11809,EPG+',NYSE,48.3175493,52.5,0,0,El Paso Energy Corp Pf,0,0,0
20010706,11809,EPG+',NYSE,48.77771644,53,1,0,El Paso Energy Corp Pf,0,0,0
20010709,11809,EPG+',NYSE,48.77771644,53,0,0,El Paso Energy Corp Pf,0,0,0
20010710,11809,EPG+',NYSE,48.77771644,53,0,0,El Paso Energy Corp Pf,0,0,0
20010711,11809,EPG+',NYSE,48.77771644,53,0,0,El Paso Energy Corp Pf,0,0,0
20010712,11809,EPG+',NYSE,46.89103118,50.95,3587,0,El Paso Energy Corp Pf,0,0,0
20010713,11809,EPG+',NYSE,46.89103118,50.95,0,0,El Paso Energy Corp Pf,0,0,0
20010716,11809,EPG+',NYSE,46.93704789,51,1093,0,El Paso Energy Corp Pf,0,0,0
20010717,11809,EPG+',NYSE,46.93704789,51,1,0,El Paso Energy Corp Pf,0,0,0
20010718,11809,EPG+',NYSE,46.93704789,51,0,0,El Paso Energy Corp Pf,0,0,0
20010719,11809,EPG+',NYSE,46.93704789,51,0,0,El Paso Energy Corp Pf,0,0,0
20010720,11809,EPG+',NYSE,46.79899775,50.85,3,0,El Paso Energy Corp Pf,0,0,0
20010723,11809,EPG+',NYSE,46.79899775,50.85,0,0,El Paso Energy Corp Pf,0,0,0
20010724,11809,EPG+',NYSE,46.79899775,50.85,0,0,El Paso Energy Corp Pf,0,0,0
20010725,11809,EPG+',NYSE,46.81740444,50.87,2,0,El Paso Energy Corp Pf,0,0,0
20010726,11809,EPG+',NYSE,46.84501447,50.9,1,0,El Paso Energy Corp Pf,0,0,0
20010727,11809,EPG+',NYSE,46.84501447,50.9,0,0,El Paso Energy Corp Pf,0,0,0
20010730,11809,EPG+',NYSE,46.89103118,50.95,1410,0,El Paso Energy Corp Pf,0,0,0
20010731,11809,EPG+',NYSE,47.39721503,51.5,1,0,El Paso Energy Corp Pf,0,0,0
20010801,11809,EPG+',NYSE,47.39721503,51.5,0,0,El Paso Energy Corp Pf,0,0,0
20010802,11809,EPG+',NYSE,47.39721503,51.5,0,0,El Paso Energy Corp Pf,0,0,0
20010803,11809,EPG+',NYSE,47.39721503,51.5,0,0,El Paso Energy Corp Pf,0,0,0
20010806,11809,EPG+',NYSE,47.48924846,51.6,3,0,El Paso Energy Corp Pf,0,0,0
20010807,11809,EPG+',NYSE,47.48924846,51.6,0,0,El Paso Energy Corp Pf,0,0,0
20010808,11809,EPG+',NYSE,47.48924846,51.6,0,0,El Paso Energy Corp Pf,0,0,0
20010809,11809,EPG+',NYSE,47.48924846,51.6,0,0,El Paso Energy Corp Pf,0,0,0
20010810,11809,EPG+',NYSE,47.48924846,51.6,0,0,El Paso Energy Corp Pf,0,0,0
20010813,11809,EPG+',NYSE,47.48924846,51.6,0,0,El Paso Energy Corp Pf,0,0,0
20010814,11809,EPG+',NYSE,47.48924846,51.6,0,0,El Paso Energy Corp Pf,0,0,0
20010815,11809,EPG+',NYSE,47.48924846,51.6,0,0,El Paso Energy Corp Pf,0,0,0
20010816,11809,EPG+',NYSE,47.48924846,51.6,0,0,El Paso Energy Corp Pf,0,0,0
20010817,11809,EPG+',NYSE,47.48924846,51.6,0,0,El Paso Energy Corp Pf,0,0,0
20010820,11809,EPG+',NYSE,47.48924846,51.6,0,0,El Paso Energy Corp Pf,0,0,0
20010821,11809,EPG+',NYSE,47.39721503,51.5,7,0,El Paso Energy Corp Pf,0,0,0
20010822,11809,EPG+',NYSE,47.39721503,51.5,0,0,El Paso Energy Corp Pf,0,0,0
20010823,11809,EPG+',NYSE,47.39721503,51.5,0,0,El Paso Energy Corp Pf,0,0,0
20010824,11809,EPG+',NYSE,47.39721503,51.5,0,0,El Paso Energy Corp Pf,0,0,0
20010827,11809,EPG+',NYSE,47.39721503,51.5,12,0,El Paso Energy Corp Pf,0,0,0
20010828,11809,EPG+',NYSE,47.39721503,51.5,0,0,El Paso Energy Corp Pf,0,0,0
20010829,11809,EPG+',NYSE,47.39721503,51.5,0,0,El Paso Energy Corp Pf,0,0,0
20010830,11809,EPG+',NYSE,47.39721503,51.5,0,0,El Paso Energy Corp Pf,0,0,0
20010831,11809,EPG+',NYSE,47.39721503,51.5,2,0,El Paso Energy Corp Pf,0,0,0
20010904,11809,EPG+',NYSE,47.39721503,51.5,2,0,El Paso Energy Corp Pf,0,0,0
20010905,11809,EPG+',NYSE,47.39721503,51.5,0,0,El Paso Energy Corp Pf,0,0,0
20010906,11809,EPG+',NYSE,47.39721503,51.5,0,0,El Paso Energy Corp Pf,0,0,0
20010907,11809,EPG+',NYSE,47.39721503,51.5,5,0,El Paso Energy Corp Pf,0,0,0
20010910,11809,EPG+',NYSE,47.39721503,51.5,0,0,El Paso Energy Corp Pf,0,0,0
20010917,11809,EPG+',NYSE,46.44927073,50.47,0,0,El Paso Energy Corp Pf,0,0,0
20010918,11809,EPG+',NYSE,47.16713146,51.25,8,0,El Paso Energy Corp Pf,0,0,0
20010919,11809,EPG+',NYSE,47.16713146,51.25,0,0,El Paso Energy Corp Pf,0,0,0
20010920,11809,EPG+',NYSE,46.93704789,51,1,0,El Paso Energy Corp Pf,0,0,0
20010921,11809,EPG+',NYSE,46.01671362,50,35,0,El Paso Energy Corp Pf,0,0,0
20010924,11809,EPG+',NYSE,46.01671362,50,0,0,El Paso Energy Corp Pf,0,0,0
20010925,11809,EPG+',NYSE,46.01671362,50,0,0,El Paso Energy Corp Pf,0,0,0
20010926,11809,EPG+',NYSE,46.01671362,50,0,0,El Paso Energy Corp Pf,0,0,0
20010927,11809,EPG+',NYSE,46.01671362,50,0,0,El Paso Energy Corp Pf,0,0,0
20010928,11809,EPG+',NYSE,46.01671362,50,0,0,El Paso Energy Corp Pf,0,0,0
20011001,11809,EPG+',NYSE,46.01671362,50,0,0,El Paso Energy Corp Pf,0,0,0
20011002,11809,EPG+',NYSE,46.93704789,51,2,0,El Paso Energy Corp Pf,0,0,0
20011003,11809,EPG+',NYSE,46.93704789,51,0,0,El Paso Energy Corp Pf,0,0,0
20011004,11809,EPG+',NYSE,46.93704789,51,0,0,El Paso Energy Corp Pf,0,0,0
20011005,11809,EPG+',NYSE,46.93704789,51,0,0,El Paso Energy Corp Pf,0,0,0
20011008,11809,EPG+',NYSE,46.93704789,51,0,0,El Paso Energy Corp Pf,0,0,0
20011009,11809,EPG+',NYSE,46.93704789,51,0,0,El Paso Energy Corp Pf,0,0,0
20011010,11809,EPG+',NYSE,46.93704789,51,0,0,El Paso Energy Corp Pf,0,0,0
20011011,11809,EPG+',NYSE,46.93704789,51,0,0,El Paso Energy Corp Pf,0,0,0
20011012,11809,EPG+',NYSE,46.93704789,51,1,0,El Paso Energy Corp Pf,0,0,0
20011015,11809,EPG+',NYSE,46.93704789,51,1,0,El Paso Energy Corp Pf,0,0,0
20011016,11809,EPG+',NYSE,46.93704789,51,0,0,El Paso Energy Corp Pf,0,0,0
20011017,11809,EPG+',NYSE,46.93704789,51,7,0,El Paso Energy Corp Pf,0,0,0
20011018,11809,EPG+',NYSE,46.93704789,51,5,0,El Paso Energy Corp Pf,0,0,0
20011019,11809,EPG+',NYSE,46.93704789,51,0,0,El Paso Energy Corp Pf,0,0,0
20011022,11809,EPG+',NYSE,46.65174427,50.69,152,0,El Paso Energy Corp Pf,0,0,0
20011023,11809,EPG+',NYSE,46.47688076,50.5,1,0,El Paso Energy Corp Pf,0,0,0
20011024,11809,EPG+',NYSE,46.47688076,50.5,0,0,El Paso Energy Corp Pf,0,0,0
20011025,11809,EPG+',NYSE,46.54130416,50.57,36,0,El Paso Energy Corp Pf,0,0,0
20011026,11809,EPG+',NYSE,46.67015096,50.71,58,0,El Paso Energy Corp Pf,0,0,0
20011029,11809,EPG+',NYSE,46.67015096,50.71,0,0,El Paso Energy Corp Pf,0,0,0
20011030,11809,EPG+',NYSE,46.67015096,50.71,0,0,El Paso Energy Corp Pf,0,0,0
20011031,11809,EPG+',NYSE,46.67015096,50.71,0,0,El Paso Energy Corp Pf,0,0,0
20011101,11809,EPG+',NYSE,46.67015096,50.71,0,0,El Paso Energy Corp Pf,0,0,0
20011102,11809,EPG+',NYSE,46.67015096,50.71,0,0,El Paso Energy Corp Pf,0,0,0
20011105,11809,EPG+',NYSE,46.67015096,50.71,0,0,El Paso Energy Corp Pf,0,0,0
20011106,11809,EPG+',NYSE,46.67015096,50.71,0,0,El Paso Energy Corp Pf,0,0,0
20011107,11809,EPG+',NYSE,46.67015096,50.71,0,0,El Paso Energy Corp Pf,0,0,0
20011108,11809,EPG+',NYSE,46.67015096,50.71,0,0,El Paso Energy Corp Pf,0,0,0
20011109,11809,EPG+',NYSE,46.67015096,50.71,0,0,El Paso Energy Corp Pf,0,0,0
20011112,11809,EPG+',NYSE,46.67015096,50.71,0,0,El Paso Energy Corp Pf,0,0,0
20011113,11809,EPG+',NYSE,46.67015096,50.71,0,0,El Paso Energy Corp Pf,0,0,0
20011114,11809,EPG+',NYSE,47.40641837,51.51,20,0,El Paso Energy Corp Pf,0,0,0
20011115,11809,EPG+',NYSE,46.66094761,50.7,5,0,El Paso Energy Corp Pf,0,0,0
20011116,11809,EPG+',NYSE,46.66094761,50.7,0,0,El Paso Energy Corp Pf,0,0,0
20011119,11809,EPG+',NYSE,46.66094761,50.7,0,0,El Paso Energy Corp Pf,0,0,0
20011120,11809,EPG+',NYSE,46.66094761,50.7,0,0,El Paso Energy Corp Pf,0,0,0
20011121,11809,EPG+',NYSE,46.78979441,50.84,435,0,El Paso Energy Corp Pf,0,0,0
20011123,11809,EPG+',NYSE,46.78979441,50.84,0,0,El Paso Energy Corp Pf,0,0,0
20011126,11809,EPG+',NYSE,46.78979441,50.84,0,0,El Paso Energy Corp Pf,0,0,0
20011127,11809,EPG+',NYSE,46.98306461,51.05,16,0,El Paso Energy Corp Pf,0,0,0
20011128,11809,EPG+',NYSE,46.53210081,50.56,24,0,El Paso Energy Corp Pf,0,0,0
20011129,11809,EPG+',NYSE,46.75298104,50.8,3,0,El Paso Energy Corp Pf,0,0,0
20011130,11809,EPG+',NYSE,47.01067464,51.08,1,0,El Paso Energy Corp Pf,0,0,0
20011203,11809,EPG+',NYSE,47.01067464,51.08,0,0,El Paso Energy Corp Pf,0,0,0
20011204,11809,EPG+',NYSE,47.01067464,51.08,1,0,El Paso Energy Corp Pf,0,0,0
20011205,11809,EPG+',NYSE,47.01067464,51.08,0,0,El Paso Energy Corp Pf,0,0,0
20011206,11809,EPG+',NYSE,47.01067464,51.08,0,0,El Paso Energy Corp Pf,0,0,0
20011207,11809,EPG+',NYSE,47.01067464,51.08,0,0,El Paso Energy Corp Pf,0,0,0
20011210,11809,EPG+',NYSE,47.37880835,51.48,1,0,El Paso Energy Corp Pf,0,0,0
20011211,11809,EPG+',NYSE,47.37880835,51.48,0,0,El Paso Energy Corp Pf,0,0,0
20011212,11809,EPG+',NYSE,47.37974749,50.45,0,0,El Paso Energy Corp Pf,0,0,0
20011213,11809,EPG+',NYSE,47.37974749,50.45,0,0,El Paso Energy Corp Pf,0,0,0
20011214,11809,EPG+',NYSE,46.58147622,49.6,1,0,El Paso Energy Corp Pf,0,0,0
20011217,11809,EPG+',NYSE,46.49695338,49.51,3,0,El Paso Energy Corp Pf,0,0,0
20011218,11809,EPG+',NYSE,46.49695338,49.51,0,0,El Paso Energy Corp Pf,0,0,0
20011219,11809,EPG+',NYSE,47.52061889,50.6,32,0,El Paso Energy Corp Pf,0,0,0
20011220,11809,EPG+',NYSE,47.52061889,50.6,0,0,El Paso Energy Corp Pf,0,0,0
20011221,11809,EPG+',NYSE,47.52061889,50.6,0,0,El Paso Energy Corp Pf,0,0,0
20011224,11809,EPG+',NYSE,47.52061889,50.6,0,0,El Paso Energy Corp Pf,0,0,0
20011226,11809,EPG+',NYSE,47.52061889,50.6,0,0,El Paso Energy Corp Pf,0,0,0
20011227,11809,EPG+',NYSE,47.52061889,50.6,0,0,El Paso Energy Corp Pf,0,0,0
20011228,11809,EPG+',NYSE,47.52061889,50.6,0,0,El Paso Energy Corp Pf,0,0,0
20011231,11809,EPG+',NYSE,47.52061889,50.6,0,0,El Paso Energy Corp Pf,0,0,0
20020102,11809,EPG+',NYSE,47.33279035,50.4,5,0,El Paso Energy Corp Pf,0,0,0
20020103,11809,EPG+',NYSE,47.33279035,50.4,0,0,El Paso Energy Corp Pf,0,0,0
20020104,11809,EPG+',NYSE,47.52061889,50.6,11,0,El Paso Energy Corp Pf,0,0,0
20020107,11809,EPG+',NYSE,47.05104755,50.1,56,0,El Paso Energy Corp Pf,0,0,0
20020108,11809,EPG+',NYSE,47.05104755,50.1,0,0,El Paso Energy Corp Pf,0,0,0
20020109,11809,EPG+',NYSE,47.05104755,50.1,0,0,El Paso Energy Corp Pf,0,0,0
20020110,11809,EPG+',NYSE,47.05104755,50.1,0,0,El Paso Energy Corp Pf,0,0,0
20020111,11809,EPG+',NYSE,47.05104755,50.1,0,0,El Paso Energy Corp Pf,0,0,0
20020114,11809,EPG+',NYSE,47.05104755,50.1,0,0,El Paso Energy Corp Pf,0,0,0
20020115,11809,EPG+',NYSE,47.70844742,50.8,1,0,El Paso Energy Corp Pf,0,0,0
20020116,11809,EPG+',NYSE,47.70844742,50.8,0,0,El Paso Energy Corp Pf,0,0,0
20020117,11809,EPG+',NYSE,47.70844742,50.8,0,0,El Paso Energy Corp Pf,0,0,0
20020118,11809,EPG+',NYSE,47.94323309,51.05,2,0,El Paso Energy Corp Pf,0,0,0
20020122,11809,EPG+',NYSE,47.94323309,51.05,0,0,El Paso Energy Corp Pf,0,0,0
20020123,11809,EPG+',NYSE,47.94323309,51.05,0,0,El Paso Energy Corp Pf,0,0,0
20020124,11809,EPG+',NYSE,47.94323309,51.05,0,0,El Paso Energy Corp Pf,0,0,0
20020125,11809,EPG+',NYSE,47.94323309,51.05,0,0,El Paso Energy Corp Pf,0,0,0
20020128,11809,EPG+',NYSE,47.94323309,51.05,0,0,El Paso Energy Corp Pf,0,0,0
20020129,11809,EPG+',NYSE,47.94323309,51.05,0,0,El Paso Energy Corp Pf,0,0,0
20020130,11809,EPG+',NYSE,47.94323309,51.05,0,0,El Paso Energy Corp Pf,0,0,0
20020131,11809,EPG+',NYSE,47.94323309,51.05,4,0,El Paso Energy Corp Pf,0,0,0
20020201,11809,EPG+',NYSE,47.94323309,51.05,0,0,El Paso Energy Corp Pf,0,0,0
20020204,11809,EPG+',NYSE,47.94323309,51.05,0,0,El Paso Energy Corp Pf,0,0,0
20020205,11809,EPG+',NYSE,47.14496182,50.2,2,0,El Paso Energy Corp Pf,0,0,0
20020206,11809,EPG+',NYSE,47.14496182,50.2,0,0,El Paso Energy Corp Pf,0,0,0
20020207,11809,EPG+',NYSE,47.14496182,50.2,0,0,El Paso Energy Corp Pf,0,0,0
20020208,11809,EPG+',NYSE,47.14496182,50.2,0,0,El Paso Energy Corp Pf,0,0,0
20020211,11809,EPG+',NYSE,47.14496182,50.2,0,0,El Paso Energy Corp Pf,0,0,0
20020212,11809,EPG+',NYSE,47.14496182,50.2,0,0,El Paso Energy Corp Pf,0,0,0
20020213,11809,EPG+',NYSE,47.14496182,50.2,0,0,El Paso Energy Corp Pf,0,0,0
20020214,11809,EPG+',NYSE,47.14496182,50.2,0,0,El Paso Energy Corp Pf,0,0,0
20020215,11809,EPG+',NYSE,47.14496182,50.2,0,0,El Paso Energy Corp Pf,0,0,0
20020219,11809,EPG+',NYSE,47.14496182,50.2,0,0,El Paso Energy Corp Pf,0,0,0
20020220,11809,EPG+',NYSE,47.94323309,51.05,21,0,El Paso Energy Corp Pf,0,0,0
20020221,11809,EPG+',NYSE,47.94323309,51.05,0,0,El Paso Energy Corp Pf,0,0,0
20020222,11809,EPG+',NYSE,47.71783885,50.81,1,0,El Paso Energy Corp Pf,0,0,0
20020225,11809,EPG+',NYSE,47.71783885,50.81,0,0,El Paso Energy Corp Pf,0,0,0
20020226,11809,EPG+',NYSE,47.71783885,50.81,0,0,El Paso Energy Corp Pf,0,0,0
20020227,11809,EPG+',NYSE,47.71783885,50.81,0,0,El Paso Energy Corp Pf,0,0,0
20020228,11809,EPG+',NYSE,47.71783885,50.81,0,0,El Paso Energy Corp Pf,0,0,0
20020301,11809,EPG+',NYSE,47.71783885,50.81,0,0,El Paso Energy Corp Pf,0,0,0
20020304,11809,EPG+',NYSE,47.71783885,50.81,0,0,El Paso Energy Corp Pf,0,0,0
20020305,11809,EPG+',NYSE,47.71783885,50.81,0,0,El Paso Energy Corp Pf,0,0,0
20020306,11809,EPG+',NYSE,47.8774931,50.98,5,0,El Paso Energy Corp Pf,0,0,0
20020307,11809,EPG+',NYSE,47.8774931,50.98,0,0,El Paso Energy Corp Pf,0,0,0
20020308,11809,EPG+',NYSE,47.8774931,50.98,0,0,El Paso Energy Corp Pf,0,0,0
20020311,11809,EPG+',NYSE,47.8774931,50.98,0,0,El Paso Energy Corp Pf,0,0,0
20020312,11809,EPG+',NYSE,47.8774931,50.98,0,0,El Paso Energy Corp Pf,0,0,0
20020313,11809,EPG+',NYSE,48.40758007,50.5,1,0,El Paso Energy Corp Pf,0,0,0
20020314,11809,EPG+',NYSE,48.40758007,50.5,0,0,El Paso Energy Corp Pf,0,0,0
20020315,11809,EPG+',NYSE,48.40758007,50.5,0,0,El Paso Energy Corp Pf,0,0,0
20020318,11809,EPG+',NYSE,48.40758007,50.5,0,0,El Paso Energy Corp Pf,0,0,0
20020319,11809,EPG+',NYSE,48.64722155,50.75,1,0,El Paso Energy Corp Pf,0,0,0
20020320,11809,EPG+',NYSE,48.27338083,50.36,2,0,El Paso Energy Corp Pf,0,0,0
20020321,11809,EPG+',NYSE,48.27338083,50.36,0,0,El Paso Energy Corp Pf,0,0,0
20020322,11809,EPG+',NYSE,48.27338083,50.36,0,0,El Paso Energy Corp Pf,0,0,0
20020325,11809,EPG+',NYSE,48.64722155,50.75,3,0,El Paso Energy Corp Pf,0,0,0
20020326,11809,EPG+',NYSE,48.64722155,50.75,10,0,El Paso Energy Corp Pf,0,0,0
20020327,11809,EPG+',NYSE,48.64722155,50.75,4,0,El Paso Energy Corp Pf,0,0,0
20020328,11809,EPG+',NYSE,48.64722155,50.75,0,0,El Paso Energy Corp Pf,0,0,0
20020401,11809,EPG+',NYSE,48.55136496,50.65,31,0,El Paso Energy Corp Pf,0,0,0
20020402,11809,EPG+',NYSE,48.50343666,50.6,2,0,El Paso Energy Corp Pf,0,0,0
20020403,11809,EPG+',NYSE,48.50343666,50.6,0,0,El Paso Energy Corp Pf,0,0,0
20020404,11809,EPG+',NYSE,48.50343666,50.6,1,0,El Paso Energy Corp Pf,0,0,0
20020405,11809,EPG+',NYSE,48.50343666,50.6,0,0,El Paso Energy Corp Pf,0,0,0
20020408,11809,EPG+',NYSE,48.50343666,50.6,0,0,El Paso Energy Corp Pf,0,0,0
20020409,11809,EPG+',NYSE,48.50343666,50.6,6,0,El Paso Energy Corp Pf,0,0,0
20020410,11809,EPG+',NYSE,48.50343666,50.6,2,0,El Paso Energy Corp Pf,0,0,0
20020411,11809,EPG+',NYSE,48.50343666,50.6,34,0,El Paso Energy Corp Pf,0,0,0
20020412,11809,EPG+',NYSE,48.50343666,50.6,0,0,El Paso Energy Corp Pf,0,0,0
20020415,11809,EPG+',NYSE,48.50343666,50.6,0,0,El Paso Energy Corp Pf,0,0,0
20020416,11809,EPG+',NYSE,48.16793858,50.25,2,0,El Paso Energy Corp Pf,0,0,0
20020417,11809,EPG+',NYSE,48.16793858,50.25,0,0,El Paso Energy Corp Pf,0,0,0
20020418,11809,EPG+',NYSE,48.16793858,50.25,0,0,El Paso Energy Corp Pf,0,0,0
20020419,11809,EPG+',NYSE,48.16793858,50.25,0,0,El Paso Energy Corp Pf,0,0,0
20020422,11809,EPG+',NYSE,48.16793858,50.25,0,0,El Paso Energy Corp Pf,0,0,0
20020423,11809,EPG+',NYSE,48.88686304,51,2,0,El Paso Energy Corp Pf,0,0,0
20020424,11809,EPG+',NYSE,48.88686304,51,5,0,El Paso Energy Corp Pf,0,0,0
20020425,11809,EPG+',NYSE,48.88686304,51,0,0,El Paso Energy Corp Pf,0,0,0
20020426,11809,EPG+',NYSE,48.88686304,51,0,0,El Paso Energy Corp Pf,0,0,0
20020429,11809,EPG+',NYSE,48.88686304,51,0,0,El Paso Energy Corp Pf,0,0,0
20020430,11809,EPG+',NYSE,48.88686304,51,0,0,El Paso Energy Corp Pf,0,0,0
20020501,11809,EPG+',NYSE,48.88686304,51,3,0,El Paso Energy Corp Pf,0,0,0
20020502,11809,EPG+',NYSE,48.88686304,51,0,0,El Paso Energy Corp Pf,0,0,0
20020503,11809,EPG+',NYSE,48.88686304,51,0,0,El Paso Energy Corp Pf,0,0,0
20020506,11809,EPG+',NYSE,49.17443282,51.3,7,0,El Paso Energy Corp Pf,0,0,0
20020507,11809,EPG+',NYSE,48.88686304,51,4,0,El Paso Energy Corp Pf,0,0,0
20020508,11809,EPG+',NYSE,48.64722155,50.75,210,0,El Paso Energy Corp Pf,0,0,0
20020509,11809,EPG+',NYSE,48.64722155,50.75,0,0,El Paso Energy Corp Pf,0,0,0
20020510,11809,EPG+',NYSE,48.64722155,50.75,0,0,El Paso Energy Corp Pf,0,0,0
20020513,11809,EPG+',NYSE,48.79100644,50.9,14,0,El Paso Energy Corp Pf,0,0,0
20020514,11809,EPG+',NYSE,48.40758007,50.5,14,0,El Paso Energy Corp Pf,0,0,0
20020515,11809,EPG+',NYSE,48.40758007,50.5,0,0,El Paso Energy Corp Pf,0,0,0
20020516,11809,EPG+',NYSE,48.40758007,50.5,0,0,El Paso Energy Corp Pf,0,0,0
20020517,11809,EPG+',NYSE,48.64722155,50.75,2,0,El Paso Energy Corp Pf,0,0,0
20020520,11809,EPG+',NYSE,48.88686304,51,4,0,El Paso Energy Corp Pf,0,0,0
20020521,11809,EPG+',NYSE,48.31172347,50.4,6,0,El Paso Energy Corp Pf,0,0,0
20020522,11809,EPG+',NYSE,48.31172347,50.4,14,0,El Paso Energy Corp Pf,0,0,0
20020523,11809,EPG+',NYSE,47.44901412,49.5,45,0,El Paso Energy Corp Pf,0,0,0
20020524,11809,EPG+',NYSE,47.44901412,49.5,0,0,El Paso Energy Corp Pf,0,0,0
20020528,11809,EPG+',NYSE,47.44901412,49.5,0,0,El Paso Energy Corp Pf,0,0,0
20020529,11809,EPG+',NYSE,47.20937264,49.25,3,0,El Paso Energy Corp Pf,0,0,0
20020530,11809,EPG+',NYSE,47.44901412,49.5,5,0,El Paso Energy Corp Pf,0,0,0
20020531,11809,EPG+',NYSE,47.44901412,49.5,2,0,El Paso Energy Corp Pf,0,0,0
20020603,11809,EPG+',NYSE,47.44901412,49.5,16,0,El Paso Energy Corp Pf,0,0,0
20020604,11809,EPG+',NYSE,47.44901412,49.5,0,0,El Paso Energy Corp Pf,0,0,0
20020605,11809,EPG+',NYSE,47.8803688,49.95,5,0,El Paso Energy Corp Pf,0,0,0
20020606,11809,EPG+',NYSE,47.8803688,49.95,0,0,El Paso Energy Corp Pf,0,0,0
20020607,11809,EPG+',NYSE,47.25730094,49.3,10,0,El Paso Energy Corp Pf,0,0,0
20020610,11809,EPG+',NYSE,47.44901412,49.5,10,0,El Paso Energy Corp Pf,0,0,0
20020611,11809,EPG+',NYSE,47.68865561,49.75,1,0,El Paso Energy Corp Pf,0,0,0
20020612,11809,EPG+',NYSE,47.68963446,48.72,0,0,El Paso Energy Corp Pf,0,0,0
20020613,11809,EPG+',NYSE,47.68963446,48.72,0,0,El Paso Energy Corp Pf,0,0,0
20020614,11809,EPG+',NYSE,47.47428718,48.5,8,0,El Paso Energy Corp Pf,0,0,0
20020617,11809,EPG+',NYSE,47.47428718,48.5,8,0,El Paso Energy Corp Pf,0,0,0
20020618,11809,EPG+',NYSE,47.47428718,48.5,2,0,El Paso Energy Corp Pf,0,0,0
20020619,11809,EPG+',NYSE,47.47428718,48.5,0,0,El Paso Energy Corp Pf,0,0,0
20020620,11809,EPG+',NYSE,47.08274667,48.1,70,0,El Paso Energy Corp Pf,0,0,0
20020621,11809,EPG+',NYSE,46.74014872,47.75,40,0,El Paso Energy Corp Pf,0,0,0
20020624,11809,EPG+',NYSE,46.74014872,47.75,0,0,El Paso Energy Corp Pf,0,0,0
20020625,11809,EPG+',NYSE,46.98486154,48,20,0,El Paso Energy Corp Pf,0,0,0
20020626,11809,EPG+',NYSE,46.98486154,48,0,0,El Paso Energy Corp Pf,0,0,0
20020627,11809,EPG+',NYSE,47.47428718,48.5,12,0,El Paso Energy Corp Pf,0,0,0
20020628,11809,EPG+',NYSE,47.96371282,49,112,0,El Paso Energy Corp Pf,0,0,0
20020701,11809,EPG+',NYSE,48.0224439,49.06,10,0,El Paso Energy Corp Pf,0,0,0
20020702,11809,EPG+',NYSE,48.0224439,49.06,0,0,El Paso Energy Corp Pf,0,0,0
20020703,11809,EPG+',NYSE,48.0224439,49.06,0,0,El Paso Energy Corp Pf,0,0,0
20020705,11809,EPG+',NYSE,48.0224439,49.06,0,0,El Paso Energy Corp Pf,0,0,0
20020708,11809,EPG+',NYSE,48.0224439,49.06,0,0,El Paso Energy Corp Pf,0,0,0
20020709,11809,EPG+',NYSE,47.96371282,49,2,0,El Paso Energy Corp Pf,0,0,0
20020710,11809,EPG+',NYSE,47.96371282,49,0,0,El Paso Energy Corp Pf,0,0,0
20020711,11809,EPG+',NYSE,46.69120615,47.7,9,0,El Paso Energy Corp Pf,0,0,0
20020712,11809,EPG+',NYSE,46.69120615,47.7,10,0,El Paso Energy Corp Pf,0,0,0
20020715,11809,EPG+',NYSE,45.51658462,46.5,9,0,El Paso Energy Corp Pf,0,0,0
20020716,11809,EPG+',NYSE,46.25072308,47.25,10,0,El Paso Energy Corp Pf,0,0,0
20020717,11809,EPG+',NYSE,46.25072308,47.25,0,0,El Paso Energy Corp Pf,0,0,0
20020718,11809,EPG+',NYSE,46.00601026,47,5,0,El Paso Energy Corp Pf,0,0,0
20020719,11809,EPG+',NYSE,46.00601026,47,20,0,El Paso Energy Corp Pf,0,0,0
20020722,11809,EPG+',NYSE,46.00601026,47,0,0,El Paso Energy Corp Pf,0,0,0
20020723,11809,EPG+',NYSE,46.01579877,47.01,5,0,El Paso Energy Corp Pf,0,0,0
20020724,11809,EPG+',NYSE,45.02715897,46,4,0,El Paso Energy Corp Pf,0,0,0
20020725,11809,EPG+',NYSE,45.02715897,46,0,0,El Paso Energy Corp Pf,0,0,0
20020726,11809,EPG+',NYSE,45.02715897,46,0,0,El Paso Energy Corp Pf,0,0,0
20020729,11809,EPG+',NYSE,45.02715897,46,0,0,El Paso Energy Corp Pf,0,0,0
20020730,11809,EPG+',NYSE,45.51658462,46.5,5,0,El Paso Energy Corp Pf,0,0,0
20020731,11809,EPG+',NYSE,45.51658462,46.5,0,0,El Paso Energy Corp Pf,0,0,0
20020801,11809,EPG+',NYSE,45.51658462,46.5,0,0,El Paso Energy Corp Pf,0,0,0
20020802,11809,EPG+',NYSE,46.00601026,47,4,0,El Paso Energy Corp Pf,0,0,0
20020805,11809,EPG+',NYSE,46.00601026,47,0,0,El Paso Energy Corp Pf,0,0,0
20020806,11809,EPG+',NYSE,46.00601026,47,0,0,El Paso Energy Corp Pf,0,0,0
20020807,11809,EPG+',NYSE,46.00601026,47,0,0,El Paso Energy Corp Pf,0,0,0
20020808,11809,EPG+',NYSE,46.00601026,47,0,0,El Paso Energy Corp Pf,0,0,0
20020809,11809,EPG+',NYSE,46.00601026,47,0,0,El Paso Energy Corp Pf,0,0,0
20020812,11809,EPG+',NYSE,46.00601026,47,0,0,El Paso Energy Corp Pf,0,0,0
20020813,11809,EPG+',NYSE,45.99622174,46.99,2,0,El Paso Energy Corp Pf,0,0,0
20020814,11809,EPG+',NYSE,45.85918256,46.85,2,0,El Paso Energy Corp Pf,0,0,0
20020815,11809,EPG+',NYSE,45.85918256,46.85,0,0,El Paso Energy Corp Pf,0,0,0
20020816,11809,EPG+',NYSE,45.85918256,46.85,0,0,El Paso Energy Corp Pf,0,0,0
20020819,11809,EPG+',NYSE,46.00601026,47,10,0,El Paso Energy Corp Pf,0,0,0
20020820,11809,EPG+',NYSE,46.00601026,47,0,0,El Paso Energy Corp Pf,0,0,0
20020821,11809,EPG+',NYSE,46.00601026,47,8,0,El Paso Energy Corp Pf,0,0,0
20020822,11809,EPG+',NYSE,46.00601026,47,10,0,El Paso Energy Corp Pf,0,0,0
20020823,11809,EPG+',NYSE,46.25072308,47.25,11,0,El Paso Energy Corp Pf,0,0,0
20020826,11809,EPG+',NYSE,46.25072308,47.25,13,0,El Paso Energy Corp Pf,0,0,0
20020827,11809,EPG+',NYSE,46.74014872,47.75,138,0,El Paso Energy Corp Pf,0,0,0
20020828,11809,EPG+',NYSE,46.74014872,47.75,531,0,El Paso Energy Corp Pf,0,0,0
20020829,11809,EPG+',NYSE,46.74014872,47.75,0,0,El Paso Energy Corp Pf,0,0,0
20020830,11809,EPG+',NYSE,46.74014872,47.75,0,0,El Paso Energy Corp Pf,0,0,0
20020903,11809,EPG+',NYSE,47.96371282,49,4,0,El Paso Energy Corp Pf,0,0,0
20020904,11809,EPG+',NYSE,47.22957436,48.25,262,0,El Paso Energy Corp Pf,0,0,0
20020905,11809,EPG+',NYSE,46.4954359,47.5,526,0,El Paso Energy Corp Pf,0,0,0
20020906,11809,EPG+',NYSE,46.4954359,47.5,5,0,El Paso Energy Corp Pf,0,0,0
20020909,11809,EPG+',NYSE,47.57217231,48.6,31,0,El Paso Energy Corp Pf,0,0,0
20020910,11809,EPG+',NYSE,47.719,48.75,1031,0,El Paso Energy Corp Pf,0,0,0
20020911,11809,EPG+',NYSE,48.5,48.5,4,0,El Paso Energy Corp Pf,0,0,0
20020912,11809,EPG+',NYSE,48.5,48.5,33,0,El Paso Energy Corp Pf,0,0,0
20020913,11809,EPG+',NYSE,48.5,48.5,0,0,El Paso Energy Corp Pf,0,0,0
20020916,11809,EPG+',NYSE,48.5,48.5,0,0,El Paso Energy Corp Pf,0,0,0
20020917,11809,EPG+',NYSE,48.12,48.12,502,0,El Paso Energy Corp Pf,0,0,0
20020918,11809,EPG+',NYSE,48.4,48.4,65,0,El Paso Energy Corp Pf,0,0,0
20020919,11809,EPG+',NYSE,50,50,27,0,El Paso Energy Corp Pf,0,0,0
20020920,11809,EPG+',NYSE,49,49,25,0,El Paso Energy Corp Pf,0,0,0
20020923,11809,EPG+',NYSE,46.85,46.85,20,0,El Paso Energy Corp Pf,0,0,0
20020924,11809,EPG+',NYSE,45.96,45.96,3,0,El Paso Energy Corp Pf,0,0,0
20020925,11809,EPG+',NYSE,45.3,45.3,22,0,El Paso Energy Corp Pf,0,0,0
20020926,11809,EPG+',NYSE,43.5,43.5,17,0,El Paso Energy Corp Pf,0,0,0
20020927,11809,EPG+',NYSE,43.5,43.5,0,0,El Paso Energy Corp Pf,0,0,0
20020930,11809,EPG+',NYSE,42.44,42.44,36,0,El Paso Energy Corp Pf,0,0,0
20021001,11809,EPG+',NYSE,42,42,3,0,El Paso Energy Corp Pf,0,0,0
20021002,11809,EPG+',NYSE,42,42,0,0,El Paso Energy Corp Pf,0,0,0
20021003,11809,EPG+',NYSE,43.5,43.5,3,0,El Paso Energy Corp Pf,0,0,0
20021004,11809,EPG+',NYSE,44.5,44.5,1,0,El Paso Energy Corp Pf,0,0,0
20021007,11809,EPG+',NYSE,44.5,44.5,0,0,El Paso Energy Corp Pf,0,0,0
20021008,11809,EPG+',NYSE,43.5,43.5,14,0,El Paso Energy Corp Pf,0,0,0
20021009,11809,EPG+',NYSE,44.01,44.01,2,0,El Paso Energy Corp Pf,0,0,0
20021010,11809,EPG+',NYSE,44.26,44.26,2,0,El Paso Energy Corp Pf,0,0,0
20021011,11809,EPG+',NYSE,44.26,44.26,0,0,El Paso Energy Corp Pf,0,0,0
20021014,11809,EPG+',NYSE,43.75,43.75,3,0,El Paso Energy Corp Pf,0,0,0
20021015,11809,EPG+',NYSE,43.25,43.25,2,0,El Paso Energy Corp Pf,0,0,0
20021016,11809,EPG+',NYSE,43,43,3,0,El Paso Energy Corp Pf,0,0,0
20021017,11809,EPG+',NYSE,43,43,0,0,El Paso Energy Corp Pf,0,0,0
20021018,11809,EPG+',NYSE,43,43,31,0,El Paso Energy Corp Pf,0,0,0
20021021,11809,EPG+',NYSE,43,43,15,0,El Paso Energy Corp Pf,0,0,0
20021022,11809,EPG+',NYSE,43,43,0,0,El Paso Energy Corp Pf,0,0,0
20021023,11809,EPG+',NYSE,43.75,43.75,5,0,El Paso Energy Corp Pf,0,0,0
20021024,11809,EPG+',NYSE,43.95,43.95,2,0,El Paso Energy Corp Pf,0,0,0
20021025,11809,EPG+',NYSE,44,44,3,0,El Paso Energy Corp Pf,0,0,0
20021028,11809,EPG+',NYSE,44,44,0,0,El Paso Energy Corp Pf,0,0,0
20021029,11809,EPG+',NYSE,44,44,0,0,El Paso Energy Corp Pf,0,0,0
20021030,11809,EPG+',NYSE,44,44,0,0,El Paso Energy Corp Pf,0,0,0
20021031,11809,EPG+',NYSE,43,43,1,0,El Paso Energy Corp Pf,0,0,0
20021101,11809,EPG+',NYSE,43,43,0,0,El Paso Energy Corp Pf,0,0,0
20021104,11809,EPG+',NYSE,43,43,0,0,El Paso Energy Corp Pf,0,0,0
20021105,11809,EPG+',NYSE,43,43,0,0,El Paso Energy Corp Pf,0,0,0
20021106,11809,EPG+',NYSE,43,43,0,0,El Paso Energy Corp Pf,0,0,0
20021107,11809,EPG+',NYSE,43,43,4,0,El Paso Energy Corp Pf,0,0,0
20021108,11809,EPG+',NYSE,43,43,0,0,El Paso Energy Corp Pf,0,0,0
20021111,11809,EPG+',NYSE,43.98,43.98,4,0,El Paso Energy Corp Pf,0,0,0
20021112,11809,EPG+',NYSE,43.98,43.98,0,0,El Paso Energy Corp Pf,0,0,0
20021113,11809,EPG+',NYSE,43.98,43.98,0,0,El Paso Energy Corp Pf,0,0,0
20021114,11809,EPG+',NYSE,43.98,43.98,0,0,El Paso Energy Corp Pf,0,0,0
