DDate,CSINumber,Symbol,Exchange,DClose,UnAdjustedClose,TotalVolume,Cash,MarketName,PTB,PSR,DPS
19980603,11921,PL+T',NYSE,17.77446906,25.875,49,0,PLC Capital Trust I Pf T,0,0,0
19980604,11921,PL+T',NYSE,17.86033606,26,6,0,PLC Capital Trust I Pf T,0,0,0
19980605,11921,PL+T',NYSE,17.86033606,26,105,0,PLC Capital Trust I Pf T,0,0,0
19980608,11921,PL+T',NYSE,17.94620306,26.125,36,0,PLC Capital Trust I Pf T,0,0,0
19980609,11921,PL+T',NYSE,17.98913656,26.1875,57,0,PLC Capital Trust I Pf T,0,0,0
19980610,11921,PL+T',NYSE,17.98913656,26.1875,79,0,PLC Capital Trust I Pf T,0,0,0
19980611,11921,PL+T',NYSE,17.90326956,26.0625,31,0,PLC Capital Trust I Pf T,0,0,0
19980612,11921,PL+T',NYSE,17.86033606,26,73,0,PLC Capital Trust I Pf T,0,0,0
19980615,11921,PL+T',NYSE,18.03207006,26.25,68,0,PLC Capital Trust I Pf T,0,0,0
19980616,11921,PL+T',NYSE,18.24673756,26.5625,402,0,PLC Capital Trust I Pf T,0,0,0
19980617,11921,PL+T',NYSE,18.22527081,26.53125,67,0,PLC Capital Trust I Pf T,0,0,0
19980618,11921,PL+T',NYSE,17.98913656,26.1875,38,0,PLC Capital Trust I Pf T,0,0,0
19980619,11921,PL+T',NYSE,18.22527081,26.53125,354,0,PLC Capital Trust I Pf T,0,0,0
19980622,11921,PL+T',NYSE,18.31113781,26.65625,105,0,PLC Capital Trust I Pf T,0,0,0
19980623,11921,PL+T',NYSE,18.31113781,26.65625,167,0,PLC Capital Trust I Pf T,0,0,0
19980624,11921,PL+T',NYSE,18.71900606,27.25,55,0,PLC Capital Trust I Pf T,0,0,0
19980625,11921,PL+T',NYSE,18.24814271,26.0625,154,0,PLC Capital Trust I Pf T,0,0,0
19980626,11921,PL+T',NYSE,18.29190325,26.125,41,0,PLC Capital Trust I Pf T,0,0,0
19980629,11921,PL+T',NYSE,18.33566378,26.1875,76,0,PLC Capital Trust I Pf T,0,0,0
19980630,11921,PL+T',NYSE,18.42318485,26.3125,54,0,PLC Capital Trust I Pf T,0,0,0
19980701,11921,PL+T',NYSE,18.37942432,26.25,84,0,PLC Capital Trust I Pf T,0,0,0
19980702,11921,PL+T',NYSE,18.29190325,26.125,26,0,PLC Capital Trust I Pf T,0,0,0
19980706,11921,PL+T',NYSE,18.42318485,26.3125,61,0,PLC Capital Trust I Pf T,0,0,0
19980707,11921,PL+T',NYSE,18.42318485,26.3125,0,0,PLC Capital Trust I Pf T,0,0,0
19980708,11921,PL+T',NYSE,18.29190325,26.125,57,0,PLC Capital Trust I Pf T,0,0,0
19980709,11921,PL+T',NYSE,18.44506512,26.34375,73,0,PLC Capital Trust I Pf T,0,0,0
19980710,11921,PL+T',NYSE,18.24814271,26.0625,27,0,PLC Capital Trust I Pf T,0,0,0
19980713,11921,PL+T',NYSE,18.24814271,26.0625,20,0,PLC Capital Trust I Pf T,0,0,0
19980714,11921,PL+T',NYSE,18.24814271,26.0625,63,0,PLC Capital Trust I Pf T,0,0,0
19980715,11921,PL+T',NYSE,18.24814271,26.0625,23,0,PLC Capital Trust I Pf T,0,0,0
19980716,11921,PL+T',NYSE,18.24814271,26.0625,9,0,PLC Capital Trust I Pf T,0,0,0
19980717,11921,PL+T',NYSE,18.29190325,26.125,126,0,PLC Capital Trust I Pf T,0,0,0
19980720,11921,PL+T',NYSE,18.42318485,26.3125,50,0,PLC Capital Trust I Pf T,0,0,0
19980721,11921,PL+T',NYSE,18.37942432,26.25,73,0,PLC Capital Trust I Pf T,0,0,0
19980722,11921,PL+T',NYSE,18.29190325,26.125,77,0,PLC Capital Trust I Pf T,0,0,0
19980723,11921,PL+T',NYSE,18.44506512,26.34375,120,0,PLC Capital Trust I Pf T,0,0,0
19980724,11921,PL+T',NYSE,18.44506512,26.34375,0,0,PLC Capital Trust I Pf T,0,0,0
19980727,11921,PL+T',NYSE,18.29190325,26.125,19,0,PLC Capital Trust I Pf T,0,0,0
19980728,11921,PL+T',NYSE,18.33566378,26.1875,13,0,PLC Capital Trust I Pf T,0,0,0
19980729,11921,PL+T',NYSE,18.42318485,26.3125,71,0,PLC Capital Trust I Pf T,0,0,0
19980730,11921,PL+T',NYSE,18.46694538,26.375,20,0,PLC Capital Trust I Pf T,0,0,0
19980731,11921,PL+T',NYSE,18.48882565,26.40625,103,0,PLC Capital Trust I Pf T,0,0,0
19980803,11921,PL+T',NYSE,18.48882565,26.40625,46,0,PLC Capital Trust I Pf T,0,0,0
19980804,11921,PL+T',NYSE,18.46694538,26.375,119,0,PLC Capital Trust I Pf T,0,0,0
19980805,11921,PL+T',NYSE,18.53258619,26.46875,157,0,PLC Capital Trust I Pf T,0,0,0
19980806,11921,PL+T',NYSE,18.37942432,26.25,83,0,PLC Capital Trust I Pf T,0,0,0
19980807,11921,PL+T',NYSE,18.42318485,26.3125,44,0,PLC Capital Trust I Pf T,0,0,0
19980810,11921,PL+T',NYSE,18.37942432,26.25,29,0,PLC Capital Trust I Pf T,0,0,0
19980811,11921,PL+T',NYSE,18.37942432,26.25,0,0,PLC Capital Trust I Pf T,0,0,0
19980812,11921,PL+T',NYSE,18.37942432,26.25,29,0,PLC Capital Trust I Pf T,0,0,0
19980813,11921,PL+T',NYSE,18.46694538,26.375,87,0,PLC Capital Trust I Pf T,0,0,0
19980814,11921,PL+T',NYSE,18.42318485,26.3125,21,0,PLC Capital Trust I Pf T,0,0,0
19980817,11921,PL+T',NYSE,18.53258619,26.46875,41,0,PLC Capital Trust I Pf T,0,0,0
19980818,11921,PL+T',NYSE,18.37942432,26.25,26,0,PLC Capital Trust I Pf T,0,0,0
19980819,11921,PL+T',NYSE,18.29190325,26.125,31,0,PLC Capital Trust I Pf T,0,0,0
19980820,11921,PL+T',NYSE,18.37942432,26.25,53,0,PLC Capital Trust I Pf T,0,0,0
19980821,11921,PL+T',NYSE,18.42318485,26.3125,27,0,PLC Capital Trust I Pf T,0,0,0
19980824,11921,PL+T',NYSE,18.31378352,26.15625,83,0,PLC Capital Trust I Pf T,0,0,0
19980825,11921,PL+T',NYSE,18.29190325,26.125,30,0,PLC Capital Trust I Pf T,0,0,0
19980826,11921,PL+T',NYSE,18.29190325,26.125,6,0,PLC Capital Trust I Pf T,0,0,0
19980827,11921,PL+T',NYSE,18.31378352,26.15625,33,0,PLC Capital Trust I Pf T,0,0,0
19980828,11921,PL+T',NYSE,18.31378352,26.15625,84,0,PLC Capital Trust I Pf T,0,0,0
19980831,11921,PL+T',NYSE,18.29190325,26.125,133,0,PLC Capital Trust I Pf T,0,0,0
19980901,11921,PL+T',NYSE,18.46694538,26.375,91,0,PLC Capital Trust I Pf T,0,0,0
19980902,11921,PL+T',NYSE,18.51070592,26.4375,34,0,PLC Capital Trust I Pf T,0,0,0
19980903,11921,PL+T',NYSE,18.64198752,26.625,41,0,PLC Capital Trust I Pf T,0,0,0
19980904,11921,PL+T',NYSE,18.46694538,26.375,14,0,PLC Capital Trust I Pf T,0,0,0
19980908,11921,PL+T',NYSE,18.46694538,26.375,43,0,PLC Capital Trust I Pf T,0,0,0
19980909,11921,PL+T',NYSE,18.55446645,26.5,84,0,PLC Capital Trust I Pf T,0,0,0
19980910,11921,PL+T',NYSE,18.72950859,26.75,43,0,PLC Capital Trust I Pf T,0,0,0
19980911,11921,PL+T',NYSE,18.68574806,26.6875,46,0,PLC Capital Trust I Pf T,0,0,0
19980914,11921,PL+T',NYSE,18.72950859,26.75,86,0,PLC Capital Trust I Pf T,0,0,0
19980915,11921,PL+T',NYSE,18.72950859,26.75,20,0,PLC Capital Trust I Pf T,0,0,0
19980916,11921,PL+T',NYSE,18.76232899,26.796875,313,0,PLC Capital Trust I Pf T,0,0,0
19980917,11921,PL+T',NYSE,18.90455073,27,149,0,PLC Capital Trust I Pf T,0,0,0
19980918,11921,PL+T',NYSE,18.90455073,27,40,0,PLC Capital Trust I Pf T,0,0,0
19980921,11921,PL+T',NYSE,18.97019153,27.09375,117,0,PLC Capital Trust I Pf T,0,0,0
19980922,11921,PL+T',NYSE,18.64198752,26.625,84,0,PLC Capital Trust I Pf T,0,0,0
19980923,11921,PL+T',NYSE,18.64198752,26.625,30,0,PLC Capital Trust I Pf T,0,0,0
19980924,11921,PL+T',NYSE,18.68574806,26.6875,120,0,PLC Capital Trust I Pf T,0,0,0
19980925,11921,PL+T',NYSE,18.65183563,26.125,8,0,PLC Capital Trust I Pf T,0,0,0
19980928,11921,PL+T',NYSE,18.51797078,25.9375,92,0,PLC Capital Trust I Pf T,0,0,0
19980929,11921,PL+T',NYSE,18.51797078,25.9375,34,0,PLC Capital Trust I Pf T,0,0,0
19980930,11921,PL+T',NYSE,18.51797078,25.9375,52,0,PLC Capital Trust I Pf T,0,0,0
19981001,11921,PL+T',NYSE,18.74107886,26.25,18,0,PLC Capital Trust I Pf T,0,0,0
19981002,11921,PL+T',NYSE,18.74107886,26.25,64,0,PLC Capital Trust I Pf T,0,0,0
19981005,11921,PL+T',NYSE,18.91956532,26.5,112,0,PLC Capital Trust I Pf T,0,0,0
19981006,11921,PL+T',NYSE,19.18729502,26.875,67,0,PLC Capital Trust I Pf T,0,0,0
19981007,11921,PL+T',NYSE,19.00880856,26.625,17,0,PLC Capital Trust I Pf T,0,0,0
19981008,11921,PL+T',NYSE,18.74107886,26.25,80,0,PLC Capital Trust I Pf T,0,0,0
19981009,11921,PL+T',NYSE,18.91956532,26.5,29,0,PLC Capital Trust I Pf T,0,0,0
19981012,11921,PL+T',NYSE,18.83032209,26.375,21,0,PLC Capital Trust I Pf T,0,0,0
19981013,11921,PL+T',NYSE,18.74107886,26.25,88,0,PLC Capital Trust I Pf T,0,0,0
19981014,11921,PL+T',NYSE,18.65183563,26.125,8,0,PLC Capital Trust I Pf T,0,0,0
19981015,11921,PL+T',NYSE,18.91956532,26.5,27,0,PLC Capital Trust I Pf T,0,0,0
19981016,11921,PL+T',NYSE,18.69645724,26.1875,48,0,PLC Capital Trust I Pf T,0,0,0
19981019,11921,PL+T',NYSE,18.83032209,26.375,15,0,PLC Capital Trust I Pf T,0,0,0
19981020,11921,PL+T',NYSE,18.74107886,26.25,41,0,PLC Capital Trust I Pf T,0,0,0
19981021,11921,PL+T',NYSE,18.78570048,26.3125,36,0,PLC Capital Trust I Pf T,0,0,0
19981022,11921,PL+T',NYSE,18.74107886,26.25,17,0,PLC Capital Trust I Pf T,0,0,0
19981023,11921,PL+T',NYSE,18.74107886,26.25,34,0,PLC Capital Trust I Pf T,0,0,0
19981026,11921,PL+T',NYSE,18.65183563,26.125,45,0,PLC Capital Trust I Pf T,0,0,0
19981027,11921,PL+T',NYSE,18.74107886,26.25,20,0,PLC Capital Trust I Pf T,0,0,0
19981028,11921,PL+T',NYSE,18.78570048,26.3125,18,0,PLC Capital Trust I Pf T,0,0,0
19981029,11921,PL+T',NYSE,18.78570048,26.3125,0,0,PLC Capital Trust I Pf T,0,0,0
19981030,11921,PL+T',NYSE,18.74107886,26.25,55,0,PLC Capital Trust I Pf T,0,0,0
19981102,11921,PL+T',NYSE,18.69645724,26.1875,41,0,PLC Capital Trust I Pf T,0,0,0
19981103,11921,PL+T',NYSE,18.65183563,26.125,60,0,PLC Capital Trust I Pf T,0,0,0
19981104,11921,PL+T',NYSE,18.74107886,26.25,25,0,PLC Capital Trust I Pf T,0,0,0
19981105,11921,PL+T',NYSE,18.65183563,26.125,22,0,PLC Capital Trust I Pf T,0,0,0
19981106,11921,PL+T',NYSE,18.60721401,26.0625,15,0,PLC Capital Trust I Pf T,0,0,0
19981109,11921,PL+T',NYSE,18.60721401,26.0625,20,0,PLC Capital Trust I Pf T,0,0,0
19981110,11921,PL+T',NYSE,18.74107886,26.25,41,0,PLC Capital Trust I Pf T,0,0,0
19981111,11921,PL+T',NYSE,18.60721401,26.0625,29,0,PLC Capital Trust I Pf T,0,0,0
19981112,11921,PL+T',NYSE,18.60721401,26.0625,0,0,PLC Capital Trust I Pf T,0,0,0
19981113,11921,PL+T',NYSE,18.60721401,26.0625,28,0,PLC Capital Trust I Pf T,0,0,0
19981116,11921,PL+T',NYSE,18.60721401,26.0625,0,0,PLC Capital Trust I Pf T,0,0,0
19981117,11921,PL+T',NYSE,18.5849032,26.03125,277,0,PLC Capital Trust I Pf T,0,0,0
19981118,11921,PL+T',NYSE,18.60721401,26.0625,4,0,PLC Capital Trust I Pf T,0,0,0
19981119,11921,PL+T',NYSE,18.60721401,26.0625,20,0,PLC Capital Trust I Pf T,0,0,0
19981120,11921,PL+T',NYSE,18.69645724,26.1875,62,0,PLC Capital Trust I Pf T,0,0,0
19981123,11921,PL+T',NYSE,18.74107886,26.25,36,0,PLC Capital Trust I Pf T,0,0,0
19981124,11921,PL+T',NYSE,18.74107886,26.25,99,0,PLC Capital Trust I Pf T,0,0,0
19981125,11921,PL+T',NYSE,18.69645724,26.1875,8,0,PLC Capital Trust I Pf T,0,0,0
19981127,11921,PL+T',NYSE,18.69645724,26.1875,28,0,PLC Capital Trust I Pf T,0,0,0
19981130,11921,PL+T',NYSE,18.65183563,26.125,25,0,PLC Capital Trust I Pf T,0,0,0
19981201,11921,PL+T',NYSE,18.74107886,26.25,27,0,PLC Capital Trust I Pf T,0,0,0
19981202,11921,PL+T',NYSE,18.74107886,26.25,28,0,PLC Capital Trust I Pf T,0,0,0
19981203,11921,PL+T',NYSE,18.78570048,26.3125,73,0,PLC Capital Trust I Pf T,0,0,0
19981204,11921,PL+T',NYSE,18.78570048,26.3125,0,0,PLC Capital Trust I Pf T,0,0,0
19981207,11921,PL+T',NYSE,18.80801128,26.34375,59,0,PLC Capital Trust I Pf T,0,0,0
19981208,11921,PL+T',NYSE,18.87494371,26.4375,8,0,PLC Capital Trust I Pf T,0,0,0
19981209,11921,PL+T',NYSE,18.87494371,26.4375,39,0,PLC Capital Trust I Pf T,0,0,0
19981210,11921,PL+T',NYSE,18.87494371,26.4375,31,0,PLC Capital Trust I Pf T,0,0,0
19981211,11921,PL+T',NYSE,18.87494371,26.4375,80,0,PLC Capital Trust I Pf T,0,0,0
19981214,11921,PL+T',NYSE,18.83032209,26.375,308,0,PLC Capital Trust I Pf T,0,0,0
19981215,11921,PL+T',NYSE,18.91956532,26.5,3,0,PLC Capital Trust I Pf T,0,0,0
19981216,11921,PL+T',NYSE,18.87494371,26.4375,60,0,PLC Capital Trust I Pf T,0,0,0
19981217,11921,PL+T',NYSE,18.87494371,26.4375,0,0,PLC Capital Trust I Pf T,0,0,0
19981218,11921,PL+T',NYSE,18.87494371,26.4375,90,0,PLC Capital Trust I Pf T,0,0,0
19981221,11921,PL+T',NYSE,18.89725452,26.46875,98,0,PLC Capital Trust I Pf T,0,0,0
19981222,11921,PL+T',NYSE,18.89725452,26.46875,98,0,PLC Capital Trust I Pf T,0,0,0
19981223,11921,PL+T',NYSE,18.83032209,26.375,17,0,PLC Capital Trust I Pf T,0,0,0
19981224,11921,PL+T',NYSE,18.83032209,26.375,0,0,PLC Capital Trust I Pf T,0,0,0
19981228,11921,PL+T',NYSE,18.88675481,25.9375,10,0,PLC Capital Trust I Pf T,0,0,0
19981229,11921,PL+T',NYSE,18.84124455,25.875,3,0,PLC Capital Trust I Pf T,0,0,0
19981230,11921,PL+T',NYSE,19.11430607,26.25,25,0,PLC Capital Trust I Pf T,0,0,0
19981231,11921,PL+T',NYSE,19.06879582,26.1875,11,0,PLC Capital Trust I Pf T,0,0,0
19990104,11921,PL+T',NYSE,19.11430607,26.25,51,0,PLC Capital Trust I Pf T,0,0,0
19990105,11921,PL+T',NYSE,19.15981632,26.3125,41,0,PLC Capital Trust I Pf T,0,0,0
19990106,11921,PL+T',NYSE,19.06879582,26.1875,11,0,PLC Capital Trust I Pf T,0,0,0
19990107,11921,PL+T',NYSE,19.20532657,26.375,188,0,PLC Capital Trust I Pf T,0,0,0
19990108,11921,PL+T',NYSE,19.11430607,26.25,3,0,PLC Capital Trust I Pf T,0,0,0
19990111,11921,PL+T',NYSE,19.02328556,26.125,59,0,PLC Capital Trust I Pf T,0,0,0
19990112,11921,PL+T',NYSE,18.97777531,26.0625,27,0,PLC Capital Trust I Pf T,0,0,0
19990113,11921,PL+T',NYSE,18.93226506,26,5,0,PLC Capital Trust I Pf T,0,0,0
19990114,11921,PL+T',NYSE,19.11430607,26.25,14,0,PLC Capital Trust I Pf T,0,0,0
19990115,11921,PL+T',NYSE,18.97777531,26.0625,33,0,PLC Capital Trust I Pf T,0,0,0
19990119,11921,PL+T',NYSE,19.02328556,26.125,38,0,PLC Capital Trust I Pf T,0,0,0
19990120,11921,PL+T',NYSE,18.93226506,26,33,0,PLC Capital Trust I Pf T,0,0,0
19990121,11921,PL+T',NYSE,18.93226506,26,44,0,PLC Capital Trust I Pf T,0,0,0
19990122,11921,PL+T',NYSE,18.96639775,26.046875,81,0,PLC Capital Trust I Pf T,0,0,0
19990125,11921,PL+T',NYSE,18.97777531,26.0625,14,0,PLC Capital Trust I Pf T,0,0,0
19990126,11921,PL+T',NYSE,18.93226506,26,14,0,PLC Capital Trust I Pf T,0,0,0
19990127,11921,PL+T',NYSE,19.06879582,26.1875,122,0,PLC Capital Trust I Pf T,0,0,0
19990128,11921,PL+T',NYSE,19.11430607,26.25,25,0,PLC Capital Trust I Pf T,0,0,0
19990129,11921,PL+T',NYSE,19.11430607,26.25,0,0,PLC Capital Trust I Pf T,0,0,0
19990201,11921,PL+T',NYSE,19.11430607,26.25,16,0,PLC Capital Trust I Pf T,0,0,0
19990202,11921,PL+T',NYSE,19.05741825,26.171875,192,0,PLC Capital Trust I Pf T,0,0,0
19990203,11921,PL+T',NYSE,19.11430607,26.25,26,0,PLC Capital Trust I Pf T,0,0,0
19990204,11921,PL+T',NYSE,19.02328556,26.125,54,0,PLC Capital Trust I Pf T,0,0,0
19990205,11921,PL+T',NYSE,19.00053044,26.09375,78,0,PLC Capital Trust I Pf T,0,0,0
19990208,11921,PL+T',NYSE,18.97777531,26.0625,45,0,PLC Capital Trust I Pf T,0,0,0
19990209,11921,PL+T',NYSE,19.11430607,26.25,15,0,PLC Capital Trust I Pf T,0,0,0
19990210,11921,PL+T',NYSE,19.20532657,26.375,14,0,PLC Capital Trust I Pf T,0,0,0
19990211,11921,PL+T',NYSE,18.43165228,25.3125,27,0,PLC Capital Trust I Pf T,0,0,0
19990212,11921,PL+T',NYSE,19.15981632,26.3125,25,0,PLC Capital Trust I Pf T,0,0,0
19990216,11921,PL+T',NYSE,19.20532657,26.375,34,0,PLC Capital Trust I Pf T,0,0,0
19990217,11921,PL+T',NYSE,19.29634708,26.5,19,0,PLC Capital Trust I Pf T,0,0,0
19990218,11921,PL+T',NYSE,19.06879582,26.1875,5,0,PLC Capital Trust I Pf T,0,0,0
19990219,11921,PL+T',NYSE,19.11430607,26.25,22,0,PLC Capital Trust I Pf T,0,0,0
19990222,11921,PL+T',NYSE,19.29634708,26.5,40,0,PLC Capital Trust I Pf T,0,0,0
19990223,11921,PL+T',NYSE,19.15981632,26.3125,56,0,PLC Capital Trust I Pf T,0,0,0
19990224,11921,PL+T',NYSE,19.20532657,26.375,23,0,PLC Capital Trust I Pf T,0,0,0
19990225,11921,PL+T',NYSE,18.97777531,26.0625,136,0,PLC Capital Trust I Pf T,0,0,0
19990226,11921,PL+T',NYSE,19.06879582,26.1875,22,0,PLC Capital Trust I Pf T,0,0,0
19990301,11921,PL+T',NYSE,19.02328556,26.125,26,0,PLC Capital Trust I Pf T,0,0,0
19990302,11921,PL+T',NYSE,19.20532657,26.375,45,0,PLC Capital Trust I Pf T,0,0,0
19990303,11921,PL+T',NYSE,18.97777531,26.0625,60,0,PLC Capital Trust I Pf T,0,0,0
19990304,11921,PL+T',NYSE,18.97777531,26.0625,19,0,PLC Capital Trust I Pf T,0,0,0
19990305,11921,PL+T',NYSE,18.93226506,26,56,0,PLC Capital Trust I Pf T,0,0,0
19990308,11921,PL+T',NYSE,18.93226506,26,0,0,PLC Capital Trust I Pf T,0,0,0
19990309,11921,PL+T',NYSE,19.06879582,26.1875,14,0,PLC Capital Trust I Pf T,0,0,0
19990310,11921,PL+T',NYSE,19.06879582,26.1875,0,0,PLC Capital Trust I Pf T,0,0,0
19990311,11921,PL+T',NYSE,19.00053044,26.09375,93,0,PLC Capital Trust I Pf T,0,0,0
19990312,11921,PL+T',NYSE,19.06879582,26.1875,70,0,PLC Capital Trust I Pf T,0,0,0
19990315,11921,PL+T',NYSE,18.97777531,26.0625,19,0,PLC Capital Trust I Pf T,0,0,0
19990316,11921,PL+T',NYSE,18.97777531,26.0625,5,0,PLC Capital Trust I Pf T,0,0,0
19990317,11921,PL+T',NYSE,18.97777531,26.0625,47,0,PLC Capital Trust I Pf T,0,0,0
19990318,11921,PL+T',NYSE,18.97777531,26.0625,0,0,PLC Capital Trust I Pf T,0,0,0
19990319,11921,PL+T',NYSE,18.97777531,26.0625,22,0,PLC Capital Trust I Pf T,0,0,0
19990322,11921,PL+T',NYSE,19.02328556,26.125,56,0,PLC Capital Trust I Pf T,0,0,0
19990323,11921,PL+T',NYSE,19.02328556,26.125,4,0,PLC Capital Trust I Pf T,0,0,0
19990324,11921,PL+T',NYSE,19.02328556,26.125,1,0,PLC Capital Trust I Pf T,0,0,0
19990325,11921,PL+T',NYSE,19.11430607,26.25,34,0,PLC Capital Trust I Pf T,0,0,0
19990326,11921,PL+T',NYSE,19.21828908,25.875,43,0,PLC Capital Trust I Pf T,0,0,0
19990329,11921,PL+T',NYSE,19.21828908,25.875,0,0,PLC Capital Trust I Pf T,0,0,0
19990330,11921,PL+T',NYSE,18.93976315,25.5,100,0,PLC Capital Trust I Pf T,0,0,0
19990331,11921,PL+T',NYSE,19.05581562,25.65625,269,0,PLC Capital Trust I Pf T,0,0,0
19990401,11921,PL+T',NYSE,19.07902612,25.6875,7,0,PLC Capital Trust I Pf T,0,0,0
19990405,11921,PL+T',NYSE,19.17186809,25.8125,61,0,PLC Capital Trust I Pf T,0,0,0
19990406,11921,PL+T',NYSE,18.98618414,25.5625,62,0,PLC Capital Trust I Pf T,0,0,0
19990407,11921,PL+T',NYSE,18.98618414,25.5625,62,0,PLC Capital Trust I Pf T,0,0,0
19990408,11921,PL+T',NYSE,19.00939463,25.59375,106,0,PLC Capital Trust I Pf T,0,0,0
19990409,11921,PL+T',NYSE,19.17186809,25.8125,15,0,PLC Capital Trust I Pf T,0,0,0
19990412,11921,PL+T',NYSE,19.05581562,25.65625,62,0,PLC Capital Trust I Pf T,0,0,0
19990413,11921,PL+T',NYSE,19.21828908,25.875,51,0,PLC Capital Trust I Pf T,0,0,0
19990414,11921,PL+T',NYSE,18.98618414,25.5625,40,0,PLC Capital Trust I Pf T,0,0,0
19990415,11921,PL+T',NYSE,18.93976315,25.5,8,0,PLC Capital Trust I Pf T,0,0,0
19990416,11921,PL+T',NYSE,18.93976315,25.5,16,0,PLC Capital Trust I Pf T,0,0,0
19990419,11921,PL+T',NYSE,18.93976315,25.5,0,0,PLC Capital Trust I Pf T,0,0,0
19990420,11921,PL+T',NYSE,19.03260513,25.625,22,0,PLC Capital Trust I Pf T,0,0,0
19990421,11921,PL+T',NYSE,19.03260513,25.625,35,0,PLC Capital Trust I Pf T,0,0,0
19990422,11921,PL+T',NYSE,19.03260513,25.625,0,0,PLC Capital Trust I Pf T,0,0,0
19990423,11921,PL+T',NYSE,18.98618414,25.5625,55,0,PLC Capital Trust I Pf T,0,0,0
19990426,11921,PL+T',NYSE,19.12544711,25.75,13,0,PLC Capital Trust I Pf T,0,0,0
19990427,11921,PL+T',NYSE,19.03260513,25.625,12,0,PLC Capital Trust I Pf T,0,0,0
19990428,11921,PL+T',NYSE,19.03260513,25.625,22,0,PLC Capital Trust I Pf T,0,0,0
19990429,11921,PL+T',NYSE,19.09063136,25.703125,113,0,PLC Capital Trust I Pf T,0,0,0
19990430,11921,PL+T',NYSE,19.17186809,25.8125,57,0,PLC Capital Trust I Pf T,0,0,0
19990503,11921,PL+T',NYSE,19.21828908,25.875,5,0,PLC Capital Trust I Pf T,0,0,0
19990504,11921,PL+T',NYSE,19.12544711,25.75,7,0,PLC Capital Trust I Pf T,0,0,0
19990505,11921,PL+T',NYSE,19.07902612,25.6875,48,0,PLC Capital Trust I Pf T,0,0,0
19990506,11921,PL+T',NYSE,19.12544711,25.75,19,0,PLC Capital Trust I Pf T,0,0,0
19990507,11921,PL+T',NYSE,19.07902612,25.6875,3,0,PLC Capital Trust I Pf T,0,0,0
19990510,11921,PL+T',NYSE,19.17186809,25.8125,13,0,PLC Capital Trust I Pf T,0,0,0
19990511,11921,PL+T',NYSE,19.12544711,25.75,1,0,PLC Capital Trust I Pf T,0,0,0
19990512,11921,PL+T',NYSE,19.21828908,25.875,32,0,PLC Capital Trust I Pf T,0,0,0
19990513,11921,PL+T',NYSE,19.17186809,25.8125,13,0,PLC Capital Trust I Pf T,0,0,0
19990514,11921,PL+T',NYSE,19.17186809,25.8125,35,0,PLC Capital Trust I Pf T,0,0,0
19990517,11921,PL+T',NYSE,19.12544711,25.75,26,0,PLC Capital Trust I Pf T,0,0,0
19990518,11921,PL+T',NYSE,19.31113106,26,81,0,PLC Capital Trust I Pf T,0,0,0
19990519,11921,PL+T',NYSE,19.12544711,25.75,7,0,PLC Capital Trust I Pf T,0,0,0
19990520,11921,PL+T',NYSE,19.12544711,25.75,0,0,PLC Capital Trust I Pf T,0,0,0
19990521,11921,PL+T',NYSE,19.12544711,25.75,19,0,PLC Capital Trust I Pf T,0,0,0
19990524,11921,PL+T',NYSE,19.26471007,25.9375,54,0,PLC Capital Trust I Pf T,0,0,0
19990525,11921,PL+T',NYSE,19.16026285,25.796875,42,0,PLC Capital Trust I Pf T,0,0,0
19990526,11921,PL+T',NYSE,19.26471007,25.9375,44,0,PLC Capital Trust I Pf T,0,0,0
19990527,11921,PL+T',NYSE,19.40397303,26.125,38,0,PLC Capital Trust I Pf T,0,0,0
19990528,11921,PL+T',NYSE,19.45039402,26.1875,38,0,PLC Capital Trust I Pf T,0,0,0
19990601,11921,PL+T',NYSE,19.31113106,26,22,0,PLC Capital Trust I Pf T,0,0,0
19990602,11921,PL+T',NYSE,19.31113106,26,19,0,PLC Capital Trust I Pf T,0,0,0
19990603,11921,PL+T',NYSE,19.21828908,25.875,57,0,PLC Capital Trust I Pf T,0,0,0
19990604,11921,PL+T',NYSE,19.45039402,26.1875,35,0,PLC Capital Trust I Pf T,0,0,0
19990607,11921,PL+T',NYSE,19.45039402,26.1875,0,0,PLC Capital Trust I Pf T,0,0,0
19990608,11921,PL+T',NYSE,19.31113106,26,20,0,PLC Capital Trust I Pf T,0,0,0
19990609,11921,PL+T',NYSE,19.31113106,26,4,0,PLC Capital Trust I Pf T,0,0,0
19990610,11921,PL+T',NYSE,19.40397303,26.125,105,0,PLC Capital Trust I Pf T,0,0,0
19990611,11921,PL+T',NYSE,19.21828908,25.875,32,0,PLC Capital Trust I Pf T,0,0,0
19990614,11921,PL+T',NYSE,19.17186809,25.8125,13,0,PLC Capital Trust I Pf T,0,0,0
19990615,11921,PL+T',NYSE,19.03260513,25.625,31,0,PLC Capital Trust I Pf T,0,0,0
19990616,11921,PL+T',NYSE,19.03260513,25.625,5,0,PLC Capital Trust I Pf T,0,0,0
19990617,11921,PL+T',NYSE,19.03260513,25.625,50,0,PLC Capital Trust I Pf T,0,0,0
19990618,11921,PL+T',NYSE,19.03260513,25.625,0,0,PLC Capital Trust I Pf T,0,0,0
19990621,11921,PL+T',NYSE,19.07902612,25.6875,15,0,PLC Capital Trust I Pf T,0,0,0
19990622,11921,PL+T',NYSE,19.03260513,25.625,13,0,PLC Capital Trust I Pf T,0,0,0
19990623,11921,PL+T',NYSE,18.98618414,25.5625,26,0,PLC Capital Trust I Pf T,0,0,0
19990624,11921,PL+T',NYSE,19.07902612,25.6875,4,0,PLC Capital Trust I Pf T,0,0,0
19990625,11921,PL+T',NYSE,18.99640832,25.0625,3,0,PLC Capital Trust I Pf T,0,0,0
19990628,11921,PL+T',NYSE,18.85429055,24.875,21,0,PLC Capital Trust I Pf T,0,0,0
19990629,11921,PL+T',NYSE,19.28064386,25.4375,146,0,PLC Capital Trust I Pf T,0,0,0
19990630,11921,PL+T',NYSE,19.28064386,25.4375,61,0,PLC Capital Trust I Pf T,0,0,0
19990701,11921,PL+T',NYSE,19.56487939,25.8125,86,0,PLC Capital Trust I Pf T,0,0,0
19990702,11921,PL+T',NYSE,19.61225198,25.875,12,0,PLC Capital Trust I Pf T,0,0,0
19990706,11921,PL+T',NYSE,19.47013421,25.6875,36,0,PLC Capital Trust I Pf T,0,0,0
19990707,11921,PL+T',NYSE,19.60040884,25.859375,84,0,PLC Capital Trust I Pf T,0,0,0
19990708,11921,PL+T',NYSE,19.61225198,25.875,18,0,PLC Capital Trust I Pf T,0,0,0
19990709,11921,PL+T',NYSE,19.61225198,25.875,18,0,PLC Capital Trust I Pf T,0,0,0
19990712,11921,PL+T',NYSE,19.37538904,25.5625,21,0,PLC Capital Trust I Pf T,0,0,0
19990713,11921,PL+T',NYSE,19.37538904,25.5625,0,0,PLC Capital Trust I Pf T,0,0,0
19990714,11921,PL+T',NYSE,19.32801645,25.5,15,0,PLC Capital Trust I Pf T,0,0,0
19990715,11921,PL+T',NYSE,19.23327127,25.375,13,0,PLC Capital Trust I Pf T,0,0,0
19990716,11921,PL+T',NYSE,19.28064386,25.4375,7,0,PLC Capital Trust I Pf T,0,0,0
19990719,11921,PL+T',NYSE,19.28064386,25.4375,24,0,PLC Capital Trust I Pf T,0,0,0
19990720,11921,PL+T',NYSE,19.28064386,25.4375,13,0,PLC Capital Trust I Pf T,0,0,0
19990721,11921,PL+T',NYSE,19.28064386,25.4375,16,0,PLC Capital Trust I Pf T,0,0,0
19990722,11921,PL+T',NYSE,19.23327127,25.375,50,0,PLC Capital Trust I Pf T,0,0,0
19990723,11921,PL+T',NYSE,19.23327127,25.375,22,0,PLC Capital Trust I Pf T,0,0,0
19990726,11921,PL+T',NYSE,19.42276163,25.625,22,0,PLC Capital Trust I Pf T,0,0,0
19990727,11921,PL+T',NYSE,19.18589868,25.3125,16,0,PLC Capital Trust I Pf T,0,0,0
19990728,11921,PL+T',NYSE,19.13852609,25.25,26,0,PLC Capital Trust I Pf T,0,0,0
19990729,11921,PL+T',NYSE,19.04378091,25.125,115,0,PLC Capital Trust I Pf T,0,0,0
19990730,11921,PL+T',NYSE,18.99640832,25.0625,12,0,PLC Capital Trust I Pf T,0,0,0
19990802,11921,PL+T',NYSE,18.90166314,24.9375,20,0,PLC Capital Trust I Pf T,0,0,0
19990803,11921,PL+T',NYSE,18.85429055,24.875,9,0,PLC Capital Trust I Pf T,0,0,0
19990804,11921,PL+T',NYSE,18.85429055,24.875,0,0,PLC Capital Trust I Pf T,0,0,0
19990805,11921,PL+T',NYSE,18.75954537,24.75,13,0,PLC Capital Trust I Pf T,0,0,0
19990806,11921,PL+T',NYSE,18.85429055,24.875,7,0,PLC Capital Trust I Pf T,0,0,0
19990809,11921,PL+T',NYSE,18.85429055,24.875,17,0,PLC Capital Trust I Pf T,0,0,0
19990810,11921,PL+T',NYSE,18.75954537,24.75,7,0,PLC Capital Trust I Pf T,0,0,0
19990811,11921,PL+T',NYSE,18.71217279,24.6875,133,0,PLC Capital Trust I Pf T,0,0,0
19990812,11921,PL+T',NYSE,18.52268243,24.4375,26,0,PLC Capital Trust I Pf T,0,0,0
19990813,11921,PL+T',NYSE,18.52268243,24.4375,0,0,PLC Capital Trust I Pf T,0,0,0
19990816,11921,PL+T',NYSE,18.85429055,24.875,40,0,PLC Capital Trust I Pf T,0,0,0
19990817,11921,PL+T',NYSE,19.04378091,25.125,11,0,PLC Capital Trust I Pf T,0,0,0
19990818,11921,PL+T',NYSE,18.94903573,25,3,0,PLC Capital Trust I Pf T,0,0,0
19990819,11921,PL+T',NYSE,18.85429055,24.875,5,0,PLC Capital Trust I Pf T,0,0,0
19990820,11921,PL+T',NYSE,18.85429055,24.875,0,0,PLC Capital Trust I Pf T,0,0,0
19990823,11921,PL+T',NYSE,18.85429055,24.875,36,0,PLC Capital Trust I Pf T,0,0,0
19990824,11921,PL+T',NYSE,18.85429055,24.875,8,0,PLC Capital Trust I Pf T,0,0,0
19990825,11921,PL+T',NYSE,18.94903573,25,5,0,PLC Capital Trust I Pf T,0,0,0
19990826,11921,PL+T',NYSE,18.90166314,24.9375,8,0,PLC Capital Trust I Pf T,0,0,0
19990827,11921,PL+T',NYSE,18.90166314,24.9375,7,0,PLC Capital Trust I Pf T,0,0,0
19990830,11921,PL+T',NYSE,18.90166314,24.9375,51,0,PLC Capital Trust I Pf T,0,0,0
19990831,11921,PL+T',NYSE,18.6648002,24.625,22,0,PLC Capital Trust I Pf T,0,0,0
19990901,11921,PL+T',NYSE,18.1910743,24,178,0,PLC Capital Trust I Pf T,0,0,0
19990902,11921,PL+T',NYSE,18.71217279,24.6875,29,0,PLC Capital Trust I Pf T,0,0,0
19990903,11921,PL+T',NYSE,18.57005502,24.5,8,0,PLC Capital Trust I Pf T,0,0,0
19990907,11921,PL+T',NYSE,18.80691796,24.8125,22,0,PLC Capital Trust I Pf T,0,0,0
19990908,11921,PL+T',NYSE,18.85429055,24.875,17,0,PLC Capital Trust I Pf T,0,0,0
19990909,11921,PL+T',NYSE,19.0911535,25.1875,32,0,PLC Capital Trust I Pf T,0,0,0
19990910,11921,PL+T',NYSE,19.04378091,25.125,26,0,PLC Capital Trust I Pf T,0,0,0
19990913,11921,PL+T',NYSE,19.04378091,25.125,0,0,PLC Capital Trust I Pf T,0,0,0
19990914,11921,PL+T',NYSE,18.94903573,25,5,0,PLC Capital Trust I Pf T,0,0,0
19990915,11921,PL+T',NYSE,18.85429055,24.875,9,0,PLC Capital Trust I Pf T,0,0,0
19990916,11921,PL+T',NYSE,18.75954537,24.75,15,0,PLC Capital Trust I Pf T,0,0,0
19990917,11921,PL+T',NYSE,18.75954537,24.75,0,0,PLC Capital Trust I Pf T,0,0,0
19990920,11921,PL+T',NYSE,18.6648002,24.625,29,0,PLC Capital Trust I Pf T,0,0,0
19990921,11921,PL+T',NYSE,18.75954537,24.75,16,0,PLC Capital Trust I Pf T,0,0,0
19990922,11921,PL+T',NYSE,18.57005502,24.5,40,0,PLC Capital Trust I Pf T,0,0,0
19990923,11921,PL+T',NYSE,18.47530984,24.375,92,0,PLC Capital Trust I Pf T,0,0,0
19990924,11921,PL+T',NYSE,18.59374131,24.53125,131,0,PLC Capital Trust I Pf T,0,0,0
19990927,11921,PL+T',NYSE,18.7271054,24.1875,10,0,PLC Capital Trust I Pf T,0,0,0
19990928,11921,PL+T',NYSE,18.7271054,24.1875,0,0,PLC Capital Trust I Pf T,0,0,0
19990929,11921,PL+T',NYSE,18.77549585,24.25,26,0,PLC Capital Trust I Pf T,0,0,0
19990930,11921,PL+T',NYSE,18.87227676,24.375,116,0,PLC Capital Trust I Pf T,0,0,0
19991001,11921,PL+T',NYSE,18.92066721,24.4375,17,0,PLC Capital Trust I Pf T,0,0,0
19991004,11921,PL+T',NYSE,18.82388631,24.3125,6,0,PLC Capital Trust I Pf T,0,0,0
19991005,11921,PL+T',NYSE,18.82388631,24.3125,0,0,PLC Capital Trust I Pf T,0,0,0
19991006,11921,PL+T',NYSE,18.92066721,24.4375,98,0,PLC Capital Trust I Pf T,0,0,0
19991007,11921,PL+T',NYSE,18.92066721,24.4375,0,0,PLC Capital Trust I Pf T,0,0,0
19991008,11921,PL+T',NYSE,18.92066721,24.4375,30,0,PLC Capital Trust I Pf T,0,0,0
19991011,11921,PL+T',NYSE,19.01744812,24.5625,5,0,PLC Capital Trust I Pf T,0,0,0
19991012,11921,PL+T',NYSE,19.06583857,24.625,15,0,PLC Capital Trust I Pf T,0,0,0
19991013,11921,PL+T',NYSE,19.06583857,24.625,0,0,PLC Capital Trust I Pf T,0,0,0
19991014,11921,PL+T',NYSE,18.96905767,24.5,5,0,PLC Capital Trust I Pf T,0,0,0
19991015,11921,PL+T',NYSE,19.21100993,24.8125,26,0,PLC Capital Trust I Pf T,0,0,0
19991018,11921,PL+T',NYSE,19.21100993,24.8125,0,0,PLC Capital Trust I Pf T,0,0,0
19991019,11921,PL+T',NYSE,19.06583857,24.625,12,0,PLC Capital Trust I Pf T,0,0,0
19991020,11921,PL+T',NYSE,19.06583857,24.625,23,0,PLC Capital Trust I Pf T,0,0,0
19991021,11921,PL+T',NYSE,19.06583857,24.625,0,0,PLC Capital Trust I Pf T,0,0,0
19991022,11921,PL+T',NYSE,18.96905767,24.5,21,0,PLC Capital Trust I Pf T,0,0,0
19991025,11921,PL+T',NYSE,18.92066721,24.4375,10,0,PLC Capital Trust I Pf T,0,0,0
19991026,11921,PL+T',NYSE,18.92066721,24.4375,15,0,PLC Capital Trust I Pf T,0,0,0
19991027,11921,PL+T',NYSE,18.92066721,24.4375,5,0,PLC Capital Trust I Pf T,0,0,0
19991028,11921,PL+T',NYSE,18.82388631,24.3125,61,0,PLC Capital Trust I Pf T,0,0,0
19991029,11921,PL+T',NYSE,18.87227676,24.375,9,0,PLC Capital Trust I Pf T,0,0,0
19991101,11921,PL+T',NYSE,18.87227676,24.375,0,0,PLC Capital Trust I Pf T,0,0,0
19991102,11921,PL+T',NYSE,18.87227676,24.375,4,0,PLC Capital Trust I Pf T,0,0,0
19991103,11921,PL+T',NYSE,19.01744812,24.5625,1,0,PLC Capital Trust I Pf T,0,0,0
19991104,11921,PL+T',NYSE,18.96905767,24.5,41,0,PLC Capital Trust I Pf T,0,0,0
19991105,11921,PL+T',NYSE,18.96905767,24.5,52,0,PLC Capital Trust I Pf T,0,0,0
19991108,11921,PL+T',NYSE,18.96905767,24.5,134,0,PLC Capital Trust I Pf T,0,0,0
19991109,11921,PL+T',NYSE,18.99325289,24.53125,80,0,PLC Capital Trust I Pf T,0,0,0
19991110,11921,PL+T',NYSE,18.96905767,24.5,4,0,PLC Capital Trust I Pf T,0,0,0
19991111,11921,PL+T',NYSE,18.96905767,24.5,3,0,PLC Capital Trust I Pf T,0,0,0
19991112,11921,PL+T',NYSE,18.92066721,24.4375,13,0,PLC Capital Trust I Pf T,0,0,0
19991115,11921,PL+T',NYSE,18.96905767,24.5,57,0,PLC Capital Trust I Pf T,0,0,0
19991116,11921,PL+T',NYSE,18.92066721,24.4375,57,0,PLC Capital Trust I Pf T,0,0,0
19991117,11921,PL+T',NYSE,18.92066721,24.4375,0,0,PLC Capital Trust I Pf T,0,0,0
19991118,11921,PL+T',NYSE,18.77549585,24.25,10,0,PLC Capital Trust I Pf T,0,0,0
19991119,11921,PL+T',NYSE,18.82388631,24.3125,13,0,PLC Capital Trust I Pf T,0,0,0
19991122,11921,PL+T',NYSE,18.77549585,24.25,17,0,PLC Capital Trust I Pf T,0,0,0
19991123,11921,PL+T',NYSE,18.7271054,24.1875,154,0,PLC Capital Trust I Pf T,0,0,0
19991124,11921,PL+T',NYSE,18.58193404,24,27,0,PLC Capital Trust I Pf T,0,0,0
19991126,11921,PL+T',NYSE,18.58193404,24,0,0,PLC Capital Trust I Pf T,0,0,0
19991129,11921,PL+T',NYSE,18.30368894,23.640625,66,0,PLC Capital Trust I Pf T,0,0,0
19991130,11921,PL+T',NYSE,18.53354359,23.9375,12,0,PLC Capital Trust I Pf T,0,0,0
19991201,11921,PL+T',NYSE,18.48515313,23.875,36,0,PLC Capital Trust I Pf T,0,0,0
19991202,11921,PL+T',NYSE,18.24320087,23.5625,28,0,PLC Capital Trust I Pf T,0,0,0
19991203,11921,PL+T',NYSE,18.19481042,23.5,46,0,PLC Capital Trust I Pf T,0,0,0
19991206,11921,PL+T',NYSE,18.09802951,23.375,43,0,PLC Capital Trust I Pf T,0,0,0
19991207,11921,PL+T',NYSE,18.19481042,23.5,77,0,PLC Capital Trust I Pf T,0,0,0
19991208,11921,PL+T',NYSE,18.0012486,23.25,15,0,PLC Capital Trust I Pf T,0,0,0
19991209,11921,PL+T',NYSE,18.02544383,23.28125,158,0,PLC Capital Trust I Pf T,0,0,0
19991210,11921,PL+T',NYSE,18.50934836,23.90625,27,0,PLC Capital Trust I Pf T,0,0,0
19991213,11921,PL+T',NYSE,18.29159132,23.625,8,0,PLC Capital Trust I Pf T,0,0,0
19991214,11921,PL+T',NYSE,18.09802951,23.375,5,0,PLC Capital Trust I Pf T,0,0,0
19991215,11921,PL+T',NYSE,17.9044677,23.125,40,0,PLC Capital Trust I Pf T,0,0,0
19991216,11921,PL+T',NYSE,17.85607724,23.0625,21,0,PLC Capital Trust I Pf T,0,0,0
19991217,11921,PL+T',NYSE,17.71090588,22.875,26,0,PLC Capital Trust I Pf T,0,0,0
19991220,11921,PL+T',NYSE,17.71090588,22.875,30,0,PLC Capital Trust I Pf T,0,0,0
19991221,11921,PL+T',NYSE,17.42056316,22.5,27,0,PLC Capital Trust I Pf T,0,0,0
19991222,11921,PL+T',NYSE,17.42056316,22.5,52,0,PLC Capital Trust I Pf T,0,0,0
19991223,11921,PL+T',NYSE,17.80768679,23,31,0,PLC Capital Trust I Pf T,0,0,0
19991227,11921,PL+T',NYSE,17.75929634,22.9375,28,0,PLC Capital Trust I Pf T,0,0,0
19991228,11921,PL+T',NYSE,17.42544073,22,33,0,PLC Capital Trust I Pf T,0,0,0
19991229,11921,PL+T',NYSE,17.32643255,21.875,66,0,PLC Capital Trust I Pf T,0,0,0
19991230,11921,PL+T',NYSE,17.25217641,21.78125,102,0,PLC Capital Trust I Pf T,0,0,0
19991231,11921,PL+T',NYSE,17.37593664,21.9375,80,0,PLC Capital Trust I Pf T,0,0,0
20000103,11921,PL+T',NYSE,17.32643255,21.875,24,0,PLC Capital Trust I Pf T,0,0,0
20000104,11921,PL+T',NYSE,17.42544073,22,3,0,PLC Capital Trust I Pf T,0,0,0
20000105,11921,PL+T',NYSE,17.12841618,21.625,82,0,PLC Capital Trust I Pf T,0,0,0
20000106,11921,PL+T',NYSE,16.83139162,21.25,101,0,PLC Capital Trust I Pf T,0,0,0
20000107,11921,PL+T',NYSE,17.42544073,22,178,0,PLC Capital Trust I Pf T,0,0,0
20000110,11921,PL+T',NYSE,17.22742436,21.75,19,0,PLC Capital Trust I Pf T,0,0,0
20000111,11921,PL+T',NYSE,17.25217641,21.78125,117,0,PLC Capital Trust I Pf T,0,0,0
20000112,11921,PL+T',NYSE,17.17792027,21.6875,5,0,PLC Capital Trust I Pf T,0,0,0
20000113,11921,PL+T',NYSE,17.12841618,21.625,101,0,PLC Capital Trust I Pf T,0,0,0
20000114,11921,PL+T',NYSE,17.52444892,22.125,27,0,PLC Capital Trust I Pf T,0,0,0
20000118,11921,PL+T',NYSE,17.22742436,21.75,125,0,PLC Capital Trust I Pf T,0,0,0
20000119,11921,PL+T',NYSE,17.32643255,21.875,51,0,PLC Capital Trust I Pf T,0,0,0
20000120,11921,PL+T',NYSE,17.17792027,21.6875,10,0,PLC Capital Trust I Pf T,0,0,0
20000121,11921,PL+T',NYSE,17.52444892,22.125,231,0,PLC Capital Trust I Pf T,0,0,0
20000124,11921,PL+T',NYSE,17.72246529,22.375,30,0,PLC Capital Trust I Pf T,0,0,0
20000125,11921,PL+T',NYSE,17.72246529,22.375,25,0,PLC Capital Trust I Pf T,0,0,0
20000126,11921,PL+T',NYSE,17.72246529,22.375,14,0,PLC Capital Trust I Pf T,0,0,0
20000127,11921,PL+T',NYSE,17.92048166,22.625,16,0,PLC Capital Trust I Pf T,0,0,0
20000128,11921,PL+T',NYSE,17.82147348,22.5,33,0,PLC Capital Trust I Pf T,0,0,0
20000131,11921,PL+T',NYSE,18.01948985,22.75,10,0,PLC Capital Trust I Pf T,0,0,0
20000201,11921,PL+T',NYSE,17.82147348,22.5,9,0,PLC Capital Trust I Pf T,0,0,0
20000202,11921,PL+T',NYSE,17.72246529,22.375,3,0,PLC Capital Trust I Pf T,0,0,0
20000203,11921,PL+T',NYSE,18.01948985,22.75,9,0,PLC Capital Trust I Pf T,0,0,0
20000204,11921,PL+T',NYSE,17.92048166,22.625,27,0,PLC Capital Trust I Pf T,0,0,0
20000207,11921,PL+T',NYSE,18.01948985,22.75,43,0,PLC Capital Trust I Pf T,0,0,0
20000208,11921,PL+T',NYSE,18.11849804,22.875,57,0,PLC Capital Trust I Pf T,0,0,0
20000209,11921,PL+T',NYSE,17.87097757,22.5625,13,0,PLC Capital Trust I Pf T,0,0,0
20000210,11921,PL+T',NYSE,17.87097757,22.5625,6,0,PLC Capital Trust I Pf T,0,0,0
20000211,11921,PL+T',NYSE,17.85860155,22.546875,61,0,PLC Capital Trust I Pf T,0,0,0
20000214,11921,PL+T',NYSE,17.77196938,22.4375,4,0,PLC Capital Trust I Pf T,0,0,0
20000215,11921,PL+T',NYSE,17.77196938,22.4375,13,0,PLC Capital Trust I Pf T,0,0,0
20000216,11921,PL+T',NYSE,17.52444892,22.125,24,0,PLC Capital Trust I Pf T,0,0,0
20000217,11921,PL+T',NYSE,17.82147348,22.5,10,0,PLC Capital Trust I Pf T,0,0,0
20000218,11921,PL+T',NYSE,17.62345711,22.25,37,0,PLC Capital Trust I Pf T,0,0,0
20000222,11921,PL+T',NYSE,17.87097757,22.5625,77,0,PLC Capital Trust I Pf T,0,0,0
20000223,11921,PL+T',NYSE,17.62345711,22.25,8,0,PLC Capital Trust I Pf T,0,0,0
20000224,11921,PL+T',NYSE,17.92048166,22.625,13,0,PLC Capital Trust I Pf T,0,0,0
20000225,11921,PL+T',NYSE,17.62345711,22.25,13,0,PLC Capital Trust I Pf T,0,0,0
20000228,11921,PL+T',NYSE,17.82147348,22.5,14,0,PLC Capital Trust I Pf T,0,0,0
20000229,11921,PL+T',NYSE,17.82147348,22.5,20,0,PLC Capital Trust I Pf T,0,0,0
20000301,11921,PL+T',NYSE,17.72246529,22.375,9,0,PLC Capital Trust I Pf T,0,0,0
20000302,11921,PL+T',NYSE,17.47494483,22.0625,119,0,PLC Capital Trust I Pf T,0,0,0
20000303,11921,PL+T',NYSE,17.47494483,22.0625,64,0,PLC Capital Trust I Pf T,0,0,0
20000306,11921,PL+T',NYSE,17.82147348,22.5,18,0,PLC Capital Trust I Pf T,0,0,0
20000307,11921,PL+T',NYSE,17.42544073,22,33,0,PLC Capital Trust I Pf T,0,0,0
20000308,11921,PL+T',NYSE,17.37593664,21.9375,29,0,PLC Capital Trust I Pf T,0,0,0
20000309,11921,PL+T',NYSE,17.52444892,22.125,29,0,PLC Capital Trust I Pf T,0,0,0
20000310,11921,PL+T',NYSE,17.37593664,21.9375,6,0,PLC Capital Trust I Pf T,0,0,0
20000313,11921,PL+T',NYSE,17.27692845,21.8125,14,0,PLC Capital Trust I Pf T,0,0,0
20000314,11921,PL+T',NYSE,17.37593664,21.9375,48,0,PLC Capital Trust I Pf T,0,0,0
20000315,11921,PL+T',NYSE,17.35118459,21.90625,100,0,PLC Capital Trust I Pf T,0,0,0
20000316,11921,PL+T',NYSE,17.42544073,22,56,0,PLC Capital Trust I Pf T,0,0,0
20000317,11921,PL+T',NYSE,17.82147348,22.5,6,0,PLC Capital Trust I Pf T,0,0,0
20000320,11921,PL+T',NYSE,17.52444892,22.125,42,0,PLC Capital Trust I Pf T,0,0,0
20000321,11921,PL+T',NYSE,17.62345711,22.25,11,0,PLC Capital Trust I Pf T,0,0,0
20000322,11921,PL+T',NYSE,17.62345711,22.25,0,0,PLC Capital Trust I Pf T,0,0,0
20000323,11921,PL+T',NYSE,17.82147348,22.5,61,0,PLC Capital Trust I Pf T,0,0,0
20000324,11921,PL+T',NYSE,17.84622552,22.53125,167,0,PLC Capital Trust I Pf T,0,0,0
20000327,11921,PL+T',NYSE,17.35118459,21.90625,15,0,PLC Capital Trust I Pf T,0,0,0
20000328,11921,PL+T',NYSE,17.49090907,21.5625,37,0,PLC Capital Trust I Pf T,0,0,0
20000329,11921,PL+T',NYSE,17.51625822,21.59375,101,0,PLC Capital Trust I Pf T,0,0,0
20000330,11921,PL+T',NYSE,17.84579708,22,12,0,PLC Capital Trust I Pf T,0,0,0
20000331,11921,PL+T',NYSE,17.74440051,21.875,7,0,PLC Capital Trust I Pf T,0,0,0
20000403,11921,PL+T',NYSE,17.74440051,21.875,12,0,PLC Capital Trust I Pf T,0,0,0
20000404,11921,PL+T',NYSE,17.54160736,21.625,20,0,PLC Capital Trust I Pf T,0,0,0
20000405,11921,PL+T',NYSE,17.84579708,22,125,0,PLC Capital Trust I Pf T,0,0,0
20000406,11921,PL+T',NYSE,18.25138338,22.5,30,0,PLC Capital Trust I Pf T,0,0,0
20000407,11921,PL+T',NYSE,18.14998681,22.375,27,0,PLC Capital Trust I Pf T,0,0,0
20000410,11921,PL+T',NYSE,18.5555731,22.875,30,0,PLC Capital Trust I Pf T,0,0,0
20000411,11921,PL+T',NYSE,18.40347824,22.6875,28,0,PLC Capital Trust I Pf T,0,0,0
20000412,11921,PL+T',NYSE,18.14998681,22.375,23,0,PLC Capital Trust I Pf T,0,0,0
20000413,11921,PL+T',NYSE,17.89649537,22.0625,78,0,PLC Capital Trust I Pf T,0,0,0
20000414,11921,PL+T',NYSE,17.84579708,22,25,0,PLC Capital Trust I Pf T,0,0,0
20000417,11921,PL+T',NYSE,17.74440051,21.875,18,0,PLC Capital Trust I Pf T,0,0,0
20000418,11921,PL+T',NYSE,18.14998681,22.375,148,0,PLC Capital Trust I Pf T,0,0,0
20000419,11921,PL+T',NYSE,18.25138338,22.5,17,0,PLC Capital Trust I Pf T,0,0,0
20000420,11921,PL+T',NYSE,17.84579708,22,38,0,PLC Capital Trust I Pf T,0,0,0
20000424,11921,PL+T',NYSE,17.84579708,22,25,0,PLC Capital Trust I Pf T,0,0,0
20000425,11921,PL+T',NYSE,18.14998681,22.375,35,0,PLC Capital Trust I Pf T,0,0,0
20000426,11921,PL+T',NYSE,18.25138338,22.5,138,0,PLC Capital Trust I Pf T,0,0,0
20000427,11921,PL+T',NYSE,18.25138338,22.5,0,0,PLC Capital Trust I Pf T,0,0,0
20000428,11921,PL+T',NYSE,18.20068509,22.4375,2,0,PLC Capital Trust I Pf T,0,0,0
20000501,11921,PL+T',NYSE,17.84579708,22,85,0,PLC Capital Trust I Pf T,0,0,0
20000502,11921,PL+T',NYSE,18.14998681,22.375,18,0,PLC Capital Trust I Pf T,0,0,0
20000503,11921,PL+T',NYSE,17.84579708,22,38,0,PLC Capital Trust I Pf T,0,0,0
20000504,11921,PL+T',NYSE,17.84579708,22,57,0,PLC Capital Trust I Pf T,0,0,0
20000505,11921,PL+T',NYSE,18.04859023,22.25,36,0,PLC Capital Trust I Pf T,0,0,0
20000508,11921,PL+T',NYSE,17.69370222,21.8125,15,0,PLC Capital Trust I Pf T,0,0,0
20000509,11921,PL+T',NYSE,17.84579708,22,15,0,PLC Capital Trust I Pf T,0,0,0
20000510,11921,PL+T',NYSE,17.54160736,21.625,11,0,PLC Capital Trust I Pf T,0,0,0
20000511,11921,PL+T',NYSE,17.84579708,22,46,0,PLC Capital Trust I Pf T,0,0,0
20000512,11921,PL+T',NYSE,17.54160736,21.625,11,0,PLC Capital Trust I Pf T,0,0,0
20000515,11921,PL+T',NYSE,17.54160736,21.625,1,0,PLC Capital Trust I Pf T,0,0,0
20000516,11921,PL+T',NYSE,17.7950988,21.9375,32,0,PLC Capital Trust I Pf T,0,0,0
20000517,11921,PL+T',NYSE,17.84579708,22,11,0,PLC Capital Trust I Pf T,0,0,0
20000518,11921,PL+T',NYSE,18.04859023,22.25,51,0,PLC Capital Trust I Pf T,0,0,0
20000519,11921,PL+T',NYSE,17.59230565,21.6875,47,0,PLC Capital Trust I Pf T,0,0,0
20000522,11921,PL+T',NYSE,17.84579708,22,20,0,PLC Capital Trust I Pf T,0,0,0
20000523,11921,PL+T',NYSE,17.64300393,21.75,18,0,PLC Capital Trust I Pf T,0,0,0
20000524,11921,PL+T',NYSE,17.74440051,21.875,14,0,PLC Capital Trust I Pf T,0,0,0
20000525,11921,PL+T',NYSE,17.84579708,22,33,0,PLC Capital Trust I Pf T,0,0,0
20000526,11921,PL+T',NYSE,17.74440051,21.875,4,0,PLC Capital Trust I Pf T,0,0,0
20000530,11921,PL+T',NYSE,17.74440051,21.875,0,0,PLC Capital Trust I Pf T,0,0,0
20000531,11921,PL+T',NYSE,18.04859023,22.25,75,0,PLC Capital Trust I Pf T,0,0,0
20000601,11921,PL+T',NYSE,18.04859023,22.25,0,0,PLC Capital Trust I Pf T,0,0,0
20000602,11921,PL+T',NYSE,18.25138338,22.5,15,0,PLC Capital Trust I Pf T,0,0,0
20000605,11921,PL+T',NYSE,18.04859023,22.25,25,0,PLC Capital Trust I Pf T,0,0,0
20000606,11921,PL+T',NYSE,18.14998681,22.375,9,0,PLC Capital Trust I Pf T,0,0,0
20000607,11921,PL+T',NYSE,18.25138338,22.5,12,0,PLC Capital Trust I Pf T,0,0,0
20000608,11921,PL+T',NYSE,18.45417653,22.75,44,0,PLC Capital Trust I Pf T,0,0,0
20000609,11921,PL+T',NYSE,18.80906454,23.1875,9,0,PLC Capital Trust I Pf T,0,0,0
20000612,11921,PL+T',NYSE,18.45417653,22.75,46,0,PLC Capital Trust I Pf T,0,0,0
20000613,11921,PL+T',NYSE,18.45417653,22.75,89,0,PLC Capital Trust I Pf T,0,0,0
20000614,11921,PL+T',NYSE,18.5555731,22.875,32,0,PLC Capital Trust I Pf T,0,0,0
20000615,11921,PL+T',NYSE,18.35277996,22.625,39,0,PLC Capital Trust I Pf T,0,0,0
20000616,11921,PL+T',NYSE,18.45417653,22.75,38,0,PLC Capital Trust I Pf T,0,0,0
20000619,11921,PL+T',NYSE,18.35277996,22.625,21,0,PLC Capital Trust I Pf T,0,0,0
20000620,11921,PL+T',NYSE,18.5555731,22.875,4,0,PLC Capital Trust I Pf T,0,0,0
20000621,11921,PL+T',NYSE,18.60627139,22.9375,63,0,PLC Capital Trust I Pf T,0,0,0
20000622,11921,PL+T',NYSE,18.60627139,22.9375,57,0,PLC Capital Trust I Pf T,0,0,0
20000623,11921,PL+T',NYSE,18.80906454,23.1875,36,0,PLC Capital Trust I Pf T,0,0,0
20000626,11921,PL+T',NYSE,18.45417653,22.75,30,0,PLC Capital Trust I Pf T,0,0,0
20000627,11921,PL+T',NYSE,18.4674565,22.25,1,0,PLC Capital Trust I Pf T,0,0,0
20000628,11921,PL+T',NYSE,18.5323001,22.328125,30,0,PLC Capital Trust I Pf T,0,0,0
20000629,11921,PL+T',NYSE,18.98620528,22.875,10,0,PLC Capital Trust I Pf T,0,0,0
20000630,11921,PL+T',NYSE,18.84354936,22.703125,43,0,PLC Capital Trust I Pf T,0,0,0
20000703,11921,PL+T',NYSE,19.08995503,23,2,0,PLC Capital Trust I Pf T,0,0,0
20000705,11921,PL+T',NYSE,19.08995503,23,4,0,PLC Capital Trust I Pf T,0,0,0
20000706,11921,PL+T',NYSE,19.08995503,23,27,0,PLC Capital Trust I Pf T,0,0,0
20000707,11921,PL+T',NYSE,19.08995503,23,18,0,PLC Capital Trust I Pf T,0,0,0
20000710,11921,PL+T',NYSE,18.9343304,22.8125,13,0,PLC Capital Trust I Pf T,0,0,0
20000711,11921,PL+T',NYSE,18.9343304,22.8125,11,0,PLC Capital Trust I Pf T,0,0,0
20000712,11921,PL+T',NYSE,19.08995503,23,20,0,PLC Capital Trust I Pf T,0,0,0
20000713,11921,PL+T',NYSE,18.999174,22.890625,182,0,PLC Capital Trust I Pf T,0,0,0
20000714,11921,PL+T',NYSE,19.08995503,23,34,0,PLC Capital Trust I Pf T,0,0,0
20000717,11921,PL+T',NYSE,19.14182991,23.0625,1,0,PLC Capital Trust I Pf T,0,0,0
20000718,11921,PL+T',NYSE,19.08995503,23,10,0,PLC Capital Trust I Pf T,0,0,0
20000719,11921,PL+T',NYSE,19.08995503,23,0,0,PLC Capital Trust I Pf T,0,0,0
20000720,11921,PL+T',NYSE,19.29745454,23.25,18,0,PLC Capital Trust I Pf T,0,0,0
20000721,11921,PL+T',NYSE,19.29745454,23.25,8,0,PLC Capital Trust I Pf T,0,0,0
20000724,11921,PL+T',NYSE,19.10292375,23.015625,40,0,PLC Capital Trust I Pf T,0,0,0
20000725,11921,PL+T',NYSE,19.08995503,23,4,0,PLC Capital Trust I Pf T,0,0,0
20000726,11921,PL+T',NYSE,18.9343304,22.8125,14,0,PLC Capital Trust I Pf T,0,0,0
20000727,11921,PL+T',NYSE,18.9343304,22.8125,0,0,PLC Capital Trust I Pf T,0,0,0
20000728,11921,PL+T',NYSE,19.14182991,23.0625,4,0,PLC Capital Trust I Pf T,0,0,0
20000731,11921,PL+T',NYSE,19.03808015,22.9375,52,0,PLC Capital Trust I Pf T,0,0,0
20000801,11921,PL+T',NYSE,19.08995503,23,11,0,PLC Capital Trust I Pf T,0,0,0
20000802,11921,PL+T',NYSE,19.34932942,23.3125,18,0,PLC Capital Trust I Pf T,0,0,0
20000803,11921,PL+T',NYSE,19.14182991,23.0625,2,0,PLC Capital Trust I Pf T,0,0,0
20000804,11921,PL+T',NYSE,18.9343304,22.8125,27,0,PLC Capital Trust I Pf T,0,0,0
20000807,11921,PL+T',NYSE,19.34932942,23.3125,13,0,PLC Capital Trust I Pf T,0,0,0
20000808,11921,PL+T',NYSE,19.19370479,23.125,35,0,PLC Capital Trust I Pf T,0,0,0
20000809,11921,PL+T',NYSE,19.24557967,23.1875,10,0,PLC Capital Trust I Pf T,0,0,0
20000810,11921,PL+T',NYSE,19.4012043,23.375,22,0,PLC Capital Trust I Pf T,0,0,0
20000811,11921,PL+T',NYSE,19.71245357,23.75,23,0,PLC Capital Trust I Pf T,0,0,0
20000814,11921,PL+T',NYSE,19.29745454,23.25,20,0,PLC Capital Trust I Pf T,0,0,0
20000815,11921,PL+T',NYSE,19.60870381,23.625,10,0,PLC Capital Trust I Pf T,0,0,0
20000816,11921,PL+T',NYSE,19.45307918,23.4375,23,0,PLC Capital Trust I Pf T,0,0,0
20000817,11921,PL+T',NYSE,19.45307918,23.4375,37,0,PLC Capital Trust I Pf T,0,0,0
20000818,11921,PL+T',NYSE,19.45307918,23.4375,0,0,PLC Capital Trust I Pf T,0,0,0
20000821,11921,PL+T',NYSE,19.71245357,23.75,23,0,PLC Capital Trust I Pf T,0,0,0
20000822,11921,PL+T',NYSE,19.60870381,23.625,35,0,PLC Capital Trust I Pf T,0,0,0
20000823,11921,PL+T',NYSE,19.60870381,23.625,6,0,PLC Capital Trust I Pf T,0,0,0
20000824,11921,PL+T',NYSE,19.8680782,23.9375,5,0,PLC Capital Trust I Pf T,0,0,0
20000825,11921,PL+T',NYSE,20.02370283,24.125,8,0,PLC Capital Trust I Pf T,0,0,0
20000828,11921,PL+T',NYSE,19.81620332,23.875,19,0,PLC Capital Trust I Pf T,0,0,0
20000829,11921,PL+T',NYSE,19.60870381,23.625,16,0,PLC Capital Trust I Pf T,0,0,0
20000830,11921,PL+T',NYSE,19.8680782,23.9375,18,0,PLC Capital Trust I Pf T,0,0,0
20000831,11921,PL+T',NYSE,20.02370283,24.125,13,0,PLC Capital Trust I Pf T,0,0,0
20000901,11921,PL+T',NYSE,20.02370283,24.125,5,0,PLC Capital Trust I Pf T,0,0,0
20000905,11921,PL+T',NYSE,20.3349521,24.5,67,0,PLC Capital Trust I Pf T,0,0,0
20000906,11921,PL+T',NYSE,20.23120234,24.375,57,0,PLC Capital Trust I Pf T,0,0,0
20000907,11921,PL+T',NYSE,19.91995308,24,6,0,PLC Capital Trust I Pf T,0,0,0
20000908,11921,PL+T',NYSE,19.97182795,24.0625,8,0,PLC Capital Trust I Pf T,0,0,0
20000911,11921,PL+T',NYSE,20.54245161,24.75,20,0,PLC Capital Trust I Pf T,0,0,0
20000912,11921,PL+T',NYSE,20.3349521,24.5,27,0,PLC Capital Trust I Pf T,0,0,0
20000913,11921,PL+T',NYSE,20.3349521,24.5,23,0,PLC Capital Trust I Pf T,0,0,0
20000914,11921,PL+T',NYSE,20.3349521,24.5,69,0,PLC Capital Trust I Pf T,0,0,0
20000915,11921,PL+T',NYSE,20.3349521,24.5,43,0,PLC Capital Trust I Pf T,0,0,0
20000918,11921,PL+T',NYSE,20.17932747,24.3125,10,0,PLC Capital Trust I Pf T,0,0,0
20000919,11921,PL+T',NYSE,20.3349521,24.5,39,0,PLC Capital Trust I Pf T,0,0,0
20000920,11921,PL+T',NYSE,20.3349521,24.5,23,0,PLC Capital Trust I Pf T,0,0,0
20000921,11921,PL+T',NYSE,20.28307722,24.4375,11,0,PLC Capital Trust I Pf T,0,0,0
20000922,11921,PL+T',NYSE,20.23120234,24.375,108,0,PLC Capital Trust I Pf T,0,0,0
20000925,11921,PL+T',NYSE,20.23120234,24.375,90,0,PLC Capital Trust I Pf T,0,0,0
20000926,11921,PL+T',NYSE,20.23120234,24.375,19,0,PLC Capital Trust I Pf T,0,0,0
20000927,11921,PL+T',NYSE,19.87379207,23.4375,21,0,PLC Capital Trust I Pf T,0,0,0
20000928,11921,PL+T',NYSE,20.35076308,24,79,0,PLC Capital Trust I Pf T,0,0,0
20000929,11921,PL+T',NYSE,20.0327824,23.625,31,0,PLC Capital Trust I Pf T,0,0,0
20001002,11921,PL+T',NYSE,20.13877596,23.75,70,0,PLC Capital Trust I Pf T,0,0,0
20001003,11921,PL+T',NYSE,20.24476952,23.875,28,0,PLC Capital Trust I Pf T,0,0,0
20001004,11921,PL+T',NYSE,20.24476952,23.875,28,0,PLC Capital Trust I Pf T,0,0,0
20001005,11921,PL+T',NYSE,19.97978562,23.5625,73,0,PLC Capital Trust I Pf T,0,0,0
20001006,11921,PL+T',NYSE,20.13877596,23.75,5,0,PLC Capital Trust I Pf T,0,0,0
20001009,11921,PL+T',NYSE,20.24476952,23.875,2,0,PLC Capital Trust I Pf T,0,0,0
20001010,11921,PL+T',NYSE,20.13877596,23.75,14,0,PLC Capital Trust I Pf T,0,0,0
20001011,11921,PL+T',NYSE,19.87379207,23.4375,116,0,PLC Capital Trust I Pf T,0,0,0
20001012,11921,PL+T',NYSE,19.87379207,23.4375,67,0,PLC Capital Trust I Pf T,0,0,0
20001013,11921,PL+T',NYSE,19.55581139,23.0625,15,0,PLC Capital Trust I Pf T,0,0,0
20001016,11921,PL+T',NYSE,19.66180495,23.1875,61,0,PLC Capital Trust I Pf T,0,0,0
20001017,11921,PL+T',NYSE,19.87379207,23.4375,9,0,PLC Capital Trust I Pf T,0,0,0
20001018,11921,PL+T',NYSE,19.92678885,23.5,5,0,PLC Capital Trust I Pf T,0,0,0
20001019,11921,PL+T',NYSE,19.92678885,23.5,42,0,PLC Capital Trust I Pf T,0,0,0
20001020,11921,PL+T',NYSE,19.76779851,23.3125,21,0,PLC Capital Trust I Pf T,0,0,0
20001023,11921,PL+T',NYSE,19.71480173,23.25,50,0,PLC Capital Trust I Pf T,0,0,0
20001024,11921,PL+T',NYSE,19.92678885,23.5,21,0,PLC Capital Trust I Pf T,0,0,0
20001025,11921,PL+T',NYSE,19.92678885,23.5,87,0,PLC Capital Trust I Pf T,0,0,0
20001026,11921,PL+T',NYSE,19.92678885,23.5,37,0,PLC Capital Trust I Pf T,0,0,0
20001027,11921,PL+T',NYSE,19.97978562,23.5625,39,0,PLC Capital Trust I Pf T,0,0,0
20001030,11921,PL+T',NYSE,19.97978562,23.5625,57,0,PLC Capital Trust I Pf T,0,0,0
20001031,11921,PL+T',NYSE,19.97978562,23.5625,19,0,PLC Capital Trust I Pf T,0,0,0
20001101,11921,PL+T',NYSE,19.97978562,23.5625,73,0,PLC Capital Trust I Pf T,0,0,0
20001102,11921,PL+T',NYSE,19.82079529,23.375,84,0,PLC Capital Trust I Pf T,0,0,0
20001103,11921,PL+T',NYSE,19.92678885,23.5,12,0,PLC Capital Trust I Pf T,0,0,0
20001106,11921,PL+T',NYSE,19.92678885,23.5,40,0,PLC Capital Trust I Pf T,0,0,0
20001107,11921,PL+T',NYSE,19.92678885,23.5,13,0,PLC Capital Trust I Pf T,0,0,0
20001108,11921,PL+T',NYSE,19.87379207,23.4375,67,0,PLC Capital Trust I Pf T,0,0,0
20001109,11921,PL+T',NYSE,19.92678885,23.5,66,0,PLC Capital Trust I Pf T,0,0,0
20001110,11921,PL+T',NYSE,19.82079529,23.375,17,0,PLC Capital Trust I Pf T,0,0,0
20001113,11921,PL+T',NYSE,20.0327824,23.625,15,0,PLC Capital Trust I Pf T,0,0,0
20001114,11921,PL+T',NYSE,20.08577918,23.6875,46,0,PLC Capital Trust I Pf T,0,0,0
20001115,11921,PL+T',NYSE,19.97978562,23.5625,20,0,PLC Capital Trust I Pf T,0,0,0
20001116,11921,PL+T',NYSE,19.92678885,23.5,18,0,PLC Capital Trust I Pf T,0,0,0
20001117,11921,PL+T',NYSE,20.08577918,23.6875,8,0,PLC Capital Trust I Pf T,0,0,0
20001120,11921,PL+T',NYSE,20.08577918,23.6875,0,0,PLC Capital Trust I Pf T,0,0,0
20001121,11921,PL+T',NYSE,20.08577918,23.6875,0,0,PLC Capital Trust I Pf T,0,0,0
20001122,11921,PL+T',NYSE,19.97978562,23.5625,5,0,PLC Capital Trust I Pf T,0,0,0
20001124,11921,PL+T',NYSE,19.92678885,23.5,24,0,PLC Capital Trust I Pf T,0,0,0
20001127,11921,PL+T',NYSE,20.08577918,23.6875,5,0,PLC Capital Trust I Pf T,0,0,0
20001128,11921,PL+T',NYSE,19.92678885,23.5,50,0,PLC Capital Trust I Pf T,0,0,0
20001129,11921,PL+T',NYSE,19.92678885,23.5,24,0,PLC Capital Trust I Pf T,0,0,0
20001130,11921,PL+T',NYSE,19.92678885,23.5,121,0,PLC Capital Trust I Pf T,0,0,0
20001201,11921,PL+T',NYSE,19.92678885,23.5,14,0,PLC Capital Trust I Pf T,0,0,0
20001204,11921,PL+T',NYSE,20.0327824,23.625,38,0,PLC Capital Trust I Pf T,0,0,0
20001205,11921,PL+T',NYSE,20.08577918,23.6875,47,0,PLC Capital Trust I Pf T,0,0,0
20001206,11921,PL+T',NYSE,20.45675663,24.125,1939,0,PLC Capital Trust I Pf T,0,0,0
20001207,11921,PL+T',NYSE,20.98672442,24.75,86,0,PLC Capital Trust I Pf T,0,0,0
20001208,11921,PL+T',NYSE,20.82773409,24.5625,7,0,PLC Capital Trust I Pf T,0,0,0
20001211,11921,PL+T',NYSE,20.93372764,24.6875,28,0,PLC Capital Trust I Pf T,0,0,0
20001212,11921,PL+T',NYSE,20.98672442,24.75,12,0,PLC Capital Trust I Pf T,0,0,0
20001213,11921,PL+T',NYSE,20.93372764,24.6875,6,0,PLC Capital Trust I Pf T,0,0,0
20001214,11921,PL+T',NYSE,20.98672442,24.75,13,0,PLC Capital Trust I Pf T,0,0,0
20001215,11921,PL+T',NYSE,20.98672442,24.75,1,0,PLC Capital Trust I Pf T,0,0,0
20001218,11921,PL+T',NYSE,20.98672442,24.75,0,0,PLC Capital Trust I Pf T,0,0,0
20001219,11921,PL+T',NYSE,21.09271798,24.875,2,0,PLC Capital Trust I Pf T,0,0,0
20001220,11921,PL+T',NYSE,21.19871154,25,42,0,PLC Capital Trust I Pf T,0,0,0
20001221,11921,PL+T',NYSE,21.19871154,25,18,0,PLC Capital Trust I Pf T,0,0,0
20001222,11921,PL+T',NYSE,21.09271798,24.875,7,0,PLC Capital Trust I Pf T,0,0,0
20001226,11921,PL+T',NYSE,21.53952789,24.875,12,0,PLC Capital Trust I Pf T,0,0,0
20001227,11921,PL+T',NYSE,21.43128905,24.75,12,0,PLC Capital Trust I Pf T,0,0,0
20001228,11921,PL+T',NYSE,21.43128905,24.75,8,0,PLC Capital Trust I Pf T,0,0,0
20001229,11921,PL+T',NYSE,21.32305022,24.625,2,0,PLC Capital Trust I Pf T,0,0,0
20010102,11921,PL+T',NYSE,21.43128905,24.75,53,0,PLC Capital Trust I Pf T,0,0,0
20010103,11921,PL+T',NYSE,21.48540847,24.8125,7,0,PLC Capital Trust I Pf T,0,0,0
20010104,11921,PL+T',NYSE,21.64776672,25,2,0,PLC Capital Trust I Pf T,0,0,0
20010105,11921,PL+T',NYSE,21.32305022,24.625,22,0,PLC Capital Trust I Pf T,0,0,0
20010108,11921,PL+T',NYSE,21.53952789,24.875,33,0,PLC Capital Trust I Pf T,0,0,0
20010109,11921,PL+T',NYSE,21.37716964,24.6875,12,0,PLC Capital Trust I Pf T,0,0,0
20010110,11921,PL+T',NYSE,21.37716964,24.6875,0,0,PLC Capital Trust I Pf T,0,0,0
20010111,11921,PL+T',NYSE,21.37716964,24.6875,1,0,PLC Capital Trust I Pf T,0,0,0
20010112,11921,PL+T',NYSE,21.37716964,24.6875,0,0,PLC Capital Trust I Pf T,0,0,0
20010116,11921,PL+T',NYSE,21.37716964,24.6875,0,0,PLC Capital Trust I Pf T,0,0,0
20010117,11921,PL+T',NYSE,21.43128905,24.75,30,0,PLC Capital Trust I Pf T,0,0,0
20010118,11921,PL+T',NYSE,21.48540847,24.8125,28,0,PLC Capital Trust I Pf T,0,0,0
20010119,11921,PL+T',NYSE,21.5936473,24.9375,5,0,PLC Capital Trust I Pf T,0,0,0
20010122,11921,PL+T',NYSE,21.64776672,25,31,0,PLC Capital Trust I Pf T,0,0,0
20010123,11921,PL+T',NYSE,21.48540847,24.8125,16,0,PLC Capital Trust I Pf T,0,0,0
20010124,11921,PL+T',NYSE,21.64776672,25,12,0,PLC Capital Trust I Pf T,0,0,0
20010125,11921,PL+T',NYSE,21.64776672,25,3,0,PLC Capital Trust I Pf T,0,0,0
20010126,11921,PL+T',NYSE,21.70188614,25.0625,1,0,PLC Capital Trust I Pf T,0,0,0
20010129,11921,PL+T',NYSE,21.43994816,24.76,28,0,PLC Capital Trust I Pf T,0,0,0
20010130,11921,PL+T',NYSE,21.64776672,25,17,0,PLC Capital Trust I Pf T,0,0,0
20010131,11921,PL+T',NYSE,21.64776672,25,14,0,PLC Capital Trust I Pf T,0,0,0
20010201,11921,PL+T',NYSE,21.751676,25.12,44,0,PLC Capital Trust I Pf T,0,0,0
20010202,11921,PL+T',NYSE,21.69106225,25.05,23,0,PLC Capital Trust I Pf T,0,0,0
20010205,11921,PL+T',NYSE,21.82094885,25.2,13,0,PLC Capital Trust I Pf T,0,0,0
20010206,11921,PL+T',NYSE,21.82094885,25.2,0,0,PLC Capital Trust I Pf T,0,0,0
20010207,11921,PL+T',NYSE,21.73435779,25.1,9,0,PLC Capital Trust I Pf T,0,0,0
20010208,11921,PL+T',NYSE,21.69106225,25.05,1,0,PLC Capital Trust I Pf T,0,0,0
20010209,11921,PL+T',NYSE,21.77765332,25.15,18,0,PLC Capital Trust I Pf T,0,0,0
20010212,11921,PL+T',NYSE,21.73435779,25.1,2,0,PLC Capital Trust I Pf T,0,0,0
20010213,11921,PL+T',NYSE,21.73435779,25.1,45,0,PLC Capital Trust I Pf T,0,0,0
20010214,11921,PL+T',NYSE,21.95083545,25.35,8,0,PLC Capital Trust I Pf T,0,0,0
20010215,11921,PL+T',NYSE,21.86424439,25.25,31,0,PLC Capital Trust I Pf T,0,0,0
20010216,11921,PL+T',NYSE,21.70838047,25.07,57,0,PLC Capital Trust I Pf T,0,0,0
20010220,11921,PL+T',NYSE,21.86424439,25.25,43,0,PLC Capital Trust I Pf T,0,0,0
20010221,11921,PL+T',NYSE,21.86424439,25.25,0,0,PLC Capital Trust I Pf T,0,0,0
20010222,11921,PL+T',NYSE,21.69972136,25.06,13,0,PLC Capital Trust I Pf T,0,0,0
20010223,11921,PL+T',NYSE,21.70838047,25.07,1,0,PLC Capital Trust I Pf T,0,0,0
20010226,11921,PL+T',NYSE,21.70838047,25.07,5,0,PLC Capital Trust I Pf T,0,0,0
20010227,11921,PL+T',NYSE,21.82094885,25.2,8,0,PLC Capital Trust I Pf T,0,0,0
20010228,11921,PL+T',NYSE,21.82960796,25.21,65,0,PLC Capital Trust I Pf T,0,0,0
20010301,11921,PL+T',NYSE,21.77765332,25.15,1,0,PLC Capital Trust I Pf T,0,0,0
20010302,11921,PL+T',NYSE,21.81228975,25.19,47,0,PLC Capital Trust I Pf T,0,0,0
20010305,11921,PL+T',NYSE,21.81228975,25.19,12,0,PLC Capital Trust I Pf T,0,0,0
20010306,11921,PL+T',NYSE,21.81228975,25.19,9,0,PLC Capital Trust I Pf T,0,0,0
20010307,11921,PL+T',NYSE,21.86424439,25.25,7,0,PLC Capital Trust I Pf T,0,0,0
20010308,11921,PL+T',NYSE,21.81228975,25.19,24,0,PLC Capital Trust I Pf T,0,0,0
20010309,11921,PL+T',NYSE,21.81228975,25.19,5,0,PLC Capital Trust I Pf T,0,0,0
20010312,11921,PL+T',NYSE,21.81228975,25.19,8,0,PLC Capital Trust I Pf T,0,0,0
20010313,11921,PL+T',NYSE,21.81228975,25.19,9,0,PLC Capital Trust I Pf T,0,0,0
20010314,11921,PL+T',NYSE,21.97681277,25.38,18,0,PLC Capital Trust I Pf T,0,0,0
20010315,11921,PL+T',NYSE,21.73435779,25.1,17,0,PLC Capital Trust I Pf T,0,0,0
20010316,11921,PL+T',NYSE,21.73435779,25.1,0,0,PLC Capital Trust I Pf T,0,0,0
20010319,11921,PL+T',NYSE,21.98547188,25.39,17,0,PLC Capital Trust I Pf T,0,0,0
20010320,11921,PL+T',NYSE,21.86424439,25.25,23,0,PLC Capital Trust I Pf T,0,0,0
20010321,11921,PL+T',NYSE,21.86424439,25.25,1,0,PLC Capital Trust I Pf T,0,0,0
20010322,11921,PL+T',NYSE,21.73435779,25.1,25,0,PLC Capital Trust I Pf T,0,0,0
20010323,11921,PL+T',NYSE,21.72569868,25.09,15,0,PLC Capital Trust I Pf T,0,0,0
20010326,11921,PL+T',NYSE,21.82094885,25.2,40,0,PLC Capital Trust I Pf T,0,0,0
20010327,11921,PL+T',NYSE,21.8815626,25.27,54,0,PLC Capital Trust I Pf T,0,0,0
20010328,11921,PL+T',NYSE,21.92222479,24.8,31,0,PLC Capital Trust I Pf T,0,0,0
20010329,11921,PL+T',NYSE,21.92222479,24.8,68,0,PLC Capital Trust I Pf T,0,0,0
20010330,11921,PL+T',NYSE,21.88686636,24.76,24,0,PLC Capital Trust I Pf T,0,0,0
20010402,11921,PL+T',NYSE,21.97526243,24.86,111,0,PLC Capital Trust I Pf T,0,0,0
20010403,11921,PL+T',NYSE,21.98410204,24.87,18,0,PLC Capital Trust I Pf T,0,0,0
20010404,11921,PL+T',NYSE,22.04597929,24.94,15,0,PLC Capital Trust I Pf T,0,0,0
20010405,11921,PL+T',NYSE,22.09901693,25,25,0,PLC Capital Trust I Pf T,0,0,0
20010406,11921,PL+T',NYSE,22.16973378,25.08,80,0,PLC Capital Trust I Pf T,0,0,0
20010409,11921,PL+T',NYSE,22.22277142,25.14,2,0,PLC Capital Trust I Pf T,0,0,0
20010410,11921,PL+T',NYSE,22.14321496,25.05,10,0,PLC Capital Trust I Pf T,0,0,0
20010411,11921,PL+T',NYSE,21.98410204,24.87,25,0,PLC Capital Trust I Pf T,0,0,0
20010412,11921,PL+T',NYSE,21.98410204,24.87,17,0,PLC Capital Trust I Pf T,0,0,0
20010416,11921,PL+T',NYSE,22.01062086,24.9,18,0,PLC Capital Trust I Pf T,0,0,0
20010417,11921,PL+T',NYSE,22.01062086,24.9,6,0,PLC Capital Trust I Pf T,0,0,0
20010418,11921,PL+T',NYSE,21.98410204,24.87,9,0,PLC Capital Trust I Pf T,0,0,0
20010419,11921,PL+T',NYSE,22.01062086,24.9,3,0,PLC Capital Trust I Pf T,0,0,0
20010420,11921,PL+T',NYSE,22.36420513,25.3,15,0,PLC Capital Trust I Pf T,0,0,0
20010423,11921,PL+T',NYSE,22.09901693,25,10,0,PLC Capital Trust I Pf T,0,0,0
20010424,11921,PL+T',NYSE,22.09901693,25,32,0,PLC Capital Trust I Pf T,0,0,0
20010425,11921,PL+T',NYSE,22.09901693,25,5,0,PLC Capital Trust I Pf T,0,0,0
20010426,11921,PL+T',NYSE,22.0636585,24.96,6,0,PLC Capital Trust I Pf T,0,0,0
20010427,11921,PL+T',NYSE,22.05481889,24.95,3,0,PLC Capital Trust I Pf T,0,0,0
20010430,11921,PL+T',NYSE,22.09901693,25,15,0,PLC Capital Trust I Pf T,0,0,0
20010501,11921,PL+T',NYSE,22.09901693,25,11,0,PLC Capital Trust I Pf T,0,0,0
20010502,11921,PL+T',NYSE,22.07249811,24.97,20,0,PLC Capital Trust I Pf T,0,0,0
20010503,11921,PL+T',NYSE,22.0636585,24.96,18,0,PLC Capital Trust I Pf T,0,0,0
20010504,11921,PL+T',NYSE,22.0636585,24.96,0,0,PLC Capital Trust I Pf T,0,0,0
20010507,11921,PL+T',NYSE,22.27580906,25.2,17,0,PLC Capital Trust I Pf T,0,0,0
20010508,11921,PL+T',NYSE,22.27580906,25.2,0,0,PLC Capital Trust I Pf T,0,0,0
20010509,11921,PL+T',NYSE,22.27580906,25.2,0,0,PLC Capital Trust I Pf T,0,0,0
20010510,11921,PL+T',NYSE,22.23161103,25.15,43,0,PLC Capital Trust I Pf T,0,0,0
20010511,11921,PL+T',NYSE,22.3200071,25.25,118,0,PLC Capital Trust I Pf T,0,0,0
20010514,11921,PL+T',NYSE,22.18741299,25.1,25,0,PLC Capital Trust I Pf T,0,0,0
20010515,11921,PL+T',NYSE,22.13437535,25.04,66,0,PLC Capital Trust I Pf T,0,0,0
20010516,11921,PL+T',NYSE,22.26696945,25.19,91,0,PLC Capital Trust I Pf T,0,0,0
20010517,11921,PL+T',NYSE,22.01946047,24.91,12,0,PLC Capital Trust I Pf T,0,0,0
20010518,11921,PL+T',NYSE,22.01946047,24.91,0,0,PLC Capital Trust I Pf T,0,0,0
20010521,11921,PL+T',NYSE,22.02830007,24.92,8,0,PLC Capital Trust I Pf T,0,0,0
20010522,11921,PL+T',NYSE,22.02830007,24.92,0,0,PLC Capital Trust I Pf T,0,0,0
20010523,11921,PL+T',NYSE,22.02830007,24.92,0,0,PLC Capital Trust I Pf T,0,0,0
20010524,11921,PL+T',NYSE,22.14321496,25.05,8,0,PLC Capital Trust I Pf T,0,0,0
20010525,11921,PL+T',NYSE,22.14321496,25.05,0,0,PLC Capital Trust I Pf T,0,0,0
20010529,11921,PL+T',NYSE,22.01946047,24.91,7,0,PLC Capital Trust I Pf T,0,0,0
20010530,11921,PL+T',NYSE,22.18741299,25.1,2,0,PLC Capital Trust I Pf T,0,0,0
20010531,11921,PL+T',NYSE,22.09901693,25,12,0,PLC Capital Trust I Pf T,0,0,0
20010601,11921,PL+T',NYSE,22.18741299,25.1,2,0,PLC Capital Trust I Pf T,0,0,0
20010604,11921,PL+T',NYSE,22.09901693,25,21,0,PLC Capital Trust I Pf T,0,0,0
20010605,11921,PL+T',NYSE,22.09901693,25,0,0,PLC Capital Trust I Pf T,0,0,0
20010606,11921,PL+T',NYSE,22.44376159,25.39,11,0,PLC Capital Trust I Pf T,0,0,0
20010607,11921,PL+T',NYSE,22.10785653,25.01,114,0,PLC Capital Trust I Pf T,0,0,0
20010608,11921,PL+T',NYSE,22.10785653,25.01,0,0,PLC Capital Trust I Pf T,0,0,0
20010611,11921,PL+T',NYSE,22.01946047,24.91,24,0,PLC Capital Trust I Pf T,0,0,0
20010612,11921,PL+T',NYSE,22.09901693,25,52,0,PLC Capital Trust I Pf T,0,0,0
20010613,11921,PL+T',NYSE,22.01062086,24.9,26,0,PLC Capital Trust I Pf T,0,0,0
20010614,11921,PL+T',NYSE,22.01062086,24.9,21,0,PLC Capital Trust I Pf T,0,0,0
20010615,11921,PL+T',NYSE,22.01062086,24.9,0,0,PLC Capital Trust I Pf T,0,0,0
20010618,11921,PL+T',NYSE,22.3200071,25.25,6,0,PLC Capital Trust I Pf T,0,0,0
20010619,11921,PL+T',NYSE,22.35536552,25.29,1,0,PLC Capital Trust I Pf T,0,0,0
20010620,11921,PL+T',NYSE,22.05481889,24.95,14,0,PLC Capital Trust I Pf T,0,0,0
20010621,11921,PL+T',NYSE,22.3200071,25.25,11,0,PLC Capital Trust I Pf T,0,0,0
20010622,11921,PL+T',NYSE,22.3200071,25.25,8,0,PLC Capital Trust I Pf T,0,0,0
20010625,11921,PL+T',NYSE,22.36420513,25.3,11,0,PLC Capital Trust I Pf T,0,0,0
20010626,11921,PL+T',NYSE,22.3200071,25.25,32,0,PLC Capital Trust I Pf T,0,0,0
20010627,11921,PL+T',NYSE,22.56815757,25.01,51,0,PLC Capital Trust I Pf T,0,0,0
20010628,11921,PL+T',NYSE,22.48694469,24.92,24,0,PLC Capital Trust I Pf T,0,0,0
20010629,11921,PL+T',NYSE,22.47792103,24.91,38,0,PLC Capital Trust I Pf T,0,0,0
20010702,11921,PL+T',NYSE,22.42377911,24.85,37,0,PLC Capital Trust I Pf T,0,0,0
20010703,11921,PL+T',NYSE,22.55011026,24.99,2,0,PLC Capital Trust I Pf T,0,0,0
20010705,11921,PL+T',NYSE,22.51401565,24.95,60,0,PLC Capital Trust I Pf T,0,0,0
20010706,11921,PL+T',NYSE,22.47792103,24.91,3,0,PLC Capital Trust I Pf T,0,0,0
20010709,11921,PL+T',NYSE,22.55011026,24.99,24,0,PLC Capital Trust I Pf T,0,0,0
20010710,11921,PL+T',NYSE,22.55011026,24.99,111,0,PLC Capital Trust I Pf T,0,0,0
20010711,11921,PL+T',NYSE,22.56815757,25.01,29,0,PLC Capital Trust I Pf T,0,0,0
20010712,11921,PL+T',NYSE,22.56815757,25.01,6,0,PLC Capital Trust I Pf T,0,0,0
20010713,11921,PL+T',NYSE,22.56815757,25.01,4,0,PLC Capital Trust I Pf T,0,0,0
20010716,11921,PL+T',NYSE,22.55011026,24.99,31,0,PLC Capital Trust I Pf T,0,0,0
20010717,11921,PL+T',NYSE,22.55011026,24.99,3,0,PLC Capital Trust I Pf T,0,0,0
20010718,11921,PL+T',NYSE,22.64937045,25.1,42,0,PLC Capital Trust I Pf T,0,0,0
20010719,11921,PL+T',NYSE,22.57718122,25.02,6,0,PLC Capital Trust I Pf T,0,0,0
20010720,11921,PL+T',NYSE,22.56815757,25.01,11,0,PLC Capital Trust I Pf T,0,0,0
20010723,11921,PL+T',NYSE,22.56815757,25.01,0,0,PLC Capital Trust I Pf T,0,0,0
20010724,11921,PL+T',NYSE,22.56815757,25.01,0,0,PLC Capital Trust I Pf T,0,0,0
20010725,11921,PL+T',NYSE,22.57718122,25.02,27,0,PLC Capital Trust I Pf T,0,0,0
20010726,11921,PL+T',NYSE,22.56815757,25.01,42,0,PLC Capital Trust I Pf T,0,0,0
20010727,11921,PL+T',NYSE,22.56815757,25.01,0,0,PLC Capital Trust I Pf T,0,0,0
20010730,11921,PL+T',NYSE,22.58620488,25.03,2,0,PLC Capital Trust I Pf T,0,0,0
20010731,11921,PL+T',NYSE,22.73960699,25.2,40,0,PLC Capital Trust I Pf T,0,0,0
20010801,11921,PL+T',NYSE,22.73960699,25.2,0,0,PLC Capital Trust I Pf T,0,0,0
20010802,11921,PL+T',NYSE,22.6583941,25.11,23,0,PLC Capital Trust I Pf T,0,0,0
20010803,11921,PL+T',NYSE,22.69448872,25.15,11,0,PLC Capital Trust I Pf T,0,0,0
20010806,11921,PL+T',NYSE,22.42377911,24.85,134,0,PLC Capital Trust I Pf T,0,0,0
20010807,11921,PL+T',NYSE,22.56815757,25.01,154,0,PLC Capital Trust I Pf T,0,0,0
20010808,11921,PL+T',NYSE,22.64937045,25.1,19,0,PLC Capital Trust I Pf T,0,0,0
20010809,11921,PL+T',NYSE,22.55913391,25,22,0,PLC Capital Trust I Pf T,0,0,0
20010810,11921,PL+T',NYSE,22.46889738,24.9,45,0,PLC Capital Trust I Pf T,0,0,0
20010813,11921,PL+T',NYSE,22.55913391,25,3,0,PLC Capital Trust I Pf T,0,0,0
20010814,11921,PL+T',NYSE,22.5230393,24.96,51,0,PLC Capital Trust I Pf T,0,0,0
20010815,11921,PL+T',NYSE,22.55011026,24.99,330,0,PLC Capital Trust I Pf T,0,0,0
20010816,11921,PL+T',NYSE,22.82984352,25.3,382,0,PLC Capital Trust I Pf T,0,0,0
20010817,11921,PL+T',NYSE,22.78472525,25.25,171,0,PLC Capital Trust I Pf T,0,0,0
20010820,11921,PL+T',NYSE,22.60425218,25.05,132,0,PLC Capital Trust I Pf T,0,0,0
20010821,11921,PL+T',NYSE,22.60425218,25.05,11,0,PLC Capital Trust I Pf T,0,0,0
20010822,11921,PL+T',NYSE,22.55913391,25,166,0,PLC Capital Trust I Pf T,0,0,0
20010823,11921,PL+T',NYSE,22.55913391,25,80,0,PLC Capital Trust I Pf T,0,0,0
20010824,11921,PL+T',NYSE,22.55913391,25,170,0,PLC Capital Trust I Pf T,0,0,0
20010827,11921,PL+T',NYSE,22.51401565,24.95,55,0,PLC Capital Trust I Pf T,0,0,0
20010828,11921,PL+T',NYSE,22.51401565,24.95,0,0,PLC Capital Trust I Pf T,0,0,0
20010829,11921,PL+T',NYSE,22.64937045,25.1,525,0,PLC Capital Trust I Pf T,0,0,0
20010830,11921,PL+T',NYSE,22.7757016,25.24,10,0,PLC Capital Trust I Pf T,0,0,0
20010831,11921,PL+T',NYSE,22.78472525,25.25,22,0,PLC Capital Trust I Pf T,0,0,0
20010904,11921,PL+T',NYSE,22.87496179,25.35,112,0,PLC Capital Trust I Pf T,0,0,0
20010905,11921,PL+T',NYSE,22.87496179,25.35,11,0,PLC Capital Trust I Pf T,0,0,0
20010906,11921,PL+T',NYSE,22.79374891,25.26,1,0,PLC Capital Trust I Pf T,0,0,0
20010907,11921,PL+T',NYSE,22.79374891,25.26,13,0,PLC Capital Trust I Pf T,0,0,0
20010910,11921,PL+T',NYSE,22.82984352,25.3,193,0,PLC Capital Trust I Pf T,0,0,0
20010917,11921,PL+T',NYSE,22.46889738,24.9,72,0,PLC Capital Trust I Pf T,0,0,0
20010918,11921,PL+T',NYSE,22.73960699,25.2,29,0,PLC Capital Trust I Pf T,0,0,0
20010919,11921,PL+T',NYSE,22.3876845,24.81,27,0,PLC Capital Trust I Pf T,0,0,0
20010920,11921,PL+T',NYSE,22.46889738,24.9,66,0,PLC Capital Trust I Pf T,0,0,0
20010921,11921,PL+T',NYSE,22.45085007,24.88,14,0,PLC Capital Trust I Pf T,0,0,0
20010924,11921,PL+T',NYSE,22.72155968,25.18,79,0,PLC Capital Trust I Pf T,0,0,0
20010925,11921,PL+T',NYSE,22.73960699,25.2,50,0,PLC Capital Trust I Pf T,0,0,0
20010926,11921,PL+T',NYSE,22.82804493,24.78,2,0,PLC Capital Trust I Pf T,0,0,0
20010927,11921,PL+T',NYSE,22.8464695,24.8,52,0,PLC Capital Trust I Pf T,0,0,0
20010928,11921,PL+T',NYSE,22.9846538,24.95,40,0,PLC Capital Trust I Pf T,0,0,0
20011001,11921,PL+T',NYSE,23.02150294,24.99,20,0,PLC Capital Trust I Pf T,0,0,0
20011002,11921,PL+T',NYSE,22.93859237,24.9,10,0,PLC Capital Trust I Pf T,0,0,0
20011003,11921,PL+T',NYSE,22.96622922,24.93,69,0,PLC Capital Trust I Pf T,0,0,0
20011004,11921,PL+T',NYSE,23.08598894,25.06,78,0,PLC Capital Trust I Pf T,0,0,0
20011005,11921,PL+T',NYSE,23.18732409,25.17,5,0,PLC Capital Trust I Pf T,0,0,0
20011008,11921,PL+T',NYSE,23.0491398,25.02,9,0,PLC Capital Trust I Pf T,0,0,0
20011009,11921,PL+T',NYSE,23.19653638,25.18,20,0,PLC Capital Trust I Pf T,0,0,0
20011010,11921,PL+T',NYSE,23.19653638,25.18,0,0,PLC Capital Trust I Pf T,0,0,0
20011011,11921,PL+T',NYSE,23.05835208,25.03,7,0,PLC Capital Trust I Pf T,0,0,0
20011012,11921,PL+T',NYSE,23.0491398,25.02,8,0,PLC Capital Trust I Pf T,0,0,0
20011015,11921,PL+T',NYSE,23.07677666,25.05,16,0,PLC Capital Trust I Pf T,0,0,0
20011016,11921,PL+T',NYSE,23.16889952,25.15,14,0,PLC Capital Trust I Pf T,0,0,0
20011017,11921,PL+T',NYSE,23.24259781,25.23,29,0,PLC Capital Trust I Pf T,0,0,0
20011018,11921,PL+T',NYSE,22.99386608,24.96,37,0,PLC Capital Trust I Pf T,0,0,0
20011019,11921,PL+T',NYSE,23.03071523,25,10,0,PLC Capital Trust I Pf T,0,0,0
20011022,11921,PL+T',NYSE,23.03071523,25,0,0,PLC Capital Trust I Pf T,0,0,0
20011023,11921,PL+T',NYSE,23.03071523,25,5,0,PLC Capital Trust I Pf T,0,0,0
20011024,11921,PL+T',NYSE,23.03071523,25,4,0,PLC Capital Trust I Pf T,0,0,0
20011025,11921,PL+T',NYSE,23.21496095,25.2,46,0,PLC Capital Trust I Pf T,0,0,0
20011026,11921,PL+T',NYSE,23.21496095,25.2,13,0,PLC Capital Trust I Pf T,0,0,0
20011029,11921,PL+T',NYSE,23.03071523,25,25,0,PLC Capital Trust I Pf T,0,0,0
20011030,11921,PL+T',NYSE,23.07677666,25.05,5,0,PLC Capital Trust I Pf T,0,0,0
20011031,11921,PL+T',NYSE,23.14126266,25.12,5,0,PLC Capital Trust I Pf T,0,0,0
20011101,11921,PL+T',NYSE,23.21496095,25.2,5,0,PLC Capital Trust I Pf T,0,0,0
20011102,11921,PL+T',NYSE,23.12283809,25.1,3,0,PLC Capital Trust I Pf T,0,0,0
20011105,11921,PL+T',NYSE,23.0491398,25.02,11,0,PLC Capital Trust I Pf T,0,0,0
20011106,11921,PL+T',NYSE,23.05835208,25.03,14,0,PLC Capital Trust I Pf T,0,0,0
20011107,11921,PL+T',NYSE,23.16889952,25.15,33,0,PLC Capital Trust I Pf T,0,0,0
20011108,11921,PL+T',NYSE,23.16889952,25.15,4,0,PLC Capital Trust I Pf T,0,0,0
20011109,11921,PL+T',NYSE,23.05835208,25.03,14,0,PLC Capital Trust I Pf T,0,0,0
20011112,11921,PL+T',NYSE,23.05835208,25.03,11,0,PLC Capital Trust I Pf T,0,0,0
20011113,11921,PL+T',NYSE,23.05835208,25.03,25,0,PLC Capital Trust I Pf T,0,0,0
20011114,11921,PL+T',NYSE,23.05835208,25.03,4,0,PLC Capital Trust I Pf T,0,0,0
20011115,11921,PL+T',NYSE,23.05835208,25.03,56,0,PLC Capital Trust I Pf T,0,0,0
20011116,11921,PL+T',NYSE,23.05835208,25.03,20,0,PLC Capital Trust I Pf T,0,0,0
20011119,11921,PL+T',NYSE,23.21496095,25.2,20,0,PLC Capital Trust I Pf T,0,0,0
20011120,11921,PL+T',NYSE,23.28865924,25.28,12,0,PLC Capital Trust I Pf T,0,0,0
20011121,11921,PL+T',NYSE,23.15047495,25.13,22,0,PLC Capital Trust I Pf T,0,0,0
20011123,11921,PL+T',NYSE,23.15047495,25.13,0,0,PLC Capital Trust I Pf T,0,0,0
20011126,11921,PL+T',NYSE,23.21496095,25.2,28,0,PLC Capital Trust I Pf T,0,0,0
20011127,11921,PL+T',NYSE,23.39920667,25.4,16,0,PLC Capital Trust I Pf T,0,0,0
20011128,11921,PL+T',NYSE,23.53739096,25.55,20,0,PLC Capital Trust I Pf T,0,0,0
20011129,11921,PL+T',NYSE,23.24259781,25.23,18,0,PLC Capital Trust I Pf T,0,0,0
20011130,11921,PL+T',NYSE,23.30708381,25.3,13,0,PLC Capital Trust I Pf T,0,0,0
20011203,11921,PL+T',NYSE,23.27023467,25.26,5,0,PLC Capital Trust I Pf T,0,0,0
20011204,11921,PL+T',NYSE,23.4452681,25.45,1,0,PLC Capital Trust I Pf T,0,0,0
20011205,11921,PL+T',NYSE,23.26102238,25.25,4,0,PLC Capital Trust I Pf T,0,0,0
20011206,11921,PL+T',NYSE,23.26102238,25.25,11,0,PLC Capital Trust I Pf T,0,0,0
20011207,11921,PL+T',NYSE,23.35314524,25.35,9,0,PLC Capital Trust I Pf T,0,0,0
20011210,11921,PL+T',NYSE,23.39920667,25.4,15,0,PLC Capital Trust I Pf T,0,0,0
20011211,11921,PL+T',NYSE,23.27023467,25.26,28,0,PLC Capital Trust I Pf T,0,0,0
20011212,11921,PL+T',NYSE,23.16889952,25.15,23,0,PLC Capital Trust I Pf T,0,0,0
20011213,11921,PL+T',NYSE,23.21496095,25.2,7,0,PLC Capital Trust I Pf T,0,0,0
20011214,11921,PL+T',NYSE,23.16889952,25.15,11,0,PLC Capital Trust I Pf T,0,0,0
20011217,11921,PL+T',NYSE,23.25181009,25.24,10,0,PLC Capital Trust I Pf T,0,0,0
20011218,11921,PL+T',NYSE,23.16889952,25.15,37,0,PLC Capital Trust I Pf T,0,0,0
20011219,11921,PL+T',NYSE,23.15968723,25.14,28,0,PLC Capital Trust I Pf T,0,0,0
20011220,11921,PL+T',NYSE,23.15968723,25.14,26,0,PLC Capital Trust I Pf T,0,0,0
20011221,11921,PL+T',NYSE,23.15968723,25.14,33,0,PLC Capital Trust I Pf T,0,0,0
20011224,11921,PL+T',NYSE,23.15968723,25.14,0,0,PLC Capital Trust I Pf T,0,0,0
20011226,11921,PL+T',NYSE,23.28665405,24.76,45,0,PLC Capital Trust I Pf T,0,0,0
20011227,11921,PL+T',NYSE,23.31486889,24.79,9,0,PLC Capital Trust I Pf T,0,0,0
20011228,11921,PL+T',NYSE,23.50296788,24.99,34,0,PLC Capital Trust I Pf T,0,0,0
20011231,11921,PL+T',NYSE,23.32427384,24.8,13,0,PLC Capital Trust I Pf T,0,0,0
20020102,11921,PL+T',NYSE,23.36189364,24.84,33,0,PLC Capital Trust I Pf T,0,0,0
20020103,11921,PL+T',NYSE,23.38070354,24.86,22,0,PLC Capital Trust I Pf T,0,0,0
20020104,11921,PL+T',NYSE,23.51237282,25,35,0,PLC Capital Trust I Pf T,0,0,0
20020107,11921,PL+T',NYSE,23.44653818,24.93,18,0,PLC Capital Trust I Pf T,0,0,0
20020108,11921,PL+T',NYSE,23.46534808,24.95,33,0,PLC Capital Trust I Pf T,0,0,0
20020109,11921,PL+T',NYSE,23.46534808,24.95,0,0,PLC Capital Trust I Pf T,0,0,0
20020110,11921,PL+T',NYSE,23.51237282,25,2,0,PLC Capital Trust I Pf T,0,0,0
20020111,11921,PL+T',NYSE,23.51237282,25,2,0,PLC Capital Trust I Pf T,0,0,0
20020114,11921,PL+T',NYSE,23.51237282,25,2,0,PLC Capital Trust I Pf T,0,0,0
20020115,11921,PL+T',NYSE,23.51237282,25,0,0,PLC Capital Trust I Pf T,0,0,0
20020116,11921,PL+T',NYSE,23.51237282,25,5,0,PLC Capital Trust I Pf T,0,0,0
20020117,11921,PL+T',NYSE,23.51237282,25,55,0,PLC Capital Trust I Pf T,0,0,0
20020118,11921,PL+T',NYSE,23.51237282,25,7,0,PLC Capital Trust I Pf T,0,0,0
20020122,11921,PL+T',NYSE,23.51237282,25,27,0,PLC Capital Trust I Pf T,0,0,0
20020123,11921,PL+T',NYSE,23.50296788,24.99,35,0,PLC Capital Trust I Pf T,0,0,0
20020124,11921,PL+T',NYSE,23.59701737,25.09,37,0,PLC Capital Trust I Pf T,0,0,0
20020125,11921,PL+T',NYSE,23.48415798,24.97,1,0,PLC Capital Trust I Pf T,0,0,0
20020128,11921,PL+T',NYSE,23.48415798,24.97,0,0,PLC Capital Trust I Pf T,0,0,0
20020129,11921,PL+T',NYSE,23.65344706,25.15,7,0,PLC Capital Trust I Pf T,0,0,0
20020130,11921,PL+T',NYSE,23.53118272,25.02,4,0,PLC Capital Trust I Pf T,0,0,0
20020131,11921,PL+T',NYSE,23.60642232,25.1,18,0,PLC Capital Trust I Pf T,0,0,0
20020201,11921,PL+T',NYSE,23.54058767,25.03,10,0,PLC Capital Trust I Pf T,0,0,0
20020204,11921,PL+T',NYSE,23.54058767,25.03,22,0,PLC Capital Trust I Pf T,0,0,0
20020205,11921,PL+T',NYSE,23.54058767,25.03,5,0,PLC Capital Trust I Pf T,0,0,0
20020206,11921,PL+T',NYSE,23.55939757,25.05,79,0,PLC Capital Trust I Pf T,0,0,0
20020207,11921,PL+T',NYSE,23.53118272,25.02,14,0,PLC Capital Trust I Pf T,0,0,0
20020208,11921,PL+T',NYSE,23.55939757,25.05,15,0,PLC Capital Trust I Pf T,0,0,0
20020211,11921,PL+T',NYSE,23.60642232,25.1,10,0,PLC Capital Trust I Pf T,0,0,0
20020212,11921,PL+T',NYSE,23.55939757,25.05,37,0,PLC Capital Trust I Pf T,0,0,0
20020213,11921,PL+T',NYSE,23.54058767,25.03,32,0,PLC Capital Trust I Pf T,0,0,0
20020214,11921,PL+T',NYSE,23.68166191,25.18,58,0,PLC Capital Trust I Pf T,0,0,0
20020215,11921,PL+T',NYSE,23.68166191,25.18,19,0,PLC Capital Trust I Pf T,0,0,0
20020219,11921,PL+T',NYSE,23.67225696,25.17,21,0,PLC Capital Trust I Pf T,0,0,0
20020220,11921,PL+T',NYSE,23.83214109,25.34,41,0,PLC Capital Trust I Pf T,0,0,0
20020221,11921,PL+T',NYSE,23.70987676,25.21,60,0,PLC Capital Trust I Pf T,0,0,0
20020222,11921,PL+T',NYSE,23.7945213,25.3,1,0,PLC Capital Trust I Pf T,0,0,0
20020225,11921,PL+T',NYSE,23.70047181,25.2,64,0,PLC Capital Trust I Pf T,0,0,0
20020226,11921,PL+T',NYSE,23.66285201,25.16,9,0,PLC Capital Trust I Pf T,0,0,0
20020227,11921,PL+T',NYSE,23.83214109,25.34,17,0,PLC Capital Trust I Pf T,0,0,0
20020228,11921,PL+T',NYSE,23.80392625,25.31,22,0,PLC Capital Trust I Pf T,0,0,0
20020301,11921,PL+T',NYSE,23.66285201,25.16,7,0,PLC Capital Trust I Pf T,0,0,0
20020304,11921,PL+T',NYSE,23.71928171,25.22,20,0,PLC Capital Trust I Pf T,0,0,0
20020305,11921,PL+T',NYSE,23.70987676,25.21,11,0,PLC Capital Trust I Pf T,0,0,0
20020306,11921,PL+T',NYSE,23.70987676,25.21,24,0,PLC Capital Trust I Pf T,0,0,0
20020307,11921,PL+T',NYSE,23.70987676,25.21,47,0,PLC Capital Trust I Pf T,0,0,0
20020308,11921,PL+T',NYSE,23.69106686,25.19,10,0,PLC Capital Trust I Pf T,0,0,0
20020311,11921,PL+T',NYSE,23.67225696,25.17,7,0,PLC Capital Trust I Pf T,0,0,0
20020312,11921,PL+T',NYSE,23.69106686,25.19,31,0,PLC Capital Trust I Pf T,0,0,0
20020313,11921,PL+T',NYSE,23.7945213,25.3,40,0,PLC Capital Trust I Pf T,0,0,0
20020314,11921,PL+T',NYSE,23.70047181,25.2,20,0,PLC Capital Trust I Pf T,0,0,0
20020315,11921,PL+T',NYSE,23.61582726,25.11,43,0,PLC Capital Trust I Pf T,0,0,0
20020318,11921,PL+T',NYSE,23.7945213,25.3,38,0,PLC Capital Trust I Pf T,0,0,0
20020319,11921,PL+T',NYSE,23.7945213,25.3,0,0,PLC Capital Trust I Pf T,0,0,0
20020320,11921,PL+T',NYSE,23.68166191,25.18,23,0,PLC Capital Trust I Pf T,0,0,0
20020321,11921,PL+T',NYSE,23.66285201,25.16,2,0,PLC Capital Trust I Pf T,0,0,0
20020322,11921,PL+T',NYSE,23.8133312,25.32,41,0,PLC Capital Trust I Pf T,0,0,0
20020325,11921,PL+T',NYSE,23.70047181,25.2,3,0,PLC Capital Trust I Pf T,0,0,0
20020326,11921,PL+T',NYSE,23.86849217,24.86,67,0,PLC Capital Trust I Pf T,0,0,0
20020327,11921,PL+T',NYSE,23.98370613,24.98,46,0,PLC Capital Trust I Pf T,0,0,0
20020328,11921,PL+T',NYSE,23.98370613,24.98,2,0,PLC Capital Trust I Pf T,0,0,0
20020401,11921,PL+T',NYSE,23.90689682,24.9,3,0,PLC Capital Trust I Pf T,0,0,0
20020402,11921,PL+T',NYSE,23.90689682,24.9,6,0,PLC Capital Trust I Pf T,0,0,0
20020403,11921,PL+T',NYSE,23.9645038,24.96,79,0,PLC Capital Trust I Pf T,0,0,0
20020404,11921,PL+T',NYSE,23.9645038,24.96,22,0,PLC Capital Trust I Pf T,0,0,0
20020405,11921,PL+T',NYSE,24.01250962,25.01,12,0,PLC Capital Trust I Pf T,0,0,0
20020408,11921,PL+T',NYSE,23.9645038,24.96,10,0,PLC Capital Trust I Pf T,0,0,0
20020409,11921,PL+T',NYSE,24.00290845,25,42,0,PLC Capital Trust I Pf T,0,0,0
20020410,11921,PL+T',NYSE,23.9645038,24.96,49,0,PLC Capital Trust I Pf T,0,0,0
20020411,11921,PL+T',NYSE,23.97410496,24.97,56,0,PLC Capital Trust I Pf T,0,0,0
20020412,11921,PL+T',NYSE,23.9645038,24.96,169,0,PLC Capital Trust I Pf T,0,0,0
20020415,11921,PL+T',NYSE,23.9645038,24.96,0,0,PLC Capital Trust I Pf T,0,0,0
20020416,11921,PL+T',NYSE,23.9645038,24.96,4,0,PLC Capital Trust I Pf T,0,0,0
20020417,11921,PL+T',NYSE,23.9645038,24.96,0,0,PLC Capital Trust I Pf T,0,0,0
20020418,11921,PL+T',NYSE,23.9645038,24.96,101,0,PLC Capital Trust I Pf T,0,0,0
20020419,11921,PL+T',NYSE,23.9645038,24.96,35,0,PLC Capital Trust I Pf T,0,0,0
20020422,11921,PL+T',NYSE,23.99330729,24.99,82,0,PLC Capital Trust I Pf T,0,0,0
20020423,11921,PL+T',NYSE,24.05091427,25.05,44,0,PLC Capital Trust I Pf T,0,0,0
20020424,11921,PL+T',NYSE,24.05091427,25.05,92,0,PLC Capital Trust I Pf T,0,0,0
20020425,11921,PL+T',NYSE,24.00290845,25,20,0,PLC Capital Trust I Pf T,0,0,0
20020426,11921,PL+T',NYSE,24.05091427,25.05,32,0,PLC Capital Trust I Pf T,0,0,0
20020429,11921,PL+T',NYSE,24.01250962,25.01,2,0,PLC Capital Trust I Pf T,0,0,0
20020430,11921,PL+T',NYSE,24.09892009,25.1,80,0,PLC Capital Trust I Pf T,0,0,0
20020501,11921,PL+T',NYSE,24.1469259,25.15,12,0,PLC Capital Trust I Pf T,0,0,0
20020502,11921,PL+T',NYSE,24.09892009,25.1,1,0,PLC Capital Trust I Pf T,0,0,0
20020503,11921,PL+T',NYSE,24.09892009,25.1,0,0,PLC Capital Trust I Pf T,0,0,0
20020506,11921,PL+T',NYSE,24.10852125,25.11,7,0,PLC Capital Trust I Pf T,0,0,0
20020507,11921,PL+T',NYSE,24.48296662,25.5,21,0,PLC Capital Trust I Pf T,0,0,0
20020508,11921,PL+T',NYSE,24.24293754,25.25,7,0,PLC Capital Trust I Pf T,0,0,0
20020509,11921,PL+T',NYSE,24.24293754,25.25,10,0,PLC Capital Trust I Pf T,0,0,0
20020510,11921,PL+T',NYSE,24.10852125,25.11,6,0,PLC Capital Trust I Pf T,0,0,0
20020513,11921,PL+T',NYSE,24.32934801,25.34,5,0,PLC Capital Trust I Pf T,0,0,0
20020514,11921,PL+T',NYSE,24.15652707,25.16,5,0,PLC Capital Trust I Pf T,0,0,0
20020515,11921,PL+T',NYSE,24.15652707,25.16,6,0,PLC Capital Trust I Pf T,0,0,0
20020516,11921,PL+T',NYSE,24.15652707,25.16,10,0,PLC Capital Trust I Pf T,0,0,0
20020517,11921,PL+T',NYSE,24.29094335,25.3,2,0,PLC Capital Trust I Pf T,0,0,0
20020520,11921,PL+T',NYSE,24.16612823,25.17,6,0,PLC Capital Trust I Pf T,0,0,0
20020521,11921,PL+T',NYSE,24.16612823,25.17,0,0,PLC Capital Trust I Pf T,0,0,0
20020522,11921,PL+T',NYSE,24.16612823,25.17,0,0,PLC Capital Trust I Pf T,0,0,0
20020523,11921,PL+T',NYSE,24.16612823,25.17,0,0,PLC Capital Trust I Pf T,0,0,0
20020524,11921,PL+T',NYSE,24.19493172,25.2,2,0,PLC Capital Trust I Pf T,0,0,0
20020528,11921,PL+T',NYSE,24.09892009,25.1,475,0,PLC Capital Trust I Pf T,0,0,0
20020529,11921,PL+T',NYSE,24.18533056,25.19,373,0,PLC Capital Trust I Pf T,0,0,0
20020530,11921,PL+T',NYSE,24.29094335,25.3,10,0,PLC Capital Trust I Pf T,0,0,0
20020531,11921,PL+T',NYSE,24.26213986,25.27,1,0,PLC Capital Trust I Pf T,0,0,0
20020603,11921,PL+T',NYSE,24.1469259,25.15,20,0,PLC Capital Trust I Pf T,0,0,0
20020604,11921,PL+T',NYSE,24.17572939,25.18,40,0,PLC Capital Trust I Pf T,0,0,0
20020605,11921,PL+T',NYSE,24.13732474,25.14,66,0,PLC Capital Trust I Pf T,0,0,0
20020606,11921,PL+T',NYSE,24.13732474,25.14,0,0,PLC Capital Trust I Pf T,0,0,0
20020607,11921,PL+T',NYSE,24.29094335,25.3,16,0,PLC Capital Trust I Pf T,0,0,0
20020610,11921,PL+T',NYSE,24.29094335,25.3,18,0,PLC Capital Trust I Pf T,0,0,0
20020611,11921,PL+T',NYSE,24.12772358,25.13,61,0,PLC Capital Trust I Pf T,0,0,0
20020612,11921,PL+T',NYSE,24.19493172,25.2,3,0,PLC Capital Trust I Pf T,0,0,0
20020613,11921,PL+T',NYSE,24.31014568,25.32,45,0,PLC Capital Trust I Pf T,0,0,0
20020614,11921,PL+T',NYSE,24.24293754,25.25,92,0,PLC Capital Trust I Pf T,0,0,0
20020617,11921,PL+T',NYSE,24.1469259,25.15,26,0,PLC Capital Trust I Pf T,0,0,0
20020618,11921,PL+T',NYSE,24.29094335,25.3,135,0,PLC Capital Trust I Pf T,0,0,0
20020619,11921,PL+T',NYSE,24.36775266,25.38,211,0,PLC Capital Trust I Pf T,0,0,0
20020620,11921,PL+T',NYSE,24.38695499,25.4,5,0,PLC Capital Trust I Pf T,0,0,0
20020621,11921,PL+T',NYSE,24.39655615,25.41,375,0,PLC Capital Trust I Pf T,0,0,0
20020624,11921,PL+T',NYSE,24.51177011,25.53,43,0,PLC Capital Trust I Pf T,0,0,0
20020625,11921,PL+T',NYSE,24.55977593,25.58,49,0,PLC Capital Trust I Pf T,0,0,0
20020626,11921,PL+T',NYSE,24.59407045,25.1,45,0,PLC Capital Trust I Pf T,0,0,0
20020627,11921,PL+T',NYSE,24.44709393,24.95,14,0,PLC Capital Trust I Pf T,0,0,0
20020628,11921,PL+T',NYSE,24.51568297,25.02,31,0,PLC Capital Trust I Pf T,0,0,0
20020701,11921,PL+T',NYSE,24.44709393,24.95,17,0,PLC Capital Trust I Pf T,0,0,0
20020702,11921,PL+T',NYSE,24.54507828,25.05,2,0,PLC Capital Trust I Pf T,0,0,0
20020703,11921,PL+T',NYSE,24.50588454,25.01,14,0,PLC Capital Trust I Pf T,0,0,0
20020705,11921,PL+T',NYSE,24.52548141,25.03,30,0,PLC Capital Trust I Pf T,0,0,0
20020708,11921,PL+T',NYSE,24.59407045,25.1,205,0,PLC Capital Trust I Pf T,0,0,0
20020709,11921,PL+T',NYSE,24.55487671,25.06,9,0,PLC Capital Trust I Pf T,0,0,0
20020710,11921,PL+T',NYSE,24.69205479,25.2,31,0,PLC Capital Trust I Pf T,0,0,0
20020711,11921,PL+T',NYSE,24.57447358,25.08,22,0,PLC Capital Trust I Pf T,0,0,0
20020712,11921,PL+T',NYSE,24.68225636,25.19,71,0,PLC Capital Trust I Pf T,0,0,0
20020715,11921,PL+T',NYSE,24.61366732,25.12,63,0,PLC Capital Trust I Pf T,0,0,0
20020716,11921,PL+T',NYSE,24.61366732,25.12,8,0,PLC Capital Trust I Pf T,0,0,0
20020717,11921,PL+T',NYSE,24.61366732,25.12,6,0,PLC Capital Trust I Pf T,0,0,0
20020718,11921,PL+T',NYSE,24.60386888,25.11,2,0,PLC Capital Trust I Pf T,0,0,0
20020719,11921,PL+T',NYSE,24.60386888,25.11,13,0,PLC Capital Trust I Pf T,0,0,0
20020722,11921,PL+T',NYSE,24.60386888,25.11,5,0,PLC Capital Trust I Pf T,0,0,0
20020723,11921,PL+T',NYSE,24.60386888,25.11,12,0,PLC Capital Trust I Pf T,0,0,0
20020724,11921,PL+T',NYSE,24.49608611,25,22,0,PLC Capital Trust I Pf T,0,0,0
20020725,11921,PL+T',NYSE,24.49608611,25,12,0,PLC Capital Trust I Pf T,0,0,0
20020726,11921,PL+T',NYSE,24.50588454,25.01,4,0,PLC Capital Trust I Pf T,0,0,0
20020729,11921,PL+T',NYSE,24.61366732,25.12,13,0,PLC Capital Trust I Pf T,0,0,0
20020730,11921,PL+T',NYSE,24.54507828,25.05,5,0,PLC Capital Trust I Pf T,0,0,0
20020731,11921,PL+T',NYSE,24.56467515,25.07,11,0,PLC Capital Trust I Pf T,0,0,0
20020801,11921,PL+T',NYSE,24.61366732,25.12,1,0,PLC Capital Trust I Pf T,0,0,0
20020802,11921,PL+T',NYSE,24.69205479,25.2,1,0,PLC Capital Trust I Pf T,0,0,0
20020805,11921,PL+T',NYSE,24.59407045,25.1,9,0,PLC Capital Trust I Pf T,0,0,0
20020806,11921,PL+T',NYSE,24.60386888,25.11,3,0,PLC Capital Trust I Pf T,0,0,0
20020807,11921,PL+T',NYSE,24.64306262,25.15,41,0,PLC Capital Trust I Pf T,0,0,0
20020808,11921,PL+T',NYSE,24.71165166,25.22,2,0,PLC Capital Trust I Pf T,0,0,0
20020809,11921,PL+T',NYSE,24.65286106,25.16,29,0,PLC Capital Trust I Pf T,0,0,0
20020812,11921,PL+T',NYSE,24.65286106,25.16,0,0,PLC Capital Trust I Pf T,0,0,0
20020813,11921,PL+T',NYSE,24.79003914,25.3,10,0,PLC Capital Trust I Pf T,0,0,0
20020814,11921,PL+T',NYSE,24.74104697,25.25,49,0,PLC Capital Trust I Pf T,0,0,0
20020815,11921,PL+T',NYSE,24.74104697,25.25,9,0,PLC Capital Trust I Pf T,0,0,0
20020816,11921,PL+T',NYSE,24.74104697,25.25,9,0,PLC Capital Trust I Pf T,0,0,0
20020819,11921,PL+T',NYSE,24.70185323,25.21,5,0,PLC Capital Trust I Pf T,0,0,0
20020820,11921,PL+T',NYSE,24.98600783,25.5,22,0,PLC Capital Trust I Pf T,0,0,0
20020821,11921,PL+T',NYSE,24.79003914,25.3,7,0,PLC Capital Trust I Pf T,0,0,0
20020822,11921,PL+T',NYSE,24.79003914,25.3,8,0,PLC Capital Trust I Pf T,0,0,0
20020823,11921,PL+T',NYSE,24.79003914,25.3,0,0,PLC Capital Trust I Pf T,0,0,0
20020826,11921,PL+T',NYSE,24.79003914,25.3,0,0,PLC Capital Trust I Pf T,0,0,0
20020827,11921,PL+T',NYSE,24.88802348,25.4,39,0,PLC Capital Trust I Pf T,0,0,0
20020828,11921,PL+T',NYSE,24.80963601,25.32,10,0,PLC Capital Trust I Pf T,0,0,0
20020829,11921,PL+T',NYSE,24.88802348,25.4,1,0,PLC Capital Trust I Pf T,0,0,0
20020830,11921,PL+T',NYSE,25.08399217,25.6,2,0,PLC Capital Trust I Pf T,0,0,0
20020903,11921,PL+T',NYSE,24.89782192,25.41,50,0,PLC Capital Trust I Pf T,0,0,0
20020904,11921,PL+T',NYSE,24.89782192,25.41,6,0,PLC Capital Trust I Pf T,0,0,0
20020905,11921,PL+T',NYSE,24.90762035,25.42,1,0,PLC Capital Trust I Pf T,0,0,0
20020906,11921,PL+T',NYSE,25.05459687,25.57,2,0,PLC Capital Trust I Pf T,0,0,0
20020909,11921,PL+T',NYSE,24.93701566,25.45,1,0,PLC Capital Trust I Pf T,0,0,0
20020910,11921,PL+T',NYSE,24.93701566,25.45,21,0,PLC Capital Trust I Pf T,0,0,0
20020911,11921,PL+T',NYSE,25.05459687,25.57,3,0,PLC Capital Trust I Pf T,0,0,0
20020912,11921,PL+T',NYSE,24.98600783,25.5,1,0,PLC Capital Trust I Pf T,0,0,0
20020913,11921,PL+T',NYSE,24.97620939,25.49,1,0,PLC Capital Trust I Pf T,0,0,0
20020916,11921,PL+T',NYSE,24.97620939,25.49,2,0,PLC Capital Trust I Pf T,0,0,0
20020917,11921,PL+T',NYSE,24.97620939,25.49,7,0,PLC Capital Trust I Pf T,0,0,0
20020918,11921,PL+T',NYSE,25.035,25.55,9,0,PLC Capital Trust I Pf T,0,0,0
20020919,11921,PL+T',NYSE,25.0056047,25.52,4,0,PLC Capital Trust I Pf T,0,0,0
20020920,11921,PL+T',NYSE,24.99580626,25.51,126,0,PLC Capital Trust I Pf T,0,0,0
20020923,11921,PL+T',NYSE,25.0056047,25.52,220,0,PLC Capital Trust I Pf T,0,0,0
20020924,11921,PL+T',NYSE,25.035,25.55,4,0,PLC Capital Trust I Pf T,0,0,0
20020925,11921,PL+T',NYSE,25.07,25.07,20,0,PLC Capital Trust I Pf T,0,0,0
20020926,11921,PL+T',NYSE,25.07,25.07,0,0,PLC Capital Trust I Pf T,0,0,0
20020927,11921,PL+T',NYSE,25.07,25.07,0,0,PLC Capital Trust I Pf T,0,0,0
20020930,11921,PL+T',NYSE,25.09,25.09,37,0,PLC Capital Trust I Pf T,0,0,0
20021001,11921,PL+T',NYSE,25.09,25.09,76,0,PLC Capital Trust I Pf T,0,0,0
20021002,11921,PL+T',NYSE,25.15,25.15,90,0,PLC Capital Trust I Pf T,0,0,0
20021003,11921,PL+T',NYSE,25.09,25.09,68,0,PLC Capital Trust I Pf T,0,0,0
20021004,11921,PL+T',NYSE,25.09,25.09,8,0,PLC Capital Trust I Pf T,0,0,0
20021007,11921,PL+T',NYSE,25.1,25.1,5,0,PLC Capital Trust I Pf T,0,0,0
20021008,11921,PL+T',NYSE,25.1,25.1,30,0,PLC Capital Trust I Pf T,0,0,0
20021009,11921,PL+T',NYSE,25.1,25.1,13,0,PLC Capital Trust I Pf T,0,0,0
20021010,11921,PL+T',NYSE,25.12,25.12,295,0,PLC Capital Trust I Pf T,0,0,0
20021011,11921,PL+T',NYSE,25.12,25.12,23,0,PLC Capital Trust I Pf T,0,0,0
20021014,11921,PL+T',NYSE,25.12,25.12,47,0,PLC Capital Trust I Pf T,0,0,0
20021015,11921,PL+T',NYSE,25.5,25.5,12,0,PLC Capital Trust I Pf T,0,0,0
20021016,11921,PL+T',NYSE,25.13,25.13,10,0,PLC Capital Trust I Pf T,0,0,0
20021017,11921,PL+T',NYSE,25.16,25.16,5,0,PLC Capital Trust I Pf T,0,0,0
20021018,11921,PL+T',NYSE,25.12,25.12,30,0,PLC Capital Trust I Pf T,0,0,0
20021021,11921,PL+T',NYSE,25.12,25.12,0,0,PLC Capital Trust I Pf T,0,0,0
20021022,11921,PL+T',NYSE,25.12,25.12,174,0,PLC Capital Trust I Pf T,0,0,0
20021023,11921,PL+T',NYSE,25.12,25.12,6,0,PLC Capital Trust I Pf T,0,0,0
20021024,11921,PL+T',NYSE,25.12,25.12,0,0,PLC Capital Trust I Pf T,0,0,0
