DDate,CSINumber,Symbol,Exchange,DClose,UnAdjustedClose,TotalVolume,Cash,MarketName,PTB,PSR,DPS
19950412,12000,HS',NYSE,6.666666667,5,0,0,CHS Electronics,0,0,0
19950413,12000,HS',NYSE,6.666666667,5,0,0,CHS Electronics,0,0,0
19950417,12000,HS',NYSE,6.666666667,5,0,0,CHS Electronics,0,0,0
19950418,12000,HS',NYSE,6.666666667,5,0,0,CHS Electronics,0,0,0
19950419,12000,HS',NYSE,6.666666667,5,0,0,CHS Electronics,0,0,0
19950420,12000,HS',NYSE,6.666666667,5,0,0,CHS Electronics,0,0,0
19950421,12000,HS',NYSE,6.666666667,5,0,0,CHS Electronics,0,0,0
19950424,12000,HS',NYSE,6.666666667,5,37,0,CHS Electronics,0,0,0
19950425,12000,HS',NYSE,6.666666667,5,24,0,CHS Electronics,0,0,0
19950426,12000,HS',NYSE,5.833333333,4.375,218,0,CHS Electronics,0,0,0
19950427,12000,HS',NYSE,6.333333333,4.75,15,0,CHS Electronics,0,0,0
19950428,12000,HS',NYSE,6.333333333,4.75,0,0,CHS Electronics,0,0,0
19950501,12000,HS',NYSE,6.666666667,5,8,0,CHS Electronics,0,0,0
19950502,12000,HS',NYSE,6.166666667,4.625,8,0,CHS Electronics,0,0,0
19950503,12000,HS',NYSE,6.333333333,4.75,15,0,CHS Electronics,0,0,0
19950504,12000,HS',NYSE,6,4.5,15,0,CHS Electronics,0,0,0
19950505,12000,HS',NYSE,6,4.5,0,0,CHS Electronics,0,0,0
19950508,12000,HS',NYSE,6,4.5,0,0,CHS Electronics,0,0,0
19950509,12000,HS',NYSE,6.333333333,4.75,4,0,CHS Electronics,0,0,0
19950510,12000,HS',NYSE,6.666666667,5,6,0,CHS Electronics,0,0,0
19950511,12000,HS',NYSE,6.333333333,4.75,110,0,CHS Electronics,0,0,0
19950512,12000,HS',NYSE,6.333333333,4.75,86,0,CHS Electronics,0,0,0
19950515,12000,HS',NYSE,6.5,4.875,30,0,CHS Electronics,0,0,0
19950516,12000,HS',NYSE,6.5,4.875,29,0,CHS Electronics,0,0,0
19950517,12000,HS',NYSE,6.333333333,4.75,30,0,CHS Electronics,0,0,0
19950518,12000,HS',NYSE,6.5,4.875,2,0,CHS Electronics,0,0,0
19950519,12000,HS',NYSE,6.5,4.875,0,0,CHS Electronics,0,0,0
19950522,12000,HS',NYSE,6.5,4.875,0,0,CHS Electronics,0,0,0
19950523,12000,HS',NYSE,7,5.25,8,0,CHS Electronics,0,0,0
19950524,12000,HS',NYSE,6.666666667,5,13,0,CHS Electronics,0,0,0
19950525,12000,HS',NYSE,6.666666667,5,0,0,CHS Electronics,0,0,0
19950526,12000,HS',NYSE,6.666666667,5,33,0,CHS Electronics,0,0,0
19950530,12000,HS',NYSE,6.5,4.875,96,0,CHS Electronics,0,0,0
19950531,12000,HS',NYSE,5.833333333,4.375,26,0,CHS Electronics,0,0,0
19950601,12000,HS',NYSE,5.833333333,4.375,0,0,CHS Electronics,0,0,0
19950602,12000,HS',NYSE,6.166666667,4.625,8,0,CHS Electronics,0,0,0
19950605,12000,HS',NYSE,6.166666667,4.625,0,0,CHS Electronics,0,0,0
19950606,12000,HS',NYSE,6.166666667,4.625,0,0,CHS Electronics,0,0,0
19950607,12000,HS',NYSE,6.833333333,5.125,1,0,CHS Electronics,0,0,0
19950608,12000,HS',NYSE,6.833333333,5.125,0,0,CHS Electronics,0,0,0
19950609,12000,HS',NYSE,6.833333333,5.125,0,0,CHS Electronics,0,0,0
19950612,12000,HS',NYSE,6.666666667,5,4,0,CHS Electronics,0,0,0
19950613,12000,HS',NYSE,6.666666667,5,0,0,CHS Electronics,0,0,0
19950614,12000,HS',NYSE,6.666666667,5,0,0,CHS Electronics,0,0,0
19950615,12000,HS',NYSE,6.666666667,5,0,0,CHS Electronics,0,0,0
19950616,12000,HS',NYSE,6.666666667,5,0,0,CHS Electronics,0,0,0
19950619,12000,HS',NYSE,6.666666667,5,0,0,CHS Electronics,0,0,0
19950620,12000,HS',NYSE,7,5.25,1,0,CHS Electronics,0,0,0
19950621,12000,HS',NYSE,7.166666667,5.375,1,0,CHS Electronics,0,0,0
19950622,12000,HS',NYSE,6.666666667,5,77,0,CHS Electronics,0,0,0
19950623,12000,HS',NYSE,6.833333333,5.125,128,0,CHS Electronics,0,0,0
19950626,12000,HS',NYSE,6.833333333,5.125,0,0,CHS Electronics,0,0,0
19950627,12000,HS',NYSE,6.833333333,5.125,0,0,CHS Electronics,0,0,0
19950628,12000,HS',NYSE,6.833333333,5.125,0,0,CHS Electronics,0,0,0
19950629,12000,HS',NYSE,6.833333333,5.125,0,0,CHS Electronics,0,0,0
19950630,12000,HS',NYSE,7.333333333,5.5,108,0,CHS Electronics,0,0,0
19950703,12000,HS',NYSE,7.333333333,5.5,0,0,CHS Electronics,0,0,0
19950705,12000,HS',NYSE,7,5.25,15,0,CHS Electronics,0,0,0
19950706,12000,HS',NYSE,7,5.25,0,0,CHS Electronics,0,0,0
19950707,12000,HS',NYSE,7.333333333,5.5,30,0,CHS Electronics,0,0,0
19950710,12000,HS',NYSE,7,5.25,101,0,CHS Electronics,0,0,0
19950711,12000,HS',NYSE,7,5.25,23,0,CHS Electronics,0,0,0
19950712,12000,HS',NYSE,6.666666667,5,37,0,CHS Electronics,0,0,0
19950713,12000,HS',NYSE,6.666666667,5,2,0,CHS Electronics,0,0,0
19950714,12000,HS',NYSE,7.166666667,5.375,109,0,CHS Electronics,0,0,0
19950717,12000,HS',NYSE,7.166666667,5.375,0,0,CHS Electronics,0,0,0
19950718,12000,HS',NYSE,6.083333333,4.5625,65,0,CHS Electronics,0,0,0
19950719,12000,HS',NYSE,6,4.5,42,0,CHS Electronics,0,0,0
19950720,12000,HS',NYSE,6.333333333,4.75,7,0,CHS Electronics,0,0,0
19950721,12000,HS',NYSE,6.333333333,4.75,0,0,CHS Electronics,0,0,0
19950724,12000,HS',NYSE,6.333333333,4.75,0,0,CHS Electronics,0,0,0
19950725,12000,HS',NYSE,6.666666667,5,40,0,CHS Electronics,0,0,0
19950726,12000,HS',NYSE,6.666666667,5,0,0,CHS Electronics,0,0,0
19950727,12000,HS',NYSE,6.666666667,5,0,0,CHS Electronics,0,0,0
19950728,12000,HS',NYSE,6.666666667,5,0,0,CHS Electronics,0,0,0
19950731,12000,HS',NYSE,6.666666667,5,0,0,CHS Electronics,0,0,0
19950801,12000,HS',NYSE,6.666666667,5,0,0,CHS Electronics,0,0,0
19950802,12000,HS',NYSE,6.666666667,5,8,0,CHS Electronics,0,0,0
19950803,12000,HS',NYSE,6.666666667,5,0,0,CHS Electronics,0,0,0
19950804,12000,HS',NYSE,6.666666667,5,0,0,CHS Electronics,0,0,0
19950807,12000,HS',NYSE,6.333333333,4.75,15,0,CHS Electronics,0,0,0
19950808,12000,HS',NYSE,6.333333333,4.75,0,0,CHS Electronics,0,0,0
19950809,12000,HS',NYSE,6.333333333,4.75,0,0,CHS Electronics,0,0,0
19950810,12000,HS',NYSE,6.333333333,4.75,50,0,CHS Electronics,0,0,0
19950811,12000,HS',NYSE,6.666666667,5,324,0,CHS Electronics,0,0,0
19950814,12000,HS',NYSE,6.833333333,5.125,17,0,CHS Electronics,0,0,0
19950815,12000,HS',NYSE,6.666666667,5,11,0,CHS Electronics,0,0,0
19950816,12000,HS',NYSE,6.5,4.875,30,0,CHS Electronics,0,0,0
19950817,12000,HS',NYSE,7.083333333,5.3125,92,0,CHS Electronics,0,0,0
19950818,12000,HS',NYSE,7,5.25,15,0,CHS Electronics,0,0,0
19950821,12000,HS',NYSE,7.166666667,5.375,7,0,CHS Electronics,0,0,0
19950822,12000,HS',NYSE,7.166666667,5.375,0,0,CHS Electronics,0,0,0
19950823,12000,HS',NYSE,7.666666667,5.75,4,0,CHS Electronics,0,0,0
19950824,12000,HS',NYSE,6.666666667,5,34,0,CHS Electronics,0,0,0
19950825,12000,HS',NYSE,7.333333333,5.5,4,0,CHS Electronics,0,0,0
19950828,12000,HS',NYSE,6.666666667,5,23,0,CHS Electronics,0,0,0
19950829,12000,HS',NYSE,6.666666667,5,0,0,CHS Electronics,0,0,0
19950830,12000,HS',NYSE,6.5,4.875,9,0,CHS Electronics,0,0,0
19950831,12000,HS',NYSE,6.5,4.875,0,0,CHS Electronics,0,0,0
19950901,12000,HS',NYSE,6.5,4.875,0,0,CHS Electronics,0,0,0
19950905,12000,HS',NYSE,6.166666667,4.625,113,0,CHS Electronics,0,0,0
19950906,12000,HS',NYSE,6.333333333,4.75,4,0,CHS Electronics,0,0,0
19950907,12000,HS',NYSE,6.333333333,4.75,0,0,CHS Electronics,0,0,0
19950908,12000,HS',NYSE,6.333333333,4.75,30,0,CHS Electronics,0,0,0
19950911,12000,HS',NYSE,6,4.5,11,0,CHS Electronics,0,0,0
19950912,12000,HS',NYSE,6.166666667,4.625,24,0,CHS Electronics,0,0,0
19950913,12000,HS',NYSE,5.333333333,4,89,0,CHS Electronics,0,0,0
19950914,12000,HS',NYSE,6,4.5,45,0,CHS Electronics,0,0,0
19950915,12000,HS',NYSE,6,4.5,1,0,CHS Electronics,0,0,0
19950918,12000,HS',NYSE,5.333333333,4,48,0,CHS Electronics,0,0,0
19950919,12000,HS',NYSE,5.333333333,4,36,0,CHS Electronics,0,0,0
19950920,12000,HS',NYSE,6,4.5,47,0,CHS Electronics,0,0,0
19950921,12000,HS',NYSE,6.5,4.875,110,0,CHS Electronics,0,0,0
19950922,12000,HS',NYSE,6,4.5,61,0,CHS Electronics,0,0,0
19950925,12000,HS',NYSE,6,4.5,0,0,CHS Electronics,0,0,0
19950926,12000,HS',NYSE,6.666666667,5,5,0,CHS Electronics,0,0,0
19950927,12000,HS',NYSE,5.666666667,4.25,113,0,CHS Electronics,0,0,0
19950928,12000,HS',NYSE,5.5,4.125,1,0,CHS Electronics,0,0,0
19950929,12000,HS',NYSE,6,4.5,8,0,CHS Electronics,0,0,0
19951002,12000,HS',NYSE,6,4.5,0,0,CHS Electronics,0,0,0
19951003,12000,HS',NYSE,6,4.5,22,0,CHS Electronics,0,0,0
19951004,12000,HS',NYSE,6,4.5,0,0,CHS Electronics,0,0,0
19951005,12000,HS',NYSE,5.833333333,4.375,4,0,CHS Electronics,0,0,0
19951006,12000,HS',NYSE,5.833333333,4.375,0,0,CHS Electronics,0,0,0
19951009,12000,HS',NYSE,5.833333333,4.375,0,0,CHS Electronics,0,0,0
19951010,12000,HS',NYSE,5.833333333,4.375,0,0,CHS Electronics,0,0,0
19951011,12000,HS',NYSE,5.833333333,4.375,0,0,CHS Electronics,0,0,0
19951012,12000,HS',NYSE,5.833333333,4.375,0,0,CHS Electronics,0,0,0
19951013,12000,HS',NYSE,5.5,4.125,19,0,CHS Electronics,0,0,0
19951016,12000,HS',NYSE,5.583333333,4.1875,64,0,CHS Electronics,0,0,0
19951017,12000,HS',NYSE,5,3.75,4,0,CHS Electronics,0,0,0
19951018,12000,HS',NYSE,5.166666667,3.875,20,0,CHS Electronics,0,0,0
19951019,12000,HS',NYSE,5.166666667,3.875,0,0,CHS Electronics,0,0,0
19951020,12000,HS',NYSE,5.333333333,4,4,0,CHS Electronics,0,0,0
19951023,12000,HS',NYSE,5,3.75,8,0,CHS Electronics,0,0,0
19951024,12000,HS',NYSE,5,3.75,0,0,CHS Electronics,0,0,0
19951025,12000,HS',NYSE,5.5,4.125,2,0,CHS Electronics,0,0,0
19951026,12000,HS',NYSE,5.5,4.125,0,0,CHS Electronics,0,0,0
19951027,12000,HS',NYSE,5,3.75,7,0,CHS Electronics,0,0,0
19951030,12000,HS',NYSE,5,3.75,11,0,CHS Electronics,0,0,0
19951031,12000,HS',NYSE,5,3.75,0,0,CHS Electronics,0,0,0
19951101,12000,HS',NYSE,5,3.75,26,0,CHS Electronics,0,0,0
19951102,12000,HS',NYSE,5,3.75,0,0,CHS Electronics,0,0,0
19951103,12000,HS',NYSE,5,3.75,4,0,CHS Electronics,0,0,0
19951106,12000,HS',NYSE,5,3.75,0,0,CHS Electronics,0,0,0
19951107,12000,HS',NYSE,5,3.75,0,0,CHS Electronics,0,0,0
19951108,12000,HS',NYSE,5.666666667,4.25,34,0,CHS Electronics,0,0,0
19951109,12000,HS',NYSE,5.916666667,4.4375,23,0,CHS Electronics,0,0,0
19951110,12000,HS',NYSE,5.5,4.125,38,0,CHS Electronics,0,0,0
19951113,12000,HS',NYSE,5,3.75,80,0,CHS Electronics,0,0,0
19951114,12000,HS',NYSE,5.166666667,3.875,23,0,CHS Electronics,0,0,0
19951115,12000,HS',NYSE,5.666666667,4.25,99,0,CHS Electronics,0,0,0
19951116,12000,HS',NYSE,5.666666667,4.25,0,0,CHS Electronics,0,0,0
19951117,12000,HS',NYSE,5.666666667,4.25,0,0,CHS Electronics,0,0,0
19951120,12000,HS',NYSE,5.166666667,3.875,15,0,CHS Electronics,0,0,0
19951121,12000,HS',NYSE,6.166666667,4.625,2210,0,CHS Electronics,0,0,0
19951122,12000,HS',NYSE,6.666666667,5,1130,0,CHS Electronics,0,0,0
19951124,12000,HS',NYSE,6.666666667,5,412,0,CHS Electronics,0,0,0
19951127,12000,HS',NYSE,6.833333333,5.125,276,0,CHS Electronics,0,0,0
19951128,12000,HS',NYSE,7.333333333,5.5,48,0,CHS Electronics,0,0,0
19951129,12000,HS',NYSE,7.5,5.625,65,0,CHS Electronics,0,0,0
19951130,12000,HS',NYSE,7.5,5.625,303,0,CHS Electronics,0,0,0
19951201,12000,HS',NYSE,7.5,5.625,947,0,CHS Electronics,0,0,0
19951204,12000,HS',NYSE,6.833333333,5.125,201,0,CHS Electronics,0,0,0
19951205,12000,HS',NYSE,7,5.25,457,0,CHS Electronics,0,0,0
19951206,12000,HS',NYSE,6.708333333,5.03125,362,0,CHS Electronics,0,0,0
19951207,12000,HS',NYSE,7,5.25,32,0,CHS Electronics,0,0,0
19951208,12000,HS',NYSE,6.666666667,5,16,0,CHS Electronics,0,0,0
19951211,12000,HS',NYSE,7.333333333,5.5,304,0,CHS Electronics,0,0,0
19951212,12000,HS',NYSE,7.333333333,5.5,429,0,CHS Electronics,0,0,0
19951213,12000,HS',NYSE,7.666666667,5.75,305,0,CHS Electronics,0,0,0
19951214,12000,HS',NYSE,6.833333333,5.125,71,0,CHS Electronics,0,0,0
19951215,12000,HS',NYSE,7.166666667,5.375,215,0,CHS Electronics,0,0,0
19951218,12000,HS',NYSE,7.333333333,5.5,100,0,CHS Electronics,0,0,0
19951219,12000,HS',NYSE,6.666666667,5,167,0,CHS Electronics,0,0,0
19951220,12000,HS',NYSE,6.666666667,5,214,0,CHS Electronics,0,0,0
19951221,12000,HS',NYSE,6.333333333,4.75,182,0,CHS Electronics,0,0,0
19951222,12000,HS',NYSE,6.333333333,4.75,0,0,CHS Electronics,0,0,0
19951226,12000,HS',NYSE,6.333333333,4.75,17,0,CHS Electronics,0,0,0
19951227,12000,HS',NYSE,6.666666667,5,152,0,CHS Electronics,0,0,0
19951228,12000,HS',NYSE,6,4.5,8,0,CHS Electronics,0,0,0
19951229,12000,HS',NYSE,6,4.5,4,0,CHS Electronics,0,0,0
19960102,12000,HS',NYSE,6,4.5,0,0,CHS Electronics,0,0,0
19960103,12000,HS',NYSE,5.833333333,4.375,77,0,CHS Electronics,0,0,0
19960104,12000,HS',NYSE,5.666666667,4.25,2,0,CHS Electronics,0,0,0
19960105,12000,HS',NYSE,5.666666667,4.25,19,0,CHS Electronics,0,0,0
19960108,12000,HS',NYSE,5.333333333,4,30,0,CHS Electronics,0,0,0
19960109,12000,HS',NYSE,5.583333333,4.1875,30,0,CHS Electronics,0,0,0
19960110,12000,HS',NYSE,5.333333333,4,23,0,CHS Electronics,0,0,0
19960111,12000,HS',NYSE,6.333333333,4.75,155,0,CHS Electronics,0,0,0
19960112,12000,HS',NYSE,6.666666667,5,197,0,CHS Electronics,0,0,0
19960115,12000,HS',NYSE,7,5.25,257,0,CHS Electronics,0,0,0
19960116,12000,HS',NYSE,6.833333333,5.125,677,0,CHS Electronics,0,0,0
19960117,12000,HS',NYSE,8.166666667,6.125,548,0,CHS Electronics,0,0,0
19960118,12000,HS',NYSE,8.333333333,6.25,827,0,CHS Electronics,0,0,0
19960119,12000,HS',NYSE,8.916666667,6.6875,977,0,CHS Electronics,0,0,0
19960122,12000,HS',NYSE,8.333333333,6.25,810,0,CHS Electronics,0,0,0
19960123,12000,HS',NYSE,8.333333333,6.25,956,0,CHS Electronics,0,0,0
19960124,12000,HS',NYSE,8.583333333,6.4375,1257,0,CHS Electronics,0,0,0
19960125,12000,HS',NYSE,8.833333333,6.625,379,0,CHS Electronics,0,0,0
19960126,12000,HS',NYSE,8.666666667,6.5,123,0,CHS Electronics,0,0,0
19960129,12000,HS',NYSE,8.5,6.375,107,0,CHS Electronics,0,0,0
19960130,12000,HS',NYSE,9.666666667,7.25,234,0,CHS Electronics,0,0,0
19960131,12000,HS',NYSE,9.666666667,7.25,379,0,CHS Electronics,0,0,0
19960201,12000,HS',NYSE,9,6.75,45,0,CHS Electronics,0,0,0
19960202,12000,HS',NYSE,9,6.75,80,0,CHS Electronics,0,0,0
19960205,12000,HS',NYSE,8.333333333,6.25,248,0,CHS Electronics,0,0,0
19960206,12000,HS',NYSE,8.666666667,6.5,32,0,CHS Electronics,0,0,0
19960207,12000,HS',NYSE,9,6.75,38,0,CHS Electronics,0,0,0
19960208,12000,HS',NYSE,8.583333333,6.4375,282,0,CHS Electronics,0,0,0
19960209,12000,HS',NYSE,8.666666667,6.5,71,0,CHS Electronics,0,0,0
19960212,12000,HS',NYSE,8.333333333,6.25,191,0,CHS Electronics,0,0,0
19960213,12000,HS',NYSE,8.666666667,6.5,86,0,CHS Electronics,0,0,0
19960214,12000,HS',NYSE,8.5,6.375,51,0,CHS Electronics,0,0,0
19960215,12000,HS',NYSE,9,6.75,139,0,CHS Electronics,0,0,0
19960216,12000,HS',NYSE,9.833333333,7.375,396,0,CHS Electronics,0,0,0
19960220,12000,HS',NYSE,10,7.5,99,0,CHS Electronics,0,0,0
19960221,12000,HS',NYSE,10.5,7.875,169,0,CHS Electronics,0,0,0
19960222,12000,HS',NYSE,11,8.25,59,0,CHS Electronics,0,0,0
19960223,12000,HS',NYSE,10.5,7.875,128,0,CHS Electronics,0,0,0
19960226,12000,HS',NYSE,9.666666667,7.25,74,0,CHS Electronics,0,0,0
19960227,12000,HS',NYSE,10.5,7.875,113,0,CHS Electronics,0,0,0
19960228,12000,HS',NYSE,10.5,7.875,25,0,CHS Electronics,0,0,0
19960229,12000,HS',NYSE,10.5,7.875,12,0,CHS Electronics,0,0,0
19960301,12000,HS',NYSE,10.33333333,7.75,60,0,CHS Electronics,0,0,0
19960304,12000,HS',NYSE,10.33333333,7.75,101,0,CHS Electronics,0,0,0
19960305,12000,HS',NYSE,9.5,7.125,56,0,CHS Electronics,0,0,0
19960306,12000,HS',NYSE,9,6.75,61,0,CHS Electronics,0,0,0
19960307,12000,HS',NYSE,8.5,6.375,62,0,CHS Electronics,0,0,0
19960308,12000,HS',NYSE,8.5,6.375,178,0,CHS Electronics,0,0,0
19960311,12000,HS',NYSE,8.333333333,6.25,178,0,CHS Electronics,0,0,0
19960312,12000,HS',NYSE,8.833333333,6.625,32,0,CHS Electronics,0,0,0
19960313,12000,HS',NYSE,9,6.75,67,0,CHS Electronics,0,0,0
19960314,12000,HS',NYSE,8.5,6.375,155,0,CHS Electronics,0,0,0
19960315,12000,HS',NYSE,8.5,12.75,0,0,CHS Electronics,0,0,0
19960318,12000,HS',NYSE,8,12,15,0,CHS Electronics,0,0,0
19960319,12000,HS',NYSE,7.666666667,11.5,669,0,CHS Electronics,0,0,0
19960320,12000,HS',NYSE,6.666666667,10,146,0,CHS Electronics,0,0,0
19960321,12000,HS',NYSE,7,10.5,117,0,CHS Electronics,0,0,0
19960322,12000,HS',NYSE,7,10.5,51,0,CHS Electronics,0,0,0
19960325,12000,HS',NYSE,7.416666667,11.125,126,0,CHS Electronics,0,0,0
19960326,12000,HS',NYSE,7.25,10.875,45,0,CHS Electronics,0,0,0
19960327,12000,HS',NYSE,7.166666667,10.75,8,0,CHS Electronics,0,0,0
19960328,12000,HS',NYSE,7.166666667,10.75,0,0,CHS Electronics,0,0,0
19960329,12000,HS',NYSE,6.916666667,10.375,576,0,CHS Electronics,0,0,0
19960401,12000,HS',NYSE,7,10.5,65,0,CHS Electronics,0,0,0
19960402,12000,HS',NYSE,7.5,11.25,68,0,CHS Electronics,0,0,0
19960403,12000,HS',NYSE,7.5,11.25,0,0,CHS Electronics,0,0,0
19960404,12000,HS',NYSE,7.166666667,10.75,20,0,CHS Electronics,0,0,0
19960408,12000,HS',NYSE,7.166666667,10.75,0,0,CHS Electronics,0,0,0
19960409,12000,HS',NYSE,7,10.5,5,0,CHS Electronics,0,0,0
19960410,12000,HS',NYSE,7,10.5,0,0,CHS Electronics,0,0,0
19960411,12000,HS',NYSE,7,10.5,6,0,CHS Electronics,0,0,0
19960412,12000,HS',NYSE,7.166666667,10.75,21,0,CHS Electronics,0,0,0
19960415,12000,HS',NYSE,6.833333333,10.25,50,0,CHS Electronics,0,0,0
19960416,12000,HS',NYSE,6.666666667,10,42,0,CHS Electronics,0,0,0
19960417,12000,HS',NYSE,6.666666667,10,0,0,CHS Electronics,0,0,0
19960418,12000,HS',NYSE,6.666666667,10,0,0,CHS Electronics,0,0,0
19960419,12000,HS',NYSE,6.666666667,10,5,0,CHS Electronics,0,0,0
19960422,12000,HS',NYSE,6.75,10.125,6,0,CHS Electronics,0,0,0
19960423,12000,HS',NYSE,7.333333333,11,3,0,CHS Electronics,0,0,0
19960424,12000,HS',NYSE,6.75,10.125,11,0,CHS Electronics,0,0,0
19960425,12000,HS',NYSE,7.333333333,11,5,0,CHS Electronics,0,0,0
19960426,12000,HS',NYSE,7.333333333,11,0,0,CHS Electronics,0,0,0
19960429,12000,HS',NYSE,7.333333333,11,3,0,CHS Electronics,0,0,0
19960430,12000,HS',NYSE,6.75,10.125,60,0,CHS Electronics,0,0,0
19960501,12000,HS',NYSE,7.333333333,11,11,0,CHS Electronics,0,0,0
19960502,12000,HS',NYSE,7,10.5,116,0,CHS Electronics,0,0,0
19960503,12000,HS',NYSE,7,10.5,0,0,CHS Electronics,0,0,0
19960506,12000,HS',NYSE,7.270833333,10.90625,279,0,CHS Electronics,0,0,0
19960507,12000,HS',NYSE,7.270833333,10.90625,0,0,CHS Electronics,0,0,0
19960508,12000,HS',NYSE,7.270833333,10.90625,0,0,CHS Electronics,0,0,0
19960509,12000,HS',NYSE,6.666666667,10,17,0,CHS Electronics,0,0,0
19960510,12000,HS',NYSE,7.583333333,11.375,365,0,CHS Electronics,0,0,0
19960513,12000,HS',NYSE,8.416666667,12.625,237,0,CHS Electronics,0,0,0
19960514,12000,HS',NYSE,8.583333333,12.875,279,0,CHS Electronics,0,0,0
19960515,12000,HS',NYSE,9.416666667,14.125,231,0,CHS Electronics,0,0,0
19960516,12000,HS',NYSE,9.666666667,14.5,287,0,CHS Electronics,0,0,0
19960517,12000,HS',NYSE,11.16666667,16.75,326,0,CHS Electronics,0,0,0
19960520,12000,HS',NYSE,11.16666667,16.75,333,0,CHS Electronics,0,0,0
19960521,12000,HS',NYSE,10.66666667,16,80,0,CHS Electronics,0,0,0
19960522,12000,HS',NYSE,10,15,402,0,CHS Electronics,0,0,0
19960523,12000,HS',NYSE,10.25,15.375,35,0,CHS Electronics,0,0,0
19960524,12000,HS',NYSE,10.25,15.375,0,0,CHS Electronics,0,0,0
19960528,12000,HS',NYSE,11.33333333,17,216,0,CHS Electronics,0,0,0
19960529,12000,HS',NYSE,10,15,344,0,CHS Electronics,0,0,0
19960530,12000,HS',NYSE,10,15,336,0,CHS Electronics,0,0,0
19960531,12000,HS',NYSE,9.333333333,14,122,0,CHS Electronics,0,0,0
19960603,12000,HS',NYSE,9.333333333,14,105,0,CHS Electronics,0,0,0
19960604,12000,HS',NYSE,10.08333333,15.125,33,0,CHS Electronics,0,0,0
19960605,12000,HS',NYSE,10.5,15.75,54,0,CHS Electronics,0,0,0
19960606,12000,HS',NYSE,10.75,16.125,266,0,CHS Electronics,0,0,0
19960607,12000,HS',NYSE,9.666666667,14.5,35858,0,CHS Electronics,0,0,0
19960610,12000,HS',NYSE,9.833333333,14.75,9131,0,CHS Electronics,0,0,0
19960611,12000,HS',NYSE,10,15,7704,0,CHS Electronics,0,0,0
19960612,12000,HS',NYSE,10.16666667,15.25,1701,0,CHS Electronics,0,0,0
19960613,12000,HS',NYSE,10.16666667,15.25,2910,0,CHS Electronics,0,0,0
19960614,12000,HS',NYSE,10.25,15.375,4296,0,CHS Electronics,0,0,0
19960617,12000,HS',NYSE,10.25,15.375,3225,0,CHS Electronics,0,0,0
19960618,12000,HS',NYSE,10.16666667,15.25,2193,0,CHS Electronics,0,0,0
19960619,12000,HS',NYSE,9.916666667,14.875,2963,0,CHS Electronics,0,0,0
19960620,12000,HS',NYSE,9.75,14.625,4598,0,CHS Electronics,0,0,0
19960621,12000,HS',NYSE,9.666666667,14.5,786,0,CHS Electronics,0,0,0
19960624,12000,HS',NYSE,9.708333333,14.5625,1931,0,CHS Electronics,0,0,0
19960625,12000,HS',NYSE,9.666666667,14.5,2010,0,CHS Electronics,0,0,0
19960626,12000,HS',NYSE,9.333333333,14,13152,0,CHS Electronics,0,0,0
19960627,12000,HS',NYSE,8.916666667,13.375,293,0,CHS Electronics,0,0,0
19960628,12000,HS',NYSE,9,13.5,414,0,CHS Electronics,0,0,0
19960701,12000,HS',NYSE,9,13.5,77,0,CHS Electronics,0,0,0
19960702,12000,HS',NYSE,9.666666667,14.5,473,0,CHS Electronics,0,0,0
19960703,12000,HS',NYSE,9.166666667,13.75,666,0,CHS Electronics,0,0,0
19960705,12000,HS',NYSE,9.166666667,13.75,279,0,CHS Electronics,0,0,0
19960708,12000,HS',NYSE,9,13.5,1002,0,CHS Electronics,0,0,0
19960709,12000,HS',NYSE,9,13.5,1194,0,CHS Electronics,0,0,0
19960710,12000,HS',NYSE,9.083333333,13.625,480,0,CHS Electronics,0,0,0
19960711,12000,HS',NYSE,8.166666667,12.25,1101,0,CHS Electronics,0,0,0
19960712,12000,HS',NYSE,8,12,552,0,CHS Electronics,0,0,0
19960715,12000,HS',NYSE,7.833333333,11.75,599,0,CHS Electronics,0,0,0
19960716,12000,HS',NYSE,6.666666667,10,419,0,CHS Electronics,0,0,0
19960717,12000,HS',NYSE,8.166666667,12.25,782,0,CHS Electronics,0,0,0
19960718,12000,HS',NYSE,7.833333333,11.75,720,0,CHS Electronics,0,0,0
19960719,12000,HS',NYSE,7.833333333,11.75,75,0,CHS Electronics,0,0,0
19960722,12000,HS',NYSE,7.916666667,11.875,591,0,CHS Electronics,0,0,0
19960723,12000,HS',NYSE,7.166666667,10.75,1037,0,CHS Electronics,0,0,0
19960724,12000,HS',NYSE,6.666666667,10,425,0,CHS Electronics,0,0,0
19960725,12000,HS',NYSE,7.083333333,10.625,122,0,CHS Electronics,0,0,0
19960726,12000,HS',NYSE,7.333333333,11,86,0,CHS Electronics,0,0,0
19960729,12000,HS',NYSE,7.833333333,11.75,99,0,CHS Electronics,0,0,0
19960730,12000,HS',NYSE,7.833333333,11.75,48,0,CHS Electronics,0,0,0
19960731,12000,HS',NYSE,7.166666667,10.75,165,0,CHS Electronics,0,0,0
19960801,12000,HS',NYSE,7.583333333,11.375,422,0,CHS Electronics,0,0,0
19960802,12000,HS',NYSE,8.166666667,12.25,801,0,CHS Electronics,0,0,0
19960805,12000,HS',NYSE,7.75,11.625,1748,0,CHS Electronics,0,0,0
19960806,12000,HS',NYSE,8,12,56,0,CHS Electronics,0,0,0
19960807,12000,HS',NYSE,7.666666667,11.5,2904,0,CHS Electronics,0,0,0
19960808,12000,HS',NYSE,7.916666667,11.875,122,0,CHS Electronics,0,0,0
19960809,12000,HS',NYSE,7.666666667,11.5,26,0,CHS Electronics,0,0,0
19960812,12000,HS',NYSE,7.833333333,11.75,179,0,CHS Electronics,0,0,0
19960813,12000,HS',NYSE,7.5,11.25,210,0,CHS Electronics,0,0,0
19960814,12000,HS',NYSE,7.666666667,11.5,33,0,CHS Electronics,0,0,0
19960815,12000,HS',NYSE,8,12,1308,0,CHS Electronics,0,0,0
19960816,12000,HS',NYSE,8,12,50,0,CHS Electronics,0,0,0
19960819,12000,HS',NYSE,8,12,83,0,CHS Electronics,0,0,0
19960820,12000,HS',NYSE,7.833333333,11.75,176,0,CHS Electronics,0,0,0
19960821,12000,HS',NYSE,8.5,12.75,233,0,CHS Electronics,0,0,0
19960822,12000,HS',NYSE,7.666666667,11.5,129,0,CHS Electronics,0,0,0
19960823,12000,HS',NYSE,8,12,294,0,CHS Electronics,0,0,0
19960826,12000,HS',NYSE,7.5,11.25,137,0,CHS Electronics,0,0,0
19960827,12000,HS',NYSE,7.333333333,11,224,0,CHS Electronics,0,0,0
19960828,12000,HS',NYSE,7.333333333,11,59,0,CHS Electronics,0,0,0
19960829,12000,HS',NYSE,7.75,11.625,786,0,CHS Electronics,0,0,0
19960830,12000,HS',NYSE,8,12,1323,0,CHS Electronics,0,0,0
19960903,12000,HS',NYSE,9.083333333,13.625,2844,0,CHS Electronics,0,0,0
19960904,12000,HS',NYSE,8.25,12.375,1599,0,CHS Electronics,0,0,0
19960905,12000,HS',NYSE,8.833333333,13.25,573,0,CHS Electronics,0,0,0
19960906,12000,HS',NYSE,8.625,12.9375,1136,0,CHS Electronics,0,0,0
19960909,12000,HS',NYSE,8.833333333,13.25,3140,0,CHS Electronics,0,0,0
19960910,12000,HS',NYSE,8.5,12.75,545,0,CHS Electronics,0,0,0
19960911,12000,HS',NYSE,8.416666667,12.625,254,0,CHS Electronics,0,0,0
19960912,12000,HS',NYSE,8.333333333,12.5,357,0,CHS Electronics,0,0,0
19960913,12000,HS',NYSE,8.583333333,12.875,1259,0,CHS Electronics,0,0,0
19960916,12000,HS',NYSE,8.416666667,12.625,2360,0,CHS Electronics,0,0,0
19960917,12000,HS',NYSE,8.416666667,12.625,231,0,CHS Electronics,0,0,0
19960918,12000,HS',NYSE,8.625,12.9375,59,0,CHS Electronics,0,0,0
19960919,12000,HS',NYSE,9,13.5,266,0,CHS Electronics,0,0,0
19960920,12000,HS',NYSE,8.666666667,13,330,0,CHS Electronics,0,0,0
19960923,12000,HS',NYSE,8.666666667,13,144,0,CHS Electronics,0,0,0
19960924,12000,HS',NYSE,8.666666667,13,704,0,CHS Electronics,0,0,0
19960925,12000,HS',NYSE,8.75,13.125,977,0,CHS Electronics,0,0,0
19960926,12000,HS',NYSE,8.916666667,13.375,2784,0,CHS Electronics,0,0,0
19960927,12000,HS',NYSE,8.583333333,12.875,245,0,CHS Electronics,0,0,0
19960930,12000,HS',NYSE,9.083333333,13.625,179,0,CHS Electronics,0,0,0
19961001,12000,HS',NYSE,8.791666667,13.1875,648,0,CHS Electronics,0,0,0
19961002,12000,HS',NYSE,9,13.5,2429,0,CHS Electronics,0,0,0
19961003,12000,HS',NYSE,8.833333333,13.25,1539,0,CHS Electronics,0,0,0
19961004,12000,HS',NYSE,8.833333333,13.25,134,0,CHS Electronics,0,0,0
19961007,12000,HS',NYSE,8.666666667,13,398,0,CHS Electronics,0,0,0
19961008,12000,HS',NYSE,8.833333333,13.25,521,0,CHS Electronics,0,0,0
19961009,12000,HS',NYSE,8.666666667,13,780,0,CHS Electronics,0,0,0
19961010,12000,HS',NYSE,9,13.5,636,0,CHS Electronics,0,0,0
19961011,12000,HS',NYSE,8.666666667,13,4157,0,CHS Electronics,0,0,0
19961014,12000,HS',NYSE,8.833333333,13.25,771,0,CHS Electronics,0,0,0
19961015,12000,HS',NYSE,8.583333333,12.875,684,0,CHS Electronics,0,0,0
19961016,12000,HS',NYSE,8.25,12.375,333,0,CHS Electronics,0,0,0
19961017,12000,HS',NYSE,8.416666667,12.625,192,0,CHS Electronics,0,0,0
19961018,12000,HS',NYSE,8.5,12.75,482,0,CHS Electronics,0,0,0
19961021,12000,HS',NYSE,8.458333333,12.6875,543,0,CHS Electronics,0,0,0
19961022,12000,HS',NYSE,8.416666667,12.625,483,0,CHS Electronics,0,0,0
19961023,12000,HS',NYSE,8.166666667,12.25,332,0,CHS Electronics,0,0,0
19961024,12000,HS',NYSE,7.833333333,11.75,447,0,CHS Electronics,0,0,0
19961025,12000,HS',NYSE,7.833333333,11.75,177,0,CHS Electronics,0,0,0
19961028,12000,HS',NYSE,7.333333333,11,212,0,CHS Electronics,0,0,0
19961029,12000,HS',NYSE,7.166666667,10.75,1365,0,CHS Electronics,0,0,0
19961030,12000,HS',NYSE,7.166666667,10.75,837,0,CHS Electronics,0,0,0
19961031,12000,HS',NYSE,7.333333333,11,1361,0,CHS Electronics,0,0,0
19961101,12000,HS',NYSE,7.5,11.25,143,0,CHS Electronics,0,0,0
19961104,12000,HS',NYSE,7.833333333,11.75,341,0,CHS Electronics,0,0,0
19961105,12000,HS',NYSE,7.5,11.25,1002,0,CHS Electronics,0,0,0
19961106,12000,HS',NYSE,7.416666667,11.125,152,0,CHS Electronics,0,0,0
19961107,12000,HS',NYSE,7.333333333,11,855,0,CHS Electronics,0,0,0
19961108,12000,HS',NYSE,7.75,11.625,348,0,CHS Electronics,0,0,0
19961111,12000,HS',NYSE,7.666666667,11.5,392,0,CHS Electronics,0,0,0
19961112,12000,HS',NYSE,7.75,11.625,636,0,CHS Electronics,0,0,0
19961113,12000,HS',NYSE,7.666666667,11.5,1646,0,CHS Electronics,0,0,0
19961114,12000,HS',NYSE,7.666666667,11.5,408,0,CHS Electronics,0,0,0
19961115,12000,HS',NYSE,8.166666667,12.25,335,0,CHS Electronics,0,0,0
19961118,12000,HS',NYSE,8.166666667,12.25,840,0,CHS Electronics,0,0,0
19961119,12000,HS',NYSE,8.333333333,12.5,752,0,CHS Electronics,0,0,0
19961120,12000,HS',NYSE,8,12,111,0,CHS Electronics,0,0,0
19961121,12000,HS',NYSE,8.333333333,12.5,92,0,CHS Electronics,0,0,0
19961122,12000,HS',NYSE,8.166666667,12.25,1025,0,CHS Electronics,0,0,0
19961125,12000,HS',NYSE,8,12,41,0,CHS Electronics,0,0,0
19961126,12000,HS',NYSE,8.041666667,12.0625,176,0,CHS Electronics,0,0,0
19961127,12000,HS',NYSE,7.958333333,11.9375,3339,0,CHS Electronics,0,0,0
19961129,12000,HS',NYSE,8.666666667,13,8225,0,CHS Electronics,0,0,0
19961202,12000,HS',NYSE,9.333333333,14,3090,0,CHS Electronics,0,0,0
19961203,12000,HS',NYSE,9.166666667,13.75,911,0,CHS Electronics,0,0,0
19961204,12000,HS',NYSE,10.16666667,15.25,3221,0,CHS Electronics,0,0,0
19961205,12000,HS',NYSE,10.58333333,15.875,7671,0,CHS Electronics,0,0,0
19961206,12000,HS',NYSE,10.41666667,15.625,2580,0,CHS Electronics,0,0,0
19961209,12000,HS',NYSE,10.75,16.125,2748,0,CHS Electronics,0,0,0
19961210,12000,HS',NYSE,11.33333333,17,10692,0,CHS Electronics,0,0,0
19961211,12000,HS',NYSE,10.83333333,16.25,3399,0,CHS Electronics,0,0,0
19961212,12000,HS',NYSE,11.04166667,16.5625,2811,0,CHS Electronics,0,0,0
19961213,12000,HS',NYSE,11.16666667,16.75,494,0,CHS Electronics,0,0,0
19961216,12000,HS',NYSE,11.41666667,17.125,3264,0,CHS Electronics,0,0,0
19961217,12000,HS',NYSE,11.08333333,16.625,1274,0,CHS Electronics,0,0,0
19961218,12000,HS',NYSE,11.33333333,17,1845,0,CHS Electronics,0,0,0
19961219,12000,HS',NYSE,11.58333333,17.375,4295,0,CHS Electronics,0,0,0
19961220,12000,HS',NYSE,12.41666667,18.625,1653,0,CHS Electronics,0,0,0
19961223,12000,HS',NYSE,11.83333333,17.75,800,0,CHS Electronics,0,0,0
19961224,12000,HS',NYSE,12.5,18.75,612,0,CHS Electronics,0,0,0
19961226,12000,HS',NYSE,12.16666667,18.25,440,0,CHS Electronics,0,0,0
19961227,12000,HS',NYSE,12.16666667,18.25,303,0,CHS Electronics,0,0,0
19961230,12000,HS',NYSE,11.66666667,17.5,245,0,CHS Electronics,0,0,0
19961231,12000,HS',NYSE,11.41666667,17.125,237,0,CHS Electronics,0,0,0
19970102,12000,HS',NYSE,11.08333333,16.625,206,0,CHS Electronics,0,0,0
19970103,12000,HS',NYSE,10.66666667,16,1073,0,CHS Electronics,0,0,0
19970106,12000,HS',NYSE,11.33333333,17,1071,0,CHS Electronics,0,0,0
19970107,12000,HS',NYSE,11.16666667,16.75,1551,0,CHS Electronics,0,0,0
19970108,12000,HS',NYSE,11.33333333,17,296,0,CHS Electronics,0,0,0
19970109,12000,HS',NYSE,11.33333333,17,267,0,CHS Electronics,0,0,0
19970110,12000,HS',NYSE,11.16666667,16.75,272,0,CHS Electronics,0,0,0
19970113,12000,HS',NYSE,11.58333333,17.375,239,0,CHS Electronics,0,0,0
19970114,12000,HS',NYSE,11.91666667,17.875,459,0,CHS Electronics,0,0,0
19970115,12000,HS',NYSE,12,18,1055,0,CHS Electronics,0,0,0
19970116,12000,HS',NYSE,12.25,18.375,71,0,CHS Electronics,0,0,0
19970117,12000,HS',NYSE,11.83333333,17.75,2378,0,CHS Electronics,0,0,0
19970120,12000,HS',NYSE,11.83333333,17.75,956,0,CHS Electronics,0,0,0
19970121,12000,HS',NYSE,12,18,1029,0,CHS Electronics,0,0,0
19970122,12000,HS',NYSE,11.91666667,17.875,624,0,CHS Electronics,0,0,0
19970123,12000,HS',NYSE,11.5,17.25,824,0,CHS Electronics,0,0,0
19970124,12000,HS',NYSE,11.91666667,17.875,390,0,CHS Electronics,0,0,0
19970127,12000,HS',NYSE,12.08333333,18.125,971,0,CHS Electronics,0,0,0
19970128,12000,HS',NYSE,12.33333333,18.5,3830,0,CHS Electronics,0,0,0
19970129,12000,HS',NYSE,12.58333333,18.875,1014,0,CHS Electronics,0,0,0
19970130,12000,HS',NYSE,12.33333333,18.5,785,0,CHS Electronics,0,0,0
19970131,12000,HS',NYSE,12.45833333,18.6875,1782,0,CHS Electronics,0,0,0
19970203,12000,HS',NYSE,12.5,18.75,177,0,CHS Electronics,0,0,0
19970204,12000,HS',NYSE,12.66666667,19,1628,0,CHS Electronics,0,0,0
19970205,12000,HS',NYSE,12.83333333,19.25,978,0,CHS Electronics,0,0,0
19970206,12000,HS',NYSE,13,19.5,776,0,CHS Electronics,0,0,0
19970207,12000,HS',NYSE,13.08333333,19.625,1079,0,CHS Electronics,0,0,0
19970210,12000,HS',NYSE,12.91666667,19.375,5559,0,CHS Electronics,0,0,0
19970211,12000,HS',NYSE,12.75,19.125,7182,0,CHS Electronics,0,0,0
19970212,12000,HS',NYSE,12.75,19.125,558,0,CHS Electronics,0,0,0
19970213,12000,HS',NYSE,12.75,19.125,215,0,CHS Electronics,0,0,0
19970214,12000,HS',NYSE,12.66666667,19,1052,0,CHS Electronics,0,0,0
19970218,12000,HS',NYSE,12.75,19.125,309,0,CHS Electronics,0,0,0
19970219,12000,HS',NYSE,12.33333333,18.5,662,0,CHS Electronics,0,0,0
19970220,12000,HS',NYSE,11.91666667,17.875,2699,0,CHS Electronics,0,0,0
19970221,12000,HS',NYSE,11.66666667,17.5,1592,0,CHS Electronics,0,0,0
19970224,12000,HS',NYSE,11.83333333,17.75,854,0,CHS Electronics,0,0,0
19970225,12000,HS',NYSE,12.75,19.125,10244,0,CHS Electronics,0,0,0
19970226,12000,HS',NYSE,12.75,19.125,548,0,CHS Electronics,0,0,0
19970227,12000,HS',NYSE,15.33333333,23,7262,0,CHS Electronics,0,0,0
19970228,12000,HS',NYSE,14.75,22.125,2256,0,CHS Electronics,0,0,0
19970303,12000,HS',NYSE,15.41666667,23.125,8153,0,CHS Electronics,0,0,0
19970304,12000,HS',NYSE,15.33333333,23,2207,0,CHS Electronics,0,0,0
19970305,12000,HS',NYSE,15.58333333,23.375,1374,0,CHS Electronics,0,0,0
19970306,12000,HS',NYSE,15.33333333,23,7506,0,CHS Electronics,0,0,0
19970307,12000,HS',NYSE,15.75,23.625,4341,0,CHS Electronics,0,0,0
19970310,12000,HS',NYSE,16,24,5237,0,CHS Electronics,0,0,0
19970311,12000,HS',NYSE,16,24,1926,0,CHS Electronics,0,0,0
19970312,12000,HS',NYSE,15.5,23.25,2486,0,CHS Electronics,0,0,0
19970313,12000,HS',NYSE,15.16666667,22.75,1080,0,CHS Electronics,0,0,0
19970314,12000,HS',NYSE,15,22.5,2471,0,CHS Electronics,0,0,0
19970317,12000,HS',NYSE,13.33333333,20,2318,0,CHS Electronics,0,0,0
19970318,12000,HS',NYSE,13.83333333,20.75,2337,0,CHS Electronics,0,0,0
19970319,12000,HS',NYSE,12.91666667,19.375,11994,0,CHS Electronics,0,0,0
19970320,12000,HS',NYSE,13,19.5,4355,0,CHS Electronics,0,0,0
19970321,12000,HS',NYSE,12.66666667,19,900,0,CHS Electronics,0,0,0
19970324,12000,HS',NYSE,11.5,17.25,1793,0,CHS Electronics,0,0,0
19970325,12000,HS',NYSE,11.16666667,16.75,4244,0,CHS Electronics,0,0,0
19970326,12000,HS',NYSE,12,18,3830,0,CHS Electronics,0,0,0
19970327,12000,HS',NYSE,13.41666667,20.125,3773,0,CHS Electronics,0,0,0
19970331,12000,HS',NYSE,13.58333333,20.375,999,0,CHS Electronics,0,0,0
19970401,12000,HS',NYSE,14.95833333,22.4375,1910,0,CHS Electronics,0,0,0
19970402,12000,HS',NYSE,15.16666667,22.75,5646,0,CHS Electronics,0,0,0
19970403,12000,HS',NYSE,14.33333333,21.5,2456,0,CHS Electronics,0,0,0
19970404,12000,HS',NYSE,14.08333333,21.125,494,0,CHS Electronics,0,0,0
19970407,12000,HS',NYSE,14.83333333,22.25,3032,0,CHS Electronics,0,0,0
19970408,12000,HS',NYSE,14.66666667,22,1764,0,CHS Electronics,0,0,0
19970409,12000,HS',NYSE,14.66666667,22,2754,0,CHS Electronics,0,0,0
19970410,12000,HS',NYSE,14.66666667,22,1236,0,CHS Electronics,0,0,0
19970411,12000,HS',NYSE,13.5,20.25,287,0,CHS Electronics,0,0,0
19970414,12000,HS',NYSE,12.83333333,19.25,2727,0,CHS Electronics,0,0,0
19970415,12000,HS',NYSE,13.25,19.875,4262,0,CHS Electronics,0,0,0
19970416,12000,HS',NYSE,12.16666667,18.25,1301,0,CHS Electronics,0,0,0
19970417,12000,HS',NYSE,11.5,17.25,4788,0,CHS Electronics,0,0,0
19970418,12000,HS',NYSE,11.5,17.25,5106,0,CHS Electronics,0,0,0
19970421,12000,HS',NYSE,12.41666667,18.625,3291,0,CHS Electronics,0,0,0
19970422,12000,HS',NYSE,12.83333333,19.25,2781,0,CHS Electronics,0,0,0
19970423,12000,HS',NYSE,12.75,19.125,159,0,CHS Electronics,0,0,0
19970424,12000,HS',NYSE,12.33333333,18.5,408,0,CHS Electronics,0,0,0
19970425,12000,HS',NYSE,12.5,18.75,162,0,CHS Electronics,0,0,0
19970428,12000,HS',NYSE,12.5,18.75,707,0,CHS Electronics,0,0,0
19970429,12000,HS',NYSE,12.5,18.75,122,0,CHS Electronics,0,0,0
19970430,12000,HS',NYSE,12.66666667,19,446,0,CHS Electronics,0,0,0
19970501,12000,HS',NYSE,13.33333333,20,377,0,CHS Electronics,0,0,0
19970502,12000,HS',NYSE,14.25,21.375,5192,0,CHS Electronics,0,0,0
19970505,12000,HS',NYSE,14.33333333,21.5,7497,0,CHS Electronics,0,0,0
19970506,12000,HS',NYSE,15,22.5,5882,0,CHS Electronics,0,0,0
19970507,12000,HS',NYSE,14.83333333,22.25,3225,0,CHS Electronics,0,0,0
19970508,12000,HS',NYSE,16.25,24.375,15171,0,CHS Electronics,0,0,0
19970509,12000,HS',NYSE,16.33333333,24.5,3990,0,CHS Electronics,0,0,0
19970512,12000,HS',NYSE,16.66666667,25,10211,0,CHS Electronics,0,0,0
19970513,12000,HS',NYSE,17,25.5,3054,0,CHS Electronics,0,0,0
19970514,12000,HS',NYSE,17.33333333,26,4028,0,CHS Electronics,0,0,0
19970515,12000,HS',NYSE,16.75,25.125,10077,0,CHS Electronics,0,0,0
19970516,12000,HS',NYSE,16.83333333,25.25,270,0,CHS Electronics,0,0,0
19970519,12000,HS',NYSE,15,22.5,2508,0,CHS Electronics,0,0,0
19970520,12000,HS',NYSE,14.91666667,22.375,2786,0,CHS Electronics,0,0,0
19970521,12000,HS',NYSE,16.16666667,24.25,752,0,CHS Electronics,0,0,0
19970522,12000,HS',NYSE,15.5,23.25,953,0,CHS Electronics,0,0,0
19970523,12000,HS',NYSE,16.33333333,24.5,1289,0,CHS Electronics,0,0,0
19970527,12000,HS',NYSE,16.5,24.75,576,0,CHS Electronics,0,0,0
19970528,12000,HS',NYSE,17.16666667,25.75,1736,0,CHS Electronics,0,0,0
19970529,12000,HS',NYSE,16.83333333,25.25,830,0,CHS Electronics,0,0,0
19970530,12000,HS',NYSE,16.58333333,24.875,2243,0,CHS Electronics,0,0,0
19970602,12000,HS',NYSE,16.58333333,24.875,563,0,CHS Electronics,0,0,0
19970603,12000,HS',NYSE,16.83333333,25.25,3288,0,CHS Electronics,0,0,0
19970604,12000,HS',NYSE,16.41666667,24.625,519,0,CHS Electronics,0,0,0
19970605,12000,HS',NYSE,15.83333333,23.75,206,0,CHS Electronics,0,0,0
19970606,12000,HS',NYSE,15.33333333,23,803,0,CHS Electronics,0,0,0
19970609,12000,HS',NYSE,15.5,23.25,174,0,CHS Electronics,0,0,0
19970610,12000,HS',NYSE,15.66666667,23.5,9710,0,CHS Electronics,0,0,0
19970611,12000,HS',NYSE,16.16666667,24.25,882,0,CHS Electronics,0,0,0
19970612,12000,HS',NYSE,15.66666667,23.5,783,0,CHS Electronics,0,0,0
19970613,12000,HS',NYSE,15.66666667,23.5,158,0,CHS Electronics,0,0,0
19970616,12000,HS',NYSE,16.83333333,25.25,1568,0,CHS Electronics,0,0,0
19970617,12000,HS',NYSE,16.25,24.375,896,0,CHS Electronics,0,0,0
19970618,12000,HS',NYSE,17.33333333,26,7043,0,CHS Electronics,0,0,0
19970619,12000,HS',NYSE,17.16666667,25.75,458,0,CHS Electronics,0,0,0
19970620,12000,HS',NYSE,17.16666667,25.75,812,0,CHS Electronics,0,0,0
19970623,12000,HS',NYSE,17.66666667,26.5,2609,0,CHS Electronics,0,0,0
19970624,12000,HS',NYSE,17.65625,26.484375,536,0,CHS Electronics,0,0,0
19970625,12000,HS',NYSE,17.5,26.25,599,0,CHS Electronics,0,0,0
19970626,12000,HS',NYSE,17.5,26.25,327,0,CHS Electronics,0,0,0
19970627,12000,HS',NYSE,17.75,26.625,195,0,CHS Electronics,0,0,0
19970630,12000,HS',NYSE,17.66666667,26.5,2340,0,CHS Electronics,0,0,0
19970701,12000,HS',NYSE,17.375,26.0625,662,0,CHS Electronics,0,0,0
19970702,12000,HS',NYSE,17.5,26.25,624,0,CHS Electronics,0,0,0
19970703,12000,HS',NYSE,17.58333333,26.375,180,0,CHS Electronics,0,0,0
19970707,12000,HS',NYSE,17.33333333,26,1016,0,CHS Electronics,0,0,0
19970708,12000,HS',NYSE,17.5,26.25,749,0,CHS Electronics,0,0,0
19970709,12000,HS',NYSE,17.5,26.25,1001,0,CHS Electronics,0,0,0
19970710,12000,HS',NYSE,17.58333333,26.375,638,0,CHS Electronics,0,0,0
19970711,12000,HS',NYSE,17.5,26.25,792,0,CHS Electronics,0,0,0
19970714,12000,HS',NYSE,17.20833333,25.8125,1851,0,CHS Electronics,0,0,0
19970715,12000,HS',NYSE,20.33333333,30.5,5036,0,CHS Electronics,0,0,0
19970716,12000,HS',NYSE,22.66666667,34,3675,0,CHS Electronics,0,0,0
19970717,12000,HS',NYSE,21.16666667,31.75,2469,0,CHS Electronics,0,0,0
19970718,12000,HS',NYSE,21.08333333,31.625,1082,0,CHS Electronics,0,0,0
19970721,12000,HS',NYSE,20.66666667,31,4611,0,CHS Electronics,0,0,0
19970722,12000,HS',NYSE,21.41666667,32.125,2163,0,CHS Electronics,0,0,0
19970723,12000,HS',NYSE,22.33333333,33.5,3939,0,CHS Electronics,0,0,0
19970724,12000,HS',NYSE,22,33,2741,0,CHS Electronics,0,0,0
19970725,12000,HS',NYSE,23.08333333,34.625,97401,0,CHS Electronics,0,0,0
19970728,12000,HS',NYSE,23.83333333,35.75,26615,0,CHS Electronics,0,0,0
19970729,12000,HS',NYSE,24.75,37.125,20574,0,CHS Electronics,0,0,0
19970730,12000,HS',NYSE,24.75,37.125,24077,0,CHS Electronics,0,0,0
19970731,12000,HS',NYSE,25.45833333,38.1875,9800,0,CHS Electronics,0,0,0
19970801,12000,HS',NYSE,25.66666667,38.5,9759,0,CHS Electronics,0,0,0
19970804,12000,HS',NYSE,26,39,8559,0,CHS Electronics,0,0,0
19970805,12000,HS',NYSE,25.875,38.8125,14561,0,CHS Electronics,0,0,0
19970806,12000,HS',NYSE,25,37.5,11747,0,CHS Electronics,0,0,0
19970807,12000,HS',NYSE,24.66666667,37,8627,0,CHS Electronics,0,0,0
19970808,12000,HS',NYSE,24.75,37.125,6258,0,CHS Electronics,0,0,0
19970811,12000,HS',NYSE,24.375,36.5625,7421,0,CHS Electronics,0,0,0
19970812,12000,HS',NYSE,24,36,1932,0,CHS Electronics,0,0,0
19970813,12000,HS',NYSE,24.58333333,36.875,4340,0,CHS Electronics,0,0,0
19970814,12000,HS',NYSE,24.70833333,37.0625,8946,0,CHS Electronics,0,0,0
19970815,12000,HS',NYSE,23.66666667,35.5,4616,0,CHS Electronics,0,0,0
19970818,12000,HS',NYSE,23.25,34.875,5237,0,CHS Electronics,0,0,0
19970819,12000,HS',NYSE,24.33333333,36.5,5435,0,CHS Electronics,0,0,0
19970820,12000,HS',NYSE,24.66666667,37,2054,0,CHS Electronics,0,0,0
19970821,12000,HS',NYSE,24.66666667,37,3924,0,CHS Electronics,0,0,0
19970822,12000,HS',NYSE,24.33333333,36.5,3317,0,CHS Electronics,0,0,0
19970825,12000,HS',NYSE,24.58333333,36.875,4187,0,CHS Electronics,0,0,0
19970826,12000,HS',NYSE,25.83333333,38.75,14544,0,CHS Electronics,0,0,0
19970827,12000,HS',NYSE,25.75,38.625,5831,0,CHS Electronics,0,0,0
19970828,12000,HS',NYSE,25.91666667,38.875,5019,0,CHS Electronics,0,0,0
19970829,12000,HS',NYSE,25.75,38.625,924,0,CHS Electronics,0,0,0
19970902,12000,HS',NYSE,27.58333333,41.375,9963,0,CHS Electronics,0,0,0
19970903,12000,HS',NYSE,27.79166667,41.6875,13086,0,CHS Electronics,0,0,0
19970904,12000,HS',NYSE,26.66666667,40,8763,0,CHS Electronics,0,0,0
19970905,12000,HS',NYSE,27.79166667,41.6875,10437,0,CHS Electronics,0,0,0
19970908,12000,HS',NYSE,28.16666667,42.25,4127,0,CHS Electronics,0,0,0
19970909,12000,HS',NYSE,27.91666667,41.875,4241,0,CHS Electronics,0,0,0
19970910,12000,HS',NYSE,27.08333333,40.625,5052,0,CHS Electronics,0,0,0
19970911,12000,HS',NYSE,26.25,39.375,9473,0,CHS Electronics,0,0,0
19970912,12000,HS',NYSE,27.04166667,40.5625,7367,0,CHS Electronics,0,0,0
19970915,12000,HS',NYSE,26.70833333,40.0625,3953,0,CHS Electronics,0,0,0
19970916,12000,HS',NYSE,27,27,3511,0,CHS Electronics,0,0,0
19970917,12000,HS',NYSE,26.625,26.625,4471,0,CHS Electronics,0,0,0
19970918,12000,HS',NYSE,26.8125,26.8125,2989,0,CHS Electronics,0,0,0
19970919,12000,HS',NYSE,27.625,27.625,3447,0,CHS Electronics,0,0,0
19970922,12000,HS',NYSE,29.75,29.75,9122,0,CHS Electronics,0,0,0
19970923,12000,HS',NYSE,29.6875,29.6875,6501,0,CHS Electronics,0,0,0
19970924,12000,HS',NYSE,29.5,29.5,6787,0,CHS Electronics,0,0,0
19970925,12000,HS',NYSE,28.25,28.25,3891,0,CHS Electronics,0,0,0
19970926,12000,HS',NYSE,27.5,27.5,2247,0,CHS Electronics,0,0,0
19970929,12000,HS',NYSE,27.25,27.25,4806,0,CHS Electronics,0,0,0
19970930,12000,HS',NYSE,27.375,27.375,4685,0,CHS Electronics,0,0,0
19971001,12000,HS',NYSE,25,25,5877,0,CHS Electronics,0,0,0
19971002,12000,HS',NYSE,27.5625,27.5625,5252,0,CHS Electronics,0,0,0
19971003,12000,HS',NYSE,28.125,28.125,5593,0,CHS Electronics,0,0,0
19971006,12000,HS',NYSE,28.75,28.75,5997,0,CHS Electronics,0,0,0
19971007,12000,HS',NYSE,28,28,2115,0,CHS Electronics,0,0,0
19971008,12000,HS',NYSE,27.75,27.75,1845,0,CHS Electronics,0,0,0
19971009,12000,HS',NYSE,29.125,29.125,6204,0,CHS Electronics,0,0,0
19971010,12000,HS',NYSE,28.625,28.625,4676,0,CHS Electronics,0,0,0
19971013,12000,HS',NYSE,28.5,28.5,7010,0,CHS Electronics,0,0,0
19971014,12000,HS',NYSE,27.625,27.625,5204,0,CHS Electronics,0,0,0
19971015,12000,HS',NYSE,27.0625,27.0625,5640,0,CHS Electronics,0,0,0
19971016,12000,HS',NYSE,26,26,2279,0,CHS Electronics,0,0,0
19971017,12000,HS',NYSE,26.375,26.375,4097,0,CHS Electronics,0,0,0
19971020,12000,HS',NYSE,26.25,26.25,3082,0,CHS Electronics,0,0,0
19971021,12000,HS',NYSE,29,29,5266,0,CHS Electronics,0,0,0
19971022,12000,HS',NYSE,30.625,30.625,6414,0,CHS Electronics,0,0,0
19971023,12000,HS',NYSE,28.625,28.625,8413,0,CHS Electronics,0,0,0
19971024,12000,HS',NYSE,27.375,27.375,2378,0,CHS Electronics,0,0,0
19971027,12000,HS',NYSE,22,22,8860,0,CHS Electronics,0,0,0
19971028,12000,HS',NYSE,25.5625,25.5625,9937,0,CHS Electronics,0,0,0
19971029,12000,HS',NYSE,25,25,9648,0,CHS Electronics,0,0,0
19971030,12000,HS',NYSE,22,22,5029,0,CHS Electronics,0,0,0
19971031,12000,HS',NYSE,24.4375,24.4375,5741,0,CHS Electronics,0,0,0
19971103,12000,HS',NYSE,25.875,25.875,4385,0,CHS Electronics,0,0,0
19971104,12000,HS',NYSE,24,24,7340,0,CHS Electronics,0,0,0
19971105,12000,HS',NYSE,22.25,22.25,15477,0,CHS Electronics,0,0,0
19971106,12000,HS',NYSE,22.75,22.75,4037,0,CHS Electronics,0,0,0
19971107,12000,HS',NYSE,22.25,22.25,7241,0,CHS Electronics,0,0,0
19971110,12000,HS',NYSE,21.875,21.875,3570,0,CHS Electronics,0,0,0
19971111,12000,HS',NYSE,20.125,20.125,9522,0,CHS Electronics,0,0,0
19971112,12000,HS',NYSE,18,18,14214,0,CHS Electronics,0,0,0
19971113,12000,HS',NYSE,19.75,19.75,12200,0,CHS Electronics,0,0,0
19971114,12000,HS',NYSE,20.25,20.25,5981,0,CHS Electronics,0,0,0
19971117,12000,HS',NYSE,23.4375,23.4375,11779,0,CHS Electronics,0,0,0
19971118,12000,HS',NYSE,22.5,22.5,4867,0,CHS Electronics,0,0,0
19971119,12000,HS',NYSE,22.25,22.25,2823,0,CHS Electronics,0,0,0
19971120,12000,HS',NYSE,21.75,21.75,2448,0,CHS Electronics,0,0,0
19971121,12000,HS',NYSE,20.375,20.375,6121,0,CHS Electronics,0,0,0
19971124,12000,HS',NYSE,19.46875,19.46875,3786,0,CHS Electronics,0,0,0
19971125,12000,HS',NYSE,18.375,18.375,5827,0,CHS Electronics,0,0,0
19971126,12000,HS',NYSE,19.3125,19.3125,4753,0,CHS Electronics,0,0,0
19971128,12000,HS',NYSE,18.875,18.875,1351,0,CHS Electronics,0,0,0
19971201,12000,HS',NYSE,19.375,19.375,3060,0,CHS Electronics,0,0,0
19971202,12000,HS',NYSE,18.9375,18.9375,3078,0,CHS Electronics,0,0,0
19971203,12000,HS',NYSE,17.875,17.875,10461,0,CHS Electronics,0,0,0
19971204,12000,HS',NYSE,17.875,17.875,17186,0,CHS Electronics,0,0,0
19971205,12000,HS',NYSE,19.75,19.75,13543,0,CHS Electronics,0,0,0
19971208,12000,HS',NYSE,20.75,20.75,5327,0,CHS Electronics,0,0,0
19971209,12000,HS',NYSE,20.375,20.375,4172,0,CHS Electronics,0,0,0
19971210,12000,HS',NYSE,19.375,19.375,7711,0,CHS Electronics,0,0,0
19971211,12000,HS',NYSE,18.0625,18.0625,8000,0,CHS Electronics,0,0,0
19971212,12000,HS',NYSE,17.75,17.75,6638,0,CHS Electronics,0,0,0
19971215,12000,HS',NYSE,16.5,16.5,12026,0,CHS Electronics,0,0,0
19971216,12000,HS',NYSE,16.125,16.125,11016,0,CHS Electronics,0,0,0
19971217,12000,HS',NYSE,16.25,16.25,8549,0,CHS Electronics,0,0,0
19971218,12000,HS',NYSE,15.375,15.375,7891,0,CHS Electronics,0,0,0
19971219,12000,HS',NYSE,16.0625,16.0625,7493,0,CHS Electronics,0,0,0
19971222,12000,HS',NYSE,16.75,16.75,8329,0,CHS Electronics,0,0,0
19971223,12000,HS',NYSE,16.25,16.25,9374,0,CHS Electronics,0,0,0
19971224,12000,HS',NYSE,16.25,16.25,448,0,CHS Electronics,0,0,0
19971226,12000,HS',NYSE,16,16,754,0,CHS Electronics,0,0,0
19971229,12000,HS',NYSE,15.625,15.625,6024,0,CHS Electronics,0,0,0
19971230,12000,HS',NYSE,16.1875,16.1875,14100,0,CHS Electronics,0,0,0
19971231,12000,HS',NYSE,17.125,17.125,20593,0,CHS Electronics,0,0,0
19980102,12000,HS',NYSE,17,17,5418,0,CHS Electronics,0,0,0
19980105,12000,HS',NYSE,17,17,9584,0,CHS Electronics,0,0,0
19980106,12000,HS',NYSE,17,17,2680,0,CHS Electronics,0,0,0
19980107,12000,HS',NYSE,16.875,16.875,3036,0,CHS Electronics,0,0,0
19980108,12000,HS',NYSE,16.0625,16.0625,4380,0,CHS Electronics,0,0,0
19980109,12000,HS',NYSE,15.5,15.5,18145,0,CHS Electronics,0,0,0
19980112,12000,HS',NYSE,15.25,15.25,11864,0,CHS Electronics,0,0,0
19980113,12000,HS',NYSE,17.25,17.25,14925,0,CHS Electronics,0,0,0
19980114,12000,HS',NYSE,18,18,6272,0,CHS Electronics,0,0,0
19980115,12000,HS',NYSE,18.4375,18.4375,4110,0,CHS Electronics,0,0,0
19980116,12000,HS',NYSE,19.375,19.375,5853,0,CHS Electronics,0,0,0
19980120,12000,HS',NYSE,20.25,20.25,5326,0,CHS Electronics,0,0,0
19980121,12000,HS',NYSE,19.6875,19.6875,5436,0,CHS Electronics,0,0,0
19980122,12000,HS',NYSE,19.4375,19.4375,2145,0,CHS Electronics,0,0,0
19980123,12000,HS',NYSE,18.5,18.5,4665,0,CHS Electronics,0,0,0
19980126,12000,HS',NYSE,18.375,18.375,8248,0,CHS Electronics,0,0,0
19980127,12000,HS',NYSE,19.5,19.5,5102,0,CHS Electronics,0,0,0
19980128,12000,HS',NYSE,21.125,21.125,12307,0,CHS Electronics,0,0,0
19980129,12000,HS',NYSE,20.25,20.25,5991,0,CHS Electronics,0,0,0
19980130,12000,HS',NYSE,20.0625,20.0625,4109,0,CHS Electronics,0,0,0
19980202,12000,HS',NYSE,21,21,6113,0,CHS Electronics,0,0,0
19980203,12000,HS',NYSE,22.0625,22.0625,12029,0,CHS Electronics,0,0,0
19980204,12000,HS',NYSE,23.875,23.875,16153,0,CHS Electronics,0,0,0
19980205,12000,HS',NYSE,23.5,23.5,9353,0,CHS Electronics,0,0,0
19980206,12000,HS',NYSE,24,24,5756,0,CHS Electronics,0,0,0
19980209,12000,HS',NYSE,23.125,23.125,6425,0,CHS Electronics,0,0,0
19980210,12000,HS',NYSE,23.75,23.75,5661,0,CHS Electronics,0,0,0
19980211,12000,HS',NYSE,24,24,7678,0,CHS Electronics,0,0,0
19980212,12000,HS',NYSE,23.25,23.25,4472,0,CHS Electronics,0,0,0
19980213,12000,HS',NYSE,23.5,23.5,4327,0,CHS Electronics,0,0,0
19980217,12000,HS',NYSE,24,24,8113,0,CHS Electronics,0,0,0
19980218,12000,HS',NYSE,19.25,19.25,103583,0,CHS Electronics,0,0,0
19980219,12000,HS',NYSE,19.5,19.5,23639,0,CHS Electronics,0,0,0
19980220,12000,HS',NYSE,19.25,19.25,13238,0,CHS Electronics,0,0,0
19980223,12000,HS',NYSE,19.375,19.375,16241,0,CHS Electronics,0,0,0
19980224,12000,HS',NYSE,19.375,19.375,6718,0,CHS Electronics,0,0,0
19980225,12000,HS',NYSE,20,20,5595,0,CHS Electronics,0,0,0
19980226,12000,HS',NYSE,21,21,12492,0,CHS Electronics,0,0,0
19980227,12000,HS',NYSE,20.625,20.625,5114,0,CHS Electronics,0,0,0
19980302,12000,HS',NYSE,20.5625,20.5625,8209,0,CHS Electronics,0,0,0
19980303,12000,HS',NYSE,20.0625,20.0625,11614,0,CHS Electronics,0,0,0
19980304,12000,HS',NYSE,19.5,19.5,4480,0,CHS Electronics,0,0,0
19980305,12000,HS',NYSE,18,18,13931,0,CHS Electronics,0,0,0
19980306,12000,HS',NYSE,18.1875,18.1875,19283,0,CHS Electronics,0,0,0
19980309,12000,HS',NYSE,17.0625,17.0625,13397,0,CHS Electronics,0,0,0
19980310,12000,HS',NYSE,18.0625,18.0625,11460,0,CHS Electronics,0,0,0
19980311,12000,HS',NYSE,19.125,19.125,11045,0,CHS Electronics,0,0,0
19980312,12000,HS',NYSE,19,19,9583,0,CHS Electronics,0,0,0
19980313,12000,HS',NYSE,19.5625,19.5625,5774,0,CHS Electronics,0,0,0
19980316,12000,HS',NYSE,18.875,18.875,14678,0,CHS Electronics,0,0,0
19980317,12000,HS',NYSE,18.3125,18.3125,8931,0,CHS Electronics,0,0,0
19980318,12000,HS',NYSE,18.5,18.5,4045,0,CHS Electronics,0,0,0
19980319,12000,HS',NYSE,18.375,18.375,8094,0,CHS Electronics,0,0,0
19980320,12000,HS',NYSE,18.0625,18.0625,15982,0,CHS Electronics,0,0,0
19980323,12000,HS',NYSE,18.25,18.25,11700,0,CHS Electronics,0,0,0
19980324,12000,HS',NYSE,18.5,18.5,5025,0,CHS Electronics,0,0,0
19980325,12000,HS',NYSE,19.125,19.125,14434,0,CHS Electronics,0,0,0
19980326,12000,HS',NYSE,19.15625,19.15625,4710,0,CHS Electronics,0,0,0
19980327,12000,HS',NYSE,19.25,19.25,3627,0,CHS Electronics,0,0,0
19980330,12000,HS',NYSE,18.8125,18.8125,4897,0,CHS Electronics,0,0,0
19980331,12000,HS',NYSE,18.75,18.75,5314,0,CHS Electronics,0,0,0
19980401,12000,HS',NYSE,18.8125,18.8125,5770,0,CHS Electronics,0,0,0
19980402,12000,HS',NYSE,19.25,19.25,7775,0,CHS Electronics,0,0,0
19980403,12000,HS',NYSE,19.75,19.75,9454,0,CHS Electronics,0,0,0
19980406,12000,HS',NYSE,19.25,19.25,5947,0,CHS Electronics,0,0,0
19980407,12000,HS',NYSE,19.4375,19.4375,8969,0,CHS Electronics,0,0,0
19980408,12000,HS',NYSE,19.5625,19.5625,5460,0,CHS Electronics,0,0,0
19980409,12000,HS',NYSE,19.5625,19.5625,4459,0,CHS Electronics,0,0,0
19980413,12000,HS',NYSE,19.4375,19.4375,2687,0,CHS Electronics,0,0,0
19980414,12000,HS',NYSE,19.875,19.875,5068,0,CHS Electronics,0,0,0
19980415,12000,HS',NYSE,21.25,21.25,12737,0,CHS Electronics,0,0,0
19980416,12000,HS',NYSE,20.75,20.75,6870,0,CHS Electronics,0,0,0
19980417,12000,HS',NYSE,21.375,21.375,8352,0,CHS Electronics,0,0,0
19980420,12000,HS',NYSE,21.9375,21.9375,14258,0,CHS Electronics,0,0,0
19980421,12000,HS',NYSE,22.25,22.25,14148,0,CHS Electronics,0,0,0
19980422,12000,HS',NYSE,21.375,21.375,4873,0,CHS Electronics,0,0,0
19980423,12000,HS',NYSE,20.5,20.5,5155,0,CHS Electronics,0,0,0
19980424,12000,HS',NYSE,20.25,20.25,4444,0,CHS Electronics,0,0,0
19980427,12000,HS',NYSE,19.75,19.75,5491,0,CHS Electronics,0,0,0
19980428,12000,HS',NYSE,19.875,19.875,6817,0,CHS Electronics,0,0,0
19980429,12000,HS',NYSE,20.625,20.625,15438,0,CHS Electronics,0,0,0
19980430,12000,HS',NYSE,20.875,20.875,17742,0,CHS Electronics,0,0,0
19980501,12000,HS',NYSE,20.4375,20.4375,12265,0,CHS Electronics,0,0,0
19980504,12000,HS',NYSE,20.875,20.875,13460,0,CHS Electronics,0,0,0
19980505,12000,HS',NYSE,21.8125,21.8125,12012,0,CHS Electronics,0,0,0
19980506,12000,HS',NYSE,22.5,22.5,32219,0,CHS Electronics,0,0,0
19980507,12000,HS',NYSE,22.875,22.875,12886,0,CHS Electronics,0,0,0
19980508,12000,HS',NYSE,23.8125,23.8125,23177,0,CHS Electronics,0,0,0
19980511,12000,HS',NYSE,22.9375,22.9375,11161,0,CHS Electronics,0,0,0
19980512,12000,HS',NYSE,23,23,9641,0,CHS Electronics,0,0,0
19980513,12000,HS',NYSE,23.375,23.375,8653,0,CHS Electronics,0,0,0
19980514,12000,HS',NYSE,23.625,23.625,17367,0,CHS Electronics,0,0,0
19980515,12000,HS',NYSE,23.5,23.5,24981,0,CHS Electronics,0,0,0
19980518,12000,HS',NYSE,22.875,22.875,8286,0,CHS Electronics,0,0,0
19980519,12000,HS',NYSE,24.3125,24.3125,15417,0,CHS Electronics,0,0,0
19980520,12000,HS',NYSE,23.5,23.5,16785,0,CHS Electronics,0,0,0
19980521,12000,HS',NYSE,23.875,23.875,7252,0,CHS Electronics,0,0,0
19980522,12000,HS',NYSE,23.125,23.125,2836,0,CHS Electronics,0,0,0
19980526,12000,HS',NYSE,21.5,21.5,12939,0,CHS Electronics,0,0,0
19980527,12000,HS',NYSE,20.0625,20.0625,20547,0,CHS Electronics,0,0,0
19980528,12000,HS',NYSE,20.0625,20.0625,9510,0,CHS Electronics,0,0,0
19980529,12000,HS',NYSE,19.875,19.875,12241,0,CHS Electronics,0,0,0
19980601,12000,HS',NYSE,19.3125,19.3125,3303,0,CHS Electronics,0,0,0
19980602,12000,HS',NYSE,18.6875,18.6875,3233,0,CHS Electronics,0,0,0
19980603,12000,HS',NYSE,19.4375,19.4375,12054,0,CHS Electronics,0,0,0
19980604,12000,HS',NYSE,19.8125,19.8125,9285,0,CHS Electronics,0,0,0
19980605,12000,HS',NYSE,20.75,20.75,5603,0,CHS Electronics,0,0,0
19980608,12000,HS',NYSE,20.3125,20.3125,3115,0,CHS Electronics,0,0,0
19980609,12000,HS',NYSE,21.6875,21.6875,7195,0,CHS Electronics,0,0,0
19980610,12000,HS',NYSE,20.625,20.625,10255,0,CHS Electronics,0,0,0
19980611,12000,HS',NYSE,20.25,20.25,3597,0,CHS Electronics,0,0,0
19980612,12000,HS',NYSE,20.375,20.375,2673,0,CHS Electronics,0,0,0
19980615,12000,HS',NYSE,18.75,18.75,3798,0,CHS Electronics,0,0,0
19980616,12000,HS',NYSE,18.8125,18.8125,12187,0,CHS Electronics,0,0,0
19980617,12000,HS',NYSE,17.625,17.625,11898,0,CHS Electronics,0,0,0
19980618,12000,HS',NYSE,14.5625,14.5625,47331,0,CHS Electronics,0,0,0
19980619,12000,HS',NYSE,16.5625,16.5625,44119,0,CHS Electronics,0,0,0
19980622,12000,HS',NYSE,16.875,16.875,13058,0,CHS Electronics,0,0,0
19980623,12000,HS',NYSE,16.875,16.875,11807,0,CHS Electronics,0,0,0
19980624,12000,HS',NYSE,16.5,16.5,15929,0,CHS Electronics,0,0,0
19980625,12000,HS',NYSE,15.875,15.875,7137,0,CHS Electronics,0,0,0
19980626,12000,HS',NYSE,16.375,16.375,5497,0,CHS Electronics,0,0,0
19980629,12000,HS',NYSE,16.875,16.875,5007,0,CHS Electronics,0,0,0
19980630,12000,HS',NYSE,17.875,17.875,10143,0,CHS Electronics,0,0,0
19980701,12000,HS',NYSE,18,18,10167,0,CHS Electronics,0,0,0
19980702,12000,HS',NYSE,18.1875,18.1875,3730,0,CHS Electronics,0,0,0
19980706,12000,HS',NYSE,18.375,18.375,7110,0,CHS Electronics,0,0,0
19980707,12000,HS',NYSE,18.875,18.875,11805,0,CHS Electronics,0,0,0
19980708,12000,HS',NYSE,18.625,18.625,3502,0,CHS Electronics,0,0,0
19980709,12000,HS',NYSE,18.9375,18.9375,6695,0,CHS Electronics,0,0,0
19980710,12000,HS',NYSE,18.625,18.625,3254,0,CHS Electronics,0,0,0
19980713,12000,HS',NYSE,19,19,4923,0,CHS Electronics,0,0,0
19980714,12000,HS',NYSE,19,19,9088,0,CHS Electronics,0,0,0
19980715,12000,HS',NYSE,18.6875,18.6875,2917,0,CHS Electronics,0,0,0
19980716,12000,HS',NYSE,18.875,18.875,2717,0,CHS Electronics,0,0,0
19980717,12000,HS',NYSE,19,19,5599,0,CHS Electronics,0,0,0
19980720,12000,HS',NYSE,18.5625,18.5625,3659,0,CHS Electronics,0,0,0
19980721,12000,HS',NYSE,18,18,3342,0,CHS Electronics,0,0,0
19980722,12000,HS',NYSE,16.9375,16.9375,6418,0,CHS Electronics,0,0,0
19980723,12000,HS',NYSE,17.0625,17.0625,3779,0,CHS Electronics,0,0,0
19980724,12000,HS',NYSE,17.125,17.125,5718,0,CHS Electronics,0,0,0
19980727,12000,HS',NYSE,17.5625,17.5625,8818,0,CHS Electronics,0,0,0
19980728,12000,HS',NYSE,18.3125,18.3125,10182,0,CHS Electronics,0,0,0
19980729,12000,HS',NYSE,18.125,18.125,3321,0,CHS Electronics,0,0,0
19980730,12000,HS',NYSE,17.625,17.625,2266,0,CHS Electronics,0,0,0
19980731,12000,HS',NYSE,17.125,17.125,3112,0,CHS Electronics,0,0,0
19980803,12000,HS',NYSE,17.125,17.125,6463,0,CHS Electronics,0,0,0
19980804,12000,HS',NYSE,16.9375,16.9375,10838,0,CHS Electronics,0,0,0
19980805,12000,HS',NYSE,16.4375,16.4375,10623,0,CHS Electronics,0,0,0
19980806,12000,HS',NYSE,16.875,16.875,27127,0,CHS Electronics,0,0,0
19980807,12000,HS',NYSE,17.9375,17.9375,15766,0,CHS Electronics,0,0,0
19980810,12000,HS',NYSE,16.5625,16.5625,2906,0,CHS Electronics,0,0,0
19980811,12000,HS',NYSE,15.9375,15.9375,2627,0,CHS Electronics,0,0,0
19980812,12000,HS',NYSE,16.75,16.75,2022,0,CHS Electronics,0,0,0
19980813,12000,HS',NYSE,16.875,16.875,2234,0,CHS Electronics,0,0,0
19980814,12000,HS',NYSE,17.0625,17.0625,4347,0,CHS Electronics,0,0,0
19980817,12000,HS',NYSE,16.625,16.625,3419,0,CHS Electronics,0,0,0
19980818,12000,HS',NYSE,18,18,2896,0,CHS Electronics,0,0,0
19980819,12000,HS',NYSE,18.3125,18.3125,3894,0,CHS Electronics,0,0,0
19980820,12000,HS',NYSE,17.625,17.625,1289,0,CHS Electronics,0,0,0
19980821,12000,HS',NYSE,16.5,16.5,2269,0,CHS Electronics,0,0,0
19980824,12000,HS',NYSE,16.75,16.75,3679,0,CHS Electronics,0,0,0
19980825,12000,HS',NYSE,16.6875,16.6875,3935,0,CHS Electronics,0,0,0
19980826,12000,HS',NYSE,16.0625,16.0625,3378,0,CHS Electronics,0,0,0
19980827,12000,HS',NYSE,14.8125,14.8125,3743,0,CHS Electronics,0,0,0
19980828,12000,HS',NYSE,14,14,5060,0,CHS Electronics,0,0,0
19980831,12000,HS',NYSE,12.5625,12.5625,6085,0,CHS Electronics,0,0,0
19980901,12000,HS',NYSE,13,13,6582,0,CHS Electronics,0,0,0
19980902,12000,HS',NYSE,13.875,13.875,4958,0,CHS Electronics,0,0,0
19980903,12000,HS',NYSE,13.25,13.25,3110,0,CHS Electronics,0,0,0
19980904,12000,HS',NYSE,12.625,12.625,3079,0,CHS Electronics,0,0,0
19980908,12000,HS',NYSE,12.8125,12.8125,5334,0,CHS Electronics,0,0,0
19980909,12000,HS',NYSE,11.875,11.875,5546,0,CHS Electronics,0,0,0
19980910,12000,HS',NYSE,10.9375,10.9375,6030,0,CHS Electronics,0,0,0
19980911,12000,HS',NYSE,10.9375,10.9375,9378,0,CHS Electronics,0,0,0
19980914,12000,HS',NYSE,10.9375,10.9375,2599,0,CHS Electronics,0,0,0
19980915,12000,HS',NYSE,10.9375,10.9375,3116,0,CHS Electronics,0,0,0
19980916,12000,HS',NYSE,12,12,3612,0,CHS Electronics,0,0,0
19980917,12000,HS',NYSE,11.375,11.375,3601,0,CHS Electronics,0,0,0
19980918,12000,HS',NYSE,11,11,6179,0,CHS Electronics,0,0,0
19980921,12000,HS',NYSE,11.625,11.625,7255,0,CHS Electronics,0,0,0
19980922,12000,HS',NYSE,11.4375,11.4375,3489,0,CHS Electronics,0,0,0
19980923,12000,HS',NYSE,12.75,12.75,6830,0,CHS Electronics,0,0,0
19980924,12000,HS',NYSE,12.8125,12.8125,4935,0,CHS Electronics,0,0,0
19980925,12000,HS',NYSE,11.625,11.625,6141,0,CHS Electronics,0,0,0
19980928,12000,HS',NYSE,11.5,11.5,5890,0,CHS Electronics,0,0,0
19980929,12000,HS',NYSE,11.1875,11.1875,4290,0,CHS Electronics,0,0,0
19980930,12000,HS',NYSE,10.875,10.875,1928,0,CHS Electronics,0,0,0
19981001,12000,HS',NYSE,9.9375,9.9375,3890,0,CHS Electronics,0,0,0
19981002,12000,HS',NYSE,9.875,9.875,1756,0,CHS Electronics,0,0,0
19981005,12000,HS',NYSE,9.375,9.375,2891,0,CHS Electronics,0,0,0
19981006,12000,HS',NYSE,7.875,7.875,4891,0,CHS Electronics,0,0,0
19981007,12000,HS',NYSE,6,6,14154,0,CHS Electronics,0,0,0
19981008,12000,HS',NYSE,7.3125,7.3125,15090,0,CHS Electronics,0,0,0
19981009,12000,HS',NYSE,6.5625,6.5625,9309,0,CHS Electronics,0,0,0
19981012,12000,HS',NYSE,6.6875,6.6875,6995,0,CHS Electronics,0,0,0
19981013,12000,HS',NYSE,6.3125,6.3125,4541,0,CHS Electronics,0,0,0
19981014,12000,HS',NYSE,6,6,4679,0,CHS Electronics,0,0,0
19981015,12000,HS',NYSE,8,8,8976,0,CHS Electronics,0,0,0
19981016,12000,HS',NYSE,10.125,10.125,14841,0,CHS Electronics,0,0,0
19981019,12000,HS',NYSE,8.6875,8.6875,4510,0,CHS Electronics,0,0,0
19981020,12000,HS',NYSE,11,11,11532,0,CHS Electronics,0,0,0
19981021,12000,HS',NYSE,10.625,10.625,10694,0,CHS Electronics,0,0,0
19981022,12000,HS',NYSE,10.5625,10.5625,2928,0,CHS Electronics,0,0,0
19981023,12000,HS',NYSE,10.5,10.5,4828,0,CHS Electronics,0,0,0
19981026,12000,HS',NYSE,10.5625,10.5625,4013,0,CHS Electronics,0,0,0
19981027,12000,HS',NYSE,10.375,10.375,7548,0,CHS Electronics,0,0,0
19981028,12000,HS',NYSE,10.125,10.125,3945,0,CHS Electronics,0,0,0
19981029,12000,HS',NYSE,9.875,9.875,4362,0,CHS Electronics,0,0,0
19981030,12000,HS',NYSE,9.75,9.75,7627,0,CHS Electronics,0,0,0
19981102,12000,HS',NYSE,11.625,11.625,9935,0,CHS Electronics,0,0,0
19981103,12000,HS',NYSE,15.3125,15.3125,30610,0,CHS Electronics,0,0,0
19981104,12000,HS',NYSE,16.75,16.75,18546,0,CHS Electronics,0,0,0
19981105,12000,HS',NYSE,15.8125,15.8125,6598,0,CHS Electronics,0,0,0
19981106,12000,HS',NYSE,17,17,13125,0,CHS Electronics,0,0,0
19981109,12000,HS',NYSE,15.4375,15.4375,9993,0,CHS Electronics,0,0,0
19981110,12000,HS',NYSE,14.8125,14.8125,14282,0,CHS Electronics,0,0,0
19981111,12000,HS',NYSE,14.625,14.625,6839,0,CHS Electronics,0,0,0
19981112,12000,HS',NYSE,14.0625,14.0625,3382,0,CHS Electronics,0,0,0
19981113,12000,HS',NYSE,13.875,13.875,2536,0,CHS Electronics,0,0,0
19981116,12000,HS',NYSE,14.625,14.625,6745,0,CHS Electronics,0,0,0
19981117,12000,HS',NYSE,14.5,14.5,2204,0,CHS Electronics,0,0,0
19981118,12000,HS',NYSE,14.75,14.75,5451,0,CHS Electronics,0,0,0
19981119,12000,HS',NYSE,15.3125,15.3125,6760,0,CHS Electronics,0,0,0
19981120,12000,HS',NYSE,14.6875,14.6875,6345,0,CHS Electronics,0,0,0
19981123,12000,HS',NYSE,15,15,7807,0,CHS Electronics,0,0,0
19981124,12000,HS',NYSE,15.1875,15.1875,4900,0,CHS Electronics,0,0,0
19981125,12000,HS',NYSE,14.6875,14.6875,1752,0,CHS Electronics,0,0,0
19981127,12000,HS',NYSE,14.6875,14.6875,1027,0,CHS Electronics,0,0,0
19981130,12000,HS',NYSE,14.8125,14.8125,3632,0,CHS Electronics,0,0,0
19981201,12000,HS',NYSE,17.875,17.875,27824,0,CHS Electronics,0,0,0
19981202,12000,HS',NYSE,17.125,17.125,9154,0,CHS Electronics,0,0,0
19981203,12000,HS',NYSE,17.25,17.25,9239,0,CHS Electronics,0,0,0
19981204,12000,HS',NYSE,16.875,16.875,3505,0,CHS Electronics,0,0,0
19981207,12000,HS',NYSE,16.8125,16.8125,2056,0,CHS Electronics,0,0,0
19981208,12000,HS',NYSE,16.25,16.25,2150,0,CHS Electronics,0,0,0
19981209,12000,HS',NYSE,15.875,15.875,2726,0,CHS Electronics,0,0,0
19981210,12000,HS',NYSE,15.1875,15.1875,3138,0,CHS Electronics,0,0,0
19981211,12000,HS',NYSE,15.625,15.625,2840,0,CHS Electronics,0,0,0
19981214,12000,HS',NYSE,15.0625,15.0625,4015,0,CHS Electronics,0,0,0
19981215,12000,HS',NYSE,14.9375,14.9375,2505,0,CHS Electronics,0,0,0
19981216,12000,HS',NYSE,14.875,14.875,1664,0,CHS Electronics,0,0,0
19981217,12000,HS',NYSE,14.75,14.75,2913,0,CHS Electronics,0,0,0
19981218,12000,HS',NYSE,14.75,14.75,3118,0,CHS Electronics,0,0,0
19981221,12000,HS',NYSE,15.125,15.125,2855,0,CHS Electronics,0,0,0
19981222,12000,HS',NYSE,15.4375,15.4375,2909,0,CHS Electronics,0,0,0
19981223,12000,HS',NYSE,15.0625,15.0625,10129,0,CHS Electronics,0,0,0
19981224,12000,HS',NYSE,14.9375,14.9375,1512,0,CHS Electronics,0,0,0
19981228,12000,HS',NYSE,15.5625,15.5625,2157,0,CHS Electronics,0,0,0
19981229,12000,HS',NYSE,16.25,16.25,3590,0,CHS Electronics,0,0,0
19981230,12000,HS',NYSE,16.6875,16.6875,2958,0,CHS Electronics,0,0,0
19981231,12000,HS',NYSE,16.9375,16.9375,3634,0,CHS Electronics,0,0,0
19990104,12000,HS',NYSE,16.625,16.625,3814,0,CHS Electronics,0,0,0
19990105,12000,HS',NYSE,16.6875,16.6875,2371,0,CHS Electronics,0,0,0
19990106,12000,HS',NYSE,18,18,8260,0,CHS Electronics,0,0,0
19990107,12000,HS',NYSE,18.4375,18.4375,5425,0,CHS Electronics,0,0,0
19990108,12000,HS',NYSE,19.125,19.125,10864,0,CHS Electronics,0,0,0
19990111,12000,HS',NYSE,19,19,6513,0,CHS Electronics,0,0,0
19990112,12000,HS',NYSE,18.25,18.25,6150,0,CHS Electronics,0,0,0
19990113,12000,HS',NYSE,17.3125,17.3125,9020,0,CHS Electronics,0,0,0
19990114,12000,HS',NYSE,16.4375,16.4375,4564,0,CHS Electronics,0,0,0
19990115,12000,HS',NYSE,16.5,16.5,6157,0,CHS Electronics,0,0,0
19990119,12000,HS',NYSE,16.8125,16.8125,5143,0,CHS Electronics,0,0,0
19990120,12000,HS',NYSE,16.75,16.75,3926,0,CHS Electronics,0,0,0
19990121,12000,HS',NYSE,16.625,16.625,6499,0,CHS Electronics,0,0,0
19990122,12000,HS',NYSE,15.9375,15.9375,4514,0,CHS Electronics,0,0,0
19990125,12000,HS',NYSE,15.875,15.875,3676,0,CHS Electronics,0,0,0
19990126,12000,HS',NYSE,15.4375,15.4375,1886,0,CHS Electronics,0,0,0
19990127,12000,HS',NYSE,14.75,14.75,8378,0,CHS Electronics,0,0,0
19990128,12000,HS',NYSE,15,15,4759,0,CHS Electronics,0,0,0
19990129,12000,HS',NYSE,14.9375,14.9375,2909,0,CHS Electronics,0,0,0
19990201,12000,HS',NYSE,16.375,16.375,4921,0,CHS Electronics,0,0,0
19990202,12000,HS',NYSE,14.125,14.125,18719,0,CHS Electronics,0,0,0
19990203,12000,HS',NYSE,13.125,13.125,11481,0,CHS Electronics,0,0,0
19990204,12000,HS',NYSE,13.125,13.125,8184,0,CHS Electronics,0,0,0
19990205,12000,HS',NYSE,13.5,13.5,9776,0,CHS Electronics,0,0,0
19990208,12000,HS',NYSE,13.28125,13.28125,6499,0,CHS Electronics,0,0,0
19990209,12000,HS',NYSE,12.6875,12.6875,5533,0,CHS Electronics,0,0,0
19990210,12000,HS',NYSE,12.375,12.375,5782,0,CHS Electronics,0,0,0
19990211,12000,HS',NYSE,13,13,4437,0,CHS Electronics,0,0,0
19990212,12000,HS',NYSE,12.875,12.875,4734,0,CHS Electronics,0,0,0
19990216,12000,HS',NYSE,12.1875,12.1875,3246,0,CHS Electronics,0,0,0
19990217,12000,HS',NYSE,11.875,11.875,4101,0,CHS Electronics,0,0,0
19990218,12000,HS',NYSE,12.375,12.375,4511,0,CHS Electronics,0,0,0
19990219,12000,HS',NYSE,11.875,11.875,5846,0,CHS Electronics,0,0,0
19990222,12000,HS',NYSE,11.6875,11.6875,4046,0,CHS Electronics,0,0,0
19990223,12000,HS',NYSE,11,11,10955,0,CHS Electronics,0,0,0
19990224,12000,HS',NYSE,10.1875,10.1875,16654,0,CHS Electronics,0,0,0
19990225,12000,HS',NYSE,7.8125,7.8125,52584,0,CHS Electronics,0,0,0
19990226,12000,HS',NYSE,7,7,39310,0,CHS Electronics,0,0,0
19990301,12000,HS',NYSE,7.125,7.125,30243,0,CHS Electronics,0,0,0
19990302,12000,HS',NYSE,7.125,7.125,23182,0,CHS Electronics,0,0,0
19990303,12000,HS',NYSE,7.0625,7.0625,11155,0,CHS Electronics,0,0,0
19990304,12000,HS',NYSE,7.3125,7.3125,7885,0,CHS Electronics,0,0,0
19990305,12000,HS',NYSE,7.75,7.75,8089,0,CHS Electronics,0,0,0
19990308,12000,HS',NYSE,9.5,9.5,15917,0,CHS Electronics,0,0,0
19990309,12000,HS',NYSE,8.75,8.75,12763,0,CHS Electronics,0,0,0
19990310,12000,HS',NYSE,8.0625,8.0625,10616,0,CHS Electronics,0,0,0
19990311,12000,HS',NYSE,7.8125,7.8125,10965,0,CHS Electronics,0,0,0
19990312,12000,HS',NYSE,6.875,6.875,14187,0,CHS Electronics,0,0,0
19990315,12000,HS',NYSE,7,7,7399,0,CHS Electronics,0,0,0
19990316,12000,HS',NYSE,6.9375,6.9375,5094,0,CHS Electronics,0,0,0
19990317,12000,HS',NYSE,7.0625,7.0625,6127,0,CHS Electronics,0,0,0
19990318,12000,HS',NYSE,5.875,5.875,30115,0,CHS Electronics,0,0,0
19990319,12000,HS',NYSE,6,6,25928,0,CHS Electronics,0,0,0
19990322,12000,HS',NYSE,3.9375,3.9375,74105,0,CHS Electronics,0,0,0
19990323,12000,HS',NYSE,3.9375,3.9375,33616,0,CHS Electronics,0,0,0
19990324,12000,HS',NYSE,3.875,3.875,13483,0,CHS Electronics,0,0,0
19990325,12000,HS',NYSE,3.5,3.5,16101,0,CHS Electronics,0,0,0
19990326,12000,HS',NYSE,3.3125,3.3125,22178,0,CHS Electronics,0,0,0
19990329,12000,HS',NYSE,3.0625,3.0625,30778,0,CHS Electronics,0,0,0
19990330,12000,HS',NYSE,2.75,2.75,21361,0,CHS Electronics,0,0,0
19990331,12000,HS',NYSE,3.1875,3.1875,43309,0,CHS Electronics,0,0,0
19990401,12000,HS',NYSE,3.5,3.5,39127,0,CHS Electronics,0,0,0
19990405,12000,HS',NYSE,3.4375,3.4375,15055,0,CHS Electronics,0,0,0
19990406,12000,HS',NYSE,3.5,3.5,10179,0,CHS Electronics,0,0,0
19990407,12000,HS',NYSE,3.25,3.25,11945,0,CHS Electronics,0,0,0
19990408,12000,HS',NYSE,3.0625,3.0625,16595,0,CHS Electronics,0,0,0
19990409,12000,HS',NYSE,2.9375,2.9375,14858,0,CHS Electronics,0,0,0
19990412,12000,HS',NYSE,3,3,8117,0,CHS Electronics,0,0,0
19990413,12000,HS',NYSE,3.0625,3.0625,8328,0,CHS Electronics,0,0,0
19990414,12000,HS',NYSE,3,3,11398,0,CHS Electronics,0,0,0
19990415,12000,HS',NYSE,2.875,2.875,7769,0,CHS Electronics,0,0,0
19990416,12000,HS',NYSE,2.9375,2.9375,8325,0,CHS Electronics,0,0,0
19990419,12000,HS',NYSE,2.9375,2.9375,10463,0,CHS Electronics,0,0,0
19990420,12000,HS',NYSE,2.8125,2.8125,10884,0,CHS Electronics,0,0,0
19990421,12000,HS',NYSE,2.8125,2.8125,4954,0,CHS Electronics,0,0,0
19990422,12000,HS',NYSE,2.9375,2.9375,6728,0,CHS Electronics,0,0,0
19990423,12000,HS',NYSE,3.6875,3.6875,22857,0,CHS Electronics,0,0,0
19990426,12000,HS',NYSE,4.75,4.75,36191,0,CHS Electronics,0,0,0
19990427,12000,HS',NYSE,5.75,5.75,37002,0,CHS Electronics,0,0,0
19990428,12000,HS',NYSE,5.25,5.25,24630,0,CHS Electronics,0,0,0
19990429,12000,HS',NYSE,5.25,5.25,9581,0,CHS Electronics,0,0,0
19990430,12000,HS',NYSE,5.0625,5.0625,6797,0,CHS Electronics,0,0,0
19990503,12000,HS',NYSE,4.625,4.625,9222,0,CHS Electronics,0,0,0
19990504,12000,HS',NYSE,5.0625,5.0625,8480,0,CHS Electronics,0,0,0
19990505,12000,HS',NYSE,5.3125,5.3125,8836,0,CHS Electronics,0,0,0
19990506,12000,HS',NYSE,5.25,5.25,5315,0,CHS Electronics,0,0,0
19990507,12000,HS',NYSE,5.3125,5.3125,6871,0,CHS Electronics,0,0,0
19990510,12000,HS',NYSE,5.375,5.375,11809,0,CHS Electronics,0,0,0
19990511,12000,HS',NYSE,5.5,5.5,6533,0,CHS Electronics,0,0,0
19990512,12000,HS',NYSE,5.5,5.5,9144,0,CHS Electronics,0,0,0
19990513,12000,HS',NYSE,4.625,4.625,29508,0,CHS Electronics,0,0,0
19990514,12000,HS',NYSE,4.625,4.625,10296,0,CHS Electronics,0,0,0
19990517,12000,HS',NYSE,4.5625,4.5625,7750,0,CHS Electronics,0,0,0
19990518,12000,HS',NYSE,4.5,4.5,6547,0,CHS Electronics,0,0,0
19990519,12000,HS',NYSE,4.375,4.375,9367,0,CHS Electronics,0,0,0
19990520,12000,HS',NYSE,4,4,20012,0,CHS Electronics,0,0,0
19990521,12000,HS',NYSE,4.1875,4.1875,8521,0,CHS Electronics,0,0,0
19990524,12000,HS',NYSE,4.5,4.5,7560,0,CHS Electronics,0,0,0
19990525,12000,HS',NYSE,4.6875,4.6875,10710,0,CHS Electronics,0,0,0
19990526,12000,HS',NYSE,4.4375,4.4375,5292,0,CHS Electronics,0,0,0
19990527,12000,HS',NYSE,4.3125,4.3125,2960,0,CHS Electronics,0,0,0
19990528,12000,HS',NYSE,4.4375,4.4375,3089,0,CHS Electronics,0,0,0
19990601,12000,HS',NYSE,4.375,4.375,2937,0,CHS Electronics,0,0,0
19990602,12000,HS',NYSE,4.375,4.375,2908,0,CHS Electronics,0,0,0
19990603,12000,HS',NYSE,4.4375,4.4375,3168,0,CHS Electronics,0,0,0
19990604,12000,HS',NYSE,4.3125,4.3125,5275,0,CHS Electronics,0,0,0
19990607,12000,HS',NYSE,4.3125,4.3125,3283,0,CHS Electronics,0,0,0
19990608,12000,HS',NYSE,4.375,4.375,5728,0,CHS Electronics,0,0,0
19990609,12000,HS',NYSE,4.5625,4.5625,7478,0,CHS Electronics,0,0,0
19990610,12000,HS',NYSE,4.5,4.5,1987,0,CHS Electronics,0,0,0
19990611,12000,HS',NYSE,4.1875,4.1875,5622,0,CHS Electronics,0,0,0
19990614,12000,HS',NYSE,4,4,13900,0,CHS Electronics,0,0,0
19990615,12000,HS',NYSE,3.9375,3.9375,4112,0,CHS Electronics,0,0,0
19990616,12000,HS',NYSE,3.9375,3.9375,6628,0,CHS Electronics,0,0,0
19990617,12000,HS',NYSE,3.9375,3.9375,3989,0,CHS Electronics,0,0,0
19990618,12000,HS',NYSE,3.9375,3.9375,11386,0,CHS Electronics,0,0,0
19990621,12000,HS',NYSE,4,4,5975,0,CHS Electronics,0,0,0
19990622,12000,HS',NYSE,4.1875,4.1875,3746,0,CHS Electronics,0,0,0
19990623,12000,HS',NYSE,4.4375,4.4375,4148,0,CHS Electronics,0,0,0
19990624,12000,HS',NYSE,4.125,4.125,5809,0,CHS Electronics,0,0,0
19990625,12000,HS',NYSE,4.3125,4.3125,3036,0,CHS Electronics,0,0,0
19990628,12000,HS',NYSE,4.375,4.375,4010,0,CHS Electronics,0,0,0
19990629,12000,HS',NYSE,4.375,4.375,3661,0,CHS Electronics,0,0,0
19990630,12000,HS',NYSE,4.375,4.375,24892,0,CHS Electronics,0,0,0
19990701,12000,HS',NYSE,4.3125,4.3125,3767,0,CHS Electronics,0,0,0
19990702,12000,HS',NYSE,4.3125,4.3125,3072,0,CHS Electronics,0,0,0
19990706,12000,HS',NYSE,4.3125,4.3125,3748,0,CHS Electronics,0,0,0
19990707,12000,HS',NYSE,4.3125,4.3125,1999,0,CHS Electronics,0,0,0
19990708,12000,HS',NYSE,4.375,4.375,3211,0,CHS Electronics,0,0,0
19990709,12000,HS',NYSE,4.25,4.25,3840,0,CHS Electronics,0,0,0
19990712,12000,HS',NYSE,4.375,4.375,2275,0,CHS Electronics,0,0,0
19990713,12000,HS',NYSE,4.25,4.25,3407,0,CHS Electronics,0,0,0
19990714,12000,HS',NYSE,4.375,4.375,4828,0,CHS Electronics,0,0,0
19990715,12000,HS',NYSE,4.25,4.25,3902,0,CHS Electronics,0,0,0
19990716,12000,HS',NYSE,4.375,4.375,3449,0,CHS Electronics,0,0,0
19990719,12000,HS',NYSE,4.3125,4.3125,3351,0,CHS Electronics,0,0,0
19990720,12000,HS',NYSE,4.25,4.25,4310,0,CHS Electronics,0,0,0
19990721,12000,HS',NYSE,4.0625,4.0625,3134,0,CHS Electronics,0,0,0
19990722,12000,HS',NYSE,3.9375,3.9375,7554,0,CHS Electronics,0,0,0
19990723,12000,HS',NYSE,3.875,3.875,2816,0,CHS Electronics,0,0,0
19990726,12000,HS',NYSE,3.875,3.875,5940,0,CHS Electronics,0,0,0
19990727,12000,HS',NYSE,3.9375,3.9375,2653,0,CHS Electronics,0,0,0
19990728,12000,HS',NYSE,3.875,3.875,2027,0,CHS Electronics,0,0,0
19990729,12000,HS',NYSE,3.75,3.75,2610,0,CHS Electronics,0,0,0
19990730,12000,HS',NYSE,3.8125,3.8125,1758,0,CHS Electronics,0,0,0
19990802,12000,HS',NYSE,3.875,3.875,2598,0,CHS Electronics,0,0,0
19990803,12000,HS',NYSE,3.75,3.75,4979,0,CHS Electronics,0,0,0
19990804,12000,HS',NYSE,3.71875,3.71875,3714,0,CHS Electronics,0,0,0
19990805,12000,HS',NYSE,3.75,3.75,4032,0,CHS Electronics,0,0,0
19990806,12000,HS',NYSE,3.6875,3.6875,2401,0,CHS Electronics,0,0,0
19990809,12000,HS',NYSE,3.625,3.625,3446,0,CHS Electronics,0,0,0
19990810,12000,HS',NYSE,3.625,3.625,5271,0,CHS Electronics,0,0,0
19990811,12000,HS',NYSE,4.0625,4.0625,6682,0,CHS Electronics,0,0,0
19990812,12000,HS',NYSE,3.875,3.875,1612,0,CHS Electronics,0,0,0
19990813,12000,HS',NYSE,3.875,3.875,2578,0,CHS Electronics,0,0,0
19990816,12000,HS',NYSE,3.375,3.375,12386,0,CHS Electronics,0,0,0
19990817,12000,HS',NYSE,2.875,2.875,18711,0,CHS Electronics,0,0,0
19990818,12000,HS',NYSE,3.125,3.125,7253,0,CHS Electronics,0,0,0
19990819,12000,HS',NYSE,3.125,3.125,5476,0,CHS Electronics,0,0,0
19990820,12000,HS',NYSE,3,3,2882,0,CHS Electronics,0,0,0
19990823,12000,HS',NYSE,2.5625,2.5625,11461,0,CHS Electronics,0,0,0
19990824,12000,HS',NYSE,2.125,2.125,18799,0,CHS Electronics,0,0,0
19990825,12000,HS',NYSE,2.4375,2.4375,13807,0,CHS Electronics,0,0,0
19990826,12000,HS',NYSE,2.1875,2.1875,7053,0,CHS Electronics,0,0,0
19990827,12000,HS',NYSE,2.25,2.25,2607,0,CHS Electronics,0,0,0
19990830,12000,HS',NYSE,2.4375,2.4375,4001,0,CHS Electronics,0,0,0
19990831,12000,HS',NYSE,2.375,2.375,3054,0,CHS Electronics,0,0,0
19990901,12000,HS',NYSE,2.4375,2.4375,2847,0,CHS Electronics,0,0,0
19990902,12000,HS',NYSE,2.25,2.25,3028,0,CHS Electronics,0,0,0
19990903,12000,HS',NYSE,2.25,2.25,1688,0,CHS Electronics,0,0,0
19990907,12000,HS',NYSE,2.3125,2.3125,1431,0,CHS Electronics,0,0,0
19990908,12000,HS',NYSE,2.3125,2.3125,2735,0,CHS Electronics,0,0,0
19990909,12000,HS',NYSE,2.375,2.375,3481,0,CHS Electronics,0,0,0
19990910,12000,HS',NYSE,2.25,2.25,2143,0,CHS Electronics,0,0,0
19990913,12000,HS',NYSE,2.3125,2.3125,2455,0,CHS Electronics,0,0,0
19990914,12000,HS',NYSE,2.25,2.25,2716,0,CHS Electronics,0,0,0
19990915,12000,HS',NYSE,2.1875,2.1875,1971,0,CHS Electronics,0,0,0
19990916,12000,HS',NYSE,2.3125,2.3125,5138,0,CHS Electronics,0,0,0
19990917,12000,HS',NYSE,2.25,2.25,2677,0,CHS Electronics,0,0,0
19990920,12000,HS',NYSE,2.1875,2.1875,1445,0,CHS Electronics,0,0,0
19990921,12000,HS',NYSE,2.0625,2.0625,2553,0,CHS Electronics,0,0,0
19990922,12000,HS',NYSE,1.875,1.875,9875,0,CHS Electronics,0,0,0
19990923,12000,HS',NYSE,1.8125,1.8125,5800,0,CHS Electronics,0,0,0
19990924,12000,HS',NYSE,1.875,1.875,3790,0,CHS Electronics,0,0,0
19990927,12000,HS',NYSE,1.8125,1.8125,2638,0,CHS Electronics,0,0,0
19990928,12000,HS',NYSE,1.6875,1.6875,2159,0,CHS Electronics,0,0,0
19990929,12000,HS',NYSE,1.625,1.625,4439,0,CHS Electronics,0,0,0
19990930,12000,HS',NYSE,1.4375,1.4375,6690,0,CHS Electronics,0,0,0
19991001,12000,HS',NYSE,1.25,1.25,7737,0,CHS Electronics,0,0,0
19991004,12000,HS',NYSE,1.125,1.125,14793,0,CHS Electronics,0,0,0
19991005,12000,HS',NYSE,1.3125,1.3125,7286,0,CHS Electronics,0,0,0
19991006,12000,HS',NYSE,1.625,1.625,9631,0,CHS Electronics,0,0,0
19991007,12000,HS',NYSE,1.625,1.625,7546,0,CHS Electronics,0,0,0
19991008,12000,HS',NYSE,1.5625,1.5625,3636,0,CHS Electronics,0,0,0
19991011,12000,HS',NYSE,1.625,1.625,3118,0,CHS Electronics,0,0,0
19991012,12000,HS',NYSE,1.375,1.375,5149,0,CHS Electronics,0,0,0
19991013,12000,HS',NYSE,1.375,1.375,3330,0,CHS Electronics,0,0,0
19991014,12000,HS',NYSE,1.1875,1.1875,4948,0,CHS Electronics,0,0,0
19991015,12000,HS',NYSE,1.1875,1.1875,4757,0,CHS Electronics,0,0,0
19991018,12000,HS',NYSE,1.25,1.25,4312,0,CHS Electronics,0,0,0
19991019,12000,HS',NYSE,1.1875,1.1875,8672,0,CHS Electronics,0,0,0
19991020,12000,HS',NYSE,1.1875,1.1875,2816,0,CHS Electronics,0,0,0
19991021,12000,HS',NYSE,1.0625,1.0625,9767,0,CHS Electronics,0,0,0
19991022,12000,HS',NYSE,0.875,0.875,8753,0,CHS Electronics,0,0,0
19991025,12000,HS',NYSE,0.4375,0.4375,46488,0,CHS Electronics,0,0,0
19991026,12000,HS',NYSE,0.6875,0.6875,22206,0,CHS Electronics,0,0,0
19991027,12000,HS',NYSE,0.75,0.75,13238,0,CHS Electronics,0,0,0
19991028,12000,HS',NYSE,0.8125,0.8125,9250,0,CHS Electronics,0,0,0
19991029,12000,HS',NYSE,0.875,0.875,12447,0,CHS Electronics,0,0,0
19991101,12000,HS',NYSE,0.75,0.75,6958,0,CHS Electronics,0,0,0
19991102,12000,HS',NYSE,0.75,0.75,2838,0,CHS Electronics,0,0,0
19991103,12000,HS',NYSE,0.8125,0.8125,5227,0,CHS Electronics,0,0,0
19991104,12000,HS',NYSE,0.8125,0.8125,5983,0,CHS Electronics,0,0,0
19991105,12000,HS',NYSE,0.8125,0.8125,8417,0,CHS Electronics,0,0,0
19991108,12000,HS',NYSE,0.75,0.75,2071,0,CHS Electronics,0,0,0
19991109,12000,HS',NYSE,0.8125,0.8125,1868,0,CHS Electronics,0,0,0
19991110,12000,HS',NYSE,0.75,0.75,2087,0,CHS Electronics,0,0,0
19991111,12000,HS',NYSE,0.75,0.75,2052,0,CHS Electronics,0,0,0
19991112,12000,HS',NYSE,0.75,0.75,4933,0,CHS Electronics,0,0,0
19991115,12000,HS',NYSE,0.75,0.75,2688,0,CHS Electronics,0,0,0
19991116,12000,HS',NYSE,0.6875,0.6875,3187,0,CHS Electronics,0,0,0
19991117,12000,HS',NYSE,0.625,0.625,4107,0,CHS Electronics,0,0,0
19991118,12000,HS',NYSE,0.625,0.625,5100,0,CHS Electronics,0,0,0
19991119,12000,HS',NYSE,0.6875,0.6875,4230,0,CHS Electronics,0,0,0
19991122,12000,HS',NYSE,0.6875,0.6875,4849,0,CHS Electronics,0,0,0
19991123,12000,HS',NYSE,0.625,0.625,4498,0,CHS Electronics,0,0,0
19991124,12000,HS',NYSE,0.6875,0.6875,3821,0,CHS Electronics,0,0,0
19991126,12000,HS',NYSE,0.75,0.75,2947,0,CHS Electronics,0,0,0
19991129,12000,HS',NYSE,0.6875,0.6875,2694,0,CHS Electronics,0,0,0
19991130,12000,HS',NYSE,0.6875,0.6875,3559,0,CHS Electronics,0,0,0
19991201,12000,HS',NYSE,0.6875,0.6875,4220,0,CHS Electronics,0,0,0
19991202,12000,HS',NYSE,0.6875,0.6875,2828,0,CHS Electronics,0,0,0
19991203,12000,HS',NYSE,0.6875,0.6875,2873,0,CHS Electronics,0,0,0
19991206,12000,HS',NYSE,0.6875,0.6875,5119,0,CHS Electronics,0,0,0
19991207,12000,HS',NYSE,0.6875,0.6875,5191,0,CHS Electronics,0,0,0
19991208,12000,HS',NYSE,0.625,0.625,8786,0,CHS Electronics,0,0,0
19991209,12000,HS',NYSE,0.625,0.625,6385,0,CHS Electronics,0,0,0
19991210,12000,HS',NYSE,0.625,0.625,5049,0,CHS Electronics,0,0,0
19991213,12000,HS',NYSE,2,2,39947,0,CHS Electronics,0,0,0
19991214,12000,HS',NYSE,1.5,1.5,52319,0,CHS Electronics,0,0,0
19991215,12000,HS',NYSE,1.5,1.5,17939,0,CHS Electronics,0,0,0
19991216,12000,HS',NYSE,1.4375,1.4375,12616,0,CHS Electronics,0,0,0
19991217,12000,HS',NYSE,1.5,1.5,21526,0,CHS Electronics,0,0,0
19991220,12000,HS',NYSE,1.375,1.375,8264,0,CHS Electronics,0,0,0
19991221,12000,HS',NYSE,1.375,1.375,5353,0,CHS Electronics,0,0,0
19991222,12000,HS',NYSE,1.1875,1.1875,8283,0,CHS Electronics,0,0,0
19991223,12000,HS',NYSE,1.25,1.25,6416,0,CHS Electronics,0,0,0
19991227,12000,HS',NYSE,1.1875,1.1875,5254,0,CHS Electronics,0,0,0
19991228,12000,HS',NYSE,1,1,7761,0,CHS Electronics,0,0,0
19991229,12000,HS',NYSE,1.125,1.125,11064,0,CHS Electronics,0,0,0
19991230,12000,HS',NYSE,1.0625,1.0625,8777,0,CHS Electronics,0,0,0
19991231,12000,HS',NYSE,1.125,1.125,12591,0,CHS Electronics,0,0,0
20000103,12000,HS',NYSE,1.375,1.375,5283,0,CHS Electronics,0,0,0
20000104,12000,HS',NYSE,1.3125,1.3125,14061,0,CHS Electronics,0,0,0
20000105,12000,HS',NYSE,1.3125,1.3125,7892,0,CHS Electronics,0,0,0
20000106,12000,HS',NYSE,1.25,1.25,3945,0,CHS Electronics,0,0,0
20000107,12000,HS',NYSE,1.25,1.25,2645,0,CHS Electronics,0,0,0
20000110,12000,HS',NYSE,1.125,1.125,12349,0,CHS Electronics,0,0,0
20000111,12000,HS',NYSE,1.125,1.125,8050,0,CHS Electronics,0,0,0
20000112,12000,HS',NYSE,1.1875,1.1875,3905,0,CHS Electronics,0,0,0
20000113,12000,HS',NYSE,1.0625,1.0625,8584,0,CHS Electronics,0,0,0
20000114,12000,HS',NYSE,0.9375,0.9375,11628,0,CHS Electronics,0,0,0
20000118,12000,HS',NYSE,1,1,3030,0,CHS Electronics,0,0,0
20000119,12000,HS',NYSE,1,1,3033,0,CHS Electronics,0,0,0
20000120,12000,HS',NYSE,1,1,6347,0,CHS Electronics,0,0,0
20000121,12000,HS',NYSE,0.9375,0.9375,5673,0,CHS Electronics,0,0,0
20000124,12000,HS',NYSE,0.9375,0.9375,4835,0,CHS Electronics,0,0,0
20000125,12000,HS',NYSE,0.9375,0.9375,5993,0,CHS Electronics,0,0,0
20000126,12000,HS',NYSE,1,1,3155,0,CHS Electronics,0,0,0
20000127,12000,HS',NYSE,1,1,1862,0,CHS Electronics,0,0,0
20000128,12000,HS',NYSE,1.0625,1.0625,12306,0,CHS Electronics,0,0,0
20000131,12000,HS',NYSE,1.25,1.25,13354,0,CHS Electronics,0,0,0
20000201,12000,HS',NYSE,1.3125,1.3125,7559,0,CHS Electronics,0,0,0
20000202,12000,HS',NYSE,1.125,1.125,4779,0,CHS Electronics,0,0,0
20000203,12000,HS',NYSE,1.25,1.25,4702,0,CHS Electronics,0,0,0
20000204,12000,HS',NYSE,1.25,1.25,4495,0,CHS Electronics,0,0,0
20000207,12000,HS',NYSE,1.25,1.25,3355,0,CHS Electronics,0,0,0
20000208,12000,HS',NYSE,1.1875,1.1875,5386,0,CHS Electronics,0,0,0
20000209,12000,HS',NYSE,1.125,1.125,2374,0,CHS Electronics,0,0,0
20000210,12000,HS',NYSE,1.1875,1.1875,2765,0,CHS Electronics,0,0,0
20000211,12000,HS',NYSE,1.125,1.125,2809,0,CHS Electronics,0,0,0
20000214,12000,HS',NYSE,1.125,1.125,2335,0,CHS Electronics,0,0,0
20000215,12000,HS',NYSE,1,1,3658,0,CHS Electronics,0,0,0
20000216,12000,HS',NYSE,1.0625,1.0625,4372,0,CHS Electronics,0,0,0
20000217,12000,HS',NYSE,1.0625,1.0625,1716,0,CHS Electronics,0,0,0
20000218,12000,HS',NYSE,1,1,4592,0,CHS Electronics,0,0,0
20000222,12000,HS',NYSE,0.9375,0.9375,4809,0,CHS Electronics,0,0,0
20000223,12000,HS',NYSE,1,1,1674,0,CHS Electronics,0,0,0
20000224,12000,HS',NYSE,0.9375,0.9375,4135,0,CHS Electronics,0,0,0
20000225,12000,HS',NYSE,0.9375,0.9375,3398,0,CHS Electronics,0,0,0
20000228,12000,HS',NYSE,0.9375,0.9375,3447,0,CHS Electronics,0,0,0
20000229,12000,HS',NYSE,0.875,0.875,5410,0,CHS Electronics,0,0,0
20000301,12000,HS',NYSE,0.9375,0.9375,2889,0,CHS Electronics,0,0,0
20000302,12000,HS',NYSE,0.9375,0.9375,3842,0,CHS Electronics,0,0,0
20000303,12000,HS',NYSE,0.9375,0.9375,4089,0,CHS Electronics,0,0,0
20000306,12000,HS',NYSE,0.875,0.875,3209,0,CHS Electronics,0,0,0
20000307,12000,HS',NYSE,0.9375,0.9375,4425,0,CHS Electronics,0,0,0
20000308,12000,HS',NYSE,0.9375,0.9375,4481,0,CHS Electronics,0,0,0
20000309,12000,HS',NYSE,0.9375,0.9375,3000,0,CHS Electronics,0,0,0
20000310,12000,HS',NYSE,0.875,0.875,5032,0,CHS Electronics,0,0,0
20000313,12000,HS',NYSE,0.875,0.875,1779,0,CHS Electronics,0,0,0
20000314,12000,HS',NYSE,0.9375,0.9375,6344,0,CHS Electronics,0,0,0
20000315,12000,HS',NYSE,0.9375,0.9375,4067,0,CHS Electronics,0,0,0
20000316,12000,HS',NYSE,0.875,0.875,2681,0,CHS Electronics,0,0,0
20000317,12000,HS',NYSE,0.9375,0.9375,2996,0,CHS Electronics,0,0,0
20000320,12000,HS',NYSE,0.875,0.875,4346,0,CHS Electronics,0,0,0
20000321,12000,HS',NYSE,0.9375,0.9375,3899,0,CHS Electronics,0,0,0
20000322,12000,HS',NYSE,0.875,0.875,2070,0,CHS Electronics,0,0,0
20000323,12000,HS',NYSE,0.875,0.875,1831,0,CHS Electronics,0,0,0
20000324,12000,HS',NYSE,0.875,0.875,2470,0,CHS Electronics,0,0,0
20000327,12000,HS',NYSE,0.8125,0.8125,4831,0,CHS Electronics,0,0,0
20000328,12000,HS',NYSE,0.6875,0.6875,10423,0,CHS Electronics,0,0,0
20000329,12000,HS',NYSE,0.625,0.625,6587,0,CHS Electronics,0,0,0
20000330,12000,HS',NYSE,0.625,0.625,3127,0,CHS Electronics,0,0,0
20000331,12000,HS',NYSE,0.6875,0.6875,2053,0,CHS Electronics,0,0,0
20000403,12000,HS',NYSE,0.6875,0.6875,3285,0,CHS Electronics,0,0,0
20000404,12000,HS',NYSE,0.6875,0.6875,0,0,CHS Electronics,0,0,0
20000405,12000,HS',NYSE,0.6875,0.6875,0,0,CHS Electronics,0,0,0
