DDate,CSINumber,Symbol,Exchange,DClose,UnAdjustedClose,TotalVolume,Cash,MarketName,PTB,PSR,DPS
19980325,13311,SYS',AMEX,5.375,5.375,5576,0,CPS Systems Inc,0,0,0
19980326,13311,SYS',AMEX,5.6875,5.6875,3302,0,CPS Systems Inc,0,0,0
19980327,13311,SYS',AMEX,5.5,5.5,916,0,CPS Systems Inc,0,0,0
19980330,13311,SYS',AMEX,5.125,5.125,349,0,CPS Systems Inc,0,0,0
19980331,13311,SYS',AMEX,5.0625,5.0625,999,0,CPS Systems Inc,0,0,0
19980401,13311,SYS',AMEX,5,5,523,0,CPS Systems Inc,0,0,0
19980402,13311,SYS',AMEX,4.9375,4.9375,1289,0,CPS Systems Inc,0,0,0
19980403,13311,SYS',AMEX,4.875,4.875,277,0,CPS Systems Inc,0,0,0
19980406,13311,SYS',AMEX,4.75,4.75,400,0,CPS Systems Inc,0,0,0
19980407,13311,SYS',AMEX,4.5625,4.5625,159,0,CPS Systems Inc,0,0,0
19980408,13311,SYS',AMEX,4.5,4.5,660,0,CPS Systems Inc,0,0,0
19980409,13311,SYS',AMEX,5.625,5.625,2265,0,CPS Systems Inc,0,0,0
19980413,13311,SYS',AMEX,5.625,5.625,691,0,CPS Systems Inc,0,0,0
19980414,13311,SYS',AMEX,5.625,5.625,783,0,CPS Systems Inc,0,0,0
19980415,13311,SYS',AMEX,6,6,860,0,CPS Systems Inc,0,0,0
19980416,13311,SYS',AMEX,6.375,6.375,1451,0,CPS Systems Inc,0,0,0
19980417,13311,SYS',AMEX,5.875,5.875,731,0,CPS Systems Inc,0,0,0
19980420,13311,SYS',AMEX,6,6,410,0,CPS Systems Inc,0,0,0
19980421,13311,SYS',AMEX,6.25,6.25,1186,0,CPS Systems Inc,0,0,0
19980422,13311,SYS',AMEX,6.125,6.125,428,0,CPS Systems Inc,0,0,0
19980423,13311,SYS',AMEX,6.25,6.25,384,0,CPS Systems Inc,0,0,0
19980424,13311,SYS',AMEX,6.3125,6.3125,161,0,CPS Systems Inc,0,0,0
19980427,13311,SYS',AMEX,6.125,6.125,648,0,CPS Systems Inc,0,0,0
19980428,13311,SYS',AMEX,6.25,6.25,203,0,CPS Systems Inc,0,0,0
19980429,13311,SYS',AMEX,6.6875,6.6875,831,0,CPS Systems Inc,0,0,0
19980430,13311,SYS',AMEX,7.125,7.125,702,0,CPS Systems Inc,0,0,0
19980501,13311,SYS',AMEX,7,7,474,0,CPS Systems Inc,0,0,0
19980504,13311,SYS',AMEX,7,7,210,0,CPS Systems Inc,0,0,0
19980505,13311,SYS',AMEX,7.375,7.375,1684,0,CPS Systems Inc,0,0,0
19980506,13311,SYS',AMEX,7.25,7.25,721,0,CPS Systems Inc,0,0,0
19980507,13311,SYS',AMEX,7,7,547,0,CPS Systems Inc,0,0,0
19980508,13311,SYS',AMEX,7.125,7.125,78,0,CPS Systems Inc,0,0,0
19980511,13311,SYS',AMEX,6.875,6.875,60,0,CPS Systems Inc,0,0,0
19980512,13311,SYS',AMEX,6.5,6.5,405,0,CPS Systems Inc,0,0,0
19980513,13311,SYS',AMEX,6.25,6.25,178,0,CPS Systems Inc,0,0,0
19980514,13311,SYS',AMEX,6.375,6.375,199,0,CPS Systems Inc,0,0,0
19980515,13311,SYS',AMEX,6.25,6.25,189,0,CPS Systems Inc,0,0,0
19980518,13311,SYS',AMEX,6.1875,6.1875,375,0,CPS Systems Inc,0,0,0
19980519,13311,SYS',AMEX,6.125,6.125,369,0,CPS Systems Inc,0,0,0
19980520,13311,SYS',AMEX,6.125,6.125,129,0,CPS Systems Inc,0,0,0
19980521,13311,SYS',AMEX,6.5,6.5,98,0,CPS Systems Inc,0,0,0
19980522,13311,SYS',AMEX,6.1875,6.1875,116,0,CPS Systems Inc,0,0,0
19980526,13311,SYS',AMEX,6.125,6.125,282,0,CPS Systems Inc,0,0,0
19980527,13311,SYS',AMEX,6.125,6.125,68,0,CPS Systems Inc,0,0,0
19980528,13311,SYS',AMEX,6,6,48,0,CPS Systems Inc,0,0,0
19980529,13311,SYS',AMEX,5.625,5.625,336,0,CPS Systems Inc,0,0,0
19980601,13311,SYS',AMEX,6,6,90,0,CPS Systems Inc,0,0,0
19980602,13311,SYS',AMEX,6,6,147,0,CPS Systems Inc,0,0,0
19980603,13311,SYS',AMEX,6,6,20,0,CPS Systems Inc,0,0,0
19980604,13311,SYS',AMEX,6.25,6.25,133,0,CPS Systems Inc,0,0,0
19980605,13311,SYS',AMEX,6.25,6.25,65,0,CPS Systems Inc,0,0,0
19980608,13311,SYS',AMEX,6,6,110,0,CPS Systems Inc,0,0,0
19980609,13311,SYS',AMEX,5.9375,5.9375,37,0,CPS Systems Inc,0,0,0
19980610,13311,SYS',AMEX,5.6875,5.6875,50,0,CPS Systems Inc,0,0,0
19980611,13311,SYS',AMEX,5.625,5.625,61,0,CPS Systems Inc,0,0,0
19980612,13311,SYS',AMEX,5.75,5.75,278,0,CPS Systems Inc,0,0,0
19980615,13311,SYS',AMEX,5.875,5.875,186,0,CPS Systems Inc,0,0,0
19980616,13311,SYS',AMEX,5.75,5.75,76,0,CPS Systems Inc,0,0,0
19980617,13311,SYS',AMEX,5.8125,5.8125,191,0,CPS Systems Inc,0,0,0
19980618,13311,SYS',AMEX,5.75,5.75,117,0,CPS Systems Inc,0,0,0
19980619,13311,SYS',AMEX,5.5,5.5,52,0,CPS Systems Inc,0,0,0
19980622,13311,SYS',AMEX,5.375,5.375,135,0,CPS Systems Inc,0,0,0
19980623,13311,SYS',AMEX,5.375,5.375,155,0,CPS Systems Inc,0,0,0
19980624,13311,SYS',AMEX,5.25,5.25,203,0,CPS Systems Inc,0,0,0
19980625,13311,SYS',AMEX,5.3125,5.3125,124,0,CPS Systems Inc,0,0,0
19980626,13311,SYS',AMEX,5.75,5.75,84,0,CPS Systems Inc,0,0,0
19980629,13311,SYS',AMEX,5.75,5.75,131,0,CPS Systems Inc,0,0,0
19980630,13311,SYS',AMEX,6.0625,6.0625,264,0,CPS Systems Inc,0,0,0
19980701,13311,SYS',AMEX,6.375,6.375,256,0,CPS Systems Inc,0,0,0
19980702,13311,SYS',AMEX,6.25,6.25,152,0,CPS Systems Inc,0,0,0
19980706,13311,SYS',AMEX,6.25,6.25,95,0,CPS Systems Inc,0,0,0
19980707,13311,SYS',AMEX,6.375,6.375,194,0,CPS Systems Inc,0,0,0
19980708,13311,SYS',AMEX,6.25,6.25,140,0,CPS Systems Inc,0,0,0
19980709,13311,SYS',AMEX,6.5,6.5,121,0,CPS Systems Inc,0,0,0
19980710,13311,SYS',AMEX,6.5,6.5,201,0,CPS Systems Inc,0,0,0
19980713,13311,SYS',AMEX,6.875,6.875,439,0,CPS Systems Inc,0,0,0
19980714,13311,SYS',AMEX,6.625,6.625,332,0,CPS Systems Inc,0,0,0
19980715,13311,SYS',AMEX,6.375,6.375,88,0,CPS Systems Inc,0,0,0
19980716,13311,SYS',AMEX,6.25,6.25,448,0,CPS Systems Inc,0,0,0
19980717,13311,SYS',AMEX,6,6,204,0,CPS Systems Inc,0,0,0
19980720,13311,SYS',AMEX,6.4375,6.4375,156,0,CPS Systems Inc,0,0,0
19980721,13311,SYS',AMEX,6.1875,6.1875,328,0,CPS Systems Inc,0,0,0
19980722,13311,SYS',AMEX,6,6,186,0,CPS Systems Inc,0,0,0
19980723,13311,SYS',AMEX,6,6,225,0,CPS Systems Inc,0,0,0
19980724,13311,SYS',AMEX,6,6,126,0,CPS Systems Inc,0,0,0
19980727,13311,SYS',AMEX,6,6,44,0,CPS Systems Inc,0,0,0
19980728,13311,SYS',AMEX,6,6,120,0,CPS Systems Inc,0,0,0
19980729,13311,SYS',AMEX,5.9375,5.9375,68,0,CPS Systems Inc,0,0,0
19980730,13311,SYS',AMEX,6.375,6.375,1062,0,CPS Systems Inc,0,0,0
19980731,13311,SYS',AMEX,6.25,6.25,51,0,CPS Systems Inc,0,0,0
19980803,13311,SYS',AMEX,6,6,79,0,CPS Systems Inc,0,0,0
19980804,13311,SYS',AMEX,6.0625,6.0625,63,0,CPS Systems Inc,0,0,0
19980805,13311,SYS',AMEX,6.125,6.125,99,0,CPS Systems Inc,0,0,0
19980806,13311,SYS',AMEX,5.9375,5.9375,107,0,CPS Systems Inc,0,0,0
19980807,13311,SYS',AMEX,5.75,5.75,357,0,CPS Systems Inc,0,0,0
19980810,13311,SYS',AMEX,5.6875,5.6875,45,0,CPS Systems Inc,0,0,0
19980811,13311,SYS',AMEX,5.6875,5.6875,32,0,CPS Systems Inc,0,0,0
19980812,13311,SYS',AMEX,5.375,5.375,32,0,CPS Systems Inc,0,0,0
19980813,13311,SYS',AMEX,5.375,5.375,56,0,CPS Systems Inc,0,0,0
19980814,13311,SYS',AMEX,5.4375,5.4375,65,0,CPS Systems Inc,0,0,0
19980817,13311,SYS',AMEX,5.5,5.5,24,0,CPS Systems Inc,0,0,0
19980818,13311,SYS',AMEX,5.375,5.375,6,0,CPS Systems Inc,0,0,0
19980819,13311,SYS',AMEX,5.625,5.625,32,0,CPS Systems Inc,0,0,0
19980820,13311,SYS',AMEX,5.5,5.5,87,0,CPS Systems Inc,0,0,0
19980821,13311,SYS',AMEX,5.5,5.5,182,0,CPS Systems Inc,0,0,0
19980824,13311,SYS',AMEX,5.25,5.25,73,0,CPS Systems Inc,0,0,0
19980825,13311,SYS',AMEX,5.25,5.25,77,0,CPS Systems Inc,0,0,0
19980826,13311,SYS',AMEX,5,5,95,0,CPS Systems Inc,0,0,0
19980827,13311,SYS',AMEX,4.625,4.625,220,0,CPS Systems Inc,0,0,0
19980828,13311,SYS',AMEX,4.375,4.375,31,0,CPS Systems Inc,0,0,0
19980831,13311,SYS',AMEX,3.25,3.25,234,0,CPS Systems Inc,0,0,0
19980901,13311,SYS',AMEX,3.25,3.25,310,0,CPS Systems Inc,0,0,0
19980902,13311,SYS',AMEX,3.5625,3.5625,48,0,CPS Systems Inc,0,0,0
19980903,13311,SYS',AMEX,3.5625,3.5625,120,0,CPS Systems Inc,0,0,0
19980904,13311,SYS',AMEX,3.5,3.5,134,0,CPS Systems Inc,0,0,0
19980908,13311,SYS',AMEX,3.625,3.625,268,0,CPS Systems Inc,0,0,0
19980909,13311,SYS',AMEX,3.5,3.5,265,0,CPS Systems Inc,0,0,0
19980910,13311,SYS',AMEX,3.625,3.625,11,0,CPS Systems Inc,0,0,0
19980911,13311,SYS',AMEX,3,3,2219,0,CPS Systems Inc,0,0,0
19980914,13311,SYS',AMEX,3.375,3.375,107,0,CPS Systems Inc,0,0,0
19980915,13311,SYS',AMEX,3.375,3.375,1,0,CPS Systems Inc,0,0,0
19980916,13311,SYS',AMEX,3.375,3.375,20,0,CPS Systems Inc,0,0,0
19980917,13311,SYS',AMEX,3.375,3.375,0,0,CPS Systems Inc,0,0,0
19980918,13311,SYS',AMEX,3.375,3.375,0,0,CPS Systems Inc,0,0,0
19980921,13311,SYS',AMEX,3.25,3.25,44,0,CPS Systems Inc,0,0,0
19980922,13311,SYS',AMEX,3.375,3.375,50,0,CPS Systems Inc,0,0,0
19980923,13311,SYS',AMEX,3.4375,3.4375,35,0,CPS Systems Inc,0,0,0
19980924,13311,SYS',AMEX,3.25,3.25,11,0,CPS Systems Inc,0,0,0
19980925,13311,SYS',AMEX,3.25,3.25,94,0,CPS Systems Inc,0,0,0
19980928,13311,SYS',AMEX,3.375,3.375,104,0,CPS Systems Inc,0,0,0
19980929,13311,SYS',AMEX,3.375,3.375,3,0,CPS Systems Inc,0,0,0
19980930,13311,SYS',AMEX,3.375,3.375,10,0,CPS Systems Inc,0,0,0
19981001,13311,SYS',AMEX,3.125,3.125,5,0,CPS Systems Inc,0,0,0
19981002,13311,SYS',AMEX,3.0625,3.0625,21,0,CPS Systems Inc,0,0,0
19981005,13311,SYS',AMEX,2.875,2.875,13,0,CPS Systems Inc,0,0,0
19981006,13311,SYS',AMEX,3.125,3.125,167,0,CPS Systems Inc,0,0,0
19981007,13311,SYS',AMEX,3,3,77,0,CPS Systems Inc,0,0,0
19981008,13311,SYS',AMEX,3.125,3.125,208,0,CPS Systems Inc,0,0,0
19981009,13311,SYS',AMEX,3,3,33,0,CPS Systems Inc,0,0,0
19981012,13311,SYS',AMEX,2.875,2.875,512,0,CPS Systems Inc,0,0,0
19981013,13311,SYS',AMEX,3,3,82,0,CPS Systems Inc,0,0,0
19981014,13311,SYS',AMEX,2.875,2.875,18,0,CPS Systems Inc,0,0,0
19981015,13311,SYS',AMEX,3.125,3.125,50,0,CPS Systems Inc,0,0,0
19981016,13311,SYS',AMEX,2.875,2.875,184,0,CPS Systems Inc,0,0,0
19981019,13311,SYS',AMEX,2.875,2.875,3,0,CPS Systems Inc,0,0,0
19981020,13311,SYS',AMEX,2.875,2.875,645,0,CPS Systems Inc,0,0,0
19981021,13311,SYS',AMEX,3.0625,3.0625,28,0,CPS Systems Inc,0,0,0
19981022,13311,SYS',AMEX,3.25,3.25,172,0,CPS Systems Inc,0,0,0
19981023,13311,SYS',AMEX,3.25,3.25,114,0,CPS Systems Inc,0,0,0
19981026,13311,SYS',AMEX,3.25,3.25,138,0,CPS Systems Inc,0,0,0
19981027,13311,SYS',AMEX,3.25,3.25,60,0,CPS Systems Inc,0,0,0
19981028,13311,SYS',AMEX,3.1875,3.1875,25,0,CPS Systems Inc,0,0,0
19981029,13311,SYS',AMEX,3.25,3.25,186,0,CPS Systems Inc,0,0,0
19981030,13311,SYS',AMEX,3.125,3.125,151,0,CPS Systems Inc,0,0,0
19981102,13311,SYS',AMEX,3.125,3.125,325,0,CPS Systems Inc,0,0,0
19981103,13311,SYS',AMEX,2.9375,2.9375,169,0,CPS Systems Inc,0,0,0
19981104,13311,SYS',AMEX,1.875,1.875,951,0,CPS Systems Inc,0,0,0
19981105,13311,SYS',AMEX,1.9375,1.9375,698,0,CPS Systems Inc,0,0,0
19981106,13311,SYS',AMEX,1.625,1.625,456,0,CPS Systems Inc,0,0,0
19981109,13311,SYS',AMEX,1.5625,1.5625,591,0,CPS Systems Inc,0,0,0
19981110,13311,SYS',AMEX,1.4375,1.4375,279,0,CPS Systems Inc,0,0,0
19981111,13311,SYS',AMEX,1.3125,1.3125,759,0,CPS Systems Inc,0,0,0
19981112,13311,SYS',AMEX,1.0625,1.0625,628,0,CPS Systems Inc,0,0,0
19981113,13311,SYS',AMEX,1.1875,1.1875,317,0,CPS Systems Inc,0,0,0
19981116,13311,SYS',AMEX,1.3125,1.3125,244,0,CPS Systems Inc,0,0,0
19981117,13311,SYS',AMEX,1.125,1.125,568,0,CPS Systems Inc,0,0,0
19981118,13311,SYS',AMEX,1.1875,1.1875,238,0,CPS Systems Inc,0,0,0
19981119,13311,SYS',AMEX,1,1,705,0,CPS Systems Inc,0,0,0
19981120,13311,SYS',AMEX,0.9375,0.9375,701,0,CPS Systems Inc,0,0,0
19981123,13311,SYS',AMEX,1,1,1125,0,CPS Systems Inc,0,0,0
19981124,13311,SYS',AMEX,1.0625,1.0625,598,0,CPS Systems Inc,0,0,0
19981125,13311,SYS',AMEX,1.0625,1.0625,131,0,CPS Systems Inc,0,0,0
19981127,13311,SYS',AMEX,1.0625,1.0625,129,0,CPS Systems Inc,0,0,0
19981130,13311,SYS',AMEX,1,1,326,0,CPS Systems Inc,0,0,0
19981201,13311,SYS',AMEX,0.9375,0.9375,136,0,CPS Systems Inc,0,0,0
19981202,13311,SYS',AMEX,1,1,139,0,CPS Systems Inc,0,0,0
19981203,13311,SYS',AMEX,0.9375,0.9375,124,0,CPS Systems Inc,0,0,0
19981204,13311,SYS',AMEX,1,1,208,0,CPS Systems Inc,0,0,0
19981207,13311,SYS',AMEX,0.9375,0.9375,445,0,CPS Systems Inc,0,0,0
19981208,13311,SYS',AMEX,0.9375,0.9375,37,0,CPS Systems Inc,0,0,0
19981209,13311,SYS',AMEX,0.8125,0.8125,234,0,CPS Systems Inc,0,0,0
19981210,13311,SYS',AMEX,0.8125,0.8125,124,0,CPS Systems Inc,0,0,0
19981211,13311,SYS',AMEX,0.8125,0.8125,1037,0,CPS Systems Inc,0,0,0
19981214,13311,SYS',AMEX,0.9375,0.9375,358,0,CPS Systems Inc,0,0,0
19981215,13311,SYS',AMEX,0.875,0.875,543,0,CPS Systems Inc,0,0,0
19981216,13311,SYS',AMEX,0.9375,0.9375,606,0,CPS Systems Inc,0,0,0
19981217,13311,SYS',AMEX,0.875,0.875,315,0,CPS Systems Inc,0,0,0
19981218,13311,SYS',AMEX,0.875,0.875,375,0,CPS Systems Inc,0,0,0
19981221,13311,SYS',AMEX,0.8125,0.8125,39,0,CPS Systems Inc,0,0,0
19981222,13311,SYS',AMEX,0.75,0.75,95,0,CPS Systems Inc,0,0,0
19981223,13311,SYS',AMEX,0.75,0.75,525,0,CPS Systems Inc,0,0,0
19981224,13311,SYS',AMEX,0.75,0.75,863,0,CPS Systems Inc,0,0,0
19981228,13311,SYS',AMEX,0.625,0.625,143,0,CPS Systems Inc,0,0,0
19981229,13311,SYS',AMEX,0.6875,0.6875,614,0,CPS Systems Inc,0,0,0
19981230,13311,SYS',AMEX,0.625,0.625,257,0,CPS Systems Inc,0,0,0
19981231,13311,SYS',AMEX,0.8125,0.8125,1011,0,CPS Systems Inc,0,0,0
19990104,13311,SYS',AMEX,1,1,1442,0,CPS Systems Inc,0,0,0
19990105,13311,SYS',AMEX,1.0625,1.0625,724,0,CPS Systems Inc,0,0,0
19990106,13311,SYS',AMEX,1.0625,1.0625,559,0,CPS Systems Inc,0,0,0
19990107,13311,SYS',AMEX,1.125,1.125,346,0,CPS Systems Inc,0,0,0
19990108,13311,SYS',AMEX,1.0625,1.0625,900,0,CPS Systems Inc,0,0,0
19990111,13311,SYS',AMEX,1.125,1.125,403,0,CPS Systems Inc,0,0,0
19990112,13311,SYS',AMEX,1.0625,1.0625,61,0,CPS Systems Inc,0,0,0
19990113,13311,SYS',AMEX,1.0625,1.0625,1036,0,CPS Systems Inc,0,0,0
19990114,13311,SYS',AMEX,1.0625,1.0625,52,0,CPS Systems Inc,0,0,0
19990115,13311,SYS',AMEX,1.125,1.125,158,0,CPS Systems Inc,0,0,0
19990119,13311,SYS',AMEX,0.875,0.875,1418,0,CPS Systems Inc,0,0,0
19990120,13311,SYS',AMEX,0.625,0.625,3624,0,CPS Systems Inc,0,0,0
19990121,13311,SYS',AMEX,0.625,0.625,891,0,CPS Systems Inc,0,0,0
19990122,13311,SYS',AMEX,0.5,0.5,1179,0,CPS Systems Inc,0,0,0
19990125,13311,SYS',AMEX,0.5625,0.5625,269,0,CPS Systems Inc,0,0,0
19990126,13311,SYS',AMEX,0.5625,0.5625,646,0,CPS Systems Inc,0,0,0
19990127,13311,SYS',AMEX,0.6875,0.6875,674,0,CPS Systems Inc,0,0,0
19990128,13311,SYS',AMEX,0.75,0.75,1011,0,CPS Systems Inc,0,0,0
19990129,13311,SYS',AMEX,0.6875,0.6875,171,0,CPS Systems Inc,0,0,0
19990201,13311,SYS',AMEX,0.625,0.625,127,0,CPS Systems Inc,0,0,0
19990202,13311,SYS',AMEX,0.6875,0.6875,33,0,CPS Systems Inc,0,0,0
19990203,13311,SYS',AMEX,0.6875,0.6875,193,0,CPS Systems Inc,0,0,0
19990204,13311,SYS',AMEX,0.625,0.625,49,0,CPS Systems Inc,0,0,0
19990205,13311,SYS',AMEX,0.625,0.625,85,0,CPS Systems Inc,0,0,0
19990208,13311,SYS',AMEX,0.625,0.625,0,0,CPS Systems Inc,0,0,0
19990209,13311,SYS',AMEX,0.5625,0.5625,99,0,CPS Systems Inc,0,0,0
19990210,13311,SYS',AMEX,0.5625,0.5625,11,0,CPS Systems Inc,0,0,0
19990211,13311,SYS',AMEX,0.5625,0.5625,10,0,CPS Systems Inc,0,0,0
19990212,13311,SYS',AMEX,0.5625,0.5625,0,0,CPS Systems Inc,0,0,0
19990216,13311,SYS',AMEX,0.5625,0.5625,161,0,CPS Systems Inc,0,0,0
19990217,13311,SYS',AMEX,0.5625,0.5625,59,0,CPS Systems Inc,0,0,0
19990218,13311,SYS',AMEX,0.625,0.625,12,0,CPS Systems Inc,0,0,0
19990219,13311,SYS',AMEX,0.5,0.5,72,0,CPS Systems Inc,0,0,0
19990222,13311,SYS',AMEX,0.5,0.5,348,0,CPS Systems Inc,0,0,0
19990223,13311,SYS',AMEX,0.5,0.5,134,0,CPS Systems Inc,0,0,0
19990224,13311,SYS',AMEX,0.5625,0.5625,44,0,CPS Systems Inc,0,0,0
19990225,13311,SYS',AMEX,0.5625,0.5625,251,0,CPS Systems Inc,0,0,0
19990226,13311,SYS',AMEX,0.4375,0.4375,95,0,CPS Systems Inc,0,0,0
19990301,13311,SYS',AMEX,0.625,0.625,564,0,CPS Systems Inc,0,0,0
19990302,13311,SYS',AMEX,0.75,0.75,469,0,CPS Systems Inc,0,0,0
19990303,13311,SYS',AMEX,0.6875,0.6875,10,0,CPS Systems Inc,0,0,0
19990304,13311,SYS',AMEX,0.5625,0.5625,71,0,CPS Systems Inc,0,0,0
19990305,13311,SYS',AMEX,0.8125,0.8125,225,0,CPS Systems Inc,0,0,0
19990308,13311,SYS',AMEX,0.6875,0.6875,236,0,CPS Systems Inc,0,0,0
19990309,13311,SYS',AMEX,0.6875,0.6875,29,0,CPS Systems Inc,0,0,0
19990310,13311,SYS',AMEX,0.625,0.625,8,0,CPS Systems Inc,0,0,0
19990311,13311,SYS',AMEX,0.75,0.75,50,0,CPS Systems Inc,0,0,0
19990312,13311,SYS',AMEX,0.6875,0.6875,100,0,CPS Systems Inc,0,0,0
19990315,13311,SYS',AMEX,0.5625,0.5625,7,0,CPS Systems Inc,0,0,0
19990316,13311,SYS',AMEX,0.5625,0.5625,0,0,CPS Systems Inc,0,0,0
19990317,13311,SYS',AMEX,0.625,0.625,36,0,CPS Systems Inc,0,0,0
19990318,13311,SYS',AMEX,0.625,0.625,14,0,CPS Systems Inc,0,0,0
19990319,13311,SYS',AMEX,0.5625,0.5625,23,0,CPS Systems Inc,0,0,0
19990322,13311,SYS',AMEX,0.6875,0.6875,8,0,CPS Systems Inc,0,0,0
19990323,13311,SYS',AMEX,0.6875,0.6875,44,0,CPS Systems Inc,0,0,0
19990324,13311,SYS',AMEX,0.75,0.75,100,0,CPS Systems Inc,0,0,0
19990325,13311,SYS',AMEX,0.6875,0.6875,206,0,CPS Systems Inc,0,0,0
19990326,13311,SYS',AMEX,0.625,0.625,56,0,CPS Systems Inc,0,0,0
19990329,13311,SYS',AMEX,0.6875,0.6875,133,0,CPS Systems Inc,0,0,0
19990330,13311,SYS',AMEX,0.625,0.625,94,0,CPS Systems Inc,0,0,0
19990331,13311,SYS',AMEX,0.6875,0.6875,497,0,CPS Systems Inc,0,0,0
19990401,13311,SYS',AMEX,1.0625,1.0625,1820,0,CPS Systems Inc,0,0,0
19990405,13311,SYS',AMEX,1.0625,1.0625,1242,0,CPS Systems Inc,0,0,0
19990406,13311,SYS',AMEX,0.9375,0.9375,183,0,CPS Systems Inc,0,0,0
19990407,13311,SYS',AMEX,0.9375,0.9375,121,0,CPS Systems Inc,0,0,0
19990408,13311,SYS',AMEX,0.875,0.875,364,0,CPS Systems Inc,0,0,0
19990409,13311,SYS',AMEX,0.9375,0.9375,74,0,CPS Systems Inc,0,0,0
19990412,13311,SYS',AMEX,0.875,0.875,100,0,CPS Systems Inc,0,0,0
19990413,13311,SYS',AMEX,0.875,0.875,363,0,CPS Systems Inc,0,0,0
19990414,13311,SYS',AMEX,0.6875,0.6875,241,0,CPS Systems Inc,0,0,0
19990415,13311,SYS',AMEX,0.875,0.875,122,0,CPS Systems Inc,0,0,0
19990416,13311,SYS',AMEX,0.9375,0.9375,567,0,CPS Systems Inc,0,0,0
19990419,13311,SYS',AMEX,0.875,0.875,367,0,CPS Systems Inc,0,0,0
19990420,13311,SYS',AMEX,0.8125,0.8125,190,0,CPS Systems Inc,0,0,0
19990421,13311,SYS',AMEX,1,1,456,0,CPS Systems Inc,0,0,0
19990422,13311,SYS',AMEX,1,1,312,0,CPS Systems Inc,0,0,0
19990423,13311,SYS',AMEX,1,1,161,0,CPS Systems Inc,0,0,0
19990426,13311,SYS',AMEX,1,1,242,0,CPS Systems Inc,0,0,0
19990427,13311,SYS',AMEX,0.9375,0.9375,101,0,CPS Systems Inc,0,0,0
19990428,13311,SYS',AMEX,0.9375,0.9375,51,0,CPS Systems Inc,0,0,0
19990429,13311,SYS',AMEX,0.9375,0.9375,4,0,CPS Systems Inc,0,0,0
19990430,13311,SYS',AMEX,1,1,128,0,CPS Systems Inc,0,0,0
19990503,13311,SYS',AMEX,1,1,180,0,CPS Systems Inc,0,0,0
19990504,13311,SYS',AMEX,1,1,207,0,CPS Systems Inc,0,0,0
19990505,13311,SYS',AMEX,1,1,276,0,CPS Systems Inc,0,0,0
19990506,13311,SYS',AMEX,1.0625,1.0625,629,0,CPS Systems Inc,0,0,0
19990507,13311,SYS',AMEX,1.0625,1.0625,75,0,CPS Systems Inc,0,0,0
19990510,13311,SYS',AMEX,1.125,1.125,153,0,CPS Systems Inc,0,0,0
19990511,13311,SYS',AMEX,1.125,1.125,316,0,CPS Systems Inc,0,0,0
19990512,13311,SYS',AMEX,1.0625,1.0625,438,0,CPS Systems Inc,0,0,0
19990513,13311,SYS',AMEX,1.25,1.25,388,0,CPS Systems Inc,0,0,0
19990514,13311,SYS',AMEX,1.3125,1.3125,355,0,CPS Systems Inc,0,0,0
19990517,13311,SYS',AMEX,1.3125,1.3125,296,0,CPS Systems Inc,0,0,0
19990518,13311,SYS',AMEX,1.375,1.375,141,0,CPS Systems Inc,0,0,0
19990519,13311,SYS',AMEX,1.1875,1.1875,365,0,CPS Systems Inc,0,0,0
19990520,13311,SYS',AMEX,1.3125,1.3125,501,0,CPS Systems Inc,0,0,0
19990521,13311,SYS',AMEX,1.3125,1.3125,175,0,CPS Systems Inc,0,0,0
19990524,13311,SYS',AMEX,1.25,1.25,155,0,CPS Systems Inc,0,0,0
19990525,13311,SYS',AMEX,1.1875,1.1875,116,0,CPS Systems Inc,0,0,0
19990526,13311,SYS',AMEX,1,1,814,0,CPS Systems Inc,0,0,0
19990527,13311,SYS',AMEX,1.0625,1.0625,1076,0,CPS Systems Inc,0,0,0
19990528,13311,SYS',AMEX,1.0625,1.0625,100,0,CPS Systems Inc,0,0,0
19990601,13311,SYS',AMEX,1,1,365,0,CPS Systems Inc,0,0,0
19990602,13311,SYS',AMEX,1,1,164,0,CPS Systems Inc,0,0,0
19990603,13311,SYS',AMEX,1,1,82,0,CPS Systems Inc,0,0,0
19990604,13311,SYS',AMEX,1,1,131,0,CPS Systems Inc,0,0,0
19990607,13311,SYS',AMEX,0.75,0.75,657,0,CPS Systems Inc,0,0,0
19990608,13311,SYS',AMEX,0.6875,0.6875,96,0,CPS Systems Inc,0,0,0
19990609,13311,SYS',AMEX,0.6875,0.6875,60,0,CPS Systems Inc,0,0,0
19990610,13311,SYS',AMEX,0.6875,0.6875,122,0,CPS Systems Inc,0,0,0
19990611,13311,SYS',AMEX,0.6875,0.6875,77,0,CPS Systems Inc,0,0,0
19990614,13311,SYS',AMEX,0.625,0.625,146,0,CPS Systems Inc,0,0,0
19990615,13311,SYS',AMEX,0.625,0.625,421,0,CPS Systems Inc,0,0,0
19990616,13311,SYS',AMEX,0.625,0.625,206,0,CPS Systems Inc,0,0,0
19990617,13311,SYS',AMEX,0.625,0.625,129,0,CPS Systems Inc,0,0,0
19990618,13311,SYS',AMEX,0.625,0.625,321,0,CPS Systems Inc,0,0,0
19990621,13311,SYS',AMEX,0.625,0.625,22,0,CPS Systems Inc,0,0,0
19990622,13311,SYS',AMEX,0.625,0.625,29,0,CPS Systems Inc,0,0,0
19990623,13311,SYS',AMEX,0.5625,0.5625,259,0,CPS Systems Inc,0,0,0
19990624,13311,SYS',AMEX,0.5625,0.5625,14,0,CPS Systems Inc,0,0,0
19990625,13311,SYS',AMEX,0.5625,0.5625,16,0,CPS Systems Inc,0,0,0
19990628,13311,SYS',AMEX,0.5625,0.5625,216,0,CPS Systems Inc,0,0,0
19990629,13311,SYS',AMEX,0.6875,0.6875,95,0,CPS Systems Inc,0,0,0
19990630,13311,SYS',AMEX,0.6875,0.6875,27,0,CPS Systems Inc,0,0,0
19990701,13311,SYS',AMEX,0.6875,0.6875,173,0,CPS Systems Inc,0,0,0
19990702,13311,SYS',AMEX,0.8125,0.8125,281,0,CPS Systems Inc,0,0,0
19990706,13311,SYS',AMEX,0.6875,0.6875,35,0,CPS Systems Inc,0,0,0
19990707,13311,SYS',AMEX,0.6875,0.6875,68,0,CPS Systems Inc,0,0,0
19990708,13311,SYS',AMEX,0.5625,0.5625,68,0,CPS Systems Inc,0,0,0
19990709,13311,SYS',AMEX,0.625,0.625,70,0,CPS Systems Inc,0,0,0
19990712,13311,SYS',AMEX,0.625,0.625,67,0,CPS Systems Inc,0,0,0
19990713,13311,SYS',AMEX,0.625,0.625,84,0,CPS Systems Inc,0,0,0
19990714,13311,SYS',AMEX,0.625,0.625,201,0,CPS Systems Inc,0,0,0
19990715,13311,SYS',AMEX,0.625,0.625,37,0,CPS Systems Inc,0,0,0
19990716,13311,SYS',AMEX,0.6875,0.6875,51,0,CPS Systems Inc,0,0,0
19990719,13311,SYS',AMEX,0.6875,0.6875,204,0,CPS Systems Inc,0,0,0
19990720,13311,SYS',AMEX,0.5625,0.5625,162,0,CPS Systems Inc,0,0,0
19990721,13311,SYS',AMEX,0.5625,0.5625,0,0,CPS Systems Inc,0,0,0
19990722,13311,SYS',AMEX,0.5625,0.5625,0,0,CPS Systems Inc,0,0,0
19990723,13311,SYS',AMEX,0.625,0.625,391,0,CPS Systems Inc,0,0,0
19990726,13311,SYS',AMEX,0.625,0.625,107,0,CPS Systems Inc,0,0,0
19990727,13311,SYS',AMEX,0.5,0.5,687,0,CPS Systems Inc,0,0,0
19990728,13311,SYS',AMEX,0.5,0.5,529,0,CPS Systems Inc,0,0,0
19990729,13311,SYS',AMEX,0.5,0.5,150,0,CPS Systems Inc,0,0,0
19990730,13311,SYS',AMEX,0.5,0.5,120,0,CPS Systems Inc,0,0,0
19990802,13311,SYS',AMEX,0.5,0.5,21,0,CPS Systems Inc,0,0,0
19990803,13311,SYS',AMEX,0.4375,0.4375,525,0,CPS Systems Inc,0,0,0
19990804,13311,SYS',AMEX,0.4375,0.4375,46,0,CPS Systems Inc,0,0,0
19990805,13311,SYS',AMEX,0.5,0.5,102,0,CPS Systems Inc,0,0,0
19990806,13311,SYS',AMEX,0.5,0.5,341,0,CPS Systems Inc,0,0,0
19990809,13311,SYS',AMEX,0.375,0.375,493,0,CPS Systems Inc,0,0,0
19990810,13311,SYS',AMEX,0.4375,0.4375,53,0,CPS Systems Inc,0,0,0
19990811,13311,SYS',AMEX,0.375,0.375,64,0,CPS Systems Inc,0,0,0
19990812,13311,SYS',AMEX,0.375,0.375,44,0,CPS Systems Inc,0,0,0
19990813,13311,SYS',AMEX,0.375,0.375,145,0,CPS Systems Inc,0,0,0
19990816,13311,SYS',AMEX,0.4375,0.4375,190,0,CPS Systems Inc,0,0,0
19990817,13311,SYS',AMEX,0.375,0.375,165,0,CPS Systems Inc,0,0,0
19990818,13311,SYS',AMEX,0.375,0.375,0,0,CPS Systems Inc,0,0,0
19990819,13311,SYS',AMEX,0.375,0.375,0,0,CPS Systems Inc,0,0,0
19990820,13311,SYS',AMEX,0.375,0.375,0,0,CPS Systems Inc,0,0,0
19990823,13311,SYS',AMEX,0.375,0.375,0,0,CPS Systems Inc,0,0,0
19990824,13311,SYS',AMEX,0.375,0.375,0,0,CPS Systems Inc,0,0,0
19990825,13311,SYS',AMEX,0.375,0.375,0,0,CPS Systems Inc,0,0,0
19990826,13311,SYS',AMEX,0.375,0.375,0,0,CPS Systems Inc,0,0,0
19990827,13311,SYS',AMEX,0.375,0.375,0,0,CPS Systems Inc,0,0,0
19990830,13311,SYS',AMEX,0.375,0.375,565,0,CPS Systems Inc,0,0,0
19990831,13311,SYS',AMEX,0.25,0.25,154,0,CPS Systems Inc,0,0,0
19990901,13311,SYS',AMEX,0.3125,0.3125,71,0,CPS Systems Inc,0,0,0
19990902,13311,SYS',AMEX,0.25,0.25,89,0,CPS Systems Inc,0,0,0
19990903,13311,SYS',AMEX,0.25,0.25,214,0,CPS Systems Inc,0,0,0
19990907,13311,SYS',AMEX,0.25,0.25,29,0,CPS Systems Inc,0,0,0
19990908,13311,SYS',AMEX,0.25,0.25,32,0,CPS Systems Inc,0,0,0
19990909,13311,SYS',AMEX,0.25,0.25,336,0,CPS Systems Inc,0,0,0
19990910,13311,SYS',AMEX,0.25,0.25,100,0,CPS Systems Inc,0,0,0
19990913,13311,SYS',AMEX,0.25,0.25,153,0,CPS Systems Inc,0,0,0
19990914,13311,SYS',AMEX,0.25,0.25,38,0,CPS Systems Inc,0,0,0
19990915,13311,SYS',AMEX,0.25,0.25,48,0,CPS Systems Inc,0,0,0
19990916,13311,SYS',AMEX,0.25,0.25,0,0,CPS Systems Inc,0,0,0
19990917,13311,SYS',AMEX,0.3125,0.3125,113,0,CPS Systems Inc,0,0,0
19990920,13311,SYS',AMEX,0.25,0.25,10,0,CPS Systems Inc,0,0,0
19990921,13311,SYS',AMEX,0.3125,0.3125,55,0,CPS Systems Inc,0,0,0
19990922,13311,SYS',AMEX,0.3125,0.3125,14,0,CPS Systems Inc,0,0,0
19990923,13311,SYS',AMEX,0.3125,0.3125,0,0,CPS Systems Inc,0,0,0
19990924,13311,SYS',AMEX,0.25,0.25,16,0,CPS Systems Inc,0,0,0
19990927,13311,SYS',AMEX,0.25,0.25,250,0,CPS Systems Inc,0,0,0
19990928,13311,SYS',AMEX,0.21875,0.21875,130,0,CPS Systems Inc,0,0,0
19990929,13311,SYS',AMEX,0.1875,0.1875,122,0,CPS Systems Inc,0,0,0
19990930,13311,SYS',AMEX,0.3125,0.3125,514,0,CPS Systems Inc,0,0,0
19991001,13311,SYS',AMEX,0.25,0.25,328,0,CPS Systems Inc,0,0,0
19991004,13311,SYS',AMEX,0.25,0.25,145,0,CPS Systems Inc,0,0,0
19991005,13311,SYS',AMEX,0.3125,0.3125,396,0,CPS Systems Inc,0,0,0
19991006,13311,SYS',AMEX,0.3125,0.3125,32,0,CPS Systems Inc,0,0,0
19991007,13311,SYS',AMEX,0.3125,0.3125,90,0,CPS Systems Inc,0,0,0
19991008,13311,SYS',AMEX,0.3125,0.3125,9,0,CPS Systems Inc,0,0,0
19991011,13311,SYS',AMEX,0.3125,0.3125,25,0,CPS Systems Inc,0,0,0
19991012,13311,SYS',AMEX,0.3125,0.3125,442,0,CPS Systems Inc,0,0,0
19991013,13311,SYS',AMEX,0.25,0.25,30,0,CPS Systems Inc,0,0,0
19991014,13311,SYS',AMEX,0.3125,0.3125,123,0,CPS Systems Inc,0,0,0
19991015,13311,SYS',AMEX,0.3125,0.3125,0,0,CPS Systems Inc,0,0,0
19991018,13311,SYS',AMEX,0.375,0.375,367,0,CPS Systems Inc,0,0,0
19991019,13311,SYS',AMEX,0.3125,0.3125,137,0,CPS Systems Inc,0,0,0
19991020,13311,SYS',AMEX,0.3125,0.3125,0,0,CPS Systems Inc,0,0,0
19991021,13311,SYS',AMEX,0.25,0.25,109,0,CPS Systems Inc,0,0,0
19991022,13311,SYS',AMEX,0.375,0.375,160,0,CPS Systems Inc,0,0,0
19991025,13311,SYS',AMEX,0.375,0.375,668,0,CPS Systems Inc,0,0,0
19991026,13311,SYS',AMEX,0.4375,0.4375,471,0,CPS Systems Inc,0,0,0
19991027,13311,SYS',AMEX,0.5,0.5,551,0,CPS Systems Inc,0,0,0
19991028,13311,SYS',AMEX,0.5,0.5,476,0,CPS Systems Inc,0,0,0
19991029,13311,SYS',AMEX,0.5625,0.5625,212,0,CPS Systems Inc,0,0,0
19991101,13311,SYS',AMEX,0.5,0.5,183,0,CPS Systems Inc,0,0,0
19991102,13311,SYS',AMEX,0.5625,0.5625,345,0,CPS Systems Inc,0,0,0
19991103,13311,SYS',AMEX,0.6875,0.6875,243,0,CPS Systems Inc,0,0,0
19991104,13311,SYS',AMEX,0.5,0.5,517,0,CPS Systems Inc,0,0,0
19991105,13311,SYS',AMEX,0.4375,0.4375,457,0,CPS Systems Inc,0,0,0
19991108,13311,SYS',AMEX,0.375,0.375,187,0,CPS Systems Inc,0,0,0
19991109,13311,SYS',AMEX,0.375,0.375,365,0,CPS Systems Inc,0,0,0
19991110,13311,SYS',AMEX,0.4375,0.4375,45,0,CPS Systems Inc,0,0,0
19991111,13311,SYS',AMEX,0.375,0.375,118,0,CPS Systems Inc,0,0,0
19991112,13311,SYS',AMEX,0.375,0.375,58,0,CPS Systems Inc,0,0,0
19991115,13311,SYS',AMEX,0.3125,0.3125,354,0,CPS Systems Inc,0,0,0
19991116,13311,SYS',AMEX,0.3125,0.3125,56,0,CPS Systems Inc,0,0,0
19991117,13311,SYS',AMEX,0.3125,0.3125,172,0,CPS Systems Inc,0,0,0
19991118,13311,SYS',AMEX,0.375,0.375,478,0,CPS Systems Inc,0,0,0
19991119,13311,SYS',AMEX,0.375,0.375,59,0,CPS Systems Inc,0,0,0
19991122,13311,SYS',AMEX,0.375,0.375,273,0,CPS Systems Inc,0,0,0
19991123,13311,SYS',AMEX,0.4375,0.4375,94,0,CPS Systems Inc,0,0,0
19991124,13311,SYS',AMEX,0.4375,0.4375,17,0,CPS Systems Inc,0,0,0
19991126,13311,SYS',AMEX,0.4375,0.4375,83,0,CPS Systems Inc,0,0,0
19991129,13311,SYS',AMEX,0.375,0.375,55,0,CPS Systems Inc,0,0,0
19991130,13311,SYS',AMEX,0.375,0.375,90,0,CPS Systems Inc,0,0,0
19991201,13311,SYS',AMEX,0.375,0.375,162,0,CPS Systems Inc,0,0,0
19991202,13311,SYS',AMEX,0.375,0.375,163,0,CPS Systems Inc,0,0,0
19991203,13311,SYS',AMEX,0.375,0.375,237,0,CPS Systems Inc,0,0,0
19991206,13311,SYS',AMEX,0.3125,0.3125,154,0,CPS Systems Inc,0,0,0
19991207,13311,SYS',AMEX,0.3125,0.3125,208,0,CPS Systems Inc,0,0,0
19991208,13311,SYS',AMEX,0.3125,0.3125,136,0,CPS Systems Inc,0,0,0
19991209,13311,SYS',AMEX,0.3125,0.3125,250,0,CPS Systems Inc,0,0,0
19991210,13311,SYS',AMEX,0.3125,0.3125,227,0,CPS Systems Inc,0,0,0
19991213,13311,SYS',AMEX,0.375,0.375,633,0,CPS Systems Inc,0,0,0
19991214,13311,SYS',AMEX,0.375,0.375,448,0,CPS Systems Inc,0,0,0
19991215,13311,SYS',AMEX,0.375,0.375,289,0,CPS Systems Inc,0,0,0
19991216,13311,SYS',AMEX,0.4375,0.4375,128,0,CPS Systems Inc,0,0,0
19991217,13311,SYS',AMEX,0.375,0.375,34,0,CPS Systems Inc,0,0,0
19991220,13311,SYS',AMEX,0.25,0.25,828,0,CPS Systems Inc,0,0,0
19991221,13311,SYS',AMEX,0.25,0.25,515,0,CPS Systems Inc,0,0,0
19991222,13311,SYS',AMEX,0.25,0.25,281,0,CPS Systems Inc,0,0,0
19991223,13311,SYS',AMEX,0.25,0.25,238,0,CPS Systems Inc,0,0,0
19991227,13311,SYS',AMEX,0.25,0.25,0,0,CPS Systems Inc,0,0,0
