DDate,CSINumber,Symbol,Exchange,DClose,UnAdjustedClose,TotalVolume,Cash,MarketName,PTB,PSR,DPS
19990830,19225,LTC+B',NYSE,9.116551192,16.125,127,0,LTC Properties Pf B,0,0,0
19990831,19225,LTC+B',NYSE,9.116551192,16.125,42,0,LTC Properties Pf B,0,0,0
19990901,19225,LTC+B',NYSE,9.187222131,16.25,19,0,LTC Properties Pf B,0,0,0
19990902,19225,LTC+B',NYSE,9.187222131,16.25,60,0,LTC Properties Pf B,0,0,0
19990903,19225,LTC+B',NYSE,9.081215722,16.0625,55,0,LTC Properties Pf B,0,0,0
19990907,19225,LTC+B',NYSE,9.116551192,16.125,46,0,LTC Properties Pf B,0,0,0
19990908,19225,LTC+B',NYSE,9.187222131,16.25,143,0,LTC Properties Pf B,0,0,0
19990909,19225,LTC+B',NYSE,9.469905889,16.75,87,0,LTC Properties Pf B,0,0,0
19990910,19225,LTC+B',NYSE,9.469905889,16.75,0,0,LTC Properties Pf B,0,0,0
19990913,19225,LTC+B',NYSE,9.32856401,16.5,53,0,LTC Properties Pf B,0,0,0
19990914,19225,LTC+B',NYSE,9.36389948,16.5625,83,0,LTC Properties Pf B,0,0,0
19990915,19225,LTC+B',NYSE,9.187222131,16.25,67,0,LTC Properties Pf B,0,0,0
19990916,19225,LTC+B',NYSE,9.081215722,16.0625,51,0,LTC Properties Pf B,0,0,0
19990917,19225,LTC+B',NYSE,9.081215722,16.0625,30,0,LTC Properties Pf B,0,0,0
19990920,19225,LTC+B',NYSE,9.045880252,16,111,0,LTC Properties Pf B,0,0,0
19990921,19225,LTC+B',NYSE,8.939873843,15.8125,28,0,LTC Properties Pf B,0,0,0
19990922,19225,LTC+B',NYSE,8.904538373,15.75,51,0,LTC Properties Pf B,0,0,0
19990923,19225,LTC+B',NYSE,9.045880252,16,28,0,LTC Properties Pf B,0,0,0
19990924,19225,LTC+B',NYSE,8.904538373,15.75,92,0,LTC Properties Pf B,0,0,0
19990927,19225,LTC+B',NYSE,8.975209313,15.875,51,0,LTC Properties Pf B,0,0,0
19990928,19225,LTC+B',NYSE,8.975209313,15.875,35,0,LTC Properties Pf B,0,0,0
19990929,19225,LTC+B',NYSE,8.796700656,15.375,80,0,LTC Properties Pf B,0,0,0
19990930,19225,LTC+B',NYSE,8.617905927,15.0625,128,0,LTC Properties Pf B,0,0,0
19991001,19225,LTC+B',NYSE,8.439111198,14.75,19,0,LTC Properties Pf B,0,0,0
19991004,19225,LTC+B',NYSE,8.367593306,14.625,100,0,LTC Properties Pf B,0,0,0
19991005,19225,LTC+B',NYSE,8.296075415,14.5,150,0,LTC Properties Pf B,0,0,0
19991006,19225,LTC+B',NYSE,8.439111198,14.75,66,0,LTC Properties Pf B,0,0,0
19991007,19225,LTC+B',NYSE,8.367593306,14.625,70,0,LTC Properties Pf B,0,0,0
19991008,19225,LTC+B',NYSE,8.51062909,14.875,79,0,LTC Properties Pf B,0,0,0
19991011,19225,LTC+B',NYSE,8.439111198,14.75,86,0,LTC Properties Pf B,0,0,0
19991012,19225,LTC+B',NYSE,8.403352252,14.6875,59,0,LTC Properties Pf B,0,0,0
19991013,19225,LTC+B',NYSE,8.796700656,15.375,182,0,LTC Properties Pf B,0,0,0
19991014,19225,LTC+B',NYSE,8.617905927,15.0625,21,0,LTC Properties Pf B,0,0,0
19991015,19225,LTC+B',NYSE,8.439111198,14.75,108,0,LTC Properties Pf B,0,0,0
19991018,19225,LTC+B',NYSE,8.582146981,15,108,0,LTC Properties Pf B,0,0,0
19991019,19225,LTC+B',NYSE,8.546388035,14.9375,73,0,LTC Properties Pf B,0,0,0
19991020,19225,LTC+B',NYSE,8.653664873,15.125,128,0,LTC Properties Pf B,0,0,0
19991021,19225,LTC+B',NYSE,8.796700656,15.375,61,0,LTC Properties Pf B,0,0,0
19991022,19225,LTC+B',NYSE,8.832459601,15.4375,273,0,LTC Properties Pf B,0,0,0
19991025,19225,LTC+B',NYSE,8.653664873,15.125,38,0,LTC Properties Pf B,0,0,0
19991026,19225,LTC+B',NYSE,8.689423818,15.1875,94,0,LTC Properties Pf B,0,0,0
19991027,19225,LTC+B',NYSE,8.76094171,15.3125,54,0,LTC Properties Pf B,0,0,0
19991028,19225,LTC+B',NYSE,9.086461477,15.6875,162,0,LTC Properties Pf B,0,0,0
19991029,19225,LTC+B',NYSE,9.122662519,15.75,76,0,LTC Properties Pf B,0,0,0
19991101,19225,LTC+B',NYSE,8.977858352,15.5,71,0,LTC Properties Pf B,0,0,0
19991102,19225,LTC+B',NYSE,8.905456268,15.375,86,0,LTC Properties Pf B,0,0,0
19991103,19225,LTC+B',NYSE,8.760652101,15.125,69,0,LTC Properties Pf B,0,0,0
19991104,19225,LTC+B',NYSE,8.977858352,15.5,76,0,LTC Properties Pf B,0,0,0
19991105,19225,LTC+B',NYSE,8.869255227,15.3125,52,0,LTC Properties Pf B,0,0,0
19991108,19225,LTC+B',NYSE,8.688250018,15,9,0,LTC Properties Pf B,0,0,0
19991109,19225,LTC+B',NYSE,8.543445851,14.75,147,0,LTC Properties Pf B,0,0,0
19991110,19225,LTC+B',NYSE,8.543445851,14.75,24,0,LTC Properties Pf B,0,0,0
19991111,19225,LTC+B',NYSE,8.688250018,15,129,0,LTC Properties Pf B,0,0,0
19991112,19225,LTC+B',NYSE,8.688250018,15,43,0,LTC Properties Pf B,0,0,0
19991115,19225,LTC+B',NYSE,8.543445851,14.75,9,0,LTC Properties Pf B,0,0,0
19991116,19225,LTC+B',NYSE,8.543445851,14.75,88,0,LTC Properties Pf B,0,0,0
19991117,19225,LTC+B',NYSE,8.615847934,14.875,29,0,LTC Properties Pf B,0,0,0
19991118,19225,LTC+B',NYSE,8.471043768,14.625,107,0,LTC Properties Pf B,0,0,0
19991119,19225,LTC+B',NYSE,8.398641684,14.5,347,0,LTC Properties Pf B,0,0,0
19991122,19225,LTC+B',NYSE,8.398641684,14.5,100,0,LTC Properties Pf B,0,0,0
19991123,19225,LTC+B',NYSE,8.398641684,14.5,112,0,LTC Properties Pf B,0,0,0
19991124,19225,LTC+B',NYSE,8.326239601,14.375,354,0,LTC Properties Pf B,0,0,0
19991126,19225,LTC+B',NYSE,8.326239601,14.375,129,0,LTC Properties Pf B,0,0,0
19991129,19225,LTC+B',NYSE,8.289852284,14.125,271,0,LTC Properties Pf B,0,0,0
19991130,19225,LTC+B',NYSE,8.326533047,14.1875,232,0,LTC Properties Pf B,0,0,0
19991201,19225,LTC+B',NYSE,8.363213809,14.25,48,0,LTC Properties Pf B,0,0,0
19991202,19225,LTC+B',NYSE,8.436575334,14.375,101,0,LTC Properties Pf B,0,0,0
19991203,19225,LTC+B',NYSE,8.326533047,14.1875,60,0,LTC Properties Pf B,0,0,0
19991206,19225,LTC+B',NYSE,8.509936858,14.5,63,0,LTC Properties Pf B,0,0,0
19991207,19225,LTC+B',NYSE,8.363213809,14.25,135,0,LTC Properties Pf B,0,0,0
19991208,19225,LTC+B',NYSE,8.326533047,14.1875,72,0,LTC Properties Pf B,0,0,0
19991209,19225,LTC+B',NYSE,8.289852284,14.125,66,0,LTC Properties Pf B,0,0,0
19991210,19225,LTC+B',NYSE,8.106448473,13.8125,83,0,LTC Properties Pf B,0,0,0
19991213,19225,LTC+B',NYSE,7.996406186,13.625,269,0,LTC Properties Pf B,0,0,0
19991214,19225,LTC+B',NYSE,7.629598563,13,235,0,LTC Properties Pf B,0,0,0
19991215,19225,LTC+B',NYSE,7.996406186,13.625,269,0,LTC Properties Pf B,0,0,0
19991216,19225,LTC+B',NYSE,7.886363899,13.4375,227,0,LTC Properties Pf B,0,0,0
19991217,19225,LTC+B',NYSE,7.849683136,13.375,44,0,LTC Properties Pf B,0,0,0
19991220,19225,LTC+B',NYSE,7.776321612,13.25,99,0,LTC Properties Pf B,0,0,0
19991221,19225,LTC+B',NYSE,7.482875513,12.75,264,0,LTC Properties Pf B,0,0,0
19991222,19225,LTC+B',NYSE,7.519556276,12.8125,140,0,LTC Properties Pf B,0,0,0
19991223,19225,LTC+B',NYSE,7.409513989,12.625,189,0,LTC Properties Pf B,0,0,0
19991227,19225,LTC+B',NYSE,7.409513989,12.625,402,0,LTC Properties Pf B,0,0,0
19991228,19225,LTC+B',NYSE,7.372833226,12.5625,213,0,LTC Properties Pf B,0,0,0
19991229,19225,LTC+B',NYSE,7.484845239,12.5625,67,0,LTC Properties Pf B,0,0,0
19991230,19225,LTC+B',NYSE,7.410369167,12.4375,151,0,LTC Properties Pf B,0,0,0
19991231,19225,LTC+B',NYSE,7.671035419,12.875,133,0,LTC Properties Pf B,0,0,0
20000103,19225,LTC+B',NYSE,8.192367923,13.75,126,0,LTC Properties Pf B,0,0,0
20000104,19225,LTC+B',NYSE,8.378558103,14.0625,279,0,LTC Properties Pf B,0,0,0
20000105,19225,LTC+B',NYSE,9.197794895,15.4375,243,0,LTC Properties Pf B,0,0,0
20000106,19225,LTC+B',NYSE,9.383985075,15.75,282,0,LTC Properties Pf B,0,0,0
20000107,19225,LTC+B',NYSE,9.830841507,16.5,74,0,LTC Properties Pf B,0,0,0
20000110,19225,LTC+B',NYSE,10.09150776,16.9375,399,0,LTC Properties Pf B,0,0,0
20000111,19225,LTC+B',NYSE,9.830841507,16.5,190,0,LTC Properties Pf B,0,0,0
20000112,19225,LTC+B',NYSE,9.607413291,16.125,5,0,LTC Properties Pf B,0,0,0
20000113,19225,LTC+B',NYSE,9.309509003,15.625,45,0,LTC Properties Pf B,0,0,0
20000114,19225,LTC+B',NYSE,9.160556859,15.375,7,0,LTC Properties Pf B,0,0,0
20000118,19225,LTC+B',NYSE,9.160556859,15.375,64,0,LTC Properties Pf B,0,0,0
20000119,19225,LTC+B',NYSE,9.048842751,15.1875,67,0,LTC Properties Pf B,0,0,0
20000120,19225,LTC+B',NYSE,8.862652571,14.875,69,0,LTC Properties Pf B,0,0,0
20000121,19225,LTC+B',NYSE,8.937128643,15,17,0,LTC Properties Pf B,0,0,0
20000124,19225,LTC+B',NYSE,8.788176499,14.75,65,0,LTC Properties Pf B,0,0,0
20000125,19225,LTC+B',NYSE,8.713700427,14.625,7,0,LTC Properties Pf B,0,0,0
20000126,19225,LTC+B',NYSE,8.788176499,14.75,59,0,LTC Properties Pf B,0,0,0
20000127,19225,LTC+B',NYSE,9.011604715,15.125,50,0,LTC Properties Pf B,0,0,0
20000128,19225,LTC+B',NYSE,8.823372763,14.625,36,0,LTC Properties Pf B,0,0,0
20000131,19225,LTC+B',NYSE,8.446305551,14,237,0,LTC Properties Pf B,0,0,0
20000201,19225,LTC+B',NYSE,8.446305551,14,30,0,LTC Properties Pf B,0,0,0
20000202,19225,LTC+B',NYSE,8.446305551,14,48,0,LTC Properties Pf B,0,0,0
20000203,19225,LTC+B',NYSE,8.672545878,14.375,53,0,LTC Properties Pf B,0,0,0
20000204,19225,LTC+B',NYSE,8.10694506,13.4375,129,0,LTC Properties Pf B,0,0,0
20000207,19225,LTC+B',NYSE,7.880704733,13.0625,146,0,LTC Properties Pf B,0,0,0
20000208,19225,LTC+B',NYSE,8.10694506,13.4375,103,0,LTC Properties Pf B,0,0,0
20000209,19225,LTC+B',NYSE,7.918411454,13.125,139,0,LTC Properties Pf B,0,0,0
20000210,19225,LTC+B',NYSE,7.993824896,13.25,162,0,LTC Properties Pf B,0,0,0
20000211,19225,LTC+B',NYSE,8.220065224,13.625,76,0,LTC Properties Pf B,0,0,0
20000214,19225,LTC+B',NYSE,8.144651781,13.5,30,0,LTC Properties Pf B,0,0,0
20000215,19225,LTC+B',NYSE,8.144651781,13.5,2,0,LTC Properties Pf B,0,0,0
20000216,19225,LTC+B',NYSE,8.069238339,13.375,111,0,LTC Properties Pf B,0,0,0
20000217,19225,LTC+B',NYSE,8.220065224,13.625,30,0,LTC Properties Pf B,0,0,0
20000218,19225,LTC+B',NYSE,8.069238339,13.375,38,0,LTC Properties Pf B,0,0,0
20000222,19225,LTC+B',NYSE,8.144651781,13.5,66,0,LTC Properties Pf B,0,0,0
20000223,19225,LTC+B',NYSE,7.993824896,13.25,22,0,LTC Properties Pf B,0,0,0
20000224,19225,LTC+B',NYSE,8.144651781,13.5,61,0,LTC Properties Pf B,0,0,0
20000225,19225,LTC+B',NYSE,7.993824896,13.25,41,0,LTC Properties Pf B,0,0,0
20000228,19225,LTC+B',NYSE,7.955881462,13,16,0,LTC Properties Pf B,0,0,0
20000229,19225,LTC+B',NYSE,7.841133171,12.8125,56,0,LTC Properties Pf B,0,0,0
20000301,19225,LTC+B',NYSE,7.649886021,12.5,44,0,LTC Properties Pf B,0,0,0
20000302,19225,LTC+B',NYSE,7.38214001,12.0625,77,0,LTC Properties Pf B,0,0,0
20000303,19225,LTC+B',NYSE,7.42038944,12.125,158,0,LTC Properties Pf B,0,0,0
20000306,19225,LTC+B',NYSE,7.726384881,12.625,109,0,LTC Properties Pf B,0,0,0
20000307,19225,LTC+B',NYSE,7.879382601,12.875,116,0,LTC Properties Pf B,0,0,0
20000308,19225,LTC+B',NYSE,7.688135451,12.5625,121,0,LTC Properties Pf B,0,0,0
20000309,19225,LTC+B',NYSE,7.802883741,12.75,29,0,LTC Properties Pf B,0,0,0
20000310,19225,LTC+B',NYSE,7.802883741,12.75,0,0,LTC Properties Pf B,0,0,0
20000313,19225,LTC+B',NYSE,7.688135451,12.5625,29,0,LTC Properties Pf B,0,0,0
20000314,19225,LTC+B',NYSE,7.764634311,12.6875,34,0,LTC Properties Pf B,0,0,0
20000315,19225,LTC+B',NYSE,7.917632032,12.9375,98,0,LTC Properties Pf B,0,0,0
20000316,19225,LTC+B',NYSE,7.994130892,13.0625,70,0,LTC Properties Pf B,0,0,0
20000317,19225,LTC+B',NYSE,8.223627472,13.4375,92,0,LTC Properties Pf B,0,0,0
20000320,19225,LTC+B',NYSE,8.453124053,13.8125,121,0,LTC Properties Pf B,0,0,0
20000321,19225,LTC+B',NYSE,8.491373483,13.875,203,0,LTC Properties Pf B,0,0,0
20000322,19225,LTC+B',NYSE,8.491373483,13.875,103,0,LTC Properties Pf B,0,0,0
20000323,19225,LTC+B',NYSE,8.491373483,13.875,132,0,LTC Properties Pf B,0,0,0
20000324,19225,LTC+B',NYSE,8.567872343,14,157,0,LTC Properties Pf B,0,0,0
20000327,19225,LTC+B',NYSE,8.414874623,13.75,126,0,LTC Properties Pf B,0,0,0
20000328,19225,LTC+B',NYSE,8.108879182,13.25,109,0,LTC Properties Pf B,0,0,0
20000329,19225,LTC+B',NYSE,8.225589432,13.25,95,0,LTC Properties Pf B,0,0,0
20000330,19225,LTC+B',NYSE,8.380789233,13.5,10,0,LTC Properties Pf B,0,0,0
20000331,19225,LTC+B',NYSE,8.341989283,13.4375,40,0,LTC Properties Pf B,0,0,0
20000403,19225,LTC+B',NYSE,8.303189332,13.375,21,0,LTC Properties Pf B,0,0,0
20000404,19225,LTC+B',NYSE,8.303189332,13.375,10,0,LTC Properties Pf B,0,0,0
20000405,19225,LTC+B',NYSE,8.109189582,13.0625,19,0,LTC Properties Pf B,0,0,0
20000406,19225,LTC+B',NYSE,8.225589432,13.25,118,0,LTC Properties Pf B,0,0,0
20000407,19225,LTC+B',NYSE,8.225589432,13.25,79,0,LTC Properties Pf B,0,0,0
20000410,19225,LTC+B',NYSE,8.225589432,13.25,81,0,LTC Properties Pf B,0,0,0
20000411,19225,LTC+B',NYSE,8.147989532,13.125,52,0,LTC Properties Pf B,0,0,0
20000412,19225,LTC+B',NYSE,8.225589432,13.25,110,0,LTC Properties Pf B,0,0,0
20000413,19225,LTC+B',NYSE,8.109189582,13.0625,23,0,LTC Properties Pf B,0,0,0
20000414,19225,LTC+B',NYSE,8.070389632,13,52,0,LTC Properties Pf B,0,0,0
20000417,19225,LTC+B',NYSE,7.915189831,12.75,43,0,LTC Properties Pf B,0,0,0
20000418,19225,LTC+B',NYSE,7.915189831,12.75,23,0,LTC Properties Pf B,0,0,0
20000419,19225,LTC+B',NYSE,7.992789731,12.875,71,0,LTC Properties Pf B,0,0,0
20000420,19225,LTC+B',NYSE,7.75999003,12.5,85,0,LTC Properties Pf B,0,0,0
20000424,19225,LTC+B',NYSE,7.876389881,12.6875,55,0,LTC Properties Pf B,0,0,0
20000425,19225,LTC+B',NYSE,7.75999003,12.5,66,0,LTC Properties Pf B,0,0,0
20000426,19225,LTC+B',NYSE,7.837589931,12.625,82,0,LTC Properties Pf B,0,0,0
20000427,19225,LTC+B',NYSE,7.995450852,12.6875,113,0,LTC Properties Pf B,0,0,0
20000428,19225,LTC+B',NYSE,8.271156054,13.125,60,0,LTC Properties Pf B,0,0,0
20000501,19225,LTC+B',NYSE,8.349928968,13.25,44,0,LTC Properties Pf B,0,0,0
20000502,19225,LTC+B',NYSE,8.428701883,13.375,94,0,LTC Properties Pf B,0,0,0
20000503,19225,LTC+B',NYSE,8.428701883,13.375,21,0,LTC Properties Pf B,0,0,0
20000504,19225,LTC+B',NYSE,8.428701883,13.375,36,0,LTC Properties Pf B,0,0,0
20000505,19225,LTC+B',NYSE,8.428701883,13.375,32,0,LTC Properties Pf B,0,0,0
20000508,19225,LTC+B',NYSE,8.310542511,13.1875,127,0,LTC Properties Pf B,0,0,0
20000509,19225,LTC+B',NYSE,8.349928968,13.25,49,0,LTC Properties Pf B,0,0,0
20000510,19225,LTC+B',NYSE,8.310542511,13.1875,41,0,LTC Properties Pf B,0,0,0
20000511,19225,LTC+B',NYSE,8.231769596,13.0625,29,0,LTC Properties Pf B,0,0,0
20000512,19225,LTC+B',NYSE,8.271156054,13.125,16,0,LTC Properties Pf B,0,0,0
20000515,19225,LTC+B',NYSE,8.152996681,12.9375,51,0,LTC Properties Pf B,0,0,0
20000516,19225,LTC+B',NYSE,8.192383139,13,70,0,LTC Properties Pf B,0,0,0
20000517,19225,LTC+B',NYSE,8.271156054,13.125,170,0,LTC Properties Pf B,0,0,0
20000518,19225,LTC+B',NYSE,8.310542511,13.1875,3,0,LTC Properties Pf B,0,0,0
20000519,19225,LTC+B',NYSE,8.271156054,13.125,33,0,LTC Properties Pf B,0,0,0
20000522,19225,LTC+B',NYSE,8.389315426,13.3125,156,0,LTC Properties Pf B,0,0,0
20000523,19225,LTC+B',NYSE,8.349928968,13.25,51,0,LTC Properties Pf B,0,0,0
20000524,19225,LTC+B',NYSE,8.310542511,13.1875,176,0,LTC Properties Pf B,0,0,0
20000525,19225,LTC+B',NYSE,8.310542511,13.1875,0,0,LTC Properties Pf B,0,0,0
20000526,19225,LTC+B',NYSE,8.310542511,13.1875,0,0,LTC Properties Pf B,0,0,0
20000530,19225,LTC+B',NYSE,8.31086216,13,0,0,LTC Properties Pf B,0,0,0
20000531,19225,LTC+B',NYSE,8.31086216,13,44,0,LTC Properties Pf B,0,0,0
20000601,19225,LTC+B',NYSE,8.390774296,13.125,27,0,LTC Properties Pf B,0,0,0
20000602,19225,LTC+B',NYSE,8.430730364,13.1875,63,0,LTC Properties Pf B,0,0,0
20000605,19225,LTC+B',NYSE,8.71042284,13.625,106,0,LTC Properties Pf B,0,0,0
20000606,19225,LTC+B',NYSE,8.910203181,13.9375,31,0,LTC Properties Pf B,0,0,0
20000607,19225,LTC+B',NYSE,8.910203181,13.9375,100,0,LTC Properties Pf B,0,0,0
20000608,19225,LTC+B',NYSE,8.71042284,13.625,109,0,LTC Properties Pf B,0,0,0
20000609,19225,LTC+B',NYSE,8.71042284,13.625,31,0,LTC Properties Pf B,0,0,0
20000612,19225,LTC+B',NYSE,8.71042284,13.625,0,0,LTC Properties Pf B,0,0,0
20000613,19225,LTC+B',NYSE,8.630510704,13.5,139,0,LTC Properties Pf B,0,0,0
20000614,19225,LTC+B',NYSE,8.590554636,13.4375,34,0,LTC Properties Pf B,0,0,0
20000615,19225,LTC+B',NYSE,8.670466772,13.5625,20,0,LTC Properties Pf B,0,0,0
20000616,19225,LTC+B',NYSE,8.71042284,13.625,2,0,LTC Properties Pf B,0,0,0
20000619,19225,LTC+B',NYSE,8.750378908,13.6875,41,0,LTC Properties Pf B,0,0,0
20000620,19225,LTC+B',NYSE,8.750378908,13.6875,13,0,LTC Properties Pf B,0,0,0
20000621,19225,LTC+B',NYSE,8.670466772,13.5625,8,0,LTC Properties Pf B,0,0,0
20000622,19225,LTC+B',NYSE,8.750378908,13.6875,34,0,LTC Properties Pf B,0,0,0
20000623,19225,LTC+B',NYSE,8.71042284,13.625,48,0,LTC Properties Pf B,0,0,0
20000626,19225,LTC+B',NYSE,8.5106425,13.3125,136,0,LTC Properties Pf B,0,0,0
20000627,19225,LTC+B',NYSE,8.550598568,13.375,84,0,LTC Properties Pf B,0,0,0
20000628,19225,LTC+B',NYSE,8.753551275,13.5,15,0,LTC Properties Pf B,0,0,0
20000629,19225,LTC+B',NYSE,8.794076976,13.5625,51,0,LTC Properties Pf B,0,0,0
20000630,19225,LTC+B',NYSE,8.794076976,13.5625,29,0,LTC Properties Pf B,0,0,0
20000703,19225,LTC+B',NYSE,8.956179777,13.8125,35,0,LTC Properties Pf B,0,0,0
20000705,19225,LTC+B',NYSE,8.753551275,13.5,148,0,LTC Properties Pf B,0,0,0
20000706,19225,LTC+B',NYSE,8.591448474,13.25,82,0,LTC Properties Pf B,0,0,0
20000707,19225,LTC+B',NYSE,8.875128376,13.6875,72,0,LTC Properties Pf B,0,0,0
20000710,19225,LTC+B',NYSE,8.794076976,13.5625,35,0,LTC Properties Pf B,0,0,0
20000711,19225,LTC+B',NYSE,8.672499875,13.375,108,0,LTC Properties Pf B,0,0,0
20000712,19225,LTC+B',NYSE,8.753551275,13.5,6,0,LTC Properties Pf B,0,0,0
20000713,19225,LTC+B',NYSE,8.713025575,13.4375,19,0,LTC Properties Pf B,0,0,0
20000714,19225,LTC+B',NYSE,8.794076976,13.5625,5,0,LTC Properties Pf B,0,0,0
20000717,19225,LTC+B',NYSE,8.996705477,13.875,96,0,LTC Properties Pf B,0,0,0
20000718,19225,LTC+B',NYSE,8.996705477,13.875,59,0,LTC Properties Pf B,0,0,0
20000719,19225,LTC+B',NYSE,8.956179777,13.8125,126,0,LTC Properties Pf B,0,0,0
20000720,19225,LTC+B',NYSE,8.875128376,13.6875,96,0,LTC Properties Pf B,0,0,0
20000721,19225,LTC+B',NYSE,8.915654077,13.75,9,0,LTC Properties Pf B,0,0,0
20000724,19225,LTC+B',NYSE,9.037231178,13.9375,29,0,LTC Properties Pf B,0,0,0
20000725,19225,LTC+B',NYSE,9.077756878,14,5,0,LTC Properties Pf B,0,0,0
20000726,19225,LTC+B',NYSE,9.077756878,14,15,0,LTC Properties Pf B,0,0,0
20000727,19225,LTC+B',NYSE,9.32091108,14.375,39,0,LTC Properties Pf B,0,0,0
20000728,19225,LTC+B',NYSE,9.321239582,14.1875,68,0,LTC Properties Pf B,0,0,0
20000731,19225,LTC+B',NYSE,9.239114123,14.0625,37,0,LTC Properties Pf B,0,0,0
20000801,19225,LTC+B',NYSE,9.280176853,14.125,76,0,LTC Properties Pf B,0,0,0
20000802,19225,LTC+B',NYSE,9.362302312,14.25,126,0,LTC Properties Pf B,0,0,0
20000803,19225,LTC+B',NYSE,9.239114123,14.0625,23,0,LTC Properties Pf B,0,0,0
20000804,19225,LTC+B',NYSE,9.198051394,14,43,0,LTC Properties Pf B,0,0,0
20000807,19225,LTC+B',NYSE,9.280176853,14.125,84,0,LTC Properties Pf B,0,0,0
20000808,19225,LTC+B',NYSE,9.362302312,14.25,75,0,LTC Properties Pf B,0,0,0
20000809,19225,LTC+B',NYSE,9.362302312,14.25,15,0,LTC Properties Pf B,0,0,0
20000810,19225,LTC+B',NYSE,9.44442777,14.375,2,0,LTC Properties Pf B,0,0,0
20000811,19225,LTC+B',NYSE,9.44442777,14.375,0,0,LTC Properties Pf B,0,0,0
20000814,19225,LTC+B',NYSE,9.403365041,14.3125,41,0,LTC Properties Pf B,0,0,0
20000815,19225,LTC+B',NYSE,9.362302312,14.25,9,0,LTC Properties Pf B,0,0,0
20000816,19225,LTC+B',NYSE,9.280176853,14.125,46,0,LTC Properties Pf B,0,0,0
20000817,19225,LTC+B',NYSE,9.362302312,14.25,15,0,LTC Properties Pf B,0,0,0
20000818,19225,LTC+B',NYSE,9.362302312,14.25,91,0,LTC Properties Pf B,0,0,0
20000821,19225,LTC+B',NYSE,7.884044052,12,697,0,LTC Properties Pf B,0,0,0
20000822,19225,LTC+B',NYSE,7.185977651,10.9375,1507,0,LTC Properties Pf B,0,0,0
20000823,19225,LTC+B',NYSE,7.391291299,11.25,441,0,LTC Properties Pf B,0,0,0
20000824,19225,LTC+B',NYSE,7.432354028,11.3125,180,0,LTC Properties Pf B,0,0,0
20000825,19225,LTC+B',NYSE,7.062789463,10.75,224,0,LTC Properties Pf B,0,0,0
20000828,19225,LTC+B',NYSE,7.144914922,10.875,149,0,LTC Properties Pf B,0,0,0
20000829,19225,LTC+B',NYSE,6.980664004,10.625,259,0,LTC Properties Pf B,0,0,0
20000830,19225,LTC+B',NYSE,7.106405581,10.625,197,0,LTC Properties Pf B,0,0,0
20000831,19225,LTC+B',NYSE,7.273615124,10.875,45,0,LTC Properties Pf B,0,0,0
20000901,19225,LTC+B',NYSE,7.148207966,10.6875,76,0,LTC Properties Pf B,0,0,0
20000905,19225,LTC+B',NYSE,6.980998423,10.4375,330,0,LTC Properties Pf B,0,0,0
20000906,19225,LTC+B',NYSE,6.980998423,10.4375,230,0,LTC Properties Pf B,0,0,0
20000907,19225,LTC+B',NYSE,7.148207966,10.6875,96,0,LTC Properties Pf B,0,0,0
20000908,19225,LTC+B',NYSE,7.440824667,11.125,194,0,LTC Properties Pf B,0,0,0
20000911,19225,LTC+B',NYSE,7.524429438,11.25,130,0,LTC Properties Pf B,0,0,0
20000912,19225,LTC+B',NYSE,7.858848524,11.75,245,0,LTC Properties Pf B,0,0,0
20000913,19225,LTC+B',NYSE,8.067860453,12.0625,69,0,LTC Properties Pf B,0,0,0
20000914,19225,LTC+B',NYSE,7.733441367,11.5625,37,0,LTC Properties Pf B,0,0,0
20000915,19225,LTC+B',NYSE,7.733441367,11.5625,153,0,LTC Properties Pf B,0,0,0
20000918,19225,LTC+B',NYSE,7.775243753,11.625,42,0,LTC Properties Pf B,0,0,0
20000919,19225,LTC+B',NYSE,7.691638981,11.5,123,0,LTC Properties Pf B,0,0,0
20000920,19225,LTC+B',NYSE,7.357219895,11,163,0,LTC Properties Pf B,0,0,0
20000921,19225,LTC+B',NYSE,7.064603195,10.5625,423,0,LTC Properties Pf B,0,0,0
20000922,19225,LTC+B',NYSE,7.357219895,11,226,0,LTC Properties Pf B,0,0,0
20000925,19225,LTC+B',NYSE,7.357219895,11,390,0,LTC Properties Pf B,0,0,0
20000926,19225,LTC+B',NYSE,7.440824667,11.125,118,0,LTC Properties Pf B,0,0,0
20000927,19225,LTC+B',NYSE,7.823853312,11.5,191,0,LTC Properties Pf B,0,0,0
20000928,19225,LTC+B',NYSE,7.441164834,10.9375,96,0,LTC Properties Pf B,0,0,0
20000929,19225,LTC+B',NYSE,8.844355917,13,462,0,LTC Properties Pf B,0,0,0
20001002,19225,LTC+B',NYSE,9.142002511,13.4375,71,0,LTC Properties Pf B,0,0,0
20001003,19225,LTC+B',NYSE,8.971918743,13.1875,143,0,LTC Properties Pf B,0,0,0
20001004,19225,LTC+B',NYSE,8.886876859,13.0625,75,0,LTC Properties Pf B,0,0,0
20001005,19225,LTC+B',NYSE,8.971918743,13.1875,68,0,LTC Properties Pf B,0,0,0
20001006,19225,LTC+B',NYSE,8.844355917,13,96,0,LTC Properties Pf B,0,0,0
20001009,19225,LTC+B',NYSE,8.971918743,13.1875,75,0,LTC Properties Pf B,0,0,0
20001010,19225,LTC+B',NYSE,8.971918743,13.1875,123,0,LTC Properties Pf B,0,0,0
20001011,19225,LTC+B',NYSE,8.971918743,13.1875,28,0,LTC Properties Pf B,0,0,0
20001012,19225,LTC+B',NYSE,9.014439685,13.25,51,0,LTC Properties Pf B,0,0,0
20001013,19225,LTC+B',NYSE,9.184523453,13.5,147,0,LTC Properties Pf B,0,0,0
20001016,19225,LTC+B',NYSE,9.269565336,13.625,75,0,LTC Properties Pf B,0,0,0
20001017,19225,LTC+B',NYSE,9.099481569,13.375,29,0,LTC Properties Pf B,0,0,0
20001018,19225,LTC+B',NYSE,9.014439685,13.25,350,0,LTC Properties Pf B,0,0,0
20001019,19225,LTC+B',NYSE,9.142002511,13.4375,29,0,LTC Properties Pf B,0,0,0
20001020,19225,LTC+B',NYSE,8.886876859,13.0625,47,0,LTC Properties Pf B,0,0,0
20001023,19225,LTC+B',NYSE,9.014439685,13.25,25,0,LTC Properties Pf B,0,0,0
20001024,19225,LTC+B',NYSE,8.844355917,13,29,0,LTC Properties Pf B,0,0,0
20001025,19225,LTC+B',NYSE,8.844355917,13,54,0,LTC Properties Pf B,0,0,0
20001026,19225,LTC+B',NYSE,9.099481569,13.375,65,0,LTC Properties Pf B,0,0,0
20001027,19225,LTC+B',NYSE,8.971918743,13.1875,12,0,LTC Properties Pf B,0,0,0
20001030,19225,LTC+B',NYSE,8.885992063,12.875,52,0,LTC Properties Pf B,0,0,0
20001031,19225,LTC+B',NYSE,9.015399714,13.0625,39,0,LTC Properties Pf B,0,0,0
20001101,19225,LTC+B',NYSE,9.489894436,13.75,128,0,LTC Properties Pf B,0,0,0
20001102,19225,LTC+B',NYSE,9.489894436,13.75,78,0,LTC Properties Pf B,0,0,0
20001103,19225,LTC+B',NYSE,9.317350901,13.5,136,0,LTC Properties Pf B,0,0,0
20001106,19225,LTC+B',NYSE,9.231079133,13.375,99,0,LTC Properties Pf B,0,0,0
20001107,19225,LTC+B',NYSE,9.274215017,13.4375,9,0,LTC Properties Pf B,0,0,0
20001108,19225,LTC+B',NYSE,9.446758552,13.6875,67,0,LTC Properties Pf B,0,0,0
20001109,19225,LTC+B',NYSE,9.53303032,13.8125,161,0,LTC Properties Pf B,0,0,0
20001110,19225,LTC+B',NYSE,9.662437971,14,90,0,LTC Properties Pf B,0,0,0
20001113,19225,LTC+B',NYSE,9.619302087,13.9375,45,0,LTC Properties Pf B,0,0,0
20001114,19225,LTC+B',NYSE,9.662437971,14,65,0,LTC Properties Pf B,0,0,0
20001115,19225,LTC+B',NYSE,9.748709739,14.125,70,0,LTC Properties Pf B,0,0,0
20001116,19225,LTC+B',NYSE,9.791845622,14.1875,32,0,LTC Properties Pf B,0,0,0
20001117,19225,LTC+B',NYSE,9.791845622,14.1875,65,0,LTC Properties Pf B,0,0,0
20001120,19225,LTC+B',NYSE,9.791845622,14.1875,0,0,LTC Properties Pf B,0,0,0
20001121,19225,LTC+B',NYSE,9.791845622,14.1875,74,0,LTC Properties Pf B,0,0,0
20001122,19225,LTC+B',NYSE,9.619302087,13.9375,54,0,LTC Properties Pf B,0,0,0
20001124,19225,LTC+B',NYSE,9.619302087,13.9375,0,0,LTC Properties Pf B,0,0,0
20001127,19225,LTC+B',NYSE,9.576166203,13.875,17,0,LTC Properties Pf B,0,0,0
20001128,19225,LTC+B',NYSE,9.53303032,13.8125,72,0,LTC Properties Pf B,0,0,0
20001129,19225,LTC+B',NYSE,9.489649067,13.5625,24,0,LTC Properties Pf B,0,0,0
20001130,19225,LTC+B',NYSE,9.489649067,13.5625,23,0,LTC Properties Pf B,0,0,0
20001201,19225,LTC+B',NYSE,9.445917965,13.5,49,0,LTC Properties Pf B,0,0,0
20001204,19225,LTC+B',NYSE,9.402186863,13.4375,123,0,LTC Properties Pf B,0,0,0
20001205,19225,LTC+B',NYSE,9.31472466,13.3125,19,0,LTC Properties Pf B,0,0,0
20001206,19225,LTC+B',NYSE,9.270993558,13.25,54,0,LTC Properties Pf B,0,0,0
20001207,19225,LTC+B',NYSE,9.31472466,13.3125,26,0,LTC Properties Pf B,0,0,0
20001208,19225,LTC+B',NYSE,9.270993558,13.25,50,0,LTC Properties Pf B,0,0,0
20001211,19225,LTC+B',NYSE,9.270993558,13.25,24,0,LTC Properties Pf B,0,0,0
20001212,19225,LTC+B',NYSE,9.31472466,13.3125,79,0,LTC Properties Pf B,0,0,0
20001213,19225,LTC+B',NYSE,9.31472466,13.3125,20,0,LTC Properties Pf B,0,0,0
20001214,19225,LTC+B',NYSE,9.358455762,13.375,49,0,LTC Properties Pf B,0,0,0
20001215,19225,LTC+B',NYSE,9.31472466,13.3125,14,0,LTC Properties Pf B,0,0,0
20001218,19225,LTC+B',NYSE,9.31472466,13.3125,93,0,LTC Properties Pf B,0,0,0
20001219,19225,LTC+B',NYSE,9.270993558,13.25,174,0,LTC Properties Pf B,0,0,0
20001220,19225,LTC+B',NYSE,9.270993558,13.25,60,0,LTC Properties Pf B,0,0,0
20001221,19225,LTC+B',NYSE,9.270993558,13.25,39,0,LTC Properties Pf B,0,0,0
20001222,19225,LTC+B',NYSE,9.31472466,13.3125,9,0,LTC Properties Pf B,0,0,0
20001226,19225,LTC+B',NYSE,9.31472466,13.3125,24,0,LTC Properties Pf B,0,0,0
20001227,19225,LTC+B',NYSE,9.31507952,13.125,35,0,LTC Properties Pf B,0,0,0
20001228,19225,LTC+B',NYSE,9.359437042,13.1875,127,0,LTC Properties Pf B,0,0,0
20001229,19225,LTC+B',NYSE,9.31507952,13.125,259,0,LTC Properties Pf B,0,0,0
20010102,19225,LTC+B',NYSE,9.492509606,13.375,24,0,LTC Properties Pf B,0,0,0
20010103,19225,LTC+B',NYSE,9.581224649,13.5,131,0,LTC Properties Pf B,0,0,0
20010104,19225,LTC+B',NYSE,10.20222995,14.375,69,0,LTC Properties Pf B,0,0,0
20010105,19225,LTC+B',NYSE,10.02479986,14.125,25,0,LTC Properties Pf B,0,0,0
20010108,19225,LTC+B',NYSE,10.20222995,14.375,30,0,LTC Properties Pf B,0,0,0
20010109,19225,LTC+B',NYSE,10.20222995,14.375,0,0,LTC Properties Pf B,0,0,0
20010110,19225,LTC+B',NYSE,10.29094499,14.5,3,0,LTC Properties Pf B,0,0,0
20010111,19225,LTC+B',NYSE,10.46837508,14.75,30,0,LTC Properties Pf B,0,0,0
20010112,19225,LTC+B',NYSE,10.64580517,15,28,0,LTC Properties Pf B,0,0,0
20010116,19225,LTC+B',NYSE,10.95630782,15.4375,97,0,LTC Properties Pf B,0,0,0
20010117,19225,LTC+B',NYSE,11.00066534,15.5,145,0,LTC Properties Pf B,0,0,0
20010118,19225,LTC+B',NYSE,10.95630782,15.4375,3,0,LTC Properties Pf B,0,0,0
20010119,19225,LTC+B',NYSE,10.95630782,15.4375,61,0,LTC Properties Pf B,0,0,0
20010122,19225,LTC+B',NYSE,11.22245295,15.8125,61,0,LTC Properties Pf B,0,0,0
20010123,19225,LTC+B',NYSE,11.00066534,15.5,83,0,LTC Properties Pf B,0,0,0
20010124,19225,LTC+B',NYSE,10.86759277,15.3125,182,0,LTC Properties Pf B,0,0,0
20010125,19225,LTC+B',NYSE,10.82323525,15.25,366,0,LTC Properties Pf B,0,0,0
20010126,19225,LTC+B',NYSE,11.1337379,15.6875,76,0,LTC Properties Pf B,0,0,0
20010129,19225,LTC+B',NYSE,11.44778915,16.13,170,0,LTC Properties Pf B,0,0,0
20010130,19225,LTC+B',NYSE,11.9921013,16.7,136,0,LTC Properties Pf B,0,0,0
20010131,19225,LTC+B',NYSE,12.12853838,16.89,194,0,LTC Properties Pf B,0,0,0
20010201,19225,LTC+B',NYSE,11.63305635,16.2,53,0,LTC Properties Pf B,0,0,0
20010202,19225,LTC+B',NYSE,11.41762938,15.9,109,0,LTC Properties Pf B,0,0,0
20010205,19225,LTC+B',NYSE,11.41762938,15.9,14,0,LTC Properties Pf B,0,0,0
20010206,19225,LTC+B',NYSE,11.41762938,15.9,19,0,LTC Properties Pf B,0,0,0
20010207,19225,LTC+B',NYSE,11.48943837,16,35,0,LTC Properties Pf B,0,0,0
20010208,19225,LTC+B',NYSE,11.59715185,16.15,19,0,LTC Properties Pf B,0,0,0
20010209,19225,LTC+B',NYSE,11.59715185,16.15,0,0,LTC Properties Pf B,0,0,0
20010212,19225,LTC+B',NYSE,11.70486534,16.3,75,0,LTC Properties Pf B,0,0,0
20010213,19225,LTC+B',NYSE,11.70486534,16.3,79,0,LTC Properties Pf B,0,0,0
20010214,19225,LTC+B',NYSE,11.70486534,16.3,96,0,LTC Properties Pf B,0,0,0
20010215,19225,LTC+B',NYSE,11.60433275,16.16,131,0,LTC Properties Pf B,0,0,0
20010216,19225,LTC+B',NYSE,11.56124736,16.1,13,0,LTC Properties Pf B,0,0,0
20010220,19225,LTC+B',NYSE,11.63305635,16.2,7,0,LTC Properties Pf B,0,0,0
20010221,19225,LTC+B',NYSE,11.63305635,16.2,39,0,LTC Properties Pf B,0,0,0
20010222,19225,LTC+B',NYSE,11.55406646,16.09,85,0,LTC Properties Pf B,0,0,0
20010223,19225,LTC+B',NYSE,11.52534286,16.05,120,0,LTC Properties Pf B,0,0,0
20010226,19225,LTC+B',NYSE,11.48943837,16,64,0,LTC Properties Pf B,0,0,0
20010227,19225,LTC+B',NYSE,11.61877811,15.99,17,0,LTC Properties Pf B,0,0,0
20010228,19225,LTC+B',NYSE,11.48798511,15.81,47,0,LTC Properties Pf B,0,0,0
20010301,19225,LTC+B',NYSE,11.45892,15.77,77,0,LTC Properties Pf B,0,0,0
20010302,19225,LTC+B',NYSE,11.45892,15.77,3,0,LTC Properties Pf B,0,0,0
20010305,19225,LTC+B',NYSE,11.48071884,15.8,29,0,LTC Properties Pf B,0,0,0
20010306,19225,LTC+B',NYSE,11.61877811,15.99,50,0,LTC Properties Pf B,0,0,0
20010307,19225,LTC+B',NYSE,11.59697928,15.96,10,0,LTC Properties Pf B,0,0,0
20010308,19225,LTC+B',NYSE,11.66237578,16.05,80,0,LTC Properties Pf B,0,0,0
20010309,19225,LTC+B',NYSE,11.62604439,16,21,0,LTC Properties Pf B,0,0,0
20010312,19225,LTC+B',NYSE,11.73503856,16.15,23,0,LTC Properties Pf B,0,0,0
20010313,19225,LTC+B',NYSE,11.72777228,16.14,48,0,LTC Properties Pf B,0,0,0
20010314,19225,LTC+B',NYSE,11.80043506,16.24,30,0,LTC Properties Pf B,0,0,0
20010315,19225,LTC+B',NYSE,11.88036411,16.35,150,0,LTC Properties Pf B,0,0,0
20010316,19225,LTC+B',NYSE,11.84403272,16.3,41,0,LTC Properties Pf B,0,0,0
20010319,19225,LTC+B',NYSE,11.84403272,16.3,0,0,LTC Properties Pf B,0,0,0
20010320,19225,LTC+B',NYSE,11.9166955,16.4,47,0,LTC Properties Pf B,0,0,0
20010321,19225,LTC+B',NYSE,11.88036411,16.35,6,0,LTC Properties Pf B,0,0,0
20010322,19225,LTC+B',NYSE,11.77136995,16.2,44,0,LTC Properties Pf B,0,0,0
20010323,19225,LTC+B',NYSE,11.720506,16.13,56,0,LTC Properties Pf B,0,0,0
20010326,19225,LTC+B',NYSE,11.84403272,16.3,37,0,LTC Properties Pf B,0,0,0
20010327,19225,LTC+B',NYSE,11.720506,16.13,28,0,LTC Properties Pf B,0,0,0
20010328,19225,LTC+B',NYSE,11.83666708,16.1,29,0,LTC Properties Pf B,0,0,0
20010329,19225,LTC+B',NYSE,11.91018675,16.2,3,0,LTC Properties Pf B,0,0,0
20010330,19225,LTC+B',NYSE,11.83666708,16.1,69,0,LTC Properties Pf B,0,0,0
20010402,19225,LTC+B',NYSE,11.79990725,16.05,23,0,LTC Properties Pf B,0,0,0
20010403,19225,LTC+B',NYSE,11.76314741,16,44,0,LTC Properties Pf B,0,0,0
20010404,19225,LTC+B',NYSE,11.76314741,16,33,0,LTC Properties Pf B,0,0,0
20010405,19225,LTC+B',NYSE,11.87342692,16.15,42,0,LTC Properties Pf B,0,0,0
20010406,19225,LTC+B',NYSE,11.87342692,16.15,30,0,LTC Properties Pf B,0,0,0
20010409,19225,LTC+B',NYSE,11.83666708,16.1,15,0,LTC Properties Pf B,0,0,0
20010410,19225,LTC+B',NYSE,11.77049938,16.01,34,0,LTC Properties Pf B,0,0,0
20010411,19225,LTC+B',NYSE,11.82931511,16.09,8,0,LTC Properties Pf B,0,0,0
20010412,19225,LTC+B',NYSE,11.79990725,16.05,29,0,LTC Properties Pf B,0,0,0
20010416,19225,LTC+B',NYSE,11.82931511,16.09,16,0,LTC Properties Pf B,0,0,0
20010417,19225,LTC+B',NYSE,11.83666708,16.1,3,0,LTC Properties Pf B,0,0,0
20010418,19225,LTC+B',NYSE,11.82931511,16.09,26,0,LTC Properties Pf B,0,0,0
20010419,19225,LTC+B',NYSE,11.94694659,16.25,46,0,LTC Properties Pf B,0,0,0
20010420,19225,LTC+B',NYSE,11.95429856,16.26,29,0,LTC Properties Pf B,0,0,0
20010423,19225,LTC+B',NYSE,11.77049938,16.01,78,0,LTC Properties Pf B,0,0,0
20010424,19225,LTC+B',NYSE,11.76314741,16,48,0,LTC Properties Pf B,0,0,0
20010425,19225,LTC+B',NYSE,11.57934823,15.75,30,0,LTC Properties Pf B,0,0,0
20010426,19225,LTC+B',NYSE,11.57199627,15.74,78,0,LTC Properties Pf B,0,0,0
20010427,19225,LTC+B',NYSE,11.71932492,15.75,16,0,LTC Properties Pf B,0,0,0
20010430,19225,LTC+B',NYSE,11.65979819,15.67,77,0,LTC Properties Pf B,0,0,0
20010501,19225,LTC+B',NYSE,11.53330389,15.5,59,0,LTC Properties Pf B,0,0,0
20010502,19225,LTC+B',NYSE,11.51842221,15.48,144,0,LTC Properties Pf B,0,0,0
20010503,19225,LTC+B',NYSE,11.34728286,15.25,13,0,LTC Properties Pf B,0,0,0
20010504,19225,LTC+B',NYSE,11.33984202,15.24,5,0,LTC Properties Pf B,0,0,0
20010507,19225,LTC+B',NYSE,10.87106902,14.61,55,0,LTC Properties Pf B,0,0,0
20010508,19225,LTC+B',NYSE,10.93803659,14.7,98,0,LTC Properties Pf B,0,0,0
20010509,19225,LTC+B',NYSE,11.16126183,15,69,0,LTC Properties Pf B,0,0,0
20010510,19225,LTC+B',NYSE,11.23567024,15.1,71,0,LTC Properties Pf B,0,0,0
20010511,19225,LTC+B',NYSE,11.27287445,15.15,3,0,LTC Properties Pf B,0,0,0
20010514,19225,LTC+B',NYSE,11.19846604,15.05,40,0,LTC Properties Pf B,0,0,0
20010515,19225,LTC+B',NYSE,11.26543361,15.14,23,0,LTC Properties Pf B,0,0,0
20010516,19225,LTC+B',NYSE,11.16126183,15,461,0,LTC Properties Pf B,0,0,0
20010517,19225,LTC+B',NYSE,11.16126183,15,58,0,LTC Properties Pf B,0,0,0
20010518,19225,LTC+B',NYSE,11.26543361,15.14,40,0,LTC Properties Pf B,0,0,0
20010521,19225,LTC+B',NYSE,11.38448707,15.3,106,0,LTC Properties Pf B,0,0,0
20010522,19225,LTC+B',NYSE,11.31007865,15.2,31,0,LTC Properties Pf B,0,0,0
20010523,19225,LTC+B',NYSE,11.71188408,15.74,17,0,LTC Properties Pf B,0,0,0
20010524,19225,LTC+B',NYSE,11.71188408,15.74,0,0,LTC Properties Pf B,0,0,0
20010525,19225,LTC+B',NYSE,11.68212072,15.7,26,0,LTC Properties Pf B,0,0,0
20010529,19225,LTC+B',NYSE,11.60027146,15.59,36,0,LTC Properties Pf B,0,0,0
20010530,19225,LTC+B',NYSE,11.8247151,15.7,9,0,LTC Properties Pf B,0,0,0
20010531,19225,LTC+B',NYSE,11.74939844,15.6,70,0,LTC Properties Pf B,0,0,0
20010601,19225,LTC+B',NYSE,11.7795251,15.64,41,0,LTC Properties Pf B,0,0,0
20010604,19225,LTC+B',NYSE,11.73433511,15.58,36,0,LTC Properties Pf B,0,0,0
20010605,19225,LTC+B',NYSE,11.74939844,15.6,27,0,LTC Properties Pf B,0,0,0
20010606,19225,LTC+B',NYSE,11.86237343,15.75,105,0,LTC Properties Pf B,0,0,0
20010607,19225,LTC+B',NYSE,12.05066507,16,21,0,LTC Properties Pf B,0,0,0
20010608,19225,LTC+B',NYSE,12.42724835,16.5,146,0,LTC Properties Pf B,0,0,0
20010611,19225,LTC+B',NYSE,12.61553999,16.75,62,0,LTC Properties Pf B,0,0,0
20010612,19225,LTC+B',NYSE,12.69085665,16.85,68,0,LTC Properties Pf B,0,0,0
20010613,19225,LTC+B',NYSE,12.74357831,16.92,195,0,LTC Properties Pf B,0,0,0
20010614,19225,LTC+B',NYSE,12.99212328,17.25,44,0,LTC Properties Pf B,0,0,0
20010615,19225,LTC+B',NYSE,12.91680662,17.15,36,0,LTC Properties Pf B,0,0,0
20010618,19225,LTC+B',NYSE,13.06743993,17.35,74,0,LTC Properties Pf B,0,0,0
20010619,19225,LTC+B',NYSE,13.06743993,17.35,15,0,LTC Properties Pf B,0,0,0
20010620,19225,LTC+B',NYSE,12.99212328,17.25,42,0,LTC Properties Pf B,0,0,0
20010621,19225,LTC+B',NYSE,12.95446495,17.2,25,0,LTC Properties Pf B,0,0,0
20010622,19225,LTC+B',NYSE,12.80383164,17,5,0,LTC Properties Pf B,0,0,0
20010625,19225,LTC+B',NYSE,12.80383164,17,0,0,LTC Properties Pf B,0,0,0
20010626,19225,LTC+B',NYSE,12.99212328,17.25,32,0,LTC Properties Pf B,0,0,0
20010627,19225,LTC+B',NYSE,13.12766413,17.24,9,0,LTC Properties Pf B,0,0,0
20010628,19225,LTC+B',NYSE,13.09720551,17.2,8,0,LTC Properties Pf B,0,0,0
20010629,19225,LTC+B',NYSE,13.09720551,17.2,0,0,LTC Properties Pf B,0,0,0
20010702,19225,LTC+B',NYSE,12.88399519,16.92,41,0,LTC Properties Pf B,0,0,0
20010703,19225,LTC+B',NYSE,12.9144538,16.96,32,0,LTC Properties Pf B,0,0,0
20010705,19225,LTC+B',NYSE,12.93729777,16.99,3,0,LTC Properties Pf B,0,0,0
20010706,19225,LTC+B',NYSE,12.92968311,16.98,12,0,LTC Properties Pf B,0,0,0
20010709,19225,LTC+B',NYSE,12.86115122,16.89,32,0,LTC Properties Pf B,0,0,0
20010710,19225,LTC+B',NYSE,12.86876588,16.9,77,0,LTC Properties Pf B,0,0,0
20010711,19225,LTC+B',NYSE,12.90683915,16.95,4,0,LTC Properties Pf B,0,0,0
20010712,19225,LTC+B',NYSE,12.90683915,16.95,30,0,LTC Properties Pf B,0,0,0
20010713,19225,LTC+B',NYSE,12.88399519,16.92,1,0,LTC Properties Pf B,0,0,0
20010716,19225,LTC+B',NYSE,12.86876588,16.9,70,0,LTC Properties Pf B,0,0,0
20010717,19225,LTC+B',NYSE,12.94491242,17,18,0,LTC Properties Pf B,0,0,0
20010718,19225,LTC+B',NYSE,12.76216072,16.76,74,0,LTC Properties Pf B,0,0,0
20010719,19225,LTC+B',NYSE,12.82307795,16.84,14,0,LTC Properties Pf B,0,0,0
20010720,19225,LTC+B',NYSE,12.82307795,16.84,4,0,LTC Properties Pf B,0,0,0
20010723,19225,LTC+B',NYSE,12.94491242,17,25,0,LTC Properties Pf B,0,0,0
20010724,19225,LTC+B',NYSE,12.89922449,16.94,3,0,LTC Properties Pf B,0,0,0
20010725,19225,LTC+B',NYSE,13.02105896,17.1,67,0,LTC Properties Pf B,0,0,0
20010726,19225,LTC+B',NYSE,12.90683915,16.95,32,0,LTC Properties Pf B,0,0,0
20010727,19225,LTC+B',NYSE,13.05913224,17.15,30,0,LTC Properties Pf B,0,0,0
20010730,19225,LTC+B',NYSE,12.90361138,16.76,60,0,LTC Properties Pf B,0,0,0
20010731,19225,LTC+B',NYSE,13.24236968,17.2,40,0,LTC Properties Pf B,0,0,0
20010801,19225,LTC+B',NYSE,13.20387442,17.15,9,0,LTC Properties Pf B,0,0,0
20010802,19225,LTC+B',NYSE,13.17307821,17.11,58,0,LTC Properties Pf B,0,0,0
20010803,19225,LTC+B',NYSE,13.12688389,17.05,18,0,LTC Properties Pf B,0,0,0
20010806,19225,LTC+B',NYSE,13.12688389,17.05,0,0,LTC Properties Pf B,0,0,0
20010807,19225,LTC+B',NYSE,13.08838863,17,17,0,LTC Properties Pf B,0,0,0
20010808,19225,LTC+B',NYSE,13.07299053,16.98,8,0,LTC Properties Pf B,0,0,0
20010809,19225,LTC+B',NYSE,13.07299053,16.98,3,0,LTC Properties Pf B,0,0,0
20010810,19225,LTC+B',NYSE,13.08068958,16.99,9,0,LTC Properties Pf B,0,0,0
20010813,19225,LTC+B',NYSE,13.08068958,16.99,31,0,LTC Properties Pf B,0,0,0
20010814,19225,LTC+B',NYSE,13.08068958,16.99,69,0,LTC Properties Pf B,0,0,0
20010815,19225,LTC+B',NYSE,13.19617536,17.14,95,0,LTC Properties Pf B,0,0,0
20010816,19225,LTC+B',NYSE,13.19617536,17.14,0,0,LTC Properties Pf B,0,0,0
20010817,19225,LTC+B',NYSE,13.26546683,17.23,78,0,LTC Properties Pf B,0,0,0
20010820,19225,LTC+B',NYSE,13.39635072,17.4,62,0,LTC Properties Pf B,0,0,0
20010821,19225,LTC+B',NYSE,13.28086494,17.25,31,0,LTC Properties Pf B,0,0,0
20010822,19225,LTC+B',NYSE,13.28086494,17.25,21,0,LTC Properties Pf B,0,0,0
20010823,19225,LTC+B',NYSE,13.28086494,17.25,282,0,LTC Properties Pf B,0,0,0
20010824,19225,LTC+B',NYSE,13.35785546,17.35,74,0,LTC Properties Pf B,0,0,0
20010827,19225,LTC+B',NYSE,13.46564219,17.49,83,0,LTC Properties Pf B,0,0,0
20010828,19225,LTC+B',NYSE,13.55033176,17.6,64,0,LTC Properties Pf B,0,0,0
20010829,19225,LTC+B',NYSE,13.68885457,17.59,12,0,LTC Properties Pf B,0,0,0
20010830,19225,LTC+B',NYSE,13.50208225,17.35,22,0,LTC Properties Pf B,0,0,0
20010831,19225,LTC+B',NYSE,13.50208225,17.35,41,0,LTC Properties Pf B,0,0,0
20010904,19225,LTC+B',NYSE,13.61103277,17.49,42,0,LTC Properties Pf B,0,0,0
20010905,19225,LTC+B',NYSE,13.61103277,17.49,0,0,LTC Properties Pf B,0,0,0
20010906,19225,LTC+B',NYSE,13.79780509,17.73,150,0,LTC Properties Pf B,0,0,0
20010907,19225,LTC+B',NYSE,14.39703294,18.5,134,0,LTC Properties Pf B,0,0,0
20010910,19225,LTC+B',NYSE,15.01960734,19.3,118,0,LTC Properties Pf B,0,0,0
20010917,19225,LTC+B',NYSE,14.86396374,19.1,172,0,LTC Properties Pf B,0,0,0
20010918,19225,LTC+B',NYSE,14.94178554,19.2,14,0,LTC Properties Pf B,0,0,0
20010919,19225,LTC+B',NYSE,14.47485474,18.6,121,0,LTC Properties Pf B,0,0,0
20010920,19225,LTC+B',NYSE,14.00792394,18,59,0,LTC Properties Pf B,0,0,0
20010921,19225,LTC+B',NYSE,13.50208225,17.35,197,0,LTC Properties Pf B,0,0,0
20010924,19225,LTC+B',NYSE,14.70832014,18.9,37,0,LTC Properties Pf B,0,0,0
20010925,19225,LTC+B',NYSE,14.97291426,19.24,90,0,LTC Properties Pf B,0,0,0
20010926,19225,LTC+B',NYSE,14.98069644,19.25,44,0,LTC Properties Pf B,0,0,0
20010927,19225,LTC+B',NYSE,14.73549776,18.75,45,0,LTC Properties Pf B,0,0,0
20010928,19225,LTC+B',NYSE,14.73549776,18.75,248,0,LTC Properties Pf B,0,0,0
20011001,19225,LTC+B',NYSE,14.75121562,18.77,43,0,LTC Properties Pf B,0,0,0
20011002,19225,LTC+B',NYSE,15.0891497,19.2,79,0,LTC Properties Pf B,0,0,0
20011003,19225,LTC+B',NYSE,14.97126572,19.05,95,0,LTC Properties Pf B,0,0,0
20011004,19225,LTC+B',NYSE,15.04985504,19.15,70,0,LTC Properties Pf B,0,0,0
20011005,19225,LTC+B',NYSE,15.04985504,19.15,0,0,LTC Properties Pf B,0,0,0
20011008,19225,LTC+B',NYSE,14.82980494,18.87,45,0,LTC Properties Pf B,0,0,0
20011009,19225,LTC+B',NYSE,15.01056038,19.1,69,0,LTC Properties Pf B,0,0,0
20011010,19225,LTC+B',NYSE,15.04985504,19.15,15,0,LTC Properties Pf B,0,0,0
20011011,19225,LTC+B',NYSE,15.0891497,19.2,6,0,LTC Properties Pf B,0,0,0
20011012,19225,LTC+B',NYSE,14.93197106,19,18,0,LTC Properties Pf B,0,0,0
20011015,19225,LTC+B',NYSE,15.08129077,19.19,46,0,LTC Properties Pf B,0,0,0
20011016,19225,LTC+B',NYSE,15.04985504,19.15,27,0,LTC Properties Pf B,0,0,0
20011017,19225,LTC+B',NYSE,14.74335669,18.76,65,0,LTC Properties Pf B,0,0,0
20011018,19225,LTC+B',NYSE,15.0891497,19.2,38,0,LTC Properties Pf B,0,0,0
20011019,19225,LTC+B',NYSE,15.01056038,19.1,46,0,LTC Properties Pf B,0,0,0
20011022,19225,LTC+B',NYSE,15.04199611,19.14,10,0,LTC Properties Pf B,0,0,0
20011023,19225,LTC+B',NYSE,15.15988009,19.29,3,0,LTC Properties Pf B,0,0,0
20011024,19225,LTC+B',NYSE,15.15988009,19.29,52,0,LTC Properties Pf B,0,0,0
20011025,19225,LTC+B',NYSE,15.16773903,19.3,74,0,LTC Properties Pf B,0,0,0
20011026,19225,LTC+B',NYSE,15.40350699,19.6,102,0,LTC Properties Pf B,0,0,0
20011029,19225,LTC+B',NYSE,15.52139097,19.75,15,0,LTC Properties Pf B,0,0,0
20011030,19225,LTC+B',NYSE,15.74748841,19.85,13,0,LTC Properties Pf B,0,0,0
20011031,19225,LTC+B',NYSE,15.74748841,19.85,18,0,LTC Properties Pf B,0,0,0
20011101,19225,LTC+B',NYSE,15.66022273,19.74,20,0,LTC Properties Pf B,0,0,0
20011102,19225,LTC+B',NYSE,15.39049245,19.4,20,0,LTC Properties Pf B,0,0,0
20011105,19225,LTC+B',NYSE,15.62848976,19.7,16,0,LTC Properties Pf B,0,0,0
20011106,19225,LTC+B',NYSE,15.58882354,19.65,18,0,LTC Properties Pf B,0,0,0
20011107,19225,LTC+B',NYSE,15.50949111,19.55,14,0,LTC Properties Pf B,0,0,0
20011108,19225,LTC+B',NYSE,15.54915732,19.6,16,0,LTC Properties Pf B,0,0,0
20011109,19225,LTC+B',NYSE,15.39049245,19.4,63,0,LTC Properties Pf B,0,0,0
20011112,19225,LTC+B',NYSE,15.46982489,19.5,25,0,LTC Properties Pf B,0,0,0
20011113,19225,LTC+B',NYSE,15.66815598,19.75,11,0,LTC Properties Pf B,0,0,0
20011114,19225,LTC+B',NYSE,15.62848976,19.7,13,0,LTC Properties Pf B,0,0,0
20011115,19225,LTC+B',NYSE,15.58882354,19.65,28,0,LTC Properties Pf B,0,0,0
20011116,19225,LTC+B',NYSE,15.70782219,19.8,16,0,LTC Properties Pf B,0,0,0
20011119,19225,LTC+B',NYSE,15.54915732,19.6,43,0,LTC Properties Pf B,0,0,0
20011120,19225,LTC+B',NYSE,15.55709057,19.61,18,0,LTC Properties Pf B,0,0,0
20011121,19225,LTC+B',NYSE,15.58882354,19.65,3,0,LTC Properties Pf B,0,0,0
20011123,19225,LTC+B',NYSE,15.77922139,19.89,14,0,LTC Properties Pf B,0,0,0
20011126,19225,LTC+B',NYSE,15.85062058,19.98,72,0,LTC Properties Pf B,0,0,0
20011127,19225,LTC+B',NYSE,16.10448437,20.3,52,0,LTC Properties Pf B,0,0,0
20011128,19225,LTC+B',NYSE,16.05483849,20.05,66,0,LTC Properties Pf B,0,0,0
20011129,19225,LTC+B',NYSE,16.09487549,20.1,25,0,LTC Properties Pf B,0,0,0
20011130,19225,LTC+B',NYSE,16.2149865,20.25,19,0,LTC Properties Pf B,0,0,0
20011203,19225,LTC+B',NYSE,16.65539354,20.8,22,0,LTC Properties Pf B,0,0,0
20011204,19225,LTC+B',NYSE,16.57531953,20.7,57,0,LTC Properties Pf B,0,0,0
20011205,19225,LTC+B',NYSE,16.57531953,20.7,12,0,LTC Properties Pf B,0,0,0
20011206,19225,LTC+B',NYSE,16.81554156,21,22,0,LTC Properties Pf B,0,0,0
20011207,19225,LTC+B',NYSE,16.61535654,20.75,2,0,LTC Properties Pf B,0,0,0
20011210,19225,LTC+B',NYSE,16.65539354,20.8,6,0,LTC Properties Pf B,0,0,0
20011211,19225,LTC+B',NYSE,16.49524553,20.6,94,0,LTC Properties Pf B,0,0,0
20011212,19225,LTC+B',NYSE,16.41517152,20.5,104,0,LTC Properties Pf B,0,0,0
20011213,19225,LTC+B',NYSE,16.49524553,20.6,14,0,LTC Properties Pf B,0,0,0
20011214,19225,LTC+B',NYSE,16.41517152,20.5,5,0,LTC Properties Pf B,0,0,0
20011217,19225,LTC+B',NYSE,16.73546755,20.9,67,0,LTC Properties Pf B,0,0,0
20011218,19225,LTC+B',NYSE,16.68742315,20.84,17,0,LTC Properties Pf B,0,0,0
20011219,19225,LTC+B',NYSE,16.66340094,20.81,16,0,LTC Properties Pf B,0,0,0
20011220,19225,LTC+B',NYSE,16.63937874,20.78,32,0,LTC Properties Pf B,0,0,0
20011221,19225,LTC+B',NYSE,16.48723813,20.59,69,0,LTC Properties Pf B,0,0,0
20011224,19225,LTC+B',NYSE,16.48723813,20.59,0,0,LTC Properties Pf B,0,0,0
20011226,19225,LTC+B',NYSE,16.45520852,20.55,61,0,LTC Properties Pf B,0,0,0
20011227,19225,LTC+B',NYSE,16.76876421,20.75,17,0,LTC Properties Pf B,0,0,0
20011228,19225,LTC+B',NYSE,16.72835755,20.7,1,0,LTC Properties Pf B,0,0,0
20011231,19225,LTC+B',NYSE,16.72835755,20.7,21,0,LTC Properties Pf B,0,0,0
20020102,19225,LTC+B',NYSE,16.84957753,20.85,73,0,LTC Properties Pf B,0,0,0
20020103,19225,LTC+B',NYSE,16.93039085,20.95,14,0,LTC Properties Pf B,0,0,0
20020104,19225,LTC+B',NYSE,16.88998419,20.9,52,0,LTC Properties Pf B,0,0,0
20020107,19225,LTC+B',NYSE,17.01120418,21.05,36,0,LTC Properties Pf B,0,0,0
20020108,19225,LTC+B',NYSE,17.53649077,21.7,84,0,LTC Properties Pf B,0,0,0
20020109,19225,LTC+B',NYSE,17.69811741,21.9,72,0,LTC Properties Pf B,0,0,0
20020110,19225,LTC+B',NYSE,17.94055737,22.2,16,0,LTC Properties Pf B,0,0,0
20020111,19225,LTC+B',NYSE,17.73852407,21.95,87,0,LTC Properties Pf B,0,0,0
20020114,19225,LTC+B',NYSE,17.69811741,21.9,25,0,LTC Properties Pf B,0,0,0
20020115,19225,LTC+B',NYSE,17.77893073,22,40,0,LTC Properties Pf B,0,0,0
20020116,19225,LTC+B',NYSE,17.61730409,21.8,54,0,LTC Properties Pf B,0,0,0
20020117,19225,LTC+B',NYSE,17.61730409,21.8,37,0,LTC Properties Pf B,0,0,0
20020118,19225,LTC+B',NYSE,17.77893073,22,20,0,LTC Properties Pf B,0,0,0
20020122,19225,LTC+B',NYSE,17.77893073,22,33,0,LTC Properties Pf B,0,0,0
20020123,19225,LTC+B',NYSE,17.98096403,22.25,52,0,LTC Properties Pf B,0,0,0
20020124,19225,LTC+B',NYSE,17.7708494,21.99,27,0,LTC Properties Pf B,0,0,0
20020125,19225,LTC+B',NYSE,17.76276807,21.98,43,0,LTC Properties Pf B,0,0,0
20020128,19225,LTC+B',NYSE,17.7708494,21.99,30,0,LTC Properties Pf B,0,0,0
20020129,19225,LTC+B',NYSE,17.81933739,22.05,54,0,LTC Properties Pf B,0,0,0
20020130,19225,LTC+B',NYSE,17.96442211,22.04,33,0,LTC Properties Pf B,0,0,0
20020131,19225,LTC+B',NYSE,17.9318188,22,39,0,LTC Properties Pf B,0,0,0
20020201,19225,LTC+B',NYSE,17.8095564,21.85,12,0,LTC Properties Pf B,0,0,0
20020204,19225,LTC+B',NYSE,17.85031053,21.9,12,0,LTC Properties Pf B,0,0,0
20020205,19225,LTC+B',NYSE,17.85031053,21.9,6,0,LTC Properties Pf B,0,0,0
20020206,19225,LTC+B',NYSE,17.85031053,21.9,37,0,LTC Properties Pf B,0,0,0
20020207,19225,LTC+B',NYSE,17.85846136,21.91,16,0,LTC Properties Pf B,0,0,0
20020208,19225,LTC+B',NYSE,17.85031053,21.9,9,0,LTC Properties Pf B,0,0,0
20020211,19225,LTC+B',NYSE,18.01332707,22.1,87,0,LTC Properties Pf B,0,0,0
20020212,19225,LTC+B',NYSE,18.00517624,22.09,16,0,LTC Properties Pf B,0,0,0
20020213,19225,LTC+B',NYSE,18.00517624,22.09,26,0,LTC Properties Pf B,0,0,0
20020214,19225,LTC+B',NYSE,18.11928781,22.23,13,0,LTC Properties Pf B,0,0,0
20020215,19225,LTC+B',NYSE,18.09483533,22.2,10,0,LTC Properties Pf B,0,0,0
20020219,19225,LTC+B',NYSE,18.08668451,22.19,6,0,LTC Properties Pf B,0,0,0
20020220,19225,LTC+B',NYSE,17.8095564,21.85,79,0,LTC Properties Pf B,0,0,0
20020221,19225,LTC+B',NYSE,17.687294,21.7,34,0,LTC Properties Pf B,0,0,0
20020222,19225,LTC+B',NYSE,17.45907085,21.42,36,0,LTC Properties Pf B,0,0,0
20020225,19225,LTC+B',NYSE,17.51612664,21.49,38,0,LTC Properties Pf B,0,0,0
20020226,19225,LTC+B',NYSE,17.687294,21.7,44,0,LTC Properties Pf B,0,0,0
20020227,19225,LTC+B',NYSE,18.08853049,22,11,0,LTC Properties Pf B,0,0,0
20020228,19225,LTC+B',NYSE,18.23652756,22.18,44,0,LTC Properties Pf B,0,0,0
20020301,19225,LTC+B',NYSE,18.23652756,22.18,0,0,LTC Properties Pf B,0,0,0
20020304,19225,LTC+B',NYSE,18.12964079,22.05,63,0,LTC Properties Pf B,0,0,0
20020305,19225,LTC+B',NYSE,18.12964079,22.05,79,0,LTC Properties Pf B,0,0,0
20020306,19225,LTC+B',NYSE,18.08853049,22,5,0,LTC Properties Pf B,0,0,0
20020307,19225,LTC+B',NYSE,18.08853049,22,36,0,LTC Properties Pf B,0,0,0
20020308,19225,LTC+B',NYSE,18.23652756,22.18,33,0,LTC Properties Pf B,0,0,0
20020311,19225,LTC+B',NYSE,18.08853049,22,34,0,LTC Properties Pf B,0,0,0
20020312,19225,LTC+B',NYSE,18.25297168,22.2,15,0,LTC Properties Pf B,0,0,0
20020313,19225,LTC+B',NYSE,18.41741286,22.4,7,0,LTC Properties Pf B,0,0,0
20020314,19225,LTC+B',NYSE,18.21186138,22.15,15,0,LTC Properties Pf B,0,0,0
20020315,19225,LTC+B',NYSE,18.08853049,22,10,0,LTC Properties Pf B,0,0,0
20020318,19225,LTC+B',NYSE,18.41741286,22.4,27,0,LTC Properties Pf B,0,0,0
20020319,19225,LTC+B',NYSE,18.41741286,22.4,18,0,LTC Properties Pf B,0,0,0
20020320,19225,LTC+B',NYSE,18.08853049,22,16,0,LTC Properties Pf B,0,0,0
20020321,19225,LTC+B',NYSE,18.22008344,22.16,22,0,LTC Properties Pf B,0,0,0
20020322,19225,LTC+B',NYSE,18.25297168,22.2,1,0,LTC Properties Pf B,0,0,0
20020325,19225,LTC+B',NYSE,18.25297168,22.2,21,0,LTC Properties Pf B,0,0,0
20020326,19225,LTC+B',NYSE,18.25297168,22.2,60,0,LTC Properties Pf B,0,0,0
20020327,19225,LTC+B',NYSE,18.52495854,22.34,14,0,LTC Properties Pf B,0,0,0
20020328,19225,LTC+B',NYSE,18.10205214,21.83,37,0,LTC Properties Pf B,0,0,0
20020401,19225,LTC+B',NYSE,18.19326725,21.94,17,0,LTC Properties Pf B,0,0,0
20020402,19225,LTC+B',NYSE,18.11863671,21.85,7,0,LTC Properties Pf B,0,0,0
20020403,19225,LTC+B',NYSE,18.11034442,21.84,31,0,LTC Properties Pf B,0,0,0
20020404,19225,LTC+B',NYSE,18.19326725,21.94,13,0,LTC Properties Pf B,0,0,0
20020405,19225,LTC+B',NYSE,18.24302094,22,24,0,LTC Properties Pf B,0,0,0
20020408,19225,LTC+B',NYSE,18.25131322,22.01,14,0,LTC Properties Pf B,0,0,0
20020409,19225,LTC+B',NYSE,18.28448235,22.05,31,0,LTC Properties Pf B,0,0,0
20020410,19225,LTC+B',NYSE,18.28448235,22.05,29,0,LTC Properties Pf B,0,0,0
20020411,19225,LTC+B',NYSE,18.25131322,22.01,19,0,LTC Properties Pf B,0,0,0
20020412,19225,LTC+B',NYSE,18.35911289,22.14,51,0,LTC Properties Pf B,0,0,0
20020415,19225,LTC+B',NYSE,18.36740517,22.15,77,0,LTC Properties Pf B,0,0,0
20020416,19225,LTC+B',NYSE,18.40886658,22.2,30,0,LTC Properties Pf B,0,0,0
20020417,19225,LTC+B',NYSE,18.53325082,22.35,63,0,LTC Properties Pf B,0,0,0
20020418,19225,LTC+B',NYSE,18.49178941,22.3,41,0,LTC Properties Pf B,0,0,0
20020419,19225,LTC+B',NYSE,18.450328,22.25,14,0,LTC Properties Pf B,0,0,0
20020422,19225,LTC+B',NYSE,18.65763505,22.5,13,0,LTC Properties Pf B,0,0,0
20020423,19225,LTC+B',NYSE,18.86494211,22.75,6,0,LTC Properties Pf B,0,0,0
20020424,19225,LTC+B',NYSE,18.93957265,22.84,43,0,LTC Properties Pf B,0,0,0
20020425,19225,LTC+B',NYSE,19.32101763,23.3,122,0,LTC Properties Pf B,0,0,0
20020426,19225,LTC+B',NYSE,18.90640352,22.8,18,0,LTC Properties Pf B,0,0,0
20020429,19225,LTC+B',NYSE,18.86292515,22.56,86,0,LTC Properties Pf B,0,0,0
20020430,19225,LTC+B',NYSE,19.10540069,22.85,7,0,LTC Properties Pf B,0,0,0
20020501,19225,LTC+B',NYSE,18.97998231,22.7,8,0,LTC Properties Pf B,0,0,0
20020502,19225,LTC+B',NYSE,18.97998231,22.7,32,0,LTC Properties Pf B,0,0,0
20020503,19225,LTC+B',NYSE,18.97998231,22.7,2,0,LTC Properties Pf B,0,0,0
20020506,19225,LTC+B',NYSE,19.08867824,22.83,36,0,LTC Properties Pf B,0,0,0
20020507,19225,LTC+B',NYSE,19.2057354,22.97,39,0,LTC Properties Pf B,0,0,0
20020508,19225,LTC+B',NYSE,19.10540069,22.85,41,0,LTC Properties Pf B,0,0,0
20020509,19225,LTC+B',NYSE,19.10540069,22.85,38,0,LTC Properties Pf B,0,0,0
20020510,19225,LTC+B',NYSE,19.14720682,22.9,2,0,LTC Properties Pf B,0,0,0
20020513,19225,LTC+B',NYSE,19.38132114,23.18,20,0,LTC Properties Pf B,0,0,0
20020514,19225,LTC+B',NYSE,19.31443133,23.1,11,0,LTC Properties Pf B,0,0,0
20020515,19225,LTC+B',NYSE,19.35623746,23.15,28,0,LTC Properties Pf B,0,0,0
20020516,19225,LTC+B',NYSE,19.38968236,23.19,23,0,LTC Properties Pf B,0,0,0
20020517,19225,LTC+B',NYSE,19.38968236,23.19,16,0,LTC Properties Pf B,0,0,0
20020520,19225,LTC+B',NYSE,19.64888036,23.5,35,0,LTC Properties Pf B,0,0,0
20020521,19225,LTC+B',NYSE,19.48165585,23.3,36,0,LTC Properties Pf B,0,0,0
20020522,19225,LTC+B',NYSE,19.48165585,23.3,18,0,LTC Properties Pf B,0,0,0
20020523,19225,LTC+B',NYSE,19.48165585,23.3,16,0,LTC Properties Pf B,0,0,0
20020524,19225,LTC+B',NYSE,19.48165585,23.3,12,0,LTC Properties Pf B,0,0,0
20020528,19225,LTC+B',NYSE,19.48165585,23.3,37,0,LTC Properties Pf B,0,0,0
20020529,19225,LTC+B',NYSE,19.63169629,23.29,5,0,LTC Properties Pf B,0,0,0
20020530,19225,LTC+B',NYSE,19.59797934,23.25,6,0,LTC Properties Pf B,0,0,0
20020531,19225,LTC+B',NYSE,19.64012553,23.3,30,0,LTC Properties Pf B,0,0,0
20020603,19225,LTC+B',NYSE,19.59797934,23.25,34,0,LTC Properties Pf B,0,0,0
20020604,19225,LTC+B',NYSE,19.5895501,23.24,7,0,LTC Properties Pf B,0,0,0
20020605,19225,LTC+B',NYSE,19.59797934,23.25,42,0,LTC Properties Pf B,0,0,0
20020606,19225,LTC+B',NYSE,19.59797934,23.25,11,0,LTC Properties Pf B,0,0,0
20020607,19225,LTC+B',NYSE,19.51368695,23.15,19,0,LTC Properties Pf B,0,0,0
20020610,19225,LTC+B',NYSE,19.54740391,23.19,47,0,LTC Properties Pf B,0,0,0
20020611,19225,LTC+B',NYSE,19.50525771,23.14,2,0,LTC Properties Pf B,0,0,0
20020612,19225,LTC+B',NYSE,19.51368695,23.15,20,0,LTC Properties Pf B,0,0,0
20020613,19225,LTC+B',NYSE,19.51368695,23.15,0,0,LTC Properties Pf B,0,0,0
20020614,19225,LTC+B',NYSE,19.39567761,23.01,36,0,LTC Properties Pf B,0,0,0
20020617,19225,LTC+B',NYSE,19.47997,23.11,25,0,LTC Properties Pf B,0,0,0
20020618,19225,LTC+B',NYSE,19.47154076,23.1,9,0,LTC Properties Pf B,0,0,0
20020619,19225,LTC+B',NYSE,19.50525771,23.14,33,0,LTC Properties Pf B,0,0,0
20020620,19225,LTC+B',NYSE,19.55583314,23.2,31,0,LTC Properties Pf B,0,0,0
20020621,19225,LTC+B',NYSE,19.42096533,23.04,33,0,LTC Properties Pf B,0,0,0
20020624,19225,LTC+B',NYSE,19.46311152,23.09,13,0,LTC Properties Pf B,0,0,0
20020625,19225,LTC+B',NYSE,19.45468228,23.08,26,0,LTC Properties Pf B,0,0,0
20020626,19225,LTC+B',NYSE,19.37881914,22.99,163,0,LTC Properties Pf B,0,0,0
20020627,19225,LTC+B',NYSE,19.53009665,22.98,33,0,LTC Properties Pf B,0,0,0
20020628,19225,LTC+B',NYSE,19.54709412,23,21,0,LTC Properties Pf B,0,0,0
20020701,19225,LTC+B',NYSE,19.61508401,23.08,22,0,LTC Properties Pf B,0,0,0
20020702,19225,LTC+B',NYSE,19.61508401,23.08,6,0,LTC Properties Pf B,0,0,0
20020703,19225,LTC+B',NYSE,19.58108907,23.04,38,0,LTC Properties Pf B,0,0,0
20020705,19225,LTC+B',NYSE,19.56409159,23.02,15,0,LTC Properties Pf B,0,0,0
20020708,19225,LTC+B',NYSE,19.56409159,23.02,0,0,LTC Properties Pf B,0,0,0
20020709,19225,LTC+B',NYSE,19.60658528,23.07,1,0,LTC Properties Pf B,0,0,0
20020710,19225,LTC+B',NYSE,19.54709412,23,24,0,LTC Properties Pf B,0,0,0
20020711,19225,LTC+B',NYSE,19.69157264,23.17,6,0,LTC Properties Pf B,0,0,0
20020712,19225,LTC+B',NYSE,19.54709412,23,72,0,LTC Properties Pf B,0,0,0
20020715,19225,LTC+B',NYSE,19.36862065,22.79,106,0,LTC Properties Pf B,0,0,0
20020716,19225,LTC+B',NYSE,19.4961017,22.94,19,0,LTC Properties Pf B,0,0,0
20020717,19225,LTC+B',NYSE,19.51309918,22.96,6,0,LTC Properties Pf B,0,0,0
20020718,19225,LTC+B',NYSE,18.95218256,22.3,115,0,LTC Properties Pf B,0,0,0
20020719,19225,LTC+B',NYSE,18.90968888,22.25,61,0,LTC Properties Pf B,0,0,0
20020722,19225,LTC+B',NYSE,18.22978995,21.45,127,0,LTC Properties Pf B,0,0,0
20020723,19225,LTC+B',NYSE,17.08246052,20.1,166,0,LTC Properties Pf B,0,0,0
20020724,19225,LTC+B',NYSE,16.74251105,19.7,427,0,LTC Properties Pf B,0,0,0
20020725,19225,LTC+B',NYSE,17.33742261,20.4,211,0,LTC Properties Pf B,0,0,0
20020726,19225,LTC+B',NYSE,17.42240998,20.5,34,0,LTC Properties Pf B,0,0,0
20020729,19225,LTC+B',NYSE,18.1023089,21.3,105,0,LTC Properties Pf B,0,0,0
20020730,19225,LTC+B',NYSE,18.85514271,21.99,42,0,LTC Properties Pf B,0,0,0
20020731,19225,LTC+B',NYSE,18.78654737,21.91,42,0,LTC Properties Pf B,0,0,0
20020801,19225,LTC+B',NYSE,18.56361253,21.65,17,0,LTC Properties Pf B,0,0,0
20020802,19225,LTC+B',NYSE,18.22063586,21.25,26,0,LTC Properties Pf B,0,0,0
20020805,19225,LTC+B',NYSE,18.41784745,21.48,40,0,LTC Properties Pf B,0,0,0
20020806,19225,LTC+B',NYSE,18.43499628,21.5,135,0,LTC Properties Pf B,0,0,0
20020807,19225,LTC+B',NYSE,18.43499628,21.5,26,0,LTC Properties Pf B,0,0,0
20020808,19225,LTC+B',NYSE,18.82941946,21.96,35,0,LTC Properties Pf B,0,0,0
20020809,19225,LTC+B',NYSE,18.6493567,21.75,48,0,LTC Properties Pf B,0,0,0
20020812,19225,LTC+B',NYSE,18.67507995,21.78,35,0,LTC Properties Pf B,0,0,0
20020813,19225,LTC+B',NYSE,18.82941946,21.96,6,0,LTC Properties Pf B,0,0,0
20020814,19225,LTC+B',NYSE,18.69222879,21.8,19,0,LTC Properties Pf B,0,0,0
20020815,19225,LTC+B',NYSE,18.60648462,21.7,15,0,LTC Properties Pf B,0,0,0
20020816,19225,LTC+B',NYSE,18.60648462,21.7,9,0,LTC Properties Pf B,0,0,0
20020819,19225,LTC+B',NYSE,18.45214511,21.52,37,0,LTC Properties Pf B,0,0,0
20020820,19225,LTC+B',NYSE,18.52074045,21.6,33,0,LTC Properties Pf B,0,0,0
20020821,19225,LTC+B',NYSE,18.6493567,21.75,6,0,LTC Properties Pf B,0,0,0
20020822,19225,LTC+B',NYSE,18.6493567,21.75,0,0,LTC Properties Pf B,0,0,0
20020823,19225,LTC+B',NYSE,18.84656829,21.98,1,0,LTC Properties Pf B,0,0,0
20020826,19225,LTC+B',NYSE,18.97518454,22.13,27,0,LTC Properties Pf B,0,0,0
20020827,19225,LTC+B',NYSE,18.98375896,22.14,6,0,LTC Properties Pf B,0,0,0
20020828,19225,LTC+B',NYSE,19.15498638,22.15,82,0,LTC Properties Pf B,0,0,0
20020829,19225,LTC+B',NYSE,19.63061809,22.7,23,0,LTC Properties Pf B,0,0,0
20020830,19225,LTC+B',NYSE,19.63061809,22.7,0,0,LTC Properties Pf B,0,0,0
20020903,19225,LTC+B',NYSE,19.01662079,21.99,40,0,LTC Properties Pf B,0,0,0
20020904,19225,LTC+B',NYSE,19.37118261,22.4,10,0,LTC Properties Pf B,0,0,0
20020905,19225,LTC+B',NYSE,19.4576611,22.5,30,0,LTC Properties Pf B,0,0,0
20020906,19225,LTC+B',NYSE,19.55278745,22.61,6,0,LTC Properties Pf B,0,0,0
20020909,19225,LTC+B',NYSE,19.44901326,22.49,21,0,LTC Properties Pf B,0,0,0
20020910,19225,LTC+B',NYSE,19.44901326,22.49,22,0,LTC Properties Pf B,0,0,0
20020911,19225,LTC+B',NYSE,19.28470412,22.3,148,0,LTC Properties Pf B,0,0,0
20020912,19225,LTC+B',NYSE,19.4576611,22.5,2,0,LTC Properties Pf B,0,0,0
20020913,19225,LTC+B',NYSE,19.4576611,22.5,7,0,LTC Properties Pf B,0,0,0
20020916,19225,LTC+B',NYSE,19.4576611,22.5,22,0,LTC Properties Pf B,0,0,0
20020917,19225,LTC+B',NYSE,19.24146487,22.25,16,0,LTC Properties Pf B,0,0,0
20020918,19225,LTC+B',NYSE,19.37118261,22.4,28,0,LTC Properties Pf B,0,0,0
20020919,19225,LTC+B',NYSE,19.44901326,22.49,151,0,LTC Properties Pf B,0,0,0
20020920,19225,LTC+B',NYSE,19.4576611,22.5,57,0,LTC Properties Pf B,0,0,0
20020923,19225,LTC+B',NYSE,19.4576611,22.5,15,0,LTC Properties Pf B,0,0,0
20020924,19225,LTC+B',NYSE,19.46630895,22.51,14,0,LTC Properties Pf B,0,0,0
20020925,19225,LTC+B',NYSE,19.46630895,22.51,3,0,LTC Properties Pf B,0,0,0
20020926,19225,LTC+B',NYSE,19.41442186,22.45,81,0,LTC Properties Pf B,0,0,0
20020927,19225,LTC+B',NYSE,19.62197879,22.5,2,0,LTC Properties Pf B,0,0,0
20020930,19225,LTC+B',NYSE,19.62197879,22.5,23,0,LTC Properties Pf B,0,0,0
20021001,19225,LTC+B',NYSE,19.62197879,22.5,15,0,LTC Properties Pf B,0,0,0
20021002,19225,LTC+B',NYSE,19.61325791,22.49,11,0,LTC Properties Pf B,0,0,0
20021003,19225,LTC+B',NYSE,19.36035241,22.2,127,0,LTC Properties Pf B,0,0,0
20021004,19225,LTC+B',NYSE,19.4039568,22.25,53,0,LTC Properties Pf B,0,0,0
20021007,19225,LTC+B',NYSE,19.61325791,22.49,3,0,LTC Properties Pf B,0,0,0
20021008,19225,LTC+B',NYSE,19.27314361,22.1,52,0,LTC Properties Pf B,0,0,0
20021009,19225,LTC+B',NYSE,17.8341985,20.45,173,0,LTC Properties Pf B,0,0,0
20021010,19225,LTC+B',NYSE,17.8778029,20.5,161,0,LTC Properties Pf B,0,0,0
20021011,19225,LTC+B',NYSE,18.57547325,21.3,112,0,LTC Properties Pf B,0,0,0
20021014,19225,LTC+B',NYSE,18.74989084,21.5,88,0,LTC Properties Pf B,0,0,0
20021015,19225,LTC+B',NYSE,18.92430843,21.7,26,0,LTC Properties Pf B,0,0,0
20021016,19225,LTC+B',NYSE,18.92430843,21.7,0,0,LTC Properties Pf B,0,0,0
20021017,19225,LTC+B',NYSE,18.92430843,21.7,23,0,LTC Properties Pf B,0,0,0
20021018,19225,LTC+B',NYSE,18.05222049,20.7,84,0,LTC Properties Pf B,0,0,0
20021021,19225,LTC+B',NYSE,17.96501169,20.6,7,0,LTC Properties Pf B,0,0,0
20021022,19225,LTC+B',NYSE,18.09582488,20.75,54,0,LTC Properties Pf B,0,0,0
20021023,19225,LTC+B',NYSE,18.09582488,20.75,26,0,LTC Properties Pf B,0,0,0
20021024,19225,LTC+B',NYSE,16.79641384,19.26,103,0,LTC Properties Pf B,0,0,0
20021025,19225,LTC+B',NYSE,17.86908202,20.49,91,0,LTC Properties Pf B,0,0,0
20021028,19225,LTC+B',NYSE,16.65687977,19.1,120,0,LTC Properties Pf B,0,0,0
20021029,19225,LTC+B',NYSE,16.40397427,18.81,26,0,LTC Properties Pf B,0,0,0
20021030,19225,LTC+B',NYSE,16.51672847,18.75,57,0,LTC Properties Pf B,0,0,0
20021031,19225,LTC+B',NYSE,16.58719984,18.83,25,0,LTC Properties Pf B,0,0,0
20021101,19225,LTC+B',NYSE,16.6488623,18.9,42,0,LTC Properties Pf B,0,0,0
20021104,19225,LTC+B',NYSE,17.27429575,19.61,40,0,LTC Properties Pf B,0,0,0
20021105,19225,LTC+B',NYSE,18.05828979,20.5,54,0,LTC Properties Pf B,0,0,0
20021106,19225,LTC+B',NYSE,18.76300354,21.3,92,0,LTC Properties Pf B,0,0,0
20021107,19225,LTC+B',NYSE,18.93918198,21.5,23,0,LTC Properties Pf B,0,0,0
20021108,19225,LTC+B',NYSE,18.71895893,21.25,2,0,LTC Properties Pf B,0,0,0
20021111,19225,LTC+B',NYSE,18.71895893,21.25,9,0,LTC Properties Pf B,0,0,0
20021112,19225,LTC+B',NYSE,18.27851284,20.75,24,0,LTC Properties Pf B,0,0,0
20021113,19225,LTC+B',NYSE,18.12876117,20.58,49,0,LTC Properties Pf B,0,0,0
20021114,19225,LTC+B',NYSE,18.05828979,20.5,9,0,LTC Properties Pf B,0,0,0
20021115,19225,LTC+B',NYSE,18.01424518,20.45,23,0,LTC Properties Pf B,0,0,0
20021118,19225,LTC+B',NYSE,17.83806674,20.25,10,0,LTC Properties Pf B,0,0,0
20021119,19225,LTC+B',NYSE,17.91734704,20.34,87,0,LTC Properties Pf B,0,0,0
20021120,19225,LTC+B',NYSE,18.01424518,20.45,7,0,LTC Properties Pf B,0,0,0
20021121,19225,LTC+B',NYSE,17.97020057,20.4,14,0,LTC Properties Pf B,0,0,0
20021122,19225,LTC+B',NYSE,18.06709871,20.51,7,0,LTC Properties Pf B,0,0,0
20021125,19225,LTC+B',NYSE,18.07590763,20.52,23,0,LTC Properties Pf B,0,0,0
20021126,19225,LTC+B',NYSE,18.89204393,21.25,74,0,LTC Properties Pf B,0,0,0
20021127,19225,LTC+B',NYSE,18.89204393,21.25,26,0,LTC Properties Pf B,0,0,0
20021129,19225,LTC+B',NYSE,19.11430327,21.5,1,0,LTC Properties Pf B,0,0,0
20021202,19225,LTC+B',NYSE,19.24765888,21.65,12,0,LTC Properties Pf B,0,0,0
20021203,19225,LTC+B',NYSE,19.11430327,21.5,27,0,LTC Properties Pf B,0,0,0
20021204,19225,LTC+B',NYSE,19.29211075,21.7,4,0,LTC Properties Pf B,0,0,0
20021205,19225,LTC+B',NYSE,19.46991822,21.9,1,0,LTC Properties Pf B,0,0,0
20021206,19225,LTC+B',NYSE,19.54993158,21.99,3,0,LTC Properties Pf B,0,0,0
20021209,19225,LTC+B',NYSE,19.54104121,21.98,9,0,LTC Properties Pf B,0,0,0
20021210,19225,LTC+B',NYSE,19.46991822,21.9,15,0,LTC Properties Pf B,0,0,0
20021211,19225,LTC+B',NYSE,19.46991822,21.9,0,0,LTC Properties Pf B,0,0,0
20021212,19225,LTC+B',NYSE,19.46991822,21.9,60,0,LTC Properties Pf B,0,0,0
20021213,19225,LTC+B',NYSE,19.46991822,21.9,30,0,LTC Properties Pf B,0,0,0
20021216,19225,LTC+B',NYSE,19.49658934,21.93,34,0,LTC Properties Pf B,0,0,0
20021217,19225,LTC+B',NYSE,19.46102784,21.89,2,0,LTC Properties Pf B,0,0,0
20021218,19225,LTC+B',NYSE,19.28322037,21.69,11,0,LTC Properties Pf B,0,0,0
20021219,19225,LTC+B',NYSE,19.33656261,21.75,36,0,LTC Properties Pf B,0,0,0
20021220,19225,LTC+B',NYSE,19.33656261,21.75,28,0,LTC Properties Pf B,0,0,0
20021223,19225,LTC+B',NYSE,19.41657598,21.84,11,0,LTC Properties Pf B,0,0,0
20021224,19225,LTC+B',NYSE,19.42546635,21.85,18,0,LTC Properties Pf B,0,0,0
20021226,19225,LTC+B',NYSE,19.42546635,21.85,0,0,LTC Properties Pf B,0,0,0
20021227,19225,LTC+B',NYSE,19.45954297,21.7,11,0,LTC Properties Pf B,0,0,0
20021230,19225,LTC+B',NYSE,19.41470531,21.65,12,0,LTC Properties Pf B,0,0,0
20021231,19225,LTC+B',NYSE,19.48644556,21.73,17,0,LTC Properties Pf B,0,0,0
20030102,19225,LTC+B',NYSE,19.62095853,21.88,19,0,LTC Properties Pf B,0,0,0
20030103,19225,LTC+B',NYSE,19.611991,21.87,17,0,LTC Properties Pf B,0,0,0
20030106,19225,LTC+B',NYSE,19.611991,21.87,6,0,LTC Properties Pf B,0,0,0
20030107,19225,LTC+B',NYSE,19.611991,21.87,8,0,LTC Properties Pf B,0,0,0
20030108,19225,LTC+B',NYSE,19.63889359,21.9,28,0,LTC Properties Pf B,0,0,0
20030109,19225,LTC+B',NYSE,19.71063385,21.98,113,0,LTC Properties Pf B,0,0,0
20030110,19225,LTC+B',NYSE,19.80030916,22.08,33,0,LTC Properties Pf B,0,0,0
20030113,19225,LTC+B',NYSE,19.77340656,22.05,13,0,LTC Properties Pf B,0,0,0
20030114,19225,LTC+B',NYSE,19.90791953,22.2,22,0,LTC Properties Pf B,0,0,0
20030115,19225,LTC+B',NYSE,19.90791953,22.2,0,0,LTC Properties Pf B,0,0,0
20030116,19225,LTC+B',NYSE,19.90791953,22.2,43,0,LTC Properties Pf B,0,0,0
20030117,19225,LTC+B',NYSE,19.83617928,22.12,48,0,LTC Properties Pf B,0,0,0
20030121,19225,LTC+B',NYSE,19.90791953,22.2,18,0,LTC Properties Pf B,0,0,0
20030122,19225,LTC+B',NYSE,19.99759485,22.3,9,0,LTC Properties Pf B,0,0,0
20030123,19225,LTC+B',NYSE,19.86308188,22.15,4,0,LTC Properties Pf B,0,0,0
20030124,19225,LTC+B',NYSE,19.7823741,22.06,22,0,LTC Properties Pf B,0,0,0
20030127,19225,LTC+B',NYSE,19.63889359,21.9,22,0,LTC Properties Pf B,0,0,0
20030128,19225,LTC+B',NYSE,19.64786113,21.91,25,0,LTC Properties Pf B,0,0,0
20030129,19225,LTC+B',NYSE,19.67318753,21.75,15,0,LTC Properties Pf B,0,0,0
20030130,19225,LTC+B',NYSE,19.67318753,21.75,4,0,LTC Properties Pf B,0,0,0
20030131,19225,LTC+B',NYSE,19.89931612,22,46,0,LTC Properties Pf B,0,0,0
20030203,19225,LTC+B',NYSE,19.89931612,22,0,0,LTC Properties Pf B,0,0,0
20030204,19225,LTC+B',NYSE,19.89931612,22,40,0,LTC Properties Pf B,0,0,0
20030205,19225,LTC+B',NYSE,20.08021899,22.2,28,0,LTC Properties Pf B,0,0,0
20030206,19225,LTC+B',NYSE,20.12544471,22.25,55,0,LTC Properties Pf B,0,0,0
20030207,19225,LTC+B',NYSE,20.03499328,22.15,27,0,LTC Properties Pf B,0,0,0
20030210,19225,LTC+B',NYSE,19.40183322,21.45,65,0,LTC Properties Pf B,0,0,0
20030211,19225,LTC+B',NYSE,19.2118852,21.24,28,0,LTC Properties Pf B,0,0,0
20030212,19225,LTC+B',NYSE,18.85007945,20.84,62,0,LTC Properties Pf B,0,0,0
20030213,19225,LTC+B',NYSE,17.91842965,19.81,151,0,LTC Properties Pf B,0,0,0
20030214,19225,LTC+B',NYSE,18.45209313,20.4,65,0,LTC Properties Pf B,0,0,0
20030218,19225,LTC+B',NYSE,18.99480175,21,49,0,LTC Properties Pf B,0,0,0
20030219,19225,LTC+B',NYSE,19.22093034,21.25,31,0,LTC Properties Pf B,0,0,0
20030220,19225,LTC+B',NYSE,19.2118852,21.24,20,0,LTC Properties Pf B,0,0,0
20030221,19225,LTC+B',NYSE,19.0038469,21.01,10,0,LTC Properties Pf B,0,0,0
20030224,19225,LTC+B',NYSE,18.99480175,21,77,0,LTC Properties Pf B,0,0,0
20030225,19225,LTC+B',NYSE,19.16665948,21.19,21,0,LTC Properties Pf B,0,0,0
20030226,19225,LTC+B',NYSE,19.39298705,21.25,4,0,LTC Properties Pf B,0,0,0
20030227,19225,LTC+B',NYSE,19.57550928,21.45,11,0,LTC Properties Pf B,0,0,0
20030228,19225,LTC+B',NYSE,19.71240095,21.6,5,0,LTC Properties Pf B,0,0,0
20030303,19225,LTC+B',NYSE,19.89492318,21.8,30,0,LTC Properties Pf B,0,0,0
20030304,19225,LTC+B',NYSE,20.07744541,22,19,0,LTC Properties Pf B,0,0,0
20030305,19225,LTC+B',NYSE,20.16870653,22.1,4,0,LTC Properties Pf B,0,0,0
20030306,19225,LTC+B',NYSE,20.20521098,22.14,10,0,LTC Properties Pf B,0,0,0
20030307,19225,LTC+B',NYSE,20.20521098,22.14,2,0,LTC Properties Pf B,0,0,0
20030310,19225,LTC+B',NYSE,20.21433709,22.15,15,0,LTC Properties Pf B,0,0,0
20030311,19225,LTC+B',NYSE,20.15958042,22.09,14,0,LTC Properties Pf B,0,0,0
20030312,19225,LTC+B',NYSE,20.15045431,22.08,1,0,LTC Properties Pf B,0,0,0
20030313,19225,LTC+B',NYSE,20.16870653,22.1,7,0,LTC Properties Pf B,0,0,0
20030314,19225,LTC+B',NYSE,20.21433709,22.15,9,0,LTC Properties Pf B,0,0,0
20030317,19225,LTC+B',NYSE,20.12307597,22.05,5,0,LTC Properties Pf B,0,0,0
20030318,19225,LTC+B',NYSE,20.24171542,22.18,38,0,LTC Properties Pf B,0,0,0
20030319,19225,LTC+B',NYSE,20.24171542,22.18,3,0,LTC Properties Pf B,0,0,0
20030320,19225,LTC+B',NYSE,20.07744541,22,31,0,LTC Properties Pf B,0,0,0
20030321,19225,LTC+B',NYSE,20.23258931,22.17,25,0,LTC Properties Pf B,0,0,0
20030324,19225,LTC+B',NYSE,20.21433709,22.15,5,0,LTC Properties Pf B,0,0,0
20030325,19225,LTC+B',NYSE,20.25996765,22.2,37,0,LTC Properties Pf B,0,0,0
20030326,19225,LTC+B',NYSE,20.21433709,22.15,4,0,LTC Properties Pf B,0,0,0
20030327,19225,LTC+B',NYSE,20.16870653,22.1,18,0,LTC Properties Pf B,0,0,0
20030328,19225,LTC+B',NYSE,20.51663329,22.29,7,0,LTC Properties Pf B,0,0,0
20030331,19225,LTC+B',NYSE,20.50742887,22.28,25,0,LTC Properties Pf B,0,0,0
20030401,19225,LTC+B',NYSE,20.5258377,22.3,25,0,LTC Properties Pf B,0,0,0
20030402,19225,LTC+B',NYSE,20.47061123,22.24,9,0,LTC Properties Pf B,0,0,0
20030403,19225,LTC+B',NYSE,20.47061123,22.24,14,0,LTC Properties Pf B,0,0,0
20030404,19225,LTC+B',NYSE,20.47981564,22.25,18,0,LTC Properties Pf B,0,0,0
20030407,19225,LTC+B',NYSE,20.6086774,22.39,26,0,LTC Properties Pf B,0,0,0
20030408,19225,LTC+B',NYSE,20.5258377,22.3,36,0,LTC Properties Pf B,0,0,0
20030409,19225,LTC+B',NYSE,20.5258377,22.3,0,0,LTC Properties Pf B,0,0,0
20030410,19225,LTC+B',NYSE,20.42458917,22.19,17,0,LTC Properties Pf B,0,0,0
20030411,19225,LTC+B',NYSE,20.56265534,22.34,27,0,LTC Properties Pf B,0,0,0
20030414,19225,LTC+B',NYSE,20.56265534,22.34,92,0,LTC Properties Pf B,0,0,0
20030415,19225,LTC+B',NYSE,20.94003622,22.75,76,0,LTC Properties Pf B,0,0,0
20030416,19225,LTC+B',NYSE,21.26219062,23.1,71,0,LTC Properties Pf B,0,0,0
20030417,19225,LTC+B',NYSE,21.53832297,23.4,67,0,LTC Properties Pf B,0,0,0
20030421,19225,LTC+B',NYSE,21.76843325,23.65,96,0,LTC Properties Pf B,0,0,0
20030422,19225,LTC+B',NYSE,21.7224112,23.6,65,0,LTC Properties Pf B,0,0,0
20030423,19225,LTC+B',NYSE,21.63036708,23.5,15,0,LTC Properties Pf B,0,0,0
20030424,19225,LTC+B',NYSE,21.69479796,23.57,41,0,LTC Properties Pf B,0,0,0
20030425,19225,LTC+B',NYSE,21.7224112,23.6,27,0,LTC Properties Pf B,0,0,0
20030428,19225,LTC+B',NYSE,21.81445531,23.7,76,0,LTC Properties Pf B,0,0,0
20030429,19225,LTC+B',NYSE,22.17444207,23.9,66,0,LTC Properties Pf B,0,0,0
20030430,19225,LTC+B',NYSE,22.22083212,23.95,93,0,LTC Properties Pf B,0,0,0
20030501,19225,LTC+B',NYSE,22.12805202,23.85,44,0,LTC Properties Pf B,0,0,0
20030502,19225,LTC+B',NYSE,22.49917239,24.25,81,0,LTC Properties Pf B,0,0,0
20030505,19225,LTC+B',NYSE,22.49917239,24.25,38,0,LTC Properties Pf B,0,0,0
20030506,19225,LTC+B',NYSE,22.32289022,24.06,78,0,LTC Properties Pf B,0,0,0
20030507,19225,LTC+B',NYSE,22.26722216,24,169,0,LTC Properties Pf B,0,0,0
20030508,19225,LTC+B',NYSE,22.36000225,24.1,96,0,LTC Properties Pf B,0,0,0
20030509,19225,LTC+B',NYSE,22.68473258,24.45,65,0,LTC Properties Pf B,0,0,0
20030512,19225,LTC+B',NYSE,22.49917239,24.25,84,0,LTC Properties Pf B,0,0,0
20030513,19225,LTC+B',NYSE,22.45278235,24.2,73,0,LTC Properties Pf B,0,0,0
20030514,19225,LTC+B',NYSE,22.91668281,24.7,38,0,LTC Properties Pf B,0,0,0
20030515,19225,LTC+B',NYSE,22.74040063,24.51,23,0,LTC Properties Pf B,0,0,0
20030516,19225,LTC+B',NYSE,22.84245873,24.62,25,0,LTC Properties Pf B,0,0,0
20030519,19225,LTC+B',NYSE,22.88884878,24.67,42,0,LTC Properties Pf B,0,0,0
20030520,19225,LTC+B',NYSE,23.01874091,24.81,79,0,LTC Properties Pf B,0,0,0
20030521,19225,LTC+B',NYSE,22.83318072,24.61,87,0,LTC Properties Pf B,0,0,0
20030522,19225,LTC+B',NYSE,23.13935503,24.94,67,0,LTC Properties Pf B,0,0,0
20030523,19225,LTC+B',NYSE,23.0094629,24.8,57,0,LTC Properties Pf B,0,0,0
20030527,19225,LTC+B',NYSE,23.18574508,24.99,23,0,LTC Properties Pf B,0,0,0
20030528,19225,LTC+B',NYSE,22.99690867,24.6,61,0,LTC Properties Pf B,0,0,0
20030529,19225,LTC+B',NYSE,23.13713372,24.75,60,0,LTC Properties Pf B,0,0,0
20030530,19225,LTC+B',NYSE,23.06234703,24.67,13,0,LTC Properties Pf B,0,0,0
20030602,19225,LTC+B',NYSE,23.09039204,24.7,29,0,LTC Properties Pf B,0,0,0
20030603,19225,LTC+B',NYSE,23.09974038,24.71,10,0,LTC Properties Pf B,0,0,0
20030604,19225,LTC+B',NYSE,23.27735878,24.9,75,0,LTC Properties Pf B,0,0,0
20030605,19225,LTC+B',NYSE,23.34279713,24.97,5,0,LTC Properties Pf B,0,0,0
20030606,19225,LTC+B',NYSE,23.32410046,24.95,7,0,LTC Properties Pf B,0,0,0
20030609,19225,LTC+B',NYSE,23.3334488,24.96,16,0,LTC Properties Pf B,0,0,0
20030610,19225,LTC+B',NYSE,23.35214547,24.98,39,0,LTC Properties Pf B,0,0,0
20030611,19225,LTC+B',NYSE,23.44562884,25.08,35,0,LTC Properties Pf B,0,0,0
20030612,19225,LTC+B',NYSE,23.46432551,25.1,18,0,LTC Properties Pf B,0,0,0
20030613,19225,LTC+B',NYSE,23.55780888,25.2,2,0,LTC Properties Pf B,0,0,0
20030616,19225,LTC+B',NYSE,23.46432551,25.1,16,0,LTC Properties Pf B,0,0,0
20030617,19225,LTC+B',NYSE,23.49237052,25.13,19,0,LTC Properties Pf B,0,0,0
20030618,19225,LTC+B',NYSE,23.49237052,25.13,7,0,LTC Properties Pf B,0,0,0
20030619,19225,LTC+B',NYSE,23.49237052,25.13,18,0,LTC Properties Pf B,0,0,0
20030620,19225,LTC+B',NYSE,23.5110672,25.15,2,0,LTC Properties Pf B,0,0,0
20030623,19225,LTC+B',NYSE,23.38019048,25.01,30,0,LTC Properties Pf B,0,0,0
20030624,19225,LTC+B',NYSE,23.37084215,25,86,0,LTC Properties Pf B,0,0,0
20030625,19225,LTC+B',NYSE,23.40823549,25.04,9,0,LTC Properties Pf B,0,0,0
20030626,19225,LTC+B',NYSE,23.40823549,25.04,33,0,LTC Properties Pf B,0,0,0
20030627,19225,LTC+B',NYSE,23.54763751,25,22,0,LTC Properties Pf B,0,0,0
20030630,19225,LTC+B',NYSE,23.64182806,25.1,72,0,LTC Properties Pf B,0,0,0
20030701,19225,LTC+B',NYSE,23.632409,25.09,22,0,LTC Properties Pf B,0,0,0
20030702,19225,LTC+B',NYSE,23.69834239,25.16,16,0,LTC Properties Pf B,0,0,0
20030703,19225,LTC+B',NYSE,23.54763751,25,30,0,LTC Properties Pf B,0,0,0
20030707,19225,LTC+B',NYSE,23.54763751,25,42,0,LTC Properties Pf B,0,0,0
20030708,19225,LTC+B',NYSE,23.72659955,25.19,39,0,LTC Properties Pf B,0,0,0
20030709,19225,LTC+B',NYSE,23.64182806,25.1,23,0,LTC Properties Pf B,0,0,0
20030710,19225,LTC+B',NYSE,23.54763751,25,17,0,LTC Properties Pf B,0,0,0
20030711,19225,LTC+B',NYSE,23.67950428,25.14,16,0,LTC Properties Pf B,0,0,0
20030714,19225,LTC+B',NYSE,23.73601861,25.2,46,0,LTC Properties Pf B,0,0,0
20030715,19225,LTC+B',NYSE,23.64182806,25.1,34,0,LTC Properties Pf B,0,0,0
20030716,19225,LTC+B',NYSE,23.92439971,25.4,4,0,LTC Properties Pf B,0,0,0
20030717,19225,LTC+B',NYSE,23.64182806,25.1,94,0,LTC Properties Pf B,0,0,0
20030718,19225,LTC+B',NYSE,23.89614254,25.37,32,0,LTC Properties Pf B,0,0,0
20030721,19225,LTC+B',NYSE,23.87730443,25.35,15,0,LTC Properties Pf B,0,0,0
20030722,19225,LTC+B',NYSE,23.78311388,25.25,2,0,LTC Properties Pf B,0,0,0
20030723,19225,LTC+B',NYSE,23.78311388,25.25,21,0,LTC Properties Pf B,0,0,0
20030724,19225,LTC+B',NYSE,23.72659955,25.19,21,0,LTC Properties Pf B,0,0,0
20030725,19225,LTC+B',NYSE,23.72659955,25.19,2,0,LTC Properties Pf B,0,0,0
20030728,19225,LTC+B',NYSE,23.68892333,25.15,5,0,LTC Properties Pf B,0,0,0
20030729,19225,LTC+B',NYSE,23.64182806,25.1,33,0,LTC Properties Pf B,0,0,0
20030730,19225,LTC+B',NYSE,23.72534126,25,19,0,LTC Properties Pf B,0,0,0
20030731,19225,LTC+B',NYSE,23.71585112,24.99,12,0,LTC Properties Pf B,0,0,0
20030801,19225,LTC+B',NYSE,23.72534126,25,11,0,LTC Properties Pf B,0,0,0
20030804,19225,LTC+B',NYSE,23.72534126,25,12,0,LTC Properties Pf B,0,0,0
20030805,19225,LTC+B',NYSE,23.63043989,24.9,20,0,LTC Properties Pf B,0,0,0
20030806,19225,LTC+B',NYSE,23.56400894,24.83,25,0,LTC Properties Pf B,0,0,0
20030807,19225,LTC+B',NYSE,23.67789058,24.95,19,0,LTC Properties Pf B,0,0,0
20030808,19225,LTC+B',NYSE,23.67789058,24.95,12,0,LTC Properties Pf B,0,0,0
20030811,19225,LTC+B',NYSE,23.72534126,25,9,0,LTC Properties Pf B,0,0,0
20030812,19225,LTC+B',NYSE,23.72534126,25,0,0,LTC Properties Pf B,0,0,0
20030813,19225,LTC+B',NYSE,23.77279194,25.05,5,0,LTC Properties Pf B,0,0,0
20030814,19225,LTC+B',NYSE,23.91514399,25.2,1,0,LTC Properties Pf B,0,0,0
20030815,19225,LTC+B',NYSE,23.91514399,25.2,8,0,LTC Properties Pf B,0,0,0
20030818,19225,LTC+B',NYSE,23.86769331,25.15,27,0,LTC Properties Pf B,0,0,0
20030819,19225,LTC+B',NYSE,23.86769331,25.15,0,0,LTC Properties Pf B,0,0,0
20030820,19225,LTC+B',NYSE,23.82024262,25.1,14,0,LTC Properties Pf B,0,0,0
20030821,19225,LTC+B',NYSE,23.89616372,25.18,2,0,LTC Properties Pf B,0,0,0
20030822,19225,LTC+B',NYSE,23.90565385,25.19,19,0,LTC Properties Pf B,0,0,0
20030825,19225,LTC+B',NYSE,23.72534126,25,30,0,LTC Properties Pf B,0,0,0
20030826,19225,LTC+B',NYSE,23.63043989,24.9,30,0,LTC Properties Pf B,0,0,0
20030827,19225,LTC+B',NYSE,23.68590143,24.77,31,0,LTC Properties Pf B,0,0,0
20030828,19225,LTC+B',NYSE,24.07795713,25.18,21,0,LTC Properties Pf B,0,0,0
20030829,19225,LTC+B',NYSE,24.07795713,25.18,0,0,LTC Properties Pf B,0,0,0
20030902,19225,LTC+B',NYSE,24.07795713,25.18,1,0,LTC Properties Pf B,0,0,0
20030903,19225,LTC+B',NYSE,24.01102079,25.11,5,0,LTC Properties Pf B,0,0,0
20030904,19225,LTC+B',NYSE,23.90583511,25,7,0,LTC Properties Pf B,0,0,0
20030905,19225,LTC+B',NYSE,24.04927012,25.15,1,0,LTC Properties Pf B,0,0,0
20030908,19225,LTC+B',NYSE,24.03970779,25.14,10,0,LTC Properties Pf B,0,0,0
20030909,19225,LTC+B',NYSE,24.05883246,25.16,5,0,LTC Properties Pf B,0,0,0
20030910,19225,LTC+B',NYSE,24.05883246,25.16,13,0,LTC Properties Pf B,0,0,0
20030911,19225,LTC+B',NYSE,24.06839479,25.17,17,0,LTC Properties Pf B,0,0,0
20030912,19225,LTC+B',NYSE,24.05883246,25.16,7,0,LTC Properties Pf B,0,0,0
20030915,19225,LTC+B',NYSE,24.06839479,25.17,29,0,LTC Properties Pf B,0,0,0
20030916,19225,LTC+B',NYSE,24.04927012,25.15,10,0,LTC Properties Pf B,0,0,0
20030917,19225,LTC+B',NYSE,24.06839479,25.17,25,0,LTC Properties Pf B,0,0,0
20030918,19225,LTC+B',NYSE,24.04927012,25.15,1,0,LTC Properties Pf B,0,0,0
20030919,19225,LTC+B',NYSE,24.05883246,25.16,61,0,LTC Properties Pf B,0,0,0
20030922,19225,LTC+B',NYSE,24.03970779,25.14,13,0,LTC Properties Pf B,0,0,0
20030923,19225,LTC+B',NYSE,24.03014546,25.13,20,0,LTC Properties Pf B,0,0,0
20030924,19225,LTC+B',NYSE,24.03014546,25.13,13,0,LTC Properties Pf B,0,0,0
20030925,19225,LTC+B',NYSE,24.03970779,25.14,1,0,LTC Properties Pf B,0,0,0
20030926,19225,LTC+B',NYSE,24.03970779,25.14,0,0,LTC Properties Pf B,0,0,0
20030929,19225,LTC+B',NYSE,24.22083416,25.14,5,0,LTC Properties Pf B,0,0,0
20030930,19225,LTC+B',NYSE,24.21119977,25.13,10,0,LTC Properties Pf B,0,0,0
20031001,19225,LTC+B',NYSE,24.13412473,25.05,9,0,LTC Properties Pf B,0,0,0
20031002,19225,LTC+B',NYSE,24.20156539,25.12,16,0,LTC Properties Pf B,0,0,0
20031003,19225,LTC+B',NYSE,24.22083416,25.14,9,0,LTC Properties Pf B,0,0,0
20031006,19225,LTC+B',NYSE,24.22083416,25.14,13,0,LTC Properties Pf B,0,0,0
20031007,19225,LTC+B',NYSE,24.22083416,25.14,0,0,LTC Properties Pf B,0,0,0
20031008,19225,LTC+B',NYSE,24.18229663,25.1,1,0,LTC Properties Pf B,0,0,0
20031009,19225,LTC+B',NYSE,24.18229663,25.1,0,0,LTC Properties Pf B,0,0,0
20031010,19225,LTC+B',NYSE,24.18229663,25.1,9,0,LTC Properties Pf B,0,0,0
20031013,19225,LTC+B',NYSE,24.21119977,25.13,18,0,LTC Properties Pf B,0,0,0
20031014,19225,LTC+B',NYSE,24.22083416,25.14,12,0,LTC Properties Pf B,0,0,0
20031015,19225,LTC+B',NYSE,24.19193101,25.11,19,0,LTC Properties Pf B,0,0,0
20031016,19225,LTC+B',NYSE,24.22083416,25.14,27,0,LTC Properties Pf B,0,0,0
20031017,19225,LTC+B',NYSE,24.22083416,25.14,21,0,LTC Properties Pf B,0,0,0
20031020,19225,LTC+B',NYSE,24.22083416,25.14,23,0,LTC Properties Pf B,0,0,0
20031021,19225,LTC+B',NYSE,24.22083416,25.14,65,0,LTC Properties Pf B,0,0,0
20031022,19225,LTC+B',NYSE,24.22083416,25.14,26,0,LTC Properties Pf B,0,0,0
20031023,19225,LTC+B',NYSE,24.23046854,25.15,22,0,LTC Properties Pf B,0,0,0
20031024,19225,LTC+B',NYSE,24.23046854,25.15,38,0,LTC Properties Pf B,0,0,0
20031027,19225,LTC+B',NYSE,24.25937168,25.18,102,0,LTC Properties Pf B,0,0,0
20031028,19225,LTC+B',NYSE,24.25937168,25.18,25,0,LTC Properties Pf B,0,0,0
20031029,19225,LTC+B',NYSE,24.44186055,25.18,11,0,LTC Properties Pf B,0,0,0
20031030,19225,LTC+B',NYSE,24.40303313,25.14,21,0,LTC Properties Pf B,0,0,0
20031031,19225,LTC+B',NYSE,24.4321537,25.17,33,0,LTC Properties Pf B,0,0,0
20031103,19225,LTC+B',NYSE,24.44186055,25.18,6,0,LTC Properties Pf B,0,0,0
20031104,19225,LTC+B',NYSE,24.44186055,25.18,0,0,LTC Properties Pf B,0,0,0
20031105,19225,LTC+B',NYSE,24.36420571,25.1,27,0,LTC Properties Pf B,0,0,0
20031106,19225,LTC+B',NYSE,24.38361942,25.12,3,0,LTC Properties Pf B,0,0,0
20031107,19225,LTC+B',NYSE,24.44186055,25.18,39,0,LTC Properties Pf B,0,0,0
20031110,19225,LTC+B',NYSE,24.36420571,25.1,4,0,LTC Properties Pf B,0,0,0
20031111,19225,LTC+B',NYSE,24.39332628,25.13,5,0,LTC Properties Pf B,0,0,0
20031112,19225,LTC+B',NYSE,24.44186055,25.18,21,0,LTC Properties Pf B,0,0,0
20031113,19225,LTC+B',NYSE,24.44186055,25.18,39,0,LTC Properties Pf B,0,0,0
20031114,19225,LTC+B',NYSE,24.44186055,25.18,0,0,LTC Properties Pf B,0,0,0
20031117,19225,LTC+B',NYSE,24.4321537,25.17,38,0,LTC Properties Pf B,0,0,0
20031118,19225,LTC+B',NYSE,24.50010168,25.24,23,0,LTC Properties Pf B,0,0,0
20031119,19225,LTC+B',NYSE,24.50980854,25.25,5,0,LTC Properties Pf B,0,0,0
20031120,19225,LTC+B',NYSE,24.50980854,25.25,50,0,LTC Properties Pf B,0,0,0
20031121,19225,LTC+B',NYSE,24.50980854,25.25,112,0,LTC Properties Pf B,0,0,0
20031124,19225,LTC+B',NYSE,24.50980854,25.25,68,0,LTC Properties Pf B,0,0,0
20031125,19225,LTC+B',NYSE,24.50980854,25.25,34,0,LTC Properties Pf B,0,0,0
20031126,19225,LTC+B',NYSE,24.62520864,25.18,31,0,LTC Properties Pf B,0,0,0
20031128,19225,LTC+B',NYSE,24.84036138,25.4,2,0,LTC Properties Pf B,0,0,0
20031201,19225,LTC+B',NYSE,24.69366633,25.25,10,0,LTC Properties Pf B,0,0,0
20031202,19225,LTC+B',NYSE,24.79146303,25.35,5,0,LTC Properties Pf B,0,0,0
20031203,19225,LTC+B',NYSE,24.83058171,25.39,16,0,LTC Properties Pf B,0,0,0
20031204,19225,LTC+B',NYSE,24.79146303,25.35,5,0,LTC Properties Pf B,0,0,0
20031205,19225,LTC+B',NYSE,24.79146303,25.35,7,0,LTC Properties Pf B,0,0,0
20031208,19225,LTC+B',NYSE,24.93815807,25.5,12,0,LTC Properties Pf B,0,0,0
20031209,19225,LTC+B',NYSE,24.93815807,25.5,0,0,LTC Properties Pf B,0,0,0
20031210,19225,LTC+B',NYSE,24.93815807,25.5,7,0,LTC Properties Pf B,0,0,0
20031211,19225,LTC+B',NYSE,24.9283784,25.49,18,0,LTC Properties Pf B,0,0,0
20031212,19225,LTC+B',NYSE,24.9283784,25.49,14,0,LTC Properties Pf B,0,0,0
20031215,19225,LTC+B',NYSE,24.9283784,25.49,39,0,LTC Properties Pf B,0,0,0
20031216,19225,LTC+B',NYSE,24.93815807,25.5,4,0,LTC Properties Pf B,0,0,0
20031217,19225,LTC+B',NYSE,24.93815807,25.5,12,0,LTC Properties Pf B,0,0,0
20031218,19225,LTC+B',NYSE,24.93815807,25.5,5,0,LTC Properties Pf B,0,0,0
20031219,19225,LTC+B',NYSE,24.93815807,25.5,3,0,LTC Properties Pf B,0,0,0
20031222,19225,LTC+B',NYSE,24.76212402,25.32,11,0,LTC Properties Pf B,0,0,0
20031223,19225,LTC+B',NYSE,24.66432732,25.22,18,0,LTC Properties Pf B,0,0,0
20031224,19225,LTC+B',NYSE,24.88925972,25.45,9,0,LTC Properties Pf B,0,0,0
20031226,19225,LTC+B',NYSE,24.9283784,25.49,1,0,LTC Properties Pf B,0,0,0
20031229,19225,LTC+B',NYSE,25.10374997,25.48,25,0,LTC Properties Pf B,0,0,0
20031230,19225,LTC+B',NYSE,25.22197799,25.6,17,0,LTC Properties Pf B,0,0,0
20031231,19225,LTC+B',NYSE,25.07419296,25.45,13,0,LTC Properties Pf B,0,0,0
20040102,19225,LTC+B',NYSE,25.23183033,25.61,20,0,LTC Properties Pf B,0,0,0
20040105,19225,LTC+B',NYSE,25.02493129,25.4,86,0,LTC Properties Pf B,0,0,0
20040106,19225,LTC+B',NYSE,25.12345464,25.5,12,0,LTC Properties Pf B,0,0,0
20040107,19225,LTC+B',NYSE,25.11360231,25.49,18,0,LTC Properties Pf B,0,0,0
20040108,19225,LTC+B',NYSE,24.95596494,25.33,36,0,LTC Properties Pf B,0,0,0
20040109,19225,LTC+B',NYSE,25.02493129,25.4,70,0,LTC Properties Pf B,0,0,0
20040112,19225,LTC+B',NYSE,24.92640794,25.3,14,0,LTC Properties Pf B,0,0,0
20040113,19225,LTC+B',NYSE,25.12345464,25.5,10,0,LTC Properties Pf B,0,0,0
20040114,19225,LTC+B',NYSE,25.12345464,25.5,40,0,LTC Properties Pf B,0,0,0
20040115,19225,LTC+B',NYSE,25.12345464,25.5,11,0,LTC Properties Pf B,0,0,0
20040116,19225,LTC+B',NYSE,25.10374997,25.48,33,0,LTC Properties Pf B,0,0,0
20040120,19225,LTC+B',NYSE,25.13330698,25.51,19,0,LTC Properties Pf B,0,0,0
20040121,19225,LTC+B',NYSE,25.07419296,25.45,29,0,LTC Properties Pf B,0,0,0
20040122,19225,LTC+B',NYSE,25.14315931,25.52,31,0,LTC Properties Pf B,0,0,0
20040123,19225,LTC+B',NYSE,25.16286398,25.54,22,0,LTC Properties Pf B,0,0,0
20040126,19225,LTC+B',NYSE,25.17271632,25.55,18,0,LTC Properties Pf B,0,0,0
20040127,19225,LTC+B',NYSE,25.17271632,25.55,97,0,LTC Properties Pf B,0,0,0
20040128,19225,LTC+B',NYSE,25.35931322,25.55,19,0,LTC Properties Pf B,0,0,0
20040129,19225,LTC+B',NYSE,25.35931322,25.55,0,0,LTC Properties Pf B,0,0,0
20040130,19225,LTC+B',NYSE,25.32953712,25.52,61,0,LTC Properties Pf B,0,0,0
20040202,19225,LTC+B',NYSE,25.40894006,25.6,47,0,LTC Properties Pf B,0,0,0
20040203,19225,LTC+B',NYSE,25.32953712,25.52,64,0,LTC Properties Pf B,0,0,0
20040204,19225,LTC+B',NYSE,25.34938785,25.54,39,0,LTC Properties Pf B,0,0,0
20040205,19225,LTC+B',NYSE,25.35931322,25.55,24,0,LTC Properties Pf B,0,0,0
20040206,19225,LTC+B',NYSE,25.30968638,25.5,17,0,LTC Properties Pf B,0,0,0
20040209,19225,LTC+B',NYSE,25.36923859,25.56,4,0,LTC Properties Pf B,0,0,0
20040210,19225,LTC+B',NYSE,25.35931322,25.55,13,0,LTC Properties Pf B,0,0,0
20040211,19225,LTC+B',NYSE,25.34938785,25.54,6,0,LTC Properties Pf B,0,0,0
20040212,19225,LTC+B',NYSE,25.34938785,25.54,5,0,LTC Properties Pf B,0,0,0
20040213,19225,LTC+B',NYSE,25.44864152,25.64,4,0,LTC Properties Pf B,0,0,0
20040217,19225,LTC+B',NYSE,25.31961175,25.51,2,0,LTC Properties Pf B,0,0,0
20040218,19225,LTC+B',NYSE,25.35931322,25.55,12,0,LTC Properties Pf B,0,0,0
20040219,19225,LTC+B',NYSE,25.0317761,25.22,290,0,LTC Properties Pf B,0,0,0
20040220,19225,LTC+B',NYSE,24.98214927,25.17,90,0,LTC Properties Pf B,0,0,0
20040223,19225,LTC+B',NYSE,24.95237316,25.14,34,0,LTC Properties Pf B,0,0,0
20040224,19225,LTC+B',NYSE,25.002,25.19,19,0,LTC Properties Pf B,0,0,0
20040225,19225,LTC+B',NYSE,25.002,25.19,31,0,LTC Properties Pf B,0,0,0
20040226,19225,LTC+B',NYSE,25.18,25.18,32,0,LTC Properties Pf B,0,0,0
20040227,19225,LTC+B',NYSE,25.02,25.02,47,0,LTC Properties Pf B,0,0,0
20040301,19225,LTC+B',NYSE,25.02,25.02,200,0,LTC Properties Pf B,0,0,0
20040302,19225,LTC+B',NYSE,25.02,25.02,49,0,LTC Properties Pf B,0,0,0
20040303,19225,LTC+B',NYSE,25.03,25.03,64,0,LTC Properties Pf B,0,0,0
20040304,19225,LTC+B',NYSE,25.04,25.04,150,0,LTC Properties Pf B,0,0,0
20040305,19225,LTC+B',NYSE,25.04,25.04,26,0,LTC Properties Pf B,0,0,0
20040308,19225,LTC+B',NYSE,25.04,25.04,34,0,LTC Properties Pf B,0,0,0
20040309,19225,LTC+B',NYSE,25.04,25.04,10,0,LTC Properties Pf B,0,0,0
20040310,19225,LTC+B',NYSE,25.05,25.05,12,0,LTC Properties Pf B,0,0,0
20040311,19225,LTC+B',NYSE,25.06,25.06,7,0,LTC Properties Pf B,0,0,0
20040312,19225,LTC+B',NYSE,25.06,25.06,13,0,LTC Properties Pf B,0,0,0
20040315,19225,LTC+B',NYSE,25.06,25.06,0,0,LTC Properties Pf B,0,0,0
20040316,19225,LTC+B',NYSE,25.06,25.06,8,0,LTC Properties Pf B,0,0,0
20040317,19225,LTC+B',NYSE,25.06,25.06,0,0,LTC Properties Pf B,0,0,0
20040318,19225,LTC+B',NYSE,25.06,25.06,0,0,LTC Properties Pf B,0,0,0
20040319,19225,LTC+B',NYSE,25.15,25.15,2,0,LTC Properties Pf B,0,0,0
20040322,19225,LTC+B',NYSE,25.15,25.15,0,0,LTC Properties Pf B,0,0,0
20040323,19225,LTC+B',NYSE,25.06,25.06,55,0,LTC Properties Pf B,0,0,0
20040324,19225,LTC+B',NYSE,25.1,25.1,32,0,LTC Properties Pf B,0,0,0
20040325,19225,LTC+B',NYSE,25.09,25.09,12,0,LTC Properties Pf B,0,0,0
20040326,19225,LTC+B',NYSE,25.09,25.09,0,0,LTC Properties Pf B,0,0,0
20040329,19225,LTC+B',NYSE,25.11,25.11,39,0,LTC Properties Pf B,0,0,0
20040330,19225,LTC+B',NYSE,25.16,25.16,20,0,LTC Properties Pf B,0,0,0
