DDate,CSINumber,Symbol,Exchange,DClose,UnAdjustedClose,TotalVolume,Cash,MarketName,PTB,PSR,DPS
19980925,31854,WTAI',OTC,0.5,2,364,0,World Transport Authority Inc,0,0,0
19980928,31854,WTAI',OTC,0.3125,1.25,152,0,World Transport Authority Inc,0,0,0
19980929,31854,WTAI',OTC,0.3125,1.25,0,0,World Transport Authority Inc,0,0,0
19980930,31854,WTAI',OTC,0.3203125,1.28125,1600,0,World Transport Authority Inc,0,0,0
19981001,31854,WTAI',OTC,0.3203125,1.28125,0,0,World Transport Authority Inc,0,0,0
19981002,31854,WTAI',OTC,0.40625,1.625,220,0,World Transport Authority Inc,0,0,0
19981005,31854,WTAI',OTC,0.40625,1.625,0,0,World Transport Authority Inc,0,0,0
19981006,31854,WTAI',OTC,0.40625,1.625,0,0,World Transport Authority Inc,0,0,0
19981007,31854,WTAI',OTC,0.40625,1.625,480,0,World Transport Authority Inc,0,0,0
19981008,31854,WTAI',OTC,0.40625,1.625,0,0,World Transport Authority Inc,0,0,0
19981009,31854,WTAI',OTC,0.4375,1.75,1000,0,World Transport Authority Inc,0,0,0
19981012,31854,WTAI',OTC,0.265625,1.0625,212,0,World Transport Authority Inc,0,0,0
19981013,31854,WTAI',OTC,0.265625,1.0625,0,0,World Transport Authority Inc,0,0,0
19981014,31854,WTAI',OTC,0.12890625,0.515625,1916,0,World Transport Authority Inc,0,0,0
19981015,31854,WTAI',OTC,0.12890625,0.515625,0,0,World Transport Authority Inc,0,0,0
19981016,31854,WTAI',OTC,0.3125,1.25,4,0,World Transport Authority Inc,0,0,0
19981019,31854,WTAI',OTC,0.3125,1.25,0,0,World Transport Authority Inc,0,0,0
19981020,31854,WTAI',OTC,0.3125,1.25,0,0,World Transport Authority Inc,0,0,0
19981021,31854,WTAI',OTC,0.34375,1.375,8016,0,World Transport Authority Inc,0,0,0
19981022,31854,WTAI',OTC,0.375,1.5,52,0,World Transport Authority Inc,0,0,0
19981023,31854,WTAI',OTC,0.375,1.5,0,0,World Transport Authority Inc,0,0,0
19981026,31854,WTAI',OTC,0.34375,1.375,40,0,World Transport Authority Inc,0,0,0
19981027,31854,WTAI',OTC,0.28125,1.125,108,0,World Transport Authority Inc,0,0,0
19981028,31854,WTAI',OTC,0.15625,0.625,40,0,World Transport Authority Inc,0,0,0
19981029,31854,WTAI',OTC,0.21875,0.875,16,0,World Transport Authority Inc,0,0,0
19981030,31854,WTAI',OTC,0.28125,1.125,80,0,World Transport Authority Inc,0,0,0
19981102,31854,WTAI',OTC,0.28125,1.125,0,0,World Transport Authority Inc,0,0,0
19981103,31854,WTAI',OTC,0.21875,0.875,260,0,World Transport Authority Inc,0,0,0
19981104,31854,WTAI',OTC,0.25,1,400,0,World Transport Authority Inc,0,0,0
19981105,31854,WTAI',OTC,0.28125,1.125,64,0,World Transport Authority Inc,0,0,0
19981106,31854,WTAI',OTC,0.28125,1.125,0,0,World Transport Authority Inc,0,0,0
19981109,31854,WTAI',OTC,0.25,1,1240,0,World Transport Authority Inc,0,0,0
19981110,31854,WTAI',OTC,0.2421875,0.96875,172,0,World Transport Authority Inc,0,0,0
19981111,31854,WTAI',OTC,0.1796875,0.71875,700,0,World Transport Authority Inc,0,0,0
19981112,31854,WTAI',OTC,0.21875,0.875,668,0,World Transport Authority Inc,0,0,0
19981113,31854,WTAI',OTC,0.25,1,320,0,World Transport Authority Inc,0,0,0
19981116,31854,WTAI',OTC,0.21875,0.875,348,0,World Transport Authority Inc,0,0,0
19981117,31854,WTAI',OTC,0.125,0.5,1160,0,World Transport Authority Inc,0,0,0
19981118,31854,WTAI',OTC,0.2109375,0.84375,288,0,World Transport Authority Inc,0,0,0
19981119,31854,WTAI',OTC,0.2109375,0.84375,620,0,World Transport Authority Inc,0,0,0
19981120,31854,WTAI',OTC,0.1484375,0.59375,520,0,World Transport Authority Inc,0,0,0
19981123,31854,WTAI',OTC,0.1875,0.75,8960,0,World Transport Authority Inc,0,0,0
19981124,31854,WTAI',OTC,0.140625,0.5625,912,0,World Transport Authority Inc,0,0,0
19981125,31854,WTAI',OTC,0.140625,0.5625,0,0,World Transport Authority Inc,0,0,0
19981127,31854,WTAI',OTC,0.171875,0.6875,56,0,World Transport Authority Inc,0,0,0
19981130,31854,WTAI',OTC,0.171875,0.6875,0,0,World Transport Authority Inc,0,0,0
19981201,31854,WTAI',OTC,0.171875,0.6875,0,0,World Transport Authority Inc,0,0,0
19981202,31854,WTAI',OTC,0.1640625,0.65625,336,0,World Transport Authority Inc,0,0,0
19981203,31854,WTAI',OTC,0.1640625,0.65625,0,0,World Transport Authority Inc,0,0,0
19981204,31854,WTAI',OTC,0.1640625,0.65625,0,0,World Transport Authority Inc,0,0,0
19981207,31854,WTAI',OTC,0.203125,0.8125,5420,0,World Transport Authority Inc,0,0,0
19981208,31854,WTAI',OTC,0.125,0.5,100,0,World Transport Authority Inc,0,0,0
19981209,31854,WTAI',OTC,0.125,0.5,0,0,World Transport Authority Inc,0,0,0
19981210,31854,WTAI',OTC,0.171875,0.6875,1800,0,World Transport Authority Inc,0,0,0
19981211,31854,WTAI',OTC,0.1484375,0.59375,1540,0,World Transport Authority Inc,0,0,0
19981214,31854,WTAI',OTC,0.14453125,0.578125,1356,0,World Transport Authority Inc,0,0,0
19981215,31854,WTAI',OTC,0.1484375,0.59375,3264,0,World Transport Authority Inc,0,0,0
19981216,31854,WTAI',OTC,0.12890625,0.515625,40,0,World Transport Authority Inc,0,0,0
19981217,31854,WTAI',OTC,0.13671875,0.546875,400,0,World Transport Authority Inc,0,0,0
19981218,31854,WTAI',OTC,0.13671875,0.546875,1600,0,World Transport Authority Inc,0,0,0
19981221,31854,WTAI',OTC,0.13671875,0.546875,0,0,World Transport Authority Inc,0,0,0
19981222,31854,WTAI',OTC,0.13671875,0.546875,0,0,World Transport Authority Inc,0,0,0
19981223,31854,WTAI',OTC,0.125,0.5,560,0,World Transport Authority Inc,0,0,0
19981224,31854,WTAI',OTC,0.125,0.5,288,0,World Transport Authority Inc,0,0,0
19981228,31854,WTAI',OTC,0.125,0.5,160,0,World Transport Authority Inc,0,0,0
19981229,31854,WTAI',OTC,0.125,0.5,508,0,World Transport Authority Inc,0,0,0
19981230,31854,WTAI',OTC,0.109375,0.4375,120,0,World Transport Authority Inc,0,0,0
19981231,31854,WTAI',OTC,0.109375,0.4375,0,0,World Transport Authority Inc,0,0,0
19990104,31854,WTAI',OTC,0.140625,0.5625,864,0,World Transport Authority Inc,0,0,0
19990105,31854,WTAI',OTC,0.1484375,0.59375,668,0,World Transport Authority Inc,0,0,0
19990106,31854,WTAI',OTC,0.140625,0.5625,1292,0,World Transport Authority Inc,0,0,0
19990107,31854,WTAI',OTC,0.1015625,0.40625,660,0,World Transport Authority Inc,0,0,0
19990108,31854,WTAI',OTC,0.1171875,0.46875,108,0,World Transport Authority Inc,0,0,0
19990111,31854,WTAI',OTC,0.1171875,0.46875,0,0,World Transport Authority Inc,0,0,0
19990112,31854,WTAI',OTC,0.15625,0.625,1744,0,World Transport Authority Inc,0,0,0
19990113,31854,WTAI',OTC,0.1875,0.75,6004,0,World Transport Authority Inc,0,0,0
19990114,31854,WTAI',OTC,0.203125,0.8125,3784,0,World Transport Authority Inc,0,0,0
19990115,31854,WTAI',OTC,0.2109375,0.84375,4316,0,World Transport Authority Inc,0,0,0
19990119,31854,WTAI',OTC,0.22265625,0.890625,3692,0,World Transport Authority Inc,0,0,0
19990120,31854,WTAI',OTC,0.2109375,0.84375,2952,0,World Transport Authority Inc,0,0,0
19990121,31854,WTAI',OTC,0.21484375,0.859375,480,0,World Transport Authority Inc,0,0,0
19990122,31854,WTAI',OTC,0.22265625,0.890625,1224,0,World Transport Authority Inc,0,0,0
19990125,31854,WTAI',OTC,0.2265625,0.90625,752,0,World Transport Authority Inc,0,0,0
19990126,31854,WTAI',OTC,0.25,1,1196,0,World Transport Authority Inc,0,0,0
19990127,31854,WTAI',OTC,0.25,1,1076,0,World Transport Authority Inc,0,0,0
19990128,31854,WTAI',OTC,0.25,1,1796,0,World Transport Authority Inc,0,0,0
19990129,31854,WTAI',OTC,0.265625,1.0625,628,0,World Transport Authority Inc,0,0,0
19990201,31854,WTAI',OTC,0.3203125,1.28125,5536,0,World Transport Authority Inc,0,0,0
19990202,31854,WTAI',OTC,0.3203125,1.28125,48,0,World Transport Authority Inc,0,0,0
19990203,31854,WTAI',OTC,0.625,2.5,17300,0,World Transport Authority Inc,0,0,0
19990204,31854,WTAI',OTC,0.5,2,12632,0,World Transport Authority Inc,0,0,0
19990205,31854,WTAI',OTC,0.609375,2.4375,6004,0,World Transport Authority Inc,0,0,0
19990208,31854,WTAI',OTC,0.5,2,8572,0,World Transport Authority Inc,0,0,0
19990209,31854,WTAI',OTC,0.4375,1.75,1676,0,World Transport Authority Inc,0,0,0
19990210,31854,WTAI',OTC,0.3828125,1.53125,2172,0,World Transport Authority Inc,0,0,0
19990211,31854,WTAI',OTC,0.4296875,1.71875,3112,0,World Transport Authority Inc,0,0,0
19990212,31854,WTAI',OTC,0.4375,1.75,1340,0,World Transport Authority Inc,0,0,0
19990216,31854,WTAI',OTC,0.4375,1.75,132,0,World Transport Authority Inc,0,0,0
19990217,31854,WTAI',OTC,0.421875,1.6875,496,0,World Transport Authority Inc,0,0,0
19990218,31854,WTAI',OTC,0.390625,1.5625,956,0,World Transport Authority Inc,0,0,0
19990219,31854,WTAI',OTC,0.34375,1.375,1392,0,World Transport Authority Inc,0,0,0
19990222,31854,WTAI',OTC,0.28125,1.125,1048,0,World Transport Authority Inc,0,0,0
19990223,31854,WTAI',OTC,0.25,1,720,0,World Transport Authority Inc,0,0,0
19990224,31854,WTAI',OTC,0.21875,0.875,340,0,World Transport Authority Inc,0,0,0
19990225,31854,WTAI',OTC,0.25,1,108,0,World Transport Authority Inc,0,0,0
19990226,31854,WTAI',OTC,0.25,1,0,0,World Transport Authority Inc,0,0,0
19990301,31854,WTAI',OTC,0.28125,1.125,220,0,World Transport Authority Inc,0,0,0
19990302,31854,WTAI',OTC,0.25,1,776,0,World Transport Authority Inc,0,0,0
19990303,31854,WTAI',OTC,0.3125,1.25,644,0,World Transport Authority Inc,0,0,0
19990304,31854,WTAI',OTC,0.25,1,912,0,World Transport Authority Inc,0,0,0
19990305,31854,WTAI',OTC,0.28125,1.125,404,0,World Transport Authority Inc,0,0,0
19990308,31854,WTAI',OTC,0.25,1,1288,0,World Transport Authority Inc,0,0,0
19990309,31854,WTAI',OTC,0.25,1,812,0,World Transport Authority Inc,0,0,0
19990310,31854,WTAI',OTC,0.265625,1.0625,488,0,World Transport Authority Inc,0,0,0
19990311,31854,WTAI',OTC,0.234375,0.9375,580,0,World Transport Authority Inc,0,0,0
19990312,31854,WTAI',OTC,0.25,1,480,0,World Transport Authority Inc,0,0,0
19990315,31854,WTAI',OTC,0.3203125,1.28125,6860,0,World Transport Authority Inc,0,0,0
19990316,31854,WTAI',OTC,0.3125,1.25,3300,0,World Transport Authority Inc,0,0,0
19990317,31854,WTAI',OTC,0.28125,1.125,1392,0,World Transport Authority Inc,0,0,0
19990318,31854,WTAI',OTC,0.25,1,920,0,World Transport Authority Inc,0,0,0
19990319,31854,WTAI',OTC,0.234375,0.9375,120,0,World Transport Authority Inc,0,0,0
19990322,31854,WTAI',OTC,0.25,1,5108,0,World Transport Authority Inc,0,0,0
19990323,31854,WTAI',OTC,0.21875,0.875,280,0,World Transport Authority Inc,0,0,0
19990324,31854,WTAI',OTC,0.25,1,584,0,World Transport Authority Inc,0,0,0
19990325,31854,WTAI',OTC,0.25,1,880,0,World Transport Authority Inc,0,0,0
19990326,31854,WTAI',OTC,0.25,1,3700,0,World Transport Authority Inc,0,0,0
19990329,31854,WTAI',OTC,0.25,1,440,0,World Transport Authority Inc,0,0,0
19990330,31854,WTAI',OTC,0.234375,0.9375,660,0,World Transport Authority Inc,0,0,0
19990331,31854,WTAI',OTC,0.234375,0.9375,0,0,World Transport Authority Inc,0,0,0
19990401,31854,WTAI',OTC,0.234375,0.9375,0,0,World Transport Authority Inc,0,0,0
19990405,31854,WTAI',OTC,0.2578125,1.03125,524,0,World Transport Authority Inc,0,0,0
19990406,31854,WTAI',OTC,0.25,1,2104,0,World Transport Authority Inc,0,0,0
19990407,31854,WTAI',OTC,0.234375,0.9375,1520,0,World Transport Authority Inc,0,0,0
19990408,31854,WTAI',OTC,0.15625,0.625,5896,0,World Transport Authority Inc,0,0,0
19990409,31854,WTAI',OTC,0.2421875,0.96875,5868,0,World Transport Authority Inc,0,0,0
19990412,31854,WTAI',OTC,0.2109375,0.84375,340,0,World Transport Authority Inc,0,0,0
19990413,31854,WTAI',OTC,0.21875,0.875,1024,0,World Transport Authority Inc,0,0,0
19990414,31854,WTAI',OTC,0.171875,0.6875,1452,0,World Transport Authority Inc,0,0,0
19990415,31854,WTAI',OTC,0.1875,0.75,1448,0,World Transport Authority Inc,0,0,0
19990416,31854,WTAI',OTC,0.1796875,0.71875,68,0,World Transport Authority Inc,0,0,0
19990419,31854,WTAI',OTC,0.1796875,0.71875,156,0,World Transport Authority Inc,0,0,0
19990420,31854,WTAI',OTC,0.140625,0.5625,1100,0,World Transport Authority Inc,0,0,0
19990421,31854,WTAI',OTC,0.2578125,1.03125,8120,0,World Transport Authority Inc,0,0,0
19990422,31854,WTAI',OTC,0.2578125,1.03125,8020,0,World Transport Authority Inc,0,0,0
19990423,31854,WTAI',OTC,0.375,1.5,1680,0,World Transport Authority Inc,0,0,0
19990426,31854,WTAI',OTC,0.34375,1.375,2328,0,World Transport Authority Inc,0,0,0
19990427,31854,WTAI',OTC,0.3515625,1.40625,4896,0,World Transport Authority Inc,0,0,0
19990428,31854,WTAI',OTC,0.34375,1.375,2644,0,World Transport Authority Inc,0,0,0
19990429,31854,WTAI',OTC,0.390625,1.5625,1660,0,World Transport Authority Inc,0,0,0
19990430,31854,WTAI',OTC,0.421875,1.6875,300,0,World Transport Authority Inc,0,0,0
19990503,31854,WTAI',OTC,0.296875,1.1875,1568,0,World Transport Authority Inc,0,0,0
19990504,31854,WTAI',OTC,0.3515625,1.40625,2120,0,World Transport Authority Inc,0,0,0
19990505,31854,WTAI',OTC,0.40625,1.625,3820,0,World Transport Authority Inc,0,0,0
19990506,31854,WTAI',OTC,0.3828125,1.53125,1376,0,World Transport Authority Inc,0,0,0
19990507,31854,WTAI',OTC,0.4375,1.75,2480,0,World Transport Authority Inc,0,0,0
19990510,31854,WTAI',OTC,0.390625,1.5625,1684,0,World Transport Authority Inc,0,0,0
19990511,31854,WTAI',OTC,0.3828125,1.53125,1236,0,World Transport Authority Inc,0,0,0
19990512,31854,WTAI',OTC,0.328125,1.3125,1588,0,World Transport Authority Inc,0,0,0
19990513,31854,WTAI',OTC,0.390625,1.5625,2084,0,World Transport Authority Inc,0,0,0
19990514,31854,WTAI',OTC,0.40625,1.625,624,0,World Transport Authority Inc,0,0,0
19990517,31854,WTAI',OTC,0.375,1.5,1024,0,World Transport Authority Inc,0,0,0
19990518,31854,WTAI',OTC,0.359375,1.4375,1680,0,World Transport Authority Inc,0,0,0
19990519,31854,WTAI',OTC,0.359375,1.4375,812,0,World Transport Authority Inc,0,0,0
19990520,31854,WTAI',OTC,0.34375,1.375,2692,0,World Transport Authority Inc,0,0,0
19990521,31854,WTAI',OTC,0.359375,1.4375,536,0,World Transport Authority Inc,0,0,0
19990524,31854,WTAI',OTC,0.3203125,1.28125,148,0,World Transport Authority Inc,0,0,0
19990525,31854,WTAI',OTC,0.37109375,1.484375,4736,0,World Transport Authority Inc,0,0,0
19990526,31854,WTAI',OTC,0.359375,1.4375,692,0,World Transport Authority Inc,0,0,0
19990527,31854,WTAI',OTC,0.3125,1.25,3468,0,World Transport Authority Inc,0,0,0
19990528,31854,WTAI',OTC,0.3125,1.25,2080,0,World Transport Authority Inc,0,0,0
19990601,31854,WTAI',OTC,0.328125,1.3125,316,0,World Transport Authority Inc,0,0,0
19990602,31854,WTAI',OTC,0.34375,1.375,2976,0,World Transport Authority Inc,0,0,0
19990603,31854,WTAI',OTC,0.3515625,1.40625,4272,0,World Transport Authority Inc,0,0,0
19990604,31854,WTAI',OTC,0.484375,1.9375,10092,0,World Transport Authority Inc,0,0,0
19990607,31854,WTAI',OTC,0.484375,1.9375,7176,0,World Transport Authority Inc,0,0,0
19990608,31854,WTAI',OTC,0.4375,1.75,2812,0,World Transport Authority Inc,0,0,0
19990609,31854,WTAI',OTC,0.4453125,1.78125,4460,0,World Transport Authority Inc,0,0,0
19990610,31854,WTAI',OTC,0.4375,1.75,304,0,World Transport Authority Inc,0,0,0
19990611,31854,WTAI',OTC,0.4140625,1.65625,3904,0,World Transport Authority Inc,0,0,0
19990614,31854,WTAI',OTC,0.375,1.5,764,0,World Transport Authority Inc,0,0,0
19990615,31854,WTAI',OTC,0.453125,1.8125,2628,0,World Transport Authority Inc,0,0,0
19990616,31854,WTAI',OTC,0.421875,1.6875,3900,0,World Transport Authority Inc,0,0,0
19990617,31854,WTAI',OTC,0.390625,1.5625,1164,0,World Transport Authority Inc,0,0,0
19990618,31854,WTAI',OTC,0.375,1.5,5920,0,World Transport Authority Inc,0,0,0
19990621,31854,WTAI',OTC,0.421875,1.6875,2292,0,World Transport Authority Inc,0,0,0
19990622,31854,WTAI',OTC,0.4296875,1.71875,1528,0,World Transport Authority Inc,0,0,0
19990623,31854,WTAI',OTC,0.4453125,1.78125,1632,0,World Transport Authority Inc,0,0,0
19990624,31854,WTAI',OTC,0.453125,1.8125,2716,0,World Transport Authority Inc,0,0,0
19990625,31854,WTAI',OTC,0.42578125,1.703125,2920,0,World Transport Authority Inc,0,0,0
19990628,31854,WTAI',OTC,0.390625,1.5625,1104,0,World Transport Authority Inc,0,0,0
19990629,31854,WTAI',OTC,0.390625,1.5625,1180,0,World Transport Authority Inc,0,0,0
19990630,31854,WTAI',OTC,0.390625,1.5625,1680,0,World Transport Authority Inc,0,0,0
19990701,31854,WTAI',OTC,0.421875,1.6875,528,0,World Transport Authority Inc,0,0,0
19990702,31854,WTAI',OTC,0.421875,1.6875,240,0,World Transport Authority Inc,0,0,0
19990706,31854,WTAI',OTC,0.4609375,1.84375,1448,0,World Transport Authority Inc,0,0,0
19990707,31854,WTAI',OTC,0.46875,1.875,1416,0,World Transport Authority Inc,0,0,0
19990708,31854,WTAI',OTC,0.46875,1.875,6272,0,World Transport Authority Inc,0,0,0
19990709,31854,WTAI',OTC,0.4375,1.75,900,0,World Transport Authority Inc,0,0,0
19990712,31854,WTAI',OTC,0.4375,1.75,280,0,World Transport Authority Inc,0,0,0
19990713,31854,WTAI',OTC,0.4375,1.75,1384,0,World Transport Authority Inc,0,0,0
19990714,31854,WTAI',OTC,0.40625,1.625,3772,0,World Transport Authority Inc,0,0,0
19990715,31854,WTAI',OTC,0.28125,1.125,4216,0,World Transport Authority Inc,0,0,0
19990716,31854,WTAI',OTC,0.40625,1.625,1344,0,World Transport Authority Inc,0,0,0
19990719,31854,WTAI',OTC,0.34375,1.375,3168,0,World Transport Authority Inc,0,0,0
19990720,31854,WTAI',OTC,0.296875,1.1875,8040,0,World Transport Authority Inc,0,0,0
19990721,31854,WTAI',OTC,0.296875,1.1875,1724,0,World Transport Authority Inc,0,0,0
19990722,31854,WTAI',OTC,0.34375,1.375,1296,0,World Transport Authority Inc,0,0,0
19990723,31854,WTAI',OTC,0.3515625,1.40625,568,0,World Transport Authority Inc,0,0,0
19990726,31854,WTAI',OTC,0.3125,1.25,1980,0,World Transport Authority Inc,0,0,0
19990727,31854,WTAI',OTC,0.296875,1.1875,996,0,World Transport Authority Inc,0,0,0
19990728,31854,WTAI',OTC,0.3125,1.25,7900,0,World Transport Authority Inc,0,0,0
19990729,31854,WTAI',OTC,0.3203125,1.28125,11280,0,World Transport Authority Inc,0,0,0
19990730,31854,WTAI',OTC,0.296875,1.1875,4668,0,World Transport Authority Inc,0,0,0
19990802,31854,WTAI',OTC,0.3046875,1.21875,884,0,World Transport Authority Inc,0,0,0
19990803,31854,WTAI',OTC,0.29296875,1.171875,3312,0,World Transport Authority Inc,0,0,0
19990804,31854,WTAI',OTC,0.296875,1.1875,6664,0,World Transport Authority Inc,0,0,0
19990805,31854,WTAI',OTC,0.2734375,1.09375,4624,0,World Transport Authority Inc,0,0,0
19990806,31854,WTAI',OTC,0.28125,1.125,1540,0,World Transport Authority Inc,0,0,0
19990809,31854,WTAI',OTC,0.265625,1.0625,1092,0,World Transport Authority Inc,0,0,0
19990810,31854,WTAI',OTC,0.265625,1.0625,3656,0,World Transport Authority Inc,0,0,0
19990811,31854,WTAI',OTC,0.2578125,1.03125,8436,0,World Transport Authority Inc,0,0,0
19990812,31854,WTAI',OTC,0.26171875,1.046875,20476,0,World Transport Authority Inc,0,0,0
19990813,31854,WTAI',OTC,0.2578125,1.03125,5936,0,World Transport Authority Inc,0,0,0
19990816,31854,WTAI',OTC,0.25,1,7128,0,World Transport Authority Inc,0,0,0
19990817,31854,WTAI',OTC,0.25,1,2336,0,World Transport Authority Inc,0,0,0
19990818,31854,WTAI',OTC,0.2421875,0.96875,192,0,World Transport Authority Inc,0,0,0
19990819,31854,WTAI',OTC,0.25,1,8020,0,World Transport Authority Inc,0,0,0
19990820,31854,WTAI',OTC,0.2734375,1.09375,3380,0,World Transport Authority Inc,0,0,0
19990823,31854,WTAI',OTC,0.25,1,3200,0,World Transport Authority Inc,0,0,0
19990824,31854,WTAI',OTC,0.2421875,0.96875,2480,0,World Transport Authority Inc,0,0,0
19990825,31854,WTAI',OTC,0.234375,0.9375,4880,0,World Transport Authority Inc,0,0,0
19990826,31854,WTAI',OTC,0.12109375,0.484375,18032,0,World Transport Authority Inc,0,0,0
19990827,31854,WTAI',OTC,0.12109375,0.484375,71136,0,World Transport Authority Inc,0,0,0
19990830,31854,WTAI',OTC,0.1171875,0.46875,53440,0,World Transport Authority Inc,0,0,0
19990831,31854,WTAI',OTC,0.125,0.5,21924,0,World Transport Authority Inc,0,0,0
19990901,31854,WTAI',OTC,0.13671875,0.546875,12040,0,World Transport Authority Inc,0,0,0
19990902,31854,WTAI',OTC,0.15234375,0.609375,12828,0,World Transport Authority Inc,0,0,0
19990903,31854,WTAI',OTC,0.16015625,0.640625,8964,0,World Transport Authority Inc,0,0,0
19990907,31854,WTAI',OTC,0.15625,0.625,5448,0,World Transport Authority Inc,0,0,0
19990908,31854,WTAI',OTC,0.140625,0.5625,3640,0,World Transport Authority Inc,0,0,0
19990909,31854,WTAI',OTC,0.125,0.5,2020,0,World Transport Authority Inc,0,0,0
19990910,31854,WTAI',OTC,0.14453125,0.578125,2012,0,World Transport Authority Inc,0,0,0
19990913,31854,WTAI',OTC,0.1640625,0.65625,8464,0,World Transport Authority Inc,0,0,0
19990914,31854,WTAI',OTC,0.18359375,0.734375,6048,0,World Transport Authority Inc,0,0,0
19990915,31854,WTAI',OTC,0.203125,0.8125,42828,0,World Transport Authority Inc,0,0,0
19990916,31854,WTAI',OTC,0.18359375,0.734375,8976,0,World Transport Authority Inc,0,0,0
19990917,31854,WTAI',OTC,0.17578125,0.703125,5596,0,World Transport Authority Inc,0,0,0
19990920,31854,WTAI',OTC,0.1640625,0.65625,552,0,World Transport Authority Inc,0,0,0
19990921,31854,WTAI',OTC,0.15625,0.625,3940,0,World Transport Authority Inc,0,0,0
19990922,31854,WTAI',OTC,0.14453125,0.578125,3264,0,World Transport Authority Inc,0,0,0
19990923,31854,WTAI',OTC,0.1171875,0.46875,6280,0,World Transport Authority Inc,0,0,0
19990924,31854,WTAI',OTC,0.11328125,0.453125,5076,0,World Transport Authority Inc,0,0,0
19990927,31854,WTAI',OTC,0.125,0.5,5288,0,World Transport Authority Inc,0,0,0
19990928,31854,WTAI',OTC,0.125,0.5,3296,0,World Transport Authority Inc,0,0,0
19990929,31854,WTAI',OTC,0.12890625,0.515625,3448,0,World Transport Authority Inc,0,0,0
19990930,31854,WTAI',OTC,0.13671875,0.546875,22180,0,World Transport Authority Inc,0,0,0
19991001,31854,WTAI',OTC,0.12109375,0.484375,1400,0,World Transport Authority Inc,0,0,0
19991004,31854,WTAI',OTC,0.11328125,0.453125,1416,0,World Transport Authority Inc,0,0,0
19991005,31854,WTAI',OTC,0.125,0.5,2792,0,World Transport Authority Inc,0,0,0
19991006,31854,WTAI',OTC,0.11328125,0.453125,3320,0,World Transport Authority Inc,0,0,0
19991007,31854,WTAI',OTC,0.1171875,0.46875,6160,0,World Transport Authority Inc,0,0,0
19991008,31854,WTAI',OTC,0.1171875,0.46875,1936,0,World Transport Authority Inc,0,0,0
19991011,31854,WTAI',OTC,0.11328125,0.453125,4760,0,World Transport Authority Inc,0,0,0
19991012,31854,WTAI',OTC,0.1171875,0.46875,6480,0,World Transport Authority Inc,0,0,0
19991013,31854,WTAI',OTC,0.11328125,0.453125,7244,0,World Transport Authority Inc,0,0,0
19991014,31854,WTAI',OTC,0.109375,0.4375,32688,0,World Transport Authority Inc,0,0,0
19991015,31854,WTAI',OTC,0.109375,0.4375,6396,0,World Transport Authority Inc,0,0,0
19991018,31854,WTAI',OTC,0.10546875,0.421875,2716,0,World Transport Authority Inc,0,0,0
19991019,31854,WTAI',OTC,0.109375,0.4375,200,0,World Transport Authority Inc,0,0,0
19991020,31854,WTAI',OTC,0.09375,0.375,4732,0,World Transport Authority Inc,0,0,0
19991021,31854,WTAI',OTC,0.0859375,0.34375,9552,0,World Transport Authority Inc,0,0,0
19991022,31854,WTAI',OTC,0.0859375,0.34375,1168,0,World Transport Authority Inc,0,0,0
19991025,31854,WTAI',OTC,0.09375,0.375,2300,0,World Transport Authority Inc,0,0,0
19991026,31854,WTAI',OTC,0.078125,0.3125,12452,0,World Transport Authority Inc,0,0,0
19991027,31854,WTAI',OTC,0.078125,0.3125,800,0,World Transport Authority Inc,0,0,0
19991028,31854,WTAI',OTC,0.078125,0.3125,42560,0,World Transport Authority Inc,0,0,0
19991029,31854,WTAI',OTC,0.0703125,0.28125,3492,0,World Transport Authority Inc,0,0,0
19991101,31854,WTAI',OTC,0.06640625,0.265625,536,0,World Transport Authority Inc,0,0,0
19991102,31854,WTAI',OTC,0.0625,0.25,8780,0,World Transport Authority Inc,0,0,0
19991103,31854,WTAI',OTC,0.0703125,0.28125,872,0,World Transport Authority Inc,0,0,0
19991104,31854,WTAI',OTC,0.0625,0.25,8236,0,World Transport Authority Inc,0,0,0
19991105,31854,WTAI',OTC,0.05859375,0.234375,12432,0,World Transport Authority Inc,0,0,0
19991108,31854,WTAI',OTC,0.0390625,0.15625,6596,0,World Transport Authority Inc,0,0,0
19991109,31854,WTAI',OTC,0.046875,0.1875,5816,0,World Transport Authority Inc,0,0,0
19991110,31854,WTAI',OTC,0.0546875,0.21875,2936,0,World Transport Authority Inc,0,0,0
19991111,31854,WTAI',OTC,0.05078125,0.203125,9460,0,World Transport Authority Inc,0,0,0
19991112,31854,WTAI',OTC,0.0625,0.25,16432,0,World Transport Authority Inc,0,0,0
19991115,31854,WTAI',OTC,0.046875,0.1875,5180,0,World Transport Authority Inc,0,0,0
19991116,31854,WTAI',OTC,0.046875,0.1875,3820,0,World Transport Authority Inc,0,0,0
19991117,31854,WTAI',OTC,0.046875,0.1875,3140,0,World Transport Authority Inc,0,0,0
19991118,31854,WTAI',OTC,0.04296875,0.171875,1292,0,World Transport Authority Inc,0,0,0
19991119,31854,WTAI',OTC,0.0390625,0.15625,3352,0,World Transport Authority Inc,0,0,0
19991122,31854,WTAI',OTC,0.05078125,0.203125,16920,0,World Transport Authority Inc,0,0,0
19991123,31854,WTAI',OTC,0.05078125,0.203125,1700,0,World Transport Authority Inc,0,0,0
19991124,31854,WTAI',OTC,0.0625,0.25,11200,0,World Transport Authority Inc,0,0,0
19991126,31854,WTAI',OTC,0.0625,0.25,5732,0,World Transport Authority Inc,0,0,0
19991129,31854,WTAI',OTC,0.05859375,0.234375,5160,0,World Transport Authority Inc,0,0,0
19991130,31854,WTAI',OTC,0.046875,0.1875,1640,0,World Transport Authority Inc,0,0,0
19991201,31854,WTAI',OTC,0.0546875,0.21875,1048,0,World Transport Authority Inc,0,0,0
19991202,31854,WTAI',OTC,0.046875,0.1875,308,0,World Transport Authority Inc,0,0,0
19991203,31854,WTAI',OTC,0.04296875,0.171875,1464,0,World Transport Authority Inc,0,0,0
19991206,31854,WTAI',OTC,0.0546875,0.21875,3960,0,World Transport Authority Inc,0,0,0
19991207,31854,WTAI',OTC,0.04296875,0.171875,10148,0,World Transport Authority Inc,0,0,0
19991208,31854,WTAI',OTC,0.0390625,0.15625,4036,0,World Transport Authority Inc,0,0,0
19991209,31854,WTAI',OTC,0.0390625,0.15625,6932,0,World Transport Authority Inc,0,0,0
19991210,31854,WTAI',OTC,0.0390625,0.15625,2564,0,World Transport Authority Inc,0,0,0
19991213,31854,WTAI',OTC,0.046875,0.1875,2040,0,World Transport Authority Inc,0,0,0
19991214,31854,WTAI',OTC,0.0390625,0.15625,6700,0,World Transport Authority Inc,0,0,0
19991215,31854,WTAI',OTC,0.0390625,0.15625,416,0,World Transport Authority Inc,0,0,0
19991216,31854,WTAI',OTC,0.0390625,0.15625,960,0,World Transport Authority Inc,0,0,0
19991217,31854,WTAI',OTC,0.0390625,0.15625,1480,0,World Transport Authority Inc,0,0,0
19991220,31854,WTAI',OTC,0.0390625,0.15625,2148,0,World Transport Authority Inc,0,0,0
19991221,31854,WTAI',OTC,0.03515625,0.140625,2132,0,World Transport Authority Inc,0,0,0
19991222,31854,WTAI',OTC,0.03515625,0.140625,5240,0,World Transport Authority Inc,0,0,0
19991223,31854,WTAI',OTC,0.0390625,0.15625,340,0,World Transport Authority Inc,0,0,0
19991227,31854,WTAI',OTC,0.03515625,0.140625,1628,0,World Transport Authority Inc,0,0,0
19991228,31854,WTAI',OTC,0.0390625,0.15625,7580,0,World Transport Authority Inc,0,0,0
19991229,31854,WTAI',OTC,0.03515625,0.140625,1340,0,World Transport Authority Inc,0,0,0
19991230,31854,WTAI',OTC,0.03515625,0.140625,4440,0,World Transport Authority Inc,0,0,0
19991231,31854,WTAI',OTC,0.04296875,0.171875,1804,0,World Transport Authority Inc,0,0,0
20000103,31854,WTAI',OTC,0.05078125,0.203125,4032,0,World Transport Authority Inc,0,0,0
20000104,31854,WTAI',OTC,0.0390625,0.15625,5660,0,World Transport Authority Inc,0,0,0
20000105,31854,WTAI',OTC,0.0390625,0.15625,440,0,World Transport Authority Inc,0,0,0
20000106,31854,WTAI',OTC,0.0390625,0.15625,3300,0,World Transport Authority Inc,0,0,0
20000107,31854,WTAI',OTC,0.0390625,0.15625,1900,0,World Transport Authority Inc,0,0,0
20000110,31854,WTAI',OTC,0.0390625,0.15625,2640,0,World Transport Authority Inc,0,0,0
20000111,31854,WTAI',OTC,0.0390625,0.15625,5496,0,World Transport Authority Inc,0,0,0
20000112,31854,WTAI',OTC,0.0546875,0.21875,8212,0,World Transport Authority Inc,0,0,0
20000113,31854,WTAI',OTC,0.05859375,0.234375,6200,0,World Transport Authority Inc,0,0,0
20000114,31854,WTAI',OTC,0.06640625,0.265625,6592,0,World Transport Authority Inc,0,0,0
20000118,31854,WTAI',OTC,0.08984375,0.359375,29736,0,World Transport Authority Inc,0,0,0
20000119,31854,WTAI',OTC,0.12890625,0.515625,34216,0,World Transport Authority Inc,0,0,0
20000120,31854,WTAI',OTC,0.09375,0.375,16792,0,World Transport Authority Inc,0,0,0
20000121,31854,WTAI',OTC,0.09375,0.375,6540,0,World Transport Authority Inc,0,0,0
20000124,31854,WTAI',OTC,0.08984375,0.359375,2952,0,World Transport Authority Inc,0,0,0
20000125,31854,WTAI',OTC,0.08984375,0.359375,2600,0,World Transport Authority Inc,0,0,0
20000126,31854,WTAI',OTC,0.1015625,0.40625,2832,0,World Transport Authority Inc,0,0,0
20000127,31854,WTAI',OTC,0.12109375,0.484375,2128,0,World Transport Authority Inc,0,0,0
20000128,31854,WTAI',OTC,0.109375,0.4375,4408,0,World Transport Authority Inc,0,0,0
20000131,31854,WTAI',OTC,0.109375,0.4375,1684,0,World Transport Authority Inc,0,0,0
20000201,31854,WTAI',OTC,0.109375,0.4375,1900,0,World Transport Authority Inc,0,0,0
20000202,31854,WTAI',OTC,0.11328125,0.453125,4988,0,World Transport Authority Inc,0,0,0
20000203,31854,WTAI',OTC,0.1015625,0.40625,1360,0,World Transport Authority Inc,0,0,0
20000204,31854,WTAI',OTC,0.1015625,0.40625,3836,0,World Transport Authority Inc,0,0,0
20000207,31854,WTAI',OTC,0.109375,0.4375,5748,0,World Transport Authority Inc,0,0,0
20000208,31854,WTAI',OTC,0.09375,0.375,4620,0,World Transport Authority Inc,0,0,0
20000209,31854,WTAI',OTC,0.09375,0.375,7364,0,World Transport Authority Inc,0,0,0
20000210,31854,WTAI',OTC,0.1015625,0.40625,5720,0,World Transport Authority Inc,0,0,0
20000211,31854,WTAI',OTC,0.109375,0.4375,1172,0,World Transport Authority Inc,0,0,0
20000214,31854,WTAI',OTC,0.09375,0.375,1424,0,World Transport Authority Inc,0,0,0
20000215,31854,WTAI',OTC,0.08984375,0.359375,2912,0,World Transport Authority Inc,0,0,0
20000216,31854,WTAI',OTC,0.08984375,0.359375,3028,0,World Transport Authority Inc,0,0,0
20000217,31854,WTAI',OTC,0.09375,0.375,29496,0,World Transport Authority Inc,0,0,0
20000218,31854,WTAI',OTC,0.08203125,0.328125,4676,0,World Transport Authority Inc,0,0,0
20000222,31854,WTAI',OTC,0.0859375,0.34375,2640,0,World Transport Authority Inc,0,0,0
20000223,31854,WTAI',OTC,0.07421875,0.296875,440,0,World Transport Authority Inc,0,0,0
20000224,31854,WTAI',OTC,0.0859375,0.34375,5028,0,World Transport Authority Inc,0,0,0
20000225,31854,WTAI',OTC,0.09375,0.375,1500,0,World Transport Authority Inc,0,0,0
20000228,31854,WTAI',OTC,0.09375,0.375,2392,0,World Transport Authority Inc,0,0,0
20000229,31854,WTAI',OTC,0.09765625,0.390625,2384,0,World Transport Authority Inc,0,0,0
20000301,31854,WTAI',OTC,0.09765625,0.390625,1848,0,World Transport Authority Inc,0,0,0
20000302,31854,WTAI',OTC,0.08203125,0.328125,1000,0,World Transport Authority Inc,0,0,0
20000303,31854,WTAI',OTC,0.09375,0.375,1720,0,World Transport Authority Inc,0,0,0
20000306,31854,WTAI',OTC,0.09375,0.375,3120,0,World Transport Authority Inc,0,0,0
20000307,31854,WTAI',OTC,0.09765625,0.390625,368,0,World Transport Authority Inc,0,0,0
20000308,31854,WTAI',OTC,0.09375,0.375,1288,0,World Transport Authority Inc,0,0,0
20000309,31854,WTAI',OTC,0.08203125,0.328125,1888,0,World Transport Authority Inc,0,0,0
20000310,31854,WTAI',OTC,0.08203125,0.328125,1916,0,World Transport Authority Inc,0,0,0
20000313,31854,WTAI',OTC,0.09375,0.375,2920,0,World Transport Authority Inc,0,0,0
20000314,31854,WTAI',OTC,0.09375,0.375,4864,0,World Transport Authority Inc,0,0,0
20000315,31854,WTAI',OTC,0.09765625,0.390625,11312,0,World Transport Authority Inc,0,0,0
20000316,31854,WTAI',OTC,0.10546875,0.421875,3532,0,World Transport Authority Inc,0,0,0
20000317,31854,WTAI',OTC,0.13671875,0.546875,15288,0,World Transport Authority Inc,0,0,0
20000320,31854,WTAI',OTC,0.140625,0.5625,14204,0,World Transport Authority Inc,0,0,0
20000321,31854,WTAI',OTC,0.11328125,0.453125,8172,0,World Transport Authority Inc,0,0,0
20000322,31854,WTAI',OTC,0.1484375,0.59375,9188,0,World Transport Authority Inc,0,0,0
20000323,31854,WTAI',OTC,0.15625,0.625,14664,0,World Transport Authority Inc,0,0,0
20000324,31854,WTAI',OTC,0.15625,0.625,9636,0,World Transport Authority Inc,0,0,0
20000327,31854,WTAI',OTC,0.15234375,0.609375,5088,0,World Transport Authority Inc,0,0,0
20000328,31854,WTAI',OTC,0.1484375,0.59375,2356,0,World Transport Authority Inc,0,0,0
20000329,31854,WTAI',OTC,0.1484375,0.59375,1268,0,World Transport Authority Inc,0,0,0
20000330,31854,WTAI',OTC,0.6875,2.75,238592,0,World Transport Authority Inc,0,0,0
20000331,31854,WTAI',OTC,0.3828125,1.53125,84676,0,World Transport Authority Inc,0,0,0
20000403,31854,WTAI',OTC,0.40625,1.625,25300,0,World Transport Authority Inc,0,0,0
20000404,31854,WTAI',OTC,0.390625,1.5625,22288,0,World Transport Authority Inc,0,0,0
20000405,31854,WTAI',OTC,0.375,1.5,14392,0,World Transport Authority Inc,0,0,0
20000406,31854,WTAI',OTC,0.359375,1.4375,13268,0,World Transport Authority Inc,0,0,0
20000407,31854,WTAI',OTC,0.359375,1.4375,10492,0,World Transport Authority Inc,0,0,0
20000410,31854,WTAI',OTC,0.3125,1.25,7560,0,World Transport Authority Inc,0,0,0
20000411,31854,WTAI',OTC,0.2890625,1.15625,11540,0,World Transport Authority Inc,0,0,0
20000412,31854,WTAI',OTC,0.328125,1.3125,11320,0,World Transport Authority Inc,0,0,0
20000413,31854,WTAI',OTC,0.3125,1.25,4944,0,World Transport Authority Inc,0,0,0
20000414,31854,WTAI',OTC,0.2421875,0.96875,13436,0,World Transport Authority Inc,0,0,0
20000417,31854,WTAI',OTC,0.21875,0.875,8536,0,World Transport Authority Inc,0,0,0
20000418,31854,WTAI',OTC,0.234375,0.9375,6828,0,World Transport Authority Inc,0,0,0
20000419,31854,WTAI',OTC,0.3203125,1.28125,7420,0,World Transport Authority Inc,0,0,0
20000420,31854,WTAI',OTC,0.296875,1.1875,4884,0,World Transport Authority Inc,0,0,0
20000424,31854,WTAI',OTC,0.28125,1.125,4612,0,World Transport Authority Inc,0,0,0
20000425,31854,WTAI',OTC,0.296875,1.1875,9412,0,World Transport Authority Inc,0,0,0
20000426,31854,WTAI',OTC,0.328125,1.3125,7164,0,World Transport Authority Inc,0,0,0
20000427,31854,WTAI',OTC,0.390625,1.5625,7884,0,World Transport Authority Inc,0,0,0
20000428,31854,WTAI',OTC,0.3984375,1.59375,10076,0,World Transport Authority Inc,0,0,0
20000501,31854,WTAI',OTC,0.484375,1.9375,12156,0,World Transport Authority Inc,0,0,0
20000502,31854,WTAI',OTC,0.5625,2.25,28484,0,World Transport Authority Inc,0,0,0
20000503,31854,WTAI',OTC,0.5,2,14560,0,World Transport Authority Inc,0,0,0
20000504,31854,WTAI',OTC,0.515625,2.0625,6852,0,World Transport Authority Inc,0,0,0
20000505,31854,WTAI',OTC,0.51171875,2.046875,8012,0,World Transport Authority Inc,0,0,0
20000508,31854,WTAI',OTC,0.515625,2.0625,7848,0,World Transport Authority Inc,0,0,0
20000509,31854,WTAI',OTC,0.5078125,2.03125,6572,0,World Transport Authority Inc,0,0,0
20000510,31854,WTAI',OTC,0.4765625,1.90625,4296,0,World Transport Authority Inc,0,0,0
20000511,31854,WTAI',OTC,0.53125,2.125,11004,0,World Transport Authority Inc,0,0,0
20000512,31854,WTAI',OTC,0.515625,2.0625,7344,0,World Transport Authority Inc,0,0,0
20000515,31854,WTAI',OTC,0.5234375,2.09375,5652,0,World Transport Authority Inc,0,0,0
20000516,31854,WTAI',OTC,0.484375,1.9375,8428,0,World Transport Authority Inc,0,0,0
20000517,31854,WTAI',OTC,0.46875,1.875,4568,0,World Transport Authority Inc,0,0,0
20000518,31854,WTAI',OTC,0.44921875,1.796875,1412,0,World Transport Authority Inc,0,0,0
20000519,31854,WTAI',OTC,0.46875,1.875,9180,0,World Transport Authority Inc,0,0,0
20000522,31854,WTAI',OTC,0.4921875,1.96875,3564,0,World Transport Authority Inc,0,0,0
20000523,31854,WTAI',OTC,0.5,2,8308,0,World Transport Authority Inc,0,0,0
20000524,31854,WTAI',OTC,0.4375,1.75,4820,0,World Transport Authority Inc,0,0,0
20000525,31854,WTAI',OTC,0.4765625,1.90625,3976,0,World Transport Authority Inc,0,0,0
20000526,31854,WTAI',OTC,0.453125,1.8125,4184,0,World Transport Authority Inc,0,0,0
20000530,31854,WTAI',OTC,0.453125,1.8125,3764,0,World Transport Authority Inc,0,0,0
20000531,31854,WTAI',OTC,0.5078125,2.03125,8872,0,World Transport Authority Inc,0,0,0
20000601,31854,WTAI',OTC,0.6171875,2.46875,17560,0,World Transport Authority Inc,0,0,0
20000602,31854,WTAI',OTC,0.484375,1.9375,18956,0,World Transport Authority Inc,0,0,0
20000605,31854,WTAI',OTC,0.453125,1.8125,7400,0,World Transport Authority Inc,0,0,0
20000606,31854,WTAI',OTC,0.390625,1.5625,19388,0,World Transport Authority Inc,0,0,0
20000607,31854,WTAI',OTC,0.34375,1.375,11144,0,World Transport Authority Inc,0,0,0
20000608,31854,WTAI',OTC,0.3203125,1.28125,6132,0,World Transport Authority Inc,0,0,0
20000609,31854,WTAI',OTC,0.36328125,1.453125,3476,0,World Transport Authority Inc,0,0,0
20000612,31854,WTAI',OTC,0.390625,1.5625,4240,0,World Transport Authority Inc,0,0,0
20000613,31854,WTAI',OTC,0.40625,1.625,3284,0,World Transport Authority Inc,0,0,0
20000614,31854,WTAI',OTC,0.390625,1.5625,3168,0,World Transport Authority Inc,0,0,0
20000615,31854,WTAI',OTC,0.3125,1.25,4740,0,World Transport Authority Inc,0,0,0
20000616,31854,WTAI',OTC,0.3515625,1.40625,2856,0,World Transport Authority Inc,0,0,0
20000619,31854,WTAI',OTC,0.40625,1.625,3936,0,World Transport Authority Inc,0,0,0
20000620,31854,WTAI',OTC,0.3125,1.25,1800,0,World Transport Authority Inc,0,0,0
20000621,31854,WTAI',OTC,0.3671875,1.46875,324,0,World Transport Authority Inc,0,0,0
20000622,31854,WTAI',OTC,0.34375,1.375,788,0,World Transport Authority Inc,0,0,0
20000623,31854,WTAI',OTC,0.3515625,1.40625,1064,0,World Transport Authority Inc,0,0,0
20000626,31854,WTAI',OTC,0.328125,1.3125,1820,0,World Transport Authority Inc,0,0,0
20000627,31854,WTAI',OTC,0.328125,1.3125,984,0,World Transport Authority Inc,0,0,0
20000628,31854,WTAI',OTC,0.3125,1.25,1188,0,World Transport Authority Inc,0,0,0
20000629,31854,WTAI',OTC,0.3125,1.25,1848,0,World Transport Authority Inc,0,0,0
20000630,31854,WTAI',OTC,0.375,1.5,4344,0,World Transport Authority Inc,0,0,0
20000703,31854,WTAI',OTC,0.375,1.5,2720,0,World Transport Authority Inc,0,0,0
20000705,31854,WTAI',OTC,0.375,1.5,2080,0,World Transport Authority Inc,0,0,0
20000706,31854,WTAI',OTC,0.34375,1.375,2356,0,World Transport Authority Inc,0,0,0
20000707,31854,WTAI',OTC,0.359375,1.4375,760,0,World Transport Authority Inc,0,0,0
20000710,31854,WTAI',OTC,0.3359375,1.34375,1436,0,World Transport Authority Inc,0,0,0
20000711,31854,WTAI',OTC,0.34375,1.375,2160,0,World Transport Authority Inc,0,0,0
20000712,31854,WTAI',OTC,0.3359375,1.34375,1424,0,World Transport Authority Inc,0,0,0
20000713,31854,WTAI',OTC,0.3359375,1.34375,880,0,World Transport Authority Inc,0,0,0
20000714,31854,WTAI',OTC,0.34375,1.375,2252,0,World Transport Authority Inc,0,0,0
20000717,31854,WTAI',OTC,0.328125,1.3125,904,0,World Transport Authority Inc,0,0,0
20000718,31854,WTAI',OTC,0.3203125,1.28125,2944,0,World Transport Authority Inc,0,0,0
20000719,31854,WTAI',OTC,0.328125,1.3125,2512,0,World Transport Authority Inc,0,0,0
20000720,31854,WTAI',OTC,0.328125,1.3125,1972,0,World Transport Authority Inc,0,0,0
20000721,31854,WTAI',OTC,0.3203125,1.28125,2244,0,World Transport Authority Inc,0,0,0
20000724,31854,WTAI',OTC,0.359375,1.4375,5268,0,World Transport Authority Inc,0,0,0
20000725,31854,WTAI',OTC,0.359375,1.4375,2772,0,World Transport Authority Inc,0,0,0
20000726,31854,WTAI',OTC,0.3203125,1.28125,5332,0,World Transport Authority Inc,0,0,0
20000727,31854,WTAI',OTC,0.328125,1.3125,2268,0,World Transport Authority Inc,0,0,0
20000728,31854,WTAI',OTC,0.3203125,1.28125,1884,0,World Transport Authority Inc,0,0,0
20000731,31854,WTAI',OTC,0.328125,1.3125,3608,0,World Transport Authority Inc,0,0,0
20000801,31854,WTAI',OTC,0.3203125,1.28125,2396,0,World Transport Authority Inc,0,0,0
20000802,31854,WTAI',OTC,0.3203125,1.28125,1408,0,World Transport Authority Inc,0,0,0
20000803,31854,WTAI',OTC,0.3203125,1.28125,1916,0,World Transport Authority Inc,0,0,0
20000804,31854,WTAI',OTC,0.328125,1.3125,1420,0,World Transport Authority Inc,0,0,0
20000807,31854,WTAI',OTC,0.3515625,1.40625,2844,0,World Transport Authority Inc,0,0,0
20000808,31854,WTAI',OTC,0.3515625,1.40625,2524,0,World Transport Authority Inc,0,0,0
20000809,31854,WTAI',OTC,0.3828125,1.53125,6780,0,World Transport Authority Inc,0,0,0
20000810,31854,WTAI',OTC,0.375,1.5,4812,0,World Transport Authority Inc,0,0,0
20000811,31854,WTAI',OTC,0.390625,1.5625,3764,0,World Transport Authority Inc,0,0,0
20000814,31854,WTAI',OTC,0.46875,1.875,6100,0,World Transport Authority Inc,0,0,0
20000815,31854,WTAI',OTC,0.578125,2.3125,17212,0,World Transport Authority Inc,0,0,0
20000816,31854,WTAI',OTC,0.5625,2.25,14784,0,World Transport Authority Inc,0,0,0
20000817,31854,WTAI',OTC,0.515625,2.0625,8668,0,World Transport Authority Inc,0,0,0
20000818,31854,WTAI',OTC,0.578125,2.3125,9064,0,World Transport Authority Inc,0,0,0
20000821,31854,WTAI',OTC,0.5546875,2.21875,4092,0,World Transport Authority Inc,0,0,0
20000822,31854,WTAI',OTC,0.515625,2.0625,8872,0,World Transport Authority Inc,0,0,0
20000823,31854,WTAI',OTC,0.5234375,2.09375,4448,0,World Transport Authority Inc,0,0,0
20000824,31854,WTAI',OTC,0.5,2,12092,0,World Transport Authority Inc,0,0,0
20000825,31854,WTAI',OTC,0.5234375,2.09375,9572,0,World Transport Authority Inc,0,0,0
20000828,31854,WTAI',OTC,0.5,2,16372,0,World Transport Authority Inc,0,0,0
20000829,31854,WTAI',OTC,0.5,2,7212,0,World Transport Authority Inc,0,0,0
20000830,31854,WTAI',OTC,0.50390625,2.015625,8900,0,World Transport Authority Inc,0,0,0
20000831,31854,WTAI',OTC,0.484375,1.9375,8040,0,World Transport Authority Inc,0,0,0
20000901,31854,WTAI',OTC,0.5,0.5,3869,0,World Transport Authority Inc,0,0,0
20000905,31854,WTAI',OTC,0.46875,0.46875,1744,0,World Transport Authority Inc,0,0,0
20000906,31854,WTAI',OTC,0.515625,0.515625,2909,0,World Transport Authority Inc,0,0,0
20000907,31854,WTAI',OTC,0.453125,0.453125,3173,0,World Transport Authority Inc,0,0,0
20000908,31854,WTAI',OTC,0.46875,0.46875,3218,0,World Transport Authority Inc,0,0,0
20000911,31854,WTAI',OTC,0.5,0.5,3990,0,World Transport Authority Inc,0,0,0
20000912,31854,WTAI',OTC,0.5625,0.5625,9420,0,World Transport Authority Inc,0,0,0
20000913,31854,WTAI',OTC,0.8125,0.8125,60547,0,World Transport Authority Inc,0,0,0
20000914,31854,WTAI',OTC,0.6875,0.6875,28669,0,World Transport Authority Inc,0,0,0
20000915,31854,WTAI',OTC,0.6875,0.6875,11583,0,World Transport Authority Inc,0,0,0
20000918,31854,WTAI',OTC,0.640625,0.640625,5269,0,World Transport Authority Inc,0,0,0
20000919,31854,WTAI',OTC,0.765625,0.765625,39768,0,World Transport Authority Inc,0,0,0
20000920,31854,WTAI',OTC,0.8125,0.8125,10079,0,World Transport Authority Inc,0,0,0
20000921,31854,WTAI',OTC,0.765625,0.765625,6475,0,World Transport Authority Inc,0,0,0
20000922,31854,WTAI',OTC,0.765625,0.765625,5399,0,World Transport Authority Inc,0,0,0
20000925,31854,WTAI',OTC,0.8125,0.8125,6200,0,World Transport Authority Inc,0,0,0
20000926,31854,WTAI',OTC,0.75,0.75,6183,0,World Transport Authority Inc,0,0,0
20000927,31854,WTAI',OTC,0.703125,0.703125,6213,0,World Transport Authority Inc,0,0,0
20000928,31854,WTAI',OTC,0.6875,0.6875,5294,0,World Transport Authority Inc,0,0,0
20000929,31854,WTAI',OTC,0.703125,0.703125,3141,0,World Transport Authority Inc,0,0,0
20001002,31854,WTAI',OTC,0.75,0.75,4876,0,World Transport Authority Inc,0,0,0
20001003,31854,WTAI',OTC,0.734375,0.734375,2714,0,World Transport Authority Inc,0,0,0
20001004,31854,WTAI',OTC,0.671875,0.671875,3697,0,World Transport Authority Inc,0,0,0
20001005,31854,WTAI',OTC,0.625,0.625,4631,0,World Transport Authority Inc,0,0,0
20001006,31854,WTAI',OTC,0.578125,0.578125,5248,0,World Transport Authority Inc,0,0,0
20001009,31854,WTAI',OTC,0.515625,0.515625,3671,0,World Transport Authority Inc,0,0,0
20001010,31854,WTAI',OTC,0.578125,0.578125,2493,0,World Transport Authority Inc,0,0,0
20001011,31854,WTAI',OTC,0.59375,0.59375,1441,0,World Transport Authority Inc,0,0,0
20001012,31854,WTAI',OTC,0.53125,0.53125,3402,0,World Transport Authority Inc,0,0,0
20001013,31854,WTAI',OTC,0.546875,0.546875,2595,0,World Transport Authority Inc,0,0,0
20001016,31854,WTAI',OTC,0.53125,0.53125,1868,0,World Transport Authority Inc,0,0,0
20001017,31854,WTAI',OTC,0.5,0.5,3875,0,World Transport Authority Inc,0,0,0
20001018,31854,WTAI',OTC,0.484375,0.484375,2087,0,World Transport Authority Inc,0,0,0
20001019,31854,WTAI',OTC,0.515625,0.515625,1967,0,World Transport Authority Inc,0,0,0
20001020,31854,WTAI',OTC,0.5,0.5,1109,0,World Transport Authority Inc,0,0,0
20001023,31854,WTAI',OTC,0.5,0.5,1297,0,World Transport Authority Inc,0,0,0
20001024,31854,WTAI',OTC,0.484375,0.484375,3514,0,World Transport Authority Inc,0,0,0
20001025,31854,WTAI',OTC,0.515625,0.515625,2950,0,World Transport Authority Inc,0,0,0
20001026,31854,WTAI',OTC,0.53125,0.53125,1701,0,World Transport Authority Inc,0,0,0
20001027,31854,WTAI',OTC,0.5,0.5,1113,0,World Transport Authority Inc,0,0,0
20001030,31854,WTAI',OTC,0.453125,0.453125,1584,0,World Transport Authority Inc,0,0,0
20001031,31854,WTAI',OTC,0.4375,0.4375,1445,0,World Transport Authority Inc,0,0,0
20001101,31854,WTAI',OTC,0.4375,0.4375,2085,0,World Transport Authority Inc,0,0,0
20001102,31854,WTAI',OTC,0.453125,0.453125,2161,0,World Transport Authority Inc,0,0,0
20001103,31854,WTAI',OTC,0.4375,0.4375,1871,0,World Transport Authority Inc,0,0,0
20001106,31854,WTAI',OTC,0.40625,0.40625,1510,0,World Transport Authority Inc,0,0,0
20001107,31854,WTAI',OTC,0.40625,0.40625,1433,0,World Transport Authority Inc,0,0,0
20001108,31854,WTAI',OTC,0.453125,0.453125,2310,0,World Transport Authority Inc,0,0,0
20001109,31854,WTAI',OTC,0.390625,0.390625,1270,0,World Transport Authority Inc,0,0,0
20001110,31854,WTAI',OTC,0.40625,0.40625,1329,0,World Transport Authority Inc,0,0,0
20001113,31854,WTAI',OTC,0.34375,0.34375,3513,0,World Transport Authority Inc,0,0,0
20001114,31854,WTAI',OTC,0.359375,0.359375,2778,0,World Transport Authority Inc,0,0,0
20001115,31854,WTAI',OTC,0.296875,0.296875,5286,0,World Transport Authority Inc,0,0,0
20001116,31854,WTAI',OTC,0.296875,0.296875,5786,0,World Transport Authority Inc,0,0,0
20001117,31854,WTAI',OTC,0.3125,0.3125,1489,0,World Transport Authority Inc,0,0,0
20001120,31854,WTAI',OTC,0.296875,0.296875,2899,0,World Transport Authority Inc,0,0,0
20001121,31854,WTAI',OTC,0.28125,0.28125,2260,0,World Transport Authority Inc,0,0,0
20001122,31854,WTAI',OTC,0.265625,0.265625,2577,0,World Transport Authority Inc,0,0,0
20001124,31854,WTAI',OTC,0.234375,0.234375,4123,0,World Transport Authority Inc,0,0,0
20001127,31854,WTAI',OTC,0.234375,0.234375,2643,0,World Transport Authority Inc,0,0,0
20001128,31854,WTAI',OTC,0.328125,0.328125,3017,0,World Transport Authority Inc,0,0,0
20001129,31854,WTAI',OTC,0.296875,0.296875,2339,0,World Transport Authority Inc,0,0,0
20001130,31854,WTAI',OTC,0.3125,0.3125,75,0,World Transport Authority Inc,0,0,0
20001201,31854,WTAI',OTC,0.3125,0.3125,1751,0,World Transport Authority Inc,0,0,0
20001204,31854,WTAI',OTC,0.3125,0.3125,128,0,World Transport Authority Inc,0,0,0
20001205,31854,WTAI',OTC,0.28125,0.28125,1793,0,World Transport Authority Inc,0,0,0
20001206,31854,WTAI',OTC,0.3125,0.3125,2288,0,World Transport Authority Inc,0,0,0
20001207,31854,WTAI',OTC,0.3125,0.3125,1591,0,World Transport Authority Inc,0,0,0
20001208,31854,WTAI',OTC,0.28125,0.28125,2619,0,World Transport Authority Inc,0,0,0
20001211,31854,WTAI',OTC,0.265625,0.265625,1259,0,World Transport Authority Inc,0,0,0
20001212,31854,WTAI',OTC,0.265625,0.265625,1821,0,World Transport Authority Inc,0,0,0
20001213,31854,WTAI',OTC,0.265625,0.265625,1474,0,World Transport Authority Inc,0,0,0
20001214,31854,WTAI',OTC,0.25,0.25,516,0,World Transport Authority Inc,0,0,0
20001215,31854,WTAI',OTC,0.234375,0.234375,3175,0,World Transport Authority Inc,0,0,0
20001218,31854,WTAI',OTC,0.265625,0.265625,1930,0,World Transport Authority Inc,0,0,0
20001219,31854,WTAI',OTC,0.234375,0.234375,1534,0,World Transport Authority Inc,0,0,0
20001220,31854,WTAI',OTC,0.234375,0.234375,2347,0,World Transport Authority Inc,0,0,0
20001221,31854,WTAI',OTC,0.265625,0.265625,4748,0,World Transport Authority Inc,0,0,0
20001222,31854,WTAI',OTC,0.25,0.25,2623,0,World Transport Authority Inc,0,0,0
20001226,31854,WTAI',OTC,0.21875,0.21875,3875,0,World Transport Authority Inc,0,0,0
20001227,31854,WTAI',OTC,0.25,0.25,2607,0,World Transport Authority Inc,0,0,0
20001228,31854,WTAI',OTC,0.21875,0.21875,1316,0,World Transport Authority Inc,0,0,0
20001229,31854,WTAI',OTC,0.25,0.25,2790,0,World Transport Authority Inc,0,0,0
20010102,31854,WTAI',OTC,0.25,0.25,1507,0,World Transport Authority Inc,0,0,0
20010103,31854,WTAI',OTC,0.265625,0.265625,593,0,World Transport Authority Inc,0,0,0
20010104,31854,WTAI',OTC,0.28125,0.28125,967,0,World Transport Authority Inc,0,0,0
20010105,31854,WTAI',OTC,0.296875,0.296875,815,0,World Transport Authority Inc,0,0,0
20010108,31854,WTAI',OTC,0.390625,0.390625,2718,0,World Transport Authority Inc,0,0,0
20010109,31854,WTAI',OTC,0.34375,0.34375,3158,0,World Transport Authority Inc,0,0,0
20010110,31854,WTAI',OTC,0.34375,0.34375,601,0,World Transport Authority Inc,0,0,0
20010111,31854,WTAI',OTC,0.34375,0.34375,741,0,World Transport Authority Inc,0,0,0
20010112,31854,WTAI',OTC,0.375,0.375,785,0,World Transport Authority Inc,0,0,0
20010116,31854,WTAI',OTC,0.3125,0.3125,1643,0,World Transport Authority Inc,0,0,0
20010117,31854,WTAI',OTC,0.453125,0.453125,4602,0,World Transport Authority Inc,0,0,0
20010118,31854,WTAI',OTC,0.453125,0.453125,4672,0,World Transport Authority Inc,0,0,0
20010119,31854,WTAI',OTC,0.484375,0.484375,4513,0,World Transport Authority Inc,0,0,0
20010122,31854,WTAI',OTC,0.53125,0.53125,4925,0,World Transport Authority Inc,0,0,0
20010123,31854,WTAI',OTC,0.453125,0.453125,3567,0,World Transport Authority Inc,0,0,0
20010124,31854,WTAI',OTC,0.4375,0.4375,1113,0,World Transport Authority Inc,0,0,0
20010125,31854,WTAI',OTC,0.40625,0.40625,1827,0,World Transport Authority Inc,0,0,0
20010126,31854,WTAI',OTC,0.40625,0.40625,1024,0,World Transport Authority Inc,0,0,0
20010129,31854,WTAI',OTC,0.359375,0.359375,1568,0,World Transport Authority Inc,0,0,0
20010130,31854,WTAI',OTC,0.375,0.375,384,0,World Transport Authority Inc,0,0,0
20010131,31854,WTAI',OTC,0.359375,0.359375,326,0,World Transport Authority Inc,0,0,0
20010201,31854,WTAI',OTC,0.40625,0.40625,222,0,World Transport Authority Inc,0,0,0
20010202,31854,WTAI',OTC,0.375,0.375,527,0,World Transport Authority Inc,0,0,0
20010205,31854,WTAI',OTC,0.34375,0.34375,2042,0,World Transport Authority Inc,0,0,0
20010206,31854,WTAI',OTC,0.34375,0.34375,1157,0,World Transport Authority Inc,0,0,0
20010207,31854,WTAI',OTC,0.375,0.375,826,0,World Transport Authority Inc,0,0,0
20010208,31854,WTAI',OTC,0.34375,0.34375,495,0,World Transport Authority Inc,0,0,0
20010209,31854,WTAI',OTC,0.375,0.375,1413,0,World Transport Authority Inc,0,0,0
20010212,31854,WTAI',OTC,0.375,0.375,1038,0,World Transport Authority Inc,0,0,0
20010213,31854,WTAI',OTC,0.375,0.375,2237,0,World Transport Authority Inc,0,0,0
20010214,31854,WTAI',OTC,0.34375,0.34375,2338,0,World Transport Authority Inc,0,0,0
20010215,31854,WTAI',OTC,0.3125,0.3125,2302,0,World Transport Authority Inc,0,0,0
20010216,31854,WTAI',OTC,0.296875,0.296875,2530,0,World Transport Authority Inc,0,0,0
20010220,31854,WTAI',OTC,0.234375,0.234375,2738,0,World Transport Authority Inc,0,0,0
20010221,31854,WTAI',OTC,0.265625,0.265625,1748,0,World Transport Authority Inc,0,0,0
20010222,31854,WTAI',OTC,0.296875,0.296875,1173,0,World Transport Authority Inc,0,0,0
20010223,31854,WTAI',OTC,0.28125,0.28125,2189,0,World Transport Authority Inc,0,0,0
20010226,31854,WTAI',OTC,0.265625,0.265625,2413,0,World Transport Authority Inc,0,0,0
20010227,31854,WTAI',OTC,0.25,0.25,1202,0,World Transport Authority Inc,0,0,0
20010228,31854,WTAI',OTC,0.234375,0.234375,1979,0,World Transport Authority Inc,0,0,0
20010301,31854,WTAI',OTC,0.234375,0.234375,1308,0,World Transport Authority Inc,0,0,0
20010302,31854,WTAI',OTC,0.21875,0.21875,927,0,World Transport Authority Inc,0,0,0
20010305,31854,WTAI',OTC,0.203125,0.203125,2103,0,World Transport Authority Inc,0,0,0
20010306,31854,WTAI',OTC,0.21875,0.21875,1998,0,World Transport Authority Inc,0,0,0
20010307,31854,WTAI',OTC,0.234375,0.234375,1650,0,World Transport Authority Inc,0,0,0
20010308,31854,WTAI',OTC,0.203125,0.203125,1007,0,World Transport Authority Inc,0,0,0
20010309,31854,WTAI',OTC,0.234375,0.234375,550,0,World Transport Authority Inc,0,0,0
20010312,31854,WTAI',OTC,0.234375,0.234375,3160,0,World Transport Authority Inc,0,0,0
20010313,31854,WTAI',OTC,0.25,0.25,1733,0,World Transport Authority Inc,0,0,0
20010314,31854,WTAI',OTC,0.234375,0.234375,1430,0,World Transport Authority Inc,0,0,0
20010315,31854,WTAI',OTC,0.203125,0.203125,584,0,World Transport Authority Inc,0,0,0
20010316,31854,WTAI',OTC,0.21875,0.21875,4257,0,World Transport Authority Inc,0,0,0
20010319,31854,WTAI',OTC,0.203125,0.203125,1839,0,World Transport Authority Inc,0,0,0
20010320,31854,WTAI',OTC,0.203125,0.203125,336,0,World Transport Authority Inc,0,0,0
20010321,31854,WTAI',OTC,0.203125,0.203125,481,0,World Transport Authority Inc,0,0,0
20010322,31854,WTAI',OTC,0.21875,0.21875,1149,0,World Transport Authority Inc,0,0,0
20010323,31854,WTAI',OTC,0.234375,0.234375,797,0,World Transport Authority Inc,0,0,0
20010326,31854,WTAI',OTC,0.1875,0.1875,1295,0,World Transport Authority Inc,0,0,0
20010327,31854,WTAI',OTC,0.21875,0.21875,1688,0,World Transport Authority Inc,0,0,0
20010328,31854,WTAI',OTC,0.1875,0.1875,2023,0,World Transport Authority Inc,0,0,0
20010329,31854,WTAI',OTC,0.1875,0.1875,1627,0,World Transport Authority Inc,0,0,0
20010330,31854,WTAI',OTC,0.203125,0.203125,1853,0,World Transport Authority Inc,0,0,0
20010402,31854,WTAI',OTC,0.1875,0.1875,721,0,World Transport Authority Inc,0,0,0
20010403,31854,WTAI',OTC,0.1875,0.1875,1711,0,World Transport Authority Inc,0,0,0
20010404,31854,WTAI',OTC,0.1875,0.1875,628,0,World Transport Authority Inc,0,0,0
20010405,31854,WTAI',OTC,0.203125,0.203125,2410,0,World Transport Authority Inc,0,0,0
20010406,31854,WTAI',OTC,0.21875,0.21875,1741,0,World Transport Authority Inc,0,0,0
20010409,31854,WTAI',OTC,0.23,0.23,172,0,World Transport Authority Inc,0,0,0
20010410,31854,WTAI',OTC,0.18,0.18,784,0,World Transport Authority Inc,0,0,0
20010411,31854,WTAI',OTC,0.18,0.18,430,0,World Transport Authority Inc,0,0,0
20010412,31854,WTAI',OTC,0.22,0.22,2205,0,World Transport Authority Inc,0,0,0
20010416,31854,WTAI',OTC,0.22,0.22,1055,0,World Transport Authority Inc,0,0,0
20010417,31854,WTAI',OTC,0.24,0.24,5090,0,World Transport Authority Inc,0,0,0
20010418,31854,WTAI',OTC,0.25,0.25,1263,0,World Transport Authority Inc,0,0,0
20010419,31854,WTAI',OTC,0.26,0.26,1066,0,World Transport Authority Inc,0,0,0
20010420,31854,WTAI',OTC,0.28,0.28,2582,0,World Transport Authority Inc,0,0,0
20010423,31854,WTAI',OTC,0.26,0.26,896,0,World Transport Authority Inc,0,0,0
20010424,31854,WTAI',OTC,0.24,0.24,233,0,World Transport Authority Inc,0,0,0
20010425,31854,WTAI',OTC,0.24,0.24,2466,0,World Transport Authority Inc,0,0,0
20010426,31854,WTAI',OTC,0.23,0.23,2823,0,World Transport Authority Inc,0,0,0
20010427,31854,WTAI',OTC,0.21,0.21,2018,0,World Transport Authority Inc,0,0,0
20010430,31854,WTAI',OTC,0.23,0.23,1777,0,World Transport Authority Inc,0,0,0
20010501,31854,WTAI',OTC,0.21,0.21,416,0,World Transport Authority Inc,0,0,0
20010502,31854,WTAI',OTC,0.24,0.24,3104,0,World Transport Authority Inc,0,0,0
20010503,31854,WTAI',OTC,0.24,0.24,67,0,World Transport Authority Inc,0,0,0
20010504,31854,WTAI',OTC,0.2,0.2,1527,0,World Transport Authority Inc,0,0,0
20010507,31854,WTAI',OTC,0.22,0.22,871,0,World Transport Authority Inc,0,0,0
20010508,31854,WTAI',OTC,0.2,0.2,1170,0,World Transport Authority Inc,0,0,0
20010509,31854,WTAI',OTC,0.21,0.21,750,0,World Transport Authority Inc,0,0,0
20010510,31854,WTAI',OTC,0.2,0.2,1807,0,World Transport Authority Inc,0,0,0
20010511,31854,WTAI',OTC,0.2,0.2,132,0,World Transport Authority Inc,0,0,0
20010514,31854,WTAI',OTC,0.19,0.19,1823,0,World Transport Authority Inc,0,0,0
20010515,31854,WTAI',OTC,0.19,0.19,1887,0,World Transport Authority Inc,0,0,0
20010516,31854,WTAI',OTC,0.19,0.19,732,0,World Transport Authority Inc,0,0,0
20010517,31854,WTAI',OTC,0.19,0.19,759,0,World Transport Authority Inc,0,0,0
20010518,31854,WTAI',OTC,0.19,0.19,1605,0,World Transport Authority Inc,0,0,0
20010521,31854,WTAI',OTC,0.19,0.19,1702,0,World Transport Authority Inc,0,0,0
20010522,31854,WTAI',OTC,0.21,0.21,3095,0,World Transport Authority Inc,0,0,0
20010523,31854,WTAI',OTC,0.21,0.21,1960,0,World Transport Authority Inc,0,0,0
20010524,31854,WTAI',OTC,0.19,0.19,727,0,World Transport Authority Inc,0,0,0
20010525,31854,WTAI',OTC,0.2,0.2,530,0,World Transport Authority Inc,0,0,0
20010529,31854,WTAI',OTC,0.2,0.2,819,0,World Transport Authority Inc,0,0,0
20010530,31854,WTAI',OTC,0.2,0.2,444,0,World Transport Authority Inc,0,0,0
20010531,31854,WTAI',OTC,0.2,0.2,98,0,World Transport Authority Inc,0,0,0
20010601,31854,WTAI',OTC,0.2,0.2,814,0,World Transport Authority Inc,0,0,0
20010604,31854,WTAI',OTC,0.22,0.22,4649,0,World Transport Authority Inc,0,0,0
20010605,31854,WTAI',OTC,0.22,0.22,1847,0,World Transport Authority Inc,0,0,0
20010606,31854,WTAI',OTC,0.22,0.22,2730,0,World Transport Authority Inc,0,0,0
20010607,31854,WTAI',OTC,0.2,0.2,1772,0,World Transport Authority Inc,0,0,0
20010608,31854,WTAI',OTC,0.2,0.2,473,0,World Transport Authority Inc,0,0,0
20010611,31854,WTAI',OTC,0.2,0.2,1473,0,World Transport Authority Inc,0,0,0
20010612,31854,WTAI',OTC,0.19,0.19,1140,0,World Transport Authority Inc,0,0,0
20010613,31854,WTAI',OTC,0.19,0.19,1490,0,World Transport Authority Inc,0,0,0
20010614,31854,WTAI',OTC,0.19,0.19,1026,0,World Transport Authority Inc,0,0,0
20010615,31854,WTAI',OTC,0.2,0.2,3148,0,World Transport Authority Inc,0,0,0
20010618,31854,WTAI',OTC,0.19,0.19,555,0,World Transport Authority Inc,0,0,0
20010619,31854,WTAI',OTC,0.19,0.19,1768,0,World Transport Authority Inc,0,0,0
20010620,31854,WTAI',OTC,0.2,0.2,1505,0,World Transport Authority Inc,0,0,0
20010621,31854,WTAI',OTC,0.2,0.2,1582,0,World Transport Authority Inc,0,0,0
20010622,31854,WTAI',OTC,0.18,0.18,447,0,World Transport Authority Inc,0,0,0
20010625,31854,WTAI',OTC,0.19,0.19,640,0,World Transport Authority Inc,0,0,0
20010626,31854,WTAI',OTC,0.2,0.2,656,0,World Transport Authority Inc,0,0,0
20010627,31854,WTAI',OTC,0.18,0.18,1312,0,World Transport Authority Inc,0,0,0
20010628,31854,WTAI',OTC,0.19,0.19,1269,0,World Transport Authority Inc,0,0,0
20010629,31854,WTAI',OTC,0.2,0.2,707,0,World Transport Authority Inc,0,0,0
20010702,31854,WTAI',OTC,0.19,0.19,1065,0,World Transport Authority Inc,0,0,0
20010703,31854,WTAI',OTC,0.19,0.19,694,0,World Transport Authority Inc,0,0,0
20010705,31854,WTAI',OTC,0.19,0.19,956,0,World Transport Authority Inc,0,0,0
20010706,31854,WTAI',OTC,0.18,0.18,1259,0,World Transport Authority Inc,0,0,0
20010709,31854,WTAI',OTC,0.17,0.17,619,0,World Transport Authority Inc,0,0,0
20010710,31854,WTAI',OTC,0.17,0.17,1778,0,World Transport Authority Inc,0,0,0
20010711,31854,WTAI',OTC,0.14,0.14,2133,0,World Transport Authority Inc,0,0,0
20010712,31854,WTAI',OTC,0.14,0.14,1351,0,World Transport Authority Inc,0,0,0
20010713,31854,WTAI',OTC,0.14,0.14,1641,0,World Transport Authority Inc,0,0,0
20010716,31854,WTAI',OTC,0.12,0.12,2249,0,World Transport Authority Inc,0,0,0
20010717,31854,WTAI',OTC,0.13,0.13,637,0,World Transport Authority Inc,0,0,0
20010718,31854,WTAI',OTC,0.13,0.13,906,0,World Transport Authority Inc,0,0,0
20010719,31854,WTAI',OTC,0.15,0.15,659,0,World Transport Authority Inc,0,0,0
20010720,31854,WTAI',OTC,0.14,0.14,639,0,World Transport Authority Inc,0,0,0
20010723,31854,WTAI',OTC,0.12,0.12,284,0,World Transport Authority Inc,0,0,0
20010724,31854,WTAI',OTC,0.12,0.12,745,0,World Transport Authority Inc,0,0,0
20010725,31854,WTAI',OTC,0.11,0.11,1542,0,World Transport Authority Inc,0,0,0
20010726,31854,WTAI',OTC,0.1,0.1,703,0,World Transport Authority Inc,0,0,0
20010727,31854,WTAI',OTC,0.12,0.12,1478,0,World Transport Authority Inc,0,0,0
20010730,31854,WTAI',OTC,0.12,0.12,2730,0,World Transport Authority Inc,0,0,0
20010731,31854,WTAI',OTC,0.1,0.1,3241,0,World Transport Authority Inc,0,0,0
20010801,31854,WTAI',OTC,0.09,0.09,679,0,World Transport Authority Inc,0,0,0
20010802,31854,WTAI',OTC,0.09,0.09,428,0,World Transport Authority Inc,0,0,0
20010803,31854,WTAI',OTC,0.08,0.08,4381,0,World Transport Authority Inc,0,0,0
20010806,31854,WTAI',OTC,0.06,0.06,5856,0,World Transport Authority Inc,0,0,0
20010807,31854,WTAI',OTC,0.09,0.09,4599,0,World Transport Authority Inc,0,0,0
20010808,31854,WTAI',OTC,0.07,0.07,944,0,World Transport Authority Inc,0,0,0
20010809,31854,WTAI',OTC,0.07,0.07,499,0,World Transport Authority Inc,0,0,0
20010810,31854,WTAI',OTC,0.08,0.08,580,0,World Transport Authority Inc,0,0,0
20010813,31854,WTAI',OTC,0.07,0.07,240,0,World Transport Authority Inc,0,0,0
20010814,31854,WTAI',OTC,0.08,0.08,316,0,World Transport Authority Inc,0,0,0
20010815,31854,WTAI',OTC,0.1,0.1,2281,0,World Transport Authority Inc,0,0,0
20010816,31854,WTAI',OTC,0.11,0.11,2225,0,World Transport Authority Inc,0,0,0
20010817,31854,WTAI',OTC,0.1,0.1,2090,0,World Transport Authority Inc,0,0,0
20010820,31854,WTAI',OTC,0.1,0.1,3027,0,World Transport Authority Inc,0,0,0
20010821,31854,WTAI',OTC,0.09,0.09,2512,0,World Transport Authority Inc,0,0,0
20010822,31854,WTAI',OTC,0.08,0.08,1028,0,World Transport Authority Inc,0,0,0
20010823,31854,WTAI',OTC,0.08,0.08,972,0,World Transport Authority Inc,0,0,0
20010824,31854,WTAI',OTC,0.08,0.08,275,0,World Transport Authority Inc,0,0,0
20010827,31854,WTAI',OTC,0.08,0.08,463,0,World Transport Authority Inc,0,0,0
20010828,31854,WTAI',OTC,0.08,0.08,400,0,World Transport Authority Inc,0,0,0
20010829,31854,WTAI',OTC,0.07,0.07,1877,0,World Transport Authority Inc,0,0,0
20010830,31854,WTAI',OTC,0.06,0.06,1284,0,World Transport Authority Inc,0,0,0
20010831,31854,WTAI',OTC,0.06,0.06,6210,0,World Transport Authority Inc,0,0,0
20010904,31854,WTAI',OTC,0.06,0.06,320,0,World Transport Authority Inc,0,0,0
20010905,31854,WTAI',OTC,0.05,0.05,2341,0,World Transport Authority Inc,0,0,0
20010906,31854,WTAI',OTC,0.06,0.06,996,0,World Transport Authority Inc,0,0,0
20010907,31854,WTAI',OTC,0.06,0.06,119,0,World Transport Authority Inc,0,0,0
20010910,31854,WTAI',OTC,0.06,0.06,580,0,World Transport Authority Inc,0,0,0
20010917,31854,WTAI',OTC,0.05,0.05,2762,0,World Transport Authority Inc,0,0,0
20010918,31854,WTAI',OTC,0.05,0.05,4746,0,World Transport Authority Inc,0,0,0
20010919,31854,WTAI',OTC,0.05,0.05,1555,0,World Transport Authority Inc,0,0,0
20010920,31854,WTAI',OTC,0.04,0.04,681,0,World Transport Authority Inc,0,0,0
20010921,31854,WTAI',OTC,0.03,0.03,5846,0,World Transport Authority Inc,0,0,0
20010924,31854,WTAI',OTC,0.03,0.03,3827,0,World Transport Authority Inc,0,0,0
20010925,31854,WTAI',OTC,0.04,0.04,3144,0,World Transport Authority Inc,0,0,0
20010926,31854,WTAI',OTC,0.04,0.04,1886,0,World Transport Authority Inc,0,0,0
20010927,31854,WTAI',OTC,0.04,0.04,170,0,World Transport Authority Inc,0,0,0
20010928,31854,WTAI',OTC,0.05,0.05,2452,0,World Transport Authority Inc,0,0,0
20011001,31854,WTAI',OTC,0.06,0.06,3325,0,World Transport Authority Inc,0,0,0
20011002,31854,WTAI',OTC,0.07,0.07,1428,0,World Transport Authority Inc,0,0,0
20011003,31854,WTAI',OTC,0.07,0.07,1112,0,World Transport Authority Inc,0,0,0
20011004,31854,WTAI',OTC,0.07,0.07,1526,0,World Transport Authority Inc,0,0,0
20011005,31854,WTAI',OTC,0.07,0.07,3024,0,World Transport Authority Inc,0,0,0
20011008,31854,WTAI',OTC,0.07,0.07,1320,0,World Transport Authority Inc,0,0,0
20011009,31854,WTAI',OTC,0.07,0.07,587,0,World Transport Authority Inc,0,0,0
20011010,31854,WTAI',OTC,0.07,0.07,2071,0,World Transport Authority Inc,0,0,0
20011011,31854,WTAI',OTC,0.06,0.06,3204,0,World Transport Authority Inc,0,0,0
20011012,31854,WTAI',OTC,0.06,0.06,438,0,World Transport Authority Inc,0,0,0
20011015,31854,WTAI',OTC,0.05,0.05,1201,0,World Transport Authority Inc,0,0,0
20011016,31854,WTAI',OTC,0.06,0.06,895,0,World Transport Authority Inc,0,0,0
20011017,31854,WTAI',OTC,0.06,0.06,120,0,World Transport Authority Inc,0,0,0
20011018,31854,WTAI',OTC,0.05,0.05,519,0,World Transport Authority Inc,0,0,0
20011019,31854,WTAI',OTC,0.05,0.05,0,0,World Transport Authority Inc,0,0,0
20011022,31854,WTAI',OTC,0.05,0.05,2020,0,World Transport Authority Inc,0,0,0
20011023,31854,WTAI',OTC,0.05,0.05,3635,0,World Transport Authority Inc,0,0,0
20011024,31854,WTAI',OTC,0.05,0.05,2770,0,World Transport Authority Inc,0,0,0
20011025,31854,WTAI',OTC,0.05,0.05,700,0,World Transport Authority Inc,0,0,0
20011026,31854,WTAI',OTC,0.05,0.05,1120,0,World Transport Authority Inc,0,0,0
20011029,31854,WTAI',OTC,0.05,0.05,1560,0,World Transport Authority Inc,0,0,0
20011030,31854,WTAI',OTC,0.05,0.05,836,0,World Transport Authority Inc,0,0,0
20011031,31854,WTAI',OTC,0.06,0.06,459,0,World Transport Authority Inc,0,0,0
20011101,31854,WTAI',OTC,0.05,0.05,639,0,World Transport Authority Inc,0,0,0
20011102,31854,WTAI',OTC,0.05,0.05,1201,0,World Transport Authority Inc,0,0,0
20011105,31854,WTAI',OTC,0.04,0.04,127,0,World Transport Authority Inc,0,0,0
20011106,31854,WTAI',OTC,0.04,0.04,891,0,World Transport Authority Inc,0,0,0
20011107,31854,WTAI',OTC,0.05,0.05,502,0,World Transport Authority Inc,0,0,0
20011108,31854,WTAI',OTC,0.04,0.04,1795,0,World Transport Authority Inc,0,0,0
20011109,31854,WTAI',OTC,0.05,0.05,2614,0,World Transport Authority Inc,0,0,0
20011112,31854,WTAI',OTC,0.05,0.05,630,0,World Transport Authority Inc,0,0,0
20011113,31854,WTAI',OTC,0.05,0.05,2165,0,World Transport Authority Inc,0,0,0
20011114,31854,WTAI',OTC,0.05,0.05,135,0,World Transport Authority Inc,0,0,0
20011115,31854,WTAI',OTC,0.04,0.04,2378,0,World Transport Authority Inc,0,0,0
20011116,31854,WTAI',OTC,0.04,0.04,778,0,World Transport Authority Inc,0,0,0
20011119,31854,WTAI',OTC,0.05,0.05,670,0,World Transport Authority Inc,0,0,0
20011120,31854,WTAI',OTC,0.05,0.05,75,0,World Transport Authority Inc,0,0,0
20011121,31854,WTAI',OTC,0.05,0.05,4669,0,World Transport Authority Inc,0,0,0
20011123,31854,WTAI',OTC,0.05,0.05,205,0,World Transport Authority Inc,0,0,0
20011126,31854,WTAI',OTC,0.04,0.04,1428,0,World Transport Authority Inc,0,0,0
20011127,31854,WTAI',OTC,0.04,0.04,130,0,World Transport Authority Inc,0,0,0
20011128,31854,WTAI',OTC,0.04,0.04,352,0,World Transport Authority Inc,0,0,0
20011129,31854,WTAI',OTC,0.04,0.04,0,0,World Transport Authority Inc,0,0,0
20011130,31854,WTAI',OTC,0.04,0.04,60,0,World Transport Authority Inc,0,0,0
20011203,31854,WTAI',OTC,0.04,0.04,118,0,World Transport Authority Inc,0,0,0
20011204,31854,WTAI',OTC,0.05,0.05,970,0,World Transport Authority Inc,0,0,0
20011205,31854,WTAI',OTC,0.05,0.05,1202,0,World Transport Authority Inc,0,0,0
20011206,31854,WTAI',OTC,0.05,0.05,430,0,World Transport Authority Inc,0,0,0
20011207,31854,WTAI',OTC,0.04,0.04,843,0,World Transport Authority Inc,0,0,0
20011210,31854,WTAI',OTC,0.04,0.04,213,0,World Transport Authority Inc,0,0,0
20011211,31854,WTAI',OTC,0.04,0.04,147,0,World Transport Authority Inc,0,0,0
20011212,31854,WTAI',OTC,0.04,0.04,370,0,World Transport Authority Inc,0,0,0
20011213,31854,WTAI',OTC,0.04,0.04,255,0,World Transport Authority Inc,0,0,0
20011214,31854,WTAI',OTC,0.04,0.04,1473,0,World Transport Authority Inc,0,0,0
20011217,31854,WTAI',OTC,0.04,0.04,716,0,World Transport Authority Inc,0,0,0
20011218,31854,WTAI',OTC,0.03,0.03,3405,0,World Transport Authority Inc,0,0,0
20011219,31854,WTAI',OTC,0.04,0.04,7606,0,World Transport Authority Inc,0,0,0
20011220,31854,WTAI',OTC,0.04,0.04,891,0,World Transport Authority Inc,0,0,0
20011221,31854,WTAI',OTC,0.04,0.04,1092,0,World Transport Authority Inc,0,0,0
20011224,31854,WTAI',OTC,0.04,0.04,220,0,World Transport Authority Inc,0,0,0
20011226,31854,WTAI',OTC,0.03,0.03,2116,0,World Transport Authority Inc,0,0,0
20011227,31854,WTAI',OTC,0.03,0.03,2020,0,World Transport Authority Inc,0,0,0
20011228,31854,WTAI',OTC,0.03,0.03,908,0,World Transport Authority Inc,0,0,0
20011231,31854,WTAI',OTC,0.03,0.03,6992,0,World Transport Authority Inc,0,0,0
20020102,31854,WTAI',OTC,0.03,0.03,200,0,World Transport Authority Inc,0,0,0
20020103,31854,WTAI',OTC,0.03,0.03,1040,0,World Transport Authority Inc,0,0,0
20020104,31854,WTAI',OTC,0.03,0.03,224,0,World Transport Authority Inc,0,0,0
20020107,31854,WTAI',OTC,0.03,0.03,460,0,World Transport Authority Inc,0,0,0
20020108,31854,WTAI',OTC,0.03,0.03,178,0,World Transport Authority Inc,0,0,0
20020109,31854,WTAI',OTC,0.03,0.03,2366,0,World Transport Authority Inc,0,0,0
20020110,31854,WTAI',OTC,0.03,0.03,550,0,World Transport Authority Inc,0,0,0
20020111,31854,WTAI',OTC,0.03,0.03,277,0,World Transport Authority Inc,0,0,0
20020114,31854,WTAI',OTC,0.03,0.03,330,0,World Transport Authority Inc,0,0,0
20020115,31854,WTAI',OTC,0.03,0.03,18,0,World Transport Authority Inc,0,0,0
20020116,31854,WTAI',OTC,0.03,0.03,361,0,World Transport Authority Inc,0,0,0
20020117,31854,WTAI',OTC,0.03,0.03,897,0,World Transport Authority Inc,0,0,0
20020118,31854,WTAI',OTC,0.03,0.03,515,0,World Transport Authority Inc,0,0,0
20020122,31854,WTAI',OTC,0.03,0.03,5792,0,World Transport Authority Inc,0,0,0
20020123,31854,WTAI',OTC,0.05,0.05,3917,0,World Transport Authority Inc,0,0,0
20020124,31854,WTAI',OTC,0.08,0.08,3505,0,World Transport Authority Inc,0,0,0
20020125,31854,WTAI',OTC,0.07,0.07,13923,0,World Transport Authority Inc,0,0,0
20020128,31854,WTAI',OTC,0.1,0.1,8278,0,World Transport Authority Inc,0,0,0
20020129,31854,WTAI',OTC,0.14,0.14,12504,0,World Transport Authority Inc,0,0,0
20020130,31854,WTAI',OTC,0.15,0.15,12422,0,World Transport Authority Inc,0,0,0
20020131,31854,WTAI',OTC,0.12,0.12,7737,0,World Transport Authority Inc,0,0,0
20020201,31854,WTAI',OTC,0.11,0.11,3555,0,World Transport Authority Inc,0,0,0
20020204,31854,WTAI',OTC,0.1,0.1,523,0,World Transport Authority Inc,0,0,0
20020205,31854,WTAI',OTC,0.07,0.07,2865,0,World Transport Authority Inc,0,0,0
20020206,31854,WTAI',OTC,0.05,0.05,3446,0,World Transport Authority Inc,0,0,0
20020207,31854,WTAI',OTC,0.06,0.06,663,0,World Transport Authority Inc,0,0,0
20020208,31854,WTAI',OTC,0.06,0.06,1712,0,World Transport Authority Inc,0,0,0
20020211,31854,WTAI',OTC,0.06,0.06,740,0,World Transport Authority Inc,0,0,0
20020212,31854,WTAI',OTC,0.05,0.05,1965,0,World Transport Authority Inc,0,0,0
20020213,31854,WTAI',OTC,0.05,0.05,135,0,World Transport Authority Inc,0,0,0
20020214,31854,WTAI',OTC,0.06,0.06,1110,0,World Transport Authority Inc,0,0,0
20020215,31854,WTAI',OTC,0.06,0.06,180,0,World Transport Authority Inc,0,0,0
20020219,31854,WTAI',OTC,0.07,0.07,1393,0,World Transport Authority Inc,0,0,0
20020220,31854,WTAI',OTC,0.06,0.06,395,0,World Transport Authority Inc,0,0,0
20020221,31854,WTAI',OTC,0.06,0.06,499,0,World Transport Authority Inc,0,0,0
20020222,31854,WTAI',OTC,0.06,0.06,365,0,World Transport Authority Inc,0,0,0
20020225,31854,WTAI',OTC,0.06,0.06,320,0,World Transport Authority Inc,0,0,0
20020226,31854,WTAI',OTC,0.06,0.06,331,0,World Transport Authority Inc,0,0,0
20020227,31854,WTAI',OTC,0.05,0.05,1450,0,World Transport Authority Inc,0,0,0
20020228,31854,WTAI',OTC,0.06,0.06,626,0,World Transport Authority Inc,0,0,0
20020301,31854,WTAI',OTC,0.05,0.05,50,0,World Transport Authority Inc,0,0,0
20020304,31854,WTAI',OTC,0.06,0.06,1052,0,World Transport Authority Inc,0,0,0
20020305,31854,WTAI',OTC,0.05,0.05,675,0,World Transport Authority Inc,0,0,0
20020306,31854,WTAI',OTC,0.05,0.05,235,0,World Transport Authority Inc,0,0,0
20020307,31854,WTAI',OTC,0.05,0.05,749,0,World Transport Authority Inc,0,0,0
20020308,31854,WTAI',OTC,0.05,0.05,207,0,World Transport Authority Inc,0,0,0
20020311,31854,WTAI',OTC,0.05,0.05,468,0,World Transport Authority Inc,0,0,0
20020312,31854,WTAI',OTC,0.05,0.05,85,0,World Transport Authority Inc,0,0,0
20020313,31854,WTAI',OTC,0.05,0.05,85,0,World Transport Authority Inc,0,0,0
20020314,31854,WTAI',OTC,0.05,0.05,10,0,World Transport Authority Inc,0,0,0
20020315,31854,WTAI',OTC,0.05,0.05,1060,0,World Transport Authority Inc,0,0,0
20020318,31854,WTAI',OTC,0.05,0.05,488,0,World Transport Authority Inc,0,0,0
20020319,31854,WTAI',OTC,0.06,0.06,53,0,World Transport Authority Inc,0,0,0
20020320,31854,WTAI',OTC,0.05,0.05,950,0,World Transport Authority Inc,0,0,0
20020321,31854,WTAI',OTC,0.05,0.05,10,0,World Transport Authority Inc,0,0,0
20020322,31854,WTAI',OTC,0.05,0.05,740,0,World Transport Authority Inc,0,0,0
20020325,31854,WTAI',OTC,0.05,0.05,159,0,World Transport Authority Inc,0,0,0
20020326,31854,WTAI',OTC,0.05,0.05,410,0,World Transport Authority Inc,0,0,0
20020327,31854,WTAI',OTC,0.05,0.05,127,0,World Transport Authority Inc,0,0,0
20020328,31854,WTAI',OTC,0.05,0.05,309,0,World Transport Authority Inc,0,0,0
20020401,31854,WTAI',OTC,0.05,0.05,1500,0,World Transport Authority Inc,0,0,0
20020402,31854,WTAI',OTC,0.06,0.06,422,0,World Transport Authority Inc,0,0,0
20020403,31854,WTAI',OTC,0.05,0.05,460,0,World Transport Authority Inc,0,0,0
20020404,31854,WTAI',OTC,0.06,0.06,850,0,World Transport Authority Inc,0,0,0
20020405,31854,WTAI',OTC,0.06,0.06,300,0,World Transport Authority Inc,0,0,0
20020408,31854,WTAI',OTC,0.06,0.06,927,0,World Transport Authority Inc,0,0,0
20020409,31854,WTAI',OTC,0.06,0.06,200,0,World Transport Authority Inc,0,0,0
20020410,31854,WTAI',OTC,0.06,0.06,490,0,World Transport Authority Inc,0,0,0
20020411,31854,WTAI',OTC,0.06,0.06,160,0,World Transport Authority Inc,0,0,0
20020412,31854,WTAI',OTC,0.06,0.06,834,0,World Transport Authority Inc,0,0,0
20020415,31854,WTAI',OTC,0.07,0.07,1143,0,World Transport Authority Inc,0,0,0
20020416,31854,WTAI',OTC,0.08,0.08,1395,0,World Transport Authority Inc,0,0,0
20020417,31854,WTAI',OTC,0.07,0.07,2834,0,World Transport Authority Inc,0,0,0
20020418,31854,WTAI',OTC,0.07,0.07,1897,0,World Transport Authority Inc,0,0,0
20020419,31854,WTAI',OTC,0.07,0.07,660,0,World Transport Authority Inc,0,0,0
20020422,31854,WTAI',OTC,0.08,0.08,434,0,World Transport Authority Inc,0,0,0
20020423,31854,WTAI',OTC,0.07,0.07,494,0,World Transport Authority Inc,0,0,0
20020424,31854,WTAI',OTC,0.06,0.06,563,0,World Transport Authority Inc,0,0,0
20020425,31854,WTAI',OTC,0.05,0.05,1313,0,World Transport Authority Inc,0,0,0
20020426,31854,WTAI',OTC,0.05,0.05,620,0,World Transport Authority Inc,0,0,0
20020429,31854,WTAI',OTC,0.05,0.05,420,0,World Transport Authority Inc,0,0,0
20020430,31854,WTAI',OTC,0.05,0.05,410,0,World Transport Authority Inc,0,0,0
20020501,31854,WTAI',OTC,0.05,0.05,1020,0,World Transport Authority Inc,0,0,0
20020502,31854,WTAI',OTC,0.05,0.05,2,0,World Transport Authority Inc,0,0,0
20020503,31854,WTAI',OTC,0.05,0.05,1630,0,World Transport Authority Inc,0,0,0
20020506,31854,WTAI',OTC,0.05,0.05,1592,0,World Transport Authority Inc,0,0,0
20020507,31854,WTAI',OTC,0.05,0.05,821,0,World Transport Authority Inc,0,0,0
20020508,31854,WTAI',OTC,0.05,0.05,1100,0,World Transport Authority Inc,0,0,0
20020509,31854,WTAI',OTC,0.05,0.05,263,0,World Transport Authority Inc,0,0,0
20020510,31854,WTAI',OTC,0.05,0.05,1025,0,World Transport Authority Inc,0,0,0
20020513,31854,WTAI',OTC,0.05,0.05,112,0,World Transport Authority Inc,0,0,0
20020514,31854,WTAI',OTC,0.06,0.06,1490,0,World Transport Authority Inc,0,0,0
20020515,31854,WTAI',OTC,0.07,0.07,1485,0,World Transport Authority Inc,0,0,0
20020516,31854,WTAI',OTC,0.06,0.06,4300,0,World Transport Authority Inc,0,0,0
20020517,31854,WTAI',OTC,0.06,0.06,783,0,World Transport Authority Inc,0,0,0
20020520,31854,WTAI',OTC,0.07,0.07,675,0,World Transport Authority Inc,0,0,0
20020521,31854,WTAI',OTC,0.06,0.06,1285,0,World Transport Authority Inc,0,0,0
20020522,31854,WTAI',OTC,0.06,0.06,4052,0,World Transport Authority Inc,0,0,0
20020523,31854,WTAI',OTC,0.06,0.06,360,0,World Transport Authority Inc,0,0,0
20020524,31854,WTAI',OTC,0.06,0.06,30,0,World Transport Authority Inc,0,0,0
20020528,31854,WTAI',OTC,0.08,0.08,4206,0,World Transport Authority Inc,0,0,0
20020529,31854,WTAI',OTC,0.07,0.07,1762,0,World Transport Authority Inc,0,0,0
20020530,31854,WTAI',OTC,0.11,0.11,13343,0,World Transport Authority Inc,0,0,0
20020531,31854,WTAI',OTC,0.1,0.1,6423,0,World Transport Authority Inc,0,0,0
20020603,31854,WTAI',OTC,0.12,0.12,1559,0,World Transport Authority Inc,0,0,0
20020604,31854,WTAI',OTC,0.08,0.08,5622,0,World Transport Authority Inc,0,0,0
20020605,31854,WTAI',OTC,0.1,0.1,2609,0,World Transport Authority Inc,0,0,0
20020606,31854,WTAI',OTC,0.09,0.09,11754,0,World Transport Authority Inc,0,0,0
20020607,31854,WTAI',OTC,0.1,0.1,975,0,World Transport Authority Inc,0,0,0
20020610,31854,WTAI',OTC,0.09,0.09,1287,0,World Transport Authority Inc,0,0,0
20020611,31854,WTAI',OTC,0.09,0.09,3507,0,World Transport Authority Inc,0,0,0
20020612,31854,WTAI',OTC,0.08,0.08,1943,0,World Transport Authority Inc,0,0,0
20020613,31854,WTAI',OTC,0.08,0.08,1725,0,World Transport Authority Inc,0,0,0
20020614,31854,WTAI',OTC,0.08,0.08,1564,0,World Transport Authority Inc,0,0,0
20020617,31854,WTAI',OTC,0.09,0.09,452,0,World Transport Authority Inc,0,0,0
20020618,31854,WTAI',OTC,0.08,0.08,1300,0,World Transport Authority Inc,0,0,0
20020619,31854,WTAI',OTC,0.09,0.09,5246,0,World Transport Authority Inc,0,0,0
20020620,31854,WTAI',OTC,0.09,0.09,2160,0,World Transport Authority Inc,0,0,0
20020621,31854,WTAI',OTC,0.08,0.08,2480,0,World Transport Authority Inc,0,0,0
20020624,31854,WTAI',OTC,0.08,0.08,506,0,World Transport Authority Inc,0,0,0
20020625,31854,WTAI',OTC,0.07,0.07,750,0,World Transport Authority Inc,0,0,0
20020626,31854,WTAI',OTC,0.06,0.06,2550,0,World Transport Authority Inc,0,0,0
20020627,31854,WTAI',OTC,0.06,0.06,460,0,World Transport Authority Inc,0,0,0
20020628,31854,WTAI',OTC,0.07,0.07,1750,0,World Transport Authority Inc,0,0,0
20020701,31854,WTAI',OTC,0.07,0.07,1200,0,World Transport Authority Inc,0,0,0
20020702,31854,WTAI',OTC,0.06,0.06,3420,0,World Transport Authority Inc,0,0,0
20020703,31854,WTAI',OTC,0.05,0.05,3876,0,World Transport Authority Inc,0,0,0
20020705,31854,WTAI',OTC,0.05,0.05,2110,0,World Transport Authority Inc,0,0,0
20020708,31854,WTAI',OTC,0.06,0.06,98,0,World Transport Authority Inc,0,0,0
20020709,31854,WTAI',OTC,0.05,0.05,331,0,World Transport Authority Inc,0,0,0
20020710,31854,WTAI',OTC,0.06,0.06,3359,0,World Transport Authority Inc,0,0,0
20020711,31854,WTAI',OTC,0.07,0.07,2893,0,World Transport Authority Inc,0,0,0
20020712,31854,WTAI',OTC,0.07,0.07,964,0,World Transport Authority Inc,0,0,0
20020715,31854,WTAI',OTC,0.06,0.06,4155,0,World Transport Authority Inc,0,0,0
20020716,31854,WTAI',OTC,0.06,0.06,1826,0,World Transport Authority Inc,0,0,0
20020717,31854,WTAI',OTC,0.06,0.06,210,0,World Transport Authority Inc,0,0,0
20020718,31854,WTAI',OTC,0.06,0.06,4465,0,World Transport Authority Inc,0,0,0
20020719,31854,WTAI',OTC,0.05,0.05,320,0,World Transport Authority Inc,0,0,0
20020722,31854,WTAI',OTC,0.05,0.05,545,0,World Transport Authority Inc,0,0,0
20020723,31854,WTAI',OTC,0.05,0.05,1325,0,World Transport Authority Inc,0,0,0
20020724,31854,WTAI',OTC,0.05,0.05,535,0,World Transport Authority Inc,0,0,0
20020725,31854,WTAI',OTC,0.05,0.05,0,0,World Transport Authority Inc,0,0,0
20020726,31854,WTAI',OTC,0.06,0.06,327,0,World Transport Authority Inc,0,0,0
20020729,31854,WTAI',OTC,0.08,0.08,6653,0,World Transport Authority Inc,0,0,0
20020730,31854,WTAI',OTC,0.07,0.07,1070,0,World Transport Authority Inc,0,0,0
20020731,31854,WTAI',OTC,0.07,0.07,680,0,World Transport Authority Inc,0,0,0
20020801,31854,WTAI',OTC,0.07,0.07,1370,0,World Transport Authority Inc,0,0,0
20020802,31854,WTAI',OTC,0.07,0.07,1575,0,World Transport Authority Inc,0,0,0
20020805,31854,WTAI',OTC,0.07,0.07,1972,0,World Transport Authority Inc,0,0,0
20020806,31854,WTAI',OTC,0.06,0.06,400,0,World Transport Authority Inc,0,0,0
20020807,31854,WTAI',OTC,0.06,0.06,550,0,World Transport Authority Inc,0,0,0
20020808,31854,WTAI',OTC,0.06,0.06,185,0,World Transport Authority Inc,0,0,0
20020809,31854,WTAI',OTC,0.06,0.06,317,0,World Transport Authority Inc,0,0,0
20020812,31854,WTAI',OTC,0.09,0.09,5174,0,World Transport Authority Inc,0,0,0
20020813,31854,WTAI',OTC,0.09,0.09,6411,0,World Transport Authority Inc,0,0,0
20020814,31854,WTAI',OTC,0.08,0.08,3233,0,World Transport Authority Inc,0,0,0
20020815,31854,WTAI',OTC,0.07,0.07,955,0,World Transport Authority Inc,0,0,0
20020816,31854,WTAI',OTC,0.08,0.08,535,0,World Transport Authority Inc,0,0,0
20020819,31854,WTAI',OTC,0.12,0.12,3484,0,World Transport Authority Inc,0,0,0
20020820,31854,WTAI',OTC,0.09,0.09,1845,0,World Transport Authority Inc,0,0,0
20020821,31854,WTAI',OTC,0.09,0.09,1010,0,World Transport Authority Inc,0,0,0
20020822,31854,WTAI',OTC,0.08,0.08,2470,0,World Transport Authority Inc,0,0,0
20020823,31854,WTAI',OTC,0.09,0.09,2304,0,World Transport Authority Inc,0,0,0
20020826,31854,WTAI',OTC,0.08,0.08,982,0,World Transport Authority Inc,0,0,0
20020827,31854,WTAI',OTC,0.08,0.08,462,0,World Transport Authority Inc,0,0,0
20020828,31854,WTAI',OTC,0.08,0.08,1810,0,World Transport Authority Inc,0,0,0
20020829,31854,WTAI',OTC,0.08,0.08,110,0,World Transport Authority Inc,0,0,0
20020830,31854,WTAI',OTC,0.08,0.08,500,0,World Transport Authority Inc,0,0,0
20020903,31854,WTAI',OTC,0.08,0.08,505,0,World Transport Authority Inc,0,0,0
20020904,31854,WTAI',OTC,0.08,0.08,100,0,World Transport Authority Inc,0,0,0
20020905,31854,WTAI',OTC,0.08,0.08,240,0,World Transport Authority Inc,0,0,0
20020906,31854,WTAI',OTC,0.08,0.08,1184,0,World Transport Authority Inc,0,0,0
20020909,31854,WTAI',OTC,0.08,0.08,193,0,World Transport Authority Inc,0,0,0
20020910,31854,WTAI',OTC,0.08,0.08,257,0,World Transport Authority Inc,0,0,0
20020911,31854,WTAI',OTC,0.08,0.08,4,0,World Transport Authority Inc,0,0,0
20020912,31854,WTAI',OTC,0.08,0.08,111,0,World Transport Authority Inc,0,0,0
20020913,31854,WTAI',OTC,0.09,0.09,368,0,World Transport Authority Inc,0,0,0
20020916,31854,WTAI',OTC,0.1,0.1,373,0,World Transport Authority Inc,0,0,0
20020917,31854,WTAI',OTC,0.09,0.09,216,0,World Transport Authority Inc,0,0,0
20020918,31854,WTAI',OTC,0.09,0.09,120,0,World Transport Authority Inc,0,0,0
20020919,31854,WTAI',OTC,0.08,0.08,458,0,World Transport Authority Inc,0,0,0
20020920,31854,WTAI',OTC,0.08,0.08,348,0,World Transport Authority Inc,0,0,0
20020923,31854,WTAI',OTC,0.08,0.08,57,0,World Transport Authority Inc,0,0,0
20020924,31854,WTAI',OTC,0.08,0.08,400,0,World Transport Authority Inc,0,0,0
20020925,31854,WTAI',OTC,0.08,0.08,2170,0,World Transport Authority Inc,0,0,0
20020926,31854,WTAI',OTC,0.08,0.08,779,0,World Transport Authority Inc,0,0,0
20020927,31854,WTAI',OTC,0.06,0.06,1042,0,World Transport Authority Inc,0,0,0
20020930,31854,WTAI',OTC,0.06,0.06,183,0,World Transport Authority Inc,0,0,0
20021001,31854,WTAI',OTC,0.06,0.06,400,0,World Transport Authority Inc,0,0,0
20021002,31854,WTAI',OTC,0.06,0.06,490,0,World Transport Authority Inc,0,0,0
20021003,31854,WTAI',OTC,0.05,0.05,223,0,World Transport Authority Inc,0,0,0
20021004,31854,WTAI',OTC,0.06,0.06,50,0,World Transport Authority Inc,0,0,0
20021007,31854,WTAI',OTC,0.06,0.06,927,0,World Transport Authority Inc,0,0,0
20021008,31854,WTAI',OTC,0.06,0.06,16,0,World Transport Authority Inc,0,0,0
20021009,31854,WTAI',OTC,0.06,0.06,58,0,World Transport Authority Inc,0,0,0
20021010,31854,WTAI',OTC,0.06,0.06,382,0,World Transport Authority Inc,0,0,0
20021011,31854,WTAI',OTC,0.08,0.08,8667,0,World Transport Authority Inc,0,0,0
20021014,31854,WTAI',OTC,0.08,0.08,926,0,World Transport Authority Inc,0,0,0
20021015,31854,WTAI',OTC,0.08,0.08,460,0,World Transport Authority Inc,0,0,0
20021016,31854,WTAI',OTC,0.09,0.09,2624,0,World Transport Authority Inc,0,0,0
20021017,31854,WTAI',OTC,0.08,0.08,578,0,World Transport Authority Inc,0,0,0
20021018,31854,WTAI',OTC,0.08,0.08,259,0,World Transport Authority Inc,0,0,0
20021021,31854,WTAI',OTC,0.08,0.08,369,0,World Transport Authority Inc,0,0,0
20021022,31854,WTAI',OTC,0.09,0.09,280,0,World Transport Authority Inc,0,0,0
20021023,31854,WTAI',OTC,0.09,0.09,510,0,World Transport Authority Inc,0,0,0
20021024,31854,WTAI',OTC,0.08,0.08,588,0,World Transport Authority Inc,0,0,0
20021025,31854,WTAI',OTC,0.08,0.08,1147,0,World Transport Authority Inc,0,0,0
20021028,31854,WTAI',OTC,0.08,0.08,1091,0,World Transport Authority Inc,0,0,0
20021029,31854,WTAI',OTC,0.07,0.07,394,0,World Transport Authority Inc,0,0,0
20021030,31854,WTAI',OTC,0.07,0.07,213,0,World Transport Authority Inc,0,0,0
20021031,31854,WTAI',OTC,0.07,0.07,309,0,World Transport Authority Inc,0,0,0
20021101,31854,WTAI',OTC,0.07,0.07,1241,0,World Transport Authority Inc,0,0,0
20021104,31854,WTAI',OTC,0.06,0.06,180,0,World Transport Authority Inc,0,0,0
20021105,31854,WTAI',OTC,0.06,0.06,289,0,World Transport Authority Inc,0,0,0
20021106,31854,WTAI',OTC,0.06,0.06,0,0,World Transport Authority Inc,0,0,0
20021107,31854,WTAI',OTC,0.07,0.07,130,0,World Transport Authority Inc,0,0,0
20021108,31854,WTAI',OTC,0.06,0.06,837,0,World Transport Authority Inc,0,0,0
20021111,31854,WTAI',OTC,0.06,0.06,0,0,World Transport Authority Inc,0,0,0
20021112,31854,WTAI',OTC,0.08,0.08,1653,0,World Transport Authority Inc,0,0,0
20021113,31854,WTAI',OTC,0.08,0.08,2618,0,World Transport Authority Inc,0,0,0
20021114,31854,WTAI',OTC,0.08,0.08,1887,0,World Transport Authority Inc,0,0,0
20021115,31854,WTAI',OTC,0.08,0.08,1646,0,World Transport Authority Inc,0,0,0
20021118,31854,WTAI',OTC,0.08,0.08,324,0,World Transport Authority Inc,0,0,0
20021119,31854,WTAI',OTC,0.08,0.08,820,0,World Transport Authority Inc,0,0,0
20021120,31854,WTAI',OTC,0.08,0.08,800,0,World Transport Authority Inc,0,0,0
20021121,31854,WTAI',OTC,0.08,0.08,1466,0,World Transport Authority Inc,0,0,0
20021122,31854,WTAI',OTC,0.07,0.07,909,0,World Transport Authority Inc,0,0,0
20021125,31854,WTAI',OTC,0.06,0.06,206,0,World Transport Authority Inc,0,0,0
20021126,31854,WTAI',OTC,0.06,0.06,10,0,World Transport Authority Inc,0,0,0
20021127,31854,WTAI',OTC,0.08,0.08,378,0,World Transport Authority Inc,0,0,0
20021129,31854,WTAI',OTC,0.07,0.07,258,0,World Transport Authority Inc,0,0,0
20021202,31854,WTAI',OTC,0.06,0.06,795,0,World Transport Authority Inc,0,0,0
20021203,31854,WTAI',OTC,0.06,0.06,1751,0,World Transport Authority Inc,0,0,0
20021204,31854,WTAI',OTC,0.06,0.06,615,0,World Transport Authority Inc,0,0,0
20021205,31854,WTAI',OTC,0.06,0.06,378,0,World Transport Authority Inc,0,0,0
20021206,31854,WTAI',OTC,0.06,0.06,196,0,World Transport Authority Inc,0,0,0
20021209,31854,WTAI',OTC,0.06,0.06,50,0,World Transport Authority Inc,0,0,0
20021210,31854,WTAI',OTC,0.06,0.06,778,0,World Transport Authority Inc,0,0,0
20021211,31854,WTAI',OTC,0.05,0.05,135,0,World Transport Authority Inc,0,0,0
20021212,31854,WTAI',OTC,0.05,0.05,1808,0,World Transport Authority Inc,0,0,0
20021213,31854,WTAI',OTC,0.05,0.05,361,0,World Transport Authority Inc,0,0,0
20021216,31854,WTAI',OTC,0.05,0.05,438,0,World Transport Authority Inc,0,0,0
20021217,31854,WTAI',OTC,0.05,0.05,460,0,World Transport Authority Inc,0,0,0
20021218,31854,WTAI',OTC,0.05,0.05,3653,0,World Transport Authority Inc,0,0,0
20021219,31854,WTAI',OTC,0.05,0.05,435,0,World Transport Authority Inc,0,0,0
20021220,31854,WTAI',OTC,0.05,0.05,26,0,World Transport Authority Inc,0,0,0
20021223,31854,WTAI',OTC,0.05,0.05,1075,0,World Transport Authority Inc,0,0,0
20021224,31854,WTAI',OTC,0.05,0.05,10,0,World Transport Authority Inc,0,0,0
20021226,31854,WTAI',OTC,0.05,0.05,20,0,World Transport Authority Inc,0,0,0
20021227,31854,WTAI',OTC,0.05,0.05,1994,0,World Transport Authority Inc,0,0,0
20021230,31854,WTAI',OTC,0.05,0.05,3295,0,World Transport Authority Inc,0,0,0
20021231,31854,WTAI',OTC,0.05,0.05,480,0,World Transport Authority Inc,0,0,0
20030102,31854,WTAI',OTC,0.06,0.06,495,0,World Transport Authority Inc,0,0,0
20030103,31854,WTAI',OTC,0.06,0.06,210,0,World Transport Authority Inc,0,0,0
20030106,31854,WTAI',OTC,0.06,0.06,169,0,World Transport Authority Inc,0,0,0
20030107,31854,WTAI',OTC,0.06,0.06,1120,0,World Transport Authority Inc,0,0,0
20030108,31854,WTAI',OTC,0.06,0.06,100,0,World Transport Authority Inc,0,0,0
20030109,31854,WTAI',OTC,0.05,0.05,369,0,World Transport Authority Inc,0,0,0
20030110,31854,WTAI',OTC,0.05,0.05,813,0,World Transport Authority Inc,0,0,0
20030113,31854,WTAI',OTC,0.04,0.04,13623,0,World Transport Authority Inc,0,0,0
20030114,31854,WTAI',OTC,0.04,0.04,469,0,World Transport Authority Inc,0,0,0
20030115,31854,WTAI',OTC,0.04,0.04,34,0,World Transport Authority Inc,0,0,0
20030116,31854,WTAI',OTC,0.04,0.04,4410,0,World Transport Authority Inc,0,0,0
20030117,31854,WTAI',OTC,0.04,0.04,718,0,World Transport Authority Inc,0,0,0
20030121,31854,WTAI',OTC,0.04,0.04,1221,0,World Transport Authority Inc,0,0,0
20030122,31854,WTAI',OTC,0.04,0.04,746,0,World Transport Authority Inc,0,0,0
20030123,31854,WTAI',OTC,0.04,0.04,0,0,World Transport Authority Inc,0,0,0
20030124,31854,WTAI',OTC,0.04,0.04,0,0,World Transport Authority Inc,0,0,0
20030127,31854,WTAI',OTC,0.04,0.04,986,0,World Transport Authority Inc,0,0,0
20030128,31854,WTAI',OTC,0.04,0.04,1606,0,World Transport Authority Inc,0,0,0
20030129,31854,WTAI',OTC,0.05,0.05,1595,0,World Transport Authority Inc,0,0,0
20030130,31854,WTAI',OTC,0.05,0.05,1164,0,World Transport Authority Inc,0,0,0
20030131,31854,WTAI',OTC,0.05,0.05,1748,0,World Transport Authority Inc,0,0,0
20030203,31854,WTAI',OTC,0.05,0.05,833,0,World Transport Authority Inc,0,0,0
20030204,31854,WTAI',OTC,0.06,0.06,694,0,World Transport Authority Inc,0,0,0
20030205,31854,WTAI',OTC,0.05,0.05,331,0,World Transport Authority Inc,0,0,0
20030206,31854,WTAI',OTC,0.05,0.05,6364,0,World Transport Authority Inc,0,0,0
20030207,31854,WTAI',OTC,0.05,0.05,2548,0,World Transport Authority Inc,0,0,0
20030210,31854,WTAI',OTC,0.05,0.05,1401,0,World Transport Authority Inc,0,0,0
20030211,31854,WTAI',OTC,0.06,0.06,6170,0,World Transport Authority Inc,0,0,0
20030212,31854,WTAI',OTC,0.07,0.07,1038,0,World Transport Authority Inc,0,0,0
20030213,31854,WTAI',OTC,0.07,0.07,3028,0,World Transport Authority Inc,0,0,0
20030214,31854,WTAI',OTC,0.08,0.08,4094,0,World Transport Authority Inc,0,0,0
20030218,31854,WTAI',OTC,0.07,0.07,4529,0,World Transport Authority Inc,0,0,0
20030219,31854,WTAI',OTC,0.07,0.07,100,0,World Transport Authority Inc,0,0,0
20030220,31854,WTAI',OTC,0.07,0.07,3535,0,World Transport Authority Inc,0,0,0
20030221,31854,WTAI',OTC,0.07,0.07,2427,0,World Transport Authority Inc,0,0,0
20030224,31854,WTAI',OTC,0.05,0.05,17497,0,World Transport Authority Inc,0,0,0
20030225,31854,WTAI',OTC,0.04,0.04,2473,0,World Transport Authority Inc,0,0,0
20030226,31854,WTAI',OTC,0.04,0.04,670,0,World Transport Authority Inc,0,0,0
20030227,31854,WTAI',OTC,0.03,0.03,771,0,World Transport Authority Inc,0,0,0
20030228,31854,WTAI',OTC,0.03,0.03,1211,0,World Transport Authority Inc,0,0,0
20030303,31854,WTAI',OTC,0.04,0.04,1079,0,World Transport Authority Inc,0,0,0
20030304,31854,WTAI',OTC,0.02,0.02,421,0,World Transport Authority Inc,0,0,0
20030305,31854,WTAI',OTC,0.02,0.02,2591,0,World Transport Authority Inc,0,0,0
20030306,31854,WTAI',OTC,0.03,0.03,1488,0,World Transport Authority Inc,0,0,0
20030307,31854,WTAI',OTC,0.03,0.03,260,0,World Transport Authority Inc,0,0,0
20030310,31854,WTAI',OTC,0.03,0.03,730,0,World Transport Authority Inc,0,0,0
20030311,31854,WTAI',OTC,0.01,0.01,4951,0,World Transport Authority Inc,0,0,0
20030312,31854,WTAI',OTC,0.01,0.01,374,0,World Transport Authority Inc,0,0,0
20030313,31854,WTAI',OTC,0.02,0.02,10361,0,World Transport Authority Inc,0,0,0
20030314,31854,WTAI',OTC,0.02,0.02,4615,0,World Transport Authority Inc,0,0,0
20030317,31854,WTAI',OTC,0.01,0.01,3070,0,World Transport Authority Inc,0,0,0
20030318,31854,WTAI',OTC,0.01,0.01,20727,0,World Transport Authority Inc,0,0,0
20030319,31854,WTAI',OTC,0.02,0.02,560,0,World Transport Authority Inc,0,0,0
20030320,31854,WTAI',OTC,0.02,0.02,3560,0,World Transport Authority Inc,0,0,0
20030321,31854,WTAI',OTC,0.02,0.02,3324,0,World Transport Authority Inc,0,0,0
20030324,31854,WTAI',OTC,0.01,0.01,362,0,World Transport Authority Inc,0,0,0
20030325,31854,WTAI',OTC,0.01,0.01,2836,0,World Transport Authority Inc,0,0,0
20030326,31854,WTAI',OTC,0.01,0.01,292,0,World Transport Authority Inc,0,0,0
20030327,31854,WTAI',OTC,0.02,0.02,1651,0,World Transport Authority Inc,0,0,0
20030328,31854,WTAI',OTC,0.01,0.01,300,0,World Transport Authority Inc,0,0,0
20030331,31854,WTAI',OTC,0.02,0.02,264,0,World Transport Authority Inc,0,0,0
20030401,31854,WTAI',OTC,0.01,0.01,722,0,World Transport Authority Inc,0,0,0
20030402,31854,WTAI',OTC,0.01,0.01,0,0,World Transport Authority Inc,0,0,0
20030403,31854,WTAI',OTC,0.02,0.02,990,0,World Transport Authority Inc,0,0,0
20030404,31854,WTAI',OTC,0.02,0.02,786,0,World Transport Authority Inc,0,0,0
20030407,31854,WTAI',OTC,0.02,0.02,400,0,World Transport Authority Inc,0,0,0
20030408,31854,WTAI',OTC,0.02,0.02,850,0,World Transport Authority Inc,0,0,0
20030409,31854,WTAI',OTC,0.02,0.02,127,0,World Transport Authority Inc,0,0,0
20030410,31854,WTAI',OTC,0.01,0.01,110,0,World Transport Authority Inc,0,0,0
20030411,31854,WTAI',OTC,0.01,0.01,0,0,World Transport Authority Inc,0,0,0
20030414,31854,WTAI',OTC,0.02,0.02,1478,0,World Transport Authority Inc,0,0,0
