DDate,CSINumber,Symbol,Exchange,DClose,UnAdjustedClose,TotalVolume,Cash,MarketName,PTB,PSR,DPS
19981106,33515,LTWV',OTC,1.125,1.125,20,0,Litewave Corp,0,0,0
19981109,33515,LTWV',OTC,1.125,1.125,0,0,Litewave Corp,0,0,0
19981110,33515,LTWV',OTC,1.125,1.125,18,0,Litewave Corp,0,0,0
19981111,33515,LTWV',OTC,1.125,1.125,0,0,Litewave Corp,0,0,0
19981112,33515,LTWV',OTC,1,1,18,0,Litewave Corp,0,0,0
19981113,33515,LTWV',OTC,1,1,0,0,Litewave Corp,0,0,0
19981116,33515,LTWV',OTC,1,1,12,0,Litewave Corp,0,0,0
19981117,33515,LTWV',OTC,1,1,0,0,Litewave Corp,0,0,0
19981118,33515,LTWV',OTC,1,1,0,0,Litewave Corp,0,0,0
19981119,33515,LTWV',OTC,1,1,0,0,Litewave Corp,0,0,0
19981120,33515,LTWV',OTC,1,1,0,0,Litewave Corp,0,0,0
19981123,33515,LTWV',OTC,1,1,0,0,Litewave Corp,0,0,0
19981124,33515,LTWV',OTC,1,1,0,0,Litewave Corp,0,0,0
19981125,33515,LTWV',OTC,1,1,0,0,Litewave Corp,0,0,0
19981127,33515,LTWV',OTC,1,1,0,0,Litewave Corp,0,0,0
19981130,33515,LTWV',OTC,1.125,1.125,20,0,Litewave Corp,0,0,0
19981201,33515,LTWV',OTC,1.125,1.125,0,0,Litewave Corp,0,0,0
19981202,33515,LTWV',OTC,1.125,1.125,0,0,Litewave Corp,0,0,0
19981203,33515,LTWV',OTC,1.125,1.125,0,0,Litewave Corp,0,0,0
19981204,33515,LTWV',OTC,1.125,1.125,0,0,Litewave Corp,0,0,0
19981207,33515,LTWV',OTC,1.125,1.125,0,0,Litewave Corp,0,0,0
19981208,33515,LTWV',OTC,1.125,1.125,0,0,Litewave Corp,0,0,0
19981209,33515,LTWV',OTC,1.125,1.125,0,0,Litewave Corp,0,0,0
19981210,33515,LTWV',OTC,1.125,1.125,0,0,Litewave Corp,0,0,0
19981211,33515,LTWV',OTC,1.125,1.125,0,0,Litewave Corp,0,0,0
19981214,33515,LTWV',OTC,1.125,1.125,0,0,Litewave Corp,0,0,0
19981215,33515,LTWV',OTC,1.125,1.125,20,0,Litewave Corp,0,0,0
19981216,33515,LTWV',OTC,0.875,0.875,10,0,Litewave Corp,0,0,0
19981217,33515,LTWV',OTC,0.875,0.875,0,0,Litewave Corp,0,0,0
19981218,33515,LTWV',OTC,0.875,0.875,0,0,Litewave Corp,0,0,0
19981221,33515,LTWV',OTC,0.875,0.875,0,0,Litewave Corp,0,0,0
19981222,33515,LTWV',OTC,0.875,0.875,0,0,Litewave Corp,0,0,0
19981223,33515,LTWV',OTC,0.875,0.875,0,0,Litewave Corp,0,0,0
19981224,33515,LTWV',OTC,0.875,0.875,0,0,Litewave Corp,0,0,0
19981228,33515,LTWV',OTC,0.875,0.875,0,0,Litewave Corp,0,0,0
19981229,33515,LTWV',OTC,0.6875,0.6875,120,0,Litewave Corp,0,0,0
19981230,33515,LTWV',OTC,0.6875,0.6875,0,0,Litewave Corp,0,0,0
19981231,33515,LTWV',OTC,0.6875,0.6875,0,0,Litewave Corp,0,0,0
19990104,33515,LTWV',OTC,0.6875,0.6875,0,0,Litewave Corp,0,0,0
19990105,33515,LTWV',OTC,0.6875,0.6875,0,0,Litewave Corp,0,0,0
19990106,33515,LTWV',OTC,0.6875,0.6875,0,0,Litewave Corp,0,0,0
19990107,33515,LTWV',OTC,0.6875,0.6875,0,0,Litewave Corp,0,0,0
19990108,33515,LTWV',OTC,0.6875,0.6875,0,0,Litewave Corp,0,0,0
19990111,33515,LTWV',OTC,0.6875,0.6875,0,0,Litewave Corp,0,0,0
19990112,33515,LTWV',OTC,0.6875,0.6875,0,0,Litewave Corp,0,0,0
19990113,33515,LTWV',OTC,0.6875,0.6875,0,0,Litewave Corp,0,0,0
19990114,33515,LTWV',OTC,0.6875,0.6875,0,0,Litewave Corp,0,0,0
19990115,33515,LTWV',OTC,0.6875,0.6875,0,0,Litewave Corp,0,0,0
19990119,33515,LTWV',OTC,0.6875,0.6875,0,0,Litewave Corp,0,0,0
19990120,33515,LTWV',OTC,0.6875,0.6875,0,0,Litewave Corp,0,0,0
19990121,33515,LTWV',OTC,0.6875,0.6875,0,0,Litewave Corp,0,0,0
19990122,33515,LTWV',OTC,0.6875,0.6875,0,0,Litewave Corp,0,0,0
19990125,33515,LTWV',OTC,0.6875,0.6875,0,0,Litewave Corp,0,0,0
19990126,33515,LTWV',OTC,0.6875,0.6875,0,0,Litewave Corp,0,0,0
19990127,33515,LTWV',OTC,0.6875,0.6875,0,0,Litewave Corp,0,0,0
19990128,33515,LTWV',OTC,0.6875,0.6875,0,0,Litewave Corp,0,0,0
19990129,33515,LTWV',OTC,0.6875,0.6875,0,0,Litewave Corp,0,0,0
19990201,33515,LTWV',OTC,0.6875,0.6875,0,0,Litewave Corp,0,0,0
19990202,33515,LTWV',OTC,0.6875,0.6875,0,0,Litewave Corp,0,0,0
19990203,33515,LTWV',OTC,0.6875,0.6875,0,0,Litewave Corp,0,0,0
19990204,33515,LTWV',OTC,0.6875,0.6875,0,0,Litewave Corp,0,0,0
19990205,33515,LTWV',OTC,0.6875,0.6875,0,0,Litewave Corp,0,0,0
19990208,33515,LTWV',OTC,0.6875,0.6875,0,0,Litewave Corp,0,0,0
19990209,33515,LTWV',OTC,1,1,80,0,Litewave Corp,0,0,0
19990210,33515,LTWV',OTC,1,1,60,0,Litewave Corp,0,0,0
19990211,33515,LTWV',OTC,1,1,0,0,Litewave Corp,0,0,0
19990212,33515,LTWV',OTC,1,1,0,0,Litewave Corp,0,0,0
19990216,33515,LTWV',OTC,1.25,1.25,20,0,Litewave Corp,0,0,0
19990217,33515,LTWV',OTC,1.9375,1.9375,310,0,Litewave Corp,0,0,0
19990218,33515,LTWV',OTC,1.9375,1.9375,0,0,Litewave Corp,0,0,0
19990219,33515,LTWV',OTC,1.75,1.75,15,0,Litewave Corp,0,0,0
19990222,33515,LTWV',OTC,1.5625,1.5625,210,0,Litewave Corp,0,0,0
19990223,33515,LTWV',OTC,1.984375,1.984375,200,0,Litewave Corp,0,0,0
19990224,33515,LTWV',OTC,2,2,200,0,Litewave Corp,0,0,0
19990225,33515,LTWV',OTC,2,2,0,0,Litewave Corp,0,0,0
19990226,33515,LTWV',OTC,2,2,0,0,Litewave Corp,0,0,0
19990301,33515,LTWV',OTC,2,2,0,0,Litewave Corp,0,0,0
19990302,33515,LTWV',OTC,1.984375,1.984375,400,0,Litewave Corp,0,0,0
19990303,33515,LTWV',OTC,2,2,10,0,Litewave Corp,0,0,0
19990304,33515,LTWV',OTC,1.984375,1.984375,800,0,Litewave Corp,0,0,0
19990305,33515,LTWV',OTC,1.984375,1.984375,0,0,Litewave Corp,0,0,0
19990308,33515,LTWV',OTC,1.984375,1.984375,0,0,Litewave Corp,0,0,0
19990309,33515,LTWV',OTC,1.953125,1.953125,70,0,Litewave Corp,0,0,0
19990310,33515,LTWV',OTC,1.953125,1.953125,0,0,Litewave Corp,0,0,0
19990311,33515,LTWV',OTC,1.953125,1.953125,0,0,Litewave Corp,0,0,0
19990312,33515,LTWV',OTC,1.984375,1.984375,840,0,Litewave Corp,0,0,0
19990315,33515,LTWV',OTC,1.984375,1.984375,0,0,Litewave Corp,0,0,0
19990316,33515,LTWV',OTC,2.15625,2.15625,197,0,Litewave Corp,0,0,0
19990317,33515,LTWV',OTC,2,2,10,0,Litewave Corp,0,0,0
19990318,33515,LTWV',OTC,1.875,1.875,20,0,Litewave Corp,0,0,0
19990319,33515,LTWV',OTC,1.875,1.875,0,0,Litewave Corp,0,0,0
19990322,33515,LTWV',OTC,1.875,1.875,0,0,Litewave Corp,0,0,0
19990323,33515,LTWV',OTC,1.875,1.875,0,0,Litewave Corp,0,0,0
19990324,33515,LTWV',OTC,1.875,1.875,0,0,Litewave Corp,0,0,0
19990325,33515,LTWV',OTC,2.03125,2.03125,47,0,Litewave Corp,0,0,0
19990326,33515,LTWV',OTC,2.03125,2.03125,0,0,Litewave Corp,0,0,0
19990329,33515,LTWV',OTC,2.03125,2.03125,0,0,Litewave Corp,0,0,0
19990330,33515,LTWV',OTC,2.25,2.25,210,0,Litewave Corp,0,0,0
19990331,33515,LTWV',OTC,2.25,2.25,230,0,Litewave Corp,0,0,0
19990401,33515,LTWV',OTC,2.5,2.5,450,0,Litewave Corp,0,0,0
19990405,33515,LTWV',OTC,2.5,2.5,0,0,Litewave Corp,0,0,0
19990406,33515,LTWV',OTC,2.5,2.5,0,0,Litewave Corp,0,0,0
19990407,33515,LTWV',OTC,2.5,2.5,0,0,Litewave Corp,0,0,0
19990408,33515,LTWV',OTC,3.1875,3.1875,275,0,Litewave Corp,0,0,0
19990409,33515,LTWV',OTC,3.1875,3.1875,0,0,Litewave Corp,0,0,0
19990412,33515,LTWV',OTC,3.1875,3.1875,0,0,Litewave Corp,0,0,0
19990413,33515,LTWV',OTC,3.1875,3.1875,0,0,Litewave Corp,0,0,0
19990414,33515,LTWV',OTC,3.5,3.5,10,0,Litewave Corp,0,0,0
19990415,33515,LTWV',OTC,3.703125,3.703125,70,0,Litewave Corp,0,0,0
19990416,33515,LTWV',OTC,3.953125,3.953125,672,0,Litewave Corp,0,0,0
19990419,33515,LTWV',OTC,4.84375,4.84375,88,0,Litewave Corp,0,0,0
19990420,33515,LTWV',OTC,4.90625,4.90625,35,0,Litewave Corp,0,0,0
19990421,33515,LTWV',OTC,4.90625,4.90625,0,0,Litewave Corp,0,0,0
19990422,33515,LTWV',OTC,4.90625,4.90625,0,0,Litewave Corp,0,0,0
19990423,33515,LTWV',OTC,4.984375,4.984375,200,0,Litewave Corp,0,0,0
19990426,33515,LTWV',OTC,6,6,5,0,Litewave Corp,0,0,0
19990427,33515,LTWV',OTC,5.25,5.25,125,0,Litewave Corp,0,0,0
19990428,33515,LTWV',OTC,5.375,5.375,105,0,Litewave Corp,0,0,0
19990429,33515,LTWV',OTC,5.5625,5.5625,15,0,Litewave Corp,0,0,0
19990430,33515,LTWV',OTC,6,6,81,0,Litewave Corp,0,0,0
19990503,33515,LTWV',OTC,6.125,6.125,790,0,Litewave Corp,0,0,0
19990504,33515,LTWV',OTC,6.25,6.25,2015,0,Litewave Corp,0,0,0
19990505,33515,LTWV',OTC,6,6,720,0,Litewave Corp,0,0,0
19990506,33515,LTWV',OTC,6.5,6.5,20,0,Litewave Corp,0,0,0
19990507,33515,LTWV',OTC,6,6,291,0,Litewave Corp,0,0,0
19990510,33515,LTWV',OTC,8,8,3187,0,Litewave Corp,0,0,0
19990511,33515,LTWV',OTC,8,8,519,0,Litewave Corp,0,0,0
19990512,33515,LTWV',OTC,8.375,8.375,162,0,Litewave Corp,0,0,0
19990513,33515,LTWV',OTC,8,8,193,0,Litewave Corp,0,0,0
19990514,33515,LTWV',OTC,8,8,132,0,Litewave Corp,0,0,0
19990517,33515,LTWV',OTC,7.25,7.25,404,0,Litewave Corp,0,0,0
19990518,33515,LTWV',OTC,8.5,8.5,564,0,Litewave Corp,0,0,0
19990519,33515,LTWV',OTC,7.5625,7.5625,744,0,Litewave Corp,0,0,0
19990520,33515,LTWV',OTC,7.59375,7.59375,75,0,Litewave Corp,0,0,0
19990521,33515,LTWV',OTC,7.6875,7.6875,90,0,Litewave Corp,0,0,0
19990524,33515,LTWV',OTC,7.125,7.125,20,0,Litewave Corp,0,0,0
19990525,33515,LTWV',OTC,6.125,6.125,80,0,Litewave Corp,0,0,0
19990526,33515,LTWV',OTC,6.078125,6.078125,450,0,Litewave Corp,0,0,0
19990527,33515,LTWV',OTC,6.140625,6.140625,200,0,Litewave Corp,0,0,0
19990528,33515,LTWV',OTC,6,6,864,0,Litewave Corp,0,0,0
19990601,33515,LTWV',OTC,5.90625,5.90625,170,0,Litewave Corp,0,0,0
19990602,33515,LTWV',OTC,5.90625,5.90625,0,0,Litewave Corp,0,0,0
19990603,33515,LTWV',OTC,5.75,5.75,93,0,Litewave Corp,0,0,0
19990604,33515,LTWV',OTC,6,6,58,0,Litewave Corp,0,0,0
19990607,33515,LTWV',OTC,5.5,5.5,135,0,Litewave Corp,0,0,0
19990608,33515,LTWV',OTC,5.5,5.5,64,0,Litewave Corp,0,0,0
19990609,33515,LTWV',OTC,5.5,5.5,149,0,Litewave Corp,0,0,0
19990610,33515,LTWV',OTC,5.375,5.375,510,0,Litewave Corp,0,0,0
19990611,33515,LTWV',OTC,5.25,5.25,428,0,Litewave Corp,0,0,0
19990614,33515,LTWV',OTC,5.4375,5.4375,228,0,Litewave Corp,0,0,0
19990615,33515,LTWV',OTC,5.03125,5.03125,165,0,Litewave Corp,0,0,0
19990616,33515,LTWV',OTC,5.046875,5.046875,250,0,Litewave Corp,0,0,0
19990617,33515,LTWV',OTC,5,5,405,0,Litewave Corp,0,0,0
19990618,33515,LTWV',OTC,5,5,629,0,Litewave Corp,0,0,0
19990621,33515,LTWV',OTC,5,5,66,0,Litewave Corp,0,0,0
19990622,33515,LTWV',OTC,5,5,85,0,Litewave Corp,0,0,0
19990623,33515,LTWV',OTC,5.0625,5.0625,362,0,Litewave Corp,0,0,0
19990624,33515,LTWV',OTC,4.9375,4.9375,337,0,Litewave Corp,0,0,0
19990625,33515,LTWV',OTC,4.9375,4.9375,383,0,Litewave Corp,0,0,0
19990628,33515,LTWV',OTC,4.9375,4.9375,0,0,Litewave Corp,0,0,0
19990629,33515,LTWV',OTC,4.625,4.625,60,0,Litewave Corp,0,0,0
19990630,33515,LTWV',OTC,5,5,195,0,Litewave Corp,0,0,0
19990701,33515,LTWV',OTC,5,5,60,0,Litewave Corp,0,0,0
19990702,33515,LTWV',OTC,5.046875,5.046875,253,0,Litewave Corp,0,0,0
19990706,33515,LTWV',OTC,4.75,4.75,246,0,Litewave Corp,0,0,0
19990707,33515,LTWV',OTC,4.75,4.75,310,0,Litewave Corp,0,0,0
19990708,33515,LTWV',OTC,4.5,4.5,30,0,Litewave Corp,0,0,0
19990709,33515,LTWV',OTC,4.625,4.625,50,0,Litewave Corp,0,0,0
19990712,33515,LTWV',OTC,4.5625,4.5625,120,0,Litewave Corp,0,0,0
19990713,33515,LTWV',OTC,4.484375,4.484375,280,0,Litewave Corp,0,0,0
19990714,33515,LTWV',OTC,4.484375,4.484375,0,0,Litewave Corp,0,0,0
19990715,33515,LTWV',OTC,4.234375,4.234375,640,0,Litewave Corp,0,0,0
19990716,33515,LTWV',OTC,4.6875,4.6875,156,0,Litewave Corp,0,0,0
19990719,33515,LTWV',OTC,4.75,4.75,51,0,Litewave Corp,0,0,0
19990720,33515,LTWV',OTC,4.625,4.625,85,0,Litewave Corp,0,0,0
19990721,33515,LTWV',OTC,3.984375,3.984375,350,0,Litewave Corp,0,0,0
19990722,33515,LTWV',OTC,3.984375,3.984375,0,0,Litewave Corp,0,0,0
19990723,33515,LTWV',OTC,3.75,3.75,12,0,Litewave Corp,0,0,0
19990726,33515,LTWV',OTC,3.359375,3.359375,605,0,Litewave Corp,0,0,0
19990727,33515,LTWV',OTC,2.25,2.25,521,0,Litewave Corp,0,0,0
19990728,33515,LTWV',OTC,2.5,2.5,30,0,Litewave Corp,0,0,0
19990729,33515,LTWV',OTC,1.625,1.625,230,0,Litewave Corp,0,0,0
19990730,33515,LTWV',OTC,2.09375,2.09375,200,0,Litewave Corp,0,0,0
19990802,33515,LTWV',OTC,2.09375,2.09375,0,0,Litewave Corp,0,0,0
19990803,33515,LTWV',OTC,2.1875,2.1875,495,0,Litewave Corp,0,0,0
19990804,33515,LTWV',OTC,2.40625,2.40625,580,0,Litewave Corp,0,0,0
19990805,33515,LTWV',OTC,2.421875,2.421875,293,0,Litewave Corp,0,0,0
19990806,33515,LTWV',OTC,1.75,1.75,262,0,Litewave Corp,0,0,0
19990809,33515,LTWV',OTC,1.75,1.75,0,0,Litewave Corp,0,0,0
19990810,33515,LTWV',OTC,1.875,1.875,1035,0,Litewave Corp,0,0,0
19990811,33515,LTWV',OTC,1.75,1.75,552,0,Litewave Corp,0,0,0
19990812,33515,LTWV',OTC,2,2,462,0,Litewave Corp,0,0,0
19990813,33515,LTWV',OTC,2.09375,2.09375,320,0,Litewave Corp,0,0,0
19990816,33515,LTWV',OTC,2.0625,2.0625,150,0,Litewave Corp,0,0,0
19990817,33515,LTWV',OTC,2.125,2.125,135,0,Litewave Corp,0,0,0
19990818,33515,LTWV',OTC,2.625,2.625,681,0,Litewave Corp,0,0,0
19990819,33515,LTWV',OTC,2.96875,2.96875,337,0,Litewave Corp,0,0,0
19990820,33515,LTWV',OTC,2.625,2.625,112,0,Litewave Corp,0,0,0
19990823,33515,LTWV',OTC,2.5,2.5,134,0,Litewave Corp,0,0,0
19990824,33515,LTWV',OTC,2.5,2.5,448,0,Litewave Corp,0,0,0
19990825,33515,LTWV',OTC,2.3125,2.3125,70,0,Litewave Corp,0,0,0
19990826,33515,LTWV',OTC,2.5,2.5,75,0,Litewave Corp,0,0,0
19990827,33515,LTWV',OTC,2.375,2.375,5,0,Litewave Corp,0,0,0
19990830,33515,LTWV',OTC,2.5,2.5,79,0,Litewave Corp,0,0,0
19990831,33515,LTWV',OTC,2.53125,2.53125,530,0,Litewave Corp,0,0,0
19990901,33515,LTWV',OTC,2.25,2.25,45,0,Litewave Corp,0,0,0
19990902,33515,LTWV',OTC,2.1875,2.1875,55,0,Litewave Corp,0,0,0
19990903,33515,LTWV',OTC,2.375,2.375,595,0,Litewave Corp,0,0,0
19990907,33515,LTWV',OTC,2.375,2.375,27,0,Litewave Corp,0,0,0
19990908,33515,LTWV',OTC,2.5625,2.5625,454,0,Litewave Corp,0,0,0
19990909,33515,LTWV',OTC,2.75,2.75,667,0,Litewave Corp,0,0,0
19990910,33515,LTWV',OTC,3.25,3.25,1218,0,Litewave Corp,0,0,0
19990913,33515,LTWV',OTC,3.5,3.5,587,0,Litewave Corp,0,0,0
19990914,33515,LTWV',OTC,3.53125,3.53125,422,0,Litewave Corp,0,0,0
19990915,33515,LTWV',OTC,3.484375,3.484375,586,0,Litewave Corp,0,0,0
19990916,33515,LTWV',OTC,3.46875,3.46875,759,0,Litewave Corp,0,0,0
19990917,33515,LTWV',OTC,3.5625,3.5625,147,0,Litewave Corp,0,0,0
19990920,33515,LTWV',OTC,3.625,3.625,92,0,Litewave Corp,0,0,0
19990921,33515,LTWV',OTC,3.40625,3.40625,634,0,Litewave Corp,0,0,0
19990922,33515,LTWV',OTC,3.703125,3.703125,220,0,Litewave Corp,0,0,0
19990923,33515,LTWV',OTC,3.625,3.625,356,0,Litewave Corp,0,0,0
19990924,33515,LTWV',OTC,3.3125,3.3125,554,0,Litewave Corp,0,0,0
19990927,33515,LTWV',OTC,3.65625,3.65625,595,0,Litewave Corp,0,0,0
19990928,33515,LTWV',OTC,3.625,3.625,205,0,Litewave Corp,0,0,0
19990929,33515,LTWV',OTC,3.3125,3.3125,394,0,Litewave Corp,0,0,0
19990930,33515,LTWV',OTC,3.25,3.25,634,0,Litewave Corp,0,0,0
19991001,33515,LTWV',OTC,3.4375,3.4375,521,0,Litewave Corp,0,0,0
19991004,33515,LTWV',OTC,3,3,504,0,Litewave Corp,0,0,0
19991005,33515,LTWV',OTC,2.9375,2.9375,40,0,Litewave Corp,0,0,0
19991006,33515,LTWV',OTC,3,3,113,0,Litewave Corp,0,0,0
19991007,33515,LTWV',OTC,3,3,704,0,Litewave Corp,0,0,0
19991008,33515,LTWV',OTC,3.0625,3.0625,299,0,Litewave Corp,0,0,0
19991011,33515,LTWV',OTC,3.0625,3.0625,0,0,Litewave Corp,0,0,0
19991012,33515,LTWV',OTC,3.25,3.25,872,0,Litewave Corp,0,0,0
19991013,33515,LTWV',OTC,3.1875,3.1875,230,0,Litewave Corp,0,0,0
19991014,33515,LTWV',OTC,3,3,41,0,Litewave Corp,0,0,0
19991015,33515,LTWV',OTC,3.0625,3.0625,533,0,Litewave Corp,0,0,0
19991018,33515,LTWV',OTC,3,3,33,0,Litewave Corp,0,0,0
19991019,33515,LTWV',OTC,2.96875,2.96875,595,0,Litewave Corp,0,0,0
19991020,33515,LTWV',OTC,2.25,2.25,793,0,Litewave Corp,0,0,0
19991021,33515,LTWV',OTC,2.09375,2.09375,262,0,Litewave Corp,0,0,0
19991022,33515,LTWV',OTC,2,2,338,0,Litewave Corp,0,0,0
19991025,33515,LTWV',OTC,1.8125,1.8125,393,0,Litewave Corp,0,0,0
19991026,33515,LTWV',OTC,1.984375,1.984375,882,0,Litewave Corp,0,0,0
19991027,33515,LTWV',OTC,2,2,235,0,Litewave Corp,0,0,0
19991028,33515,LTWV',OTC,2.125,2.125,970,0,Litewave Corp,0,0,0
19991029,33515,LTWV',OTC,2,2,89,0,Litewave Corp,0,0,0
19991101,33515,LTWV',OTC,2.125,2.125,949,0,Litewave Corp,0,0,0
19991102,33515,LTWV',OTC,1.90625,1.90625,408,0,Litewave Corp,0,0,0
19991103,33515,LTWV',OTC,1.9375,1.9375,421,0,Litewave Corp,0,0,0
19991104,33515,LTWV',OTC,2.0625,2.0625,92,0,Litewave Corp,0,0,0
19991105,33515,LTWV',OTC,1.9375,1.9375,223,0,Litewave Corp,0,0,0
19991108,33515,LTWV',OTC,1.875,1.875,568,0,Litewave Corp,0,0,0
19991109,33515,LTWV',OTC,1.9375,1.9375,815,0,Litewave Corp,0,0,0
19991110,33515,LTWV',OTC,1.96875,1.96875,451,0,Litewave Corp,0,0,0
19991111,33515,LTWV',OTC,1.9375,1.9375,372,0,Litewave Corp,0,0,0
19991112,33515,LTWV',OTC,1.75,1.75,456,0,Litewave Corp,0,0,0
19991115,33515,LTWV',OTC,1.6875,1.6875,963,0,Litewave Corp,0,0,0
19991116,33515,LTWV',OTC,2.5,2.5,1902,0,Litewave Corp,0,0,0
19991117,33515,LTWV',OTC,2.4375,2.4375,1111,0,Litewave Corp,0,0,0
19991118,33515,LTWV',OTC,2.4375,2.4375,470,0,Litewave Corp,0,0,0
19991119,33515,LTWV',OTC,1.8125,1.8125,968,0,Litewave Corp,0,0,0
19991122,33515,LTWV',OTC,1.25,1.25,1424,0,Litewave Corp,0,0,0
19991123,33515,LTWV',OTC,1.5,1.5,1027,0,Litewave Corp,0,0,0
19991124,33515,LTWV',OTC,1.8125,1.8125,1458,0,Litewave Corp,0,0,0
19991126,33515,LTWV',OTC,2.015625,2.015625,992,0,Litewave Corp,0,0,0
19991129,33515,LTWV',OTC,1.75,1.75,1019,0,Litewave Corp,0,0,0
19991130,33515,LTWV',OTC,1.3125,1.3125,1057,0,Litewave Corp,0,0,0
19991201,33515,LTWV',OTC,2,2,1260,0,Litewave Corp,0,0,0
19991202,33515,LTWV',OTC,1.9375,1.9375,1222,0,Litewave Corp,0,0,0
19991203,33515,LTWV',OTC,1.90625,1.90625,1370,0,Litewave Corp,0,0,0
19991206,33515,LTWV',OTC,1.9375,1.9375,940,0,Litewave Corp,0,0,0
19991207,33515,LTWV',OTC,1.9375,1.9375,872,0,Litewave Corp,0,0,0
19991208,33515,LTWV',OTC,1.9375,1.9375,1186,0,Litewave Corp,0,0,0
19991209,33515,LTWV',OTC,1.5,1.5,713,0,Litewave Corp,0,0,0
19991210,33515,LTWV',OTC,1.40625,1.40625,141,0,Litewave Corp,0,0,0
19991213,33515,LTWV',OTC,1.453125,1.453125,105,0,Litewave Corp,0,0,0
19991214,33515,LTWV',OTC,1.53125,1.53125,889,0,Litewave Corp,0,0,0
19991215,33515,LTWV',OTC,1.125,1.125,1104,0,Litewave Corp,0,0,0
19991216,33515,LTWV',OTC,1.125,1.125,103,0,Litewave Corp,0,0,0
19991217,33515,LTWV',OTC,1.015625,1.015625,260,0,Litewave Corp,0,0,0
19991220,33515,LTWV',OTC,1.125,1.125,235,0,Litewave Corp,0,0,0
19991221,33515,LTWV',OTC,1,1,151,0,Litewave Corp,0,0,0
19991222,33515,LTWV',OTC,0.9375,0.9375,65,0,Litewave Corp,0,0,0
19991223,33515,LTWV',OTC,0.75,0.75,95,0,Litewave Corp,0,0,0
19991227,33515,LTWV',OTC,0.75,0.75,0,0,Litewave Corp,0,0,0
19991228,33515,LTWV',OTC,1.015625,1.015625,434,0,Litewave Corp,0,0,0
19991229,33515,LTWV',OTC,1.15625,1.15625,167,0,Litewave Corp,0,0,0
19991230,33515,LTWV',OTC,1.25,1.25,1225,0,Litewave Corp,0,0,0
19991231,33515,LTWV',OTC,1.25,1.25,20,0,Litewave Corp,0,0,0
20000103,33515,LTWV',OTC,0.5,0.5,10,0,Litewave Corp,0,0,0
20000104,33515,LTWV',OTC,0.5,0.5,0,0,Litewave Corp,0,0,0
20000105,33515,LTWV',OTC,1.09375,1.09375,548,0,Litewave Corp,0,0,0
20000106,33515,LTWV',OTC,1.09375,1.09375,0,0,Litewave Corp,0,0,0
20000107,33515,LTWV',OTC,0.5,0.5,25,0,Litewave Corp,0,0,0
20000110,33515,LTWV',OTC,1.25,1.25,3,0,Litewave Corp,0,0,0
20000111,33515,LTWV',OTC,1.25,1.25,1,0,Litewave Corp,0,0,0
20000112,33515,LTWV',OTC,0.5,0.5,20,0,Litewave Corp,0,0,0
20000113,33515,LTWV',OTC,1,1,130,0,Litewave Corp,0,0,0
20000114,33515,LTWV',OTC,0.5625,0.5625,25,0,Litewave Corp,0,0,0
20000118,33515,LTWV',OTC,1,1,41,0,Litewave Corp,0,0,0
20000119,33515,LTWV',OTC,0.625,0.625,116,0,Litewave Corp,0,0,0
20000120,33515,LTWV',OTC,1.0625,1.0625,5,0,Litewave Corp,0,0,0
20000121,33515,LTWV',OTC,1.25,1.25,378,0,Litewave Corp,0,0,0
20000124,33515,LTWV',OTC,1.25,1.25,0,0,Litewave Corp,0,0,0
20000125,33515,LTWV',OTC,1.0625,1.0625,5,0,Litewave Corp,0,0,0
20000126,33515,LTWV',OTC,0.6875,0.6875,49,0,Litewave Corp,0,0,0
20000127,33515,LTWV',OTC,0.75,0.75,169,0,Litewave Corp,0,0,0
20000128,33515,LTWV',OTC,1,1,136,0,Litewave Corp,0,0,0
20000131,33515,LTWV',OTC,1.125,1.125,122,0,Litewave Corp,0,0,0
20000201,33515,LTWV',OTC,1.125,1.125,55,0,Litewave Corp,0,0,0
20000202,33515,LTWV',OTC,1.125,1.125,7,0,Litewave Corp,0,0,0
20000203,33515,LTWV',OTC,1.125,1.125,83,0,Litewave Corp,0,0,0
20000204,33515,LTWV',OTC,1.125,1.125,28,0,Litewave Corp,0,0,0
20000207,33515,LTWV',OTC,1.125,1.125,25,0,Litewave Corp,0,0,0
20000208,33515,LTWV',OTC,1.125,1.125,4,0,Litewave Corp,0,0,0
20000209,33515,LTWV',OTC,1.25,1.25,419,0,Litewave Corp,0,0,0
20000210,33515,LTWV',OTC,1.25,1.25,43,0,Litewave Corp,0,0,0
20000211,33515,LTWV',OTC,1.25,1.25,109,0,Litewave Corp,0,0,0
20000214,33515,LTWV',OTC,1.375,1.375,55,0,Litewave Corp,0,0,0
20000215,33515,LTWV',OTC,1,1,43,0,Litewave Corp,0,0,0
20000216,33515,LTWV',OTC,1.125,1.125,47,0,Litewave Corp,0,0,0
20000217,33515,LTWV',OTC,1.265625,1.265625,673,0,Litewave Corp,0,0,0
20000218,33515,LTWV',OTC,1.046875,1.046875,233,0,Litewave Corp,0,0,0
20000222,33515,LTWV',OTC,1.125,1.125,934,0,Litewave Corp,0,0,0
20000223,33515,LTWV',OTC,0.78125,0.78125,1473,0,Litewave Corp,0,0,0
20000224,33515,LTWV',OTC,1.015625,1.015625,1722,0,Litewave Corp,0,0,0
20000225,33515,LTWV',OTC,1,1,948,0,Litewave Corp,0,0,0
20000228,33515,LTWV',OTC,1.5,1.5,409,0,Litewave Corp,0,0,0
20000229,33515,LTWV',OTC,1,1,540,0,Litewave Corp,0,0,0
20000301,33515,LTWV',OTC,1.484375,1.484375,38,0,Litewave Corp,0,0,0
20000302,33515,LTWV',OTC,1.5,1.5,407,0,Litewave Corp,0,0,0
20000303,33515,LTWV',OTC,1.5,1.5,154,0,Litewave Corp,0,0,0
20000306,33515,LTWV',OTC,1.5,1.5,211,0,Litewave Corp,0,0,0
20000307,33515,LTWV',OTC,0.84375,0.84375,486,0,Litewave Corp,0,0,0
20000308,33515,LTWV',OTC,0.953125,0.953125,189,0,Litewave Corp,0,0,0
20000309,33515,LTWV',OTC,0.953125,0.953125,46,0,Litewave Corp,0,0,0
20000310,33515,LTWV',OTC,1.375,1.375,55,0,Litewave Corp,0,0,0
20000313,33515,LTWV',OTC,1.375,1.375,0,0,Litewave Corp,0,0,0
20000314,33515,LTWV',OTC,1.375,1.375,1,0,Litewave Corp,0,0,0
20000315,33515,LTWV',OTC,1.375,1.375,0,0,Litewave Corp,0,0,0
20000316,33515,LTWV',OTC,1.375,1.375,0,0,Litewave Corp,0,0,0
20000317,33515,LTWV',OTC,0.953125,0.953125,52,0,Litewave Corp,0,0,0
20000320,33515,LTWV',OTC,1.375,1.375,190,0,Litewave Corp,0,0,0
20000321,33515,LTWV',OTC,0.953125,0.953125,252,0,Litewave Corp,0,0,0
20000322,33515,LTWV',OTC,0.953125,0.953125,100,0,Litewave Corp,0,0,0
20000323,33515,LTWV',OTC,0.96875,0.96875,155,0,Litewave Corp,0,0,0
20000324,33515,LTWV',OTC,0.953125,0.953125,75,0,Litewave Corp,0,0,0
20000327,33515,LTWV',OTC,1,1,205,0,Litewave Corp,0,0,0
20000328,33515,LTWV',OTC,0.875,0.875,427,0,Litewave Corp,0,0,0
20000329,33515,LTWV',OTC,0.875,0.875,1,0,Litewave Corp,0,0,0
20000330,33515,LTWV',OTC,0.875,0.875,0,0,Litewave Corp,0,0,0
20000331,33515,LTWV',OTC,0.65625,0.65625,3,0,Litewave Corp,0,0,0
20000403,33515,LTWV',OTC,0.65625,0.65625,0,0,Litewave Corp,0,0,0
20000404,33515,LTWV',OTC,0.65625,0.65625,0,0,Litewave Corp,0,0,0
20000405,33515,LTWV',OTC,0.65625,0.65625,0,0,Litewave Corp,0,0,0
20000406,33515,LTWV',OTC,0.65625,0.65625,0,0,Litewave Corp,0,0,0
20000407,33515,LTWV',OTC,1.5,1.5,453,0,Litewave Corp,0,0,0
20000410,33515,LTWV',OTC,1.4375,1.4375,36,0,Litewave Corp,0,0,0
20000411,33515,LTWV',OTC,0.65625,0.65625,11,0,Litewave Corp,0,0,0
20000412,33515,LTWV',OTC,0.75,0.75,5,0,Litewave Corp,0,0,0
20000413,33515,LTWV',OTC,1,1,15,0,Litewave Corp,0,0,0
20000414,33515,LTWV',OTC,0.671875,0.671875,222,0,Litewave Corp,0,0,0
20000417,33515,LTWV',OTC,1,1,79,0,Litewave Corp,0,0,0
20000418,33515,LTWV',OTC,1,1,0,0,Litewave Corp,0,0,0
20000419,33515,LTWV',OTC,0.75,0.75,50,0,Litewave Corp,0,0,0
20000420,33515,LTWV',OTC,0.953125,0.953125,14,0,Litewave Corp,0,0,0
20000424,33515,LTWV',OTC,0.953125,0.953125,0,0,Litewave Corp,0,0,0
20000425,33515,LTWV',OTC,0.953125,0.953125,0,0,Litewave Corp,0,0,0
20000426,33515,LTWV',OTC,0.953125,0.953125,5,0,Litewave Corp,0,0,0
20000427,33515,LTWV',OTC,0.65625,0.65625,19,0,Litewave Corp,0,0,0
20000428,33515,LTWV',OTC,0.65625,0.65625,0,0,Litewave Corp,0,0,0
20000501,33515,LTWV',OTC,0.59375,0.59375,280,0,Litewave Corp,0,0,0
20000502,33515,LTWV',OTC,0.59375,0.59375,0,0,Litewave Corp,0,0,0
20000503,33515,LTWV',OTC,0.59375,0.59375,0,0,Litewave Corp,0,0,0
20000504,33515,LTWV',OTC,0.59375,0.59375,0,0,Litewave Corp,0,0,0
20000505,33515,LTWV',OTC,0.515625,0.515625,10,0,Litewave Corp,0,0,0
20000508,33515,LTWV',OTC,0.515625,0.515625,10,0,Litewave Corp,0,0,0
20000509,33515,LTWV',OTC,0.515625,0.515625,0,0,Litewave Corp,0,0,0
20000510,33515,LTWV',OTC,0.515625,0.515625,0,0,Litewave Corp,0,0,0
20000511,33515,LTWV',OTC,0.75,0.75,50,0,Litewave Corp,0,0,0
20000512,33515,LTWV',OTC,0.796875,0.796875,700,0,Litewave Corp,0,0,0
20000515,33515,LTWV',OTC,0.5625,0.5625,6,0,Litewave Corp,0,0,0
20000516,33515,LTWV',OTC,0.5625,0.5625,0,0,Litewave Corp,0,0,0
20000517,33515,LTWV',OTC,0.5625,0.5625,0,0,Litewave Corp,0,0,0
20000518,33515,LTWV',OTC,0.5625,0.5625,0,0,Litewave Corp,0,0,0
20000519,33515,LTWV',OTC,0.5625,0.5625,0,0,Litewave Corp,0,0,0
20000522,33515,LTWV',OTC,0.5625,0.5625,15,0,Litewave Corp,0,0,0
20000523,33515,LTWV',OTC,0.5625,0.5625,0,0,Litewave Corp,0,0,0
20000524,33515,LTWV',OTC,1,1,10,0,Litewave Corp,0,0,0
20000525,33515,LTWV',OTC,0.625,0.625,70,0,Litewave Corp,0,0,0
20000526,33515,LTWV',OTC,0.515625,0.515625,3,0,Litewave Corp,0,0,0
20000530,33515,LTWV',OTC,0.453125,0.453125,318,0,Litewave Corp,0,0,0
20000531,33515,LTWV',OTC,0.375,0.375,60,0,Litewave Corp,0,0,0
20000601,33515,LTWV',OTC,0.484375,0.484375,90,0,Litewave Corp,0,0,0
20000602,33515,LTWV',OTC,0.28125,0.28125,10,0,Litewave Corp,0,0,0
20000605,33515,LTWV',OTC,0.28125,0.28125,0,0,Litewave Corp,0,0,0
20000606,33515,LTWV',OTC,0.28125,0.28125,0,0,Litewave Corp,0,0,0
20000607,33515,LTWV',OTC,0.28125,0.28125,0,0,Litewave Corp,0,0,0
20000608,33515,LTWV',OTC,0.28125,0.28125,0,0,Litewave Corp,0,0,0
20000609,33515,LTWV',OTC,0.28125,0.28125,0,0,Litewave Corp,0,0,0
20000612,33515,LTWV',OTC,0.28125,0.28125,0,0,Litewave Corp,0,0,0
20000613,33515,LTWV',OTC,0.28125,0.28125,0,0,Litewave Corp,0,0,0
20000614,33515,LTWV',OTC,0.28125,0.28125,0,0,Litewave Corp,0,0,0
20000615,33515,LTWV',OTC,0.28125,0.28125,0,0,Litewave Corp,0,0,0
20000616,33515,LTWV',OTC,0.28125,0.28125,0,0,Litewave Corp,0,0,0
20000619,33515,LTWV',OTC,0.28125,0.28125,0,0,Litewave Corp,0,0,0
20000620,33515,LTWV',OTC,0.28125,0.28125,0,0,Litewave Corp,0,0,0
20000621,33515,LTWV',OTC,0.375,0.375,201,0,Litewave Corp,0,0,0
20000622,33515,LTWV',OTC,0.375,0.375,0,0,Litewave Corp,0,0,0
20000623,33515,LTWV',OTC,0.375,0.375,0,0,Litewave Corp,0,0,0
20000626,33515,LTWV',OTC,0.453125,0.453125,180,0,Litewave Corp,0,0,0
20000627,33515,LTWV',OTC,0.25,0.25,290,0,Litewave Corp,0,0,0
20000628,33515,LTWV',OTC,0.25,0.25,0,0,Litewave Corp,0,0,0
20000629,33515,LTWV',OTC,0.25,0.25,1,0,Litewave Corp,0,0,0
20000630,33515,LTWV',OTC,0.453125,0.453125,20,0,Litewave Corp,0,0,0
20000703,33515,LTWV',OTC,0.453125,0.453125,0,0,Litewave Corp,0,0,0
20000705,33515,LTWV',OTC,0.375,0.375,300,0,Litewave Corp,0,0,0
20000706,33515,LTWV',OTC,0.625,0.625,235,0,Litewave Corp,0,0,0
20000707,33515,LTWV',OTC,0.703125,0.703125,350,0,Litewave Corp,0,0,0
20000710,33515,LTWV',OTC,0.65625,0.65625,63,0,Litewave Corp,0,0,0
20000711,33515,LTWV',OTC,0.84375,0.84375,365,0,Litewave Corp,0,0,0
20000712,33515,LTWV',OTC,0.796875,0.796875,125,0,Litewave Corp,0,0,0
20000713,33515,LTWV',OTC,0.546875,0.546875,83,0,Litewave Corp,0,0,0
20000714,33515,LTWV',OTC,0.546875,0.546875,1275,0,Litewave Corp,0,0,0
20000717,33515,LTWV',OTC,0.546875,0.546875,154,0,Litewave Corp,0,0,0
20000718,33515,LTWV',OTC,0.515625,0.515625,170,0,Litewave Corp,0,0,0
20000719,33515,LTWV',OTC,0.515625,0.515625,0,0,Litewave Corp,0,0,0
20000720,33515,LTWV',OTC,0.515625,0.515625,0,0,Litewave Corp,0,0,0
20000721,33515,LTWV',OTC,0.453125,0.453125,135,0,Litewave Corp,0,0,0
20000724,33515,LTWV',OTC,0.453125,0.453125,0,0,Litewave Corp,0,0,0
20000725,33515,LTWV',OTC,0.515625,0.515625,104,0,Litewave Corp,0,0,0
20000726,33515,LTWV',OTC,0.515625,0.515625,0,0,Litewave Corp,0,0,0
20000727,33515,LTWV',OTC,0.515625,0.515625,0,0,Litewave Corp,0,0,0
20000728,33515,LTWV',OTC,0.40625,0.40625,10,0,Litewave Corp,0,0,0
20000731,33515,LTWV',OTC,0.40625,0.40625,0,0,Litewave Corp,0,0,0
20000801,33515,LTWV',OTC,0.40625,0.40625,0,0,Litewave Corp,0,0,0
20000802,33515,LTWV',OTC,0.40625,0.40625,0,0,Litewave Corp,0,0,0
20000803,33515,LTWV',OTC,0.40625,0.40625,0,0,Litewave Corp,0,0,0
20000804,33515,LTWV',OTC,0.40625,0.40625,0,0,Litewave Corp,0,0,0
20000807,33515,LTWV',OTC,0.40625,0.40625,0,0,Litewave Corp,0,0,0
20000808,33515,LTWV',OTC,0.40625,0.40625,0,0,Litewave Corp,0,0,0
20000809,33515,LTWV',OTC,0.40625,0.40625,0,0,Litewave Corp,0,0,0
20000810,33515,LTWV',OTC,0.40625,0.40625,0,0,Litewave Corp,0,0,0
20000811,33515,LTWV',OTC,0.40625,0.40625,0,0,Litewave Corp,0,0,0
20000814,33515,LTWV',OTC,0.40625,0.40625,0,0,Litewave Corp,0,0,0
20000815,33515,LTWV',OTC,0.40625,0.40625,50,0,Litewave Corp,0,0,0
20000816,33515,LTWV',OTC,0.40625,0.40625,0,0,Litewave Corp,0,0,0
20000817,33515,LTWV',OTC,0.453125,0.453125,35,0,Litewave Corp,0,0,0
20000818,33515,LTWV',OTC,0.40625,0.40625,70,0,Litewave Corp,0,0,0
20000821,33515,LTWV',OTC,0.40625,0.40625,0,0,Litewave Corp,0,0,0
20000822,33515,LTWV',OTC,0.40625,0.40625,0,0,Litewave Corp,0,0,0
20000823,33515,LTWV',OTC,0.40625,0.40625,0,0,Litewave Corp,0,0,0
20000824,33515,LTWV',OTC,0.40625,0.40625,0,0,Litewave Corp,0,0,0
20000825,33515,LTWV',OTC,0.40625,0.40625,0,0,Litewave Corp,0,0,0
20000828,33515,LTWV',OTC,0.40625,0.40625,0,0,Litewave Corp,0,0,0
20000829,33515,LTWV',OTC,0.40625,0.40625,0,0,Litewave Corp,0,0,0
20000830,33515,LTWV',OTC,0.40625,0.40625,0,0,Litewave Corp,0,0,0
20000831,33515,LTWV',OTC,0.421875,0.421875,100,0,Litewave Corp,0,0,0
20000901,33515,LTWV',OTC,0.34375,0.34375,280,0,Litewave Corp,0,0,0
20000905,33515,LTWV',OTC,0.34375,0.34375,0,0,Litewave Corp,0,0,0
20000906,33515,LTWV',OTC,0.34375,0.34375,0,0,Litewave Corp,0,0,0
20000907,33515,LTWV',OTC,0.40625,0.40625,100,0,Litewave Corp,0,0,0
20000908,33515,LTWV',OTC,0.40625,0.40625,0,0,Litewave Corp,0,0,0
20000911,33515,LTWV',OTC,0.421875,0.421875,100,0,Litewave Corp,0,0,0
20000912,33515,LTWV',OTC,0.421875,0.421875,0,0,Litewave Corp,0,0,0
20000913,33515,LTWV',OTC,0.421875,0.421875,0,0,Litewave Corp,0,0,0
20000914,33515,LTWV',OTC,0.421875,0.421875,0,0,Litewave Corp,0,0,0
20000915,33515,LTWV',OTC,0.421875,0.421875,0,0,Litewave Corp,0,0,0
20000918,33515,LTWV',OTC,0.421875,0.421875,0,0,Litewave Corp,0,0,0
20000919,33515,LTWV',OTC,0.328125,0.328125,260,0,Litewave Corp,0,0,0
20000920,33515,LTWV',OTC,0.34375,0.34375,1320,0,Litewave Corp,0,0,0
20000921,33515,LTWV',OTC,0.34375,0.34375,0,0,Litewave Corp,0,0,0
20000922,33515,LTWV',OTC,0.34375,0.34375,0,0,Litewave Corp,0,0,0
20000925,33515,LTWV',OTC,0.34375,0.34375,0,0,Litewave Corp,0,0,0
20000926,33515,LTWV',OTC,0.34375,0.34375,1050,0,Litewave Corp,0,0,0
20000927,33515,LTWV',OTC,0.3125,0.3125,150,0,Litewave Corp,0,0,0
20000928,33515,LTWV',OTC,0.625,0.625,710,0,Litewave Corp,0,0,0
20000929,33515,LTWV',OTC,0.90625,0.90625,171,0,Litewave Corp,0,0,0
20001002,33515,LTWV',OTC,0.734375,0.734375,220,0,Litewave Corp,0,0,0
20001003,33515,LTWV',OTC,0.78125,0.78125,1182,0,Litewave Corp,0,0,0
20001004,33515,LTWV',OTC,0.734375,0.734375,507,0,Litewave Corp,0,0,0
20001005,33515,LTWV',OTC,0.71875,0.71875,2020,0,Litewave Corp,0,0,0
20001006,33515,LTWV',OTC,0.6875,0.6875,289,0,Litewave Corp,0,0,0
20001009,33515,LTWV',OTC,0.59375,0.59375,10,0,Litewave Corp,0,0,0
20001010,33515,LTWV',OTC,0.75,0.75,333,0,Litewave Corp,0,0,0
20001011,33515,LTWV',OTC,0.765625,0.765625,866,0,Litewave Corp,0,0,0
20001012,33515,LTWV',OTC,0.546875,0.546875,651,0,Litewave Corp,0,0,0
20001013,33515,LTWV',OTC,0.8125,0.8125,856,0,Litewave Corp,0,0,0
20001016,33515,LTWV',OTC,0.765625,0.765625,226,0,Litewave Corp,0,0,0
20001017,33515,LTWV',OTC,0.875,0.875,725,0,Litewave Corp,0,0,0
20001018,33515,LTWV',OTC,0.75,0.75,369,0,Litewave Corp,0,0,0
20001019,33515,LTWV',OTC,0.625,0.625,45,0,Litewave Corp,0,0,0
20001020,33515,LTWV',OTC,0.8125,0.8125,110,0,Litewave Corp,0,0,0
20001023,33515,LTWV',OTC,0.6875,0.6875,94,0,Litewave Corp,0,0,0
20001024,33515,LTWV',OTC,0.640625,0.640625,350,0,Litewave Corp,0,0,0
20001025,33515,LTWV',OTC,0.6875,0.6875,45,0,Litewave Corp,0,0,0
20001026,33515,LTWV',OTC,0.6875,0.6875,260,0,Litewave Corp,0,0,0
20001027,33515,LTWV',OTC,0.71875,0.71875,220,0,Litewave Corp,0,0,0
20001030,33515,LTWV',OTC,0.625,0.625,351,0,Litewave Corp,0,0,0
20001031,33515,LTWV',OTC,0.53125,0.53125,69,0,Litewave Corp,0,0,0
20001101,33515,LTWV',OTC,0.53125,0.53125,0,0,Litewave Corp,0,0,0
20001102,33515,LTWV',OTC,0.5,0.5,2379,0,Litewave Corp,0,0,0
20001103,33515,LTWV',OTC,0.75,0.75,2200,0,Litewave Corp,0,0,0
20001106,33515,LTWV',OTC,0.5625,0.5625,75,0,Litewave Corp,0,0,0
20001107,33515,LTWV',OTC,0.5625,0.5625,0,0,Litewave Corp,0,0,0
20001108,33515,LTWV',OTC,0.5625,0.5625,0,0,Litewave Corp,0,0,0
20001109,33515,LTWV',OTC,0.5625,0.5625,155,0,Litewave Corp,0,0,0
20001110,33515,LTWV',OTC,0.5625,0.5625,2385,0,Litewave Corp,0,0,0
20001113,33515,LTWV',OTC,0.625,0.625,55,0,Litewave Corp,0,0,0
20001114,33515,LTWV',OTC,0.5625,0.5625,55,0,Litewave Corp,0,0,0
20001115,33515,LTWV',OTC,0.5625,0.5625,0,0,Litewave Corp,0,0,0
20001116,33515,LTWV',OTC,0.5625,0.5625,50,0,Litewave Corp,0,0,0
20001117,33515,LTWV',OTC,0.625,0.625,16,0,Litewave Corp,0,0,0
20001120,33515,LTWV',OTC,0.625,0.625,0,0,Litewave Corp,0,0,0
20001121,33515,LTWV',OTC,0.515625,0.515625,88,0,Litewave Corp,0,0,0
20001122,33515,LTWV',OTC,0.515625,0.515625,0,0,Litewave Corp,0,0,0
20001124,33515,LTWV',OTC,0.515625,0.515625,400,0,Litewave Corp,0,0,0
20001127,33515,LTWV',OTC,0.46875,0.46875,125,0,Litewave Corp,0,0,0
20001128,33515,LTWV',OTC,0.375,0.375,255,0,Litewave Corp,0,0,0
20001129,33515,LTWV',OTC,0.375,0.375,50,0,Litewave Corp,0,0,0
20001130,33515,LTWV',OTC,0.1875,0.1875,9,0,Litewave Corp,0,0,0
20001201,33515,LTWV',OTC,0.46875,0.46875,32,0,Litewave Corp,0,0,0
20001204,33515,LTWV',OTC,0.46875,0.46875,0,0,Litewave Corp,0,0,0
20001205,33515,LTWV',OTC,0.46875,0.46875,1027,0,Litewave Corp,0,0,0
20001206,33515,LTWV',OTC,0.1875,0.1875,5,0,Litewave Corp,0,0,0
20001207,33515,LTWV',OTC,0.1875,0.1875,0,0,Litewave Corp,0,0,0
20001208,33515,LTWV',OTC,0.3125,0.3125,20,0,Litewave Corp,0,0,0
20001211,33515,LTWV',OTC,0.265625,0.265625,372,0,Litewave Corp,0,0,0
20001212,33515,LTWV',OTC,0.265625,0.265625,0,0,Litewave Corp,0,0,0
20001213,33515,LTWV',OTC,0.265625,0.265625,0,0,Litewave Corp,0,0,0
20001214,33515,LTWV',OTC,0.25,0.25,100,0,Litewave Corp,0,0,0
20001215,33515,LTWV',OTC,0.21875,0.21875,700,0,Litewave Corp,0,0,0
20001218,33515,LTWV',OTC,0.21875,0.21875,0,0,Litewave Corp,0,0,0
20001219,33515,LTWV',OTC,0.296875,0.296875,2100,0,Litewave Corp,0,0,0
20001220,33515,LTWV',OTC,0.21875,0.21875,5,0,Litewave Corp,0,0,0
20001221,33515,LTWV',OTC,0.21875,0.21875,0,0,Litewave Corp,0,0,0
20001222,33515,LTWV',OTC,0.1875,0.1875,60,0,Litewave Corp,0,0,0
20001226,33515,LTWV',OTC,0.1875,0.1875,0,0,Litewave Corp,0,0,0
20001227,33515,LTWV',OTC,0.25,0.25,50,0,Litewave Corp,0,0,0
20001228,33515,LTWV',OTC,0.25,0.25,0,0,Litewave Corp,0,0,0
20001229,33515,LTWV',OTC,0.1875,0.1875,11,0,Litewave Corp,0,0,0
20010102,33515,LTWV',OTC,0.1875,0.1875,0,0,Litewave Corp,0,0,0
20010103,33515,LTWV',OTC,0.3125,0.3125,77,0,Litewave Corp,0,0,0
20010104,33515,LTWV',OTC,0.3125,0.3125,0,0,Litewave Corp,0,0,0
20010105,33515,LTWV',OTC,0.3125,0.3125,0,0,Litewave Corp,0,0,0
20010108,33515,LTWV',OTC,0.3125,0.3125,0,0,Litewave Corp,0,0,0
20010109,33515,LTWV',OTC,0.34375,0.34375,340,0,Litewave Corp,0,0,0
20010110,33515,LTWV',OTC,0.34375,0.34375,0,0,Litewave Corp,0,0,0
20010111,33515,LTWV',OTC,0.34375,0.34375,0,0,Litewave Corp,0,0,0
20010112,33515,LTWV',OTC,0.328125,0.328125,2150,0,Litewave Corp,0,0,0
20010116,33515,LTWV',OTC,0.25,0.25,50,0,Litewave Corp,0,0,0
20010117,33515,LTWV',OTC,0.1875,0.1875,230,0,Litewave Corp,0,0,0
20010118,33515,LTWV',OTC,0.234375,0.234375,272,0,Litewave Corp,0,0,0
20010119,33515,LTWV',OTC,0.234375,0.234375,0,0,Litewave Corp,0,0,0
20010122,33515,LTWV',OTC,0.234375,0.234375,0,0,Litewave Corp,0,0,0
20010123,33515,LTWV',OTC,0.234375,0.234375,0,0,Litewave Corp,0,0,0
20010124,33515,LTWV',OTC,0.234375,0.234375,0,0,Litewave Corp,0,0,0
20010125,33515,LTWV',OTC,0.234375,0.234375,0,0,Litewave Corp,0,0,0
20010126,33515,LTWV',OTC,0.234375,0.234375,0,0,Litewave Corp,0,0,0
20010129,33515,LTWV',OTC,0.234375,0.234375,0,0,Litewave Corp,0,0,0
20010130,33515,LTWV',OTC,0.234375,0.234375,0,0,Litewave Corp,0,0,0
20010131,33515,LTWV',OTC,0.25,0.25,800,0,Litewave Corp,0,0,0
20010201,33515,LTWV',OTC,0.25,0.25,0,0,Litewave Corp,0,0,0
20010202,33515,LTWV',OTC,0.28125,0.28125,1500,0,Litewave Corp,0,0,0
20010205,33515,LTWV',OTC,0.34375,0.34375,2300,0,Litewave Corp,0,0,0
20010206,33515,LTWV',OTC,0.34375,0.34375,375,0,Litewave Corp,0,0,0
20010207,33515,LTWV',OTC,0.34375,0.34375,500,0,Litewave Corp,0,0,0
20010208,33515,LTWV',OTC,0.265625,0.265625,8,0,Litewave Corp,0,0,0
20010209,33515,LTWV',OTC,0.265625,0.265625,0,0,Litewave Corp,0,0,0
20010212,33515,LTWV',OTC,0.5,0.5,473,0,Litewave Corp,0,0,0
20010213,33515,LTWV',OTC,0.375,0.375,921,0,Litewave Corp,0,0,0
20010214,33515,LTWV',OTC,0.40625,0.40625,130,0,Litewave Corp,0,0,0
20010215,33515,LTWV',OTC,0.421875,0.421875,400,0,Litewave Corp,0,0,0
20010216,33515,LTWV',OTC,0.4375,0.4375,699,0,Litewave Corp,0,0,0
20010220,33515,LTWV',OTC,0.4375,0.4375,0,0,Litewave Corp,0,0,0
20010221,33515,LTWV',OTC,0.46875,0.46875,123,0,Litewave Corp,0,0,0
20010222,33515,LTWV',OTC,0.375,0.375,50,0,Litewave Corp,0,0,0
20010223,33515,LTWV',OTC,0.5,0.5,775,0,Litewave Corp,0,0,0
20010226,33515,LTWV',OTC,0.65625,0.65625,2146,0,Litewave Corp,0,0,0
20010227,33515,LTWV',OTC,0.53125,0.53125,130,0,Litewave Corp,0,0,0
20010228,33515,LTWV',OTC,0.59375,0.59375,230,0,Litewave Corp,0,0,0
20010301,33515,LTWV',OTC,0.625,0.625,644,0,Litewave Corp,0,0,0
20010302,33515,LTWV',OTC,0.625,0.625,3277,0,Litewave Corp,0,0,0
20010305,33515,LTWV',OTC,0.6875,0.6875,225,0,Litewave Corp,0,0,0
20010306,33515,LTWV',OTC,0.734375,0.734375,5,0,Litewave Corp,0,0,0
20010307,33515,LTWV',OTC,0.703125,0.703125,650,0,Litewave Corp,0,0,0
20010308,33515,LTWV',OTC,0.65625,0.65625,1547,0,Litewave Corp,0,0,0
20010309,33515,LTWV',OTC,0.734375,0.734375,1156,0,Litewave Corp,0,0,0
20010312,33515,LTWV',OTC,0.6875,0.6875,100,0,Litewave Corp,0,0,0
20010313,33515,LTWV',OTC,0.59375,0.59375,1205,0,Litewave Corp,0,0,0
20010314,33515,LTWV',OTC,0.5625,0.5625,1478,0,Litewave Corp,0,0,0
20010315,33515,LTWV',OTC,0.5,0.5,1170,0,Litewave Corp,0,0,0
20010316,33515,LTWV',OTC,0.5625,0.5625,290,0,Litewave Corp,0,0,0
20010319,33515,LTWV',OTC,0.6875,0.6875,1560,0,Litewave Corp,0,0,0
20010320,33515,LTWV',OTC,0.5625,0.5625,650,0,Litewave Corp,0,0,0
20010321,33515,LTWV',OTC,0.53125,0.53125,1325,0,Litewave Corp,0,0,0
20010322,33515,LTWV',OTC,0.515625,0.515625,200,0,Litewave Corp,0,0,0
20010323,33515,LTWV',OTC,0.515625,0.515625,0,0,Litewave Corp,0,0,0
20010326,33515,LTWV',OTC,0.453125,0.453125,580,0,Litewave Corp,0,0,0
20010327,33515,LTWV',OTC,0.453125,0.453125,50,0,Litewave Corp,0,0,0
20010328,33515,LTWV',OTC,0.4375,0.4375,709,0,Litewave Corp,0,0,0
20010329,33515,LTWV',OTC,0.359375,0.359375,2249,0,Litewave Corp,0,0,0
20010330,33515,LTWV',OTC,0.5,0.5,3381,0,Litewave Corp,0,0,0
20010402,33515,LTWV',OTC,0.5,0.5,3701,0,Litewave Corp,0,0,0
20010403,33515,LTWV',OTC,0.484375,0.484375,520,0,Litewave Corp,0,0,0
20010404,33515,LTWV',OTC,0.484375,0.484375,0,0,Litewave Corp,0,0,0
20010405,33515,LTWV',OTC,0.484375,0.484375,345,0,Litewave Corp,0,0,0
20010406,33515,LTWV',OTC,0.5,0.5,695,0,Litewave Corp,0,0,0
20010409,33515,LTWV',OTC,0.45,0.45,190,0,Litewave Corp,0,0,0
20010410,33515,LTWV',OTC,0.46,0.46,200,0,Litewave Corp,0,0,0
20010411,33515,LTWV',OTC,0.4,0.4,25,0,Litewave Corp,0,0,0
20010412,33515,LTWV',OTC,0.42,0.42,800,0,Litewave Corp,0,0,0
20010416,33515,LTWV',OTC,0.34,0.34,1430,0,Litewave Corp,0,0,0
20010417,33515,LTWV',OTC,0.31,0.31,1960,0,Litewave Corp,0,0,0
20010418,33515,LTWV',OTC,0.34,0.34,1910,0,Litewave Corp,0,0,0
20010419,33515,LTWV',OTC,0.34,0.34,100,0,Litewave Corp,0,0,0
20010420,33515,LTWV',OTC,0.31,0.31,1414,0,Litewave Corp,0,0,0
20010423,33515,LTWV',OTC,0.3,0.3,2802,0,Litewave Corp,0,0,0
20010424,33515,LTWV',OTC,0.3,0.3,50,0,Litewave Corp,0,0,0
20010425,33515,LTWV',OTC,0.3,0.3,50,0,Litewave Corp,0,0,0
20010426,33515,LTWV',OTC,0.3,0.3,60,0,Litewave Corp,0,0,0
20010427,33515,LTWV',OTC,0.3,0.3,0,0,Litewave Corp,0,0,0
20010430,33515,LTWV',OTC,0.3,0.3,330,0,Litewave Corp,0,0,0
20010501,33515,LTWV',OTC,0.34,0.34,5000,0,Litewave Corp,0,0,0
20010502,33515,LTWV',OTC,0.37,0.37,1825,0,Litewave Corp,0,0,0
20010503,33515,LTWV',OTC,0.44,0.44,525,0,Litewave Corp,0,0,0
20010504,33515,LTWV',OTC,0.44,0.44,2089,0,Litewave Corp,0,0,0
20010507,33515,LTWV',OTC,0.42,0.42,1162,0,Litewave Corp,0,0,0
20010508,33515,LTWV',OTC,0.37,0.37,1010,0,Litewave Corp,0,0,0
20010509,33515,LTWV',OTC,0.35,0.35,4920,0,Litewave Corp,0,0,0
20010510,33515,LTWV',OTC,0.31,0.31,2127,0,Litewave Corp,0,0,0
20010511,33515,LTWV',OTC,0.31,0.31,400,0,Litewave Corp,0,0,0
20010514,33515,LTWV',OTC,0.31,0.31,50,0,Litewave Corp,0,0,0
20010515,33515,LTWV',OTC,0.3,0.3,625,0,Litewave Corp,0,0,0
20010516,33515,LTWV',OTC,0.26,0.26,942,0,Litewave Corp,0,0,0
20010517,33515,LTWV',OTC,0.3,0.3,237,0,Litewave Corp,0,0,0
20010518,33515,LTWV',OTC,0.27,0.27,2845,0,Litewave Corp,0,0,0
20010521,33515,LTWV',OTC,0.27,0.27,0,0,Litewave Corp,0,0,0
20010522,33515,LTWV',OTC,0.3,0.3,2725,0,Litewave Corp,0,0,0
20010523,33515,LTWV',OTC,0.26,0.26,1090,0,Litewave Corp,0,0,0
20010524,33515,LTWV',OTC,0.33,0.33,9530,0,Litewave Corp,0,0,0
20010525,33515,LTWV',OTC,0.35,0.35,880,0,Litewave Corp,0,0,0
20010529,33515,LTWV',OTC,0.3,0.3,981,0,Litewave Corp,0,0,0
20010530,33515,LTWV',OTC,0.26,0.26,520,0,Litewave Corp,0,0,0
20010531,33515,LTWV',OTC,0.27,0.27,2825,0,Litewave Corp,0,0,0
20010601,33515,LTWV',OTC,0.27,0.27,2964,0,Litewave Corp,0,0,0
20010604,33515,LTWV',OTC,0.25,0.25,2167,0,Litewave Corp,0,0,0
20010605,33515,LTWV',OTC,0.26,0.26,1927,0,Litewave Corp,0,0,0
20010606,33515,LTWV',OTC,0.32,0.32,665,0,Litewave Corp,0,0,0
20010607,33515,LTWV',OTC,0.33,0.33,3089,0,Litewave Corp,0,0,0
20010608,33515,LTWV',OTC,0.3,0.3,1920,0,Litewave Corp,0,0,0
20010611,33515,LTWV',OTC,0.28,0.28,305,0,Litewave Corp,0,0,0
20010612,33515,LTWV',OTC,0.29,0.29,464,0,Litewave Corp,0,0,0
20010613,33515,LTWV',OTC,0.29,0.29,0,0,Litewave Corp,0,0,0
20010614,33515,LTWV',OTC,0.25,0.25,2110,0,Litewave Corp,0,0,0
20010615,33515,LTWV',OTC,0.29,0.29,490,0,Litewave Corp,0,0,0
20010618,33515,LTWV',OTC,0.31,0.31,739,0,Litewave Corp,0,0,0
20010619,33515,LTWV',OTC,0.37,0.37,575,0,Litewave Corp,0,0,0
20010620,33515,LTWV',OTC,0.41,0.41,826,0,Litewave Corp,0,0,0
20010621,33515,LTWV',OTC,0.37,0.37,1641,0,Litewave Corp,0,0,0
20010622,33515,LTWV',OTC,0.37,0.37,455,0,Litewave Corp,0,0,0
20010625,33515,LTWV',OTC,0.37,0.37,355,0,Litewave Corp,0,0,0
20010626,33515,LTWV',OTC,0.34,0.34,1585,0,Litewave Corp,0,0,0
20010627,33515,LTWV',OTC,0.34,0.34,0,0,Litewave Corp,0,0,0
20010628,33515,LTWV',OTC,0.34,0.34,1400,0,Litewave Corp,0,0,0
20010629,33515,LTWV',OTC,0.31,0.31,1040,0,Litewave Corp,0,0,0
20010702,33515,LTWV',OTC,0.31,0.31,0,0,Litewave Corp,0,0,0
20010703,33515,LTWV',OTC,0.3,0.3,6,0,Litewave Corp,0,0,0
20010705,33515,LTWV',OTC,0.33,0.33,1000,0,Litewave Corp,0,0,0
20010706,33515,LTWV',OTC,0.33,0.33,1380,0,Litewave Corp,0,0,0
20010709,33515,LTWV',OTC,0.35,0.35,1079,0,Litewave Corp,0,0,0
20010710,33515,LTWV',OTC,0.31,0.31,1421,0,Litewave Corp,0,0,0
20010711,33515,LTWV',OTC,0.31,0.31,60,0,Litewave Corp,0,0,0
20010712,33515,LTWV',OTC,0.33,0.33,50,0,Litewave Corp,0,0,0
20010713,33515,LTWV',OTC,0.33,0.33,0,0,Litewave Corp,0,0,0
20010716,33515,LTWV',OTC,0.3,0.3,135,0,Litewave Corp,0,0,0
20010717,33515,LTWV',OTC,0.32,0.32,1795,0,Litewave Corp,0,0,0
20010718,33515,LTWV',OTC,0.32,0.32,3135,0,Litewave Corp,0,0,0
20010719,33515,LTWV',OTC,0.32,0.32,4562,0,Litewave Corp,0,0,0
20010720,33515,LTWV',OTC,0.33,0.33,450,0,Litewave Corp,0,0,0
20010723,33515,LTWV',OTC,0.38,0.38,3485,0,Litewave Corp,0,0,0
20010724,33515,LTWV',OTC,0.33,0.33,2995,0,Litewave Corp,0,0,0
20010725,33515,LTWV',OTC,0.34,0.34,115,0,Litewave Corp,0,0,0
20010726,33515,LTWV',OTC,0.36,0.36,3060,0,Litewave Corp,0,0,0
20010727,33515,LTWV',OTC,0.37,0.37,4885,0,Litewave Corp,0,0,0
20010730,33515,LTWV',OTC,0.34,0.34,560,0,Litewave Corp,0,0,0
20010731,33515,LTWV',OTC,0.34,0.34,5106,0,Litewave Corp,0,0,0
20010801,33515,LTWV',OTC,0.4,0.4,3640,0,Litewave Corp,0,0,0
20010802,33515,LTWV',OTC,0.43,0.43,1990,0,Litewave Corp,0,0,0
20010803,33515,LTWV',OTC,0.43,0.43,1321,0,Litewave Corp,0,0,0
20010806,33515,LTWV',OTC,0.45,0.45,1610,0,Litewave Corp,0,0,0
20010807,33515,LTWV',OTC,0.48,0.48,2457,0,Litewave Corp,0,0,0
20010808,33515,LTWV',OTC,0.53,0.53,7111,0,Litewave Corp,0,0,0
20010809,33515,LTWV',OTC,0.46,0.46,3983,0,Litewave Corp,0,0,0
20010810,33515,LTWV',OTC,0.46,0.46,475,0,Litewave Corp,0,0,0
20010813,33515,LTWV',OTC,0.43,0.43,3200,0,Litewave Corp,0,0,0
20010814,33515,LTWV',OTC,0.3,0.3,3550,0,Litewave Corp,0,0,0
20010815,33515,LTWV',OTC,0.39,0.39,4035,0,Litewave Corp,0,0,0
20010816,33515,LTWV',OTC,0.39,0.39,4615,0,Litewave Corp,0,0,0
20010817,33515,LTWV',OTC,0.38,0.38,5013,0,Litewave Corp,0,0,0
20010820,33515,LTWV',OTC,0.47,0.47,9757,0,Litewave Corp,0,0,0
20010821,33515,LTWV',OTC,0.31,0.31,4440,0,Litewave Corp,0,0,0
20010822,33515,LTWV',OTC,0.34,0.34,3365,0,Litewave Corp,0,0,0
20010823,33515,LTWV',OTC,0.34,0.34,3490,0,Litewave Corp,0,0,0
20010824,33515,LTWV',OTC,0.35,0.35,2065,0,Litewave Corp,0,0,0
20010827,33515,LTWV',OTC,0.35,0.35,3235,0,Litewave Corp,0,0,0
20010828,33515,LTWV',OTC,0.28,0.28,1990,0,Litewave Corp,0,0,0
20010829,33515,LTWV',OTC,0.3,0.3,560,0,Litewave Corp,0,0,0
20010830,33515,LTWV',OTC,0.28,0.28,1900,0,Litewave Corp,0,0,0
20010831,33515,LTWV',OTC,0.31,0.31,820,0,Litewave Corp,0,0,0
20010904,33515,LTWV',OTC,0.3,0.3,2877,0,Litewave Corp,0,0,0
20010905,33515,LTWV',OTC,0.28,0.28,4142,0,Litewave Corp,0,0,0
20010906,33515,LTWV',OTC,0.26,0.26,100,0,Litewave Corp,0,0,0
20010907,33515,LTWV',OTC,0.24,0.24,4380,0,Litewave Corp,0,0,0
20010910,33515,LTWV',OTC,0.15,0.15,3168,0,Litewave Corp,0,0,0
20010917,33515,LTWV',OTC,0.17,0.17,70,0,Litewave Corp,0,0,0
20010918,33515,LTWV',OTC,0.13,0.13,894,0,Litewave Corp,0,0,0
20010919,33515,LTWV',OTC,0.14,0.14,270,0,Litewave Corp,0,0,0
20010920,33515,LTWV',OTC,0.09,0.09,300,0,Litewave Corp,0,0,0
20010921,33515,LTWV',OTC,0.06,0.06,600,0,Litewave Corp,0,0,0
20010924,33515,LTWV',OTC,0.06,0.06,0,0,Litewave Corp,0,0,0
20010925,33515,LTWV',OTC,0.1,0.1,200,0,Litewave Corp,0,0,0
20010926,33515,LTWV',OTC,0.1,0.1,0,0,Litewave Corp,0,0,0
20010927,33515,LTWV',OTC,0.12,0.12,280,0,Litewave Corp,0,0,0
20010928,33515,LTWV',OTC,0.11,0.11,202,0,Litewave Corp,0,0,0
20011001,33515,LTWV',OTC,0.1,0.1,250,0,Litewave Corp,0,0,0
20011002,33515,LTWV',OTC,0.14,0.14,600,0,Litewave Corp,0,0,0
20011003,33515,LTWV',OTC,0.14,0.14,680,0,Litewave Corp,0,0,0
20011004,33515,LTWV',OTC,0.13,0.13,250,0,Litewave Corp,0,0,0
20011005,33515,LTWV',OTC,0.09,0.09,100,0,Litewave Corp,0,0,0
20011008,33515,LTWV',OTC,0.09,0.09,0,0,Litewave Corp,0,0,0
20011009,33515,LTWV',OTC,0.09,0.09,0,0,Litewave Corp,0,0,0
20011010,33515,LTWV',OTC,0.08,0.08,1597,0,Litewave Corp,0,0,0
20011011,33515,LTWV',OTC,0.1,0.1,725,0,Litewave Corp,0,0,0
20011012,33515,LTWV',OTC,0.09,0.09,200,0,Litewave Corp,0,0,0
20011015,33515,LTWV',OTC,0.09,0.09,0,0,Litewave Corp,0,0,0
20011016,33515,LTWV',OTC,0.08,0.08,700,0,Litewave Corp,0,0,0
20011017,33515,LTWV',OTC,0.08,0.08,0,0,Litewave Corp,0,0,0
20011018,33515,LTWV',OTC,0.08,0.08,181,0,Litewave Corp,0,0,0
20011019,33515,LTWV',OTC,0.07,0.07,163,0,Litewave Corp,0,0,0
20011022,33515,LTWV',OTC,0.07,0.07,0,0,Litewave Corp,0,0,0
20011023,33515,LTWV',OTC,0.07,0.07,0,0,Litewave Corp,0,0,0
20011024,33515,LTWV',OTC,0.07,0.07,0,0,Litewave Corp,0,0,0
20011025,33515,LTWV',OTC,0.08,0.08,3985,0,Litewave Corp,0,0,0
20011026,33515,LTWV',OTC,0.08,0.08,0,0,Litewave Corp,0,0,0
20011029,33515,LTWV',OTC,0.08,0.08,0,0,Litewave Corp,0,0,0
20011030,33515,LTWV',OTC,0.07,0.07,21,0,Litewave Corp,0,0,0
20011031,33515,LTWV',OTC,0.07,0.07,0,0,Litewave Corp,0,0,0
20011101,33515,LTWV',OTC,0.07,0.07,20,0,Litewave Corp,0,0,0
20011102,33515,LTWV',OTC,0.07,0.07,0,0,Litewave Corp,0,0,0
20011105,33515,LTWV',OTC,0.07,0.07,0,0,Litewave Corp,0,0,0
20011106,33515,LTWV',OTC,0.06,0.06,200,0,Litewave Corp,0,0,0
20011107,33515,LTWV',OTC,0.06,0.06,0,0,Litewave Corp,0,0,0
20011108,33515,LTWV',OTC,0.06,0.06,0,0,Litewave Corp,0,0,0
20011109,33515,LTWV',OTC,0.06,0.06,0,0,Litewave Corp,0,0,0
20011112,33515,LTWV',OTC,0.06,0.06,0,0,Litewave Corp,0,0,0
20011113,33515,LTWV',OTC,0.06,0.06,0,0,Litewave Corp,0,0,0
20011114,33515,LTWV',OTC,0.07,0.07,2000,0,Litewave Corp,0,0,0
20011115,33515,LTWV',OTC,0.09,0.09,350,0,Litewave Corp,0,0,0
20011116,33515,LTWV',OTC,0.1,0.1,505,0,Litewave Corp,0,0,0
20011119,33515,LTWV',OTC,0.09,0.09,20,0,Litewave Corp,0,0,0
20011120,33515,LTWV',OTC,0.1,0.1,2670,0,Litewave Corp,0,0,0
20011121,33515,LTWV',OTC,0.1,0.1,0,0,Litewave Corp,0,0,0
20011123,33515,LTWV',OTC,0.1,0.1,75,0,Litewave Corp,0,0,0
20011126,33515,LTWV',OTC,0.1,0.1,244,0,Litewave Corp,0,0,0
20011127,33515,LTWV',OTC,0.1,0.1,0,0,Litewave Corp,0,0,0
20011128,33515,LTWV',OTC,0.09,0.09,20,0,Litewave Corp,0,0,0
20011129,33515,LTWV',OTC,0.09,0.09,50,0,Litewave Corp,0,0,0
20011130,33515,LTWV',OTC,0.08,0.08,175,0,Litewave Corp,0,0,0
20011203,33515,LTWV',OTC,0.08,0.08,0,0,Litewave Corp,0,0,0
20011204,33515,LTWV',OTC,0.07,0.07,50,0,Litewave Corp,0,0,0
20011205,33515,LTWV',OTC,0.09,0.09,4057,0,Litewave Corp,0,0,0
20011206,33515,LTWV',OTC,0.09,0.09,125,0,Litewave Corp,0,0,0
20011207,33515,LTWV',OTC,0.1,0.1,250,0,Litewave Corp,0,0,0
20011210,33515,LTWV',OTC,0.11,0.11,1126,0,Litewave Corp,0,0,0
20011211,33515,LTWV',OTC,0.13,0.13,200,0,Litewave Corp,0,0,0
20011212,33515,LTWV',OTC,0.12,0.12,1220,0,Litewave Corp,0,0,0
20011213,33515,LTWV',OTC,0.12,0.12,640,0,Litewave Corp,0,0,0
20011214,33515,LTWV',OTC,0.09,0.09,60,0,Litewave Corp,0,0,0
20011217,33515,LTWV',OTC,0.1,0.1,615,0,Litewave Corp,0,0,0
20011218,33515,LTWV',OTC,0.1,0.1,630,0,Litewave Corp,0,0,0
20011219,33515,LTWV',OTC,0.08,0.08,3066,0,Litewave Corp,0,0,0
20011220,33515,LTWV',OTC,0.12,0.12,1620,0,Litewave Corp,0,0,0
20011221,33515,LTWV',OTC,0.1,0.1,1380,0,Litewave Corp,0,0,0
20011224,33515,LTWV',OTC,0.09,0.09,150,0,Litewave Corp,0,0,0
20011226,33515,LTWV',OTC,0.09,0.09,230,0,Litewave Corp,0,0,0
20011227,33515,LTWV',OTC,0.09,0.09,107,0,Litewave Corp,0,0,0
20011228,33515,LTWV',OTC,0.09,0.09,260,0,Litewave Corp,0,0,0
20011231,33515,LTWV',OTC,0.08,0.08,250,0,Litewave Corp,0,0,0
20020102,33515,LTWV',OTC,0.08,0.08,73,0,Litewave Corp,0,0,0
20020103,33515,LTWV',OTC,0.08,0.08,50,0,Litewave Corp,0,0,0
20020104,33515,LTWV',OTC,0.08,0.08,425,0,Litewave Corp,0,0,0
20020107,33515,LTWV',OTC,0.06,0.06,5004,0,Litewave Corp,0,0,0
20020108,33515,LTWV',OTC,0.05,0.05,2744,0,Litewave Corp,0,0,0
20020109,33515,LTWV',OTC,0.05,0.05,150,0,Litewave Corp,0,0,0
20020110,33515,LTWV',OTC,0.05,0.05,2600,0,Litewave Corp,0,0,0
20020111,33515,LTWV',OTC,0.05,0.05,3935,0,Litewave Corp,0,0,0
20020114,33515,LTWV',OTC,0.05,0.05,3200,0,Litewave Corp,0,0,0
20020115,33515,LTWV',OTC,0.08,0.08,11025,0,Litewave Corp,0,0,0
20020116,33515,LTWV',OTC,0.09,0.09,1049,0,Litewave Corp,0,0,0
20020117,33515,LTWV',OTC,0.09,0.09,945,0,Litewave Corp,0,0,0
20020118,33515,LTWV',OTC,0.09,0.09,0,0,Litewave Corp,0,0,0
20020122,33515,LTWV',OTC,0.08,0.08,359,0,Litewave Corp,0,0,0
20020123,33515,LTWV',OTC,0.09,0.09,50,0,Litewave Corp,0,0,0
20020124,33515,LTWV',OTC,0.08,0.08,495,0,Litewave Corp,0,0,0
20020125,33515,LTWV',OTC,0.08,0.08,390,0,Litewave Corp,0,0,0
20020128,33515,LTWV',OTC,0.05,0.05,795,0,Litewave Corp,0,0,0
20020129,33515,LTWV',OTC,0.05,0.05,750,0,Litewave Corp,0,0,0
20020130,33515,LTWV',OTC,0.05,0.05,0,0,Litewave Corp,0,0,0
20020131,33515,LTWV',OTC,0.05,0.05,200,0,Litewave Corp,0,0,0
20020201,33515,LTWV',OTC,0.05,0.05,135,0,Litewave Corp,0,0,0
20020204,33515,LTWV',OTC,0.07,0.07,3610,0,Litewave Corp,0,0,0
20020205,33515,LTWV',OTC,0.06,0.06,560,0,Litewave Corp,0,0,0
20020206,33515,LTWV',OTC,0.05,0.05,100,0,Litewave Corp,0,0,0
20020207,33515,LTWV',OTC,0.05,0.05,3475,0,Litewave Corp,0,0,0
20020208,33515,LTWV',OTC,0.05,0.05,9475,0,Litewave Corp,0,0,0
20020211,33515,LTWV',OTC,0.05,0.05,100,0,Litewave Corp,0,0,0
20020212,33515,LTWV',OTC,0.05,0.05,950,0,Litewave Corp,0,0,0
20020213,33515,LTWV',OTC,0.04,0.04,300,0,Litewave Corp,0,0,0
20020214,33515,LTWV',OTC,0.04,0.04,1300,0,Litewave Corp,0,0,0
20020215,33515,LTWV',OTC,0.05,0.05,325,0,Litewave Corp,0,0,0
20020219,33515,LTWV',OTC,0.04,0.04,750,0,Litewave Corp,0,0,0
20020220,33515,LTWV',OTC,0.04,0.04,759,0,Litewave Corp,0,0,0
20020221,33515,LTWV',OTC,0.04,0.04,650,0,Litewave Corp,0,0,0
20020222,33515,LTWV',OTC,0.04,0.04,100,0,Litewave Corp,0,0,0
20020225,33515,LTWV',OTC,0.04,0.04,100,0,Litewave Corp,0,0,0
20020226,33515,LTWV',OTC,0.04,0.04,0,0,Litewave Corp,0,0,0
20020227,33515,LTWV',OTC,0.04,0.04,50,0,Litewave Corp,0,0,0
20020228,33515,LTWV',OTC,0.04,0.04,3750,0,Litewave Corp,0,0,0
20020301,33515,LTWV',OTC,0.04,0.04,0,0,Litewave Corp,0,0,0
20020304,33515,LTWV',OTC,0.03,0.03,669,0,Litewave Corp,0,0,0
20020305,33515,LTWV',OTC,0.04,0.04,300,0,Litewave Corp,0,0,0
20020306,33515,LTWV',OTC,0.04,0.04,3407,0,Litewave Corp,0,0,0
20020307,33515,LTWV',OTC,0.04,0.04,825,0,Litewave Corp,0,0,0
20020308,33515,LTWV',OTC,0.04,0.04,60,0,Litewave Corp,0,0,0
20020311,33515,LTWV',OTC,0.03,0.03,160,0,Litewave Corp,0,0,0
20020312,33515,LTWV',OTC,0.04,0.04,10,0,Litewave Corp,0,0,0
20020313,33515,LTWV',OTC,0.04,0.04,0,0,Litewave Corp,0,0,0
20020314,33515,LTWV',OTC,0.03,0.03,67,0,Litewave Corp,0,0,0
20020315,33515,LTWV',OTC,0.03,0.03,44,0,Litewave Corp,0,0,0
20020318,33515,LTWV',OTC,0.03,0.03,1000,0,Litewave Corp,0,0,0
20020319,33515,LTWV',OTC,0.03,0.03,100,0,Litewave Corp,0,0,0
20020320,33515,LTWV',OTC,0.04,0.04,3350,0,Litewave Corp,0,0,0
20020321,33515,LTWV',OTC,0.03,0.03,15,0,Litewave Corp,0,0,0
20020322,33515,LTWV',OTC,0.03,0.03,5,0,Litewave Corp,0,0,0
20020325,33515,LTWV',OTC,0.03,0.03,50,0,Litewave Corp,0,0,0
20020326,33515,LTWV',OTC,0.03,0.03,0,0,Litewave Corp,0,0,0
20020327,33515,LTWV',OTC,0.03,0.03,1215,0,Litewave Corp,0,0,0
20020328,33515,LTWV',OTC,0.03,0.03,576,0,Litewave Corp,0,0,0
20020401,33515,LTWV',OTC,0.02,0.02,2126,0,Litewave Corp,0,0,0
20020402,33515,LTWV',OTC,0.03,0.03,1000,0,Litewave Corp,0,0,0
20020403,33515,LTWV',OTC,0.02,0.02,2,0,Litewave Corp,0,0,0
20020404,33515,LTWV',OTC,0.02,0.02,2500,0,Litewave Corp,0,0,0
20020405,33515,LTWV',OTC,0.03,0.03,1165,0,Litewave Corp,0,0,0
20020408,33515,LTWV',OTC,0.03,0.03,0,0,Litewave Corp,0,0,0
20020409,33515,LTWV',OTC,0.03,0.03,0,0,Litewave Corp,0,0,0
20020410,33515,LTWV',OTC,0.03,0.03,600,0,Litewave Corp,0,0,0
20020411,33515,LTWV',OTC,0.03,0.03,3300,0,Litewave Corp,0,0,0
20020412,33515,LTWV',OTC,0.03,0.03,2,0,Litewave Corp,0,0,0
20020415,33515,LTWV',OTC,0.03,0.03,0,0,Litewave Corp,0,0,0
20020416,33515,LTWV',OTC,0.03,0.03,1550,0,Litewave Corp,0,0,0
20020417,33515,LTWV',OTC,0.03,0.03,0,0,Litewave Corp,0,0,0
20020418,33515,LTWV',OTC,0.03,0.03,500,0,Litewave Corp,0,0,0
20020419,33515,LTWV',OTC,0.02,0.02,20,0,Litewave Corp,0,0,0
20020422,33515,LTWV',OTC,0.02,0.02,0,0,Litewave Corp,0,0,0
20020423,33515,LTWV',OTC,0.02,0.02,0,0,Litewave Corp,0,0,0
20020424,33515,LTWV',OTC,0.02,0.02,0,0,Litewave Corp,0,0,0
20020425,33515,LTWV',OTC,0.02,0.02,0,0,Litewave Corp,0,0,0
20020426,33515,LTWV',OTC,0.01,0.01,850,0,Litewave Corp,0,0,0
20020429,33515,LTWV',OTC,0.01,0.01,0,0,Litewave Corp,0,0,0
20020430,33515,LTWV',OTC,0.02,0.02,200,0,Litewave Corp,0,0,0
20020501,33515,LTWV',OTC,0.02,0.02,0,0,Litewave Corp,0,0,0
20020502,33515,LTWV',OTC,0.01,0.01,10,0,Litewave Corp,0,0,0
20020503,33515,LTWV',OTC,0.01,0.01,0,0,Litewave Corp,0,0,0
20020506,33515,LTWV',OTC,0.01,0.01,0,0,Litewave Corp,0,0,0
20020507,33515,LTWV',OTC,0.01,0.01,830,0,Litewave Corp,0,0,0
20020508,33515,LTWV',OTC,0.01,0.01,100,0,Litewave Corp,0,0,0
20020509,33515,LTWV',OTC,0.01,0.01,74,0,Litewave Corp,0,0,0
20020510,33515,LTWV',OTC,0.01,0.01,150,0,Litewave Corp,0,0,0
20020513,33515,LTWV',OTC,0.01,0.01,0,0,Litewave Corp,0,0,0
20020514,33515,LTWV',OTC,0.01,0.01,800,0,Litewave Corp,0,0,0
20020515,33515,LTWV',OTC,0.01,0.01,100,0,Litewave Corp,0,0,0
20020516,33515,LTWV',OTC,0.01,0.01,0,0,Litewave Corp,0,0,0
20020517,33515,LTWV',OTC,0.01,0.01,0,0,Litewave Corp,0,0,0
20020520,33515,LTWV',OTC,0.01,0.01,0,0,Litewave Corp,0,0,0
20020521,33515,LTWV',OTC,0.01,0.01,0,0,Litewave Corp,0,0,0
20020522,33515,LTWV',OTC,0.01,0.01,0,0,Litewave Corp,0,0,0
20020523,33515,LTWV',OTC,0.01,0.01,0,0,Litewave Corp,0,0,0
20020524,33515,LTWV',OTC,0.01,0.01,0,0,Litewave Corp,0,0,0
20020528,33515,LTWV',OTC,0.01,0.01,0,0,Litewave Corp,0,0,0
20020529,33515,LTWV',OTC,0.01,0.01,1866,0,Litewave Corp,0,0,0
20020530,33515,LTWV',OTC,0.01,0.01,0,0,Litewave Corp,0,0,0
20020531,33515,LTWV',OTC,0.01,0.01,0,0,Litewave Corp,0,0,0
20020603,33515,LTWV',OTC,0.01,0.01,0,0,Litewave Corp,0,0,0
20020604,33515,LTWV',OTC,0.01,0.01,0,0,Litewave Corp,0,0,0
20020605,33515,LTWV',OTC,0.01,0.01,0,0,Litewave Corp,0,0,0
20020606,33515,LTWV',OTC,0.01,0.01,0,0,Litewave Corp,0,0,0
20020607,33515,LTWV',OTC,0.01,0.01,50,0,Litewave Corp,0,0,0
20020610,33515,LTWV',OTC,0.01,0.01,0,0,Litewave Corp,0,0,0
20020611,33515,LTWV',OTC,0.01,0.01,0,0,Litewave Corp,0,0,0
20020612,33515,LTWV',OTC,0.01,0.01,0,0,Litewave Corp,0,0,0
20020613,33515,LTWV',OTC,0.01,0.01,0,0,Litewave Corp,0,0,0
20020614,33515,LTWV',OTC,0.01,0.01,0,0,Litewave Corp,0,0,0
20020617,33515,LTWV',OTC,0.01,0.01,0,0,Litewave Corp,0,0,0
20020618,33515,LTWV',OTC,0.01,0.01,0,0,Litewave Corp,0,0,0
20020619,33515,LTWV',OTC,0.01,0.01,50,0,Litewave Corp,0,0,0
20020620,33515,LTWV',OTC,0.01,0.01,0,0,Litewave Corp,0,0,0
20020621,33515,LTWV',OTC,0.02,0.02,300,0,Litewave Corp,0,0,0
20020624,33515,LTWV',OTC,0.02,0.02,0,0,Litewave Corp,0,0,0
20020625,33515,LTWV',OTC,0.02,0.02,200,0,Litewave Corp,0,0,0
20020626,33515,LTWV',OTC,0.02,0.02,0,0,Litewave Corp,0,0,0
20020627,33515,LTWV',OTC,0.01,0.01,400,0,Litewave Corp,0,0,0
20020628,33515,LTWV',OTC,0.01,0.01,0,0,Litewave Corp,0,0,0
20020701,33515,LTWV',OTC,0.01,0.01,0,0,Litewave Corp,0,0,0
20020702,33515,LTWV',OTC,0.01,0.01,0,0,Litewave Corp,0,0,0
20020703,33515,LTWV',OTC,0.01,0.01,0,0,Litewave Corp,0,0,0
20020705,33515,LTWV',OTC,0.01,0.01,0,0,Litewave Corp,0,0,0
20020708,33515,LTWV',OTC,0.01,0.01,100,0,Litewave Corp,0,0,0
20020709,33515,LTWV',OTC,0.01,0.01,0,0,Litewave Corp,0,0,0
20020710,33515,LTWV',OTC,0.01,0.01,100,0,Litewave Corp,0,0,0
20020711,33515,LTWV',OTC,0.01,0.01,0,0,Litewave Corp,0,0,0
20020712,33515,LTWV',OTC,0.01,0.01,0,0,Litewave Corp,0,0,0
20020715,33515,LTWV',OTC,0.01,0.01,0,0,Litewave Corp,0,0,0
20020716,33515,LTWV',OTC,0.01,0.01,0,0,Litewave Corp,0,0,0
20020717,33515,LTWV',OTC,0.01,0.01,0,0,Litewave Corp,0,0,0
20020718,33515,LTWV',OTC,0.01,0.01,0,0,Litewave Corp,0,0,0
20020719,33515,LTWV',OTC,0.01,0.01,0,0,Litewave Corp,0,0,0
20020722,33515,LTWV',OTC,0.01,0.01,0,0,Litewave Corp,0,0,0
20020723,33515,LTWV',OTC,0.01,0.01,0,0,Litewave Corp,0,0,0
20020724,33515,LTWV',OTC,0.01,0.01,0,0,Litewave Corp,0,0,0
20020725,33515,LTWV',OTC,0.01,0.01,0,0,Litewave Corp,0,0,0
20020726,33515,LTWV',OTC,0.01,0.01,0,0,Litewave Corp,0,0,0
20020729,33515,LTWV',OTC,0.01,0.01,0,0,Litewave Corp,0,0,0
20020730,33515,LTWV',OTC,0.01,0.01,0,0,Litewave Corp,0,0,0
20020731,33515,LTWV',OTC,0.01,0.01,0,0,Litewave Corp,0,0,0
20020801,33515,LTWV',OTC,0.01,0.01,0,0,Litewave Corp,0,0,0
20020802,33515,LTWV',OTC,0.01,0.01,0,0,Litewave Corp,0,0,0
20020805,33515,LTWV',OTC,0.01,0.01,0,0,Litewave Corp,0,0,0
20020806,33515,LTWV',OTC,0.01,0.01,0,0,Litewave Corp,0,0,0
20020807,33515,LTWV',OTC,0.01,0.01,200,0,Litewave Corp,0,0,0
20020808,33515,LTWV',OTC,0.01,0.01,0,0,Litewave Corp,0,0,0
20020809,33515,LTWV',OTC,0.01,0.01,9,0,Litewave Corp,0,0,0
20020812,33515,LTWV',OTC,0.01,0.01,750,0,Litewave Corp,0,0,0
20020813,33515,LTWV',OTC,0.01,0.01,0,0,Litewave Corp,0,0,0
20020814,33515,LTWV',OTC,0.01,0.01,0,0,Litewave Corp,0,0,0
20020815,33515,LTWV',OTC,0.01,0.01,0,0,Litewave Corp,0,0,0
20020816,33515,LTWV',OTC,0.01,0.01,0,0,Litewave Corp,0,0,0
20020819,33515,LTWV',OTC,0.01,0.01,0,0,Litewave Corp,0,0,0
20020820,33515,LTWV',OTC,0.01,0.01,0,0,Litewave Corp,0,0,0
20020821,33515,LTWV',OTC,0.01,0.01,0,0,Litewave Corp,0,0,0
20020822,33515,LTWV',OTC,0.01,0.01,0,0,Litewave Corp,0,0,0
20020823,33515,LTWV',OTC,0.01,0.01,1630,0,Litewave Corp,0,0,0
20020826,33515,LTWV',OTC,0.01,0.01,0,0,Litewave Corp,0,0,0
20020827,33515,LTWV',OTC,0.01,0.01,0,0,Litewave Corp,0,0,0
20020828,33515,LTWV',OTC,0.01,0.01,0,0,Litewave Corp,0,0,0
20020829,33515,LTWV',OTC,0.01,0.01,0,0,Litewave Corp,0,0,0
20020830,33515,LTWV',OTC,0.01,0.01,350,0,Litewave Corp,0,0,0
20020903,33515,LTWV',OTC,0.01,0.01,0,0,Litewave Corp,0,0,0
20020904,33515,LTWV',OTC,0.01,0.01,0,0,Litewave Corp,0,0,0
20020905,33515,LTWV',OTC,0.01,0.01,0,0,Litewave Corp,0,0,0
20020906,33515,LTWV',OTC,0.01,0.01,0,0,Litewave Corp,0,0,0
20020909,33515,LTWV',OTC,0.01,0.01,0,0,Litewave Corp,0,0,0
20020910,33515,LTWV',OTC,0.01,0.01,0,0,Litewave Corp,0,0,0
20020911,33515,LTWV',OTC,0.01,0.01,0,0,Litewave Corp,0,0,0
20020912,33515,LTWV',OTC,0.01,0.01,0,0,Litewave Corp,0,0,0
20020913,33515,LTWV',OTC,0.01,0.01,2000,0,Litewave Corp,0,0,0
20020916,33515,LTWV',OTC,0.01,0.01,0,0,Litewave Corp,0,0,0
20020917,33515,LTWV',OTC,0.01,0.01,0,0,Litewave Corp,0,0,0
20020918,33515,LTWV',OTC,0.01,0.01,60,0,Litewave Corp,0,0,0
20020919,33515,LTWV',OTC,0.01,0.01,418,0,Litewave Corp,0,0,0
20020920,33515,LTWV',OTC,0.01,0.01,0,0,Litewave Corp,0,0,0
20020923,33515,LTWV',OTC,0.01,0.01,0,0,Litewave Corp,0,0,0
20020924,33515,LTWV',OTC,0.01,0.01,0,0,Litewave Corp,0,0,0
20020925,33515,LTWV',OTC,0.01,0.01,0,0,Litewave Corp,0,0,0
20020926,33515,LTWV',OTC,0.01,0.01,0,0,Litewave Corp,0,0,0
20020927,33515,LTWV',OTC,0.01,0.01,1700,0,Litewave Corp,0,0,0
20020930,33515,LTWV',OTC,0.01,0.01,0,0,Litewave Corp,0,0,0
20021001,33515,LTWV',OTC,0.01,0.01,0,0,Litewave Corp,0,0,0
20021002,33515,LTWV',OTC,0.01,0.01,5,0,Litewave Corp,0,0,0
20021003,33515,LTWV',OTC,0.01,0.01,0,0,Litewave Corp,0,0,0
20021004,33515,LTWV',OTC,0.01,0.01,0,0,Litewave Corp,0,0,0
20021007,33515,LTWV',OTC,0.01,0.01,0,0,Litewave Corp,0,0,0
20021008,33515,LTWV',OTC,0.01,0.01,1,0,Litewave Corp,0,0,0
20021009,33515,LTWV',OTC,0.01,0.01,1006,0,Litewave Corp,0,0,0
20021010,33515,LTWV',OTC,0.01,0.01,0,0,Litewave Corp,0,0,0
20021011,33515,LTWV',OTC,0.01,0.01,0,0,Litewave Corp,0,0,0
20021014,33515,LTWV',OTC,0.01,0.01,0,0,Litewave Corp,0,0,0
20021015,33515,LTWV',OTC,0.01,0.01,400,0,Litewave Corp,0,0,0
20021016,33515,LTWV',OTC,0.01,0.01,0,0,Litewave Corp,0,0,0
20021017,33515,LTWV',OTC,0.01,0.01,0,0,Litewave Corp,0,0,0
20021018,33515,LTWV',OTC,0.01,0.01,0,0,Litewave Corp,0,0,0
20021021,33515,LTWV',OTC,0.01,0.01,0,0,Litewave Corp,0,0,0
20021022,33515,LTWV',OTC,0.01,0.01,0,0,Litewave Corp,0,0,0
20021023,33515,LTWV',OTC,0.01,0.01,0,0,Litewave Corp,0,0,0
20021024,33515,LTWV',OTC,0.01,0.01,0,0,Litewave Corp,0,0,0
20021025,33515,LTWV',OTC,0.01,0.01,0,0,Litewave Corp,0,0,0
20021028,33515,LTWV',OTC,0.01,0.01,306,0,Litewave Corp,0,0,0
20021029,33515,LTWV',OTC,0.01,0.01,1,0,Litewave Corp,0,0,0
20021030,33515,LTWV',OTC,0.01,0.01,0,0,Litewave Corp,0,0,0
