DDate,CSINumber,Symbol,Exchange,DClose,UnAdjustedClose,TotalVolume,Cash,MarketName,PTB,PSR,DPS
19990823,33862,CLSY',OTC,1.03125,1.03125,366,0,Coinless Systems Inc,0,0,0
19990824,33862,CLSY',OTC,1.125,1.125,504,0,Coinless Systems Inc,0,0,0
19990825,33862,CLSY',OTC,1.09375,1.09375,109,0,Coinless Systems Inc,0,0,0
19990826,33862,CLSY',OTC,1.125,1.125,33,0,Coinless Systems Inc,0,0,0
19990827,33862,CLSY',OTC,1.0625,1.0625,107,0,Coinless Systems Inc,0,0,0
19990830,33862,CLSY',OTC,1.03125,1.03125,34,0,Coinless Systems Inc,0,0,0
19990831,33862,CLSY',OTC,1.03125,1.03125,12,0,Coinless Systems Inc,0,0,0
19990901,33862,CLSY',OTC,1,1,11,0,Coinless Systems Inc,0,0,0
19990902,33862,CLSY',OTC,0.9375,0.9375,45,0,Coinless Systems Inc,0,0,0
19990903,33862,CLSY',OTC,0.9375,0.9375,15,0,Coinless Systems Inc,0,0,0
19990907,33862,CLSY',OTC,1,1,172,0,Coinless Systems Inc,0,0,0
19990908,33862,CLSY',OTC,0.9375,0.9375,110,0,Coinless Systems Inc,0,0,0
19990909,33862,CLSY',OTC,1,1,176,0,Coinless Systems Inc,0,0,0
19990910,33862,CLSY',OTC,1.125,1.125,389,0,Coinless Systems Inc,0,0,0
19990913,33862,CLSY',OTC,1.375,1.375,1396,0,Coinless Systems Inc,0,0,0
19990914,33862,CLSY',OTC,1.6875,1.6875,640,0,Coinless Systems Inc,0,0,0
19990915,33862,CLSY',OTC,1.75,1.75,486,0,Coinless Systems Inc,0,0,0
19990916,33862,CLSY',OTC,1.84375,1.84375,343,0,Coinless Systems Inc,0,0,0
19990917,33862,CLSY',OTC,1.75,1.75,220,0,Coinless Systems Inc,0,0,0
19990920,33862,CLSY',OTC,1.75,1.75,186,0,Coinless Systems Inc,0,0,0
19990921,33862,CLSY',OTC,1.5,1.5,382,0,Coinless Systems Inc,0,0,0
19990922,33862,CLSY',OTC,1.4375,1.4375,245,0,Coinless Systems Inc,0,0,0
19990923,33862,CLSY',OTC,1.5,1.5,166,0,Coinless Systems Inc,0,0,0
19990924,33862,CLSY',OTC,1.5,1.5,116,0,Coinless Systems Inc,0,0,0
19990927,33862,CLSY',OTC,1.53125,1.53125,178,0,Coinless Systems Inc,0,0,0
19990928,33862,CLSY',OTC,1.53125,1.53125,130,0,Coinless Systems Inc,0,0,0
19990929,33862,CLSY',OTC,1.625,1.625,314,0,Coinless Systems Inc,0,0,0
19990930,33862,CLSY',OTC,1.625,1.625,286,0,Coinless Systems Inc,0,0,0
19991001,33862,CLSY',OTC,1.75,1.75,10,0,Coinless Systems Inc,0,0,0
19991004,33862,CLSY',OTC,1.5,1.5,347,0,Coinless Systems Inc,0,0,0
19991005,33862,CLSY',OTC,1.59375,1.59375,91,0,Coinless Systems Inc,0,0,0
19991006,33862,CLSY',OTC,1.375,1.375,92,0,Coinless Systems Inc,0,0,0
19991007,33862,CLSY',OTC,1.375,1.375,68,0,Coinless Systems Inc,0,0,0
19991008,33862,CLSY',OTC,1.25,1.25,39,0,Coinless Systems Inc,0,0,0
19991011,33862,CLSY',OTC,1.0625,1.0625,22,0,Coinless Systems Inc,0,0,0
19991012,33862,CLSY',OTC,1.0625,1.0625,0,0,Coinless Systems Inc,0,0,0
19991013,33862,CLSY',OTC,1,1,8,0,Coinless Systems Inc,0,0,0
19991014,33862,CLSY',OTC,1,1,45,0,Coinless Systems Inc,0,0,0
19991015,33862,CLSY',OTC,0.9375,0.9375,26,0,Coinless Systems Inc,0,0,0
19991018,33862,CLSY',OTC,0.96875,0.96875,19,0,Coinless Systems Inc,0,0,0
19991019,33862,CLSY',OTC,0.96875,0.96875,22,0,Coinless Systems Inc,0,0,0
19991020,33862,CLSY',OTC,0.9375,0.9375,5,0,Coinless Systems Inc,0,0,0
19991021,33862,CLSY',OTC,0.9375,0.9375,15,0,Coinless Systems Inc,0,0,0
19991022,33862,CLSY',OTC,0.8125,0.8125,2,0,Coinless Systems Inc,0,0,0
19991025,33862,CLSY',OTC,0.875,0.875,110,0,Coinless Systems Inc,0,0,0
19991026,33862,CLSY',OTC,0.8125,0.8125,81,0,Coinless Systems Inc,0,0,0
19991027,33862,CLSY',OTC,0.625,0.625,8,0,Coinless Systems Inc,0,0,0
19991028,33862,CLSY',OTC,0.78125,0.78125,10,0,Coinless Systems Inc,0,0,0
19991029,33862,CLSY',OTC,0.78125,0.78125,15,0,Coinless Systems Inc,0,0,0
19991101,33862,CLSY',OTC,0.75,0.75,40,0,Coinless Systems Inc,0,0,0
19991102,33862,CLSY',OTC,0.75,0.75,0,0,Coinless Systems Inc,0,0,0
19991103,33862,CLSY',OTC,0.625,0.625,23,0,Coinless Systems Inc,0,0,0
19991104,33862,CLSY',OTC,0.75,0.75,3,0,Coinless Systems Inc,0,0,0
19991105,33862,CLSY',OTC,0.75,0.75,0,0,Coinless Systems Inc,0,0,0
19991108,33862,CLSY',OTC,0.75,0.75,0,0,Coinless Systems Inc,0,0,0
19991109,33862,CLSY',OTC,0.75,0.75,0,0,Coinless Systems Inc,0,0,0
19991110,33862,CLSY',OTC,0.8125,0.8125,117,0,Coinless Systems Inc,0,0,0
19991111,33862,CLSY',OTC,0.625,0.625,1,0,Coinless Systems Inc,0,0,0
19991112,33862,CLSY',OTC,1,1,84,0,Coinless Systems Inc,0,0,0
19991115,33862,CLSY',OTC,1.09375,1.09375,29,0,Coinless Systems Inc,0,0,0
19991116,33862,CLSY',OTC,0.75,0.75,27,0,Coinless Systems Inc,0,0,0
19991117,33862,CLSY',OTC,0.75,0.75,30,0,Coinless Systems Inc,0,0,0
19991118,33862,CLSY',OTC,0.75,0.75,30,0,Coinless Systems Inc,0,0,0
19991119,33862,CLSY',OTC,0.75,0.75,0,0,Coinless Systems Inc,0,0,0
19991122,33862,CLSY',OTC,1.0625,1.0625,15,0,Coinless Systems Inc,0,0,0
19991123,33862,CLSY',OTC,0.75,0.75,25,0,Coinless Systems Inc,0,0,0
19991124,33862,CLSY',OTC,1,1,17,0,Coinless Systems Inc,0,0,0
19991126,33862,CLSY',OTC,1,1,5,0,Coinless Systems Inc,0,0,0
19991129,33862,CLSY',OTC,0.9375,0.9375,71,0,Coinless Systems Inc,0,0,0
19991130,33862,CLSY',OTC,0.875,0.875,10,0,Coinless Systems Inc,0,0,0
19991201,33862,CLSY',OTC,0.75,0.75,43,0,Coinless Systems Inc,0,0,0
19991202,33862,CLSY',OTC,0.875,0.875,150,0,Coinless Systems Inc,0,0,0
19991203,33862,CLSY',OTC,0.65625,0.65625,15,0,Coinless Systems Inc,0,0,0
19991206,33862,CLSY',OTC,0.65625,0.65625,11,0,Coinless Systems Inc,0,0,0
19991207,33862,CLSY',OTC,0.875,0.875,16,0,Coinless Systems Inc,0,0,0
19991208,33862,CLSY',OTC,0.875,0.875,25,0,Coinless Systems Inc,0,0,0
19991209,33862,CLSY',OTC,0.875,0.875,10,0,Coinless Systems Inc,0,0,0
19991210,33862,CLSY',OTC,0.875,0.875,0,0,Coinless Systems Inc,0,0,0
19991213,33862,CLSY',OTC,0.875,0.875,0,0,Coinless Systems Inc,0,0,0
19991214,33862,CLSY',OTC,0.8125,0.8125,174,0,Coinless Systems Inc,0,0,0
19991215,33862,CLSY',OTC,0.8125,0.8125,0,0,Coinless Systems Inc,0,0,0
19991216,33862,CLSY',OTC,0.75,0.75,50,0,Coinless Systems Inc,0,0,0
19991217,33862,CLSY',OTC,0.75,0.75,291,0,Coinless Systems Inc,0,0,0
19991220,33862,CLSY',OTC,0.5625,0.5625,128,0,Coinless Systems Inc,0,0,0
19991221,33862,CLSY',OTC,0.5625,0.5625,95,0,Coinless Systems Inc,0,0,0
19991222,33862,CLSY',OTC,0.75,0.75,105,0,Coinless Systems Inc,0,0,0
19991223,33862,CLSY',OTC,0.5625,0.5625,55,0,Coinless Systems Inc,0,0,0
19991227,33862,CLSY',OTC,0.5625,0.5625,0,0,Coinless Systems Inc,0,0,0
19991228,33862,CLSY',OTC,0.5,0.5,26,0,Coinless Systems Inc,0,0,0
19991229,33862,CLSY',OTC,0.5,0.5,21,0,Coinless Systems Inc,0,0,0
19991230,33862,CLSY',OTC,0.5,0.5,34,0,Coinless Systems Inc,0,0,0
19991231,33862,CLSY',OTC,0.5,0.5,3,0,Coinless Systems Inc,0,0,0
20000103,33862,CLSY',OTC,0.59375,0.59375,190,0,Coinless Systems Inc,0,0,0
20000104,33862,CLSY',OTC,0.5,0.5,2,0,Coinless Systems Inc,0,0,0
20000105,33862,CLSY',OTC,0.5,0.5,0,0,Coinless Systems Inc,0,0,0
20000106,33862,CLSY',OTC,0.5,0.5,0,0,Coinless Systems Inc,0,0,0
20000107,33862,CLSY',OTC,0.625,0.625,25,0,Coinless Systems Inc,0,0,0
20000110,33862,CLSY',OTC,0.5,0.5,1,0,Coinless Systems Inc,0,0,0
20000111,33862,CLSY',OTC,0.5,0.5,0,0,Coinless Systems Inc,0,0,0
20000112,33862,CLSY',OTC,0.5,0.5,0,0,Coinless Systems Inc,0,0,0
20000113,33862,CLSY',OTC,0.5,0.5,0,0,Coinless Systems Inc,0,0,0
20000114,33862,CLSY',OTC,0.625,0.625,10,0,Coinless Systems Inc,0,0,0
20000118,33862,CLSY',OTC,0.625,0.625,0,0,Coinless Systems Inc,0,0,0
20000119,33862,CLSY',OTC,0.84375,0.84375,77,0,Coinless Systems Inc,0,0,0
20000120,33862,CLSY',OTC,0.84375,0.84375,0,0,Coinless Systems Inc,0,0,0
20000121,33862,CLSY',OTC,0.84375,0.84375,0,0,Coinless Systems Inc,0,0,0
20000124,33862,CLSY',OTC,0.84375,0.84375,90,0,Coinless Systems Inc,0,0,0
20000125,33862,CLSY',OTC,0.84375,0.84375,0,0,Coinless Systems Inc,0,0,0
20000126,33862,CLSY',OTC,0.84375,0.84375,0,0,Coinless Systems Inc,0,0,0
20000127,33862,CLSY',OTC,0.375,0.375,9,0,Coinless Systems Inc,0,0,0
20000128,33862,CLSY',OTC,0.375,0.375,0,0,Coinless Systems Inc,0,0,0
20000131,33862,CLSY',OTC,0.265625,0.265625,100,0,Coinless Systems Inc,0,0,0
20000201,33862,CLSY',OTC,1,1,110,0,Coinless Systems Inc,0,0,0
20000202,33862,CLSY',OTC,0.375,0.375,75,0,Coinless Systems Inc,0,0,0
20000203,33862,CLSY',OTC,0.875,0.875,5,0,Coinless Systems Inc,0,0,0
20000204,33862,CLSY',OTC,0.875,0.875,0,0,Coinless Systems Inc,0,0,0
20000207,33862,CLSY',OTC,0.875,0.875,39,0,Coinless Systems Inc,0,0,0
20000208,33862,CLSY',OTC,0.75,0.75,143,0,Coinless Systems Inc,0,0,0
20000209,33862,CLSY',OTC,0.875,0.875,95,0,Coinless Systems Inc,0,0,0
20000210,33862,CLSY',OTC,0.75,0.75,155,0,Coinless Systems Inc,0,0,0
20000211,33862,CLSY',OTC,0.75,0.75,38,0,Coinless Systems Inc,0,0,0
20000214,33862,CLSY',OTC,0.75,0.75,24,0,Coinless Systems Inc,0,0,0
20000215,33862,CLSY',OTC,0.8125,0.8125,115,0,Coinless Systems Inc,0,0,0
20000216,33862,CLSY',OTC,0.875,0.875,39,0,Coinless Systems Inc,0,0,0
20000217,33862,CLSY',OTC,0.75,0.75,54,0,Coinless Systems Inc,0,0,0
20000218,33862,CLSY',OTC,0.75,0.75,300,0,Coinless Systems Inc,0,0,0
20000222,33862,CLSY',OTC,0.75,0.75,250,0,Coinless Systems Inc,0,0,0
20000223,33862,CLSY',OTC,0.71875,0.71875,90,0,Coinless Systems Inc,0,0,0
20000224,33862,CLSY',OTC,0.71875,0.71875,55,0,Coinless Systems Inc,0,0,0
20000225,33862,CLSY',OTC,0.71875,0.71875,132,0,Coinless Systems Inc,0,0,0
20000228,33862,CLSY',OTC,0.625,0.625,335,0,Coinless Systems Inc,0,0,0
20000229,33862,CLSY',OTC,0.71875,0.71875,470,0,Coinless Systems Inc,0,0,0
20000301,33862,CLSY',OTC,0.65625,0.65625,635,0,Coinless Systems Inc,0,0,0
20000302,33862,CLSY',OTC,1.125,1.125,2598,0,Coinless Systems Inc,0,0,0
20000303,33862,CLSY',OTC,1.25,1.25,657,0,Coinless Systems Inc,0,0,0
20000306,33862,CLSY',OTC,1.5,1.5,520,0,Coinless Systems Inc,0,0,0
20000307,33862,CLSY',OTC,1.25,1.25,664,0,Coinless Systems Inc,0,0,0
20000308,33862,CLSY',OTC,1.1875,1.1875,206,0,Coinless Systems Inc,0,0,0
20000309,33862,CLSY',OTC,1.0625,1.0625,70,0,Coinless Systems Inc,0,0,0
20000310,33862,CLSY',OTC,1.5,1.5,209,0,Coinless Systems Inc,0,0,0
20000313,33862,CLSY',OTC,1.25,1.25,70,0,Coinless Systems Inc,0,0,0
20000314,33862,CLSY',OTC,1.3125,1.3125,247,0,Coinless Systems Inc,0,0,0
20000315,33862,CLSY',OTC,1.25,1.25,547,0,Coinless Systems Inc,0,0,0
20000316,33862,CLSY',OTC,1,1,363,0,Coinless Systems Inc,0,0,0
20000317,33862,CLSY',OTC,1.25,1.25,125,0,Coinless Systems Inc,0,0,0
20000320,33862,CLSY',OTC,1.25,1.25,12,0,Coinless Systems Inc,0,0,0
20000321,33862,CLSY',OTC,0.625,0.625,527,0,Coinless Systems Inc,0,0,0
20000322,33862,CLSY',OTC,0.75,0.75,6,0,Coinless Systems Inc,0,0,0
20000323,33862,CLSY',OTC,0.6875,0.6875,8,0,Coinless Systems Inc,0,0,0
20000324,33862,CLSY',OTC,1.125,1.125,100,0,Coinless Systems Inc,0,0,0
20000327,33862,CLSY',OTC,1,1,31,0,Coinless Systems Inc,0,0,0
20000328,33862,CLSY',OTC,1.125,1.125,4,0,Coinless Systems Inc,0,0,0
20000329,33862,CLSY',OTC,0.75,0.75,397,0,Coinless Systems Inc,0,0,0
20000330,33862,CLSY',OTC,0.9375,0.9375,205,0,Coinless Systems Inc,0,0,0
20000331,33862,CLSY',OTC,1.25,1.25,417,0,Coinless Systems Inc,0,0,0
20000403,33862,CLSY',OTC,1.0625,1.0625,77,0,Coinless Systems Inc,0,0,0
20000404,33862,CLSY',OTC,1.0625,1.0625,34,0,Coinless Systems Inc,0,0,0
20000405,33862,CLSY',OTC,1,1,117,0,Coinless Systems Inc,0,0,0
20000406,33862,CLSY',OTC,1.0625,1.0625,132,0,Coinless Systems Inc,0,0,0
20000407,33862,CLSY',OTC,1,1,22,0,Coinless Systems Inc,0,0,0
20000410,33862,CLSY',OTC,1.09375,1.09375,36,0,Coinless Systems Inc,0,0,0
20000411,33862,CLSY',OTC,1,1,87,0,Coinless Systems Inc,0,0,0
20000412,33862,CLSY',OTC,0.8125,0.8125,821,0,Coinless Systems Inc,0,0,0
20000413,33862,CLSY',OTC,0.8125,0.8125,123,0,Coinless Systems Inc,0,0,0
20000414,33862,CLSY',OTC,0.875,0.875,151,0,Coinless Systems Inc,0,0,0
20000417,33862,CLSY',OTC,0.6875,0.6875,38,0,Coinless Systems Inc,0,0,0
20000418,33862,CLSY',OTC,0.6875,0.6875,29,0,Coinless Systems Inc,0,0,0
20000419,33862,CLSY',OTC,0.875,0.875,208,0,Coinless Systems Inc,0,0,0
20000420,33862,CLSY',OTC,0.65625,0.65625,10,0,Coinless Systems Inc,0,0,0
20000424,33862,CLSY',OTC,0.96875,0.96875,38,0,Coinless Systems Inc,0,0,0
20000425,33862,CLSY',OTC,0.96875,0.96875,0,0,Coinless Systems Inc,0,0,0
20000426,33862,CLSY',OTC,0.65625,0.65625,2,0,Coinless Systems Inc,0,0,0
20000427,33862,CLSY',OTC,0.65625,0.65625,0,0,Coinless Systems Inc,0,0,0
20000428,33862,CLSY',OTC,0.65625,0.65625,0,0,Coinless Systems Inc,0,0,0
20000501,33862,CLSY',OTC,0.6875,0.6875,10,0,Coinless Systems Inc,0,0,0
20000502,33862,CLSY',OTC,0.6875,0.6875,35,0,Coinless Systems Inc,0,0,0
20000503,33862,CLSY',OTC,0.75,0.75,45,0,Coinless Systems Inc,0,0,0
20000504,33862,CLSY',OTC,0.75,0.75,0,0,Coinless Systems Inc,0,0,0
20000505,33862,CLSY',OTC,0.75,0.75,0,0,Coinless Systems Inc,0,0,0
20000508,33862,CLSY',OTC,0.875,0.875,21,0,Coinless Systems Inc,0,0,0
20000509,33862,CLSY',OTC,0.75,0.75,137,0,Coinless Systems Inc,0,0,0
20000510,33862,CLSY',OTC,0.9375,0.9375,115,0,Coinless Systems Inc,0,0,0
20000511,33862,CLSY',OTC,1.25,1.25,540,0,Coinless Systems Inc,0,0,0
20000512,33862,CLSY',OTC,1.0625,1.0625,35,0,Coinless Systems Inc,0,0,0
20000515,33862,CLSY',OTC,1.1875,1.1875,88,0,Coinless Systems Inc,0,0,0
20000516,33862,CLSY',OTC,0.9375,0.9375,104,0,Coinless Systems Inc,0,0,0
20000517,33862,CLSY',OTC,1,1,31,0,Coinless Systems Inc,0,0,0
20000518,33862,CLSY',OTC,0.875,0.875,2,0,Coinless Systems Inc,0,0,0
20000519,33862,CLSY',OTC,1.15625,1.15625,430,0,Coinless Systems Inc,0,0,0
20000522,33862,CLSY',OTC,1.125,1.125,685,0,Coinless Systems Inc,0,0,0
20000523,33862,CLSY',OTC,1.0625,1.0625,73,0,Coinless Systems Inc,0,0,0
20000524,33862,CLSY',OTC,1.0625,1.0625,114,0,Coinless Systems Inc,0,0,0
20000525,33862,CLSY',OTC,1.03125,1.03125,20,0,Coinless Systems Inc,0,0,0
20000526,33862,CLSY',OTC,1,1,308,0,Coinless Systems Inc,0,0,0
20000530,33862,CLSY',OTC,0.8125,0.8125,238,0,Coinless Systems Inc,0,0,0
20000531,33862,CLSY',OTC,1,1,51,0,Coinless Systems Inc,0,0,0
20000601,33862,CLSY',OTC,1,1,0,0,Coinless Systems Inc,0,0,0
20000602,33862,CLSY',OTC,1,1,8,0,Coinless Systems Inc,0,0,0
20000605,33862,CLSY',OTC,0.875,0.875,75,0,Coinless Systems Inc,0,0,0
20000606,33862,CLSY',OTC,0.875,0.875,1,0,Coinless Systems Inc,0,0,0
20000607,33862,CLSY',OTC,1,1,69,0,Coinless Systems Inc,0,0,0
20000608,33862,CLSY',OTC,0.90625,0.90625,12,0,Coinless Systems Inc,0,0,0
20000609,33862,CLSY',OTC,0.9375,0.9375,108,0,Coinless Systems Inc,0,0,0
20000612,33862,CLSY',OTC,0.9375,0.9375,15,0,Coinless Systems Inc,0,0,0
20000613,33862,CLSY',OTC,0.9375,0.9375,225,0,Coinless Systems Inc,0,0,0
20000614,33862,CLSY',OTC,0.9375,0.9375,68,0,Coinless Systems Inc,0,0,0
20000615,33862,CLSY',OTC,0.9375,0.9375,0,0,Coinless Systems Inc,0,0,0
20000616,33862,CLSY',OTC,0.9375,0.9375,0,0,Coinless Systems Inc,0,0,0
20000619,33862,CLSY',OTC,0.75,0.75,114,0,Coinless Systems Inc,0,0,0
20000620,33862,CLSY',OTC,0.75,0.75,55,0,Coinless Systems Inc,0,0,0
20000621,33862,CLSY',OTC,0.75,0.75,60,0,Coinless Systems Inc,0,0,0
20000622,33862,CLSY',OTC,0.6875,0.6875,70,0,Coinless Systems Inc,0,0,0
20000623,33862,CLSY',OTC,0.75,0.75,22,0,Coinless Systems Inc,0,0,0
20000626,33862,CLSY',OTC,0.75,0.75,0,0,Coinless Systems Inc,0,0,0
20000627,33862,CLSY',OTC,0.6875,0.6875,140,0,Coinless Systems Inc,0,0,0
20000628,33862,CLSY',OTC,0.8125,0.8125,33,0,Coinless Systems Inc,0,0,0
20000629,33862,CLSY',OTC,0.703125,0.703125,40,0,Coinless Systems Inc,0,0,0
20000630,33862,CLSY',OTC,0.71875,0.71875,85,0,Coinless Systems Inc,0,0,0
20000703,33862,CLSY',OTC,0.71875,0.71875,5,0,Coinless Systems Inc,0,0,0
20000705,33862,CLSY',OTC,0.6875,0.6875,30,0,Coinless Systems Inc,0,0,0
20000706,33862,CLSY',OTC,0.625,0.625,17,0,Coinless Systems Inc,0,0,0
20000707,33862,CLSY',OTC,0.75,0.75,212,0,Coinless Systems Inc,0,0,0
20000710,33862,CLSY',OTC,0.78125,0.78125,200,0,Coinless Systems Inc,0,0,0
20000711,33862,CLSY',OTC,0.6875,0.6875,33,0,Coinless Systems Inc,0,0,0
20000712,33862,CLSY',OTC,0.65625,0.65625,305,0,Coinless Systems Inc,0,0,0
20000713,33862,CLSY',OTC,0.6875,0.6875,20,0,Coinless Systems Inc,0,0,0
20000714,33862,CLSY',OTC,0.75,0.75,243,0,Coinless Systems Inc,0,0,0
20000717,33862,CLSY',OTC,0.875,0.875,285,0,Coinless Systems Inc,0,0,0
20000718,33862,CLSY',OTC,0.8125,0.8125,51,0,Coinless Systems Inc,0,0,0
20000719,33862,CLSY',OTC,0.75,0.75,30,0,Coinless Systems Inc,0,0,0
20000720,33862,CLSY',OTC,0.8125,0.8125,55,0,Coinless Systems Inc,0,0,0
20000721,33862,CLSY',OTC,0.75,0.75,4,0,Coinless Systems Inc,0,0,0
20000724,33862,CLSY',OTC,0.78125,0.78125,38,0,Coinless Systems Inc,0,0,0
20000725,33862,CLSY',OTC,0.75,0.75,1199,0,Coinless Systems Inc,0,0,0
20000726,33862,CLSY',OTC,0.75,0.75,278,0,Coinless Systems Inc,0,0,0
20000727,33862,CLSY',OTC,0.625,0.625,115,0,Coinless Systems Inc,0,0,0
20000728,33862,CLSY',OTC,0.78125,0.78125,133,0,Coinless Systems Inc,0,0,0
20000731,33862,CLSY',OTC,0.625,0.625,312,0,Coinless Systems Inc,0,0,0
20000801,33862,CLSY',OTC,0.6875,0.6875,100,0,Coinless Systems Inc,0,0,0
20000802,33862,CLSY',OTC,0.75,0.75,97,0,Coinless Systems Inc,0,0,0
20000803,33862,CLSY',OTC,0.75,0.75,17,0,Coinless Systems Inc,0,0,0
20000804,33862,CLSY',OTC,0.75,0.75,25,0,Coinless Systems Inc,0,0,0
20000807,33862,CLSY',OTC,0.75,0.75,20,0,Coinless Systems Inc,0,0,0
20000808,33862,CLSY',OTC,0.75,0.75,24,0,Coinless Systems Inc,0,0,0
20000809,33862,CLSY',OTC,0.75,0.75,170,0,Coinless Systems Inc,0,0,0
20000810,33862,CLSY',OTC,0.625,0.625,63,0,Coinless Systems Inc,0,0,0
20000811,33862,CLSY',OTC,0.6875,0.6875,170,0,Coinless Systems Inc,0,0,0
20000814,33862,CLSY',OTC,0.625,0.625,152,0,Coinless Systems Inc,0,0,0
20000815,33862,CLSY',OTC,0.703125,0.703125,293,0,Coinless Systems Inc,0,0,0
20000816,33862,CLSY',OTC,0.75,0.75,360,0,Coinless Systems Inc,0,0,0
20000817,33862,CLSY',OTC,0.75,0.75,43,0,Coinless Systems Inc,0,0,0
20000818,33862,CLSY',OTC,0.75,0.75,798,0,Coinless Systems Inc,0,0,0
20000821,33862,CLSY',OTC,0.75,0.75,29,0,Coinless Systems Inc,0,0,0
20000822,33862,CLSY',OTC,0.75,0.75,81,0,Coinless Systems Inc,0,0,0
20000823,33862,CLSY',OTC,0.75,0.75,53,0,Coinless Systems Inc,0,0,0
20000824,33862,CLSY',OTC,0.625,0.625,100,0,Coinless Systems Inc,0,0,0
20000825,33862,CLSY',OTC,0.75,0.75,8,0,Coinless Systems Inc,0,0,0
20000828,33862,CLSY',OTC,0.6875,0.6875,54,0,Coinless Systems Inc,0,0,0
20000829,33862,CLSY',OTC,0.625,0.625,182,0,Coinless Systems Inc,0,0,0
20000830,33862,CLSY',OTC,0.78125,0.78125,120,0,Coinless Systems Inc,0,0,0
20000831,33862,CLSY',OTC,0.75,0.75,160,0,Coinless Systems Inc,0,0,0
20000901,33862,CLSY',OTC,0.78125,0.78125,34,0,Coinless Systems Inc,0,0,0
20000905,33862,CLSY',OTC,0.75,0.75,170,0,Coinless Systems Inc,0,0,0
20000906,33862,CLSY',OTC,0.65625,0.65625,345,0,Coinless Systems Inc,0,0,0
20000907,33862,CLSY',OTC,0.75,0.75,557,0,Coinless Systems Inc,0,0,0
20000908,33862,CLSY',OTC,0.875,0.875,551,0,Coinless Systems Inc,0,0,0
20000911,33862,CLSY',OTC,0.8125,0.8125,469,0,Coinless Systems Inc,0,0,0
20000912,33862,CLSY',OTC,0.75,0.75,210,0,Coinless Systems Inc,0,0,0
20000913,33862,CLSY',OTC,0.78125,0.78125,40,0,Coinless Systems Inc,0,0,0
20000914,33862,CLSY',OTC,0.6875,0.6875,110,0,Coinless Systems Inc,0,0,0
20000915,33862,CLSY',OTC,0.75,0.75,9,0,Coinless Systems Inc,0,0,0
20000918,33862,CLSY',OTC,0.875,0.875,666,0,Coinless Systems Inc,0,0,0
20000919,33862,CLSY',OTC,0.8125,0.8125,162,0,Coinless Systems Inc,0,0,0
20000920,33862,CLSY',OTC,0.6875,0.6875,88,0,Coinless Systems Inc,0,0,0
20000921,33862,CLSY',OTC,0.875,0.875,350,0,Coinless Systems Inc,0,0,0
20000922,33862,CLSY',OTC,0.9375,0.9375,223,0,Coinless Systems Inc,0,0,0
20000925,33862,CLSY',OTC,0.765625,0.765625,427,0,Coinless Systems Inc,0,0,0
20000926,33862,CLSY',OTC,0.703125,0.703125,521,0,Coinless Systems Inc,0,0,0
20000927,33862,CLSY',OTC,0.703125,0.703125,35,0,Coinless Systems Inc,0,0,0
20000928,33862,CLSY',OTC,0.75,0.75,65,0,Coinless Systems Inc,0,0,0
20000929,33862,CLSY',OTC,0.8125,0.8125,160,0,Coinless Systems Inc,0,0,0
20001002,33862,CLSY',OTC,0.9375,0.9375,80,0,Coinless Systems Inc,0,0,0
20001003,33862,CLSY',OTC,0.703125,0.703125,78,0,Coinless Systems Inc,0,0,0
20001004,33862,CLSY',OTC,0.703125,0.703125,0,0,Coinless Systems Inc,0,0,0
20001005,33862,CLSY',OTC,0.8125,0.8125,15,0,Coinless Systems Inc,0,0,0
20001006,33862,CLSY',OTC,0.84375,0.84375,8,0,Coinless Systems Inc,0,0,0
20001009,33862,CLSY',OTC,0.6875,0.6875,230,0,Coinless Systems Inc,0,0,0
20001010,33862,CLSY',OTC,0.703125,0.703125,170,0,Coinless Systems Inc,0,0,0
20001011,33862,CLSY',OTC,0.6875,0.6875,20,0,Coinless Systems Inc,0,0,0
20001012,33862,CLSY',OTC,0.625,0.625,102,0,Coinless Systems Inc,0,0,0
20001013,33862,CLSY',OTC,0.625,0.625,30,0,Coinless Systems Inc,0,0,0
20001016,33862,CLSY',OTC,0.625,0.625,19,0,Coinless Systems Inc,0,0,0
20001017,33862,CLSY',OTC,0.78125,0.78125,244,0,Coinless Systems Inc,0,0,0
20001018,33862,CLSY',OTC,0.78125,0.78125,151,0,Coinless Systems Inc,0,0,0
20001019,33862,CLSY',OTC,0.78125,0.78125,0,0,Coinless Systems Inc,0,0,0
20001020,33862,CLSY',OTC,0.75,0.75,97,0,Coinless Systems Inc,0,0,0
20001023,33862,CLSY',OTC,0.75,0.75,0,0,Coinless Systems Inc,0,0,0
20001024,33862,CLSY',OTC,0.75,0.75,0,0,Coinless Systems Inc,0,0,0
20001025,33862,CLSY',OTC,0.5625,0.5625,32,0,Coinless Systems Inc,0,0,0
20001026,33862,CLSY',OTC,0.78125,0.78125,10,0,Coinless Systems Inc,0,0,0
20001027,33862,CLSY',OTC,0.78125,0.78125,4,0,Coinless Systems Inc,0,0,0
20001030,33862,CLSY',OTC,0.78125,0.78125,0,0,Coinless Systems Inc,0,0,0
20001031,33862,CLSY',OTC,0.75,0.75,135,0,Coinless Systems Inc,0,0,0
20001101,33862,CLSY',OTC,0.75,0.75,31,0,Coinless Systems Inc,0,0,0
20001102,33862,CLSY',OTC,0.75,0.75,40,0,Coinless Systems Inc,0,0,0
20001103,33862,CLSY',OTC,0.625,0.625,10,0,Coinless Systems Inc,0,0,0
20001106,33862,CLSY',OTC,0.625,0.625,44,0,Coinless Systems Inc,0,0,0
20001107,33862,CLSY',OTC,0.625,0.625,0,0,Coinless Systems Inc,0,0,0
20001108,33862,CLSY',OTC,0.625,0.625,53,0,Coinless Systems Inc,0,0,0
20001109,33862,CLSY',OTC,0.625,0.625,0,0,Coinless Systems Inc,0,0,0
20001110,33862,CLSY',OTC,0.5,0.5,159,0,Coinless Systems Inc,0,0,0
20001113,33862,CLSY',OTC,0.40625,0.40625,395,0,Coinless Systems Inc,0,0,0
20001114,33862,CLSY',OTC,0.4375,0.4375,137,0,Coinless Systems Inc,0,0,0
20001115,33862,CLSY',OTC,0.375,0.375,252,0,Coinless Systems Inc,0,0,0
20001116,33862,CLSY',OTC,0.5,0.5,20,0,Coinless Systems Inc,0,0,0
20001117,33862,CLSY',OTC,0.484375,0.484375,15,0,Coinless Systems Inc,0,0,0
20001120,33862,CLSY',OTC,0.484375,0.484375,20,0,Coinless Systems Inc,0,0,0
20001121,33862,CLSY',OTC,0.375,0.375,110,0,Coinless Systems Inc,0,0,0
20001122,33862,CLSY',OTC,0.46875,0.46875,5,0,Coinless Systems Inc,0,0,0
20001124,33862,CLSY',OTC,0.46875,0.46875,0,0,Coinless Systems Inc,0,0,0
20001127,33862,CLSY',OTC,0.40625,0.40625,50,0,Coinless Systems Inc,0,0,0
20001128,33862,CLSY',OTC,0.40625,0.40625,133,0,Coinless Systems Inc,0,0,0
20001129,33862,CLSY',OTC,0.40625,0.40625,953,0,Coinless Systems Inc,0,0,0
20001130,33862,CLSY',OTC,0.40625,0.40625,321,0,Coinless Systems Inc,0,0,0
20001201,33862,CLSY',OTC,0.40625,0.40625,30,0,Coinless Systems Inc,0,0,0
20001204,33862,CLSY',OTC,0.40625,0.40625,32,0,Coinless Systems Inc,0,0,0
20001205,33862,CLSY',OTC,0.390625,0.390625,280,0,Coinless Systems Inc,0,0,0
20001206,33862,CLSY',OTC,0.390625,0.390625,20,0,Coinless Systems Inc,0,0,0
20001207,33862,CLSY',OTC,0.390625,0.390625,941,0,Coinless Systems Inc,0,0,0
20001208,33862,CLSY',OTC,0.40625,0.40625,173,0,Coinless Systems Inc,0,0,0
20001211,33862,CLSY',OTC,0.40625,0.40625,30,0,Coinless Systems Inc,0,0,0
20001212,33862,CLSY',OTC,0.390625,0.390625,495,0,Coinless Systems Inc,0,0,0
20001213,33862,CLSY',OTC,0.375,0.375,290,0,Coinless Systems Inc,0,0,0
20001214,33862,CLSY',OTC,0.40625,0.40625,110,0,Coinless Systems Inc,0,0,0
20001215,33862,CLSY',OTC,0.375,0.375,245,0,Coinless Systems Inc,0,0,0
20001218,33862,CLSY',OTC,0.390625,0.390625,112,0,Coinless Systems Inc,0,0,0
20001219,33862,CLSY',OTC,0.40625,0.40625,35,0,Coinless Systems Inc,0,0,0
20001220,33862,CLSY',OTC,0.40625,0.40625,0,0,Coinless Systems Inc,0,0,0
20001221,33862,CLSY',OTC,0.390625,0.390625,266,0,Coinless Systems Inc,0,0,0
20001222,33862,CLSY',OTC,0.390625,0.390625,0,0,Coinless Systems Inc,0,0,0
20001226,33862,CLSY',OTC,0.390625,0.390625,0,0,Coinless Systems Inc,0,0,0
20001227,33862,CLSY',OTC,0.375,0.375,150,0,Coinless Systems Inc,0,0,0
20001228,33862,CLSY',OTC,0.375,0.375,73,0,Coinless Systems Inc,0,0,0
20001229,33862,CLSY',OTC,0.390625,0.390625,84,0,Coinless Systems Inc,0,0,0
20010102,33862,CLSY',OTC,0.390625,0.390625,0,0,Coinless Systems Inc,0,0,0
20010103,33862,CLSY',OTC,0.375,0.375,21,0,Coinless Systems Inc,0,0,0
20010104,33862,CLSY',OTC,0.40625,0.40625,20,0,Coinless Systems Inc,0,0,0
20010105,33862,CLSY',OTC,0.40625,0.40625,0,0,Coinless Systems Inc,0,0,0
20010108,33862,CLSY',OTC,0.375,0.375,50,0,Coinless Systems Inc,0,0,0
20010109,33862,CLSY',OTC,0.40625,0.40625,10,0,Coinless Systems Inc,0,0,0
20010110,33862,CLSY',OTC,0.375,0.375,110,0,Coinless Systems Inc,0,0,0
20010111,33862,CLSY',OTC,0.390625,0.390625,420,0,Coinless Systems Inc,0,0,0
20010112,33862,CLSY',OTC,0.5625,0.5625,570,0,Coinless Systems Inc,0,0,0
20010116,33862,CLSY',OTC,0.5625,0.5625,0,0,Coinless Systems Inc,0,0,0
20010117,33862,CLSY',OTC,0.5625,0.5625,0,0,Coinless Systems Inc,0,0,0
20010118,33862,CLSY',OTC,0.5625,0.5625,0,0,Coinless Systems Inc,0,0,0
20010119,33862,CLSY',OTC,0.4375,0.4375,110,0,Coinless Systems Inc,0,0,0
20010122,33862,CLSY',OTC,0.4375,0.4375,0,0,Coinless Systems Inc,0,0,0
20010123,33862,CLSY',OTC,0.375,0.375,125,0,Coinless Systems Inc,0,0,0
20010124,33862,CLSY',OTC,0.390625,0.390625,685,0,Coinless Systems Inc,0,0,0
20010125,33862,CLSY',OTC,0.390625,0.390625,0,0,Coinless Systems Inc,0,0,0
20010126,33862,CLSY',OTC,0.3125,0.3125,145,0,Coinless Systems Inc,0,0,0
20010129,33862,CLSY',OTC,0.375,0.375,20,0,Coinless Systems Inc,0,0,0
20010130,33862,CLSY',OTC,0.328125,0.328125,625,0,Coinless Systems Inc,0,0,0
20010131,33862,CLSY',OTC,0.328125,0.328125,0,0,Coinless Systems Inc,0,0,0
20010201,33862,CLSY',OTC,0.3125,0.3125,30,0,Coinless Systems Inc,0,0,0
20010202,33862,CLSY',OTC,0.4375,0.4375,70,0,Coinless Systems Inc,0,0,0
20010205,33862,CLSY',OTC,0.4375,0.4375,0,0,Coinless Systems Inc,0,0,0
20010206,33862,CLSY',OTC,0.40625,0.40625,75,0,Coinless Systems Inc,0,0,0
20010207,33862,CLSY',OTC,0.34375,0.34375,150,0,Coinless Systems Inc,0,0,0
20010208,33862,CLSY',OTC,0.375,0.375,30,0,Coinless Systems Inc,0,0,0
20010209,33862,CLSY',OTC,0.3125,0.3125,115,0,Coinless Systems Inc,0,0,0
20010212,33862,CLSY',OTC,0.40625,0.40625,500,0,Coinless Systems Inc,0,0,0
20010213,33862,CLSY',OTC,0.375,0.375,1030,0,Coinless Systems Inc,0,0,0
20010214,33862,CLSY',OTC,0.375,0.375,0,0,Coinless Systems Inc,0,0,0
20010215,33862,CLSY',OTC,0.3125,0.3125,590,0,Coinless Systems Inc,0,0,0
20010216,33862,CLSY',OTC,0.3125,0.3125,0,0,Coinless Systems Inc,0,0,0
20010220,33862,CLSY',OTC,0.40625,0.40625,10,0,Coinless Systems Inc,0,0,0
20010221,33862,CLSY',OTC,0.40625,0.40625,70,0,Coinless Systems Inc,0,0,0
20010222,33862,CLSY',OTC,0.40625,0.40625,109,0,Coinless Systems Inc,0,0,0
20010223,33862,CLSY',OTC,0.296875,0.296875,230,0,Coinless Systems Inc,0,0,0
20010226,33862,CLSY',OTC,0.3125,0.3125,30,0,Coinless Systems Inc,0,0,0
20010227,33862,CLSY',OTC,0.3125,0.3125,10,0,Coinless Systems Inc,0,0,0
20010228,33862,CLSY',OTC,0.328125,0.328125,130,0,Coinless Systems Inc,0,0,0
20010301,33862,CLSY',OTC,0.3125,0.3125,46,0,Coinless Systems Inc,0,0,0
20010302,33862,CLSY',OTC,0.40625,0.40625,23,0,Coinless Systems Inc,0,0,0
20010305,33862,CLSY',OTC,0.53125,0.53125,1238,0,Coinless Systems Inc,0,0,0
20010306,33862,CLSY',OTC,0.625,0.625,145,0,Coinless Systems Inc,0,0,0
20010307,33862,CLSY',OTC,0.625,0.625,455,0,Coinless Systems Inc,0,0,0
20010308,33862,CLSY',OTC,0.5625,0.5625,412,0,Coinless Systems Inc,0,0,0
20010309,33862,CLSY',OTC,0.75,0.75,341,0,Coinless Systems Inc,0,0,0
20010312,33862,CLSY',OTC,1,1,1499,0,Coinless Systems Inc,0,0,0
20010313,33862,CLSY',OTC,1,1,638,0,Coinless Systems Inc,0,0,0
20010314,33862,CLSY',OTC,1,1,453,0,Coinless Systems Inc,0,0,0
20010315,33862,CLSY',OTC,1,1,122,0,Coinless Systems Inc,0,0,0
20010316,33862,CLSY',OTC,1,1,626,0,Coinless Systems Inc,0,0,0
20010319,33862,CLSY',OTC,1.015625,1.015625,251,0,Coinless Systems Inc,0,0,0
20010320,33862,CLSY',OTC,1,1,53,0,Coinless Systems Inc,0,0,0
20010321,33862,CLSY',OTC,1,1,650,0,Coinless Systems Inc,0,0,0
20010322,33862,CLSY',OTC,0.875,0.875,81,0,Coinless Systems Inc,0,0,0
20010323,33862,CLSY',OTC,0.9375,0.9375,10,0,Coinless Systems Inc,0,0,0
20010326,33862,CLSY',OTC,0.8125,0.8125,12,0,Coinless Systems Inc,0,0,0
20010327,33862,CLSY',OTC,0.84375,0.84375,235,0,Coinless Systems Inc,0,0,0
20010328,33862,CLSY',OTC,0.9375,0.9375,22,0,Coinless Systems Inc,0,0,0
20010329,33862,CLSY',OTC,0.9375,0.9375,31,0,Coinless Systems Inc,0,0,0
20010330,33862,CLSY',OTC,1,1,10,0,Coinless Systems Inc,0,0,0
20010402,33862,CLSY',OTC,0.75,0.75,51,0,Coinless Systems Inc,0,0,0
20010403,33862,CLSY',OTC,0.90625,0.90625,11,0,Coinless Systems Inc,0,0,0
20010404,33862,CLSY',OTC,0.84375,0.84375,620,0,Coinless Systems Inc,0,0,0
20010405,33862,CLSY',OTC,0.75,0.75,124,0,Coinless Systems Inc,0,0,0
20010406,33862,CLSY',OTC,0.6875,0.6875,70,0,Coinless Systems Inc,0,0,0
20010409,33862,CLSY',OTC,0.65,0.65,940,0,Coinless Systems Inc,0,0,0
20010410,33862,CLSY',OTC,0.75,0.75,67,0,Coinless Systems Inc,0,0,0
20010411,33862,CLSY',OTC,0.62,0.62,50,0,Coinless Systems Inc,0,0,0
20010412,33862,CLSY',OTC,0.75,0.75,75,0,Coinless Systems Inc,0,0,0
20010416,33862,CLSY',OTC,0.88,0.88,20,0,Coinless Systems Inc,0,0,0
20010417,33862,CLSY',OTC,0.92,0.92,158,0,Coinless Systems Inc,0,0,0
20010418,33862,CLSY',OTC,0.95,0.95,139,0,Coinless Systems Inc,0,0,0
20010419,33862,CLSY',OTC,0.75,0.75,270,0,Coinless Systems Inc,0,0,0
20010420,33862,CLSY',OTC,0.65,0.65,10,0,Coinless Systems Inc,0,0,0
20010423,33862,CLSY',OTC,0.88,0.88,543,0,Coinless Systems Inc,0,0,0
20010424,33862,CLSY',OTC,0.88,0.88,45,0,Coinless Systems Inc,0,0,0
20010425,33862,CLSY',OTC,0.85,0.85,200,0,Coinless Systems Inc,0,0,0
20010426,33862,CLSY',OTC,0.8,0.8,55,0,Coinless Systems Inc,0,0,0
20010427,33862,CLSY',OTC,0.85,0.85,303,0,Coinless Systems Inc,0,0,0
20010430,33862,CLSY',OTC,0.85,0.85,6,0,Coinless Systems Inc,0,0,0
20010501,33862,CLSY',OTC,0.85,0.85,10,0,Coinless Systems Inc,0,0,0
20010502,33862,CLSY',OTC,0.75,0.75,1120,0,Coinless Systems Inc,0,0,0
20010503,33862,CLSY',OTC,0.72,0.72,54,0,Coinless Systems Inc,0,0,0
20010504,33862,CLSY',OTC,0.73,0.73,510,0,Coinless Systems Inc,0,0,0
20010507,33862,CLSY',OTC,0.73,0.73,45,0,Coinless Systems Inc,0,0,0
20010508,33862,CLSY',OTC,0.72,0.72,35,0,Coinless Systems Inc,0,0,0
20010509,33862,CLSY',OTC,0.69,0.69,15,0,Coinless Systems Inc,0,0,0
20010510,33862,CLSY',OTC,0.8,0.8,10,0,Coinless Systems Inc,0,0,0
20010511,33862,CLSY',OTC,0.8,0.8,15,0,Coinless Systems Inc,0,0,0
20010514,33862,CLSY',OTC,0.8,0.8,158,0,Coinless Systems Inc,0,0,0
20010515,33862,CLSY',OTC,0.81,0.81,25,0,Coinless Systems Inc,0,0,0
20010516,33862,CLSY',OTC,0.8,0.8,42,0,Coinless Systems Inc,0,0,0
20010517,33862,CLSY',OTC,0.76,0.76,187,0,Coinless Systems Inc,0,0,0
20010518,33862,CLSY',OTC,0.75,0.75,162,0,Coinless Systems Inc,0,0,0
20010521,33862,CLSY',OTC,0.75,0.75,0,0,Coinless Systems Inc,0,0,0
20010522,33862,CLSY',OTC,0.74,0.74,1329,0,Coinless Systems Inc,0,0,0
20010523,33862,CLSY',OTC,0.72,0.72,86,0,Coinless Systems Inc,0,0,0
20010524,33862,CLSY',OTC,0.8,0.8,32,0,Coinless Systems Inc,0,0,0
20010525,33862,CLSY',OTC,0.7,0.7,273,0,Coinless Systems Inc,0,0,0
20010529,33862,CLSY',OTC,0.7,0.7,213,0,Coinless Systems Inc,0,0,0
20010530,33862,CLSY',OTC,0.67,0.67,68,0,Coinless Systems Inc,0,0,0
20010531,33862,CLSY',OTC,0.65,0.65,215,0,Coinless Systems Inc,0,0,0
20010601,33862,CLSY',OTC,0.9,0.9,287,0,Coinless Systems Inc,0,0,0
20010604,33862,CLSY',OTC,0.8,0.8,242,0,Coinless Systems Inc,0,0,0
20010605,33862,CLSY',OTC,0.82,0.82,235,0,Coinless Systems Inc,0,0,0
20010606,33862,CLSY',OTC,0.82,0.82,82,0,Coinless Systems Inc,0,0,0
20010607,33862,CLSY',OTC,0.88,0.88,980,0,Coinless Systems Inc,0,0,0
20010608,33862,CLSY',OTC,1,1,660,0,Coinless Systems Inc,0,0,0
20010611,33862,CLSY',OTC,0.85,0.85,148,0,Coinless Systems Inc,0,0,0
20010612,33862,CLSY',OTC,0.85,0.85,0,0,Coinless Systems Inc,0,0,0
20010613,33862,CLSY',OTC,0.95,0.95,72,0,Coinless Systems Inc,0,0,0
20010614,33862,CLSY',OTC,0.95,0.95,63,0,Coinless Systems Inc,0,0,0
20010615,33862,CLSY',OTC,0.95,0.95,60,0,Coinless Systems Inc,0,0,0
20010618,33862,CLSY',OTC,0.95,0.95,0,0,Coinless Systems Inc,0,0,0
20010619,33862,CLSY',OTC,0.97,0.97,512,0,Coinless Systems Inc,0,0,0
20010620,33862,CLSY',OTC,0.97,0.97,5,0,Coinless Systems Inc,0,0,0
20010621,33862,CLSY',OTC,0.82,0.82,11,0,Coinless Systems Inc,0,0,0
20010622,33862,CLSY',OTC,0.97,0.97,118,0,Coinless Systems Inc,0,0,0
20010625,33862,CLSY',OTC,0.95,0.95,366,0,Coinless Systems Inc,0,0,0
20010626,33862,CLSY',OTC,0.95,0.95,166,0,Coinless Systems Inc,0,0,0
20010627,33862,CLSY',OTC,0.95,0.95,85,0,Coinless Systems Inc,0,0,0
20010628,33862,CLSY',OTC,0.83,0.83,320,0,Coinless Systems Inc,0,0,0
20010629,33862,CLSY',OTC,0.82,0.82,20,0,Coinless Systems Inc,0,0,0
20010702,33862,CLSY',OTC,0.95,0.95,25,0,Coinless Systems Inc,0,0,0
20010703,33862,CLSY',OTC,0.95,0.95,0,0,Coinless Systems Inc,0,0,0
20010705,33862,CLSY',OTC,0.95,0.95,820,0,Coinless Systems Inc,0,0,0
20010706,33862,CLSY',OTC,1,1,290,0,Coinless Systems Inc,0,0,0
20010709,33862,CLSY',OTC,0.95,0.95,901,0,Coinless Systems Inc,0,0,0
20010710,33862,CLSY',OTC,0.95,0.95,415,0,Coinless Systems Inc,0,0,0
20010711,33862,CLSY',OTC,0.82,0.82,983,0,Coinless Systems Inc,0,0,0
20010712,33862,CLSY',OTC,0.81,0.81,50,0,Coinless Systems Inc,0,0,0
20010713,33862,CLSY',OTC,1,1,287,0,Coinless Systems Inc,0,0,0
20010716,33862,CLSY',OTC,0.8,0.8,392,0,Coinless Systems Inc,0,0,0
20010717,33862,CLSY',OTC,0.73,0.73,423,0,Coinless Systems Inc,0,0,0
20010718,33862,CLSY',OTC,0.8,0.8,1,0,Coinless Systems Inc,0,0,0
20010719,33862,CLSY',OTC,0.8,0.8,237,0,Coinless Systems Inc,0,0,0
20010720,33862,CLSY',OTC,0.8,0.8,0,0,Coinless Systems Inc,0,0,0
20010723,33862,CLSY',OTC,0.85,0.85,1208,0,Coinless Systems Inc,0,0,0
20010724,33862,CLSY',OTC,0.85,0.85,66,0,Coinless Systems Inc,0,0,0
20010725,33862,CLSY',OTC,0.68,0.68,212,0,Coinless Systems Inc,0,0,0
20010726,33862,CLSY',OTC,0.85,0.85,1267,0,Coinless Systems Inc,0,0,0
20010727,33862,CLSY',OTC,0.75,0.75,308,0,Coinless Systems Inc,0,0,0
20010730,33862,CLSY',OTC,0.72,0.72,306,0,Coinless Systems Inc,0,0,0
20010731,33862,CLSY',OTC,0.68,0.68,315,0,Coinless Systems Inc,0,0,0
20010801,33862,CLSY',OTC,0.75,0.75,162,0,Coinless Systems Inc,0,0,0
20010802,33862,CLSY',OTC,0.75,0.75,60,0,Coinless Systems Inc,0,0,0
20010803,33862,CLSY',OTC,0.75,0.75,0,0,Coinless Systems Inc,0,0,0
20010806,33862,CLSY',OTC,0.75,0.75,0,0,Coinless Systems Inc,0,0,0
20010807,33862,CLSY',OTC,0.64,0.64,70,0,Coinless Systems Inc,0,0,0
20010808,33862,CLSY',OTC,0.58,0.58,657,0,Coinless Systems Inc,0,0,0
20010809,33862,CLSY',OTC,0.5,0.5,901,0,Coinless Systems Inc,0,0,0
20010810,33862,CLSY',OTC,0.55,0.55,95,0,Coinless Systems Inc,0,0,0
20010813,33862,CLSY',OTC,0.55,0.55,355,0,Coinless Systems Inc,0,0,0
20010814,33862,CLSY',OTC,0.5,0.5,126,0,Coinless Systems Inc,0,0,0
20010815,33862,CLSY',OTC,0.5,0.5,228,0,Coinless Systems Inc,0,0,0
20010816,33862,CLSY',OTC,0.4,0.4,317,0,Coinless Systems Inc,0,0,0
20010817,33862,CLSY',OTC,0.36,0.36,320,0,Coinless Systems Inc,0,0,0
20010820,33862,CLSY',OTC,0.47,0.47,4,0,Coinless Systems Inc,0,0,0
20010821,33862,CLSY',OTC,0.47,0.47,11,0,Coinless Systems Inc,0,0,0
20010822,33862,CLSY',OTC,0.42,0.42,931,0,Coinless Systems Inc,0,0,0
20010823,33862,CLSY',OTC,0.37,0.37,198,0,Coinless Systems Inc,0,0,0
20010824,33862,CLSY',OTC,0.38,0.38,135,0,Coinless Systems Inc,0,0,0
20010827,33862,CLSY',OTC,0.4,0.4,413,0,Coinless Systems Inc,0,0,0
20010828,33862,CLSY',OTC,0.33,0.33,52,0,Coinless Systems Inc,0,0,0
20010829,33862,CLSY',OTC,0.35,0.35,287,0,Coinless Systems Inc,0,0,0
20010830,33862,CLSY',OTC,0.35,0.35,10,0,Coinless Systems Inc,0,0,0
20010831,33862,CLSY',OTC,0.26,0.26,35,0,Coinless Systems Inc,0,0,0
20010904,33862,CLSY',OTC,0.34,0.34,45,0,Coinless Systems Inc,0,0,0
20010905,33862,CLSY',OTC,0.39,0.39,1886,0,Coinless Systems Inc,0,0,0
20010906,33862,CLSY',OTC,0.43,0.43,11,0,Coinless Systems Inc,0,0,0
20010907,33862,CLSY',OTC,0.43,0.43,25,0,Coinless Systems Inc,0,0,0
20010910,33862,CLSY',OTC,0.32,0.32,20,0,Coinless Systems Inc,0,0,0
20010917,33862,CLSY',OTC,0.3,0.3,23,0,Coinless Systems Inc,0,0,0
20010918,33862,CLSY',OTC,0.43,0.43,10,0,Coinless Systems Inc,0,0,0
20010919,33862,CLSY',OTC,0.43,0.43,0,0,Coinless Systems Inc,0,0,0
20010920,33862,CLSY',OTC,0.43,0.43,0,0,Coinless Systems Inc,0,0,0
20010921,33862,CLSY',OTC,0.35,0.35,1410,0,Coinless Systems Inc,0,0,0
20010924,33862,CLSY',OTC,0.35,0.35,6,0,Coinless Systems Inc,0,0,0
20010925,33862,CLSY',OTC,0.21,0.21,304,0,Coinless Systems Inc,0,0,0
20010926,33862,CLSY',OTC,0.28,0.28,63,0,Coinless Systems Inc,0,0,0
20010927,33862,CLSY',OTC,0.21,0.21,267,0,Coinless Systems Inc,0,0,0
20010928,33862,CLSY',OTC,0.21,0.21,60,0,Coinless Systems Inc,0,0,0
20011001,33862,CLSY',OTC,0.21,0.21,0,0,Coinless Systems Inc,0,0,0
20011002,33862,CLSY',OTC,0.21,0.21,0,0,Coinless Systems Inc,0,0,0
20011003,33862,CLSY',OTC,0.19,0.19,277,0,Coinless Systems Inc,0,0,0
20011004,33862,CLSY',OTC,0.19,0.19,0,0,Coinless Systems Inc,0,0,0
20011005,33862,CLSY',OTC,0.32,0.32,373,0,Coinless Systems Inc,0,0,0
20011008,33862,CLSY',OTC,0.34,0.34,214,0,Coinless Systems Inc,0,0,0
20011009,33862,CLSY',OTC,0.39,0.39,58,0,Coinless Systems Inc,0,0,0
20011010,33862,CLSY',OTC,0.39,0.39,14,0,Coinless Systems Inc,0,0,0
20011011,33862,CLSY',OTC,0.39,0.39,0,0,Coinless Systems Inc,0,0,0
20011012,33862,CLSY',OTC,0.39,0.39,10,0,Coinless Systems Inc,0,0,0
20011015,33862,CLSY',OTC,0.39,0.39,0,0,Coinless Systems Inc,0,0,0
20011016,33862,CLSY',OTC,0.39,0.39,0,0,Coinless Systems Inc,0,0,0
20011017,33862,CLSY',OTC,0.39,0.39,0,0,Coinless Systems Inc,0,0,0
20011018,33862,CLSY',OTC,0.39,0.39,0,0,Coinless Systems Inc,0,0,0
20011019,33862,CLSY',OTC,0.2,0.2,17,0,Coinless Systems Inc,0,0,0
20011022,33862,CLSY',OTC,0.2,0.2,0,0,Coinless Systems Inc,0,0,0
20011023,33862,CLSY',OTC,0.37,0.37,26,0,Coinless Systems Inc,0,0,0
20011024,33862,CLSY',OTC,0.37,0.37,0,0,Coinless Systems Inc,0,0,0
20011025,33862,CLSY',OTC,0.37,0.37,0,0,Coinless Systems Inc,0,0,0
20011026,33862,CLSY',OTC,0.37,0.37,1,0,Coinless Systems Inc,0,0,0
20011029,33862,CLSY',OTC,0.37,0.37,0,0,Coinless Systems Inc,0,0,0
20011030,33862,CLSY',OTC,0.37,0.37,10,0,Coinless Systems Inc,0,0,0
20011031,33862,CLSY',OTC,0.39,0.39,50,0,Coinless Systems Inc,0,0,0
20011101,33862,CLSY',OTC,0.39,0.39,0,0,Coinless Systems Inc,0,0,0
20011102,33862,CLSY',OTC,0.39,0.39,0,0,Coinless Systems Inc,0,0,0
20011105,33862,CLSY',OTC,0.39,0.39,0,0,Coinless Systems Inc,0,0,0
20011106,33862,CLSY',OTC,0.39,0.39,0,0,Coinless Systems Inc,0,0,0
20011107,33862,CLSY',OTC,0.39,0.39,0,0,Coinless Systems Inc,0,0,0
20011108,33862,CLSY',OTC,0.39,0.39,0,0,Coinless Systems Inc,0,0,0
20011109,33862,CLSY',OTC,0.39,0.39,0,0,Coinless Systems Inc,0,0,0
20011112,33862,CLSY',OTC,0.3,0.3,86,0,Coinless Systems Inc,0,0,0
20011113,33862,CLSY',OTC,0.22,0.22,300,0,Coinless Systems Inc,0,0,0
20011114,33862,CLSY',OTC,0.3,0.3,25,0,Coinless Systems Inc,0,0,0
20011115,33862,CLSY',OTC,0.3,0.3,0,0,Coinless Systems Inc,0,0,0
20011116,33862,CLSY',OTC,0.25,0.25,66,0,Coinless Systems Inc,0,0,0
20011119,33862,CLSY',OTC,0.25,0.25,0,0,Coinless Systems Inc,0,0,0
20011120,33862,CLSY',OTC,0.25,0.25,20,0,Coinless Systems Inc,0,0,0
20011121,33862,CLSY',OTC,0.25,0.25,135,0,Coinless Systems Inc,0,0,0
20011123,33862,CLSY',OTC,0.25,0.25,0,0,Coinless Systems Inc,0,0,0
20011126,33862,CLSY',OTC,0.21,0.21,6,0,Coinless Systems Inc,0,0,0
20011127,33862,CLSY',OTC,0.21,0.21,0,0,Coinless Systems Inc,0,0,0
20011128,33862,CLSY',OTC,0.3,0.3,105,0,Coinless Systems Inc,0,0,0
20011129,33862,CLSY',OTC,0.3,0.3,0,0,Coinless Systems Inc,0,0,0
20011130,33862,CLSY',OTC,0.29,0.29,50,0,Coinless Systems Inc,0,0,0
20011203,33862,CLSY',OTC,0.21,0.21,165,0,Coinless Systems Inc,0,0,0
20011204,33862,CLSY',OTC,0.21,0.21,0,0,Coinless Systems Inc,0,0,0
20011205,33862,CLSY',OTC,0.21,0.21,0,0,Coinless Systems Inc,0,0,0
20011206,33862,CLSY',OTC,0.22,0.22,20,0,Coinless Systems Inc,0,0,0
20011207,33862,CLSY',OTC,0.22,0.22,0,0,Coinless Systems Inc,0,0,0
20011210,33862,CLSY',OTC,0.22,0.22,10,0,Coinless Systems Inc,0,0,0
20011211,33862,CLSY',OTC,0.24,0.24,63,0,Coinless Systems Inc,0,0,0
20011212,33862,CLSY',OTC,0.29,0.29,70,0,Coinless Systems Inc,0,0,0
20011213,33862,CLSY',OTC,0.29,0.29,0,0,Coinless Systems Inc,0,0,0
20011214,33862,CLSY',OTC,0.25,0.25,34,0,Coinless Systems Inc,0,0,0
20011217,33862,CLSY',OTC,0.26,0.26,22,0,Coinless Systems Inc,0,0,0
20011218,33862,CLSY',OTC,0.24,0.24,407,0,Coinless Systems Inc,0,0,0
20011219,33862,CLSY',OTC,0.25,0.25,102,0,Coinless Systems Inc,0,0,0
20011220,33862,CLSY',OTC,0.25,0.25,10,0,Coinless Systems Inc,0,0,0
20011221,33862,CLSY',OTC,0.25,0.25,35,0,Coinless Systems Inc,0,0,0
20011224,33862,CLSY',OTC,0.25,0.25,0,0,Coinless Systems Inc,0,0,0
20011226,33862,CLSY',OTC,0.25,0.25,50,0,Coinless Systems Inc,0,0,0
20011227,33862,CLSY',OTC,0.25,0.25,60,0,Coinless Systems Inc,0,0,0
20011228,33862,CLSY',OTC,0.25,0.25,15,0,Coinless Systems Inc,0,0,0
20011231,33862,CLSY',OTC,0.25,0.25,23,0,Coinless Systems Inc,0,0,0
20020102,33862,CLSY',OTC,0.25,0.25,0,0,Coinless Systems Inc,0,0,0
20020103,33862,CLSY',OTC,0.25,0.25,30,0,Coinless Systems Inc,0,0,0
20020104,33862,CLSY',OTC,0.25,0.25,342,0,Coinless Systems Inc,0,0,0
20020107,33862,CLSY',OTC,0.25,0.25,4,0,Coinless Systems Inc,0,0,0
20020108,33862,CLSY',OTC,0.25,0.25,58,0,Coinless Systems Inc,0,0,0
20020109,33862,CLSY',OTC,0.23,0.23,19,0,Coinless Systems Inc,0,0,0
20020110,33862,CLSY',OTC,0.23,0.23,524,0,Coinless Systems Inc,0,0,0
20020111,33862,CLSY',OTC,0.22,0.22,448,0,Coinless Systems Inc,0,0,0
20020114,33862,CLSY',OTC,0.22,0.22,0,0,Coinless Systems Inc,0,0,0
20020115,33862,CLSY',OTC,0.2,0.2,30,0,Coinless Systems Inc,0,0,0
20020116,33862,CLSY',OTC,0.16,0.16,566,0,Coinless Systems Inc,0,0,0
20020117,33862,CLSY',OTC,0.18,0.18,51,0,Coinless Systems Inc,0,0,0
20020118,33862,CLSY',OTC,0.2,0.2,355,0,Coinless Systems Inc,0,0,0
20020122,33862,CLSY',OTC,0.2,0.2,33,0,Coinless Systems Inc,0,0,0
20020123,33862,CLSY',OTC,0.19,0.19,235,0,Coinless Systems Inc,0,0,0
20020124,33862,CLSY',OTC,0.19,0.19,665,0,Coinless Systems Inc,0,0,0
20020125,33862,CLSY',OTC,0.2,0.2,1068,0,Coinless Systems Inc,0,0,0
20020128,33862,CLSY',OTC,0.19,0.19,303,0,Coinless Systems Inc,0,0,0
20020129,33862,CLSY',OTC,0.19,0.19,40,0,Coinless Systems Inc,0,0,0
20020130,33862,CLSY',OTC,0.2,0.2,92,0,Coinless Systems Inc,0,0,0
20020131,33862,CLSY',OTC,0.21,0.21,418,0,Coinless Systems Inc,0,0,0
20020201,33862,CLSY',OTC,0.22,0.22,200,0,Coinless Systems Inc,0,0,0
20020204,33862,CLSY',OTC,0.25,0.25,475,0,Coinless Systems Inc,0,0,0
20020205,33862,CLSY',OTC,0.27,0.27,30,0,Coinless Systems Inc,0,0,0
20020206,33862,CLSY',OTC,0.22,0.22,147,0,Coinless Systems Inc,0,0,0
20020207,33862,CLSY',OTC,0.24,0.24,1901,0,Coinless Systems Inc,0,0,0
20020208,33862,CLSY',OTC,0.24,0.24,112,0,Coinless Systems Inc,0,0,0
20020211,33862,CLSY',OTC,0.23,0.23,166,0,Coinless Systems Inc,0,0,0
20020212,33862,CLSY',OTC,0.21,0.21,32,0,Coinless Systems Inc,0,0,0
20020213,33862,CLSY',OTC,0.25,0.25,224,0,Coinless Systems Inc,0,0,0
20020214,33862,CLSY',OTC,0.2,0.2,81,0,Coinless Systems Inc,0,0,0
20020215,33862,CLSY',OTC,0.2,0.2,0,0,Coinless Systems Inc,0,0,0
20020219,33862,CLSY',OTC,0.2,0.2,482,0,Coinless Systems Inc,0,0,0
20020220,33862,CLSY',OTC,0.27,0.27,289,0,Coinless Systems Inc,0,0,0
20020221,33862,CLSY',OTC,0.22,0.22,60,0,Coinless Systems Inc,0,0,0
20020222,33862,CLSY',OTC,0.22,0.22,463,0,Coinless Systems Inc,0,0,0
20020225,33862,CLSY',OTC,0.28,0.28,440,0,Coinless Systems Inc,0,0,0
20020226,33862,CLSY',OTC,0.25,0.25,1267,0,Coinless Systems Inc,0,0,0
20020227,33862,CLSY',OTC,0.29,0.29,440,0,Coinless Systems Inc,0,0,0
20020228,33862,CLSY',OTC,0.27,0.27,999,0,Coinless Systems Inc,0,0,0
20020301,33862,CLSY',OTC,0.4,0.4,1058,0,Coinless Systems Inc,0,0,0
20020304,33862,CLSY',OTC,0.6,0.6,1167,0,Coinless Systems Inc,0,0,0
20020305,33862,CLSY',OTC,0.53,0.53,765,0,Coinless Systems Inc,0,0,0
20020306,33862,CLSY',OTC,0.6,0.6,375,0,Coinless Systems Inc,0,0,0
20020307,33862,CLSY',OTC,0.7,0.7,1178,0,Coinless Systems Inc,0,0,0
20020308,33862,CLSY',OTC,0.7,0.7,593,0,Coinless Systems Inc,0,0,0
20020311,33862,CLSY',OTC,0.67,0.67,753,0,Coinless Systems Inc,0,0,0
20020312,33862,CLSY',OTC,0.66,0.66,1683,0,Coinless Systems Inc,0,0,0
20020313,33862,CLSY',OTC,0.67,0.67,1205,0,Coinless Systems Inc,0,0,0
20020314,33862,CLSY',OTC,0.67,0.67,316,0,Coinless Systems Inc,0,0,0
20020315,33862,CLSY',OTC,0.63,0.63,391,0,Coinless Systems Inc,0,0,0
20020318,33862,CLSY',OTC,0.55,0.55,604,0,Coinless Systems Inc,0,0,0
20020319,33862,CLSY',OTC,0.44,0.44,1163,0,Coinless Systems Inc,0,0,0
20020320,33862,CLSY',OTC,0.51,0.51,336,0,Coinless Systems Inc,0,0,0
20020321,33862,CLSY',OTC,0.55,0.55,580,0,Coinless Systems Inc,0,0,0
20020322,33862,CLSY',OTC,0.6,0.6,253,0,Coinless Systems Inc,0,0,0
20020325,33862,CLSY',OTC,0.53,0.53,3337,0,Coinless Systems Inc,0,0,0
20020326,33862,CLSY',OTC,0.59,0.59,815,0,Coinless Systems Inc,0,0,0
20020327,33862,CLSY',OTC,0.63,0.63,1684,0,Coinless Systems Inc,0,0,0
20020328,33862,CLSY',OTC,0.59,0.59,774,0,Coinless Systems Inc,0,0,0
20020401,33862,CLSY',OTC,0.59,0.59,445,0,Coinless Systems Inc,0,0,0
20020402,33862,CLSY',OTC,0.56,0.56,459,0,Coinless Systems Inc,0,0,0
20020403,33862,CLSY',OTC,0.55,0.55,738,0,Coinless Systems Inc,0,0,0
20020404,33862,CLSY',OTC,0.53,0.53,1348,0,Coinless Systems Inc,0,0,0
20020405,33862,CLSY',OTC,0.46,0.46,684,0,Coinless Systems Inc,0,0,0
20020408,33862,CLSY',OTC,0.49,0.49,1133,0,Coinless Systems Inc,0,0,0
20020409,33862,CLSY',OTC,0.46,0.46,1767,0,Coinless Systems Inc,0,0,0
20020410,33862,CLSY',OTC,0.5,0.5,832,0,Coinless Systems Inc,0,0,0
20020411,33862,CLSY',OTC,0.5,0.5,537,0,Coinless Systems Inc,0,0,0
20020412,33862,CLSY',OTC,0.45,0.45,822,0,Coinless Systems Inc,0,0,0
20020415,33862,CLSY',OTC,0.43,0.43,276,0,Coinless Systems Inc,0,0,0
20020416,33862,CLSY',OTC,0.48,0.48,26,0,Coinless Systems Inc,0,0,0
20020417,33862,CLSY',OTC,0.49,0.49,554,0,Coinless Systems Inc,0,0,0
20020418,33862,CLSY',OTC,0.42,0.42,1456,0,Coinless Systems Inc,0,0,0
20020419,33862,CLSY',OTC,0.41,0.41,348,0,Coinless Systems Inc,0,0,0
20020422,33862,CLSY',OTC,0.4,0.4,798,0,Coinless Systems Inc,0,0,0
20020423,33862,CLSY',OTC,0.38,0.38,305,0,Coinless Systems Inc,0,0,0
20020424,33862,CLSY',OTC,0.35,0.35,481,0,Coinless Systems Inc,0,0,0
20020425,33862,CLSY',OTC,0.4,0.4,85,0,Coinless Systems Inc,0,0,0
20020426,33862,CLSY',OTC,0.35,0.35,56,0,Coinless Systems Inc,0,0,0
20020429,33862,CLSY',OTC,0.35,0.35,21,0,Coinless Systems Inc,0,0,0
20020430,33862,CLSY',OTC,0.4,0.4,1649,0,Coinless Systems Inc,0,0,0
20020501,33862,CLSY',OTC,0.39,0.39,406,0,Coinless Systems Inc,0,0,0
20020502,33862,CLSY',OTC,0.35,0.35,1976,0,Coinless Systems Inc,0,0,0
20020503,33862,CLSY',OTC,0.35,0.35,197,0,Coinless Systems Inc,0,0,0
20020506,33862,CLSY',OTC,0.35,0.35,190,0,Coinless Systems Inc,0,0,0
20020507,33862,CLSY',OTC,0.34,0.34,890,0,Coinless Systems Inc,0,0,0
20020508,33862,CLSY',OTC,0.33,0.33,382,0,Coinless Systems Inc,0,0,0
20020509,33862,CLSY',OTC,0.32,0.32,1164,0,Coinless Systems Inc,0,0,0
20020510,33862,CLSY',OTC,0.3,0.3,295,0,Coinless Systems Inc,0,0,0
20020513,33862,CLSY',OTC,0.26,0.26,1237,0,Coinless Systems Inc,0,0,0
20020514,33862,CLSY',OTC,0.25,0.25,1128,0,Coinless Systems Inc,0,0,0
20020515,33862,CLSY',OTC,0.25,0.25,93,0,Coinless Systems Inc,0,0,0
20020516,33862,CLSY',OTC,0.26,0.26,1198,0,Coinless Systems Inc,0,0,0
20020517,33862,CLSY',OTC,0.24,0.24,520,0,Coinless Systems Inc,0,0,0
20020520,33862,CLSY',OTC,0.25,0.25,560,0,Coinless Systems Inc,0,0,0
20020521,33862,CLSY',OTC,0.21,0.21,1982,0,Coinless Systems Inc,0,0,0
20020522,33862,CLSY',OTC,0.22,0.22,885,0,Coinless Systems Inc,0,0,0
20020523,33862,CLSY',OTC,0.24,0.24,675,0,Coinless Systems Inc,0,0,0
20020524,33862,CLSY',OTC,0.26,0.26,100,0,Coinless Systems Inc,0,0,0
20020528,33862,CLSY',OTC,0.25,0.25,495,0,Coinless Systems Inc,0,0,0
20020529,33862,CLSY',OTC,0.24,0.24,845,0,Coinless Systems Inc,0,0,0
20020530,33862,CLSY',OTC,0.24,0.24,362,0,Coinless Systems Inc,0,0,0
20020531,33862,CLSY',OTC,0.25,0.25,165,0,Coinless Systems Inc,0,0,0
20020603,33862,CLSY',OTC,0.22,0.22,206,0,Coinless Systems Inc,0,0,0
20020604,33862,CLSY',OTC,0.21,0.21,225,0,Coinless Systems Inc,0,0,0
20020605,33862,CLSY',OTC,0.23,0.23,155,0,Coinless Systems Inc,0,0,0
20020606,33862,CLSY',OTC,0.22,0.22,190,0,Coinless Systems Inc,0,0,0
20020607,33862,CLSY',OTC,0.21,0.21,430,0,Coinless Systems Inc,0,0,0
20020610,33862,CLSY',OTC,0.2,0.2,156,0,Coinless Systems Inc,0,0,0
20020611,33862,CLSY',OTC,0.2,0.2,480,0,Coinless Systems Inc,0,0,0
20020612,33862,CLSY',OTC,0.21,0.21,918,0,Coinless Systems Inc,0,0,0
20020613,33862,CLSY',OTC,0.2,0.2,1733,0,Coinless Systems Inc,0,0,0
20020614,33862,CLSY',OTC,0.2,0.2,1206,0,Coinless Systems Inc,0,0,0
20020617,33862,CLSY',OTC,0.21,0.21,1044,0,Coinless Systems Inc,0,0,0
20020618,33862,CLSY',OTC,0.21,0.21,169,0,Coinless Systems Inc,0,0,0
20020619,33862,CLSY',OTC,0.2,0.2,256,0,Coinless Systems Inc,0,0,0
20020620,33862,CLSY',OTC,0.19,0.19,698,0,Coinless Systems Inc,0,0,0
20020621,33862,CLSY',OTC,0.17,0.17,50,0,Coinless Systems Inc,0,0,0
20020624,33862,CLSY',OTC,0.19,0.19,772,0,Coinless Systems Inc,0,0,0
20020625,33862,CLSY',OTC,0.19,0.19,320,0,Coinless Systems Inc,0,0,0
20020626,33862,CLSY',OTC,0.19,0.19,1113,0,Coinless Systems Inc,0,0,0
20020627,33862,CLSY',OTC,0.2,0.2,864,0,Coinless Systems Inc,0,0,0
20020628,33862,CLSY',OTC,0.18,0.18,649,0,Coinless Systems Inc,0,0,0
20020701,33862,CLSY',OTC,0.17,0.17,688,0,Coinless Systems Inc,0,0,0
20020702,33862,CLSY',OTC,0.18,0.18,140,0,Coinless Systems Inc,0,0,0
20020703,33862,CLSY',OTC,0.18,0.18,970,0,Coinless Systems Inc,0,0,0
20020705,33862,CLSY',OTC,0.19,0.19,130,0,Coinless Systems Inc,0,0,0
20020708,33862,CLSY',OTC,0.25,0.25,2422,0,Coinless Systems Inc,0,0,0
20020709,33862,CLSY',OTC,0.22,0.22,779,0,Coinless Systems Inc,0,0,0
20020710,33862,CLSY',OTC,0.25,0.25,717,0,Coinless Systems Inc,0,0,0
20020711,33862,CLSY',OTC,0.23,0.23,234,0,Coinless Systems Inc,0,0,0
20020712,33862,CLSY',OTC,0.22,0.22,567,0,Coinless Systems Inc,0,0,0
20020715,33862,CLSY',OTC,0.24,0.24,50,0,Coinless Systems Inc,0,0,0
20020716,33862,CLSY',OTC,0.22,0.22,395,0,Coinless Systems Inc,0,0,0
20020717,33862,CLSY',OTC,0.25,0.25,181,0,Coinless Systems Inc,0,0,0
20020718,33862,CLSY',OTC,0.2,0.2,364,0,Coinless Systems Inc,0,0,0
20020719,33862,CLSY',OTC,0.21,0.21,290,0,Coinless Systems Inc,0,0,0
20020722,33862,CLSY',OTC,0.2,0.2,510,0,Coinless Systems Inc,0,0,0
20020723,33862,CLSY',OTC,0.2,0.2,427,0,Coinless Systems Inc,0,0,0
20020724,33862,CLSY',OTC,0.21,0.21,384,0,Coinless Systems Inc,0,0,0
20020725,33862,CLSY',OTC,0.18,0.18,106,0,Coinless Systems Inc,0,0,0
20020726,33862,CLSY',OTC,0.19,0.19,736,0,Coinless Systems Inc,0,0,0
20020729,33862,CLSY',OTC,0.19,0.19,1069,0,Coinless Systems Inc,0,0,0
20020730,33862,CLSY',OTC,0.19,0.19,1037,0,Coinless Systems Inc,0,0,0
20020731,33862,CLSY',OTC,0.19,0.19,318,0,Coinless Systems Inc,0,0,0
20020801,33862,CLSY',OTC,0.17,0.17,366,0,Coinless Systems Inc,0,0,0
20020802,33862,CLSY',OTC,0.16,0.16,401,0,Coinless Systems Inc,0,0,0
20020805,33862,CLSY',OTC,0.18,0.18,95,0,Coinless Systems Inc,0,0,0
20020806,33862,CLSY',OTC,0.18,0.18,75,0,Coinless Systems Inc,0,0,0
20020807,33862,CLSY',OTC,0.18,0.18,70,0,Coinless Systems Inc,0,0,0
20020808,33862,CLSY',OTC,0.18,0.18,0,0,Coinless Systems Inc,0,0,0
20020809,33862,CLSY',OTC,0.16,0.16,50,0,Coinless Systems Inc,0,0,0
20020812,33862,CLSY',OTC,0.16,0.16,351,0,Coinless Systems Inc,0,0,0
20020813,33862,CLSY',OTC,0.15,0.15,310,0,Coinless Systems Inc,0,0,0
20020814,33862,CLSY',OTC,0.18,0.18,30,0,Coinless Systems Inc,0,0,0
20020815,33862,CLSY',OTC,0.14,0.14,174,0,Coinless Systems Inc,0,0,0
20020816,33862,CLSY',OTC,0.16,0.16,425,0,Coinless Systems Inc,0,0,0
20020819,33862,CLSY',OTC,0.16,0.16,1179,0,Coinless Systems Inc,0,0,0
20020820,33862,CLSY',OTC,0.17,0.17,296,0,Coinless Systems Inc,0,0,0
20020821,33862,CLSY',OTC,0.15,0.15,340,0,Coinless Systems Inc,0,0,0
20020822,33862,CLSY',OTC,0.1,0.1,2342,0,Coinless Systems Inc,0,0,0
20020823,33862,CLSY',OTC,0.1,0.1,898,0,Coinless Systems Inc,0,0,0
20020826,33862,CLSY',OTC,0.16,0.16,1229,0,Coinless Systems Inc,0,0,0
20020827,33862,CLSY',OTC,0.15,0.15,442,0,Coinless Systems Inc,0,0,0
20020828,33862,CLSY',OTC,0.14,0.14,292,0,Coinless Systems Inc,0,0,0
20020829,33862,CLSY',OTC,0.11,0.11,397,0,Coinless Systems Inc,0,0,0
20020830,33862,CLSY',OTC,0.11,0.11,580,0,Coinless Systems Inc,0,0,0
20020903,33862,CLSY',OTC,0.11,0.11,163,0,Coinless Systems Inc,0,0,0
20020904,33862,CLSY',OTC,0.11,0.11,1589,0,Coinless Systems Inc,0,0,0
20020905,33862,CLSY',OTC,0.1,0.1,396,0,Coinless Systems Inc,0,0,0
20020906,33862,CLSY',OTC,0.09,0.09,890,0,Coinless Systems Inc,0,0,0
20020909,33862,CLSY',OTC,0.08,0.08,457,0,Coinless Systems Inc,0,0,0
20020910,33862,CLSY',OTC,0.1,0.1,1069,0,Coinless Systems Inc,0,0,0
20020911,33862,CLSY',OTC,0.1,0.1,96,0,Coinless Systems Inc,0,0,0
20020912,33862,CLSY',OTC,0.09,0.09,832,0,Coinless Systems Inc,0,0,0
20020913,33862,CLSY',OTC,0.08,0.08,156,0,Coinless Systems Inc,0,0,0
20020916,33862,CLSY',OTC,0.1,0.1,285,0,Coinless Systems Inc,0,0,0
20020917,33862,CLSY',OTC,0.09,0.09,597,0,Coinless Systems Inc,0,0,0
20020918,33862,CLSY',OTC,0.08,0.08,4,0,Coinless Systems Inc,0,0,0
20020919,33862,CLSY',OTC,0.1,0.1,300,0,Coinless Systems Inc,0,0,0
20020920,33862,CLSY',OTC,0.09,0.09,5,0,Coinless Systems Inc,0,0,0
20020923,33862,CLSY',OTC,0.1,0.1,233,0,Coinless Systems Inc,0,0,0
20020924,33862,CLSY',OTC,0.09,0.09,8,0,Coinless Systems Inc,0,0,0
20020925,33862,CLSY',OTC,0.08,0.08,1028,0,Coinless Systems Inc,0,0,0
20020926,33862,CLSY',OTC,0.1,0.1,234,0,Coinless Systems Inc,0,0,0
20020927,33862,CLSY',OTC,0.1,0.1,0,0,Coinless Systems Inc,0,0,0
20020930,33862,CLSY',OTC,0.07,0.07,51,0,Coinless Systems Inc,0,0,0
20021001,33862,CLSY',OTC,0.1,0.1,1052,0,Coinless Systems Inc,0,0,0
20021002,33862,CLSY',OTC,0.1,0.1,0,0,Coinless Systems Inc,0,0,0
20021003,33862,CLSY',OTC,0.07,0.07,765,0,Coinless Systems Inc,0,0,0
20021004,33862,CLSY',OTC,0.08,0.08,1510,0,Coinless Systems Inc,0,0,0
20021007,33862,CLSY',OTC,0.07,0.07,319,0,Coinless Systems Inc,0,0,0
20021008,33862,CLSY',OTC,0.08,0.08,13,0,Coinless Systems Inc,0,0,0
20021009,33862,CLSY',OTC,0.05,0.05,355,0,Coinless Systems Inc,0,0,0
20021010,33862,CLSY',OTC,0.05,0.05,0,0,Coinless Systems Inc,0,0,0
20021011,33862,CLSY',OTC,0.06,0.06,415,0,Coinless Systems Inc,0,0,0
20021014,33862,CLSY',OTC,0.06,0.06,720,0,Coinless Systems Inc,0,0,0
20021015,33862,CLSY',OTC,0.08,0.08,1671,0,Coinless Systems Inc,0,0,0
20021016,33862,CLSY',OTC,0.07,0.07,305,0,Coinless Systems Inc,0,0,0
20021017,33862,CLSY',OTC,0.11,0.11,1848,0,Coinless Systems Inc,0,0,0
20021018,33862,CLSY',OTC,0.13,0.13,1806,0,Coinless Systems Inc,0,0,0
20021021,33862,CLSY',OTC,0.08,0.08,631,0,Coinless Systems Inc,0,0,0
20021022,33862,CLSY',OTC,0.08,0.08,2,0,Coinless Systems Inc,0,0,0
20021023,33862,CLSY',OTC,0.09,0.09,557,0,Coinless Systems Inc,0,0,0
20021024,33862,CLSY',OTC,0.08,0.08,8,0,Coinless Systems Inc,0,0,0
20021025,33862,CLSY',OTC,0.1,0.1,176,0,Coinless Systems Inc,0,0,0
20021028,33862,CLSY',OTC,0.1,0.1,0,0,Coinless Systems Inc,0,0,0
20021029,33862,CLSY',OTC,0.1,0.1,0,0,Coinless Systems Inc,0,0,0
20021030,33862,CLSY',OTC,0.08,0.08,43,0,Coinless Systems Inc,0,0,0
20021031,33862,CLSY',OTC,0.11,0.11,37,0,Coinless Systems Inc,0,0,0
20021101,33862,CLSY',OTC,0.11,0.11,384,0,Coinless Systems Inc,0,0,0
20021104,33862,CLSY',OTC,0.1,0.1,341,0,Coinless Systems Inc,0,0,0
20021105,33862,CLSY',OTC,0.11,0.11,280,0,Coinless Systems Inc,0,0,0
20021106,33862,CLSY',OTC,0.12,0.12,324,0,Coinless Systems Inc,0,0,0
20021107,33862,CLSY',OTC,0.12,0.12,300,0,Coinless Systems Inc,0,0,0
20021108,33862,CLSY',OTC,0.12,0.12,300,0,Coinless Systems Inc,0,0,0
20021111,33862,CLSY',OTC,0.12,0.12,275,0,Coinless Systems Inc,0,0,0
20021112,33862,CLSY',OTC,0.11,0.11,95,0,Coinless Systems Inc,0,0,0
20021113,33862,CLSY',OTC,0.12,0.12,220,0,Coinless Systems Inc,0,0,0
20021114,33862,CLSY',OTC,0.12,0.12,141,0,Coinless Systems Inc,0,0,0
20021115,33862,CLSY',OTC,0.12,0.12,0,0,Coinless Systems Inc,0,0,0
20021118,33862,CLSY',OTC,0.12,0.12,0,0,Coinless Systems Inc,0,0,0
20021119,33862,CLSY',OTC,0.09,0.09,175,0,Coinless Systems Inc,0,0,0
20021120,33862,CLSY',OTC,0.09,0.09,10,0,Coinless Systems Inc,0,0,0
20021121,33862,CLSY',OTC,0.11,0.11,50,0,Coinless Systems Inc,0,0,0
20021122,33862,CLSY',OTC,0.1,0.1,50,0,Coinless Systems Inc,0,0,0
20021125,33862,CLSY',OTC,0.1,0.1,0,0,Coinless Systems Inc,0,0,0
20021126,33862,CLSY',OTC,0.06,0.06,1582,0,Coinless Systems Inc,0,0,0
20021127,33862,CLSY',OTC,0.07,0.07,728,0,Coinless Systems Inc,0,0,0
20021129,33862,CLSY',OTC,0.05,0.05,869,0,Coinless Systems Inc,0,0,0
20021202,33862,CLSY',OTC,0.1,0.1,24,0,Coinless Systems Inc,0,0,0
20021203,33862,CLSY',OTC,0.07,0.07,380,0,Coinless Systems Inc,0,0,0
20021204,33862,CLSY',OTC,0.07,0.07,1800,0,Coinless Systems Inc,0,0,0
20021205,33862,CLSY',OTC,0.07,0.07,280,0,Coinless Systems Inc,0,0,0
20021206,33862,CLSY',OTC,0.11,0.11,165,0,Coinless Systems Inc,0,0,0
20021209,33862,CLSY',OTC,0.11,0.11,15,0,Coinless Systems Inc,0,0,0
20021210,33862,CLSY',OTC,0.08,0.08,93,0,Coinless Systems Inc,0,0,0
20021211,33862,CLSY',OTC,0.06,0.06,40,0,Coinless Systems Inc,0,0,0
20021212,33862,CLSY',OTC,0.06,0.06,3,0,Coinless Systems Inc,0,0,0
20021213,33862,CLSY',OTC,0.06,0.06,25,0,Coinless Systems Inc,0,0,0
20021216,33862,CLSY',OTC,0.13,0.13,46,0,Coinless Systems Inc,0,0,0
20021217,33862,CLSY',OTC,0.06,0.06,98,0,Coinless Systems Inc,0,0,0
20021218,33862,CLSY',OTC,0.12,0.12,25,0,Coinless Systems Inc,0,0,0
20021219,33862,CLSY',OTC,0.1,0.1,90,0,Coinless Systems Inc,0,0,0
20021220,33862,CLSY',OTC,0.1,0.1,0,0,Coinless Systems Inc,0,0,0
20021223,33862,CLSY',OTC,0.07,0.07,313,0,Coinless Systems Inc,0,0,0
20021224,33862,CLSY',OTC,0.07,0.07,37,0,Coinless Systems Inc,0,0,0
20021226,33862,CLSY',OTC,0.08,0.08,348,0,Coinless Systems Inc,0,0,0
20021227,33862,CLSY',OTC,0.05,0.05,564,0,Coinless Systems Inc,0,0,0
20021230,33862,CLSY',OTC,0.07,0.07,324,0,Coinless Systems Inc,0,0,0
20021231,33862,CLSY',OTC,0.06,0.06,42,0,Coinless Systems Inc,0,0,0
20030102,33862,CLSY',OTC,0.06,0.06,0,0,Coinless Systems Inc,0,0,0
20030103,33862,CLSY',OTC,0.06,0.06,0,0,Coinless Systems Inc,0,0,0
20030106,33862,CLSY',OTC,0.06,0.06,0,0,Coinless Systems Inc,0,0,0
20030107,33862,CLSY',OTC,0.08,0.08,126,0,Coinless Systems Inc,0,0,0
20030108,33862,CLSY',OTC,0.08,0.08,0,0,Coinless Systems Inc,0,0,0
20030109,33862,CLSY',OTC,0.06,0.06,592,0,Coinless Systems Inc,0,0,0
20030110,33862,CLSY',OTC,0.06,0.06,0,0,Coinless Systems Inc,0,0,0
20030113,33862,CLSY',OTC,0.06,0.06,0,0,Coinless Systems Inc,0,0,0
20030114,33862,CLSY',OTC,0.06,0.06,25,0,Coinless Systems Inc,0,0,0
20030115,33862,CLSY',OTC,0.06,0.06,8,0,Coinless Systems Inc,0,0,0
20030116,33862,CLSY',OTC,0.06,0.06,15,0,Coinless Systems Inc,0,0,0
20030117,33862,CLSY',OTC,0.06,0.06,0,0,Coinless Systems Inc,0,0,0
20030121,33862,CLSY',OTC,0.06,0.06,432,0,Coinless Systems Inc,0,0,0
20030122,33862,CLSY',OTC,0.08,0.08,295,0,Coinless Systems Inc,0,0,0
20030123,33862,CLSY',OTC,0.06,0.06,120,0,Coinless Systems Inc,0,0,0
20030124,33862,CLSY',OTC,0.06,0.06,260,0,Coinless Systems Inc,0,0,0
20030127,33862,CLSY',OTC,0.08,0.08,219,0,Coinless Systems Inc,0,0,0
20030128,33862,CLSY',OTC,0.06,0.06,751,0,Coinless Systems Inc,0,0,0
20030129,33862,CLSY',OTC,0.06,0.06,170,0,Coinless Systems Inc,0,0,0
20030130,33862,CLSY',OTC,0.05,0.05,129,0,Coinless Systems Inc,0,0,0
20030131,33862,CLSY',OTC,0.06,0.06,600,0,Coinless Systems Inc,0,0,0
20030203,33862,CLSY',OTC,0.05,0.05,45,0,Coinless Systems Inc,0,0,0
20030204,33862,CLSY',OTC,0.06,0.06,250,0,Coinless Systems Inc,0,0,0
20030205,33862,CLSY',OTC,0.05,0.05,400,0,Coinless Systems Inc,0,0,0
20030206,33862,CLSY',OTC,0.05,0.05,50,0,Coinless Systems Inc,0,0,0
20030207,33862,CLSY',OTC,0.06,0.06,412,0,Coinless Systems Inc,0,0,0
20030210,33862,CLSY',OTC,0.05,0.05,80,0,Coinless Systems Inc,0,0,0
20030211,33862,CLSY',OTC,0.05,0.05,0,0,Coinless Systems Inc,0,0,0
20030212,33862,CLSY',OTC,0.08,0.08,126,0,Coinless Systems Inc,0,0,0
20030213,33862,CLSY',OTC,0.08,0.08,12,0,Coinless Systems Inc,0,0,0
20030214,33862,CLSY',OTC,0.05,0.05,506,0,Coinless Systems Inc,0,0,0
20030218,33862,CLSY',OTC,0.04,0.04,1150,0,Coinless Systems Inc,0,0,0
20030219,33862,CLSY',OTC,0.04,0.04,1670,0,Coinless Systems Inc,0,0,0
20030220,33862,CLSY',OTC,0.03,0.03,3590,0,Coinless Systems Inc,0,0,0
20030221,33862,CLSY',OTC,0.03,0.03,3865,0,Coinless Systems Inc,0,0,0
20030224,33862,CLSY',OTC,0.03,0.03,1282,0,Coinless Systems Inc,0,0,0
20030225,33862,CLSY',OTC,0.03,0.03,0,0,Coinless Systems Inc,0,0,0
20030226,33862,CLSY',OTC,0.03,0.03,5800,0,Coinless Systems Inc,0,0,0
20030227,33862,CLSY',OTC,0.02,0.02,3754,0,Coinless Systems Inc,0,0,0
20030228,33862,CLSY',OTC,0.02,0.02,3000,0,Coinless Systems Inc,0,0,0
20030303,33862,CLSY',OTC,0.03,0.03,27,0,Coinless Systems Inc,0,0,0
20030304,33862,CLSY',OTC,0.02,0.02,4542,0,Coinless Systems Inc,0,0,0
20030305,33862,CLSY',OTC,0.02,0.02,120,0,Coinless Systems Inc,0,0,0
20030306,33862,CLSY',OTC,0.02,0.02,2007,0,Coinless Systems Inc,0,0,0
20030307,33862,CLSY',OTC,0.02,0.02,150,0,Coinless Systems Inc,0,0,0
20030310,33862,CLSY',OTC,0.01,0.01,565,0,Coinless Systems Inc,0,0,0
20030311,33862,CLSY',OTC,0.01,0.01,2435,0,Coinless Systems Inc,0,0,0
20030312,33862,CLSY',OTC,0.01,0.01,551,0,Coinless Systems Inc,0,0,0
20030313,33862,CLSY',OTC,0.01,0.01,1840,0,Coinless Systems Inc,0,0,0
20030314,33862,CLSY',OTC,0.01,0.01,6505,0,Coinless Systems Inc,0,0,0
20030317,33862,CLSY',OTC,0.01,0.01,5165,0,Coinless Systems Inc,0,0,0
20030318,33862,CLSY',OTC,0.01,0.01,1650,0,Coinless Systems Inc,0,0,0
20030319,33862,CLSY',OTC,0.01,0.01,2425,0,Coinless Systems Inc,0,0,0
20030320,33862,CLSY',OTC,0.02,0.02,1301,0,Coinless Systems Inc,0,0,0
20030321,33862,CLSY',OTC,0.01,0.01,1700,0,Coinless Systems Inc,0,0,0
20030324,33862,CLSY',OTC,0.02,0.02,1570,0,Coinless Systems Inc,0,0,0
20030325,33862,CLSY',OTC,0.02,0.02,525,0,Coinless Systems Inc,0,0,0
20030326,33862,CLSY',OTC,0.02,0.02,0,0,Coinless Systems Inc,0,0,0
20030327,33862,CLSY',OTC,0.02,0.02,1250,0,Coinless Systems Inc,0,0,0
20030328,33862,CLSY',OTC,0.02,0.02,20,0,Coinless Systems Inc,0,0,0
20030331,33862,CLSY',OTC,0.02,0.02,50,0,Coinless Systems Inc,0,0,0
20030401,33862,CLSY',OTC,0.02,0.02,2900,0,Coinless Systems Inc,0,0,0
20030402,33862,CLSY',OTC,0.01,0.01,925,0,Coinless Systems Inc,0,0,0
20030403,33862,CLSY',OTC,0.01,0.01,80,0,Coinless Systems Inc,0,0,0
20030404,33862,CLSY',OTC,0.01,0.01,2002,0,Coinless Systems Inc,0,0,0
20030407,33862,CLSY',OTC,0.01,0.01,525,0,Coinless Systems Inc,0,0,0
20030408,33862,CLSY',OTC,0.01,0.01,6552,0,Coinless Systems Inc,0,0,0
20030409,33862,CLSY',OTC,0.01,0.01,100,0,Coinless Systems Inc,0,0,0
20030410,33862,CLSY',OTC,0.01,0.01,100,0,Coinless Systems Inc,0,0,0
20030411,33862,CLSY',OTC,0.01,0.01,6977,0,Coinless Systems Inc,0,0,0
