DDate,CSINumber,Symbol,Exchange,DClose,UnAdjustedClose,TotalVolume,Cash,MarketName,PTB,PSR,DPS
19980908,33905,STAXE',OTC,0.40625,0.40625,1129,0,Stelax Industries,0,0,0
19980909,33905,STAXE',OTC,0.4375,0.4375,1760,0,Stelax Industries,0,0,0
19980910,33905,STAXE',OTC,0.4375,0.4375,230,0,Stelax Industries,0,0,0
19980911,33905,STAXE',OTC,0.453125,0.453125,304,0,Stelax Industries,0,0,0
19980914,33905,STAXE',OTC,0.453125,0.453125,1228,0,Stelax Industries,0,0,0
19980915,33905,STAXE',OTC,0.40625,0.40625,532,0,Stelax Industries,0,0,0
19980916,33905,STAXE',OTC,0.453125,0.453125,218,0,Stelax Industries,0,0,0
19980917,33905,STAXE',OTC,0.4375,0.4375,491,0,Stelax Industries,0,0,0
19980918,33905,STAXE',OTC,0.4375,0.4375,860,0,Stelax Industries,0,0,0
19980921,33905,STAXE',OTC,0.40625,0.40625,191,0,Stelax Industries,0,0,0
19980922,33905,STAXE',OTC,0.40625,0.40625,0,0,Stelax Industries,0,0,0
19980923,33905,STAXE',OTC,0.4375,0.4375,16,0,Stelax Industries,0,0,0
19980924,33905,STAXE',OTC,0.4375,0.4375,0,0,Stelax Industries,0,0,0
19980925,33905,STAXE',OTC,0.4375,0.4375,152,0,Stelax Industries,0,0,0
19980928,33905,STAXE',OTC,0.4375,0.4375,178,0,Stelax Industries,0,0,0
19980929,33905,STAXE',OTC,0.40625,0.40625,89,0,Stelax Industries,0,0,0
19980930,33905,STAXE',OTC,0.421875,0.421875,300,0,Stelax Industries,0,0,0
19981001,33905,STAXE',OTC,0.40625,0.40625,234,0,Stelax Industries,0,0,0
19981002,33905,STAXE',OTC,0.40625,0.40625,0,0,Stelax Industries,0,0,0
19981005,33905,STAXE',OTC,0.40625,0.40625,0,0,Stelax Industries,0,0,0
19981006,33905,STAXE',OTC,0.34375,0.34375,1352,0,Stelax Industries,0,0,0
19981007,33905,STAXE',OTC,0.3125,0.3125,322,0,Stelax Industries,0,0,0
19981008,33905,STAXE',OTC,0.34375,0.34375,114,0,Stelax Industries,0,0,0
19981009,33905,STAXE',OTC,0.296875,0.296875,44,0,Stelax Industries,0,0,0
19981012,33905,STAXE',OTC,0.359375,0.359375,210,0,Stelax Industries,0,0,0
19981013,33905,STAXE',OTC,0.34375,0.34375,190,0,Stelax Industries,0,0,0
19981014,33905,STAXE',OTC,0.328125,0.328125,10,0,Stelax Industries,0,0,0
19981015,33905,STAXE',OTC,0.328125,0.328125,250,0,Stelax Industries,0,0,0
19981016,33905,STAXE',OTC,0.375,0.375,60,0,Stelax Industries,0,0,0
19981019,33905,STAXE',OTC,0.375,0.375,20,0,Stelax Industries,0,0,0
19981020,33905,STAXE',OTC,0.328125,0.328125,100,0,Stelax Industries,0,0,0
19981021,33905,STAXE',OTC,0.328125,0.328125,0,0,Stelax Industries,0,0,0
19981022,33905,STAXE',OTC,0.359375,0.359375,160,0,Stelax Industries,0,0,0
19981023,33905,STAXE',OTC,0.375,0.375,1095,0,Stelax Industries,0,0,0
19981026,33905,STAXE',OTC,0.375,0.375,240,0,Stelax Industries,0,0,0
19981027,33905,STAXE',OTC,0.40625,0.40625,550,0,Stelax Industries,0,0,0
19981028,33905,STAXE',OTC,0.4375,0.4375,307,0,Stelax Industries,0,0,0
19981029,33905,STAXE',OTC,0.375,0.375,414,0,Stelax Industries,0,0,0
19981030,33905,STAXE',OTC,0.421875,0.421875,102,0,Stelax Industries,0,0,0
19981102,33905,STAXE',OTC,0.375,0.375,150,0,Stelax Industries,0,0,0
19981103,33905,STAXE',OTC,0.375,0.375,226,0,Stelax Industries,0,0,0
19981104,33905,STAXE',OTC,0.375,0.375,370,0,Stelax Industries,0,0,0
19981105,33905,STAXE',OTC,0.421875,0.421875,621,0,Stelax Industries,0,0,0
19981106,33905,STAXE',OTC,0.453125,0.453125,935,0,Stelax Industries,0,0,0
19981109,33905,STAXE',OTC,0.453125,0.453125,50,0,Stelax Industries,0,0,0
19981110,33905,STAXE',OTC,0.40625,0.40625,184,0,Stelax Industries,0,0,0
19981111,33905,STAXE',OTC,0.390625,0.390625,120,0,Stelax Industries,0,0,0
19981112,33905,STAXE',OTC,0.375,0.375,220,0,Stelax Industries,0,0,0
19981113,33905,STAXE',OTC,0.375,0.375,279,0,Stelax Industries,0,0,0
19981116,33905,STAXE',OTC,0.359375,0.359375,185,0,Stelax Industries,0,0,0
19981117,33905,STAXE',OTC,0.359375,0.359375,120,0,Stelax Industries,0,0,0
19981118,33905,STAXE',OTC,0.34375,0.34375,424,0,Stelax Industries,0,0,0
19981119,33905,STAXE',OTC,0.34375,0.34375,297,0,Stelax Industries,0,0,0
19981120,33905,STAXE',OTC,0.359375,0.359375,870,0,Stelax Industries,0,0,0
19981123,33905,STAXE',OTC,0.34375,0.34375,515,0,Stelax Industries,0,0,0
19981124,33905,STAXE',OTC,0.34375,0.34375,100,0,Stelax Industries,0,0,0
19981125,33905,STAXE',OTC,0.34375,0.34375,300,0,Stelax Industries,0,0,0
19981127,33905,STAXE',OTC,0.34375,0.34375,320,0,Stelax Industries,0,0,0
19981130,33905,STAXE',OTC,0.34375,0.34375,657,0,Stelax Industries,0,0,0
19981201,33905,STAXE',OTC,0.34375,0.34375,153,0,Stelax Industries,0,0,0
19981202,33905,STAXE',OTC,0.3125,0.3125,264,0,Stelax Industries,0,0,0
19981203,33905,STAXE',OTC,0.3125,0.3125,285,0,Stelax Industries,0,0,0
19981204,33905,STAXE',OTC,0.28125,0.28125,567,0,Stelax Industries,0,0,0
19981207,33905,STAXE',OTC,0.25,0.25,591,0,Stelax Industries,0,0,0
19981208,33905,STAXE',OTC,0.25,0.25,250,0,Stelax Industries,0,0,0
19981209,33905,STAXE',OTC,0.234375,0.234375,1372,0,Stelax Industries,0,0,0
19981210,33905,STAXE',OTC,0.203125,0.203125,778,0,Stelax Industries,0,0,0
19981211,33905,STAXE',OTC,0.265625,0.265625,3821,0,Stelax Industries,0,0,0
19981214,33905,STAXE',OTC,0.25,0.25,974,0,Stelax Industries,0,0,0
19981215,33905,STAXE',OTC,0.25,0.25,972,0,Stelax Industries,0,0,0
19981216,33905,STAXE',OTC,0.265625,0.265625,100,0,Stelax Industries,0,0,0
19981217,33905,STAXE',OTC,0.265625,0.265625,125,0,Stelax Industries,0,0,0
19981218,33905,STAXE',OTC,0.265625,0.265625,2020,0,Stelax Industries,0,0,0
19981221,33905,STAXE',OTC,0.265625,0.265625,254,0,Stelax Industries,0,0,0
19981222,33905,STAXE',OTC,0.203125,0.203125,772,0,Stelax Industries,0,0,0
19981223,33905,STAXE',OTC,0.21875,0.21875,1586,0,Stelax Industries,0,0,0
19981224,33905,STAXE',OTC,0.21875,0.21875,97,0,Stelax Industries,0,0,0
19981228,33905,STAXE',OTC,0.265625,0.265625,3919,0,Stelax Industries,0,0,0
19981229,33905,STAXE',OTC,0.25,0.25,2162,0,Stelax Industries,0,0,0
19981230,33905,STAXE',OTC,0.28125,0.28125,13656,0,Stelax Industries,0,0,0
19981231,33905,STAXE',OTC,0.25,0.25,7418,0,Stelax Industries,0,0,0
19990104,33905,STAXE',OTC,0.3125,0.3125,620,0,Stelax Industries,0,0,0
19990105,33905,STAXE',OTC,0.28125,0.28125,205,0,Stelax Industries,0,0,0
19990106,33905,STAXE',OTC,0.3125,0.3125,335,0,Stelax Industries,0,0,0
19990107,33905,STAXE',OTC,0.359375,0.359375,1025,0,Stelax Industries,0,0,0
19990108,33905,STAXE',OTC,0.453125,0.453125,2222,0,Stelax Industries,0,0,0
19990111,33905,STAXE',OTC,0.453125,0.453125,1459,0,Stelax Industries,0,0,0
19990112,33905,STAXE',OTC,0.484375,0.484375,1015,0,Stelax Industries,0,0,0
19990113,33905,STAXE',OTC,0.46875,0.46875,100,0,Stelax Industries,0,0,0
19990114,33905,STAXE',OTC,0.453125,0.453125,216,0,Stelax Industries,0,0,0
19990115,33905,STAXE',OTC,0.46875,0.46875,743,0,Stelax Industries,0,0,0
19990119,33905,STAXE',OTC,0.4375,0.4375,690,0,Stelax Industries,0,0,0
19990120,33905,STAXE',OTC,0.421875,0.421875,35,0,Stelax Industries,0,0,0
19990121,33905,STAXE',OTC,0.46875,0.46875,20,0,Stelax Industries,0,0,0
19990122,33905,STAXE',OTC,0.4375,0.4375,45,0,Stelax Industries,0,0,0
19990125,33905,STAXE',OTC,0.46875,0.46875,571,0,Stelax Industries,0,0,0
19990126,33905,STAXE',OTC,0.453125,0.453125,1699,0,Stelax Industries,0,0,0
19990127,33905,STAXE',OTC,0.4375,0.4375,383,0,Stelax Industries,0,0,0
19990128,33905,STAXE',OTC,0.453125,0.453125,239,0,Stelax Industries,0,0,0
19990129,33905,STAXE',OTC,0.453125,0.453125,81,0,Stelax Industries,0,0,0
19990201,33905,STAXE',OTC,0.453125,0.453125,156,0,Stelax Industries,0,0,0
19990202,33905,STAXE',OTC,0.46875,0.46875,169,0,Stelax Industries,0,0,0
19990203,33905,STAXE',OTC,0.453125,0.453125,366,0,Stelax Industries,0,0,0
19990204,33905,STAXE',OTC,0.453125,0.453125,1935,0,Stelax Industries,0,0,0
19990205,33905,STAXE',OTC,0.46875,0.46875,1136,0,Stelax Industries,0,0,0
19990208,33905,STAXE',OTC,0.46875,0.46875,978,0,Stelax Industries,0,0,0
19990209,33905,STAXE',OTC,0.453125,0.453125,335,0,Stelax Industries,0,0,0
19990210,33905,STAXE',OTC,0.4375,0.4375,3780,0,Stelax Industries,0,0,0
19990211,33905,STAXE',OTC,0.453125,0.453125,2526,0,Stelax Industries,0,0,0
19990212,33905,STAXE',OTC,0.453125,0.453125,910,0,Stelax Industries,0,0,0
19990216,33905,STAXE',OTC,0.4375,0.4375,339,0,Stelax Industries,0,0,0
19990217,33905,STAXE',OTC,0.453125,0.453125,2080,0,Stelax Industries,0,0,0
19990218,33905,STAXE',OTC,0.453125,0.453125,2245,0,Stelax Industries,0,0,0
19990219,33905,STAXE',OTC,0.46875,0.46875,30,0,Stelax Industries,0,0,0
19990222,33905,STAXE',OTC,0.453125,0.453125,952,0,Stelax Industries,0,0,0
19990223,33905,STAXE',OTC,0.46875,0.46875,545,0,Stelax Industries,0,0,0
19990224,33905,STAXE',OTC,0.453125,0.453125,570,0,Stelax Industries,0,0,0
19990225,33905,STAXE',OTC,0.453125,0.453125,40,0,Stelax Industries,0,0,0
19990226,33905,STAXE',OTC,0.453125,0.453125,338,0,Stelax Industries,0,0,0
19990301,33905,STAXE',OTC,0.453125,0.453125,343,0,Stelax Industries,0,0,0
19990302,33905,STAXE',OTC,0.453125,0.453125,1077,0,Stelax Industries,0,0,0
19990303,33905,STAXE',OTC,0.453125,0.453125,476,0,Stelax Industries,0,0,0
19990304,33905,STAXE',OTC,0.46875,0.46875,142,0,Stelax Industries,0,0,0
19990305,33905,STAXE',OTC,0.453125,0.453125,160,0,Stelax Industries,0,0,0
19990308,33905,STAXE',OTC,0.453125,0.453125,687,0,Stelax Industries,0,0,0
19990309,33905,STAXE',OTC,0.453125,0.453125,2740,0,Stelax Industries,0,0,0
19990310,33905,STAXE',OTC,0.453125,0.453125,902,0,Stelax Industries,0,0,0
19990311,33905,STAXE',OTC,0.453125,0.453125,700,0,Stelax Industries,0,0,0
19990312,33905,STAXE',OTC,0.453125,0.453125,337,0,Stelax Industries,0,0,0
19990315,33905,STAXE',OTC,0.453125,0.453125,341,0,Stelax Industries,0,0,0
19990316,33905,STAXE',OTC,0.453125,0.453125,650,0,Stelax Industries,0,0,0
19990317,33905,STAXE',OTC,0.4375,0.4375,678,0,Stelax Industries,0,0,0
19990318,33905,STAXE',OTC,0.4375,0.4375,0,0,Stelax Industries,0,0,0
19990319,33905,STAXE',OTC,0.4375,0.4375,807,0,Stelax Industries,0,0,0
19990322,33905,STAXE',OTC,0.453125,0.453125,4860,0,Stelax Industries,0,0,0
19990323,33905,STAXE',OTC,0.4375,0.4375,6902,0,Stelax Industries,0,0,0
19990324,33905,STAXE',OTC,0.4375,0.4375,580,0,Stelax Industries,0,0,0
19990325,33905,STAXE',OTC,0.8125,0.8125,5226,0,Stelax Industries,0,0,0
19990326,33905,STAXE',OTC,0.859375,0.859375,2264,0,Stelax Industries,0,0,0
19990329,33905,STAXE',OTC,0.703125,0.703125,4453,0,Stelax Industries,0,0,0
19990330,33905,STAXE',OTC,0.703125,0.703125,391,0,Stelax Industries,0,0,0
19990331,33905,STAXE',OTC,0.75,0.75,455,0,Stelax Industries,0,0,0
19990401,33905,STAXE',OTC,0.90625,0.90625,938,0,Stelax Industries,0,0,0
19990405,33905,STAXE',OTC,0.8125,0.8125,824,0,Stelax Industries,0,0,0
19990406,33905,STAXE',OTC,0.78125,0.78125,601,0,Stelax Industries,0,0,0
19990407,33905,STAXE',OTC,0.8125,0.8125,1286,0,Stelax Industries,0,0,0
19990408,33905,STAXE',OTC,0.8125,0.8125,103,0,Stelax Industries,0,0,0
19990409,33905,STAXE',OTC,0.8125,0.8125,827,0,Stelax Industries,0,0,0
19990412,33905,STAXE',OTC,0.796875,0.796875,591,0,Stelax Industries,0,0,0
19990413,33905,STAXE',OTC,0.921875,0.921875,1376,0,Stelax Industries,0,0,0
19990414,33905,STAXE',OTC,0.90625,0.90625,1962,0,Stelax Industries,0,0,0
19990415,33905,STAXE',OTC,0.8125,0.8125,1867,0,Stelax Industries,0,0,0
19990416,33905,STAXE',OTC,0.875,0.875,1282,0,Stelax Industries,0,0,0
19990419,33905,STAXE',OTC,0.90625,0.90625,3882,0,Stelax Industries,0,0,0
19990420,33905,STAXE',OTC,0.84375,0.84375,105,0,Stelax Industries,0,0,0
19990421,33905,STAXE',OTC,0.90625,0.90625,220,0,Stelax Industries,0,0,0
19990422,33905,STAXE',OTC,0.875,0.875,163,0,Stelax Industries,0,0,0
19990423,33905,STAXE',OTC,0.875,0.875,55,0,Stelax Industries,0,0,0
19990426,33905,STAXE',OTC,0.9375,0.9375,580,0,Stelax Industries,0,0,0
19990427,33905,STAXE',OTC,0.953125,0.953125,1292,0,Stelax Industries,0,0,0
19990428,33905,STAXE',OTC,0.90625,0.90625,1479,0,Stelax Industries,0,0,0
19990429,33905,STAXE',OTC,0.90625,0.90625,1693,0,Stelax Industries,0,0,0
19990430,33905,STAXE',OTC,1.078125,1.078125,3782,0,Stelax Industries,0,0,0
19990503,33905,STAXE',OTC,1.09375,1.09375,1396,0,Stelax Industries,0,0,0
19990504,33905,STAXE',OTC,1.140625,1.140625,1563,0,Stelax Industries,0,0,0
19990505,33905,STAXE',OTC,1.140625,1.140625,997,0,Stelax Industries,0,0,0
19990506,33905,STAXE',OTC,1.125,1.125,617,0,Stelax Industries,0,0,0
19990507,33905,STAXE',OTC,1.09375,1.09375,598,0,Stelax Industries,0,0,0
19990510,33905,STAXE',OTC,1.046875,1.046875,646,0,Stelax Industries,0,0,0
19990511,33905,STAXE',OTC,1.0625,1.0625,235,0,Stelax Industries,0,0,0
19990512,33905,STAXE',OTC,1,1,891,0,Stelax Industries,0,0,0
19990513,33905,STAXE',OTC,1.046875,1.046875,1836,0,Stelax Industries,0,0,0
19990514,33905,STAXE',OTC,0.953125,0.953125,1110,0,Stelax Industries,0,0,0
19990517,33905,STAXE',OTC,0.984375,0.984375,193,0,Stelax Industries,0,0,0
19990518,33905,STAXE',OTC,1,1,494,0,Stelax Industries,0,0,0
19990519,33905,STAXE',OTC,1.1875,1.1875,1658,0,Stelax Industries,0,0,0
19990520,33905,STAXE',OTC,1.078125,1.078125,1575,0,Stelax Industries,0,0,0
19990521,33905,STAXE',OTC,1.09375,1.09375,687,0,Stelax Industries,0,0,0
19990524,33905,STAXE',OTC,1.046875,1.046875,887,0,Stelax Industries,0,0,0
19990525,33905,STAXE',OTC,1.015625,1.015625,1709,0,Stelax Industries,0,0,0
19990526,33905,STAXE',OTC,1.0625,1.0625,1201,0,Stelax Industries,0,0,0
19990527,33905,STAXE',OTC,1.046875,1.046875,424,0,Stelax Industries,0,0,0
19990528,33905,STAXE',OTC,1.0625,1.0625,925,0,Stelax Industries,0,0,0
19990601,33905,STAXE',OTC,1,1,244,0,Stelax Industries,0,0,0
19990602,33905,STAXE',OTC,1.03125,1.03125,772,0,Stelax Industries,0,0,0
19990603,33905,STAXE',OTC,0.953125,0.953125,686,0,Stelax Industries,0,0,0
19990604,33905,STAXE',OTC,1.03125,1.03125,733,0,Stelax Industries,0,0,0
19990607,33905,STAXE',OTC,1.03125,1.03125,89,0,Stelax Industries,0,0,0
19990608,33905,STAXE',OTC,1.015625,1.015625,105,0,Stelax Industries,0,0,0
19990609,33905,STAXE',OTC,0.90625,0.90625,972,0,Stelax Industries,0,0,0
19990610,33905,STAXE',OTC,0.890625,0.890625,853,0,Stelax Industries,0,0,0
19990611,33905,STAXE',OTC,0.9375,0.9375,340,0,Stelax Industries,0,0,0
19990614,33905,STAXE',OTC,0.9375,0.9375,45,0,Stelax Industries,0,0,0
19990615,33905,STAXE',OTC,0.96875,0.96875,843,0,Stelax Industries,0,0,0
19990616,33905,STAXE',OTC,0.875,0.875,677,0,Stelax Industries,0,0,0
19990617,33905,STAXE',OTC,0.890625,0.890625,143,0,Stelax Industries,0,0,0
19990618,33905,STAXE',OTC,0.96875,0.96875,865,0,Stelax Industries,0,0,0
19990621,33905,STAXE',OTC,0.90625,0.90625,242,0,Stelax Industries,0,0,0
19990622,33905,STAXE',OTC,0.875,0.875,182,0,Stelax Industries,0,0,0
19990623,33905,STAXE',OTC,0.8125,0.8125,289,0,Stelax Industries,0,0,0
19990624,33905,STAXE',OTC,0.796875,0.796875,147,0,Stelax Industries,0,0,0
19990625,33905,STAXE',OTC,0.765625,0.765625,39,0,Stelax Industries,0,0,0
19990628,33905,STAXE',OTC,0.796875,0.796875,200,0,Stelax Industries,0,0,0
19990629,33905,STAXE',OTC,0.703125,0.703125,1339,0,Stelax Industries,0,0,0
19990630,33905,STAXE',OTC,0.75,0.75,565,0,Stelax Industries,0,0,0
19990701,33905,STAXE',OTC,0.6875,0.6875,114,0,Stelax Industries,0,0,0
19990702,33905,STAXE',OTC,0.65625,0.65625,279,0,Stelax Industries,0,0,0
19990706,33905,STAXE',OTC,0.59375,0.59375,571,0,Stelax Industries,0,0,0
19990707,33905,STAXE',OTC,0.59375,0.59375,140,0,Stelax Industries,0,0,0
19990708,33905,STAXE',OTC,0.703125,0.703125,113,0,Stelax Industries,0,0,0
19990709,33905,STAXE',OTC,0.703125,0.703125,90,0,Stelax Industries,0,0,0
19990712,33905,STAXE',OTC,0.6875,0.6875,246,0,Stelax Industries,0,0,0
19990713,33905,STAXE',OTC,0.671875,0.671875,591,0,Stelax Industries,0,0,0
19990714,33905,STAXE',OTC,0.703125,0.703125,267,0,Stelax Industries,0,0,0
19990715,33905,STAXE',OTC,0.703125,0.703125,550,0,Stelax Industries,0,0,0
19990716,33905,STAXE',OTC,0.6875,0.6875,695,0,Stelax Industries,0,0,0
19990719,33905,STAXE',OTC,0.71875,0.71875,373,0,Stelax Industries,0,0,0
19990720,33905,STAXE',OTC,0.71875,0.71875,330,0,Stelax Industries,0,0,0
19990721,33905,STAXE',OTC,0.71875,0.71875,483,0,Stelax Industries,0,0,0
19990722,33905,STAXE',OTC,0.703125,0.703125,295,0,Stelax Industries,0,0,0
19990723,33905,STAXE',OTC,0.703125,0.703125,154,0,Stelax Industries,0,0,0
19990726,33905,STAXE',OTC,0.65625,0.65625,1196,0,Stelax Industries,0,0,0
19990727,33905,STAXE',OTC,0.65625,0.65625,346,0,Stelax Industries,0,0,0
19990728,33905,STAXE',OTC,0.703125,0.703125,549,0,Stelax Industries,0,0,0
19990729,33905,STAXE',OTC,0.65625,0.65625,1268,0,Stelax Industries,0,0,0
19990730,33905,STAXE',OTC,0.640625,0.640625,350,0,Stelax Industries,0,0,0
19990802,33905,STAXE',OTC,0.625,0.625,120,0,Stelax Industries,0,0,0
19990803,33905,STAXE',OTC,0.625,0.625,45,0,Stelax Industries,0,0,0
19990804,33905,STAXE',OTC,0.609375,0.609375,1053,0,Stelax Industries,0,0,0
19990805,33905,STAXE',OTC,0.578125,0.578125,980,0,Stelax Industries,0,0,0
19990806,33905,STAXE',OTC,0.59375,0.59375,1538,0,Stelax Industries,0,0,0
19990809,33905,STAXE',OTC,0.578125,0.578125,609,0,Stelax Industries,0,0,0
19990810,33905,STAXE',OTC,0.59375,0.59375,954,0,Stelax Industries,0,0,0
19990811,33905,STAXE',OTC,0.65625,0.65625,1965,0,Stelax Industries,0,0,0
19990812,33905,STAXE',OTC,0.59375,0.59375,191,0,Stelax Industries,0,0,0
19990813,33905,STAXE',OTC,0.625,0.625,78,0,Stelax Industries,0,0,0
19990816,33905,STAXE',OTC,0.625,0.625,223,0,Stelax Industries,0,0,0
19990817,33905,STAXE',OTC,0.59375,0.59375,381,0,Stelax Industries,0,0,0
19990818,33905,STAXE',OTC,0.640625,0.640625,323,0,Stelax Industries,0,0,0
19990819,33905,STAXE',OTC,0.65625,0.65625,978,0,Stelax Industries,0,0,0
19990820,33905,STAXE',OTC,0.703125,0.703125,660,0,Stelax Industries,0,0,0
19990823,33905,STAXE',OTC,0.734375,0.734375,365,0,Stelax Industries,0,0,0
19990824,33905,STAXE',OTC,0.578125,0.578125,1736,0,Stelax Industries,0,0,0
19990825,33905,STAXE',OTC,0.6875,0.6875,1018,0,Stelax Industries,0,0,0
19990826,33905,STAXE',OTC,0.703125,0.703125,537,0,Stelax Industries,0,0,0
19990827,33905,STAXE',OTC,0.734375,0.734375,38,0,Stelax Industries,0,0,0
19990830,33905,STAXE',OTC,0.6875,0.6875,540,0,Stelax Industries,0,0,0
19990831,33905,STAXE',OTC,0.671875,0.671875,105,0,Stelax Industries,0,0,0
19990901,33905,STAXE',OTC,0.6875,0.6875,284,0,Stelax Industries,0,0,0
19990902,33905,STAXE',OTC,0.6875,0.6875,24,0,Stelax Industries,0,0,0
19990903,33905,STAXE',OTC,0.65625,0.65625,234,0,Stelax Industries,0,0,0
19990907,33905,STAXE',OTC,0.65625,0.65625,222,0,Stelax Industries,0,0,0
19990908,33905,STAXE',OTC,0.6875,0.6875,510,0,Stelax Industries,0,0,0
19990909,33905,STAXE',OTC,0.703125,0.703125,582,0,Stelax Industries,0,0,0
19990910,33905,STAXE',OTC,0.71875,0.71875,219,0,Stelax Industries,0,0,0
19990913,33905,STAXE',OTC,0.71875,0.71875,187,0,Stelax Industries,0,0,0
19990914,33905,STAXE',OTC,0.71875,0.71875,60,0,Stelax Industries,0,0,0
19990915,33905,STAXE',OTC,0.65625,0.65625,20,0,Stelax Industries,0,0,0
19990916,33905,STAXE',OTC,0.703125,0.703125,123,0,Stelax Industries,0,0,0
19990917,33905,STAXE',OTC,0.703125,0.703125,153,0,Stelax Industries,0,0,0
19990920,33905,STAXE',OTC,0.828125,0.828125,2676,0,Stelax Industries,0,0,0
19990921,33905,STAXE',OTC,0.8125,0.8125,452,0,Stelax Industries,0,0,0
19990922,33905,STAXE',OTC,0.765625,0.765625,230,0,Stelax Industries,0,0,0
19990923,33905,STAXE',OTC,0.734375,0.734375,482,0,Stelax Industries,0,0,0
19990924,33905,STAXE',OTC,0.734375,0.734375,40,0,Stelax Industries,0,0,0
19990927,33905,STAXE',OTC,0.703125,0.703125,55,0,Stelax Industries,0,0,0
19990928,33905,STAXE',OTC,0.703125,0.703125,77,0,Stelax Industries,0,0,0
19990929,33905,STAXE',OTC,0.6875,0.6875,388,0,Stelax Industries,0,0,0
19990930,33905,STAXE',OTC,0.65625,0.65625,64,0,Stelax Industries,0,0,0
19991001,33905,STAXE',OTC,0.65625,0.65625,165,0,Stelax Industries,0,0,0
19991004,33905,STAXE',OTC,0.703125,0.703125,239,0,Stelax Industries,0,0,0
19991005,33905,STAXE',OTC,0.65625,0.65625,260,0,Stelax Industries,0,0,0
19991006,33905,STAXE',OTC,0.65625,0.65625,546,0,Stelax Industries,0,0,0
19991007,33905,STAXE',OTC,0.703125,0.703125,377,0,Stelax Industries,0,0,0
19991008,33905,STAXE',OTC,0.796875,0.796875,1310,0,Stelax Industries,0,0,0
19991011,33905,STAXE',OTC,0.765625,0.765625,896,0,Stelax Industries,0,0,0
19991012,33905,STAXE',OTC,0.78125,0.78125,1100,0,Stelax Industries,0,0,0
19991013,33905,STAXE',OTC,0.71875,0.71875,561,0,Stelax Industries,0,0,0
19991014,33905,STAXE',OTC,0.703125,0.703125,42,0,Stelax Industries,0,0,0
19991015,33905,STAXE',OTC,0.703125,0.703125,168,0,Stelax Industries,0,0,0
19991018,33905,STAXE',OTC,0.734375,0.734375,380,0,Stelax Industries,0,0,0
19991019,33905,STAXE',OTC,0.75,0.75,220,0,Stelax Industries,0,0,0
19991020,33905,STAXE',OTC,0.8125,0.8125,521,0,Stelax Industries,0,0,0
19991021,33905,STAXE',OTC,0.84375,0.84375,509,0,Stelax Industries,0,0,0
19991022,33905,STAXE',OTC,0.875,0.875,1013,0,Stelax Industries,0,0,0
19991025,33905,STAXE',OTC,0.859375,0.859375,765,0,Stelax Industries,0,0,0
19991026,33905,STAXE',OTC,0.84375,0.84375,611,0,Stelax Industries,0,0,0
19991027,33905,STAXE',OTC,0.75,0.75,403,0,Stelax Industries,0,0,0
19991028,33905,STAXE',OTC,0.75,0.75,110,0,Stelax Industries,0,0,0
19991029,33905,STAXE',OTC,0.734375,0.734375,229,0,Stelax Industries,0,0,0
19991101,33905,STAXE',OTC,0.75,0.75,78,0,Stelax Industries,0,0,0
19991102,33905,STAXE',OTC,0.703125,0.703125,731,0,Stelax Industries,0,0,0
19991103,33905,STAXE',OTC,0.703125,0.703125,457,0,Stelax Industries,0,0,0
19991104,33905,STAXE',OTC,0.6875,0.6875,1045,0,Stelax Industries,0,0,0
19991105,33905,STAXE',OTC,0.703125,0.703125,682,0,Stelax Industries,0,0,0
19991108,33905,STAXE',OTC,0.6875,0.6875,198,0,Stelax Industries,0,0,0
19991109,33905,STAXE',OTC,0.6875,0.6875,382,0,Stelax Industries,0,0,0
19991110,33905,STAXE',OTC,0.6875,0.6875,215,0,Stelax Industries,0,0,0
19991111,33905,STAXE',OTC,0.65625,0.65625,46,0,Stelax Industries,0,0,0
19991112,33905,STAXE',OTC,0.65625,0.65625,45,0,Stelax Industries,0,0,0
19991115,33905,STAXE',OTC,0.671875,0.671875,443,0,Stelax Industries,0,0,0
19991116,33905,STAXE',OTC,0.703125,0.703125,263,0,Stelax Industries,0,0,0
19991117,33905,STAXE',OTC,0.6875,0.6875,37,0,Stelax Industries,0,0,0
19991118,33905,STAXE',OTC,0.71875,0.71875,706,0,Stelax Industries,0,0,0
19991119,33905,STAXE',OTC,0.71875,0.71875,1870,0,Stelax Industries,0,0,0
19991122,33905,STAXE',OTC,0.6875,0.6875,330,0,Stelax Industries,0,0,0
19991123,33905,STAXE',OTC,0.6875,0.6875,558,0,Stelax Industries,0,0,0
19991124,33905,STAXE',OTC,0.671875,0.671875,900,0,Stelax Industries,0,0,0
19991126,33905,STAXE',OTC,0.671875,0.671875,324,0,Stelax Industries,0,0,0
19991129,33905,STAXE',OTC,0.6875,0.6875,883,0,Stelax Industries,0,0,0
19991130,33905,STAXE',OTC,0.703125,0.703125,342,0,Stelax Industries,0,0,0
19991201,33905,STAXE',OTC,0.625,0.625,788,0,Stelax Industries,0,0,0
19991202,33905,STAXE',OTC,0.625,0.625,529,0,Stelax Industries,0,0,0
19991203,33905,STAXE',OTC,0.703125,0.703125,1968,0,Stelax Industries,0,0,0
19991206,33905,STAXE',OTC,0.6875,0.6875,590,0,Stelax Industries,0,0,0
19991207,33905,STAXE',OTC,0.65625,0.65625,100,0,Stelax Industries,0,0,0
19991208,33905,STAXE',OTC,0.65625,0.65625,1247,0,Stelax Industries,0,0,0
19991209,33905,STAXE',OTC,0.65625,0.65625,442,0,Stelax Industries,0,0,0
19991210,33905,STAXE',OTC,0.625,0.625,190,0,Stelax Industries,0,0,0
19991213,33905,STAXE',OTC,0.65625,0.65625,634,0,Stelax Industries,0,0,0
19991214,33905,STAXE',OTC,0.625,0.625,327,0,Stelax Industries,0,0,0
19991215,33905,STAXE',OTC,0.65625,0.65625,217,0,Stelax Industries,0,0,0
19991216,33905,STAXE',OTC,0.625,0.625,946,0,Stelax Industries,0,0,0
19991217,33905,STAXE',OTC,0.625,0.625,146,0,Stelax Industries,0,0,0
19991220,33905,STAXE',OTC,0.703125,0.703125,858,0,Stelax Industries,0,0,0
19991221,33905,STAXE',OTC,0.703125,0.703125,476,0,Stelax Industries,0,0,0
19991222,33905,STAXE',OTC,0.625,0.625,333,0,Stelax Industries,0,0,0
19991223,33905,STAXE',OTC,0.65625,0.65625,177,0,Stelax Industries,0,0,0
19991227,33905,STAXE',OTC,0.703125,0.703125,1170,0,Stelax Industries,0,0,0
19991228,33905,STAXE',OTC,0.65625,0.65625,549,0,Stelax Industries,0,0,0
19991229,33905,STAXE',OTC,0.65625,0.65625,375,0,Stelax Industries,0,0,0
19991230,33905,STAXE',OTC,0.625,0.625,678,0,Stelax Industries,0,0,0
19991231,33905,STAXE',OTC,0.625,0.625,658,0,Stelax Industries,0,0,0
20000103,33905,STAXE',OTC,0.625,0.625,1346,0,Stelax Industries,0,0,0
20000104,33905,STAXE',OTC,0.625,0.625,1085,0,Stelax Industries,0,0,0
20000105,33905,STAXE',OTC,0.65625,0.65625,78,0,Stelax Industries,0,0,0
20000106,33905,STAXE',OTC,0.65625,0.65625,724,0,Stelax Industries,0,0,0
20000107,33905,STAXE',OTC,0.75,0.75,1161,0,Stelax Industries,0,0,0
20000110,33905,STAXE',OTC,0.796875,0.796875,4237,0,Stelax Industries,0,0,0
20000111,33905,STAXE',OTC,0.90625,0.90625,4207,0,Stelax Industries,0,0,0
20000112,33905,STAXE',OTC,0.8125,0.8125,2095,0,Stelax Industries,0,0,0
20000113,33905,STAXE',OTC,0.8125,0.8125,772,0,Stelax Industries,0,0,0
20000114,33905,STAXE',OTC,0.8125,0.8125,377,0,Stelax Industries,0,0,0
20000118,33905,STAXE',OTC,0.828125,0.828125,2966,0,Stelax Industries,0,0,0
20000119,33905,STAXE',OTC,0.875,0.875,878,0,Stelax Industries,0,0,0
20000120,33905,STAXE',OTC,0.875,0.875,1343,0,Stelax Industries,0,0,0
20000121,33905,STAXE',OTC,0.984375,0.984375,2456,0,Stelax Industries,0,0,0
20000124,33905,STAXE',OTC,1.125,1.125,3654,0,Stelax Industries,0,0,0
20000125,33905,STAXE',OTC,1.09375,1.09375,3387,0,Stelax Industries,0,0,0
20000126,33905,STAXE',OTC,1.15625,1.15625,3618,0,Stelax Industries,0,0,0
20000127,33905,STAXE',OTC,1.125,1.125,881,0,Stelax Industries,0,0,0
20000128,33905,STAXE',OTC,1.0625,1.0625,879,0,Stelax Industries,0,0,0
20000131,33905,STAXE',OTC,0.9375,0.9375,498,0,Stelax Industries,0,0,0
20000201,33905,STAXE',OTC,1.09375,1.09375,1903,0,Stelax Industries,0,0,0
20000202,33905,STAXE',OTC,1,1,314,0,Stelax Industries,0,0,0
20000203,33905,STAXE',OTC,1.09375,1.09375,1667,0,Stelax Industries,0,0,0
20000204,33905,STAXE',OTC,1.09375,1.09375,709,0,Stelax Industries,0,0,0
20000207,33905,STAXE',OTC,1.125,1.125,362,0,Stelax Industries,0,0,0
20000208,33905,STAXE',OTC,1.125,1.125,1707,0,Stelax Industries,0,0,0
20000209,33905,STAXE',OTC,1.0625,1.0625,790,0,Stelax Industries,0,0,0
20000210,33905,STAXE',OTC,1.1875,1.1875,1563,0,Stelax Industries,0,0,0
20000211,33905,STAXE',OTC,1.203125,1.203125,1914,0,Stelax Industries,0,0,0
20000214,33905,STAXE',OTC,1.234375,1.234375,2708,0,Stelax Industries,0,0,0
20000215,33905,STAXE',OTC,1.265625,1.265625,1527,0,Stelax Industries,0,0,0
20000216,33905,STAXE',OTC,1.3125,1.3125,2377,0,Stelax Industries,0,0,0
20000217,33905,STAXE',OTC,1.5,1.5,8531,0,Stelax Industries,0,0,0
20000218,33905,STAXE',OTC,1.578125,1.578125,1343,0,Stelax Industries,0,0,0
20000222,33905,STAXE',OTC,1.671875,1.671875,1553,0,Stelax Industries,0,0,0
20000223,33905,STAXE',OTC,1.703125,1.703125,2213,0,Stelax Industries,0,0,0
20000224,33905,STAXE',OTC,1.796875,1.796875,4119,0,Stelax Industries,0,0,0
20000225,33905,STAXE',OTC,2.140625,2.140625,10420,0,Stelax Industries,0,0,0
20000228,33905,STAXE',OTC,2.6875,2.6875,8691,0,Stelax Industries,0,0,0
20000229,33905,STAXE',OTC,2,2,8287,0,Stelax Industries,0,0,0
20000301,33905,STAXE',OTC,2.375,2.375,3482,0,Stelax Industries,0,0,0
20000302,33905,STAXE',OTC,2.28125,2.28125,1811,0,Stelax Industries,0,0,0
20000303,33905,STAXE',OTC,2.28125,2.28125,1901,0,Stelax Industries,0,0,0
20000306,33905,STAXE',OTC,2.40625,2.40625,1854,0,Stelax Industries,0,0,0
20000307,33905,STAXE',OTC,2.59375,2.59375,1469,0,Stelax Industries,0,0,0
20000308,33905,STAXE',OTC,2.4375,2.4375,1200,0,Stelax Industries,0,0,0
20000309,33905,STAXE',OTC,2.46875,2.46875,1390,0,Stelax Industries,0,0,0
20000310,33905,STAXE',OTC,2.4375,2.4375,969,0,Stelax Industries,0,0,0
20000313,33905,STAXE',OTC,2.40625,2.40625,772,0,Stelax Industries,0,0,0
20000314,33905,STAXE',OTC,2.0625,2.0625,2321,0,Stelax Industries,0,0,0
20000315,33905,STAXE',OTC,1.9375,1.9375,1826,0,Stelax Industries,0,0,0
20000316,33905,STAXE',OTC,1.8125,1.8125,616,0,Stelax Industries,0,0,0
20000317,33905,STAXE',OTC,1.96875,1.96875,1111,0,Stelax Industries,0,0,0
20000320,33905,STAXE',OTC,2.15625,2.15625,1083,0,Stelax Industries,0,0,0
20000321,33905,STAXE',OTC,2.09375,2.09375,601,0,Stelax Industries,0,0,0
20000322,33905,STAXE',OTC,2.125,2.125,586,0,Stelax Industries,0,0,0
20000323,33905,STAXE',OTC,2,2,882,0,Stelax Industries,0,0,0
20000324,33905,STAXE',OTC,2,2,1236,0,Stelax Industries,0,0,0
20000327,33905,STAXE',OTC,1.90625,1.90625,654,0,Stelax Industries,0,0,0
20000328,33905,STAXE',OTC,1.625,1.625,1584,0,Stelax Industries,0,0,0
20000329,33905,STAXE',OTC,1.6875,1.6875,1688,0,Stelax Industries,0,0,0
20000330,33905,STAXE',OTC,1.5625,1.5625,907,0,Stelax Industries,0,0,0
20000331,33905,STAXE',OTC,2,2,1527,0,Stelax Industries,0,0,0
20000403,33905,STAXE',OTC,1.75,1.75,549,0,Stelax Industries,0,0,0
20000404,33905,STAXE',OTC,1.59375,1.59375,1319,0,Stelax Industries,0,0,0
20000405,33905,STAXE',OTC,1.5625,1.5625,894,0,Stelax Industries,0,0,0
20000406,33905,STAXE',OTC,1.75,1.75,696,0,Stelax Industries,0,0,0
20000407,33905,STAXE',OTC,1.53125,1.53125,373,0,Stelax Industries,0,0,0
20000410,33905,STAXE',OTC,1.6875,1.6875,293,0,Stelax Industries,0,0,0
20000411,33905,STAXE',OTC,1.5625,1.5625,248,0,Stelax Industries,0,0,0
20000412,33905,STAXE',OTC,1.5625,1.5625,881,0,Stelax Industries,0,0,0
20000413,33905,STAXE',OTC,0.9375,0.9375,2203,0,Stelax Industries,0,0,0
20000414,33905,STAXE',OTC,1.046875,1.046875,5298,0,Stelax Industries,0,0,0
20000417,33905,STAXE',OTC,1.1875,1.1875,2417,0,Stelax Industries,0,0,0
20000418,33905,STAXE',OTC,1.25,1.25,951,0,Stelax Industries,0,0,0
20000419,33905,STAXE',OTC,1.25,1.25,677,0,Stelax Industries,0,0,0
20000420,33905,STAXE',OTC,1.4375,1.4375,583,0,Stelax Industries,0,0,0
20000424,33905,STAXE',OTC,1.15625,1.15625,641,0,Stelax Industries,0,0,0
20000425,33905,STAXE',OTC,1.09375,1.09375,664,0,Stelax Industries,0,0,0
20000426,33905,STAXE',OTC,1.15625,1.15625,101,0,Stelax Industries,0,0,0
20000427,33905,STAXE',OTC,1.3125,1.3125,705,0,Stelax Industries,0,0,0
20000428,33905,STAXE',OTC,1.28125,1.28125,391,0,Stelax Industries,0,0,0
20000501,33905,STAXE',OTC,1.203125,1.203125,689,0,Stelax Industries,0,0,0
20000502,33905,STAXE',OTC,1.375,1.375,639,0,Stelax Industries,0,0,0
20000503,33905,STAXE',OTC,1.34375,1.34375,447,0,Stelax Industries,0,0,0
20000504,33905,STAXE',OTC,1.28125,1.28125,150,0,Stelax Industries,0,0,0
20000505,33905,STAXE',OTC,1.25,1.25,758,0,Stelax Industries,0,0,0
20000508,33905,STAXE',OTC,1.28125,1.28125,198,0,Stelax Industries,0,0,0
20000509,33905,STAXE',OTC,1.1875,1.1875,582,0,Stelax Industries,0,0,0
20000510,33905,STAXE',OTC,1.15625,1.15625,1227,0,Stelax Industries,0,0,0
20000511,33905,STAXE',OTC,1.0625,1.0625,586,0,Stelax Industries,0,0,0
20000512,33905,STAXE',OTC,1.15625,1.15625,790,0,Stelax Industries,0,0,0
20000515,33905,STAXE',OTC,1.1875,1.1875,181,0,Stelax Industries,0,0,0
20000516,33905,STAXE',OTC,1.09375,1.09375,1021,0,Stelax Industries,0,0,0
20000517,33905,STAXE',OTC,1.0625,1.0625,920,0,Stelax Industries,0,0,0
20000518,33905,STAXE',OTC,1.0625,1.0625,330,0,Stelax Industries,0,0,0
20000519,33905,STAXE',OTC,1,1,525,0,Stelax Industries,0,0,0
20000522,33905,STAXE',OTC,1,1,516,0,Stelax Industries,0,0,0
20000523,33905,STAXE',OTC,0.875,0.875,299,0,Stelax Industries,0,0,0
20000524,33905,STAXE',OTC,0.984375,0.984375,407,0,Stelax Industries,0,0,0
20000525,33905,STAXE',OTC,0.90625,0.90625,205,0,Stelax Industries,0,0,0
20000526,33905,STAXE',OTC,1,1,9,0,Stelax Industries,0,0,0
20000530,33905,STAXE',OTC,0.921875,0.921875,284,0,Stelax Industries,0,0,0
20000531,33905,STAXE',OTC,1.015625,1.015625,300,0,Stelax Industries,0,0,0
20000601,33905,STAXE',OTC,1.0625,1.0625,388,0,Stelax Industries,0,0,0
20000602,33905,STAXE',OTC,1.0625,1.0625,253,0,Stelax Industries,0,0,0
20000605,33905,STAXE',OTC,1.0625,1.0625,98,0,Stelax Industries,0,0,0
20000606,33905,STAXE',OTC,1.125,1.125,380,0,Stelax Industries,0,0,0
20000607,33905,STAXE',OTC,1.125,1.125,68,0,Stelax Industries,0,0,0
20000608,33905,STAXE',OTC,1.09375,1.09375,260,0,Stelax Industries,0,0,0
20000609,33905,STAXE',OTC,1.1875,1.1875,485,0,Stelax Industries,0,0,0
20000612,33905,STAXE',OTC,1.28125,1.28125,534,0,Stelax Industries,0,0,0
20000613,33905,STAXE',OTC,1.28125,1.28125,680,0,Stelax Industries,0,0,0
20000614,33905,STAXE',OTC,1.25,1.25,398,0,Stelax Industries,0,0,0
20000615,33905,STAXE',OTC,1.234375,1.234375,258,0,Stelax Industries,0,0,0
20000616,33905,STAXE',OTC,1.5,1.5,1044,0,Stelax Industries,0,0,0
20000619,33905,STAXE',OTC,1.53125,1.53125,399,0,Stelax Industries,0,0,0
20000620,33905,STAXE',OTC,1.3125,1.3125,922,0,Stelax Industries,0,0,0
20000621,33905,STAXE',OTC,1.25,1.25,335,0,Stelax Industries,0,0,0
20000622,33905,STAXE',OTC,1.25,1.25,209,0,Stelax Industries,0,0,0
20000623,33905,STAXE',OTC,1.4375,1.4375,260,0,Stelax Industries,0,0,0
20000626,33905,STAXE',OTC,1.375,1.375,1849,0,Stelax Industries,0,0,0
20000627,33905,STAXE',OTC,1.375,1.375,491,0,Stelax Industries,0,0,0
20000628,33905,STAXE',OTC,1.21875,1.21875,231,0,Stelax Industries,0,0,0
20000629,33905,STAXE',OTC,1.28125,1.28125,310,0,Stelax Industries,0,0,0
20000630,33905,STAXE',OTC,1.125,1.125,252,0,Stelax Industries,0,0,0
20000703,33905,STAXE',OTC,1.125,1.125,209,0,Stelax Industries,0,0,0
20000705,33905,STAXE',OTC,1.25,1.25,171,0,Stelax Industries,0,0,0
20000706,33905,STAXE',OTC,1.3125,1.3125,1450,0,Stelax Industries,0,0,0
20000707,33905,STAXE',OTC,1.09375,1.09375,319,0,Stelax Industries,0,0,0
20000710,33905,STAXE',OTC,1.21875,1.21875,168,0,Stelax Industries,0,0,0
20000711,33905,STAXE',OTC,1.125,1.125,455,0,Stelax Industries,0,0,0
20000712,33905,STAXE',OTC,1.15625,1.15625,14,0,Stelax Industries,0,0,0
20000713,33905,STAXE',OTC,1.0625,1.0625,296,0,Stelax Industries,0,0,0
20000714,33905,STAXE',OTC,1.09375,1.09375,714,0,Stelax Industries,0,0,0
20000717,33905,STAXE',OTC,1.1875,1.1875,197,0,Stelax Industries,0,0,0
20000718,33905,STAXE',OTC,1.1875,1.1875,444,0,Stelax Industries,0,0,0
20000719,33905,STAXE',OTC,1.125,1.125,803,0,Stelax Industries,0,0,0
20000720,33905,STAXE',OTC,1.28125,1.28125,433,0,Stelax Industries,0,0,0
20000721,33905,STAXE',OTC,1.125,1.125,595,0,Stelax Industries,0,0,0
20000724,33905,STAXE',OTC,1.125,1.125,151,0,Stelax Industries,0,0,0
20000725,33905,STAXE',OTC,1.1875,1.1875,72,0,Stelax Industries,0,0,0
20000726,33905,STAXE',OTC,1.125,1.125,205,0,Stelax Industries,0,0,0
20000727,33905,STAXE',OTC,1.09375,1.09375,90,0,Stelax Industries,0,0,0
20000728,33905,STAXE',OTC,1.03125,1.03125,326,0,Stelax Industries,0,0,0
20000731,33905,STAXE',OTC,1.125,1.125,784,0,Stelax Industries,0,0,0
20000801,33905,STAXE',OTC,1,1,460,0,Stelax Industries,0,0,0
20000802,33905,STAXE',OTC,1.0625,1.0625,233,0,Stelax Industries,0,0,0
20000803,33905,STAXE',OTC,0.984375,0.984375,471,0,Stelax Industries,0,0,0
20000804,33905,STAXE',OTC,0.9375,0.9375,1325,0,Stelax Industries,0,0,0
20000807,33905,STAXE',OTC,0.9375,0.9375,187,0,Stelax Industries,0,0,0
20000808,33905,STAXE',OTC,0.8125,0.8125,201,0,Stelax Industries,0,0,0
20000809,33905,STAXE',OTC,0.953125,0.953125,153,0,Stelax Industries,0,0,0
