DDate,CSINumber,Symbol,Exchange,DClose,UnAdjustedClose,TotalVolume,Cash,MarketName,PTB,PSR,DPS
19990929,33979,DCIV',OTC,1.571428571,5.5,18,0,Discovery Investment Inc,0,0,0
19990930,33979,DCIV',OTC,1.607142857,5.625,7,0,Discovery Investment Inc,0,0,0
19991001,33979,DCIV',OTC,1.607142857,5.625,0,0,Discovery Investment Inc,0,0,0
19991004,33979,DCIV',OTC,1.607142857,5.625,0,0,Discovery Investment Inc,0,0,0
19991005,33979,DCIV',OTC,1.607142857,5.625,0,0,Discovery Investment Inc,0,0,0
19991006,33979,DCIV',OTC,1.607142857,5.625,0,0,Discovery Investment Inc,0,0,0
19991007,33979,DCIV',OTC,1.607142857,5.625,0,0,Discovery Investment Inc,0,0,0
19991008,33979,DCIV',OTC,1.571428571,5.5,11,0,Discovery Investment Inc,0,0,0
19991011,33979,DCIV',OTC,1.571428571,5.5,0,0,Discovery Investment Inc,0,0,0
19991012,33979,DCIV',OTC,1.571428571,5.5,0,0,Discovery Investment Inc,0,0,0
19991013,33979,DCIV',OTC,1.571428571,5.5,0,0,Discovery Investment Inc,0,0,0
19991014,33979,DCIV',OTC,1.571428571,5.5,0,0,Discovery Investment Inc,0,0,0
19991015,33979,DCIV',OTC,1.571428571,5.5,0,0,Discovery Investment Inc,0,0,0
19991018,33979,DCIV',OTC,1.571428571,5.5,245,0,Discovery Investment Inc,0,0,0
19991019,33979,DCIV',OTC,1.571428571,5.5,0,0,Discovery Investment Inc,0,0,0
19991020,33979,DCIV',OTC,1.571428571,5.5,0,0,Discovery Investment Inc,0,0,0
19991021,33979,DCIV',OTC,1.571428571,5.5,0,0,Discovery Investment Inc,0,0,0
19991022,33979,DCIV',OTC,1.571428571,5.5,0,0,Discovery Investment Inc,0,0,0
19991025,33979,DCIV',OTC,1.571428571,5.5,0,0,Discovery Investment Inc,0,0,0
19991026,33979,DCIV',OTC,1.571428571,5.5,0,0,Discovery Investment Inc,0,0,0
19991027,33979,DCIV',OTC,1.571428571,5.5,0,0,Discovery Investment Inc,0,0,0
19991028,33979,DCIV',OTC,1.571428571,5.5,0,0,Discovery Investment Inc,0,0,0
19991029,33979,DCIV',OTC,1.571428571,5.5,0,0,Discovery Investment Inc,0,0,0
19991101,33979,DCIV',OTC,1.571428571,5.5,0,0,Discovery Investment Inc,0,0,0
19991102,33979,DCIV',OTC,1.571428571,5.5,0,0,Discovery Investment Inc,0,0,0
19991103,33979,DCIV',OTC,1.571428571,5.5,0,0,Discovery Investment Inc,0,0,0
19991104,33979,DCIV',OTC,1.571428571,5.5,305,0,Discovery Investment Inc,0,0,0
19991105,33979,DCIV',OTC,1.571428571,5.5,0,0,Discovery Investment Inc,0,0,0
19991108,33979,DCIV',OTC,1.571428571,5.5,0,0,Discovery Investment Inc,0,0,0
19991109,33979,DCIV',OTC,1.571428571,5.5,0,0,Discovery Investment Inc,0,0,0
19991110,33979,DCIV',OTC,1.571428571,5.5,0,0,Discovery Investment Inc,0,0,0
19991111,33979,DCIV',OTC,1.571428571,5.5,0,0,Discovery Investment Inc,0,0,0
19991112,33979,DCIV',OTC,1.571428571,5.5,35,0,Discovery Investment Inc,0,0,0
19991115,33979,DCIV',OTC,1.571428571,5.5,0,0,Discovery Investment Inc,0,0,0
19991116,33979,DCIV',OTC,1.571428571,5.5,0,0,Discovery Investment Inc,0,0,0
19991117,33979,DCIV',OTC,1.571428571,5.5,0,0,Discovery Investment Inc,0,0,0
19991118,33979,DCIV',OTC,1.535714286,5.375,18,0,Discovery Investment Inc,0,0,0
19991119,33979,DCIV',OTC,1.5,5.25,140,0,Discovery Investment Inc,0,0,0
19991122,33979,DCIV',OTC,1.5,5.25,0,0,Discovery Investment Inc,0,0,0
19991123,33979,DCIV',OTC,1.5,5.25,0,0,Discovery Investment Inc,0,0,0
19991124,33979,DCIV',OTC,1.5,5.25,0,0,Discovery Investment Inc,0,0,0
19991126,33979,DCIV',OTC,1.5,5.25,0,0,Discovery Investment Inc,0,0,0
19991129,33979,DCIV',OTC,1.607142857,5.625,4,0,Discovery Investment Inc,0,0,0
19991130,33979,DCIV',OTC,1.607142857,5.625,0,0,Discovery Investment Inc,0,0,0
19991201,33979,DCIV',OTC,1.607142857,5.625,0,0,Discovery Investment Inc,0,0,0
19991202,33979,DCIV',OTC,1.607142857,5.625,0,0,Discovery Investment Inc,0,0,0
19991203,33979,DCIV',OTC,1.607142857,5.625,0,0,Discovery Investment Inc,0,0,0
19991206,33979,DCIV',OTC,1.607142857,5.625,0,0,Discovery Investment Inc,0,0,0
19991207,33979,DCIV',OTC,1.607142857,5.625,4,0,Discovery Investment Inc,0,0,0
19991208,33979,DCIV',OTC,1.607142857,5.625,0,0,Discovery Investment Inc,0,0,0
19991209,33979,DCIV',OTC,1.607142857,5.625,0,0,Discovery Investment Inc,0,0,0
19991210,33979,DCIV',OTC,1.607142857,5.625,0,0,Discovery Investment Inc,0,0,0
19991213,33979,DCIV',OTC,1.607142857,5.625,0,0,Discovery Investment Inc,0,0,0
19991214,33979,DCIV',OTC,1.607142857,5.625,0,0,Discovery Investment Inc,0,0,0
19991215,33979,DCIV',OTC,1.607142857,5.625,0,0,Discovery Investment Inc,0,0,0
19991216,33979,DCIV',OTC,1.607142857,5.625,0,0,Discovery Investment Inc,0,0,0
19991217,33979,DCIV',OTC,1.607142857,5.625,0,0,Discovery Investment Inc,0,0,0
19991220,33979,DCIV',OTC,1.607142857,5.625,0,0,Discovery Investment Inc,0,0,0
19991221,33979,DCIV',OTC,1.607142857,5.625,0,0,Discovery Investment Inc,0,0,0
19991222,33979,DCIV',OTC,1.607142857,5.625,0,0,Discovery Investment Inc,0,0,0
19991223,33979,DCIV',OTC,1.607142857,5.625,0,0,Discovery Investment Inc,0,0,0
19991227,33979,DCIV',OTC,1.714285714,6,4,0,Discovery Investment Inc,0,0,0
19991228,33979,DCIV',OTC,1.714285714,6,0,0,Discovery Investment Inc,0,0,0
19991229,33979,DCIV',OTC,1.714285714,6,0,0,Discovery Investment Inc,0,0,0
19991230,33979,DCIV',OTC,1.714285714,6,0,0,Discovery Investment Inc,0,0,0
19991231,33979,DCIV',OTC,1.714285714,6,0,0,Discovery Investment Inc,0,0,0
20000103,33979,DCIV',OTC,1.714285714,6,0,0,Discovery Investment Inc,0,0,0
20000104,33979,DCIV',OTC,1.714285714,6,0,0,Discovery Investment Inc,0,0,0
20000105,33979,DCIV',OTC,1.714285714,6,0,0,Discovery Investment Inc,0,0,0
20000106,33979,DCIV',OTC,1.714285714,6,0,0,Discovery Investment Inc,0,0,0
20000107,33979,DCIV',OTC,1.714285714,6,0,0,Discovery Investment Inc,0,0,0
20000110,33979,DCIV',OTC,1.714285714,6,0,0,Discovery Investment Inc,0,0,0
20000111,33979,DCIV',OTC,1.714285714,6,0,0,Discovery Investment Inc,0,0,0
20000112,33979,DCIV',OTC,1.714285714,6,0,0,Discovery Investment Inc,0,0,0
20000113,33979,DCIV',OTC,1.714285714,6,0,0,Discovery Investment Inc,0,0,0
20000114,33979,DCIV',OTC,1.714285714,6,0,0,Discovery Investment Inc,0,0,0
20000118,33979,DCIV',OTC,1.714285714,6,0,0,Discovery Investment Inc,0,0,0
20000119,33979,DCIV',OTC,1.714285714,6,0,0,Discovery Investment Inc,0,0,0
20000120,33979,DCIV',OTC,1.714285714,6,0,0,Discovery Investment Inc,0,0,0
20000121,33979,DCIV',OTC,1.714285714,6,0,0,Discovery Investment Inc,0,0,0
20000124,33979,DCIV',OTC,1.714285714,6,0,0,Discovery Investment Inc,0,0,0
20000125,33979,DCIV',OTC,1.714285714,6,0,0,Discovery Investment Inc,0,0,0
20000126,33979,DCIV',OTC,1.714285714,6,0,0,Discovery Investment Inc,0,0,0
20000127,33979,DCIV',OTC,1.714285714,6,0,0,Discovery Investment Inc,0,0,0
20000128,33979,DCIV',OTC,1.714285714,6,0,0,Discovery Investment Inc,0,0,0
20000131,33979,DCIV',OTC,1.714285714,6,0,0,Discovery Investment Inc,0,0,0
20000201,33979,DCIV',OTC,1.714285714,6,0,0,Discovery Investment Inc,0,0,0
20000202,33979,DCIV',OTC,1.714285714,6,0,0,Discovery Investment Inc,0,0,0
20000203,33979,DCIV',OTC,1.714285714,6,0,0,Discovery Investment Inc,0,0,0
20000204,33979,DCIV',OTC,1.714285714,6,0,0,Discovery Investment Inc,0,0,0
20000207,33979,DCIV',OTC,1.571428571,5.5,25,0,Discovery Investment Inc,0,0,0
20000208,33979,DCIV',OTC,1.428571429,5,18,0,Discovery Investment Inc,0,0,0
20000209,33979,DCIV',OTC,1.428571429,5,0,0,Discovery Investment Inc,0,0,0
20000210,33979,DCIV',OTC,1.428571429,5,0,0,Discovery Investment Inc,0,0,0
20000211,33979,DCIV',OTC,1.428571429,5,4,0,Discovery Investment Inc,0,0,0
20000214,33979,DCIV',OTC,1.428571429,5,0,0,Discovery Investment Inc,0,0,0
20000215,33979,DCIV',OTC,1.428571429,5,0,0,Discovery Investment Inc,0,0,0
20000216,33979,DCIV',OTC,1.428571429,5,0,0,Discovery Investment Inc,0,0,0
20000217,33979,DCIV',OTC,1.428571429,5,0,0,Discovery Investment Inc,0,0,0
20000218,33979,DCIV',OTC,1.571428571,5.5,18,0,Discovery Investment Inc,0,0,0
20000222,33979,DCIV',OTC,1.571428571,5.5,0,0,Discovery Investment Inc,0,0,0
20000223,33979,DCIV',OTC,1.571428571,5.5,0,0,Discovery Investment Inc,0,0,0
20000224,33979,DCIV',OTC,1.571428571,5.5,0,0,Discovery Investment Inc,0,0,0
20000225,33979,DCIV',OTC,1.571428571,5.5,28,0,Discovery Investment Inc,0,0,0
20000228,33979,DCIV',OTC,1.571428571,5.5,0,0,Discovery Investment Inc,0,0,0
20000229,33979,DCIV',OTC,1.428571429,5,88,0,Discovery Investment Inc,0,0,0
20000301,33979,DCIV',OTC,1.142857143,4,123,0,Discovery Investment Inc,0,0,0
20000302,33979,DCIV',OTC,1.142857143,4,0,0,Discovery Investment Inc,0,0,0
20000303,33979,DCIV',OTC,1.142857143,4,0,0,Discovery Investment Inc,0,0,0
20000306,33979,DCIV',OTC,1.142857143,4,0,0,Discovery Investment Inc,0,0,0
20000307,33979,DCIV',OTC,1.142857143,4,0,0,Discovery Investment Inc,0,0,0
20000308,33979,DCIV',OTC,1.142857143,4,0,0,Discovery Investment Inc,0,0,0
20000309,33979,DCIV',OTC,1.142857143,4,0,0,Discovery Investment Inc,0,0,0
20000310,33979,DCIV',OTC,1.142857143,4,0,0,Discovery Investment Inc,0,0,0
20000313,33979,DCIV',OTC,1.142857143,4,0,0,Discovery Investment Inc,0,0,0
20000314,33979,DCIV',OTC,1.142857143,4,0,0,Discovery Investment Inc,0,0,0
20000315,33979,DCIV',OTC,1.142857143,4,0,0,Discovery Investment Inc,0,0,0
20000316,33979,DCIV',OTC,1.142857143,4,0,0,Discovery Investment Inc,0,0,0
20000317,33979,DCIV',OTC,1.142857143,4,0,0,Discovery Investment Inc,0,0,0
20000320,33979,DCIV',OTC,1.142857143,4,0,0,Discovery Investment Inc,0,0,0
20000321,33979,DCIV',OTC,1.142857143,4,0,0,Discovery Investment Inc,0,0,0
20000322,33979,DCIV',OTC,1.142857143,4,0,0,Discovery Investment Inc,0,0,0
20000323,33979,DCIV',OTC,1.428571429,5,39,0,Discovery Investment Inc,0,0,0
20000324,33979,DCIV',OTC,1.428571429,5,0,0,Discovery Investment Inc,0,0,0
20000327,33979,DCIV',OTC,1.428571429,5,0,0,Discovery Investment Inc,0,0,0
20000328,33979,DCIV',OTC,1.428571429,5,0,0,Discovery Investment Inc,0,0,0
20000329,33979,DCIV',OTC,1.428571429,5,0,0,Discovery Investment Inc,0,0,0
20000330,33979,DCIV',OTC,1.428571429,5,0,0,Discovery Investment Inc,0,0,0
20000331,33979,DCIV',OTC,1.428571429,5,0,0,Discovery Investment Inc,0,0,0
20000403,33979,DCIV',OTC,1.428571429,5,0,0,Discovery Investment Inc,0,0,0
20000404,33979,DCIV',OTC,1.428571429,5,0,0,Discovery Investment Inc,0,0,0
20000405,33979,DCIV',OTC,1.428571429,5,0,0,Discovery Investment Inc,0,0,0
20000406,33979,DCIV',OTC,1.428571429,5,0,0,Discovery Investment Inc,0,0,0
20000407,33979,DCIV',OTC,1.428571429,5,0,0,Discovery Investment Inc,0,0,0
20000410,33979,DCIV',OTC,1.428571429,5,0,0,Discovery Investment Inc,0,0,0
20000411,33979,DCIV',OTC,1.428571429,5,0,0,Discovery Investment Inc,0,0,0
20000412,33979,DCIV',OTC,1.428571429,5,0,0,Discovery Investment Inc,0,0,0
20000413,33979,DCIV',OTC,1.428571429,5,0,0,Discovery Investment Inc,0,0,0
20000414,33979,DCIV',OTC,1.428571429,5,0,0,Discovery Investment Inc,0,0,0
20000417,33979,DCIV',OTC,1.428571429,5,0,0,Discovery Investment Inc,0,0,0
20000418,33979,DCIV',OTC,1.428571429,5,0,0,Discovery Investment Inc,0,0,0
20000419,33979,DCIV',OTC,1.428571429,5,0,0,Discovery Investment Inc,0,0,0
20000420,33979,DCIV',OTC,1.428571429,5,0,0,Discovery Investment Inc,0,0,0
20000424,33979,DCIV',OTC,1.428571429,5,0,0,Discovery Investment Inc,0,0,0
20000425,33979,DCIV',OTC,1.428571429,5,0,0,Discovery Investment Inc,0,0,0
20000426,33979,DCIV',OTC,1.428571429,5,0,0,Discovery Investment Inc,0,0,0
20000427,33979,DCIV',OTC,1.428571429,5,0,0,Discovery Investment Inc,0,0,0
20000428,33979,DCIV',OTC,1.428571429,5,0,0,Discovery Investment Inc,0,0,0
20000501,33979,DCIV',OTC,1.428571429,5,0,0,Discovery Investment Inc,0,0,0
20000502,33979,DCIV',OTC,1.428571429,5,0,0,Discovery Investment Inc,0,0,0
20000503,33979,DCIV',OTC,1.428571429,5,0,0,Discovery Investment Inc,0,0,0
20000504,33979,DCIV',OTC,1.428571429,5,0,0,Discovery Investment Inc,0,0,0
20000505,33979,DCIV',OTC,1.428571429,5,0,0,Discovery Investment Inc,0,0,0
20000508,33979,DCIV',OTC,1.428571429,5,0,0,Discovery Investment Inc,0,0,0
20000509,33979,DCIV',OTC,1.428571429,5,0,0,Discovery Investment Inc,0,0,0
20000510,33979,DCIV',OTC,1.428571429,5,0,0,Discovery Investment Inc,0,0,0
20000511,33979,DCIV',OTC,1.428571429,5,0,0,Discovery Investment Inc,0,0,0
20000512,33979,DCIV',OTC,1.428571429,5,0,0,Discovery Investment Inc,0,0,0
20000515,33979,DCIV',OTC,1.428571429,5,0,0,Discovery Investment Inc,0,0,0
20000516,33979,DCIV',OTC,1.428571429,5,0,0,Discovery Investment Inc,0,0,0
20000517,33979,DCIV',OTC,1.428571429,5,0,0,Discovery Investment Inc,0,0,0
20000518,33979,DCIV',OTC,1.428571429,5,0,0,Discovery Investment Inc,0,0,0
20000519,33979,DCIV',OTC,1.428571429,5,0,0,Discovery Investment Inc,0,0,0
20000522,33979,DCIV',OTC,1.428571429,5,0,0,Discovery Investment Inc,0,0,0
20000523,33979,DCIV',OTC,1.428571429,5,0,0,Discovery Investment Inc,0,0,0
20000524,33979,DCIV',OTC,1.428571429,5,0,0,Discovery Investment Inc,0,0,0
20000525,33979,DCIV',OTC,1.428571429,5,0,0,Discovery Investment Inc,0,0,0
20000526,33979,DCIV',OTC,0.571428571,2,203,0,Discovery Investment Inc,0,0,0
20000530,33979,DCIV',OTC,0.571428571,2,0,0,Discovery Investment Inc,0,0,0
20000531,33979,DCIV',OTC,0.571428571,2,0,0,Discovery Investment Inc,0,0,0
20000601,33979,DCIV',OTC,0.571428571,2,0,0,Discovery Investment Inc,0,0,0
20000602,33979,DCIV',OTC,0.294642857,1.03125,18,0,Discovery Investment Inc,0,0,0
20000605,33979,DCIV',OTC,0.294642857,1.03125,0,0,Discovery Investment Inc,0,0,0
20000606,33979,DCIV',OTC,0.285714286,1,7,0,Discovery Investment Inc,0,0,0
20000607,33979,DCIV',OTC,0.285714286,1,0,0,Discovery Investment Inc,0,0,0
20000608,33979,DCIV',OTC,0.285714286,1,0,0,Discovery Investment Inc,0,0,0
20000609,33979,DCIV',OTC,0.285714286,1,0,0,Discovery Investment Inc,0,0,0
20000612,33979,DCIV',OTC,0.285714286,1,35,0,Discovery Investment Inc,0,0,0
20000613,33979,DCIV',OTC,0.285714286,1,0,0,Discovery Investment Inc,0,0,0
20000614,33979,DCIV',OTC,0.285714286,1,7,0,Discovery Investment Inc,0,0,0
20000615,33979,DCIV',OTC,0.285714286,1,0,0,Discovery Investment Inc,0,0,0
20000616,33979,DCIV',OTC,0.285714286,1,0,0,Discovery Investment Inc,0,0,0
20000619,33979,DCIV',OTC,0.285714286,1,0,0,Discovery Investment Inc,0,0,0
20000620,33979,DCIV',OTC,0.285714286,1,0,0,Discovery Investment Inc,0,0,0
20000621,33979,DCIV',OTC,0.285714286,1,0,0,Discovery Investment Inc,0,0,0
20000622,33979,DCIV',OTC,0.285714286,1,0,0,Discovery Investment Inc,0,0,0
20000623,33979,DCIV',OTC,0.285714286,1,0,0,Discovery Investment Inc,0,0,0
20000626,33979,DCIV',OTC,0.285714286,1,0,0,Discovery Investment Inc,0,0,0
20000627,33979,DCIV',OTC,0.285714286,1,0,0,Discovery Investment Inc,0,0,0
20000628,33979,DCIV',OTC,0.285714286,1,0,0,Discovery Investment Inc,0,0,0
20000629,33979,DCIV',OTC,0.285714286,1,0,0,Discovery Investment Inc,0,0,0
20000630,33979,DCIV',OTC,0.285714286,1,0,0,Discovery Investment Inc,0,0,0
20000703,33979,DCIV',OTC,0.285714286,1,0,0,Discovery Investment Inc,0,0,0
20000705,33979,DCIV',OTC,0.285714286,1,0,0,Discovery Investment Inc,0,0,0
20000706,33979,DCIV',OTC,0.285714286,1,0,0,Discovery Investment Inc,0,0,0
20000707,33979,DCIV',OTC,0.285714286,1,0,0,Discovery Investment Inc,0,0,0
20000710,33979,DCIV',OTC,0.285714286,1,0,0,Discovery Investment Inc,0,0,0
20000711,33979,DCIV',OTC,0.107142857,0.375,175,0,Discovery Investment Inc,0,0,0
20000712,33979,DCIV',OTC,0.107142857,0.375,0,0,Discovery Investment Inc,0,0,0
20000713,33979,DCIV',OTC,0.107142857,0.375,0,0,Discovery Investment Inc,0,0,0
20000714,33979,DCIV',OTC,0.107142857,0.375,0,0,Discovery Investment Inc,0,0,0
20000717,33979,DCIV',OTC,0.107142857,0.375,0,0,Discovery Investment Inc,0,0,0
20000718,33979,DCIV',OTC,0.107142857,0.375,0,0,Discovery Investment Inc,0,0,0
20000719,33979,DCIV',OTC,0.107142857,0.375,0,0,Discovery Investment Inc,0,0,0
20000720,33979,DCIV',OTC,0.107142857,0.375,0,0,Discovery Investment Inc,0,0,0
20000721,33979,DCIV',OTC,0.107142857,0.375,0,0,Discovery Investment Inc,0,0,0
20000724,33979,DCIV',OTC,0.107142857,0.375,0,0,Discovery Investment Inc,0,0,0
20000725,33979,DCIV',OTC,0.107142857,0.375,0,0,Discovery Investment Inc,0,0,0
20000726,33979,DCIV',OTC,0.107142857,0.375,0,0,Discovery Investment Inc,0,0,0
20000727,33979,DCIV',OTC,0.107142857,0.375,0,0,Discovery Investment Inc,0,0,0
20000728,33979,DCIV',OTC,0.107142857,0.375,0,0,Discovery Investment Inc,0,0,0
20000731,33979,DCIV',OTC,0.107142857,0.375,0,0,Discovery Investment Inc,0,0,0
20000801,33979,DCIV',OTC,0.107142857,0.375,0,0,Discovery Investment Inc,0,0,0
20000802,33979,DCIV',OTC,0.071428571,0.25,35,0,Discovery Investment Inc,0,0,0
20000803,33979,DCIV',OTC,0.071428571,0.25,0,0,Discovery Investment Inc,0,0,0
20000804,33979,DCIV',OTC,0.071428571,0.25,0,0,Discovery Investment Inc,0,0,0
20000807,33979,DCIV',OTC,0.071428571,0.25,0,0,Discovery Investment Inc,0,0,0
20000808,33979,DCIV',OTC,0.071428571,0.25,0,0,Discovery Investment Inc,0,0,0
20000809,33979,DCIV',OTC,0.071428571,0.25,18,0,Discovery Investment Inc,0,0,0
20000810,33979,DCIV',OTC,0.071428571,0.25,0,0,Discovery Investment Inc,0,0,0
20000811,33979,DCIV',OTC,0.071428571,0.25,0,0,Discovery Investment Inc,0,0,0
20000814,33979,DCIV',OTC,0.071428571,0.25,0,0,Discovery Investment Inc,0,0,0
20000815,33979,DCIV',OTC,0.071428571,0.25,0,0,Discovery Investment Inc,0,0,0
20000816,33979,DCIV',OTC,0.071428571,0.25,0,0,Discovery Investment Inc,0,0,0
20000817,33979,DCIV',OTC,0.071428571,0.25,0,0,Discovery Investment Inc,0,0,0
20000818,33979,DCIV',OTC,0.071428571,0.25,0,0,Discovery Investment Inc,0,0,0
20000821,33979,DCIV',OTC,0.071428571,0.25,0,0,Discovery Investment Inc,0,0,0
20000822,33979,DCIV',OTC,0.178571429,0.625,18,0,Discovery Investment Inc,0,0,0
20000823,33979,DCIV',OTC,0.178571429,0.625,0,0,Discovery Investment Inc,0,0,0
20000824,33979,DCIV',OTC,0.178571429,0.625,0,0,Discovery Investment Inc,0,0,0
20000825,33979,DCIV',OTC,0.178571429,0.625,0,0,Discovery Investment Inc,0,0,0
20000828,33979,DCIV',OTC,0.178571429,0.625,0,0,Discovery Investment Inc,0,0,0
20000829,33979,DCIV',OTC,0.178571429,0.625,0,0,Discovery Investment Inc,0,0,0
20000830,33979,DCIV',OTC,0.178571429,0.625,0,0,Discovery Investment Inc,0,0,0
20000831,33979,DCIV',OTC,0.178571429,0.625,0,0,Discovery Investment Inc,0,0,0
20000901,33979,DCIV',OTC,0.178571429,0.625,0,0,Discovery Investment Inc,0,0,0
20000905,33979,DCIV',OTC,0.178571429,0.625,0,0,Discovery Investment Inc,0,0,0
20000906,33979,DCIV',OTC,0.178571429,0.625,0,0,Discovery Investment Inc,0,0,0
20000907,33979,DCIV',OTC,0.178571429,0.625,0,0,Discovery Investment Inc,0,0,0
20000908,33979,DCIV',OTC,0.178571429,0.625,0,0,Discovery Investment Inc,0,0,0
20000911,33979,DCIV',OTC,0.178571429,0.625,0,0,Discovery Investment Inc,0,0,0
20000912,33979,DCIV',OTC,0.178571429,0.625,0,0,Discovery Investment Inc,0,0,0
20000913,33979,DCIV',OTC,0.178571429,0.625,0,0,Discovery Investment Inc,0,0,0
20000914,33979,DCIV',OTC,0.178571429,0.625,0,0,Discovery Investment Inc,0,0,0
20000915,33979,DCIV',OTC,0.178571429,0.625,0,0,Discovery Investment Inc,0,0,0
20000918,33979,DCIV',OTC,0.178571429,0.625,0,0,Discovery Investment Inc,0,0,0
20000919,33979,DCIV',OTC,0.178571429,0.625,0,0,Discovery Investment Inc,0,0,0
20000920,33979,DCIV',OTC,0.178571429,0.625,0,0,Discovery Investment Inc,0,0,0
20000921,33979,DCIV',OTC,0.071428571,0.25,123,0,Discovery Investment Inc,0,0,0
20000922,33979,DCIV',OTC,0.071428571,0.25,0,0,Discovery Investment Inc,0,0,0
20000925,33979,DCIV',OTC,0.071428571,0.25,0,0,Discovery Investment Inc,0,0,0
20000926,33979,DCIV',OTC,0.071428571,0.25,0,0,Discovery Investment Inc,0,0,0
20000927,33979,DCIV',OTC,0.071428571,0.25,0,0,Discovery Investment Inc,0,0,0
20000928,33979,DCIV',OTC,0.071428571,0.25,0,0,Discovery Investment Inc,0,0,0
20000929,33979,DCIV',OTC,0.071428571,0.25,0,0,Discovery Investment Inc,0,0,0
20001002,33979,DCIV',OTC,0.071428571,0.25,0,0,Discovery Investment Inc,0,0,0
20001003,33979,DCIV',OTC,0.071428571,0.25,0,0,Discovery Investment Inc,0,0,0
20001004,33979,DCIV',OTC,0.071428571,0.25,0,0,Discovery Investment Inc,0,0,0
20001005,33979,DCIV',OTC,0.071428571,0.25,0,0,Discovery Investment Inc,0,0,0
20001006,33979,DCIV',OTC,0.071428571,0.25,0,0,Discovery Investment Inc,0,0,0
20001009,33979,DCIV',OTC,0.071428571,0.25,0,0,Discovery Investment Inc,0,0,0
20001010,33979,DCIV',OTC,0.071428571,0.25,0,0,Discovery Investment Inc,0,0,0
20001011,33979,DCIV',OTC,0.071428571,0.25,0,0,Discovery Investment Inc,0,0,0
20001012,33979,DCIV',OTC,0.071428571,0.25,0,0,Discovery Investment Inc,0,0,0
20001013,33979,DCIV',OTC,0.071428571,0.25,0,0,Discovery Investment Inc,0,0,0
20001016,33979,DCIV',OTC,0.178571429,0.625,35,0,Discovery Investment Inc,0,0,0
20001017,33979,DCIV',OTC,0.178571429,0.625,0,0,Discovery Investment Inc,0,0,0
20001018,33979,DCIV',OTC,0.178571429,0.625,0,0,Discovery Investment Inc,0,0,0
20001019,33979,DCIV',OTC,0.178571429,0.625,0,0,Discovery Investment Inc,0,0,0
20001020,33979,DCIV',OTC,0.178571429,0.625,0,0,Discovery Investment Inc,0,0,0
20001023,33979,DCIV',OTC,0.178571429,0.625,0,0,Discovery Investment Inc,0,0,0
20001024,33979,DCIV',OTC,0.071428571,0.25,4,0,Discovery Investment Inc,0,0,0
20001025,33979,DCIV',OTC,0.071428571,0.25,0,0,Discovery Investment Inc,0,0,0
20001026,33979,DCIV',OTC,0.071428571,0.25,0,0,Discovery Investment Inc,0,0,0
20001027,33979,DCIV',OTC,0.071428571,0.25,0,0,Discovery Investment Inc,0,0,0
20001030,33979,DCIV',OTC,0.071428571,0.25,0,0,Discovery Investment Inc,0,0,0
20001031,33979,DCIV',OTC,0.071428571,0.25,0,0,Discovery Investment Inc,0,0,0
20001101,33979,DCIV',OTC,0.071428571,0.25,0,0,Discovery Investment Inc,0,0,0
20001102,33979,DCIV',OTC,0.071428571,0.25,0,0,Discovery Investment Inc,0,0,0
20001103,33979,DCIV',OTC,0.071428571,0.25,0,0,Discovery Investment Inc,0,0,0
20001106,33979,DCIV',OTC,0.071428571,0.25,0,0,Discovery Investment Inc,0,0,0
20001107,33979,DCIV',OTC,0.071428571,0.25,0,0,Discovery Investment Inc,0,0,0
20001108,33979,DCIV',OTC,0.071428571,0.25,0,0,Discovery Investment Inc,0,0,0
20001109,33979,DCIV',OTC,0.071428571,0.25,0,0,Discovery Investment Inc,0,0,0
20001110,33979,DCIV',OTC,0.071428571,0.25,0,0,Discovery Investment Inc,0,0,0
20001113,33979,DCIV',OTC,0.071428571,0.25,0,0,Discovery Investment Inc,0,0,0
20001114,33979,DCIV',OTC,0.071428571,0.25,0,0,Discovery Investment Inc,0,0,0
20001115,33979,DCIV',OTC,0.071428571,0.25,0,0,Discovery Investment Inc,0,0,0
20001116,33979,DCIV',OTC,0.178571429,0.625,18,0,Discovery Investment Inc,0,0,0
20001117,33979,DCIV',OTC,0.178571429,0.625,0,0,Discovery Investment Inc,0,0,0
20001120,33979,DCIV',OTC,0.178571429,0.625,0,0,Discovery Investment Inc,0,0,0
20001121,33979,DCIV',OTC,0.178571429,0.625,0,0,Discovery Investment Inc,0,0,0
20001122,33979,DCIV',OTC,0.178571429,0.625,0,0,Discovery Investment Inc,0,0,0
20001124,33979,DCIV',OTC,0.178571429,0.625,0,0,Discovery Investment Inc,0,0,0
20001127,33979,DCIV',OTC,0.178571429,0.625,0,0,Discovery Investment Inc,0,0,0
20001128,33979,DCIV',OTC,0.178571429,0.625,0,0,Discovery Investment Inc,0,0,0
20001129,33979,DCIV',OTC,0.178571429,0.625,0,0,Discovery Investment Inc,0,0,0
20001130,33979,DCIV',OTC,0.178571429,0.625,0,0,Discovery Investment Inc,0,0,0
20001201,33979,DCIV',OTC,0.178571429,0.625,0,0,Discovery Investment Inc,0,0,0
20001204,33979,DCIV',OTC,0.178571429,0.625,0,0,Discovery Investment Inc,0,0,0
20001205,33979,DCIV',OTC,0.178571429,0.625,0,0,Discovery Investment Inc,0,0,0
20001206,33979,DCIV',OTC,0.178571429,0.625,0,0,Discovery Investment Inc,0,0,0
20001207,33979,DCIV',OTC,0.178571429,0.625,0,0,Discovery Investment Inc,0,0,0
20001208,33979,DCIV',OTC,0.178571429,0.625,0,0,Discovery Investment Inc,0,0,0
20001211,33979,DCIV',OTC,0.178571429,0.625,0,0,Discovery Investment Inc,0,0,0
20001212,33979,DCIV',OTC,0.178571429,0.625,0,0,Discovery Investment Inc,0,0,0
20001213,33979,DCIV',OTC,0.178571429,0.625,0,0,Discovery Investment Inc,0,0,0
20001214,33979,DCIV',OTC,0.178571429,0.625,0,0,Discovery Investment Inc,0,0,0
20001215,33979,DCIV',OTC,0.178571429,0.625,0,0,Discovery Investment Inc,0,0,0
20001218,33979,DCIV',OTC,0.178571429,0.625,0,0,Discovery Investment Inc,0,0,0
20001219,33979,DCIV',OTC,0.178571429,0.625,0,0,Discovery Investment Inc,0,0,0
20001220,33979,DCIV',OTC,0.178571429,0.625,0,0,Discovery Investment Inc,0,0,0
20001221,33979,DCIV',OTC,0.178571429,0.625,0,0,Discovery Investment Inc,0,0,0
20001222,33979,DCIV',OTC,0.178571429,0.625,0,0,Discovery Investment Inc,0,0,0
20001226,33979,DCIV',OTC,0.178571429,0.625,0,0,Discovery Investment Inc,0,0,0
20001227,33979,DCIV',OTC,0.178571429,0.625,0,0,Discovery Investment Inc,0,0,0
20001228,33979,DCIV',OTC,0.178571429,0.625,0,0,Discovery Investment Inc,0,0,0
20001229,33979,DCIV',OTC,0.178571429,0.625,0,0,Discovery Investment Inc,0,0,0
20010102,33979,DCIV',OTC,0.178571429,0.625,0,0,Discovery Investment Inc,0,0,0
20010103,33979,DCIV',OTC,0.178571429,0.625,0,0,Discovery Investment Inc,0,0,0
20010104,33979,DCIV',OTC,0.178571429,0.625,0,0,Discovery Investment Inc,0,0,0
20010105,33979,DCIV',OTC,0.178571429,0.625,0,0,Discovery Investment Inc,0,0,0
20010108,33979,DCIV',OTC,0.178571429,0.625,0,0,Discovery Investment Inc,0,0,0
20010109,33979,DCIV',OTC,0.178571429,0.625,0,0,Discovery Investment Inc,0,0,0
20010110,33979,DCIV',OTC,0.178571429,0.625,11,0,Discovery Investment Inc,0,0,0
20010111,33979,DCIV',OTC,0.178571429,0.625,0,0,Discovery Investment Inc,0,0,0
20010112,33979,DCIV',OTC,0.178571429,0.625,0,0,Discovery Investment Inc,0,0,0
20010116,33979,DCIV',OTC,0.178571429,0.625,0,0,Discovery Investment Inc,0,0,0
20010117,33979,DCIV',OTC,0.178571429,0.625,0,0,Discovery Investment Inc,0,0,0
20010118,33979,DCIV',OTC,0.178571429,0.625,0,0,Discovery Investment Inc,0,0,0
20010119,33979,DCIV',OTC,0.178571429,0.625,0,0,Discovery Investment Inc,0,0,0
20010122,33979,DCIV',OTC,0.178571429,0.625,0,0,Discovery Investment Inc,0,0,0
20010123,33979,DCIV',OTC,0.178571429,0.625,0,0,Discovery Investment Inc,0,0,0
20010124,33979,DCIV',OTC,0.178571429,0.625,0,0,Discovery Investment Inc,0,0,0
20010125,33979,DCIV',OTC,0.178571429,0.625,0,0,Discovery Investment Inc,0,0,0
20010126,33979,DCIV',OTC,0.178571429,0.625,0,0,Discovery Investment Inc,0,0,0
20010129,33979,DCIV',OTC,0.142857143,0.5,14,0,Discovery Investment Inc,0,0,0
20010130,33979,DCIV',OTC,0.142857143,0.5,0,0,Discovery Investment Inc,0,0,0
20010131,33979,DCIV',OTC,0.142857143,0.5,0,0,Discovery Investment Inc,0,0,0
20010201,33979,DCIV',OTC,0.142857143,0.5,0,0,Discovery Investment Inc,0,0,0
20010202,33979,DCIV',OTC,0.142857143,0.5,0,0,Discovery Investment Inc,0,0,0
20010205,33979,DCIV',OTC,0.142857143,0.5,0,0,Discovery Investment Inc,0,0,0
20010206,33979,DCIV',OTC,0.142857143,0.5,0,0,Discovery Investment Inc,0,0,0
20010207,33979,DCIV',OTC,0.142857143,0.5,0,0,Discovery Investment Inc,0,0,0
20010208,33979,DCIV',OTC,0.142857143,0.5,0,0,Discovery Investment Inc,0,0,0
20010209,33979,DCIV',OTC,0.142857143,0.5,0,0,Discovery Investment Inc,0,0,0
20010212,33979,DCIV',OTC,0.142857143,0.5,0,0,Discovery Investment Inc,0,0,0
20010213,33979,DCIV',OTC,0.142857143,0.5,0,0,Discovery Investment Inc,0,0,0
20010214,33979,DCIV',OTC,0.142857143,0.5,0,0,Discovery Investment Inc,0,0,0
20010215,33979,DCIV',OTC,0.142857143,0.5,0,0,Discovery Investment Inc,0,0,0
20010216,33979,DCIV',OTC,0.142857143,0.5,0,0,Discovery Investment Inc,0,0,0
20010220,33979,DCIV',OTC,0.142857143,0.5,0,0,Discovery Investment Inc,0,0,0
20010221,33979,DCIV',OTC,0.142857143,0.5,0,0,Discovery Investment Inc,0,0,0
20010222,33979,DCIV',OTC,0.142857143,0.5,0,0,Discovery Investment Inc,0,0,0
20010223,33979,DCIV',OTC,0.142857143,0.5,0,0,Discovery Investment Inc,0,0,0
20010226,33979,DCIV',OTC,0.142857143,0.5,0,0,Discovery Investment Inc,0,0,0
20010227,33979,DCIV',OTC,0.142857143,0.5,0,0,Discovery Investment Inc,0,0,0
20010228,33979,DCIV',OTC,0.142857143,0.5,0,0,Discovery Investment Inc,0,0,0
20010301,33979,DCIV',OTC,0.142857143,0.5,0,0,Discovery Investment Inc,0,0,0
20010302,33979,DCIV',OTC,0.142857143,0.5,0,0,Discovery Investment Inc,0,0,0
20010305,33979,DCIV',OTC,0.142857143,0.5,0,0,Discovery Investment Inc,0,0,0
20010306,33979,DCIV',OTC,0.142857143,0.5,0,0,Discovery Investment Inc,0,0,0
20010307,33979,DCIV',OTC,0.142857143,0.5,0,0,Discovery Investment Inc,0,0,0
20010308,33979,DCIV',OTC,0.142857143,0.5,0,0,Discovery Investment Inc,0,0,0
20010309,33979,DCIV',OTC,0.142857143,0.5,0,0,Discovery Investment Inc,0,0,0
20010312,33979,DCIV',OTC,0.142857143,0.5,0,0,Discovery Investment Inc,0,0,0
20010313,33979,DCIV',OTC,0.142857143,0.5,0,0,Discovery Investment Inc,0,0,0
20010314,33979,DCIV',OTC,0.142857143,0.5,0,0,Discovery Investment Inc,0,0,0
20010315,33979,DCIV',OTC,0.142857143,0.5,0,0,Discovery Investment Inc,0,0,0
20010316,33979,DCIV',OTC,0.142857143,0.5,0,0,Discovery Investment Inc,0,0,0
20010319,33979,DCIV',OTC,0.142857143,0.5,0,0,Discovery Investment Inc,0,0,0
20010320,33979,DCIV',OTC,0.142857143,0.5,0,0,Discovery Investment Inc,0,0,0
20010321,33979,DCIV',OTC,0.214285714,0.75,4,0,Discovery Investment Inc,0,0,0
20010322,33979,DCIV',OTC,0.214285714,0.75,0,0,Discovery Investment Inc,0,0,0
20010323,33979,DCIV',OTC,0.214285714,0.75,0,0,Discovery Investment Inc,0,0,0
20010326,33979,DCIV',OTC,0.214285714,0.75,0,0,Discovery Investment Inc,0,0,0
20010327,33979,DCIV',OTC,0.214285714,0.75,0,0,Discovery Investment Inc,0,0,0
20010328,33979,DCIV',OTC,0.214285714,0.75,0,0,Discovery Investment Inc,0,0,0
20010329,33979,DCIV',OTC,0.214285714,0.75,0,0,Discovery Investment Inc,0,0,0
20010330,33979,DCIV',OTC,0.214285714,0.75,0,0,Discovery Investment Inc,0,0,0
20010402,33979,DCIV',OTC,0.214285714,0.75,0,0,Discovery Investment Inc,0,0,0
20010403,33979,DCIV',OTC,0.214285714,0.75,0,0,Discovery Investment Inc,0,0,0
20010404,33979,DCIV',OTC,0.214285714,0.75,0,0,Discovery Investment Inc,0,0,0
20010405,33979,DCIV',OTC,0.214285714,0.75,0,0,Discovery Investment Inc,0,0,0
20010406,33979,DCIV',OTC,0.214285714,0.75,0,0,Discovery Investment Inc,0,0,0
20010409,33979,DCIV',OTC,0.214285714,0.75,0,0,Discovery Investment Inc,0,0,0
20010410,33979,DCIV',OTC,0.214285714,0.75,0,0,Discovery Investment Inc,0,0,0
20010411,33979,DCIV',OTC,0.214285714,0.75,0,0,Discovery Investment Inc,0,0,0
20010412,33979,DCIV',OTC,0.214285714,0.75,0,0,Discovery Investment Inc,0,0,0
20010416,33979,DCIV',OTC,0.214285714,0.75,0,0,Discovery Investment Inc,0,0,0
20010417,33979,DCIV',OTC,0.214285714,0.75,0,0,Discovery Investment Inc,0,0,0
20010418,33979,DCIV',OTC,0.214285714,0.75,0,0,Discovery Investment Inc,0,0,0
20010419,33979,DCIV',OTC,0.214285714,0.75,0,0,Discovery Investment Inc,0,0,0
20010420,33979,DCIV',OTC,0.214285714,0.75,0,0,Discovery Investment Inc,0,0,0
20010423,33979,DCIV',OTC,0.214285714,0.75,0,0,Discovery Investment Inc,0,0,0
20010424,33979,DCIV',OTC,0.214285714,0.75,0,0,Discovery Investment Inc,0,0,0
20010425,33979,DCIV',OTC,0.214285714,0.75,0,0,Discovery Investment Inc,0,0,0
20010426,33979,DCIV',OTC,0.214285714,0.75,0,0,Discovery Investment Inc,0,0,0
20010427,33979,DCIV',OTC,0.214285714,0.75,0,0,Discovery Investment Inc,0,0,0
20010430,33979,DCIV',OTC,0.214285714,0.75,0,0,Discovery Investment Inc,0,0,0
20010501,33979,DCIV',OTC,0.214285714,0.75,0,0,Discovery Investment Inc,0,0,0
20010502,33979,DCIV',OTC,0.214285714,0.75,0,0,Discovery Investment Inc,0,0,0
20010503,33979,DCIV',OTC,0.214285714,0.75,0,0,Discovery Investment Inc,0,0,0
20010504,33979,DCIV',OTC,0.214285714,0.75,0,0,Discovery Investment Inc,0,0,0
20010507,33979,DCIV',OTC,0.214285714,0.75,0,0,Discovery Investment Inc,0,0,0
20010508,33979,DCIV',OTC,0.214285714,0.75,0,0,Discovery Investment Inc,0,0,0
20010509,33979,DCIV',OTC,0.214285714,0.75,0,0,Discovery Investment Inc,0,0,0
20010510,33979,DCIV',OTC,0.214285714,0.75,0,0,Discovery Investment Inc,0,0,0
20010511,33979,DCIV',OTC,0.214285714,0.75,0,0,Discovery Investment Inc,0,0,0
20010514,33979,DCIV',OTC,0.214285714,0.75,0,0,Discovery Investment Inc,0,0,0
20010515,33979,DCIV',OTC,0.214285714,0.75,0,0,Discovery Investment Inc,0,0,0
20010516,33979,DCIV',OTC,0.214285714,0.75,0,0,Discovery Investment Inc,0,0,0
20010517,33979,DCIV',OTC,0.214285714,0.75,0,0,Discovery Investment Inc,0,0,0
20010518,33979,DCIV',OTC,0.214285714,0.75,0,0,Discovery Investment Inc,0,0,0
20010521,33979,DCIV',OTC,0.214285714,0.75,0,0,Discovery Investment Inc,0,0,0
20010522,33979,DCIV',OTC,0.214285714,0.75,0,0,Discovery Investment Inc,0,0,0
20010523,33979,DCIV',OTC,0.214285714,0.75,0,0,Discovery Investment Inc,0,0,0
20010524,33979,DCIV',OTC,0.214285714,0.75,0,0,Discovery Investment Inc,0,0,0
20010525,33979,DCIV',OTC,0.214285714,0.75,0,0,Discovery Investment Inc,0,0,0
20010529,33979,DCIV',OTC,0.214285714,0.75,0,0,Discovery Investment Inc,0,0,0
20010530,33979,DCIV',OTC,0.214285714,0.75,0,0,Discovery Investment Inc,0,0,0
20010531,33979,DCIV',OTC,0.214285714,0.75,0,0,Discovery Investment Inc,0,0,0
20010601,33979,DCIV',OTC,0.214285714,0.75,0,0,Discovery Investment Inc,0,0,0
20010604,33979,DCIV',OTC,0.214285714,0.75,0,0,Discovery Investment Inc,0,0,0
20010605,33979,DCIV',OTC,0.214285714,0.75,0,0,Discovery Investment Inc,0,0,0
20010606,33979,DCIV',OTC,0.214285714,0.75,0,0,Discovery Investment Inc,0,0,0
20010607,33979,DCIV',OTC,0.214285714,0.75,0,0,Discovery Investment Inc,0,0,0
20010608,33979,DCIV',OTC,0.214285714,0.75,0,0,Discovery Investment Inc,0,0,0
20010611,33979,DCIV',OTC,0.214285714,0.75,0,0,Discovery Investment Inc,0,0,0
20010612,33979,DCIV',OTC,0.214285714,0.75,0,0,Discovery Investment Inc,0,0,0
20010613,33979,DCIV',OTC,0.214285714,0.75,0,0,Discovery Investment Inc,0,0,0
20010614,33979,DCIV',OTC,0.214285714,0.75,0,0,Discovery Investment Inc,0,0,0
20010615,33979,DCIV',OTC,0.214285714,0.75,0,0,Discovery Investment Inc,0,0,0
20010618,33979,DCIV',OTC,0.214285714,0.75,0,0,Discovery Investment Inc,0,0,0
20010619,33979,DCIV',OTC,0.214285714,0.75,0,0,Discovery Investment Inc,0,0,0
20010620,33979,DCIV',OTC,0.02,0.07,53,0,Discovery Investment Inc,0,0,0
20010621,33979,DCIV',OTC,0.02,0.07,0,0,Discovery Investment Inc,0,0,0
20010622,33979,DCIV',OTC,0.02,0.07,0,0,Discovery Investment Inc,0,0,0
20010625,33979,DCIV',OTC,0.02,0.07,0,0,Discovery Investment Inc,0,0,0
20010626,33979,DCIV',OTC,0.02,0.07,0,0,Discovery Investment Inc,0,0,0
20010627,33979,DCIV',OTC,0.02,0.07,0,0,Discovery Investment Inc,0,0,0
20010628,33979,DCIV',OTC,0.02,0.07,0,0,Discovery Investment Inc,0,0,0
20010629,33979,DCIV',OTC,0.02,0.07,0,0,Discovery Investment Inc,0,0,0
20010702,33979,DCIV',OTC,0.02,0.07,0,0,Discovery Investment Inc,0,0,0
20010703,33979,DCIV',OTC,0.02,0.07,0,0,Discovery Investment Inc,0,0,0
20010705,33979,DCIV',OTC,0.02,0.07,0,0,Discovery Investment Inc,0,0,0
20010706,33979,DCIV',OTC,0.02,0.07,0,0,Discovery Investment Inc,0,0,0
20010709,33979,DCIV',OTC,0.02,0.07,0,0,Discovery Investment Inc,0,0,0
20010710,33979,DCIV',OTC,0.02,0.07,0,0,Discovery Investment Inc,0,0,0
20010711,33979,DCIV',OTC,0.02,0.07,0,0,Discovery Investment Inc,0,0,0
20010712,33979,DCIV',OTC,0.02,0.07,0,0,Discovery Investment Inc,0,0,0
20010713,33979,DCIV',OTC,0.02,0.07,0,0,Discovery Investment Inc,0,0,0
20010716,33979,DCIV',OTC,0.02,0.07,0,0,Discovery Investment Inc,0,0,0
20010717,33979,DCIV',OTC,0.02,0.07,123,0,Discovery Investment Inc,0,0,0
20010718,33979,DCIV',OTC,0.02,0.07,0,0,Discovery Investment Inc,0,0,0
20010719,33979,DCIV',OTC,0.02,0.07,0,0,Discovery Investment Inc,0,0,0
20010720,33979,DCIV',OTC,0.02,0.07,0,0,Discovery Investment Inc,0,0,0
20010723,33979,DCIV',OTC,0.02,0.07,0,0,Discovery Investment Inc,0,0,0
20010724,33979,DCIV',OTC,0.02,0.07,0,0,Discovery Investment Inc,0,0,0
20010725,33979,DCIV',OTC,0.02,0.07,0,0,Discovery Investment Inc,0,0,0
20010726,33979,DCIV',OTC,0.02,0.07,0,0,Discovery Investment Inc,0,0,0
20010727,33979,DCIV',OTC,0.02,0.07,0,0,Discovery Investment Inc,0,0,0
20010730,33979,DCIV',OTC,0.02,0.07,0,0,Discovery Investment Inc,0,0,0
20010731,33979,DCIV',OTC,0.02,0.07,0,0,Discovery Investment Inc,0,0,0
20010801,33979,DCIV',OTC,0.02,0.07,0,0,Discovery Investment Inc,0,0,0
20010802,33979,DCIV',OTC,0.02,0.07,0,0,Discovery Investment Inc,0,0,0
20010803,33979,DCIV',OTC,0.02,0.07,0,0,Discovery Investment Inc,0,0,0
20010806,33979,DCIV',OTC,0.02,0.07,0,0,Discovery Investment Inc,0,0,0
20010807,33979,DCIV',OTC,0.02,0.07,0,0,Discovery Investment Inc,0,0,0
20010808,33979,DCIV',OTC,0.02,0.07,0,0,Discovery Investment Inc,0,0,0
20010809,33979,DCIV',OTC,0.02,0.07,0,0,Discovery Investment Inc,0,0,0
20010810,33979,DCIV',OTC,0.02,0.07,0,0,Discovery Investment Inc,0,0,0
20010813,33979,DCIV',OTC,0.02,0.07,0,0,Discovery Investment Inc,0,0,0
20010814,33979,DCIV',OTC,0.02,0.07,0,0,Discovery Investment Inc,0,0,0
20010815,33979,DCIV',OTC,0.02,0.07,0,0,Discovery Investment Inc,0,0,0
20010816,33979,DCIV',OTC,0.02,0.07,0,0,Discovery Investment Inc,0,0,0
20010817,33979,DCIV',OTC,0.02,0.07,0,0,Discovery Investment Inc,0,0,0
20010820,33979,DCIV',OTC,0.02,0.07,0,0,Discovery Investment Inc,0,0,0
20010821,33979,DCIV',OTC,0.02,0.07,0,0,Discovery Investment Inc,0,0,0
20010822,33979,DCIV',OTC,0.02,0.07,0,0,Discovery Investment Inc,0,0,0
20010823,33979,DCIV',OTC,0.02,0.07,0,0,Discovery Investment Inc,0,0,0
20010824,33979,DCIV',OTC,0.02,0.07,0,0,Discovery Investment Inc,0,0,0
20010827,33979,DCIV',OTC,0.02,0.07,0,0,Discovery Investment Inc,0,0,0
20010828,33979,DCIV',OTC,0.02,0.07,0,0,Discovery Investment Inc,0,0,0
20010829,33979,DCIV',OTC,0.02,0.07,0,0,Discovery Investment Inc,0,0,0
20010830,33979,DCIV',OTC,0.02,0.07,0,0,Discovery Investment Inc,0,0,0
20010831,33979,DCIV',OTC,0.02,0.07,0,0,Discovery Investment Inc,0,0,0
20010904,33979,DCIV',OTC,0.02,0.07,0,0,Discovery Investment Inc,0,0,0
20010905,33979,DCIV',OTC,0.02,0.07,0,0,Discovery Investment Inc,0,0,0
20010906,33979,DCIV',OTC,0.02,0.07,0,0,Discovery Investment Inc,0,0,0
20010907,33979,DCIV',OTC,0.02,0.07,0,0,Discovery Investment Inc,0,0,0
20010910,33979,DCIV',OTC,0.02,0.07,0,0,Discovery Investment Inc,0,0,0
20010917,33979,DCIV',OTC,0.02,0.07,0,0,Discovery Investment Inc,0,0,0
20010918,33979,DCIV',OTC,0.02,0.07,0,0,Discovery Investment Inc,0,0,0
20010919,33979,DCIV',OTC,0.02,0.07,0,0,Discovery Investment Inc,0,0,0
20010920,33979,DCIV',OTC,0.02,0.07,0,0,Discovery Investment Inc,0,0,0
20010921,33979,DCIV',OTC,0.02,0.07,0,0,Discovery Investment Inc,0,0,0
20010924,33979,DCIV',OTC,0.02,0.07,0,0,Discovery Investment Inc,0,0,0
20010925,33979,DCIV',OTC,0.02,0.07,0,0,Discovery Investment Inc,0,0,0
20010926,33979,DCIV',OTC,0.142857143,0.5,11,0,Discovery Investment Inc,0,0,0
20010927,33979,DCIV',OTC,0.142857143,0.5,0,0,Discovery Investment Inc,0,0,0
20010928,33979,DCIV',OTC,0.142857143,0.5,0,0,Discovery Investment Inc,0,0,0
20011001,33979,DCIV',OTC,0.142857143,0.5,0,0,Discovery Investment Inc,0,0,0
20011002,33979,DCIV',OTC,0.142857143,0.5,0,0,Discovery Investment Inc,0,0,0
20011003,33979,DCIV',OTC,0.142857143,0.5,0,0,Discovery Investment Inc,0,0,0
20011004,33979,DCIV',OTC,0.142857143,0.5,0,0,Discovery Investment Inc,0,0,0
20011005,33979,DCIV',OTC,0.142857143,0.5,0,0,Discovery Investment Inc,0,0,0
20011008,33979,DCIV',OTC,0.142857143,0.5,0,0,Discovery Investment Inc,0,0,0
20011009,33979,DCIV',OTC,0.142857143,0.5,0,0,Discovery Investment Inc,0,0,0
20011010,33979,DCIV',OTC,0.142857143,0.5,0,0,Discovery Investment Inc,0,0,0
20011011,33979,DCIV',OTC,0.142857143,0.5,0,0,Discovery Investment Inc,0,0,0
20011012,33979,DCIV',OTC,0.142857143,0.5,0,0,Discovery Investment Inc,0,0,0
20011015,33979,DCIV',OTC,0.142857143,0.5,0,0,Discovery Investment Inc,0,0,0
20011016,33979,DCIV',OTC,0.142857143,0.5,0,0,Discovery Investment Inc,0,0,0
20011017,33979,DCIV',OTC,0.142857143,0.5,0,0,Discovery Investment Inc,0,0,0
20011018,33979,DCIV',OTC,0.142857143,0.5,0,0,Discovery Investment Inc,0,0,0
20011019,33979,DCIV',OTC,0.142857143,0.5,0,0,Discovery Investment Inc,0,0,0
20011022,33979,DCIV',OTC,0.142857143,0.5,0,0,Discovery Investment Inc,0,0,0
20011023,33979,DCIV',OTC,0.142857143,0.5,0,0,Discovery Investment Inc,0,0,0
20011024,33979,DCIV',OTC,0.142857143,0.5,0,0,Discovery Investment Inc,0,0,0
20011025,33979,DCIV',OTC,0.142857143,0.5,0,0,Discovery Investment Inc,0,0,0
20011026,33979,DCIV',OTC,0.142857143,0.5,0,0,Discovery Investment Inc,0,0,0
20011029,33979,DCIV',OTC,0.142857143,0.5,0,0,Discovery Investment Inc,0,0,0
20011030,33979,DCIV',OTC,0.142857143,0.5,0,0,Discovery Investment Inc,0,0,0
20011031,33979,DCIV',OTC,0.142857143,0.5,0,0,Discovery Investment Inc,0,0,0
20011101,33979,DCIV',OTC,0.142857143,0.5,0,0,Discovery Investment Inc,0,0,0
20011102,33979,DCIV',OTC,0.142857143,0.5,0,0,Discovery Investment Inc,0,0,0
20011105,33979,DCIV',OTC,0.142857143,0.5,0,0,Discovery Investment Inc,0,0,0
20011106,33979,DCIV',OTC,0.142857143,0.5,0,0,Discovery Investment Inc,0,0,0
20011107,33979,DCIV',OTC,0.142857143,0.5,0,0,Discovery Investment Inc,0,0,0
20011108,33979,DCIV',OTC,0.142857143,0.5,0,0,Discovery Investment Inc,0,0,0
20011109,33979,DCIV',OTC,0.142857143,0.5,0,0,Discovery Investment Inc,0,0,0
20011112,33979,DCIV',OTC,0.142857143,0.5,0,0,Discovery Investment Inc,0,0,0
20011113,33979,DCIV',OTC,0.142857143,0.5,0,0,Discovery Investment Inc,0,0,0
20011114,33979,DCIV',OTC,0.142857143,0.5,0,0,Discovery Investment Inc,0,0,0
20011115,33979,DCIV',OTC,0.142857143,0.5,0,0,Discovery Investment Inc,0,0,0
20011116,33979,DCIV',OTC,0.142857143,0.5,0,0,Discovery Investment Inc,0,0,0
20011119,33979,DCIV',OTC,0.142857143,0.5,0,0,Discovery Investment Inc,0,0,0
20011120,33979,DCIV',OTC,0.142857143,0.5,0,0,Discovery Investment Inc,0,0,0
20011121,33979,DCIV',OTC,0.142857143,0.5,0,0,Discovery Investment Inc,0,0,0
20011123,33979,DCIV',OTC,0.142857143,0.5,0,0,Discovery Investment Inc,0,0,0
20011126,33979,DCIV',OTC,0.142857143,0.5,0,0,Discovery Investment Inc,0,0,0
20011127,33979,DCIV',OTC,0.142857143,0.5,0,0,Discovery Investment Inc,0,0,0
20011128,33979,DCIV',OTC,0.142857143,0.5,0,0,Discovery Investment Inc,0,0,0
20011129,33979,DCIV',OTC,0.142857143,0.5,0,0,Discovery Investment Inc,0,0,0
20011130,33979,DCIV',OTC,0.142857143,0.5,0,0,Discovery Investment Inc,0,0,0
20011203,33979,DCIV',OTC,0.142857143,0.5,0,0,Discovery Investment Inc,0,0,0
20011204,33979,DCIV',OTC,0.142857143,0.5,0,0,Discovery Investment Inc,0,0,0
20011205,33979,DCIV',OTC,0.142857143,0.5,0,0,Discovery Investment Inc,0,0,0
20011206,33979,DCIV',OTC,0.142857143,0.5,0,0,Discovery Investment Inc,0,0,0
20011207,33979,DCIV',OTC,0.142857143,0.5,0,0,Discovery Investment Inc,0,0,0
20011210,33979,DCIV',OTC,0.142857143,0.5,0,0,Discovery Investment Inc,0,0,0
20011211,33979,DCIV',OTC,0.142857143,0.5,0,0,Discovery Investment Inc,0,0,0
20011212,33979,DCIV',OTC,0.142857143,0.5,0,0,Discovery Investment Inc,0,0,0
20011213,33979,DCIV',OTC,0.02,0.07,2398,0,Discovery Investment Inc,0,0,0
20011214,33979,DCIV',OTC,0.042857143,0.15,700,0,Discovery Investment Inc,0,0,0
20011217,33979,DCIV',OTC,0.042857143,0.15,175,0,Discovery Investment Inc,0,0,0
20011218,33979,DCIV',OTC,0.042857143,0.15,525,0,Discovery Investment Inc,0,0,0
20011219,33979,DCIV',OTC,0.042857143,0.15,0,0,Discovery Investment Inc,0,0,0
20011220,33979,DCIV',OTC,0.042857143,0.15,0,0,Discovery Investment Inc,0,0,0
20011221,33979,DCIV',OTC,0.042857143,0.15,0,0,Discovery Investment Inc,0,0,0
20011224,33979,DCIV',OTC,0.042857143,0.15,0,0,Discovery Investment Inc,0,0,0
20011226,33979,DCIV',OTC,0.042857143,0.15,0,0,Discovery Investment Inc,0,0,0
20011227,33979,DCIV',OTC,0.042857143,0.15,0,0,Discovery Investment Inc,0,0,0
20011228,33979,DCIV',OTC,0.042857143,0.15,0,0,Discovery Investment Inc,0,0,0
20011231,33979,DCIV',OTC,0.042857143,0.15,0,0,Discovery Investment Inc,0,0,0
20020102,33979,DCIV',OTC,0.042857143,0.15,0,0,Discovery Investment Inc,0,0,0
20020103,33979,DCIV',OTC,0.042857143,0.15,0,0,Discovery Investment Inc,0,0,0
20020104,33979,DCIV',OTC,0.042857143,0.15,0,0,Discovery Investment Inc,0,0,0
20020107,33979,DCIV',OTC,0.042857143,0.15,0,0,Discovery Investment Inc,0,0,0
20020108,33979,DCIV',OTC,0.042857143,0.15,0,0,Discovery Investment Inc,0,0,0
20020109,33979,DCIV',OTC,0.042857143,0.15,0,0,Discovery Investment Inc,0,0,0
20020110,33979,DCIV',OTC,0.042857143,0.15,0,0,Discovery Investment Inc,0,0,0
20020111,33979,DCIV',OTC,0.042857143,0.15,0,0,Discovery Investment Inc,0,0,0
20020114,33979,DCIV',OTC,0.042857143,0.15,0,0,Discovery Investment Inc,0,0,0
20020115,33979,DCIV',OTC,0.042857143,0.15,0,0,Discovery Investment Inc,0,0,0
20020116,33979,DCIV',OTC,0.042857143,0.15,0,0,Discovery Investment Inc,0,0,0
20020117,33979,DCIV',OTC,0.062857143,0.22,1173,0,Discovery Investment Inc,0,0,0
20020118,33979,DCIV',OTC,0.062857143,0.22,0,0,Discovery Investment Inc,0,0,0
20020122,33979,DCIV',OTC,0.062857143,0.22,0,0,Discovery Investment Inc,0,0,0
20020123,33979,DCIV',OTC,0.062857143,0.22,0,0,Discovery Investment Inc,0,0,0
20020124,33979,DCIV',OTC,0.062857143,0.22,0,0,Discovery Investment Inc,0,0,0
20020125,33979,DCIV',OTC,0.062857143,0.22,0,0,Discovery Investment Inc,0,0,0
20020128,33979,DCIV',OTC,0.074285714,0.26,700,0,Discovery Investment Inc,0,0,0
20020129,33979,DCIV',OTC,0.06,0.21,525,0,Discovery Investment Inc,0,0,0
20020130,33979,DCIV',OTC,0.06,0.21,0,0,Discovery Investment Inc,0,0,0
20020131,33979,DCIV',OTC,0.06,0.21,0,0,Discovery Investment Inc,0,0,0
20020201,33979,DCIV',OTC,0.06,0.21,0,0,Discovery Investment Inc,0,0,0
20020204,33979,DCIV',OTC,0.062857143,0.22,385,0,Discovery Investment Inc,0,0,0
20020205,33979,DCIV',OTC,0.062857143,0.22,0,0,Discovery Investment Inc,0,0,0
20020206,33979,DCIV',OTC,0.057142857,0.2,175,0,Discovery Investment Inc,0,0,0
20020207,33979,DCIV',OTC,0.08,0.28,525,0,Discovery Investment Inc,0,0,0
20020208,33979,DCIV',OTC,0.08,0.28,0,0,Discovery Investment Inc,0,0,0
20020211,33979,DCIV',OTC,0.08,0.28,0,0,Discovery Investment Inc,0,0,0
20020212,33979,DCIV',OTC,0.08,0.28,0,0,Discovery Investment Inc,0,0,0
20020213,33979,DCIV',OTC,0.08,0.28,0,0,Discovery Investment Inc,0,0,0
20020214,33979,DCIV',OTC,0.08,0.28,0,0,Discovery Investment Inc,0,0,0
20020215,33979,DCIV',OTC,0.08,0.28,0,0,Discovery Investment Inc,0,0,0
20020219,33979,DCIV',OTC,0.08,0.28,0,0,Discovery Investment Inc,0,0,0
20020220,33979,DCIV',OTC,0.145714286,0.51,1050,0,Discovery Investment Inc,0,0,0
20020221,33979,DCIV',OTC,0.114285714,0.4,102,0,Discovery Investment Inc,0,0,0
20020222,33979,DCIV',OTC,0.114285714,0.4,0,0,Discovery Investment Inc,0,0,0
20020225,33979,DCIV',OTC,0.114285714,0.4,0,0,Discovery Investment Inc,0,0,0
20020226,33979,DCIV',OTC,0.114285714,0.4,0,0,Discovery Investment Inc,0,0,0
20020227,33979,DCIV',OTC,0.114285714,0.4,0,0,Discovery Investment Inc,0,0,0
20020228,33979,DCIV',OTC,0.114285714,0.4,0,0,Discovery Investment Inc,0,0,0
20020301,33979,DCIV',OTC,0.114285714,0.4,0,0,Discovery Investment Inc,0,0,0
20020304,33979,DCIV',OTC,0.257142857,0.9,700,0,Discovery Investment Inc,0,0,0
20020305,33979,DCIV',OTC,0.257142857,0.9,196,0,Discovery Investment Inc,0,0,0
20020306,33979,DCIV',OTC,0.288571429,1.01,189,0,Discovery Investment Inc,0,0,0
20020307,33979,DCIV',OTC,0.245714286,0.86,553,0,Discovery Investment Inc,0,0,0
20020308,33979,DCIV',OTC,0.245714286,0.86,0,0,Discovery Investment Inc,0,0,0
20020311,33979,DCIV',OTC,0.245714286,0.86,0,0,Discovery Investment Inc,0,0,0
20020312,33979,DCIV',OTC,0.245714286,0.86,0,0,Discovery Investment Inc,0,0,0
20020313,33979,DCIV',OTC,0.245714286,0.86,0,0,Discovery Investment Inc,0,0,0
20020314,33979,DCIV',OTC,0.245714286,0.86,0,0,Discovery Investment Inc,0,0,0
20020315,33979,DCIV',OTC,0.245714286,0.86,0,0,Discovery Investment Inc,0,0,0
20020318,33979,DCIV',OTC,0.245714286,0.86,0,0,Discovery Investment Inc,0,0,0
20020319,33979,DCIV',OTC,0.245714286,0.86,0,0,Discovery Investment Inc,0,0,0
20020320,33979,DCIV',OTC,0.245714286,0.86,0,0,Discovery Investment Inc,0,0,0
20020321,33979,DCIV',OTC,0.245714286,0.86,0,0,Discovery Investment Inc,0,0,0
20020322,33979,DCIV',OTC,0.245714286,0.86,0,0,Discovery Investment Inc,0,0,0
20020325,33979,DCIV',OTC,0.245714286,0.86,0,0,Discovery Investment Inc,0,0,0
20020326,33979,DCIV',OTC,0.288571429,1.01,39,0,Discovery Investment Inc,0,0,0
20020327,33979,DCIV',OTC,0.288571429,1.01,0,0,Discovery Investment Inc,0,0,0
20020328,33979,DCIV',OTC,0.3,1.05,53,0,Discovery Investment Inc,0,0,0
20020401,33979,DCIV',OTC,0.3,1.05,0,0,Discovery Investment Inc,0,0,0
20020402,33979,DCIV',OTC,0.3,1.05,0,0,Discovery Investment Inc,0,0,0
20020403,33979,DCIV',OTC,0.3,1.05,0,0,Discovery Investment Inc,0,0,0
20020404,33979,DCIV',OTC,0.3,1.05,0,0,Discovery Investment Inc,0,0,0
20020405,33979,DCIV',OTC,0.3,1.05,0,0,Discovery Investment Inc,0,0,0
20020408,33979,DCIV',OTC,0.3,1.05,0,0,Discovery Investment Inc,0,0,0
20020409,33979,DCIV',OTC,0.3,1.05,0,0,Discovery Investment Inc,0,0,0
20020410,33979,DCIV',OTC,0.3,1.05,0,0,Discovery Investment Inc,0,0,0
20020411,33979,DCIV',OTC,0.3,1.05,0,0,Discovery Investment Inc,0,0,0
20020412,33979,DCIV',OTC,0.3,1.05,0,0,Discovery Investment Inc,0,0,0
20020415,33979,DCIV',OTC,0.314285714,1.1,39,0,Discovery Investment Inc,0,0,0
20020416,33979,DCIV',OTC,0.314285714,1.1,0,0,Discovery Investment Inc,0,0,0
20020417,33979,DCIV',OTC,0.314285714,1.1,0,0,Discovery Investment Inc,0,0,0
20020418,33979,DCIV',OTC,0.314285714,1.1,0,0,Discovery Investment Inc,0,0,0
20020419,33979,DCIV',OTC,0.314285714,1.1,0,0,Discovery Investment Inc,0,0,0
20020422,33979,DCIV',OTC,0.314285714,1.1,0,0,Discovery Investment Inc,0,0,0
20020423,33979,DCIV',OTC,0.314285714,1.1,0,0,Discovery Investment Inc,0,0,0
20020424,33979,DCIV',OTC,0.314285714,1.1,0,0,Discovery Investment Inc,0,0,0
20020425,33979,DCIV',OTC,0.314285714,1.1,0,0,Discovery Investment Inc,0,0,0
20020426,33979,DCIV',OTC,0.328571429,1.15,165,0,Discovery Investment Inc,0,0,0
20020429,33979,DCIV',OTC,0.328571429,1.15,0,0,Discovery Investment Inc,0,0,0
20020430,33979,DCIV',OTC,0.328571429,1.15,298,0,Discovery Investment Inc,0,0,0
20020501,33979,DCIV',OTC,0.328571429,1.15,0,0,Discovery Investment Inc,0,0,0
20020502,33979,DCIV',OTC,0.328571429,1.15,0,0,Discovery Investment Inc,0,0,0
20020503,33979,DCIV',OTC,0.328571429,1.15,0,0,Discovery Investment Inc,0,0,0
20020506,33979,DCIV',OTC,0.571428571,2,424,0,Discovery Investment Inc,0,0,0
20020507,33979,DCIV',OTC,0.5,1.75,595,0,Discovery Investment Inc,0,0,0
20020508,33979,DCIV',OTC,0.5,1.75,634,0,Discovery Investment Inc,0,0,0
20020509,33979,DCIV',OTC,0.68,0.68,143,0,Discovery Investment Inc,0,0,0
20020510,33979,DCIV',OTC,0.68,0.68,0,0,Discovery Investment Inc,0,0,0
20020513,33979,DCIV',OTC,0.55,0.55,86,0,Discovery Investment Inc,0,0,0
20020514,33979,DCIV',OTC,0.55,0.55,0,0,Discovery Investment Inc,0,0,0
20020515,33979,DCIV',OTC,0.65,0.65,181,0,Discovery Investment Inc,0,0,0
20020516,33979,DCIV',OTC,0.56,0.56,1305,0,Discovery Investment Inc,0,0,0
20020517,33979,DCIV',OTC,0.51,0.51,585,0,Discovery Investment Inc,0,0,0
20020520,33979,DCIV',OTC,0.55,0.55,100,0,Discovery Investment Inc,0,0,0
20020521,33979,DCIV',OTC,0.52,0.52,400,0,Discovery Investment Inc,0,0,0
20020522,33979,DCIV',OTC,0.53,0.53,200,0,Discovery Investment Inc,0,0,0
20020523,33979,DCIV',OTC,0.53,0.53,290,0,Discovery Investment Inc,0,0,0
20020524,33979,DCIV',OTC,0.57,0.57,130,0,Discovery Investment Inc,0,0,0
20020528,33979,DCIV',OTC,0.6,0.6,285,0,Discovery Investment Inc,0,0,0
20020529,33979,DCIV',OTC,0.6,0.6,670,0,Discovery Investment Inc,0,0,0
20020530,33979,DCIV',OTC,0.6,0.6,372,0,Discovery Investment Inc,0,0,0
20020531,33979,DCIV',OTC,0.61,0.61,175,0,Discovery Investment Inc,0,0,0
20020603,33979,DCIV',OTC,0.61,0.61,0,0,Discovery Investment Inc,0,0,0
20020604,33979,DCIV',OTC,0.61,0.61,0,0,Discovery Investment Inc,0,0,0
20020605,33979,DCIV',OTC,0.61,0.61,0,0,Discovery Investment Inc,0,0,0
20020606,33979,DCIV',OTC,0.6,0.6,1357,0,Discovery Investment Inc,0,0,0
20020607,33979,DCIV',OTC,0.62,0.62,50,0,Discovery Investment Inc,0,0,0
20020610,33979,DCIV',OTC,0.62,0.62,0,0,Discovery Investment Inc,0,0,0
20020611,33979,DCIV',OTC,0.5,0.5,185,0,Discovery Investment Inc,0,0,0
20020612,33979,DCIV',OTC,0.5,0.5,0,0,Discovery Investment Inc,0,0,0
20020613,33979,DCIV',OTC,0.86,0.86,435,0,Discovery Investment Inc,0,0,0
20020614,33979,DCIV',OTC,0.85,0.85,2346,0,Discovery Investment Inc,0,0,0
20020617,33979,DCIV',OTC,1.04,1.04,960,0,Discovery Investment Inc,0,0,0
20020618,33979,DCIV',OTC,1.1,1.1,430,0,Discovery Investment Inc,0,0,0
20020619,33979,DCIV',OTC,1.19,1.19,655,0,Discovery Investment Inc,0,0,0
20020620,33979,DCIV',OTC,1.25,1.25,210,0,Discovery Investment Inc,0,0,0
20020621,33979,DCIV',OTC,1.28,1.28,460,0,Discovery Investment Inc,0,0,0
20020624,33979,DCIV',OTC,1.27,1.27,50,0,Discovery Investment Inc,0,0,0
20020625,33979,DCIV',OTC,1.28,1.28,385,0,Discovery Investment Inc,0,0,0
20020626,33979,DCIV',OTC,1.27,1.27,430,0,Discovery Investment Inc,0,0,0
20020627,33979,DCIV',OTC,1.26,1.26,330,0,Discovery Investment Inc,0,0,0
20020628,33979,DCIV',OTC,1.28,1.28,740,0,Discovery Investment Inc,0,0,0
20020701,33979,DCIV',OTC,1.28,1.28,0,0,Discovery Investment Inc,0,0,0
20020702,33979,DCIV',OTC,1.26,1.26,150,0,Discovery Investment Inc,0,0,0
20020703,33979,DCIV',OTC,1.32,1.32,460,0,Discovery Investment Inc,0,0,0
20020705,33979,DCIV',OTC,1.33,1.33,242,0,Discovery Investment Inc,0,0,0
20020708,33979,DCIV',OTC,1.48,1.48,640,0,Discovery Investment Inc,0,0,0
20020709,33979,DCIV',OTC,1.46,1.46,700,0,Discovery Investment Inc,0,0,0
20020710,33979,DCIV',OTC,1.46,1.46,305,0,Discovery Investment Inc,0,0,0
20020711,33979,DCIV',OTC,1.4,1.4,605,0,Discovery Investment Inc,0,0,0
20020712,33979,DCIV',OTC,1.3,1.3,2325,0,Discovery Investment Inc,0,0,0
20020715,33979,DCIV',OTC,1.33,1.33,245,0,Discovery Investment Inc,0,0,0
20020716,33979,DCIV',OTC,1.33,1.33,210,0,Discovery Investment Inc,0,0,0
20020717,33979,DCIV',OTC,1.33,1.33,207,0,Discovery Investment Inc,0,0,0
20020718,33979,DCIV',OTC,1.3,1.3,496,0,Discovery Investment Inc,0,0,0
20020719,33979,DCIV',OTC,1.23,1.23,920,0,Discovery Investment Inc,0,0,0
20020722,33979,DCIV',OTC,1.15,1.15,860,0,Discovery Investment Inc,0,0,0
20020723,33979,DCIV',OTC,1.16,1.16,508,0,Discovery Investment Inc,0,0,0
20020724,33979,DCIV',OTC,1.14,1.14,1634,0,Discovery Investment Inc,0,0,0
20020725,33979,DCIV',OTC,1.1,1.1,269,0,Discovery Investment Inc,0,0,0
20020726,33979,DCIV',OTC,1.14,1.14,575,0,Discovery Investment Inc,0,0,0
20020729,33979,DCIV',OTC,1.1,1.1,85,0,Discovery Investment Inc,0,0,0
20020730,33979,DCIV',OTC,1.14,1.14,280,0,Discovery Investment Inc,0,0,0
20020731,33979,DCIV',OTC,1.01,1.01,1777,0,Discovery Investment Inc,0,0,0
20020801,33979,DCIV',OTC,1.09,1.09,145,0,Discovery Investment Inc,0,0,0
20020802,33979,DCIV',OTC,1,1,235,0,Discovery Investment Inc,0,0,0
20020805,33979,DCIV',OTC,0.85,0.85,110,0,Discovery Investment Inc,0,0,0
20020806,33979,DCIV',OTC,0.85,0.85,0,0,Discovery Investment Inc,0,0,0
20020807,33979,DCIV',OTC,0.85,0.85,0,0,Discovery Investment Inc,0,0,0
20020808,33979,DCIV',OTC,0.85,0.85,0,0,Discovery Investment Inc,0,0,0
20020809,33979,DCIV',OTC,0.9,0.9,950,0,Discovery Investment Inc,0,0,0
20020812,33979,DCIV',OTC,0.87,0.87,825,0,Discovery Investment Inc,0,0,0
20020813,33979,DCIV',OTC,0.75,0.75,645,0,Discovery Investment Inc,0,0,0
20020814,33979,DCIV',OTC,0.75,0.75,0,0,Discovery Investment Inc,0,0,0
20020815,33979,DCIV',OTC,0.85,0.85,200,0,Discovery Investment Inc,0,0,0
20020816,33979,DCIV',OTC,0.84,0.84,1135,0,Discovery Investment Inc,0,0,0
20020819,33979,DCIV',OTC,0.75,0.75,408,0,Discovery Investment Inc,0,0,0
20020820,33979,DCIV',OTC,0.65,0.65,620,0,Discovery Investment Inc,0,0,0
20020821,33979,DCIV',OTC,0.7,0.7,75,0,Discovery Investment Inc,0,0,0
20020822,33979,DCIV',OTC,0.8,0.8,200,0,Discovery Investment Inc,0,0,0
20020823,33979,DCIV',OTC,0.8,0.8,0,0,Discovery Investment Inc,0,0,0
20020826,33979,DCIV',OTC,0.65,0.65,225,0,Discovery Investment Inc,0,0,0
20020827,33979,DCIV',OTC,0.67,0.67,479,0,Discovery Investment Inc,0,0,0
20020828,33979,DCIV',OTC,0.67,0.67,0,0,Discovery Investment Inc,0,0,0
20020829,33979,DCIV',OTC,0.65,0.65,110,0,Discovery Investment Inc,0,0,0
20020830,33979,DCIV',OTC,0.7,0.7,2215,0,Discovery Investment Inc,0,0,0
20020903,33979,DCIV',OTC,0.75,0.75,165,0,Discovery Investment Inc,0,0,0
20020904,33979,DCIV',OTC,0.71,0.71,835,0,Discovery Investment Inc,0,0,0
20020905,33979,DCIV',OTC,0.56,0.56,155,0,Discovery Investment Inc,0,0,0
20020906,33979,DCIV',OTC,0.54,0.54,551,0,Discovery Investment Inc,0,0,0
20020909,33979,DCIV',OTC,0.54,0.54,0,0,Discovery Investment Inc,0,0,0
20020910,33979,DCIV',OTC,0.52,0.52,50,0,Discovery Investment Inc,0,0,0
20020911,33979,DCIV',OTC,0.59,0.59,240,0,Discovery Investment Inc,0,0,0
20020912,33979,DCIV',OTC,0.51,0.51,70,0,Discovery Investment Inc,0,0,0
20020913,33979,DCIV',OTC,0.46,0.46,235,0,Discovery Investment Inc,0,0,0
20020916,33979,DCIV',OTC,0.51,0.51,50,0,Discovery Investment Inc,0,0,0
20020917,33979,DCIV',OTC,0.39,0.39,610,0,Discovery Investment Inc,0,0,0
20020918,33979,DCIV',OTC,0.5,0.5,1543,0,Discovery Investment Inc,0,0,0
20020919,33979,DCIV',OTC,0.44,0.44,90,0,Discovery Investment Inc,0,0,0
20020920,33979,DCIV',OTC,0.45,0.45,380,0,Discovery Investment Inc,0,0,0
20020923,33979,DCIV',OTC,0.43,0.43,710,0,Discovery Investment Inc,0,0,0
20020924,33979,DCIV',OTC,0.47,0.47,490,0,Discovery Investment Inc,0,0,0
20020925,33979,DCIV',OTC,0.53,0.53,1245,0,Discovery Investment Inc,0,0,0
20020926,33979,DCIV',OTC,0.53,0.53,0,0,Discovery Investment Inc,0,0,0
20020927,33979,DCIV',OTC,0.53,0.53,0,0,Discovery Investment Inc,0,0,0
20020930,33979,DCIV',OTC,0.51,0.51,1140,0,Discovery Investment Inc,0,0,0
20021001,33979,DCIV',OTC,0.5,0.5,1290,0,Discovery Investment Inc,0,0,0
20021002,33979,DCIV',OTC,0.5,0.5,995,0,Discovery Investment Inc,0,0,0
20021003,33979,DCIV',OTC,0.45,0.45,20,0,Discovery Investment Inc,0,0,0
20021004,33979,DCIV',OTC,0.45,0.45,0,0,Discovery Investment Inc,0,0,0
20021007,33979,DCIV',OTC,0.44,0.44,50,0,Discovery Investment Inc,0,0,0
20021008,33979,DCIV',OTC,0.37,0.37,460,0,Discovery Investment Inc,0,0,0
20021009,33979,DCIV',OTC,0.45,0.45,200,0,Discovery Investment Inc,0,0,0
20021010,33979,DCIV',OTC,0.45,0.45,315,0,Discovery Investment Inc,0,0,0
20021011,33979,DCIV',OTC,0.45,0.45,0,0,Discovery Investment Inc,0,0,0
20021014,33979,DCIV',OTC,0.45,0.45,0,0,Discovery Investment Inc,0,0,0
20021015,33979,DCIV',OTC,0.4,0.4,50,0,Discovery Investment Inc,0,0,0
20021016,33979,DCIV',OTC,0.4,0.4,0,0,Discovery Investment Inc,0,0,0
20021017,33979,DCIV',OTC,0.45,0.45,50,0,Discovery Investment Inc,0,0,0
20021018,33979,DCIV',OTC,0.45,0.45,0,0,Discovery Investment Inc,0,0,0
20021021,33979,DCIV',OTC,0.45,0.45,0,0,Discovery Investment Inc,0,0,0
20021022,33979,DCIV',OTC,0.45,0.45,0,0,Discovery Investment Inc,0,0,0
20021023,33979,DCIV',OTC,0.45,0.45,0,0,Discovery Investment Inc,0,0,0
20021024,33979,DCIV',OTC,0.45,0.45,0,0,Discovery Investment Inc,0,0,0
20021025,33979,DCIV',OTC,0.45,0.45,0,0,Discovery Investment Inc,0,0,0
20021028,33979,DCIV',OTC,0.45,0.45,0,0,Discovery Investment Inc,0,0,0
20021029,33979,DCIV',OTC,0.38,0.38,50,0,Discovery Investment Inc,0,0,0
20021030,33979,DCIV',OTC,0.38,0.38,50,0,Discovery Investment Inc,0,0,0
20021031,33979,DCIV',OTC,0.35,0.35,300,0,Discovery Investment Inc,0,0,0
20021101,33979,DCIV',OTC,0.28,0.28,750,0,Discovery Investment Inc,0,0,0
20021104,33979,DCIV',OTC,0.31,0.31,125,0,Discovery Investment Inc,0,0,0
20021105,33979,DCIV',OTC,0.3,0.3,190,0,Discovery Investment Inc,0,0,0
20021106,33979,DCIV',OTC,0.25,0.25,120,0,Discovery Investment Inc,0,0,0
20021107,33979,DCIV',OTC,0.25,0.25,70,0,Discovery Investment Inc,0,0,0
20021108,33979,DCIV',OTC,0.25,0.25,590,0,Discovery Investment Inc,0,0,0
20021111,33979,DCIV',OTC,0.25,0.25,0,0,Discovery Investment Inc,0,0,0
20021112,33979,DCIV',OTC,0.25,0.25,0,0,Discovery Investment Inc,0,0,0
20021113,33979,DCIV',OTC,0.25,0.25,0,0,Discovery Investment Inc,0,0,0
20021114,33979,DCIV',OTC,0.13,0.13,225,0,Discovery Investment Inc,0,0,0
20021115,33979,DCIV',OTC,0.1,0.1,100,0,Discovery Investment Inc,0,0,0
20021118,33979,DCIV',OTC,0.09,0.09,60,0,Discovery Investment Inc,0,0,0
20021119,33979,DCIV',OTC,0.09,0.09,0,0,Discovery Investment Inc,0,0,0
20021120,33979,DCIV',OTC,0.09,0.09,0,0,Discovery Investment Inc,0,0,0
20021121,33979,DCIV',OTC,0.09,0.09,0,0,Discovery Investment Inc,0,0,0
20021122,33979,DCIV',OTC,0.09,0.09,0,0,Discovery Investment Inc,0,0,0
20021125,33979,DCIV',OTC,0.21,0.21,755,0,Discovery Investment Inc,0,0,0
20021126,33979,DCIV',OTC,0.12,0.12,1235,0,Discovery Investment Inc,0,0,0
20021127,33979,DCIV',OTC,0.13,0.13,1000,0,Discovery Investment Inc,0,0,0
20021129,33979,DCIV',OTC,0.16,0.16,2350,0,Discovery Investment Inc,0,0,0
20021202,33979,DCIV',OTC,0.17,0.17,50,0,Discovery Investment Inc,0,0,0
20021203,33979,DCIV',OTC,0.13,0.13,150,0,Discovery Investment Inc,0,0,0
20021204,33979,DCIV',OTC,0.13,0.13,0,0,Discovery Investment Inc,0,0,0
20021205,33979,DCIV',OTC,0.1,0.1,980,0,Discovery Investment Inc,0,0,0
20021206,33979,DCIV',OTC,0.14,0.14,1480,0,Discovery Investment Inc,0,0,0
20021209,33979,DCIV',OTC,0.07,0.07,455,0,Discovery Investment Inc,0,0,0
20021210,33979,DCIV',OTC,0.1,0.1,550,0,Discovery Investment Inc,0,0,0
20021211,33979,DCIV',OTC,0.05,0.05,600,0,Discovery Investment Inc,0,0,0
20021212,33979,DCIV',OTC,0.07,0.07,800,0,Discovery Investment Inc,0,0,0
20021213,33979,DCIV',OTC,0.1,0.1,1900,0,Discovery Investment Inc,0,0,0
20021216,33979,DCIV',OTC,0.1,0.1,0,0,Discovery Investment Inc,0,0,0
20021217,33979,DCIV',OTC,0.09,0.09,570,0,Discovery Investment Inc,0,0,0
20021218,33979,DCIV',OTC,0.08,0.08,1550,0,Discovery Investment Inc,0,0,0
20021219,33979,DCIV',OTC,0.08,0.08,0,0,Discovery Investment Inc,0,0,0
20021220,33979,DCIV',OTC,0.1,0.1,2100,0,Discovery Investment Inc,0,0,0
20021223,33979,DCIV',OTC,0.1,0.1,0,0,Discovery Investment Inc,0,0,0
20021224,33979,DCIV',OTC,0.1,0.1,0,0,Discovery Investment Inc,0,0,0
20021226,33979,DCIV',OTC,0.1,0.1,0,0,Discovery Investment Inc,0,0,0
20021227,33979,DCIV',OTC,0.05,0.05,60,0,Discovery Investment Inc,0,0,0
20021230,33979,DCIV',OTC,0.05,0.05,0,0,Discovery Investment Inc,0,0,0
20021231,33979,DCIV',OTC,0.05,0.05,0,0,Discovery Investment Inc,0,0,0
20030102,33979,DCIV',OTC,0.05,0.05,0,0,Discovery Investment Inc,0,0,0
20030103,33979,DCIV',OTC,0.05,0.05,0,0,Discovery Investment Inc,0,0,0
20030106,33979,DCIV',OTC,0.05,0.05,0,0,Discovery Investment Inc,0,0,0
20030107,33979,DCIV',OTC,0.05,0.05,0,0,Discovery Investment Inc,0,0,0
20030108,33979,DCIV',OTC,0.05,0.05,0,0,Discovery Investment Inc,0,0,0
20030109,33979,DCIV',OTC,0.05,0.05,0,0,Discovery Investment Inc,0,0,0
20030110,33979,DCIV',OTC,0.05,0.05,0,0,Discovery Investment Inc,0,0,0
20030113,33979,DCIV',OTC,0.05,0.05,0,0,Discovery Investment Inc,0,0,0
20030114,33979,DCIV',OTC,0.05,0.05,0,0,Discovery Investment Inc,0,0,0
20030115,33979,DCIV',OTC,0.05,0.05,0,0,Discovery Investment Inc,0,0,0
20030116,33979,DCIV',OTC,0.05,0.05,0,0,Discovery Investment Inc,0,0,0
20030117,33979,DCIV',OTC,0.05,0.05,0,0,Discovery Investment Inc,0,0,0
20030121,33979,DCIV',OTC,0.05,0.05,0,0,Discovery Investment Inc,0,0,0
20030122,33979,DCIV',OTC,0.05,0.05,0,0,Discovery Investment Inc,0,0,0
20030123,33979,DCIV',OTC,0.05,0.05,0,0,Discovery Investment Inc,0,0,0
20030124,33979,DCIV',OTC,0.05,0.05,0,0,Discovery Investment Inc,0,0,0
20030127,33979,DCIV',OTC,0.05,0.05,0,0,Discovery Investment Inc,0,0,0
20030128,33979,DCIV',OTC,0.06,0.06,7400,0,Discovery Investment Inc,0,0,0
20030129,33979,DCIV',OTC,0.11,0.11,1000,0,Discovery Investment Inc,0,0,0
20030130,33979,DCIV',OTC,0.11,0.11,0,0,Discovery Investment Inc,0,0,0
20030131,33979,DCIV',OTC,0.11,0.11,0,0,Discovery Investment Inc,0,0,0
20030203,33979,DCIV',OTC,0.11,0.11,0,0,Discovery Investment Inc,0,0,0
20030204,33979,DCIV',OTC,0.11,0.11,0,0,Discovery Investment Inc,0,0,0
20030205,33979,DCIV',OTC,0.07,0.07,800,0,Discovery Investment Inc,0,0,0
20030206,33979,DCIV',OTC,0.07,0.07,0,0,Discovery Investment Inc,0,0,0
20030207,33979,DCIV',OTC,0.08,0.08,2600,0,Discovery Investment Inc,0,0,0
20030210,33979,DCIV',OTC,0.08,0.08,0,0,Discovery Investment Inc,0,0,0
20030211,33979,DCIV',OTC,0.09,0.09,1600,0,Discovery Investment Inc,0,0,0
20030212,33979,DCIV',OTC,0.09,0.09,0,0,Discovery Investment Inc,0,0,0
20030213,33979,DCIV',OTC,0.09,0.09,0,0,Discovery Investment Inc,0,0,0
20030214,33979,DCIV',OTC,0.09,0.09,0,0,Discovery Investment Inc,0,0,0
