DDate,CSINumber,Symbol,Exchange,DClose,UnAdjustedClose,TotalVolume,Cash,MarketName,PTB,PSR,DPS
19990820,33985,WSSSQ',OTC,400,4,6,0,Wall Street Strategies Corp,0,0,0
19990823,33985,WSSSQ',OTC,612.5,6.125,42,0,Wall Street Strategies Corp,0,0,0
19990824,33985,WSSSQ',OTC,687.5,6.875,23,0,Wall Street Strategies Corp,0,0,0
19990825,33985,WSSSQ',OTC,675,6.75,6,0,Wall Street Strategies Corp,0,0,0
19990826,33985,WSSSQ',OTC,681.25,6.8125,3,0,Wall Street Strategies Corp,0,0,0
19990827,33985,WSSSQ',OTC,700,7,9,0,Wall Street Strategies Corp,0,0,0
19990830,33985,WSSSQ',OTC,684.375,6.84375,2,0,Wall Street Strategies Corp,0,0,0
19990831,33985,WSSSQ',OTC,687.5,6.875,3,0,Wall Street Strategies Corp,0,0,0
19990901,33985,WSSSQ',OTC,725,7.25,4,0,Wall Street Strategies Corp,0,0,0
19990902,33985,WSSSQ',OTC,737.5,7.375,3,0,Wall Street Strategies Corp,0,0,0
19990903,33985,WSSSQ',OTC,700,7,12,0,Wall Street Strategies Corp,0,0,0
19990907,33985,WSSSQ',OTC,593.75,5.9375,5,0,Wall Street Strategies Corp,0,0,0
19990908,33985,WSSSQ',OTC,462.5,4.625,58,0,Wall Street Strategies Corp,0,0,0
19990909,33985,WSSSQ',OTC,493.75,4.9375,8,0,Wall Street Strategies Corp,0,0,0
19990910,33985,WSSSQ',OTC,500,5,1,0,Wall Street Strategies Corp,0,0,0
19990913,33985,WSSSQ',OTC,531.25,5.3125,0,0,Wall Street Strategies Corp,0,0,0
19990914,33985,WSSSQ',OTC,575,5.75,3,0,Wall Street Strategies Corp,0,0,0
19990915,33985,WSSSQ',OTC,631.25,6.3125,27,0,Wall Street Strategies Corp,0,0,0
19990916,33985,WSSSQ',OTC,650,6.5,10,0,Wall Street Strategies Corp,0,0,0
19990917,33985,WSSSQ',OTC,593.75,5.9375,26,0,Wall Street Strategies Corp,0,0,0
19990920,33985,WSSSQ',OTC,584.375,5.84375,1,0,Wall Street Strategies Corp,0,0,0
19990921,33985,WSSSQ',OTC,587.5,5.875,11,0,Wall Street Strategies Corp,0,0,0
19990922,33985,WSSSQ',OTC,593.75,5.9375,5,0,Wall Street Strategies Corp,0,0,0
19990923,33985,WSSSQ',OTC,581.25,5.8125,1,0,Wall Street Strategies Corp,0,0,0
19990924,33985,WSSSQ',OTC,637.5,6.375,9,0,Wall Street Strategies Corp,0,0,0
19990927,33985,WSSSQ',OTC,650,6.5,3,0,Wall Street Strategies Corp,0,0,0
19990928,33985,WSSSQ',OTC,675,6.75,3,0,Wall Street Strategies Corp,0,0,0
19990929,33985,WSSSQ',OTC,750,7.5,15,0,Wall Street Strategies Corp,0,0,0
19990930,33985,WSSSQ',OTC,612.5,6.125,14,0,Wall Street Strategies Corp,0,0,0
19991001,33985,WSSSQ',OTC,606.25,6.0625,13,0,Wall Street Strategies Corp,0,0,0
19991004,33985,WSSSQ',OTC,512.5,5.125,5,0,Wall Street Strategies Corp,0,0,0
19991005,33985,WSSSQ',OTC,525,5.25,7,0,Wall Street Strategies Corp,0,0,0
19991006,33985,WSSSQ',OTC,531.25,5.3125,3,0,Wall Street Strategies Corp,0,0,0
19991007,33985,WSSSQ',OTC,493.75,4.9375,2,0,Wall Street Strategies Corp,0,0,0
19991008,33985,WSSSQ',OTC,462.5,4.625,2,0,Wall Street Strategies Corp,0,0,0
19991011,33985,WSSSQ',OTC,462.5,4.625,1,0,Wall Street Strategies Corp,0,0,0
19991012,33985,WSSSQ',OTC,500,5,4,0,Wall Street Strategies Corp,0,0,0
19991013,33985,WSSSQ',OTC,450,4.5,2,0,Wall Street Strategies Corp,0,0,0
19991014,33985,WSSSQ',OTC,450,4.5,4,0,Wall Street Strategies Corp,0,0,0
19991015,33985,WSSSQ',OTC,400,4,3,0,Wall Street Strategies Corp,0,0,0
19991018,33985,WSSSQ',OTC,368.75,3.6875,1,0,Wall Street Strategies Corp,0,0,0
19991019,33985,WSSSQ',OTC,350,3.5,4,0,Wall Street Strategies Corp,0,0,0
19991020,33985,WSSSQ',OTC,368.75,3.6875,1,0,Wall Street Strategies Corp,0,0,0
19991021,33985,WSSSQ',OTC,400,4,1,0,Wall Street Strategies Corp,0,0,0
19991022,33985,WSSSQ',OTC,368.75,3.6875,1,0,Wall Street Strategies Corp,0,0,0
19991025,33985,WSSSQ',OTC,384.375,3.84375,3,0,Wall Street Strategies Corp,0,0,0
19991026,33985,WSSSQ',OTC,375,3.75,0,0,Wall Street Strategies Corp,0,0,0
19991027,33985,WSSSQ',OTC,375,3.75,0,0,Wall Street Strategies Corp,0,0,0
19991028,33985,WSSSQ',OTC,375,3.75,1,0,Wall Street Strategies Corp,0,0,0
19991029,33985,WSSSQ',OTC,375,3.75,1,0,Wall Street Strategies Corp,0,0,0
19991101,33985,WSSSQ',OTC,375,3.75,0,0,Wall Street Strategies Corp,0,0,0
19991102,33985,WSSSQ',OTC,325,3.25,0,0,Wall Street Strategies Corp,0,0,0
19991103,33985,WSSSQ',OTC,375,3.75,2,0,Wall Street Strategies Corp,0,0,0
19991104,33985,WSSSQ',OTC,400,4,2,0,Wall Street Strategies Corp,0,0,0
19991105,33985,WSSSQ',OTC,350,3.5,7,0,Wall Street Strategies Corp,0,0,0
19991108,33985,WSSSQ',OTC,400,4,2,0,Wall Street Strategies Corp,0,0,0
19991109,33985,WSSSQ',OTC,431.25,4.3125,1,0,Wall Street Strategies Corp,0,0,0
19991110,33985,WSSSQ',OTC,425,4.25,1,0,Wall Street Strategies Corp,0,0,0
19991111,33985,WSSSQ',OTC,400,4,3,0,Wall Street Strategies Corp,0,0,0
19991112,33985,WSSSQ',OTC,400,4,0,0,Wall Street Strategies Corp,0,0,0
19991115,33985,WSSSQ',OTC,362.5,3.625,1,0,Wall Street Strategies Corp,0,0,0
19991116,33985,WSSSQ',OTC,375,3.75,0,0,Wall Street Strategies Corp,0,0,0
19991117,33985,WSSSQ',OTC,375,3.75,2,0,Wall Street Strategies Corp,0,0,0
19991118,33985,WSSSQ',OTC,375,3.75,0,0,Wall Street Strategies Corp,0,0,0
19991119,33985,WSSSQ',OTC,312.5,3.125,1,0,Wall Street Strategies Corp,0,0,0
19991122,33985,WSSSQ',OTC,350,3.5,0,0,Wall Street Strategies Corp,0,0,0
19991123,33985,WSSSQ',OTC,375,3.75,1,0,Wall Street Strategies Corp,0,0,0
19991124,33985,WSSSQ',OTC,362.5,3.625,1,0,Wall Street Strategies Corp,0,0,0
19991126,33985,WSSSQ',OTC,350,3.5,0,0,Wall Street Strategies Corp,0,0,0
19991129,33985,WSSSQ',OTC,387.5,3.875,0,0,Wall Street Strategies Corp,0,0,0
19991130,33985,WSSSQ',OTC,403.125,4.03125,3,0,Wall Street Strategies Corp,0,0,0
19991201,33985,WSSSQ',OTC,398.4375,3.984375,0,0,Wall Street Strategies Corp,0,0,0
19991202,33985,WSSSQ',OTC,387.5,3.875,1,0,Wall Street Strategies Corp,0,0,0
19991203,33985,WSSSQ',OTC,387.5,3.875,0,0,Wall Street Strategies Corp,0,0,0
19991206,33985,WSSSQ',OTC,375,3.75,0,0,Wall Street Strategies Corp,0,0,0
19991207,33985,WSSSQ',OTC,375,3.75,2,0,Wall Street Strategies Corp,0,0,0
19991208,33985,WSSSQ',OTC,350,3.5,0,0,Wall Street Strategies Corp,0,0,0
19991209,33985,WSSSQ',OTC,375,3.75,1,0,Wall Street Strategies Corp,0,0,0
19991210,33985,WSSSQ',OTC,400,4,3,0,Wall Street Strategies Corp,0,0,0
19991213,33985,WSSSQ',OTC,350,3.5,2,0,Wall Street Strategies Corp,0,0,0
19991214,33985,WSSSQ',OTC,356.25,3.5625,0,0,Wall Street Strategies Corp,0,0,0
19991215,33985,WSSSQ',OTC,325,3.25,2,0,Wall Street Strategies Corp,0,0,0
19991216,33985,WSSSQ',OTC,318.75,3.1875,0,0,Wall Street Strategies Corp,0,0,0
19991217,33985,WSSSQ',OTC,287.5,2.875,5,0,Wall Street Strategies Corp,0,0,0
19991220,33985,WSSSQ',OTC,243.75,2.4375,3,0,Wall Street Strategies Corp,0,0,0
19991221,33985,WSSSQ',OTC,250,2.5,4,0,Wall Street Strategies Corp,0,0,0
19991222,33985,WSSSQ',OTC,275,2.75,6,0,Wall Street Strategies Corp,0,0,0
19991223,33985,WSSSQ',OTC,312.5,3.125,3,0,Wall Street Strategies Corp,0,0,0
19991227,33985,WSSSQ',OTC,350,3.5,9,0,Wall Street Strategies Corp,0,0,0
19991228,33985,WSSSQ',OTC,512.5,5.125,23,0,Wall Street Strategies Corp,0,0,0
19991229,33985,WSSSQ',OTC,543.75,5.4375,16,0,Wall Street Strategies Corp,0,0,0
19991230,33985,WSSSQ',OTC,612.5,6.125,13,0,Wall Street Strategies Corp,0,0,0
19991231,33985,WSSSQ',OTC,618.75,6.1875,1,0,Wall Street Strategies Corp,0,0,0
20000103,33985,WSSSQ',OTC,675,6.75,12,0,Wall Street Strategies Corp,0,0,0
20000104,33985,WSSSQ',OTC,731.25,7.3125,17,0,Wall Street Strategies Corp,0,0,0
20000105,33985,WSSSQ',OTC,856.25,8.5625,12,0,Wall Street Strategies Corp,0,0,0
20000106,33985,WSSSQ',OTC,837.5,8.375,11,0,Wall Street Strategies Corp,0,0,0
20000107,33985,WSSSQ',OTC,862.5,8.625,4,0,Wall Street Strategies Corp,0,0,0
20000110,33985,WSSSQ',OTC,900,9,3,0,Wall Street Strategies Corp,0,0,0
20000111,33985,WSSSQ',OTC,862.5,8.625,1,0,Wall Street Strategies Corp,0,0,0
20000112,33985,WSSSQ',OTC,900,9,6,0,Wall Street Strategies Corp,0,0,0
20000113,33985,WSSSQ',OTC,925,9.25,3,0,Wall Street Strategies Corp,0,0,0
20000114,33985,WSSSQ',OTC,975,9.75,3,0,Wall Street Strategies Corp,0,0,0
20000118,33985,WSSSQ',OTC,1025,10.25,10,0,Wall Street Strategies Corp,0,0,0
20000119,33985,WSSSQ',OTC,1112.5,11.125,12,0,Wall Street Strategies Corp,0,0,0
20000120,33985,WSSSQ',OTC,1259.375,12.59375,12,0,Wall Street Strategies Corp,0,0,0
20000121,33985,WSSSQ',OTC,1362.5,13.625,8,0,Wall Street Strategies Corp,0,0,0
20000124,33985,WSSSQ',OTC,1381.25,13.8125,8,0,Wall Street Strategies Corp,0,0,0
20000125,33985,WSSSQ',OTC,1387.5,13.875,7,0,Wall Street Strategies Corp,0,0,0
20000126,33985,WSSSQ',OTC,1400,14,4,0,Wall Street Strategies Corp,0,0,0
20000127,33985,WSSSQ',OTC,1412.5,14.125,7,0,Wall Street Strategies Corp,0,0,0
20000128,33985,WSSSQ',OTC,1412.5,14.125,5,0,Wall Street Strategies Corp,0,0,0
20000131,33985,WSSSQ',OTC,1437.5,14.375,13,0,Wall Street Strategies Corp,0,0,0
20000201,33985,WSSSQ',OTC,1450,14.5,10,0,Wall Street Strategies Corp,0,0,0
20000202,33985,WSSSQ',OTC,1450,14.5,7,0,Wall Street Strategies Corp,0,0,0
20000203,33985,WSSSQ',OTC,1450,14.5,3,0,Wall Street Strategies Corp,0,0,0
20000204,33985,WSSSQ',OTC,1481.25,14.8125,8,0,Wall Street Strategies Corp,0,0,0
20000207,33985,WSSSQ',OTC,1475,14.75,4,0,Wall Street Strategies Corp,0,0,0
20000208,33985,WSSSQ',OTC,1468.75,14.6875,5,0,Wall Street Strategies Corp,0,0,0
20000209,33985,WSSSQ',OTC,1487.5,14.875,6,0,Wall Street Strategies Corp,0,0,0
20000210,33985,WSSSQ',OTC,1475,14.75,3,0,Wall Street Strategies Corp,0,0,0
20000211,33985,WSSSQ',OTC,1475,14.75,4,0,Wall Street Strategies Corp,0,0,0
20000214,33985,WSSSQ',OTC,1481.25,14.8125,9,0,Wall Street Strategies Corp,0,0,0
20000215,33985,WSSSQ',OTC,1475,14.75,4,0,Wall Street Strategies Corp,0,0,0
20000216,33985,WSSSQ',OTC,1475,14.75,7,0,Wall Street Strategies Corp,0,0,0
20000217,33985,WSSSQ',OTC,1493.75,14.9375,10,0,Wall Street Strategies Corp,0,0,0
20000218,33985,WSSSQ',OTC,1487.5,14.875,3,0,Wall Street Strategies Corp,0,0,0
20000222,33985,WSSSQ',OTC,1475,14.75,1,0,Wall Street Strategies Corp,0,0,0
20000223,33985,WSSSQ',OTC,1487.5,14.875,3,0,Wall Street Strategies Corp,0,0,0
20000224,33985,WSSSQ',OTC,1481.25,14.8125,8,0,Wall Street Strategies Corp,0,0,0
20000225,33985,WSSSQ',OTC,1475,14.75,6,0,Wall Street Strategies Corp,0,0,0
20000228,33985,WSSSQ',OTC,1481.25,14.8125,5,0,Wall Street Strategies Corp,0,0,0
20000229,33985,WSSSQ',OTC,1500,15,5,0,Wall Street Strategies Corp,0,0,0
20000301,33985,WSSSQ',OTC,1550,15.5,5,0,Wall Street Strategies Corp,0,0,0
20000302,33985,WSSSQ',OTC,1700,17,6,0,Wall Street Strategies Corp,0,0,0
20000303,33985,WSSSQ',OTC,1712.5,17.125,7,0,Wall Street Strategies Corp,0,0,0
20000306,33985,WSSSQ',OTC,1737.5,17.375,3,0,Wall Street Strategies Corp,0,0,0
20000307,33985,WSSSQ',OTC,1725,17.25,2,0,Wall Street Strategies Corp,0,0,0
20000308,33985,WSSSQ',OTC,1718.75,17.1875,5,0,Wall Street Strategies Corp,0,0,0
20000309,33985,WSSSQ',OTC,1725,17.25,10,0,Wall Street Strategies Corp,0,0,0
20000310,33985,WSSSQ',OTC,1725,17.25,5,0,Wall Street Strategies Corp,0,0,0
20000313,33985,WSSSQ',OTC,1712.5,17.125,9,0,Wall Street Strategies Corp,0,0,0
20000314,33985,WSSSQ',OTC,1700,17,4,0,Wall Street Strategies Corp,0,0,0
20000315,33985,WSSSQ',OTC,1700,17,4,0,Wall Street Strategies Corp,0,0,0
20000316,33985,WSSSQ',OTC,1718.75,17.1875,4,0,Wall Street Strategies Corp,0,0,0
20000317,33985,WSSSQ',OTC,1787.5,17.875,8,0,Wall Street Strategies Corp,0,0,0
20000320,33985,WSSSQ',OTC,1750,17.5,5,0,Wall Street Strategies Corp,0,0,0
20000321,33985,WSSSQ',OTC,1762.5,17.625,3,0,Wall Street Strategies Corp,0,0,0
20000322,33985,WSSSQ',OTC,1987.5,19.875,7,0,Wall Street Strategies Corp,0,0,0
20000323,33985,WSSSQ',OTC,2350,23.5,6,0,Wall Street Strategies Corp,0,0,0
20000324,33985,WSSSQ',OTC,2503.125,25.03125,9,0,Wall Street Strategies Corp,0,0,0
20000327,33985,WSSSQ',OTC,2506.25,25.0625,10,0,Wall Street Strategies Corp,0,0,0
20000328,33985,WSSSQ',OTC,2537.5,25.375,8,0,Wall Street Strategies Corp,0,0,0
20000329,33985,WSSSQ',OTC,2550,25.5,9,0,Wall Street Strategies Corp,0,0,0
20000330,33985,WSSSQ',OTC,2600,26,15,0,Wall Street Strategies Corp,0,0,0
20000331,33985,WSSSQ',OTC,2662.5,26.625,5,0,Wall Street Strategies Corp,0,0,0
20000403,33985,WSSSQ',OTC,2637.5,26.375,11,0,Wall Street Strategies Corp,0,0,0
20000404,33985,WSSSQ',OTC,2000,20,13,0,Wall Street Strategies Corp,0,0,0
20000405,33985,WSSSQ',OTC,1875,18.75,13,0,Wall Street Strategies Corp,0,0,0
20000406,33985,WSSSQ',OTC,1150,11.5,6,0,Wall Street Strategies Corp,0,0,0
20000407,33985,WSSSQ',OTC,1050,10.5,12,0,Wall Street Strategies Corp,0,0,0
20000410,33985,WSSSQ',OTC,1150,11.5,5,0,Wall Street Strategies Corp,0,0,0
20000411,33985,WSSSQ',OTC,1150,11.5,10,0,Wall Street Strategies Corp,0,0,0
20000412,33985,WSSSQ',OTC,1100,11,7,0,Wall Street Strategies Corp,0,0,0
20000413,33985,WSSSQ',OTC,1125,11.25,5,0,Wall Street Strategies Corp,0,0,0
20000414,33985,WSSSQ',OTC,900,9,6,0,Wall Street Strategies Corp,0,0,0
20000417,33985,WSSSQ',OTC,900,9,8,0,Wall Street Strategies Corp,0,0,0
20000418,33985,WSSSQ',OTC,1050,10.5,2,0,Wall Street Strategies Corp,0,0,0
20000419,33985,WSSSQ',OTC,725,7.25,6,0,Wall Street Strategies Corp,0,0,0
20000420,33985,WSSSQ',OTC,750,7.5,2,0,Wall Street Strategies Corp,0,0,0
20000424,33985,WSSSQ',OTC,737.5,7.375,1,0,Wall Street Strategies Corp,0,0,0
20000425,33985,WSSSQ',OTC,762.5,7.625,0,0,Wall Street Strategies Corp,0,0,0
20000426,33985,WSSSQ',OTC,812.5,8.125,1,0,Wall Street Strategies Corp,0,0,0
20000427,33985,WSSSQ',OTC,850,8.5,3,0,Wall Street Strategies Corp,0,0,0
20000428,33985,WSSSQ',OTC,1000,10,1,0,Wall Street Strategies Corp,0,0,0
20000501,33985,WSSSQ',OTC,800,8,0,0,Wall Street Strategies Corp,0,0,0
20000502,33985,WSSSQ',OTC,937.5,9.375,2,0,Wall Street Strategies Corp,0,0,0
20000503,33985,WSSSQ',OTC,850,8.5,0,0,Wall Street Strategies Corp,0,0,0
20000504,33985,WSSSQ',OTC,925,9.25,1,0,Wall Street Strategies Corp,0,0,0
20000505,33985,WSSSQ',OTC,900,9,0,0,Wall Street Strategies Corp,0,0,0
20000508,33985,WSSSQ',OTC,900,9,0,0,Wall Street Strategies Corp,0,0,0
20000509,33985,WSSSQ',OTC,900,9,1,0,Wall Street Strategies Corp,0,0,0
20000510,33985,WSSSQ',OTC,862.5,8.625,1,0,Wall Street Strategies Corp,0,0,0
20000511,33985,WSSSQ',OTC,875,8.75,1,0,Wall Street Strategies Corp,0,0,0
20000512,33985,WSSSQ',OTC,862.5,8.625,3,0,Wall Street Strategies Corp,0,0,0
20000515,33985,WSSSQ',OTC,850,8.5,7,0,Wall Street Strategies Corp,0,0,0
20000516,33985,WSSSQ',OTC,850,8.5,2,0,Wall Street Strategies Corp,0,0,0
20000517,33985,WSSSQ',OTC,850,8.5,8,0,Wall Street Strategies Corp,0,0,0
20000518,33985,WSSSQ',OTC,687.5,6.875,6,0,Wall Street Strategies Corp,0,0,0
20000519,33985,WSSSQ',OTC,675,6.75,6,0,Wall Street Strategies Corp,0,0,0
20000522,33985,WSSSQ',OTC,625,6.25,1,0,Wall Street Strategies Corp,0,0,0
20000523,33985,WSSSQ',OTC,600,6,2,0,Wall Street Strategies Corp,0,0,0
20000524,33985,WSSSQ',OTC,575,5.75,3,0,Wall Street Strategies Corp,0,0,0
20000525,33985,WSSSQ',OTC,575,5.75,2,0,Wall Street Strategies Corp,0,0,0
20000526,33985,WSSSQ',OTC,568.75,5.6875,2,0,Wall Street Strategies Corp,0,0,0
20000530,33985,WSSSQ',OTC,550,5.5,1,0,Wall Street Strategies Corp,0,0,0
20000531,33985,WSSSQ',OTC,575,5.75,2,0,Wall Street Strategies Corp,0,0,0
20000601,33985,WSSSQ',OTC,550,5.5,2,0,Wall Street Strategies Corp,0,0,0
20000602,33985,WSSSQ',OTC,562.5,5.625,3,0,Wall Street Strategies Corp,0,0,0
20000605,33985,WSSSQ',OTC,600,6,20,0,Wall Street Strategies Corp,0,0,0
20000606,33985,WSSSQ',OTC,631.25,6.3125,3,0,Wall Street Strategies Corp,0,0,0
20000607,33985,WSSSQ',OTC,687.5,6.875,5,0,Wall Street Strategies Corp,0,0,0
20000608,33985,WSSSQ',OTC,662.5,6.625,7,0,Wall Street Strategies Corp,0,0,0
20000609,33985,WSSSQ',OTC,612.5,6.125,1,0,Wall Street Strategies Corp,0,0,0
20000612,33985,WSSSQ',OTC,562.5,5.625,1,0,Wall Street Strategies Corp,0,0,0
20000613,33985,WSSSQ',OTC,525,5.25,2,0,Wall Street Strategies Corp,0,0,0
20000614,33985,WSSSQ',OTC,506.25,5.0625,3,0,Wall Street Strategies Corp,0,0,0
20000615,33985,WSSSQ',OTC,500,5,8,0,Wall Street Strategies Corp,0,0,0
20000616,33985,WSSSQ',OTC,475,4.75,7,0,Wall Street Strategies Corp,0,0,0
20000619,33985,WSSSQ',OTC,375,3.75,9,0,Wall Street Strategies Corp,0,0,0
20000620,33985,WSSSQ',OTC,431.25,4.3125,4,0,Wall Street Strategies Corp,0,0,0
20000621,33985,WSSSQ',OTC,362.5,3.625,2,0,Wall Street Strategies Corp,0,0,0
20000622,33985,WSSSQ',OTC,387.5,3.875,1,0,Wall Street Strategies Corp,0,0,0
20000623,33985,WSSSQ',OTC,368.75,3.6875,0,0,Wall Street Strategies Corp,0,0,0
20000626,33985,WSSSQ',OTC,356.25,3.5625,3,0,Wall Street Strategies Corp,0,0,0
20000627,33985,WSSSQ',OTC,375,3.75,2,0,Wall Street Strategies Corp,0,0,0
20000628,33985,WSSSQ',OTC,400,4,3,0,Wall Street Strategies Corp,0,0,0
20000629,33985,WSSSQ',OTC,418.75,4.1875,3,0,Wall Street Strategies Corp,0,0,0
20000630,33985,WSSSQ',OTC,418.75,4.1875,2,0,Wall Street Strategies Corp,0,0,0
20000703,33985,WSSSQ',OTC,375,3.75,0,0,Wall Street Strategies Corp,0,0,0
20000705,33985,WSSSQ',OTC,375,3.75,0,0,Wall Street Strategies Corp,0,0,0
20000706,33985,WSSSQ',OTC,375,3.75,0,0,Wall Street Strategies Corp,0,0,0
20000707,33985,WSSSQ',OTC,450,4.5,0,0,Wall Street Strategies Corp,0,0,0
20000710,33985,WSSSQ',OTC,400,4,0,0,Wall Street Strategies Corp,0,0,0
20000711,33985,WSSSQ',OTC,400,4,0,0,Wall Street Strategies Corp,0,0,0
20000712,33985,WSSSQ',OTC,387.5,3.875,0,0,Wall Street Strategies Corp,0,0,0
20000713,33985,WSSSQ',OTC,350,3.5,2,0,Wall Street Strategies Corp,0,0,0
20000714,33985,WSSSQ',OTC,337.5,3.375,2,0,Wall Street Strategies Corp,0,0,0
20000717,33985,WSSSQ',OTC,406.25,4.0625,0,0,Wall Street Strategies Corp,0,0,0
20000718,33985,WSSSQ',OTC,350,3.5,0,0,Wall Street Strategies Corp,0,0,0
20000719,33985,WSSSQ',OTC,337.5,3.375,1,0,Wall Street Strategies Corp,0,0,0
20000720,33985,WSSSQ',OTC,400,4,3,0,Wall Street Strategies Corp,0,0,0
20000721,33985,WSSSQ',OTC,375,3.75,0,0,Wall Street Strategies Corp,0,0,0
20000724,33985,WSSSQ',OTC,468.75,4.6875,5,0,Wall Street Strategies Corp,0,0,0
20000725,33985,WSSSQ',OTC,425,4.25,1,0,Wall Street Strategies Corp,0,0,0
20000726,33985,WSSSQ',OTC,425,4.25,2,0,Wall Street Strategies Corp,0,0,0
20000727,33985,WSSSQ',OTC,387.5,3.875,0,0,Wall Street Strategies Corp,0,0,0
20000728,33985,WSSSQ',OTC,362.5,3.625,1,0,Wall Street Strategies Corp,0,0,0
20000731,33985,WSSSQ',OTC,331.25,3.3125,2,0,Wall Street Strategies Corp,0,0,0
20000801,33985,WSSSQ',OTC,318.75,3.1875,0,0,Wall Street Strategies Corp,0,0,0
20000802,33985,WSSSQ',OTC,250,2.5,3,0,Wall Street Strategies Corp,0,0,0
20000803,33985,WSSSQ',OTC,262.5,2.625,0,0,Wall Street Strategies Corp,0,0,0
20000804,33985,WSSSQ',OTC,300,3,1,0,Wall Street Strategies Corp,0,0,0
20000807,33985,WSSSQ',OTC,293.75,2.9375,1,0,Wall Street Strategies Corp,0,0,0
20000808,33985,WSSSQ',OTC,281.25,2.8125,1,0,Wall Street Strategies Corp,0,0,0
20000809,33985,WSSSQ',OTC,281.25,2.8125,1,0,Wall Street Strategies Corp,0,0,0
20000810,33985,WSSSQ',OTC,256.25,2.5625,1,0,Wall Street Strategies Corp,0,0,0
20000811,33985,WSSSQ',OTC,256.25,2.5625,1,0,Wall Street Strategies Corp,0,0,0
20000814,33985,WSSSQ',OTC,256.25,2.5625,2,0,Wall Street Strategies Corp,0,0,0
20000815,33985,WSSSQ',OTC,212.5,2.125,1,0,Wall Street Strategies Corp,0,0,0
20000816,33985,WSSSQ',OTC,231.25,2.3125,1,0,Wall Street Strategies Corp,0,0,0
20000817,33985,WSSSQ',OTC,231.25,2.3125,1,0,Wall Street Strategies Corp,0,0,0
20000818,33985,WSSSQ',OTC,187.5,1.875,4,0,Wall Street Strategies Corp,0,0,0
20000821,33985,WSSSQ',OTC,168.75,1.6875,2,0,Wall Street Strategies Corp,0,0,0
20000822,33985,WSSSQ',OTC,175,1.75,3,0,Wall Street Strategies Corp,0,0,0
20000823,33985,WSSSQ',OTC,200,2,2,0,Wall Street Strategies Corp,0,0,0
20000824,33985,WSSSQ',OTC,256.25,2.5625,6,0,Wall Street Strategies Corp,0,0,0
20000825,33985,WSSSQ',OTC,337.5,3.375,5,0,Wall Street Strategies Corp,0,0,0
20000828,33985,WSSSQ',OTC,337.5,3.375,2,0,Wall Street Strategies Corp,0,0,0
20000829,33985,WSSSQ',OTC,287.5,2.875,3,0,Wall Street Strategies Corp,0,0,0
20000830,33985,WSSSQ',OTC,275,2.75,0,0,Wall Street Strategies Corp,0,0,0
20000831,33985,WSSSQ',OTC,262.5,2.625,1,0,Wall Street Strategies Corp,0,0,0
20000901,33985,WSSSQ',OTC,337.5,3.375,7,0,Wall Street Strategies Corp,0,0,0
20000905,33985,WSSSQ',OTC,325,3.25,1,0,Wall Street Strategies Corp,0,0,0
20000906,33985,WSSSQ',OTC,300,3,1,0,Wall Street Strategies Corp,0,0,0
20000907,33985,WSSSQ',OTC,300,3,1,0,Wall Street Strategies Corp,0,0,0
20000908,33985,WSSSQ',OTC,275,2.75,1,0,Wall Street Strategies Corp,0,0,0
20000911,33985,WSSSQ',OTC,275,2.75,0,0,Wall Street Strategies Corp,0,0,0
20000912,33985,WSSSQ',OTC,275,2.75,0,0,Wall Street Strategies Corp,0,0,0
20000913,33985,WSSSQ',OTC,312.5,3.125,1,0,Wall Street Strategies Corp,0,0,0
20000914,33985,WSSSQ',OTC,325,3.25,1,0,Wall Street Strategies Corp,0,0,0
20000915,33985,WSSSQ',OTC,312.5,3.125,0,0,Wall Street Strategies Corp,0,0,0
20000918,33985,WSSSQ',OTC,312.5,3.125,0,0,Wall Street Strategies Corp,0,0,0
20000919,33985,WSSSQ',OTC,312.5,3.125,2,0,Wall Street Strategies Corp,0,0,0
20000920,33985,WSSSQ',OTC,312.5,3.125,0,0,Wall Street Strategies Corp,0,0,0
20000921,33985,WSSSQ',OTC,337.5,3.375,2,0,Wall Street Strategies Corp,0,0,0
20000922,33985,WSSSQ',OTC,340.625,3.40625,3,0,Wall Street Strategies Corp,0,0,0
20000925,33985,WSSSQ',OTC,350,3.5,2,0,Wall Street Strategies Corp,0,0,0
20000926,33985,WSSSQ',OTC,350,3.5,2,0,Wall Street Strategies Corp,0,0,0
20000927,33985,WSSSQ',OTC,275,2.75,1,0,Wall Street Strategies Corp,0,0,0
20000928,33985,WSSSQ',OTC,237.5,2.375,2,0,Wall Street Strategies Corp,0,0,0
20000929,33985,WSSSQ',OTC,237.5,2.375,0,0,Wall Street Strategies Corp,0,0,0
20001002,33985,WSSSQ',OTC,237.5,2.375,0,0,Wall Street Strategies Corp,0,0,0
20001003,33985,WSSSQ',OTC,287.5,2.875,7,0,Wall Street Strategies Corp,0,0,0
20001004,33985,WSSSQ',OTC,337.5,3.375,6,0,Wall Street Strategies Corp,0,0,0
20001005,33985,WSSSQ',OTC,325,3.25,4,0,Wall Street Strategies Corp,0,0,0
20001006,33985,WSSSQ',OTC,287.5,2.875,4,0,Wall Street Strategies Corp,0,0,0
20001009,33985,WSSSQ',OTC,250,2.5,1,0,Wall Street Strategies Corp,0,0,0
20001010,33985,WSSSQ',OTC,257.8125,2.578125,4,0,Wall Street Strategies Corp,0,0,0
20001011,33985,WSSSQ',OTC,203.125,2.03125,3,0,Wall Street Strategies Corp,0,0,0
20001012,33985,WSSSQ',OTC,206.25,2.0625,1,0,Wall Street Strategies Corp,0,0,0
20001013,33985,WSSSQ',OTC,250,2.5,10,0,Wall Street Strategies Corp,0,0,0
20001016,33985,WSSSQ',OTC,242.1875,2.421875,4,0,Wall Street Strategies Corp,0,0,0
20001017,33985,WSSSQ',OTC,200,2,2,0,Wall Street Strategies Corp,0,0,0
20001018,33985,WSSSQ',OTC,212.5,2.125,6,0,Wall Street Strategies Corp,0,0,0
20001019,33985,WSSSQ',OTC,196.875,1.96875,0,0,Wall Street Strategies Corp,0,0,0
20001020,33985,WSSSQ',OTC,196.875,1.96875,0,0,Wall Street Strategies Corp,0,0,0
20001023,33985,WSSSQ',OTC,218.75,2.1875,3,0,Wall Street Strategies Corp,0,0,0
20001024,33985,WSSSQ',OTC,225,2.25,2,0,Wall Street Strategies Corp,0,0,0
20001025,33985,WSSSQ',OTC,201.5625,2.015625,2,0,Wall Street Strategies Corp,0,0,0
20001026,33985,WSSSQ',OTC,225,2.25,1,0,Wall Street Strategies Corp,0,0,0
20001027,33985,WSSSQ',OTC,275,2.75,5,0,Wall Street Strategies Corp,0,0,0
20001030,33985,WSSSQ',OTC,275,2.75,3,0,Wall Street Strategies Corp,0,0,0
20001031,33985,WSSSQ',OTC,256.25,2.5625,2,0,Wall Street Strategies Corp,0,0,0
20001101,33985,WSSSQ',OTC,256.25,2.5625,0,0,Wall Street Strategies Corp,0,0,0
20001102,33985,WSSSQ',OTC,300,3,0,0,Wall Street Strategies Corp,0,0,0
20001103,33985,WSSSQ',OTC,318.75,3.1875,2,0,Wall Street Strategies Corp,0,0,0
20001106,33985,WSSSQ',OTC,300,3,1,0,Wall Street Strategies Corp,0,0,0
20001107,33985,WSSSQ',OTC,300,3,0,0,Wall Street Strategies Corp,0,0,0
20001108,33985,WSSSQ',OTC,275,2.75,1,0,Wall Street Strategies Corp,0,0,0
20001109,33985,WSSSQ',OTC,287.5,2.875,1,0,Wall Street Strategies Corp,0,0,0
20001110,33985,WSSSQ',OTC,262.5,2.625,0,0,Wall Street Strategies Corp,0,0,0
20001113,33985,WSSSQ',OTC,256.25,2.5625,1,0,Wall Street Strategies Corp,0,0,0
20001114,33985,WSSSQ',OTC,287.5,2.875,1,0,Wall Street Strategies Corp,0,0,0
20001115,33985,WSSSQ',OTC,256.25,2.5625,4,0,Wall Street Strategies Corp,0,0,0
20001116,33985,WSSSQ',OTC,212.5,2.125,4,0,Wall Street Strategies Corp,0,0,0
20001117,33985,WSSSQ',OTC,212.5,2.125,0,0,Wall Street Strategies Corp,0,0,0
20001120,33985,WSSSQ',OTC,193.75,1.9375,1,0,Wall Street Strategies Corp,0,0,0
20001121,33985,WSSSQ',OTC,175,1.75,8,0,Wall Street Strategies Corp,0,0,0
20001122,33985,WSSSQ',OTC,162.5,1.625,3,0,Wall Street Strategies Corp,0,0,0
20001124,33985,WSSSQ',OTC,131.25,1.3125,2,0,Wall Street Strategies Corp,0,0,0
20001127,33985,WSSSQ',OTC,100,1,4,0,Wall Street Strategies Corp,0,0,0
20001128,33985,WSSSQ',OTC,100,1,2,0,Wall Street Strategies Corp,0,0,0
20001129,33985,WSSSQ',OTC,93.75,0.9375,2,0,Wall Street Strategies Corp,0,0,0
20001130,33985,WSSSQ',OTC,81.25,0.8125,5,0,Wall Street Strategies Corp,0,0,0
20001201,33985,WSSSQ',OTC,81.25,0.8125,1,0,Wall Street Strategies Corp,0,0,0
20001204,33985,WSSSQ',OTC,75,0.75,2,0,Wall Street Strategies Corp,0,0,0
20001205,33985,WSSSQ',OTC,87.5,0.875,3,0,Wall Street Strategies Corp,0,0,0
20001206,33985,WSSSQ',OTC,68.75,0.6875,2,0,Wall Street Strategies Corp,0,0,0
20001207,33985,WSSSQ',OTC,56.25,0.5625,4,0,Wall Street Strategies Corp,0,0,0
20001208,33985,WSSSQ',OTC,56.25,0.5625,1,0,Wall Street Strategies Corp,0,0,0
20001211,33985,WSSSQ',OTC,40.625,0.40625,42,0,Wall Street Strategies Corp,0,0,0
20001212,33985,WSSSQ',OTC,37.5,0.375,5,0,Wall Street Strategies Corp,0,0,0
20001213,33985,WSSSQ',OTC,34.375,0.34375,11,0,Wall Street Strategies Corp,0,0,0
20001214,33985,WSSSQ',OTC,31.25,0.3125,10,0,Wall Street Strategies Corp,0,0,0
20001215,33985,WSSSQ',OTC,50,0.5,39,0,Wall Street Strategies Corp,0,0,0
20001218,33985,WSSSQ',OTC,56.25,0.5625,22,0,Wall Street Strategies Corp,0,0,0
20001219,33985,WSSSQ',OTC,53.125,0.53125,22,0,Wall Street Strategies Corp,0,0,0
20001220,33985,WSSSQ',OTC,51.5625,0.515625,2,0,Wall Street Strategies Corp,0,0,0
20001221,33985,WSSSQ',OTC,43.75,0.4375,2,0,Wall Street Strategies Corp,0,0,0
20001222,33985,WSSSQ',OTC,53.125,0.53125,1,0,Wall Street Strategies Corp,0,0,0
20001226,33985,WSSSQ',OTC,68.75,0.6875,1,0,Wall Street Strategies Corp,0,0,0
20001227,33985,WSSSQ',OTC,50,0.5,1,0,Wall Street Strategies Corp,0,0,0
20001228,33985,WSSSQ',OTC,50,0.5,12,0,Wall Street Strategies Corp,0,0,0
20001229,33985,WSSSQ',OTC,43.75,0.4375,5,0,Wall Street Strategies Corp,0,0,0
20010102,33985,WSSSQ',OTC,43.75,0.4375,0,0,Wall Street Strategies Corp,0,0,0
20010103,33985,WSSSQ',OTC,40.625,0.40625,2,0,Wall Street Strategies Corp,0,0,0
20010104,33985,WSSSQ',OTC,46.875,0.46875,11,0,Wall Street Strategies Corp,0,0,0
20010105,33985,WSSSQ',OTC,37.5,0.375,5,0,Wall Street Strategies Corp,0,0,0
20010108,33985,WSSSQ',OTC,37.5,0.375,5,0,Wall Street Strategies Corp,0,0,0
20010109,33985,WSSSQ',OTC,37.5,0.375,2,0,Wall Street Strategies Corp,0,0,0
20010110,33985,WSSSQ',OTC,34.375,0.34375,5,0,Wall Street Strategies Corp,0,0,0
20010111,33985,WSSSQ',OTC,34.375,0.34375,4,0,Wall Street Strategies Corp,0,0,0
20010112,33985,WSSSQ',OTC,34.375,0.34375,7,0,Wall Street Strategies Corp,0,0,0
20010116,33985,WSSSQ',OTC,31.25,0.3125,3,0,Wall Street Strategies Corp,0,0,0
20010117,33985,WSSSQ',OTC,35.9375,0.359375,3,0,Wall Street Strategies Corp,0,0,0
20010118,33985,WSSSQ',OTC,31.25,0.3125,0,0,Wall Street Strategies Corp,0,0,0
20010119,33985,WSSSQ',OTC,31.25,0.3125,4,0,Wall Street Strategies Corp,0,0,0
20010122,33985,WSSSQ',OTC,34.375,0.34375,1,0,Wall Street Strategies Corp,0,0,0
20010123,33985,WSSSQ',OTC,31.25,0.3125,1,0,Wall Street Strategies Corp,0,0,0
20010124,33985,WSSSQ',OTC,34.375,0.34375,10,0,Wall Street Strategies Corp,0,0,0
20010125,33985,WSSSQ',OTC,31.25,0.3125,3,0,Wall Street Strategies Corp,0,0,0
20010126,33985,WSSSQ',OTC,29.6875,0.296875,1,0,Wall Street Strategies Corp,0,0,0
20010129,33985,WSSSQ',OTC,29.6875,0.296875,1,0,Wall Street Strategies Corp,0,0,0
20010130,33985,WSSSQ',OTC,29.6875,0.296875,4,0,Wall Street Strategies Corp,0,0,0
20010131,33985,WSSSQ',OTC,29.6875,0.296875,9,0,Wall Street Strategies Corp,0,0,0
20010201,33985,WSSSQ',OTC,25,0.25,3,0,Wall Street Strategies Corp,0,0,0
20010202,33985,WSSSQ',OTC,21.875,0.21875,2,0,Wall Street Strategies Corp,0,0,0
20010205,33985,WSSSQ',OTC,21.875,0.21875,2,0,Wall Street Strategies Corp,0,0,0
20010206,33985,WSSSQ',OTC,28.125,0.28125,6,0,Wall Street Strategies Corp,0,0,0
20010207,33985,WSSSQ',OTC,18.75,0.1875,4,0,Wall Street Strategies Corp,0,0,0
20010208,33985,WSSSQ',OTC,18.75,0.1875,1,0,Wall Street Strategies Corp,0,0,0
20010209,33985,WSSSQ',OTC,15.625,0.15625,5,0,Wall Street Strategies Corp,0,0,0
20010212,33985,WSSSQ',OTC,20.3125,0.203125,6,0,Wall Street Strategies Corp,0,0,0
20010213,33985,WSSSQ',OTC,26.5625,0.265625,6,0,Wall Street Strategies Corp,0,0,0
20010214,33985,WSSSQ',OTC,28.125,0.28125,6,0,Wall Street Strategies Corp,0,0,0
20010215,33985,WSSSQ',OTC,20.3125,0.203125,2,0,Wall Street Strategies Corp,0,0,0
20010216,33985,WSSSQ',OTC,18.75,0.1875,3,0,Wall Street Strategies Corp,0,0,0
20010220,33985,WSSSQ',OTC,18.75,0.1875,3,0,Wall Street Strategies Corp,0,0,0
20010221,33985,WSSSQ',OTC,20.3125,0.203125,9,0,Wall Street Strategies Corp,0,0,0
20010222,33985,WSSSQ',OTC,18.75,0.1875,1,0,Wall Street Strategies Corp,0,0,0
20010223,33985,WSSSQ',OTC,18.75,0.1875,5,0,Wall Street Strategies Corp,0,0,0
20010226,33985,WSSSQ',OTC,18.75,0.1875,7,0,Wall Street Strategies Corp,0,0,0
20010227,33985,WSSSQ',OTC,15.625,0.15625,1,0,Wall Street Strategies Corp,0,0,0
20010228,33985,WSSSQ',OTC,17.1875,0.171875,3,0,Wall Street Strategies Corp,0,0,0
20010301,33985,WSSSQ',OTC,17.1875,0.171875,3,0,Wall Street Strategies Corp,0,0,0
20010302,33985,WSSSQ',OTC,18.75,0.1875,2,0,Wall Street Strategies Corp,0,0,0
20010305,33985,WSSSQ',OTC,23.4375,0.234375,14,0,Wall Street Strategies Corp,0,0,0
20010306,33985,WSSSQ',OTC,20.3125,0.203125,2,0,Wall Street Strategies Corp,0,0,0
20010307,33985,WSSSQ',OTC,25,0.25,1,0,Wall Street Strategies Corp,0,0,0
20010308,33985,WSSSQ',OTC,20.3125,0.203125,3,0,Wall Street Strategies Corp,0,0,0
20010309,33985,WSSSQ',OTC,17.1875,0.171875,2,0,Wall Street Strategies Corp,0,0,0
20010312,33985,WSSSQ',OTC,17.1875,0.171875,10,0,Wall Street Strategies Corp,0,0,0
20010313,33985,WSSSQ',OTC,26.5625,0.265625,15,0,Wall Street Strategies Corp,0,0,0
20010314,33985,WSSSQ',OTC,28.125,0.28125,13,0,Wall Street Strategies Corp,0,0,0
20010315,33985,WSSSQ',OTC,18.75,0.1875,5,0,Wall Street Strategies Corp,0,0,0
20010316,33985,WSSSQ',OTC,18.75,0.1875,1,0,Wall Street Strategies Corp,0,0,0
20010319,33985,WSSSQ',OTC,25,0.25,8,0,Wall Street Strategies Corp,0,0,0
20010320,33985,WSSSQ',OTC,18.75,0.1875,2,0,Wall Street Strategies Corp,0,0,0
20010321,33985,WSSSQ',OTC,23.4375,0.234375,10,0,Wall Street Strategies Corp,0,0,0
20010322,33985,WSSSQ',OTC,18.75,0.1875,3,0,Wall Street Strategies Corp,0,0,0
20010323,33985,WSSSQ',OTC,18.75,0.1875,3,0,Wall Street Strategies Corp,0,0,0
20010326,33985,WSSSQ',OTC,18.75,0.1875,8,0,Wall Street Strategies Corp,0,0,0
20010327,33985,WSSSQ',OTC,15.625,0.15625,8,0,Wall Street Strategies Corp,0,0,0
20010328,33985,WSSSQ',OTC,17.1875,0.171875,10,0,Wall Street Strategies Corp,0,0,0
20010329,33985,WSSSQ',OTC,17.1875,0.171875,6,0,Wall Street Strategies Corp,0,0,0
20010330,33985,WSSSQ',OTC,14.0625,0.140625,5,0,Wall Street Strategies Corp,0,0,0
20010402,33985,WSSSQ',OTC,14.0625,0.140625,17,0,Wall Street Strategies Corp,0,0,0
20010403,33985,WSSSQ',OTC,14.0625,0.140625,4,0,Wall Street Strategies Corp,0,0,0
20010404,33985,WSSSQ',OTC,12.5,0.125,4,0,Wall Street Strategies Corp,0,0,0
20010405,33985,WSSSQ',OTC,10.9375,0.109375,3,0,Wall Street Strategies Corp,0,0,0
20010406,33985,WSSSQ',OTC,12.5,0.125,6,0,Wall Street Strategies Corp,0,0,0
20010409,33985,WSSSQ',OTC,10,0.1,2,0,Wall Street Strategies Corp,0,0,0
20010410,33985,WSSSQ',OTC,12,0.12,2,0,Wall Street Strategies Corp,0,0,0
20010411,33985,WSSSQ',OTC,11,0.11,7,0,Wall Street Strategies Corp,0,0,0
20010412,33985,WSSSQ',OTC,8,0.08,1,0,Wall Street Strategies Corp,0,0,0
20010416,33985,WSSSQ',OTC,12,0.12,14,0,Wall Street Strategies Corp,0,0,0
20010417,33985,WSSSQ',OTC,8,0.08,3,0,Wall Street Strategies Corp,0,0,0
20010418,33985,WSSSQ',OTC,8,0.08,1,0,Wall Street Strategies Corp,0,0,0
20010419,33985,WSSSQ',OTC,8,0.08,3,0,Wall Street Strategies Corp,0,0,0
20010420,33985,WSSSQ',OTC,10,0.1,4,0,Wall Street Strategies Corp,0,0,0
20010423,33985,WSSSQ',OTC,9,0.09,8,0,Wall Street Strategies Corp,0,0,0
20010424,33985,WSSSQ',OTC,11,0.11,24,0,Wall Street Strategies Corp,0,0,0
20010425,33985,WSSSQ',OTC,8,0.08,2,0,Wall Street Strategies Corp,0,0,0
20010426,33985,WSSSQ',OTC,8,0.08,5,0,Wall Street Strategies Corp,0,0,0
20010427,33985,WSSSQ',OTC,7,0.07,8,0,Wall Street Strategies Corp,0,0,0
20010430,33985,WSSSQ',OTC,6,0.06,10,0,Wall Street Strategies Corp,0,0,0
20010501,33985,WSSSQ',OTC,6,0.06,2,0,Wall Street Strategies Corp,0,0,0
20010502,33985,WSSSQ',OTC,7,0.07,6,0,Wall Street Strategies Corp,0,0,0
20010503,33985,WSSSQ',OTC,9,0.09,22,0,Wall Street Strategies Corp,0,0,0
20010504,33985,WSSSQ',OTC,13,0.13,18,0,Wall Street Strategies Corp,0,0,0
20010507,33985,WSSSQ',OTC,10,0.1,4,0,Wall Street Strategies Corp,0,0,0
20010508,33985,WSSSQ',OTC,12,0.12,5,0,Wall Street Strategies Corp,0,0,0
20010509,33985,WSSSQ',OTC,9,0.09,2,0,Wall Street Strategies Corp,0,0,0
20010510,33985,WSSSQ',OTC,10,0.1,14,0,Wall Street Strategies Corp,0,0,0
20010511,33985,WSSSQ',OTC,8,0.08,1,0,Wall Street Strategies Corp,0,0,0
20010514,33985,WSSSQ',OTC,8,0.08,1,0,Wall Street Strategies Corp,0,0,0
20010515,33985,WSSSQ',OTC,8,0.08,1,0,Wall Street Strategies Corp,0,0,0
20010516,33985,WSSSQ',OTC,8,0.08,2,0,Wall Street Strategies Corp,0,0,0
20010517,33985,WSSSQ',OTC,7,0.07,9,0,Wall Street Strategies Corp,0,0,0
20010518,33985,WSSSQ',OTC,6,0.06,2,0,Wall Street Strategies Corp,0,0,0
20010521,33985,WSSSQ',OTC,6,0.06,1,0,Wall Street Strategies Corp,0,0,0
20010522,33985,WSSSQ',OTC,6,0.06,4,0,Wall Street Strategies Corp,0,0,0
20010523,33985,WSSSQ',OTC,5,0.05,1,0,Wall Street Strategies Corp,0,0,0
20010524,33985,WSSSQ',OTC,6,0.06,9,0,Wall Street Strategies Corp,0,0,0
20010525,33985,WSSSQ',OTC,6,0.06,6,0,Wall Street Strategies Corp,0,0,0
20010529,33985,WSSSQ',OTC,5,0.05,1,0,Wall Street Strategies Corp,0,0,0
20010530,33985,WSSSQ',OTC,5,0.05,1,0,Wall Street Strategies Corp,0,0,0
20010531,33985,WSSSQ',OTC,5,0.05,4,0,Wall Street Strategies Corp,0,0,0
20010601,33985,WSSSQ',OTC,5,0.05,8,0,Wall Street Strategies Corp,0,0,0
20010604,33985,WSSSQ',OTC,5,0.05,3,0,Wall Street Strategies Corp,0,0,0
20010605,33985,WSSSQ',OTC,5,0.05,2,0,Wall Street Strategies Corp,0,0,0
20010606,33985,WSSSQ',OTC,5,0.05,1,0,Wall Street Strategies Corp,0,0,0
20010607,33985,WSSSQ',OTC,5,0.05,3,0,Wall Street Strategies Corp,0,0,0
20010608,33985,WSSSQ',OTC,6,0.06,2,0,Wall Street Strategies Corp,0,0,0
20010611,33985,WSSSQ',OTC,6,0.06,3,0,Wall Street Strategies Corp,0,0,0
20010612,33985,WSSSQ',OTC,5,0.05,1,0,Wall Street Strategies Corp,0,0,0
20010613,33985,WSSSQ',OTC,5,0.05,1,0,Wall Street Strategies Corp,0,0,0
20010614,33985,WSSSQ',OTC,6,0.06,5,0,Wall Street Strategies Corp,0,0,0
20010615,33985,WSSSQ',OTC,11,0.11,41,0,Wall Street Strategies Corp,0,0,0
20010618,33985,WSSSQ',OTC,12,0.12,79,0,Wall Street Strategies Corp,0,0,0
20010619,33985,WSSSQ',OTC,12,0.12,6,0,Wall Street Strategies Corp,0,0,0
20010620,33985,WSSSQ',OTC,10,0.1,4,0,Wall Street Strategies Corp,0,0,0
20010621,33985,WSSSQ',OTC,7,0.07,12,0,Wall Street Strategies Corp,0,0,0
20010622,33985,WSSSQ',OTC,7,0.07,1,0,Wall Street Strategies Corp,0,0,0
20010625,33985,WSSSQ',OTC,7,0.07,0,0,Wall Street Strategies Corp,0,0,0
20010626,33985,WSSSQ',OTC,9,0.09,12,0,Wall Street Strategies Corp,0,0,0
20010627,33985,WSSSQ',OTC,8,0.08,20,0,Wall Street Strategies Corp,0,0,0
20010628,33985,WSSSQ',OTC,6,0.06,6,0,Wall Street Strategies Corp,0,0,0
20010629,33985,WSSSQ',OTC,6,0.06,0,0,Wall Street Strategies Corp,0,0,0
20010702,33985,WSSSQ',OTC,6,0.06,1,0,Wall Street Strategies Corp,0,0,0
20010703,33985,WSSSQ',OTC,6,0.06,0,0,Wall Street Strategies Corp,0,0,0
20010705,33985,WSSSQ',OTC,6,0.06,0,0,Wall Street Strategies Corp,0,0,0
20010706,33985,WSSSQ',OTC,6,0.06,0,0,Wall Street Strategies Corp,0,0,0
20010709,33985,WSSSQ',OTC,5,0.05,6,0,Wall Street Strategies Corp,0,0,0
20010710,33985,WSSSQ',OTC,5,0.05,20,0,Wall Street Strategies Corp,0,0,0
20010711,33985,WSSSQ',OTC,5,0.05,9,0,Wall Street Strategies Corp,0,0,0
20010712,33985,WSSSQ',OTC,4,0.04,17,0,Wall Street Strategies Corp,0,0,0
20010713,33985,WSSSQ',OTC,4,0.04,1,0,Wall Street Strategies Corp,0,0,0
20010716,33985,WSSSQ',OTC,4,0.04,39,0,Wall Street Strategies Corp,0,0,0
20010717,33985,WSSSQ',OTC,4,0.04,11,0,Wall Street Strategies Corp,0,0,0
20010718,33985,WSSSQ',OTC,4,0.04,0,0,Wall Street Strategies Corp,0,0,0
20010719,33985,WSSSQ',OTC,4,0.04,1,0,Wall Street Strategies Corp,0,0,0
20010720,33985,WSSSQ',OTC,4,0.04,3,0,Wall Street Strategies Corp,0,0,0
20010723,33985,WSSSQ',OTC,4,0.04,1,0,Wall Street Strategies Corp,0,0,0
20010724,33985,WSSSQ',OTC,4,0.04,73,0,Wall Street Strategies Corp,0,0,0
20010725,33985,WSSSQ',OTC,3,0.03,8,0,Wall Street Strategies Corp,0,0,0
20010726,33985,WSSSQ',OTC,3,0.03,0,0,Wall Street Strategies Corp,0,0,0
20010727,33985,WSSSQ',OTC,3,0.03,0,0,Wall Street Strategies Corp,0,0,0
20010730,33985,WSSSQ',OTC,3,0.03,2,0,Wall Street Strategies Corp,0,0,0
20010731,33985,WSSSQ',OTC,4,0.04,17,0,Wall Street Strategies Corp,0,0,0
20010801,33985,WSSSQ',OTC,4,0.04,0,0,Wall Street Strategies Corp,0,0,0
20010802,33985,WSSSQ',OTC,4,0.04,1,0,Wall Street Strategies Corp,0,0,0
20010803,33985,WSSSQ',OTC,4,0.04,1,0,Wall Street Strategies Corp,0,0,0
20010806,33985,WSSSQ',OTC,4,0.04,0,0,Wall Street Strategies Corp,0,0,0
20010807,33985,WSSSQ',OTC,4,0.04,0,0,Wall Street Strategies Corp,0,0,0
20010808,33985,WSSSQ',OTC,5,0.05,8,0,Wall Street Strategies Corp,0,0,0
20010809,33985,WSSSQ',OTC,5,0.05,0,0,Wall Street Strategies Corp,0,0,0
20010810,33985,WSSSQ',OTC,5,0.05,0,0,Wall Street Strategies Corp,0,0,0
20010813,33985,WSSSQ',OTC,4,0.04,2,0,Wall Street Strategies Corp,0,0,0
20010814,33985,WSSSQ',OTC,4,0.04,0,0,Wall Street Strategies Corp,0,0,0
20010815,33985,WSSSQ',OTC,4,0.04,3,0,Wall Street Strategies Corp,0,0,0
20010816,33985,WSSSQ',OTC,4,0.04,15,0,Wall Street Strategies Corp,0,0,0
20010817,33985,WSSSQ',OTC,4,0.04,3,0,Wall Street Strategies Corp,0,0,0
20010820,33985,WSSSQ',OTC,4,0.04,33,0,Wall Street Strategies Corp,0,0,0
20010821,33985,WSSSQ',OTC,4,0.04,1,0,Wall Street Strategies Corp,0,0,0
20010822,33985,WSSSQ',OTC,4,0.04,1,0,Wall Street Strategies Corp,0,0,0
20010823,33985,WSSSQ',OTC,4,0.04,1,0,Wall Street Strategies Corp,0,0,0
20010824,33985,WSSSQ',OTC,4,0.04,0,0,Wall Street Strategies Corp,0,0,0
20010827,33985,WSSSQ',OTC,5,0.05,44,0,Wall Street Strategies Corp,0,0,0
20010828,33985,WSSSQ',OTC,3,0.03,3,0,Wall Street Strategies Corp,0,0,0
20010829,33985,WSSSQ',OTC,3,0.03,1,0,Wall Street Strategies Corp,0,0,0
20010830,33985,WSSSQ',OTC,3,0.03,1,0,Wall Street Strategies Corp,0,0,0
20010831,33985,WSSSQ',OTC,3,0.03,5,0,Wall Street Strategies Corp,0,0,0
20010904,33985,WSSSQ',OTC,3,0.03,40,0,Wall Street Strategies Corp,0,0,0
20010905,33985,WSSSQ',OTC,2,0.02,1,0,Wall Street Strategies Corp,0,0,0
20010906,33985,WSSSQ',OTC,2,0.02,1,0,Wall Street Strategies Corp,0,0,0
20010907,33985,WSSSQ',OTC,2,0.02,1,0,Wall Street Strategies Corp,0,0,0
20010910,33985,WSSSQ',OTC,2,0.02,10,0,Wall Street Strategies Corp,0,0,0
20010917,33985,WSSSQ',OTC,2,0.02,29,0,Wall Street Strategies Corp,0,0,0
20010918,33985,WSSSQ',OTC,2,0.02,1,0,Wall Street Strategies Corp,0,0,0
20010919,33985,WSSSQ',OTC,2,0.02,0,0,Wall Street Strategies Corp,0,0,0
20010920,33985,WSSSQ',OTC,1,0.01,6,0,Wall Street Strategies Corp,0,0,0
20010921,33985,WSSSQ',OTC,1,0.01,1,0,Wall Street Strategies Corp,0,0,0
20010924,33985,WSSSQ',OTC,1,0.01,1,0,Wall Street Strategies Corp,0,0,0
20010925,33985,WSSSQ',OTC,1,0.01,2,0,Wall Street Strategies Corp,0,0,0
20010926,33985,WSSSQ',OTC,1,0.01,2,0,Wall Street Strategies Corp,0,0,0
20010927,33985,WSSSQ',OTC,1,0.01,1,0,Wall Street Strategies Corp,0,0,0
20010928,33985,WSSSQ',OTC,1,0.01,1,0,Wall Street Strategies Corp,0,0,0
20011001,33985,WSSSQ',OTC,2,0.02,5,0,Wall Street Strategies Corp,0,0,0
20011002,33985,WSSSQ',OTC,1,0.01,2,0,Wall Street Strategies Corp,0,0,0
20011003,33985,WSSSQ',OTC,2,0.02,0,0,Wall Street Strategies Corp,0,0,0
20011004,33985,WSSSQ',OTC,2,0.02,77,0,Wall Street Strategies Corp,0,0,0
20011005,33985,WSSSQ',OTC,2,0.02,2,0,Wall Street Strategies Corp,0,0,0
20011008,33985,WSSSQ',OTC,2,0.02,2,0,Wall Street Strategies Corp,0,0,0
20011009,33985,WSSSQ',OTC,1,0.01,11,0,Wall Street Strategies Corp,0,0,0
20011010,33985,WSSSQ',OTC,1,0.01,2,0,Wall Street Strategies Corp,0,0,0
20011011,33985,WSSSQ',OTC,1,0.01,1,0,Wall Street Strategies Corp,0,0,0
20011012,33985,WSSSQ',OTC,1,0.01,2,0,Wall Street Strategies Corp,0,0,0
20011015,33985,WSSSQ',OTC,1,0.01,32,0,Wall Street Strategies Corp,0,0,0
20011016,33985,WSSSQ',OTC,1,0.01,34,0,Wall Street Strategies Corp,0,0,0
20011017,33985,WSSSQ',OTC,2,0.02,6,0,Wall Street Strategies Corp,0,0,0
20011018,33985,WSSSQ',OTC,1,0.01,2,0,Wall Street Strategies Corp,0,0,0
20011019,33985,WSSSQ',OTC,2,0.02,20,0,Wall Street Strategies Corp,0,0,0
20011022,33985,WSSSQ',OTC,2,0.02,0,0,Wall Street Strategies Corp,0,0,0
20011023,33985,WSSSQ',OTC,2,0.02,39,0,Wall Street Strategies Corp,0,0,0
20011024,33985,WSSSQ',OTC,3,0.03,64,0,Wall Street Strategies Corp,0,0,0
20011025,33985,WSSSQ',OTC,5,0.05,29,0,Wall Street Strategies Corp,0,0,0
20011026,33985,WSSSQ',OTC,4,0.04,4,0,Wall Street Strategies Corp,0,0,0
20011029,33985,WSSSQ',OTC,3,0.03,3,0,Wall Street Strategies Corp,0,0,0
20011030,33985,WSSSQ',OTC,5,0.05,2,0,Wall Street Strategies Corp,0,0,0
20011031,33985,WSSSQ',OTC,5,0.05,18,0,Wall Street Strategies Corp,0,0,0
20011101,33985,WSSSQ',OTC,5,0.05,10,0,Wall Street Strategies Corp,0,0,0
20011102,33985,WSSSQ',OTC,5,0.05,9,0,Wall Street Strategies Corp,0,0,0
20011105,33985,WSSSQ',OTC,6,0.06,16,0,Wall Street Strategies Corp,0,0,0
20011106,33985,WSSSQ',OTC,6,0.06,31,0,Wall Street Strategies Corp,0,0,0
20011107,33985,WSSSQ',OTC,8,0.08,12,0,Wall Street Strategies Corp,0,0,0
20011108,33985,WSSSQ',OTC,8,0.08,12,0,Wall Street Strategies Corp,0,0,0
20011109,33985,WSSSQ',OTC,6,0.06,30,0,Wall Street Strategies Corp,0,0,0
20011112,33985,WSSSQ',OTC,9,0.09,15,0,Wall Street Strategies Corp,0,0,0
20011113,33985,WSSSQ',OTC,11,0.11,15,0,Wall Street Strategies Corp,0,0,0
20011114,33985,WSSSQ',OTC,9,0.09,4,0,Wall Street Strategies Corp,0,0,0
20011115,33985,WSSSQ',OTC,8,0.08,0,0,Wall Street Strategies Corp,0,0,0
20011116,33985,WSSSQ',OTC,8,0.08,0,0,Wall Street Strategies Corp,0,0,0
20011119,33985,WSSSQ',OTC,8,0.08,0,0,Wall Street Strategies Corp,0,0,0
20011120,33985,WSSSQ',OTC,8,0.08,3,0,Wall Street Strategies Corp,0,0,0
20011121,33985,WSSSQ',OTC,8,0.08,7,0,Wall Street Strategies Corp,0,0,0
20011123,33985,WSSSQ',OTC,8,0.08,1,0,Wall Street Strategies Corp,0,0,0
20011126,33985,WSSSQ',OTC,7,0.07,2,0,Wall Street Strategies Corp,0,0,0
20011127,33985,WSSSQ',OTC,7,0.07,1,0,Wall Street Strategies Corp,0,0,0
20011128,33985,WSSSQ',OTC,7,0.07,0,0,Wall Street Strategies Corp,0,0,0
20011129,33985,WSSSQ',OTC,7,0.07,0,0,Wall Street Strategies Corp,0,0,0
20011130,33985,WSSSQ',OTC,6,0.06,0,0,Wall Street Strategies Corp,0,0,0
20011203,33985,WSSSQ',OTC,6,0.06,0,0,Wall Street Strategies Corp,0,0,0
20011204,33985,WSSSQ',OTC,6,0.06,0,0,Wall Street Strategies Corp,0,0,0
20011205,33985,WSSSQ',OTC,6,0.06,1,0,Wall Street Strategies Corp,0,0,0
20011206,33985,WSSSQ',OTC,6,0.06,0,0,Wall Street Strategies Corp,0,0,0
20011207,33985,WSSSQ',OTC,5,0.05,0,0,Wall Street Strategies Corp,0,0,0
20011210,33985,WSSSQ',OTC,5,0.05,0,0,Wall Street Strategies Corp,0,0,0
20011211,33985,WSSSQ',OTC,5,0.05,2,0,Wall Street Strategies Corp,0,0,0
20011212,33985,WSSSQ',OTC,5,0.05,0,0,Wall Street Strategies Corp,0,0,0
20011213,33985,WSSSQ',OTC,5,0.05,1,0,Wall Street Strategies Corp,0,0,0
20011214,33985,WSSSQ',OTC,5,0.05,0,0,Wall Street Strategies Corp,0,0,0
20011217,33985,WSSSQ',OTC,4,0.04,10,0,Wall Street Strategies Corp,0,0,0
20011218,33985,WSSSQ',OTC,4,0.04,0,0,Wall Street Strategies Corp,0,0,0
20011219,33985,WSSSQ',OTC,4,0.04,0,0,Wall Street Strategies Corp,0,0,0
20011220,33985,WSSSQ',OTC,4,0.04,3,0,Wall Street Strategies Corp,0,0,0
20011221,33985,WSSSQ',OTC,4,0.04,0,0,Wall Street Strategies Corp,0,0,0
20011224,33985,WSSSQ',OTC,4,0.04,0,0,Wall Street Strategies Corp,0,0,0
20011226,33985,WSSSQ',OTC,4,0.04,0,0,Wall Street Strategies Corp,0,0,0
20011227,33985,WSSSQ',OTC,4,0.04,0,0,Wall Street Strategies Corp,0,0,0
20011228,33985,WSSSQ',OTC,4,0.04,0,0,Wall Street Strategies Corp,0,0,0
20011231,33985,WSSSQ',OTC,4,0.04,3,0,Wall Street Strategies Corp,0,0,0
20020102,33985,WSSSQ',OTC,4,0.04,1,0,Wall Street Strategies Corp,0,0,0
20020103,33985,WSSSQ',OTC,4,0.04,0,0,Wall Street Strategies Corp,0,0,0
20020104,33985,WSSSQ',OTC,4,0.04,0,0,Wall Street Strategies Corp,0,0,0
20020107,33985,WSSSQ',OTC,4,0.04,1,0,Wall Street Strategies Corp,0,0,0
20020108,33985,WSSSQ',OTC,4,0.04,0,0,Wall Street Strategies Corp,0,0,0
20020109,33985,WSSSQ',OTC,4,0.04,0,0,Wall Street Strategies Corp,0,0,0
20020110,33985,WSSSQ',OTC,5,0.05,1,0,Wall Street Strategies Corp,0,0,0
20020111,33985,WSSSQ',OTC,5,0.05,9,0,Wall Street Strategies Corp,0,0,0
20020114,33985,WSSSQ',OTC,5,0.05,5,0,Wall Street Strategies Corp,0,0,0
20020115,33985,WSSSQ',OTC,4,0.04,1,0,Wall Street Strategies Corp,0,0,0
20020116,33985,WSSSQ',OTC,4,0.04,6,0,Wall Street Strategies Corp,0,0,0
20020117,33985,WSSSQ',OTC,3,0.03,1,0,Wall Street Strategies Corp,0,0,0
20020118,33985,WSSSQ',OTC,3,0.03,1,0,Wall Street Strategies Corp,0,0,0
20020122,33985,WSSSQ',OTC,3,0.03,1,0,Wall Street Strategies Corp,0,0,0
20020123,33985,WSSSQ',OTC,3,0.03,1,0,Wall Street Strategies Corp,0,0,0
20020124,33985,WSSSQ',OTC,3,0.03,2,0,Wall Street Strategies Corp,0,0,0
20020125,33985,WSSSQ',OTC,3,0.03,1,0,Wall Street Strategies Corp,0,0,0
20020128,33985,WSSSQ',OTC,4,0.04,6,0,Wall Street Strategies Corp,0,0,0
20020129,33985,WSSSQ',OTC,4,0.04,8,0,Wall Street Strategies Corp,0,0,0
20020130,33985,WSSSQ',OTC,4,0.04,2,0,Wall Street Strategies Corp,0,0,0
20020131,33985,WSSSQ',OTC,4,0.04,1,0,Wall Street Strategies Corp,0,0,0
20020201,33985,WSSSQ',OTC,4,0.04,1,0,Wall Street Strategies Corp,0,0,0
20020204,33985,WSSSQ',OTC,3,0.03,24,0,Wall Street Strategies Corp,0,0,0
20020205,33985,WSSSQ',OTC,3,0.03,7,0,Wall Street Strategies Corp,0,0,0
20020206,33985,WSSSQ',OTC,3,0.03,0,0,Wall Street Strategies Corp,0,0,0
20020207,33985,WSSSQ',OTC,3,0.03,0,0,Wall Street Strategies Corp,0,0,0
20020208,33985,WSSSQ',OTC,3,0.03,3,0,Wall Street Strategies Corp,0,0,0
20020211,33985,WSSSQ',OTC,3,0.03,0,0,Wall Street Strategies Corp,0,0,0
20020212,33985,WSSSQ',OTC,3,0.03,0,0,Wall Street Strategies Corp,0,0,0
20020213,33985,WSSSQ',OTC,3,0.03,0,0,Wall Street Strategies Corp,0,0,0
20020214,33985,WSSSQ',OTC,3,0.03,0,0,Wall Street Strategies Corp,0,0,0
20020215,33985,WSSSQ',OTC,2,0.02,24,0,Wall Street Strategies Corp,0,0,0
20020219,33985,WSSSQ',OTC,2,0.02,12,0,Wall Street Strategies Corp,0,0,0
20020220,33985,WSSSQ',OTC,2,0.02,0,0,Wall Street Strategies Corp,0,0,0
20020221,33985,WSSSQ',OTC,2,0.02,0,0,Wall Street Strategies Corp,0,0,0
20020222,33985,WSSSQ',OTC,2,0.02,0,0,Wall Street Strategies Corp,0,0,0
20020225,33985,WSSSQ',OTC,2,0.02,0,0,Wall Street Strategies Corp,0,0,0
20020226,33985,WSSSQ',OTC,2,0.02,0,0,Wall Street Strategies Corp,0,0,0
20020227,33985,WSSSQ',OTC,2,0.02,0,0,Wall Street Strategies Corp,0,0,0
20020228,33985,WSSSQ',OTC,2,0.02,0,0,Wall Street Strategies Corp,0,0,0
20020301,33985,WSSSQ',OTC,2,0.02,0,0,Wall Street Strategies Corp,0,0,0
20020304,33985,WSSSQ',OTC,2,0.02,3,0,Wall Street Strategies Corp,0,0,0
20020305,33985,WSSSQ',OTC,2,0.02,0,0,Wall Street Strategies Corp,0,0,0
20020306,33985,WSSSQ',OTC,2,0.02,0,0,Wall Street Strategies Corp,0,0,0
20020307,33985,WSSSQ',OTC,2,0.02,1,0,Wall Street Strategies Corp,0,0,0
20020308,33985,WSSSQ',OTC,2,0.02,0,0,Wall Street Strategies Corp,0,0,0
20020311,33985,WSSSQ',OTC,2,0.02,0,0,Wall Street Strategies Corp,0,0,0
20020312,33985,WSSSQ',OTC,2,0.02,0,0,Wall Street Strategies Corp,0,0,0
20020313,33985,WSSSQ',OTC,2,0.02,0,0,Wall Street Strategies Corp,0,0,0
20020314,33985,WSSSQ',OTC,2,0.02,0,0,Wall Street Strategies Corp,0,0,0
20020315,33985,WSSSQ',OTC,2,0.02,0,0,Wall Street Strategies Corp,0,0,0
20020318,33985,WSSSQ',OTC,2,0.02,0,0,Wall Street Strategies Corp,0,0,0
20020319,33985,WSSSQ',OTC,2,0.02,0,0,Wall Street Strategies Corp,0,0,0
20020320,33985,WSSSQ',OTC,2,0.02,0,0,Wall Street Strategies Corp,0,0,0
20020321,33985,WSSSQ',OTC,3,0.03,2,0,Wall Street Strategies Corp,0,0,0
20020322,33985,WSSSQ',OTC,3,0.03,0,0,Wall Street Strategies Corp,0,0,0
20020325,33985,WSSSQ',OTC,3,0.03,0,0,Wall Street Strategies Corp,0,0,0
20020326,33985,WSSSQ',OTC,3,0.03,0,0,Wall Street Strategies Corp,0,0,0
20020327,33985,WSSSQ',OTC,3,0.03,0,0,Wall Street Strategies Corp,0,0,0
20020328,33985,WSSSQ',OTC,3,0.03,2,0,Wall Street Strategies Corp,0,0,0
20020401,33985,WSSSQ',OTC,3,0.03,0,0,Wall Street Strategies Corp,0,0,0
20020402,33985,WSSSQ',OTC,3,0.03,0,0,Wall Street Strategies Corp,0,0,0
20020403,33985,WSSSQ',OTC,3,0.03,0,0,Wall Street Strategies Corp,0,0,0
20020404,33985,WSSSQ',OTC,3,0.03,0,0,Wall Street Strategies Corp,0,0,0
20020405,33985,WSSSQ',OTC,3,0.03,16,0,Wall Street Strategies Corp,0,0,0
20020408,33985,WSSSQ',OTC,3,0.03,0,0,Wall Street Strategies Corp,0,0,0
20020409,33985,WSSSQ',OTC,3,0.03,4,0,Wall Street Strategies Corp,0,0,0
20020410,33985,WSSSQ',OTC,3,0.03,5,0,Wall Street Strategies Corp,0,0,0
20020411,33985,WSSSQ',OTC,3,0.03,0,0,Wall Street Strategies Corp,0,0,0
20020412,33985,WSSSQ',OTC,3,0.03,2,0,Wall Street Strategies Corp,0,0,0
20020415,33985,WSSSQ',OTC,3,0.03,0,0,Wall Street Strategies Corp,0,0,0
20020416,33985,WSSSQ',OTC,3,0.03,0,0,Wall Street Strategies Corp,0,0,0
20020417,33985,WSSSQ',OTC,4,0.04,3,0,Wall Street Strategies Corp,0,0,0
20020418,33985,WSSSQ',OTC,4,0.04,2,0,Wall Street Strategies Corp,0,0,0
20020419,33985,WSSSQ',OTC,4,0.04,3,0,Wall Street Strategies Corp,0,0,0
20020422,33985,WSSSQ',OTC,4,0.04,0,0,Wall Street Strategies Corp,0,0,0
20020423,33985,WSSSQ',OTC,4,0.04,0,0,Wall Street Strategies Corp,0,0,0
20020424,33985,WSSSQ',OTC,3,0.03,1,0,Wall Street Strategies Corp,0,0,0
20020425,33985,WSSSQ',OTC,3,0.03,3,0,Wall Street Strategies Corp,0,0,0
20020426,33985,WSSSQ',OTC,3,0.03,2,0,Wall Street Strategies Corp,0,0,0
20020429,33985,WSSSQ',OTC,3,0.03,4,0,Wall Street Strategies Corp,0,0,0
20020430,33985,WSSSQ',OTC,3,0.03,0,0,Wall Street Strategies Corp,0,0,0
20020501,33985,WSSSQ',OTC,3,0.03,0,0,Wall Street Strategies Corp,0,0,0
20020502,33985,WSSSQ',OTC,3,0.03,0,0,Wall Street Strategies Corp,0,0,0
20020503,33985,WSSSQ',OTC,3,0.03,0,0,Wall Street Strategies Corp,0,0,0
20020506,33985,WSSSQ',OTC,3,0.03,0,0,Wall Street Strategies Corp,0,0,0
20020507,33985,WSSSQ',OTC,3,0.03,0,0,Wall Street Strategies Corp,0,0,0
20020508,33985,WSSSQ',OTC,3,0.03,0,0,Wall Street Strategies Corp,0,0,0
20020509,33985,WSSSQ',OTC,3,0.03,1,0,Wall Street Strategies Corp,0,0,0
20020510,33985,WSSSQ',OTC,3,0.03,0,0,Wall Street Strategies Corp,0,0,0
20020513,33985,WSSSQ',OTC,3,0.03,0,0,Wall Street Strategies Corp,0,0,0
20020514,33985,WSSSQ',OTC,3,0.03,0,0,Wall Street Strategies Corp,0,0,0
20020515,33985,WSSSQ',OTC,3,0.03,4,0,Wall Street Strategies Corp,0,0,0
20020516,33985,WSSSQ',OTC,3,0.03,0,0,Wall Street Strategies Corp,0,0,0
20020517,33985,WSSSQ',OTC,3,0.03,0,0,Wall Street Strategies Corp,0,0,0
20020520,33985,WSSSQ',OTC,3,0.03,0,0,Wall Street Strategies Corp,0,0,0
20020521,33985,WSSSQ',OTC,3,0.03,0,0,Wall Street Strategies Corp,0,0,0
20020522,33985,WSSSQ',OTC,3,0.03,0,0,Wall Street Strategies Corp,0,0,0
20020523,33985,WSSSQ',OTC,3,0.03,0,0,Wall Street Strategies Corp,0,0,0
20020524,33985,WSSSQ',OTC,3,0.03,0,0,Wall Street Strategies Corp,0,0,0
20020528,33985,WSSSQ',OTC,3,0.03,0,0,Wall Street Strategies Corp,0,0,0
20020529,33985,WSSSQ',OTC,3,0.03,0,0,Wall Street Strategies Corp,0,0,0
20020530,33985,WSSSQ',OTC,3,0.03,0,0,Wall Street Strategies Corp,0,0,0
20020531,33985,WSSSQ',OTC,3,0.03,0,0,Wall Street Strategies Corp,0,0,0
20020603,33985,WSSSQ',OTC,3,0.03,0,0,Wall Street Strategies Corp,0,0,0
20020604,33985,WSSSQ',OTC,3,0.03,20,0,Wall Street Strategies Corp,0,0,0
20020605,33985,WSSSQ',OTC,3,0.03,0,0,Wall Street Strategies Corp,0,0,0
20020606,33985,WSSSQ',OTC,3,0.03,0,0,Wall Street Strategies Corp,0,0,0
20020607,33985,WSSSQ',OTC,3,0.03,0,0,Wall Street Strategies Corp,0,0,0
20020610,33985,WSSSQ',OTC,3,0.03,0,0,Wall Street Strategies Corp,0,0,0
20020611,33985,WSSSQ',OTC,3,0.03,0,0,Wall Street Strategies Corp,0,0,0
20020612,33985,WSSSQ',OTC,3,0.03,0,0,Wall Street Strategies Corp,0,0,0
20020613,33985,WSSSQ',OTC,3,0.03,0,0,Wall Street Strategies Corp,0,0,0
20020614,33985,WSSSQ',OTC,3,0.03,0,0,Wall Street Strategies Corp,0,0,0
20020617,33985,WSSSQ',OTC,3,0.03,0,0,Wall Street Strategies Corp,0,0,0
20020618,33985,WSSSQ',OTC,3,0.03,0,0,Wall Street Strategies Corp,0,0,0
20020619,33985,WSSSQ',OTC,3,0.03,1,0,Wall Street Strategies Corp,0,0,0
20020620,33985,WSSSQ',OTC,3,0.03,0,0,Wall Street Strategies Corp,0,0,0
20020621,33985,WSSSQ',OTC,3,0.03,0,0,Wall Street Strategies Corp,0,0,0
20020624,33985,WSSSQ',OTC,3,0.03,0,0,Wall Street Strategies Corp,0,0,0
20020625,33985,WSSSQ',OTC,3,0.03,0,0,Wall Street Strategies Corp,0,0,0
20020626,33985,WSSSQ',OTC,3,0.03,0,0,Wall Street Strategies Corp,0,0,0
20020627,33985,WSSSQ',OTC,2,0.02,0,0,Wall Street Strategies Corp,0,0,0
20020628,33985,WSSSQ',OTC,2,0.02,0,0,Wall Street Strategies Corp,0,0,0
20020701,33985,WSSSQ',OTC,2,0.02,0,0,Wall Street Strategies Corp,0,0,0
20020702,33985,WSSSQ',OTC,2,0.02,0,0,Wall Street Strategies Corp,0,0,0
20020703,33985,WSSSQ',OTC,2,0.02,0,0,Wall Street Strategies Corp,0,0,0
20020705,33985,WSSSQ',OTC,2,0.02,0,0,Wall Street Strategies Corp,0,0,0
20020708,33985,WSSSQ',OTC,2,0.02,0,0,Wall Street Strategies Corp,0,0,0
20020709,33985,WSSSQ',OTC,2,0.02,0,0,Wall Street Strategies Corp,0,0,0
20020710,33985,WSSSQ',OTC,2,0.02,3,0,Wall Street Strategies Corp,0,0,0
20020711,33985,WSSSQ',OTC,2,0.02,2,0,Wall Street Strategies Corp,0,0,0
20020712,33985,WSSSQ',OTC,2,0.02,0,0,Wall Street Strategies Corp,0,0,0
20020715,33985,WSSSQ',OTC,2,0.02,0,0,Wall Street Strategies Corp,0,0,0
20020716,33985,WSSSQ',OTC,2,0.02,0,0,Wall Street Strategies Corp,0,0,0
20020717,33985,WSSSQ',OTC,2,0.02,0,0,Wall Street Strategies Corp,0,0,0
20020718,33985,WSSSQ',OTC,1,0.01,0,0,Wall Street Strategies Corp,0,0,0
20020719,33985,WSSSQ',OTC,3,0.03,15,0,Wall Street Strategies Corp,0,0,0
20020722,33985,WSSSQ',OTC,11,0.11,31,0,Wall Street Strategies Corp,0,0,0
20020723,33985,WSSSQ',OTC,5,0.05,13,0,Wall Street Strategies Corp,0,0,0
20020724,33985,WSSSQ',OTC,4,0.04,7,0,Wall Street Strategies Corp,0,0,0
20020725,33985,WSSSQ',OTC,4,0.04,0,0,Wall Street Strategies Corp,0,0,0
20020726,33985,WSSSQ',OTC,4,0.04,0,0,Wall Street Strategies Corp,0,0,0
20020729,33985,WSSSQ',OTC,4,0.04,0,0,Wall Street Strategies Corp,0,0,0
20020730,33985,WSSSQ',OTC,4,0.04,0,0,Wall Street Strategies Corp,0,0,0
20020731,33985,WSSSQ',OTC,4,0.04,0,0,Wall Street Strategies Corp,0,0,0
20020801,33985,WSSSQ',OTC,4,0.04,0,0,Wall Street Strategies Corp,0,0,0
20020802,33985,WSSSQ',OTC,4,0.04,0,0,Wall Street Strategies Corp,0,0,0
20020805,33985,WSSSQ',OTC,3,0.03,11,0,Wall Street Strategies Corp,0,0,0
20020806,33985,WSSSQ',OTC,3,0.03,0,0,Wall Street Strategies Corp,0,0,0
20020807,33985,WSSSQ',OTC,3,0.03,0,0,Wall Street Strategies Corp,0,0,0
20020808,33985,WSSSQ',OTC,3,0.03,0,0,Wall Street Strategies Corp,0,0,0
20020809,33985,WSSSQ',OTC,2,0.02,0,0,Wall Street Strategies Corp,0,0,0
20020812,33985,WSSSQ',OTC,2,0.02,0,0,Wall Street Strategies Corp,0,0,0
20020813,33985,WSSSQ',OTC,2,0.02,0,0,Wall Street Strategies Corp,0,0,0
20020814,33985,WSSSQ',OTC,2,0.02,0,0,Wall Street Strategies Corp,0,0,0
20020815,33985,WSSSQ',OTC,2,0.02,0,0,Wall Street Strategies Corp,0,0,0
20020816,33985,WSSSQ',OTC,2,0.02,0,0,Wall Street Strategies Corp,0,0,0
20020819,33985,WSSSQ',OTC,2,0.02,0,0,Wall Street Strategies Corp,0,0,0
20020820,33985,WSSSQ',OTC,2,0.02,0,0,Wall Street Strategies Corp,0,0,0
20020821,33985,WSSSQ',OTC,2,0.02,0,0,Wall Street Strategies Corp,0,0,0
20020822,33985,WSSSQ',OTC,3,0.03,1,0,Wall Street Strategies Corp,0,0,0
20020823,33985,WSSSQ',OTC,2,0.02,1,0,Wall Street Strategies Corp,0,0,0
20020826,33985,WSSSQ',OTC,2,0.02,0,0,Wall Street Strategies Corp,0,0,0
20020827,33985,WSSSQ',OTC,2,0.02,1,0,Wall Street Strategies Corp,0,0,0
20020828,33985,WSSSQ',OTC,2,0.02,0,0,Wall Street Strategies Corp,0,0,0
20020829,33985,WSSSQ',OTC,2,0.02,0,0,Wall Street Strategies Corp,0,0,0
20020830,33985,WSSSQ',OTC,2,0.02,1,0,Wall Street Strategies Corp,0,0,0
20020903,33985,WSSSQ',OTC,2,0.02,0,0,Wall Street Strategies Corp,0,0,0
20020904,33985,WSSSQ',OTC,2,0.02,0,0,Wall Street Strategies Corp,0,0,0
20020905,33985,WSSSQ',OTC,2,0.02,0,0,Wall Street Strategies Corp,0,0,0
20020906,33985,WSSSQ',OTC,2,0.02,0,0,Wall Street Strategies Corp,0,0,0
20020909,33985,WSSSQ',OTC,2,0.02,4,0,Wall Street Strategies Corp,0,0,0
20020910,33985,WSSSQ',OTC,2,0.02,11,0,Wall Street Strategies Corp,0,0,0
20020911,33985,WSSSQ',OTC,1.6,1.6,0,0,Wall Street Strategies Corp,0,0,0
20020912,33985,WSSSQ',OTC,1.6,1.6,0,0,Wall Street Strategies Corp,0,0,0
20020913,33985,WSSSQ',OTC,1.6,1.6,0,0,Wall Street Strategies Corp,0,0,0
20020916,33985,WSSSQ',OTC,1.6,1.6,0,0,Wall Street Strategies Corp,0,0,0
20020917,33985,WSSSQ',OTC,1.6,1.6,0,0,Wall Street Strategies Corp,0,0,0
20020918,33985,WSSSQ',OTC,1.6,1.6,0,0,Wall Street Strategies Corp,0,0,0
20020919,33985,WSSSQ',OTC,1.6,1.6,0,0,Wall Street Strategies Corp,0,0,0
20020920,33985,WSSSQ',OTC,1.6,1.6,0,0,Wall Street Strategies Corp,0,0,0
20020923,33985,WSSSQ',OTC,1.6,1.6,0,0,Wall Street Strategies Corp,0,0,0
20020924,33985,WSSSQ',OTC,1.6,1.6,0,0,Wall Street Strategies Corp,0,0,0
20020925,33985,WSSSQ',OTC,1.6,1.6,0,0,Wall Street Strategies Corp,0,0,0
20020926,33985,WSSSQ',OTC,1.6,1.6,0,0,Wall Street Strategies Corp,0,0,0
20020927,33985,WSSSQ',OTC,1.6,1.6,0,0,Wall Street Strategies Corp,0,0,0
20020930,33985,WSSSQ',OTC,1.6,1.6,0,0,Wall Street Strategies Corp,0,0,0
20021001,33985,WSSSQ',OTC,1.5,1.5,20,0,Wall Street Strategies Corp,0,0,0
20021002,33985,WSSSQ',OTC,1.5,1.5,0,0,Wall Street Strategies Corp,0,0,0
20021003,33985,WSSSQ',OTC,1.5,1.5,0,0,Wall Street Strategies Corp,0,0,0
20021004,33985,WSSSQ',OTC,1.6,1.6,14,0,Wall Street Strategies Corp,0,0,0
20021007,33985,WSSSQ',OTC,0.75,0.75,41,0,Wall Street Strategies Corp,0,0,0
20021008,33985,WSSSQ',OTC,1.2,1.2,6,0,Wall Street Strategies Corp,0,0,0
20021009,33985,WSSSQ',OTC,1.2,1.2,0,0,Wall Street Strategies Corp,0,0,0
20021010,33985,WSSSQ',OTC,1.14,1.14,145,0,Wall Street Strategies Corp,0,0,0
20021011,33985,WSSSQ',OTC,1.14,1.14,0,0,Wall Street Strategies Corp,0,0,0
20021014,33985,WSSSQ',OTC,0.99,0.99,8,0,Wall Street Strategies Corp,0,0,0
20021015,33985,WSSSQ',OTC,0.99,0.99,0,0,Wall Street Strategies Corp,0,0,0
20021016,33985,WSSSQ',OTC,0.99,0.99,0,0,Wall Street Strategies Corp,0,0,0
20021017,33985,WSSSQ',OTC,0.99,0.99,0,0,Wall Street Strategies Corp,0,0,0
20021018,33985,WSSSQ',OTC,1,1,34,0,Wall Street Strategies Corp,0,0,0
20021021,33985,WSSSQ',OTC,1,1,0,0,Wall Street Strategies Corp,0,0,0
20021022,33985,WSSSQ',OTC,1,1,0,0,Wall Street Strategies Corp,0,0,0
20021023,33985,WSSSQ',OTC,1,1,0,0,Wall Street Strategies Corp,0,0,0
20021024,33985,WSSSQ',OTC,1,1,0,0,Wall Street Strategies Corp,0,0,0
20021025,33985,WSSSQ',OTC,1,1,0,0,Wall Street Strategies Corp,0,0,0
20021028,33985,WSSSQ',OTC,1,1,0,0,Wall Street Strategies Corp,0,0,0
20021029,33985,WSSSQ',OTC,1,1,0,0,Wall Street Strategies Corp,0,0,0
20021030,33985,WSSSQ',OTC,1,1,0,0,Wall Street Strategies Corp,0,0,0
20021031,33985,WSSSQ',OTC,1,1,0,0,Wall Street Strategies Corp,0,0,0
20021101,33985,WSSSQ',OTC,1,1,0,0,Wall Street Strategies Corp,0,0,0
20021104,33985,WSSSQ',OTC,1,1,0,0,Wall Street Strategies Corp,0,0,0
20021105,33985,WSSSQ',OTC,1,1,0,0,Wall Street Strategies Corp,0,0,0
20021106,33985,WSSSQ',OTC,1,1,0,0,Wall Street Strategies Corp,0,0,0
20021107,33985,WSSSQ',OTC,1,1,0,0,Wall Street Strategies Corp,0,0,0
20021108,33985,WSSSQ',OTC,1,1,0,0,Wall Street Strategies Corp,0,0,0
20021111,33985,WSSSQ',OTC,1,1,0,0,Wall Street Strategies Corp,0,0,0
20021112,33985,WSSSQ',OTC,1,1,0,0,Wall Street Strategies Corp,0,0,0
20021113,33985,WSSSQ',OTC,1,1,0,0,Wall Street Strategies Corp,0,0,0
20021114,33985,WSSSQ',OTC,1,1,0,0,Wall Street Strategies Corp,0,0,0
20021115,33985,WSSSQ',OTC,1,1,0,0,Wall Street Strategies Corp,0,0,0
20021118,33985,WSSSQ',OTC,1,1,0,0,Wall Street Strategies Corp,0,0,0
20021119,33985,WSSSQ',OTC,1,1,0,0,Wall Street Strategies Corp,0,0,0
20021120,33985,WSSSQ',OTC,1,1,0,0,Wall Street Strategies Corp,0,0,0
20021121,33985,WSSSQ',OTC,1,1,0,0,Wall Street Strategies Corp,0,0,0
20021122,33985,WSSSQ',OTC,1,1,0,0,Wall Street Strategies Corp,0,0,0
20021125,33985,WSSSQ',OTC,1,1,0,0,Wall Street Strategies Corp,0,0,0
20021126,33985,WSSSQ',OTC,1,1,0,0,Wall Street Strategies Corp,0,0,0
20021127,33985,WSSSQ',OTC,1,1,0,0,Wall Street Strategies Corp,0,0,0
20021129,33985,WSSSQ',OTC,1,1,0,0,Wall Street Strategies Corp,0,0,0
20021202,33985,WSSSQ',OTC,1,1,0,0,Wall Street Strategies Corp,0,0,0
20021203,33985,WSSSQ',OTC,1,1,0,0,Wall Street Strategies Corp,0,0,0
20021204,33985,WSSSQ',OTC,1,1,0,0,Wall Street Strategies Corp,0,0,0
20021205,33985,WSSSQ',OTC,1,1,0,0,Wall Street Strategies Corp,0,0,0
20021206,33985,WSSSQ',OTC,1,1,0,0,Wall Street Strategies Corp,0,0,0
20021209,33985,WSSSQ',OTC,1,1,0,0,Wall Street Strategies Corp,0,0,0
20021210,33985,WSSSQ',OTC,1,1,0,0,Wall Street Strategies Corp,0,0,0
20021211,33985,WSSSQ',OTC,1,1,0,0,Wall Street Strategies Corp,0,0,0
20021212,33985,WSSSQ',OTC,1,1,0,0,Wall Street Strategies Corp,0,0,0
20021213,33985,WSSSQ',OTC,0.3,0.3,10,0,Wall Street Strategies Corp,0,0,0
20021216,33985,WSSSQ',OTC,0.3,0.3,0,0,Wall Street Strategies Corp,0,0,0
20021217,33985,WSSSQ',OTC,0.3,0.3,0,0,Wall Street Strategies Corp,0,0,0
20021218,33985,WSSSQ',OTC,0.3,0.3,0,0,Wall Street Strategies Corp,0,0,0
20021219,33985,WSSSQ',OTC,0.3,0.3,0,0,Wall Street Strategies Corp,0,0,0
20021220,33985,WSSSQ',OTC,0.3,0.3,0,0,Wall Street Strategies Corp,0,0,0
20021223,33985,WSSSQ',OTC,0.3,0.3,0,0,Wall Street Strategies Corp,0,0,0
20021224,33985,WSSSQ',OTC,0.3,0.3,0,0,Wall Street Strategies Corp,0,0,0
20021226,33985,WSSSQ',OTC,0.3,0.3,0,0,Wall Street Strategies Corp,0,0,0
20021227,33985,WSSSQ',OTC,0.3,0.3,0,0,Wall Street Strategies Corp,0,0,0
20021230,33985,WSSSQ',OTC,0.3,0.3,0,0,Wall Street Strategies Corp,0,0,0
20021231,33985,WSSSQ',OTC,0.3,0.3,0,0,Wall Street Strategies Corp,0,0,0
20030102,33985,WSSSQ',OTC,0.3,0.3,0,0,Wall Street Strategies Corp,0,0,0
20030103,33985,WSSSQ',OTC,0.3,0.3,0,0,Wall Street Strategies Corp,0,0,0
20030106,33985,WSSSQ',OTC,0.3,0.3,0,0,Wall Street Strategies Corp,0,0,0
20030107,33985,WSSSQ',OTC,0.3,0.3,0,0,Wall Street Strategies Corp,0,0,0
20030108,33985,WSSSQ',OTC,0.3,0.3,0,0,Wall Street Strategies Corp,0,0,0
20030109,33985,WSSSQ',OTC,0.3,0.3,0,0,Wall Street Strategies Corp,0,0,0
20030110,33985,WSSSQ',OTC,0.3,0.3,0,0,Wall Street Strategies Corp,0,0,0
20030113,33985,WSSSQ',OTC,0.3,0.3,0,0,Wall Street Strategies Corp,0,0,0
20030114,33985,WSSSQ',OTC,0.3,0.3,0,0,Wall Street Strategies Corp,0,0,0
20030115,33985,WSSSQ',OTC,0.3,0.3,0,0,Wall Street Strategies Corp,0,0,0
20030116,33985,WSSSQ',OTC,0.3,0.3,0,0,Wall Street Strategies Corp,0,0,0
20030117,33985,WSSSQ',OTC,0.3,0.3,0,0,Wall Street Strategies Corp,0,0,0
20030121,33985,WSSSQ',OTC,0.3,0.3,0,0,Wall Street Strategies Corp,0,0,0
20030122,33985,WSSSQ',OTC,0.3,0.3,0,0,Wall Street Strategies Corp,0,0,0
20030123,33985,WSSSQ',OTC,0.3,0.3,0,0,Wall Street Strategies Corp,0,0,0
20030124,33985,WSSSQ',OTC,0.3,0.3,0,0,Wall Street Strategies Corp,0,0,0
20030127,33985,WSSSQ',OTC,0.3,0.3,0,0,Wall Street Strategies Corp,0,0,0
20030128,33985,WSSSQ',OTC,0.3,0.3,0,0,Wall Street Strategies Corp,0,0,0
20030129,33985,WSSSQ',OTC,0.3,0.3,0,0,Wall Street Strategies Corp,0,0,0
20030130,33985,WSSSQ',OTC,0.3,0.3,0,0,Wall Street Strategies Corp,0,0,0
20030131,33985,WSSSQ',OTC,0.3,0.3,0,0,Wall Street Strategies Corp,0,0,0
20030203,33985,WSSSQ',OTC,0.3,0.3,0,0,Wall Street Strategies Corp,0,0,0
20030204,33985,WSSSQ',OTC,0.3,0.3,0,0,Wall Street Strategies Corp,0,0,0
20030205,33985,WSSSQ',OTC,0.3,0.3,0,0,Wall Street Strategies Corp,0,0,0
20030206,33985,WSSSQ',OTC,0.3,0.3,0,0,Wall Street Strategies Corp,0,0,0
20030207,33985,WSSSQ',OTC,0.3,0.3,0,0,Wall Street Strategies Corp,0,0,0
20030210,33985,WSSSQ',OTC,0.3,0.3,0,0,Wall Street Strategies Corp,0,0,0
20030211,33985,WSSSQ',OTC,0.3,0.3,0,0,Wall Street Strategies Corp,0,0,0
20030212,33985,WSSSQ',OTC,0.3,0.3,0,0,Wall Street Strategies Corp,0,0,0
20030213,33985,WSSSQ',OTC,0.3,0.3,0,0,Wall Street Strategies Corp,0,0,0
20030214,33985,WSSSQ',OTC,0.3,0.3,0,0,Wall Street Strategies Corp,0,0,0
20030218,33985,WSSSQ',OTC,0.3,0.3,0,0,Wall Street Strategies Corp,0,0,0
20030219,33985,WSSSQ',OTC,0.3,0.3,0,0,Wall Street Strategies Corp,0,0,0
20030220,33985,WSSSQ',OTC,0.3,0.3,2,0,Wall Street Strategies Corp,0,0,0
20030221,33985,WSSSQ',OTC,0.3,0.3,0,0,Wall Street Strategies Corp,0,0,0
20030224,33985,WSSSQ',OTC,0.3,0.3,0,0,Wall Street Strategies Corp,0,0,0
20030225,33985,WSSSQ',OTC,0.3,0.3,2,0,Wall Street Strategies Corp,0,0,0
20030226,33985,WSSSQ',OTC,0.3,0.3,0,0,Wall Street Strategies Corp,0,0,0
20030227,33985,WSSSQ',OTC,0.3,0.3,0,0,Wall Street Strategies Corp,0,0,0
20030228,33985,WSSSQ',OTC,0.3,0.3,0,0,Wall Street Strategies Corp,0,0,0
20030303,33985,WSSSQ',OTC,0.3,0.3,0,0,Wall Street Strategies Corp,0,0,0
20030304,33985,WSSSQ',OTC,0.3,0.3,0,0,Wall Street Strategies Corp,0,0,0
20030305,33985,WSSSQ',OTC,0.3,0.3,0,0,Wall Street Strategies Corp,0,0,0
20030306,33985,WSSSQ',OTC,0.3,0.3,0,0,Wall Street Strategies Corp,0,0,0
20030307,33985,WSSSQ',OTC,0.3,0.3,0,0,Wall Street Strategies Corp,0,0,0
20030310,33985,WSSSQ',OTC,0.3,0.3,0,0,Wall Street Strategies Corp,0,0,0
20030311,33985,WSSSQ',OTC,0.3,0.3,0,0,Wall Street Strategies Corp,0,0,0
20030312,33985,WSSSQ',OTC,0.3,0.3,0,0,Wall Street Strategies Corp,0,0,0
20030313,33985,WSSSQ',OTC,0.3,0.3,0,0,Wall Street Strategies Corp,0,0,0
20030314,33985,WSSSQ',OTC,0.3,0.3,0,0,Wall Street Strategies Corp,0,0,0
20030317,33985,WSSSQ',OTC,0.3,0.3,0,0,Wall Street Strategies Corp,0,0,0
20030318,33985,WSSSQ',OTC,0.3,0.3,0,0,Wall Street Strategies Corp,0,0,0
20030319,33985,WSSSQ',OTC,0.3,0.3,0,0,Wall Street Strategies Corp,0,0,0
20030320,33985,WSSSQ',OTC,0.3,0.3,21,0,Wall Street Strategies Corp,0,0,0
20030321,33985,WSSSQ',OTC,0.3,0.3,0,0,Wall Street Strategies Corp,0,0,0
20030324,33985,WSSSQ',OTC,0.3,0.3,0,0,Wall Street Strategies Corp,0,0,0
20030325,33985,WSSSQ',OTC,0.3,0.3,0,0,Wall Street Strategies Corp,0,0,0
20030326,33985,WSSSQ',OTC,0.3,0.3,15,0,Wall Street Strategies Corp,0,0,0
20030327,33985,WSSSQ',OTC,0.3,0.3,0,0,Wall Street Strategies Corp,0,0,0
20030328,33985,WSSSQ',OTC,0.3,0.3,0,0,Wall Street Strategies Corp,0,0,0
20030331,33985,WSSSQ',OTC,0.3,0.3,0,0,Wall Street Strategies Corp,0,0,0
20030401,33985,WSSSQ',OTC,0.3,0.3,0,0,Wall Street Strategies Corp,0,0,0
20030402,33985,WSSSQ',OTC,0.3,0.3,0,0,Wall Street Strategies Corp,0,0,0
20030403,33985,WSSSQ',OTC,0.3,0.3,0,0,Wall Street Strategies Corp,0,0,0
20030404,33985,WSSSQ',OTC,0.3,0.3,0,0,Wall Street Strategies Corp,0,0,0
20030407,33985,WSSSQ',OTC,0.3,0.3,0,0,Wall Street Strategies Corp,0,0,0
20030408,33985,WSSSQ',OTC,0.3,0.3,0,0,Wall Street Strategies Corp,0,0,0
20030409,33985,WSSSQ',OTC,0.22,0.22,100,0,Wall Street Strategies Corp,0,0,0
20030410,33985,WSSSQ',OTC,0.22,0.22,0,0,Wall Street Strategies Corp,0,0,0
20030411,33985,WSSSQ',OTC,0.22,0.22,0,0,Wall Street Strategies Corp,0,0,0
20030414,33985,WSSSQ',OTC,0.35,0.35,50,0,Wall Street Strategies Corp,0,0,0
20030415,33985,WSSSQ',OTC,0.35,0.35,0,0,Wall Street Strategies Corp,0,0,0
20030416,33985,WSSSQ',OTC,0.35,0.35,0,0,Wall Street Strategies Corp,0,0,0
20030417,33985,WSSSQ',OTC,0.37,0.37,50,0,Wall Street Strategies Corp,0,0,0
20030421,33985,WSSSQ',OTC,0.37,0.37,0,0,Wall Street Strategies Corp,0,0,0
20030422,33985,WSSSQ',OTC,0.37,0.37,0,0,Wall Street Strategies Corp,0,0,0
20030423,33985,WSSSQ',OTC,0.37,0.37,0,0,Wall Street Strategies Corp,0,0,0
20030424,33985,WSSSQ',OTC,0.37,0.37,0,0,Wall Street Strategies Corp,0,0,0
20030425,33985,WSSSQ',OTC,0.37,0.37,0,0,Wall Street Strategies Corp,0,0,0
20030428,33985,WSSSQ',OTC,0.37,0.37,0,0,Wall Street Strategies Corp,0,0,0
20030429,33985,WSSSQ',OTC,0.37,0.37,0,0,Wall Street Strategies Corp,0,0,0
20030430,33985,WSSSQ',OTC,0.37,0.37,0,0,Wall Street Strategies Corp,0,0,0
20030501,33985,WSSSQ',OTC,0.37,0.37,0,0,Wall Street Strategies Corp,0,0,0
20030502,33985,WSSSQ',OTC,0.37,0.37,0,0,Wall Street Strategies Corp,0,0,0
20030505,33985,WSSSQ',OTC,0.37,0.37,0,0,Wall Street Strategies Corp,0,0,0
20030506,33985,WSSSQ',OTC,0.37,0.37,0,0,Wall Street Strategies Corp,0,0,0
20030507,33985,WSSSQ',OTC,0.37,0.37,0,0,Wall Street Strategies Corp,0,0,0
20030508,33985,WSSSQ',OTC,0.37,0.37,0,0,Wall Street Strategies Corp,0,0,0
20030509,33985,WSSSQ',OTC,0.37,0.37,0,0,Wall Street Strategies Corp,0,0,0
20030512,33985,WSSSQ',OTC,0.37,0.37,0,0,Wall Street Strategies Corp,0,0,0
20030513,33985,WSSSQ',OTC,0.37,0.37,0,0,Wall Street Strategies Corp,0,0,0
20030514,33985,WSSSQ',OTC,0.37,0.37,0,0,Wall Street Strategies Corp,0,0,0
20030515,33985,WSSSQ',OTC,0.37,0.37,0,0,Wall Street Strategies Corp,0,0,0
20030516,33985,WSSSQ',OTC,0.37,0.37,0,0,Wall Street Strategies Corp,0,0,0
20030519,33985,WSSSQ',OTC,0.37,0.37,0,0,Wall Street Strategies Corp,0,0,0
20030520,33985,WSSSQ',OTC,0.37,0.37,0,0,Wall Street Strategies Corp,0,0,0
20030521,33985,WSSSQ',OTC,0.37,0.37,0,0,Wall Street Strategies Corp,0,0,0
20030522,33985,WSSSQ',OTC,0.37,0.37,0,0,Wall Street Strategies Corp,0,0,0
20030523,33985,WSSSQ',OTC,0.37,0.37,0,0,Wall Street Strategies Corp,0,0,0
20030527,33985,WSSSQ',OTC,0.37,0.37,0,0,Wall Street Strategies Corp,0,0,0
20030528,33985,WSSSQ',OTC,0.37,0.37,0,0,Wall Street Strategies Corp,0,0,0
20030529,33985,WSSSQ',OTC,0.37,0.37,0,0,Wall Street Strategies Corp,0,0,0
20030530,33985,WSSSQ',OTC,0.37,0.37,0,0,Wall Street Strategies Corp,0,0,0
20030602,33985,WSSSQ',OTC,0.37,0.37,0,0,Wall Street Strategies Corp,0,0,0
20030603,33985,WSSSQ',OTC,0.37,0.37,0,0,Wall Street Strategies Corp,0,0,0
20030604,33985,WSSSQ',OTC,0.37,0.37,0,0,Wall Street Strategies Corp,0,0,0
20030605,33985,WSSSQ',OTC,0.37,0.37,0,0,Wall Street Strategies Corp,0,0,0
20030606,33985,WSSSQ',OTC,0.37,0.37,0,0,Wall Street Strategies Corp,0,0,0
20030609,33985,WSSSQ',OTC,0.37,0.37,0,0,Wall Street Strategies Corp,0,0,0
20030610,33985,WSSSQ',OTC,0.37,0.37,0,0,Wall Street Strategies Corp,0,0,0
20030611,33985,WSSSQ',OTC,0.37,0.37,0,0,Wall Street Strategies Corp,0,0,0
20030612,33985,WSSSQ',OTC,0.37,0.37,0,0,Wall Street Strategies Corp,0,0,0
20030613,33985,WSSSQ',OTC,0.37,0.37,0,0,Wall Street Strategies Corp,0,0,0
20030616,33985,WSSSQ',OTC,0.37,0.37,0,0,Wall Street Strategies Corp,0,0,0
20030617,33985,WSSSQ',OTC,0.37,0.37,0,0,Wall Street Strategies Corp,0,0,0
20030618,33985,WSSSQ',OTC,0.02,0.02,1,0,Wall Street Strategies Corp,0,0,0
20030619,33985,WSSSQ',OTC,0.02,0.02,0,0,Wall Street Strategies Corp,0,0,0
20030620,33985,WSSSQ',OTC,0.02,0.02,0,0,Wall Street Strategies Corp,0,0,0
20030623,33985,WSSSQ',OTC,0.02,0.02,0,0,Wall Street Strategies Corp,0,0,0
20030624,33985,WSSSQ',OTC,0.02,0.02,0,0,Wall Street Strategies Corp,0,0,0
20030625,33985,WSSSQ',OTC,0.02,0.02,0,0,Wall Street Strategies Corp,0,0,0
20030626,33985,WSSSQ',OTC,0.02,0.02,0,0,Wall Street Strategies Corp,0,0,0
20030627,33985,WSSSQ',OTC,0.02,0.02,0,0,Wall Street Strategies Corp,0,0,0
20030630,33985,WSSSQ',OTC,0.02,0.02,0,0,Wall Street Strategies Corp,0,0,0
20030701,33985,WSSSQ',OTC,0.02,0.02,0,0,Wall Street Strategies Corp,0,0,0
20030702,33985,WSSSQ',OTC,0.02,0.02,0,0,Wall Street Strategies Corp,0,0,0
20030703,33985,WSSSQ',OTC,0.02,0.02,0,0,Wall Street Strategies Corp,0,0,0
20030707,33985,WSSSQ',OTC,0.02,0.02,0,0,Wall Street Strategies Corp,0,0,0
20030708,33985,WSSSQ',OTC,0.02,0.02,0,0,Wall Street Strategies Corp,0,0,0
20030709,33985,WSSSQ',OTC,0.02,0.02,0,0,Wall Street Strategies Corp,0,0,0
20030710,33985,WSSSQ',OTC,0.02,0.02,0,0,Wall Street Strategies Corp,0,0,0
20030711,33985,WSSSQ',OTC,0.02,0.02,0,0,Wall Street Strategies Corp,0,0,0
20030714,33985,WSSSQ',OTC,0.02,0.02,0,0,Wall Street Strategies Corp,0,0,0
20030715,33985,WSSSQ',OTC,0.02,0.02,0,0,Wall Street Strategies Corp,0,0,0
20030716,33985,WSSSQ',OTC,0.02,0.02,0,0,Wall Street Strategies Corp,0,0,0
20030717,33985,WSSSQ',OTC,0.02,0.02,0,0,Wall Street Strategies Corp,0,0,0
20030718,33985,WSSSQ',OTC,0.02,0.02,0,0,Wall Street Strategies Corp,0,0,0
20030721,33985,WSSSQ',OTC,0.02,0.02,0,0,Wall Street Strategies Corp,0,0,0
20030722,33985,WSSSQ',OTC,0.02,0.02,0,0,Wall Street Strategies Corp,0,0,0
20030723,33985,WSSSQ',OTC,0.02,0.02,0,0,Wall Street Strategies Corp,0,0,0
20030724,33985,WSSSQ',OTC,0.02,0.02,0,0,Wall Street Strategies Corp,0,0,0
20030725,33985,WSSSQ',OTC,0.02,0.02,0,0,Wall Street Strategies Corp,0,0,0
20030728,33985,WSSSQ',OTC,0.02,0.02,0,0,Wall Street Strategies Corp,0,0,0
20030729,33985,WSSSQ',OTC,0.02,0.02,0,0,Wall Street Strategies Corp,0,0,0
20030730,33985,WSSSQ',OTC,0.02,0.02,0,0,Wall Street Strategies Corp,0,0,0
20030731,33985,WSSSQ',OTC,0.02,0.02,0,0,Wall Street Strategies Corp,0,0,0
20030801,33985,WSSSQ',OTC,0.02,0.02,0,0,Wall Street Strategies Corp,0,0,0
20030804,33985,WSSSQ',OTC,0.02,0.02,0,0,Wall Street Strategies Corp,0,0,0
20030805,33985,WSSSQ',OTC,0.02,0.02,0,0,Wall Street Strategies Corp,0,0,0
20030806,33985,WSSSQ',OTC,0.02,0.02,0,0,Wall Street Strategies Corp,0,0,0
20030807,33985,WSSSQ',OTC,0.02,0.02,0,0,Wall Street Strategies Corp,0,0,0
20030808,33985,WSSSQ',OTC,0.02,0.02,0,0,Wall Street Strategies Corp,0,0,0
20030811,33985,WSSSQ',OTC,0.02,0.02,0,0,Wall Street Strategies Corp,0,0,0
20030812,33985,WSSSQ',OTC,0.02,0.02,0,0,Wall Street Strategies Corp,0,0,0
20030813,33985,WSSSQ',OTC,0.02,0.02,0,0,Wall Street Strategies Corp,0,0,0
20030814,33985,WSSSQ',OTC,0.02,0.02,0,0,Wall Street Strategies Corp,0,0,0
20030815,33985,WSSSQ',OTC,0.02,0.02,0,0,Wall Street Strategies Corp,0,0,0
20030818,33985,WSSSQ',OTC,0.02,0.02,0,0,Wall Street Strategies Corp,0,0,0
20030819,33985,WSSSQ',OTC,0.02,0.02,0,0,Wall Street Strategies Corp,0,0,0
20030820,33985,WSSSQ',OTC,0.02,0.02,0,0,Wall Street Strategies Corp,0,0,0
20030821,33985,WSSSQ',OTC,0.02,0.02,0,0,Wall Street Strategies Corp,0,0,0
20030822,33985,WSSSQ',OTC,0.02,0.02,0,0,Wall Street Strategies Corp,0,0,0
20030825,33985,WSSSQ',OTC,0.02,0.02,0,0,Wall Street Strategies Corp,0,0,0
20030826,33985,WSSSQ',OTC,0.02,0.02,0,0,Wall Street Strategies Corp,0,0,0
20030827,33985,WSSSQ',OTC,0.02,0.02,0,0,Wall Street Strategies Corp,0,0,0
20030828,33985,WSSSQ',OTC,0.02,0.02,0,0,Wall Street Strategies Corp,0,0,0
20030829,33985,WSSSQ',OTC,0.02,0.02,0,0,Wall Street Strategies Corp,0,0,0
20030902,33985,WSSSQ',OTC,0.02,0.02,0,0,Wall Street Strategies Corp,0,0,0
20030903,33985,WSSSQ',OTC,0.02,0.02,0,0,Wall Street Strategies Corp,0,0,0
20030904,33985,WSSSQ',OTC,0.05,0.05,1,0,Wall Street Strategies Corp,0,0,0
20030905,33985,WSSSQ',OTC,0.05,0.05,0,0,Wall Street Strategies Corp,0,0,0
20030908,33985,WSSSQ',OTC,0.05,0.05,0,0,Wall Street Strategies Corp,0,0,0
20030909,33985,WSSSQ',OTC,0.05,0.05,0,0,Wall Street Strategies Corp,0,0,0
20030910,33985,WSSSQ',OTC,0.05,0.05,0,0,Wall Street Strategies Corp,0,0,0
20030911,33985,WSSSQ',OTC,0.05,0.05,0,0,Wall Street Strategies Corp,0,0,0
20030912,33985,WSSSQ',OTC,0.05,0.05,0,0,Wall Street Strategies Corp,0,0,0
20030915,33985,WSSSQ',OTC,0.05,0.05,0,0,Wall Street Strategies Corp,0,0,0
20030916,33985,WSSSQ',OTC,0.05,0.05,0,0,Wall Street Strategies Corp,0,0,0
20030917,33985,WSSSQ',OTC,0.05,0.05,0,0,Wall Street Strategies Corp,0,0,0
20030918,33985,WSSSQ',OTC,0.05,0.05,0,0,Wall Street Strategies Corp,0,0,0
20030919,33985,WSSSQ',OTC,0.05,0.05,0,0,Wall Street Strategies Corp,0,0,0
20030922,33985,WSSSQ',OTC,0.05,0.05,0,0,Wall Street Strategies Corp,0,0,0
20030923,33985,WSSSQ',OTC,0.05,0.05,0,0,Wall Street Strategies Corp,0,0,0
20030924,33985,WSSSQ',OTC,0.05,0.05,0,0,Wall Street Strategies Corp,0,0,0
20030925,33985,WSSSQ',OTC,0.05,0.05,0,0,Wall Street Strategies Corp,0,0,0
20030926,33985,WSSSQ',OTC,0.05,0.05,0,0,Wall Street Strategies Corp,0,0,0
20030929,33985,WSSSQ',OTC,0.05,0.05,0,0,Wall Street Strategies Corp,0,0,0
20030930,33985,WSSSQ',OTC,0.05,0.05,0,0,Wall Street Strategies Corp,0,0,0
20031001,33985,WSSSQ',OTC,0.05,0.05,0,0,Wall Street Strategies Corp,0,0,0
20031002,33985,WSSSQ',OTC,0.05,0.05,0,0,Wall Street Strategies Corp,0,0,0
20031003,33985,WSSSQ',OTC,0.05,0.05,0,0,Wall Street Strategies Corp,0,0,0
20031006,33985,WSSSQ',OTC,0.05,0.05,0,0,Wall Street Strategies Corp,0,0,0
20031007,33985,WSSSQ',OTC,0.05,0.05,0,0,Wall Street Strategies Corp,0,0,0
20031008,33985,WSSSQ',OTC,0.05,0.05,0,0,Wall Street Strategies Corp,0,0,0
20031009,33985,WSSSQ',OTC,0.05,0.05,0,0,Wall Street Strategies Corp,0,0,0
20031010,33985,WSSSQ',OTC,0.05,0.05,0,0,Wall Street Strategies Corp,0,0,0
20031013,33985,WSSSQ',OTC,0.05,0.05,0,0,Wall Street Strategies Corp,0,0,0
20031014,33985,WSSSQ',OTC,0.05,0.05,0,0,Wall Street Strategies Corp,0,0,0
20031015,33985,WSSSQ',OTC,0.05,0.05,0,0,Wall Street Strategies Corp,0,0,0
20031016,33985,WSSSQ',OTC,0.05,0.05,0,0,Wall Street Strategies Corp,0,0,0
20031017,33985,WSSSQ',OTC,0.05,0.05,0,0,Wall Street Strategies Corp,0,0,0
20031020,33985,WSSSQ',OTC,0.05,0.05,0,0,Wall Street Strategies Corp,0,0,0
20031021,33985,WSSSQ',OTC,0.05,0.05,0,0,Wall Street Strategies Corp,0,0,0
20031022,33985,WSSSQ',OTC,0.05,0.05,0,0,Wall Street Strategies Corp,0,0,0
20031023,33985,WSSSQ',OTC,0.05,0.05,0,0,Wall Street Strategies Corp,0,0,0
20031024,33985,WSSSQ',OTC,0.05,0.05,0,0,Wall Street Strategies Corp,0,0,0
20031027,33985,WSSSQ',OTC,0.05,0.05,0,0,Wall Street Strategies Corp,0,0,0
20031028,33985,WSSSQ',OTC,0.05,0.05,0,0,Wall Street Strategies Corp,0,0,0
20031029,33985,WSSSQ',OTC,0.05,0.05,0,0,Wall Street Strategies Corp,0,0,0
20031030,33985,WSSSQ',OTC,0.05,0.05,0,0,Wall Street Strategies Corp,0,0,0
20031031,33985,WSSSQ',OTC,0.05,0.05,0,0,Wall Street Strategies Corp,0,0,0
20031103,33985,WSSSQ',OTC,0.05,0.05,0,0,Wall Street Strategies Corp,0,0,0
20031104,33985,WSSSQ',OTC,0.05,0.05,0,0,Wall Street Strategies Corp,0,0,0
20031105,33985,WSSSQ',OTC,0.05,0.05,4,0,Wall Street Strategies Corp,0,0,0
20031106,33985,WSSSQ',OTC,0.05,0.05,0,0,Wall Street Strategies Corp,0,0,0
20031107,33985,WSSSQ',OTC,0.05,0.05,0,0,Wall Street Strategies Corp,0,0,0
20031110,33985,WSSSQ',OTC,0.05,0.05,0,0,Wall Street Strategies Corp,0,0,0
20031111,33985,WSSSQ',OTC,0.05,0.05,1,0,Wall Street Strategies Corp,0,0,0
20031112,33985,WSSSQ',OTC,0.05,0.05,0,0,Wall Street Strategies Corp,0,0,0
20031113,33985,WSSSQ',OTC,0.05,0.05,0,0,Wall Street Strategies Corp,0,0,0
20031114,33985,WSSSQ',OTC,0.05,0.05,0,0,Wall Street Strategies Corp,0,0,0
20031117,33985,WSSSQ',OTC,0.05,0.05,0,0,Wall Street Strategies Corp,0,0,0
20031118,33985,WSSSQ',OTC,0.05,0.05,0,0,Wall Street Strategies Corp,0,0,0
20031119,33985,WSSSQ',OTC,0.05,0.05,0,0,Wall Street Strategies Corp,0,0,0
20031120,33985,WSSSQ',OTC,0.05,0.05,0,0,Wall Street Strategies Corp,0,0,0
20031121,33985,WSSSQ',OTC,0.05,0.05,0,0,Wall Street Strategies Corp,0,0,0
20031124,33985,WSSSQ',OTC,0.05,0.05,0,0,Wall Street Strategies Corp,0,0,0
20031125,33985,WSSSQ',OTC,0.05,0.05,0,0,Wall Street Strategies Corp,0,0,0
20031126,33985,WSSSQ',OTC,0.05,0.05,0,0,Wall Street Strategies Corp,0,0,0
20031128,33985,WSSSQ',OTC,0.05,0.05,0,0,Wall Street Strategies Corp,0,0,0
20031201,33985,WSSSQ',OTC,0.05,0.05,0,0,Wall Street Strategies Corp,0,0,0
20031202,33985,WSSSQ',OTC,0.05,0.05,0,0,Wall Street Strategies Corp,0,0,0
20031203,33985,WSSSQ',OTC,0.05,0.05,0,0,Wall Street Strategies Corp,0,0,0
20031204,33985,WSSSQ',OTC,0.05,0.05,4,0,Wall Street Strategies Corp,0,0,0
20031205,33985,WSSSQ',OTC,0.05,0.05,0,0,Wall Street Strategies Corp,0,0,0
20031208,33985,WSSSQ',OTC,0.05,0.05,0,0,Wall Street Strategies Corp,0,0,0
20031209,33985,WSSSQ',OTC,0.05,0.05,0,0,Wall Street Strategies Corp,0,0,0
20031210,33985,WSSSQ',OTC,0.05,0.05,0,0,Wall Street Strategies Corp,0,0,0
20031211,33985,WSSSQ',OTC,0.05,0.05,0,0,Wall Street Strategies Corp,0,0,0
20031212,33985,WSSSQ',OTC,0.05,0.05,0,0,Wall Street Strategies Corp,0,0,0
20031215,33985,WSSSQ',OTC,0.05,0.05,0,0,Wall Street Strategies Corp,0,0,0
20031216,33985,WSSSQ',OTC,0.05,0.05,2,0,Wall Street Strategies Corp,0,0,0
20031217,33985,WSSSQ',OTC,0.05,0.05,0,0,Wall Street Strategies Corp,0,0,0
20031218,33985,WSSSQ',OTC,0.05,0.05,0,0,Wall Street Strategies Corp,0,0,0
20031219,33985,WSSSQ',OTC,0.05,0.05,0,0,Wall Street Strategies Corp,0,0,0
20031222,33985,WSSSQ',OTC,0.05,0.05,0,0,Wall Street Strategies Corp,0,0,0
20031223,33985,WSSSQ',OTC,0.05,0.05,2,0,Wall Street Strategies Corp,0,0,0
20031224,33985,WSSSQ',OTC,0.05,0.05,0,0,Wall Street Strategies Corp,0,0,0
20031226,33985,WSSSQ',OTC,0.05,0.05,0,0,Wall Street Strategies Corp,0,0,0
20031229,33985,WSSSQ',OTC,0.05,0.05,0,0,Wall Street Strategies Corp,0,0,0
20031230,33985,WSSSQ',OTC,0.05,0.05,0,0,Wall Street Strategies Corp,0,0,0
20031231,33985,WSSSQ',OTC,0.05,0.05,0,0,Wall Street Strategies Corp,0,0,0
20040102,33985,WSSSQ',OTC,0.05,0.05,0,0,Wall Street Strategies Corp,0,0,0
20040105,33985,WSSSQ',OTC,0.05,0.05,0,0,Wall Street Strategies Corp,0,0,0
20040106,33985,WSSSQ',OTC,0.05,0.05,0,0,Wall Street Strategies Corp,0,0,0
20040107,33985,WSSSQ',OTC,0.05,0.05,0,0,Wall Street Strategies Corp,0,0,0
20040108,33985,WSSSQ',OTC,0.05,0.05,0,0,Wall Street Strategies Corp,0,0,0
20040109,33985,WSSSQ',OTC,0.05,0.05,0,0,Wall Street Strategies Corp,0,0,0
20040112,33985,WSSSQ',OTC,0.05,0.05,0,0,Wall Street Strategies Corp,0,0,0
20040113,33985,WSSSQ',OTC,0.05,0.05,0,0,Wall Street Strategies Corp,0,0,0
20040114,33985,WSSSQ',OTC,0.05,0.05,0,0,Wall Street Strategies Corp,0,0,0
20040115,33985,WSSSQ',OTC,0.05,0.05,0,0,Wall Street Strategies Corp,0,0,0
20040116,33985,WSSSQ',OTC,0.05,0.05,0,0,Wall Street Strategies Corp,0,0,0
20040120,33985,WSSSQ',OTC,0.05,0.05,0,0,Wall Street Strategies Corp,0,0,0
20040121,33985,WSSSQ',OTC,0.05,0.05,0,0,Wall Street Strategies Corp,0,0,0
20040122,33985,WSSSQ',OTC,0.05,0.05,0,0,Wall Street Strategies Corp,0,0,0
20040123,33985,WSSSQ',OTC,0.05,0.05,0,0,Wall Street Strategies Corp,0,0,0
20040126,33985,WSSSQ',OTC,0.05,0.05,0,0,Wall Street Strategies Corp,0,0,0
20040127,33985,WSSSQ',OTC,0.05,0.05,0,0,Wall Street Strategies Corp,0,0,0
20040128,33985,WSSSQ',OTC,0.05,0.05,0,0,Wall Street Strategies Corp,0,0,0
20040129,33985,WSSSQ',OTC,0.05,0.05,0,0,Wall Street Strategies Corp,0,0,0
20040130,33985,WSSSQ',OTC,0.05,0.05,0,0,Wall Street Strategies Corp,0,0,0
20040202,33985,WSSSQ',OTC,0.05,0.05,3,0,Wall Street Strategies Corp,0,0,0
20040203,33985,WSSSQ',OTC,0.05,0.05,0,0,Wall Street Strategies Corp,0,0,0
20040204,33985,WSSSQ',OTC,0.05,0.05,0,0,Wall Street Strategies Corp,0,0,0
20040205,33985,WSSSQ',OTC,0.05,0.05,0,0,Wall Street Strategies Corp,0,0,0
20040206,33985,WSSSQ',OTC,0.05,0.05,0,0,Wall Street Strategies Corp,0,0,0
20040209,33985,WSSSQ',OTC,0.05,0.05,0,0,Wall Street Strategies Corp,0,0,0
20040210,33985,WSSSQ',OTC,0.05,0.05,0,0,Wall Street Strategies Corp,0,0,0
20040211,33985,WSSSQ',OTC,0.05,0.05,0,0,Wall Street Strategies Corp,0,0,0
20040212,33985,WSSSQ',OTC,0.05,0.05,0,0,Wall Street Strategies Corp,0,0,0
20040213,33985,WSSSQ',OTC,0.05,0.05,0,0,Wall Street Strategies Corp,0,0,0
20040217,33985,WSSSQ',OTC,0.06,0.06,2,0,Wall Street Strategies Corp,0,0,0
20040218,33985,WSSSQ',OTC,0.06,0.06,0,0,Wall Street Strategies Corp,0,0,0
20040219,33985,WSSSQ',OTC,0.06,0.06,0,0,Wall Street Strategies Corp,0,0,0
20040220,33985,WSSSQ',OTC,0.06,0.06,0,0,Wall Street Strategies Corp,0,0,0
20040223,33985,WSSSQ',OTC,0.06,0.06,0,0,Wall Street Strategies Corp,0,0,0
20040224,33985,WSSSQ',OTC,0.06,0.06,0,0,Wall Street Strategies Corp,0,0,0
20040225,33985,WSSSQ',OTC,0.06,0.06,0,0,Wall Street Strategies Corp,0,0,0
20040226,33985,WSSSQ',OTC,0.06,0.06,0,0,Wall Street Strategies Corp,0,0,0
20040227,33985,WSSSQ',OTC,0.06,0.06,1,0,Wall Street Strategies Corp,0,0,0
20040301,33985,WSSSQ',OTC,0.06,0.06,0,0,Wall Street Strategies Corp,0,0,0
20040302,33985,WSSSQ',OTC,0.06,0.06,0,0,Wall Street Strategies Corp,0,0,0
20040303,33985,WSSSQ',OTC,0.06,0.06,0,0,Wall Street Strategies Corp,0,0,0
20040304,33985,WSSSQ',OTC,0.06,0.06,0,0,Wall Street Strategies Corp,0,0,0
20040305,33985,WSSSQ',OTC,0.06,0.06,0,0,Wall Street Strategies Corp,0,0,0
20040308,33985,WSSSQ',OTC,0.06,0.06,0,0,Wall Street Strategies Corp,0,0,0
20040309,33985,WSSSQ',OTC,0.06,0.06,0,0,Wall Street Strategies Corp,0,0,0
20040310,33985,WSSSQ',OTC,0.06,0.06,0,0,Wall Street Strategies Corp,0,0,0
20040311,33985,WSSSQ',OTC,0.06,0.06,0,0,Wall Street Strategies Corp,0,0,0
20040312,33985,WSSSQ',OTC,0.06,0.06,0,0,Wall Street Strategies Corp,0,0,0
20040315,33985,WSSSQ',OTC,0.06,0.06,0,0,Wall Street Strategies Corp,0,0,0
20040316,33985,WSSSQ',OTC,0.06,0.06,0,0,Wall Street Strategies Corp,0,0,0
20040317,33985,WSSSQ',OTC,0.06,0.06,0,0,Wall Street Strategies Corp,0,0,0
20040318,33985,WSSSQ',OTC,0.06,0.06,0,0,Wall Street Strategies Corp,0,0,0
20040319,33985,WSSSQ',OTC,0.06,0.06,0,0,Wall Street Strategies Corp,0,0,0
20040322,33985,WSSSQ',OTC,0.06,0.06,0,0,Wall Street Strategies Corp,0,0,0
20040323,33985,WSSSQ',OTC,0.06,0.06,0,0,Wall Street Strategies Corp,0,0,0
20040324,33985,WSSSQ',OTC,0.06,0.06,0,0,Wall Street Strategies Corp,0,0,0
20040325,33985,WSSSQ',OTC,0.06,0.06,0,0,Wall Street Strategies Corp,0,0,0
20040326,33985,WSSSQ',OTC,0.06,0.06,0,0,Wall Street Strategies Corp,0,0,0
20040329,33985,WSSSQ',OTC,0.06,0.06,0,0,Wall Street Strategies Corp,0,0,0
20040330,33985,WSSSQ',OTC,0.06,0.06,0,0,Wall Street Strategies Corp,0,0,0
20040331,33985,WSSSQ',OTC,0.06,0.06,0,0,Wall Street Strategies Corp,0,0,0
20040401,33985,WSSSQ',OTC,0.06,0.06,0,0,Wall Street Strategies Corp,0,0,0
20040402,33985,WSSSQ',OTC,0.06,0.06,0,0,Wall Street Strategies Corp,0,0,0
20040405,33985,WSSSQ',OTC,0.06,0.06,0,0,Wall Street Strategies Corp,0,0,0
20040406,33985,WSSSQ',OTC,0.06,0.06,0,0,Wall Street Strategies Corp,0,0,0
20040407,33985,WSSSQ',OTC,0.06,0.06,0,0,Wall Street Strategies Corp,0,0,0
20040408,33985,WSSSQ',OTC,0.06,0.06,0,0,Wall Street Strategies Corp,0,0,0
20040412,33985,WSSSQ',OTC,0.06,0.06,0,0,Wall Street Strategies Corp,0,0,0
20040413,33985,WSSSQ',OTC,0.06,0.06,0,0,Wall Street Strategies Corp,0,0,0
20040414,33985,WSSSQ',OTC,0.06,0.06,0,0,Wall Street Strategies Corp,0,0,0
20040415,33985,WSSSQ',OTC,0.06,0.06,0,0,Wall Street Strategies Corp,0,0,0
20040416,33985,WSSSQ',OTC,0.06,0.06,65,0,Wall Street Strategies Corp,0,0,0
20040419,33985,WSSSQ',OTC,0.06,0.06,0,0,Wall Street Strategies Corp,0,0,0
20040420,33985,WSSSQ',OTC,0.06,0.06,0,0,Wall Street Strategies Corp,0,0,0
20040421,33985,WSSSQ',OTC,0.06,0.06,0,0,Wall Street Strategies Corp,0,0,0
20040422,33985,WSSSQ',OTC,0.06,0.06,0,0,Wall Street Strategies Corp,0,0,0
20040423,33985,WSSSQ',OTC,0.06,0.06,0,0,Wall Street Strategies Corp,0,0,0
20040426,33985,WSSSQ',OTC,0.06,0.06,0,0,Wall Street Strategies Corp,0,0,0
20040427,33985,WSSSQ',OTC,0.06,0.06,0,0,Wall Street Strategies Corp,0,0,0
20040428,33985,WSSSQ',OTC,0.06,0.06,0,0,Wall Street Strategies Corp,0,0,0
20040429,33985,WSSSQ',OTC,0.06,0.06,0,0,Wall Street Strategies Corp,0,0,0
20040430,33985,WSSSQ',OTC,0.06,0.06,0,0,Wall Street Strategies Corp,0,0,0
20040503,33985,WSSSQ',OTC,0.06,0.06,0,0,Wall Street Strategies Corp,0,0,0
20040504,33985,WSSSQ',OTC,0.06,0.06,0,0,Wall Street Strategies Corp,0,0,0
20040505,33985,WSSSQ',OTC,0.06,0.06,0,0,Wall Street Strategies Corp,0,0,0
20040506,33985,WSSSQ',OTC,0.06,0.06,0,0,Wall Street Strategies Corp,0,0,0
20040507,33985,WSSSQ',OTC,0.06,0.06,0,0,Wall Street Strategies Corp,0,0,0
20040510,33985,WSSSQ',OTC,0.06,0.06,0,0,Wall Street Strategies Corp,0,0,0
