DDate,CSINumber,Symbol,Exchange,DClose,UnAdjustedClose,TotalVolume,Cash,MarketName,PTB,PSR,DPS
19991006,40014,EGND',OTC,5,5,175,0,Elgrande.com Inc,0,0,0
19991007,40014,EGND',OTC,5,5,303,0,Elgrande.com Inc,0,0,0
19991008,40014,EGND',OTC,5,5,195,0,Elgrande.com Inc,0,0,0
19991011,40014,EGND',OTC,5,5,0,0,Elgrande.com Inc,0,0,0
19991012,40014,EGND',OTC,5,5,153,0,Elgrande.com Inc,0,0,0
19991013,40014,EGND',OTC,4,4,172,0,Elgrande.com Inc,0,0,0
19991014,40014,EGND',OTC,3.125,3.125,643,0,Elgrande.com Inc,0,0,0
19991015,40014,EGND',OTC,3,3,227,0,Elgrande.com Inc,0,0,0
19991018,40014,EGND',OTC,2.5,2.5,343,0,Elgrande.com Inc,0,0,0
19991019,40014,EGND',OTC,2,2,327,0,Elgrande.com Inc,0,0,0
19991020,40014,EGND',OTC,2.015625,2.015625,735,0,Elgrande.com Inc,0,0,0
19991021,40014,EGND',OTC,2.75,2.75,440,0,Elgrande.com Inc,0,0,0
19991022,40014,EGND',OTC,2.875,2.875,582,0,Elgrande.com Inc,0,0,0
19991025,40014,EGND',OTC,2.875,2.875,1,0,Elgrande.com Inc,0,0,0
19991026,40014,EGND',OTC,2.5,2.5,215,0,Elgrande.com Inc,0,0,0
19991027,40014,EGND',OTC,2.0625,2.0625,380,0,Elgrande.com Inc,0,0,0
19991028,40014,EGND',OTC,2,2,487,0,Elgrande.com Inc,0,0,0
19991029,40014,EGND',OTC,2,2,242,0,Elgrande.com Inc,0,0,0
19991101,40014,EGND',OTC,1.875,1.875,26,0,Elgrande.com Inc,0,0,0
19991102,40014,EGND',OTC,2,2,149,0,Elgrande.com Inc,0,0,0
19991103,40014,EGND',OTC,1.875,1.875,142,0,Elgrande.com Inc,0,0,0
19991104,40014,EGND',OTC,1.6875,1.6875,125,0,Elgrande.com Inc,0,0,0
19991105,40014,EGND',OTC,1.6875,1.6875,95,0,Elgrande.com Inc,0,0,0
19991108,40014,EGND',OTC,1.125,1.125,583,0,Elgrande.com Inc,0,0,0
19991109,40014,EGND',OTC,1.125,1.125,556,0,Elgrande.com Inc,0,0,0
19991110,40014,EGND',OTC,1.0625,1.0625,458,0,Elgrande.com Inc,0,0,0
19991111,40014,EGND',OTC,0.9375,0.9375,1246,0,Elgrande.com Inc,0,0,0
19991112,40014,EGND',OTC,0.90625,0.90625,185,0,Elgrande.com Inc,0,0,0
19991115,40014,EGND',OTC,0.8125,0.8125,419,0,Elgrande.com Inc,0,0,0
19991116,40014,EGND',OTC,0.75,0.75,800,0,Elgrande.com Inc,0,0,0
19991117,40014,EGND',OTC,0.8125,0.8125,1120,0,Elgrande.com Inc,0,0,0
19991118,40014,EGND',OTC,0.78125,0.78125,845,0,Elgrande.com Inc,0,0,0
19991119,40014,EGND',OTC,0.6875,0.6875,597,0,Elgrande.com Inc,0,0,0
19991122,40014,EGND',OTC,0.625,0.625,546,0,Elgrande.com Inc,0,0,0
19991123,40014,EGND',OTC,0.625,0.625,837,0,Elgrande.com Inc,0,0,0
19991124,40014,EGND',OTC,0.75,0.75,1190,0,Elgrande.com Inc,0,0,0
19991126,40014,EGND',OTC,1,1,1803,0,Elgrande.com Inc,0,0,0
19991129,40014,EGND',OTC,1.25,1.25,2930,0,Elgrande.com Inc,0,0,0
19991130,40014,EGND',OTC,1.15625,1.15625,2187,0,Elgrande.com Inc,0,0,0
19991201,40014,EGND',OTC,1.1875,1.1875,1165,0,Elgrande.com Inc,0,0,0
19991202,40014,EGND',OTC,1.015625,1.015625,602,0,Elgrande.com Inc,0,0,0
19991203,40014,EGND',OTC,0.9375,0.9375,618,0,Elgrande.com Inc,0,0,0
19991206,40014,EGND',OTC,0.9375,0.9375,240,0,Elgrande.com Inc,0,0,0
19991207,40014,EGND',OTC,0.9375,0.9375,467,0,Elgrande.com Inc,0,0,0
19991208,40014,EGND',OTC,0.9375,0.9375,706,0,Elgrande.com Inc,0,0,0
19991209,40014,EGND',OTC,0.90625,0.90625,419,0,Elgrande.com Inc,0,0,0
19991210,40014,EGND',OTC,0.90625,0.90625,464,0,Elgrande.com Inc,0,0,0
19991213,40014,EGND',OTC,0.796875,0.796875,745,0,Elgrande.com Inc,0,0,0
19991214,40014,EGND',OTC,0.796875,0.796875,1504,0,Elgrande.com Inc,0,0,0
19991215,40014,EGND',OTC,0.671875,0.671875,785,0,Elgrande.com Inc,0,0,0
19991216,40014,EGND',OTC,0.65625,0.65625,599,0,Elgrande.com Inc,0,0,0
19991217,40014,EGND',OTC,0.6875,0.6875,262,0,Elgrande.com Inc,0,0,0
19991220,40014,EGND',OTC,0.703125,0.703125,766,0,Elgrande.com Inc,0,0,0
19991221,40014,EGND',OTC,0.71875,0.71875,327,0,Elgrande.com Inc,0,0,0
19991222,40014,EGND',OTC,0.6875,0.6875,991,0,Elgrande.com Inc,0,0,0
19991223,40014,EGND',OTC,0.703125,0.703125,722,0,Elgrande.com Inc,0,0,0
19991227,40014,EGND',OTC,0.71875,0.71875,378,0,Elgrande.com Inc,0,0,0
19991228,40014,EGND',OTC,0.6875,0.6875,218,0,Elgrande.com Inc,0,0,0
19991229,40014,EGND',OTC,0.84375,0.84375,1520,0,Elgrande.com Inc,0,0,0
19991230,40014,EGND',OTC,1.125,1.125,3421,0,Elgrande.com Inc,0,0,0
19991231,40014,EGND',OTC,1.375,1.375,2073,0,Elgrande.com Inc,0,0,0
20000103,40014,EGND',OTC,1.875,1.875,4312,0,Elgrande.com Inc,0,0,0
20000104,40014,EGND',OTC,1.46875,1.46875,2422,0,Elgrande.com Inc,0,0,0
20000105,40014,EGND',OTC,1.25,1.25,2977,0,Elgrande.com Inc,0,0,0
20000106,40014,EGND',OTC,1.5,1.5,830,0,Elgrande.com Inc,0,0,0
20000107,40014,EGND',OTC,1.84375,1.84375,1495,0,Elgrande.com Inc,0,0,0
20000110,40014,EGND',OTC,1.5,1.5,1290,0,Elgrande.com Inc,0,0,0
20000111,40014,EGND',OTC,1.5,1.5,1206,0,Elgrande.com Inc,0,0,0
20000112,40014,EGND',OTC,1.5,1.5,340,0,Elgrande.com Inc,0,0,0
20000113,40014,EGND',OTC,1.53125,1.53125,1183,0,Elgrande.com Inc,0,0,0
20000114,40014,EGND',OTC,1.8125,1.8125,596,0,Elgrande.com Inc,0,0,0
20000118,40014,EGND',OTC,1.84375,1.84375,2482,0,Elgrande.com Inc,0,0,0
20000119,40014,EGND',OTC,1.75,1.75,907,0,Elgrande.com Inc,0,0,0
20000120,40014,EGND',OTC,2.03125,2.03125,1474,0,Elgrande.com Inc,0,0,0
20000121,40014,EGND',OTC,2,2,582,0,Elgrande.com Inc,0,0,0
20000124,40014,EGND',OTC,1.875,1.875,1433,0,Elgrande.com Inc,0,0,0
20000125,40014,EGND',OTC,1.8125,1.8125,806,0,Elgrande.com Inc,0,0,0
20000126,40014,EGND',OTC,1.6875,1.6875,455,0,Elgrande.com Inc,0,0,0
20000127,40014,EGND',OTC,1.5,1.5,687,0,Elgrande.com Inc,0,0,0
20000128,40014,EGND',OTC,1.5625,1.5625,1149,0,Elgrande.com Inc,0,0,0
20000131,40014,EGND',OTC,1.3125,1.3125,572,0,Elgrande.com Inc,0,0,0
20000201,40014,EGND',OTC,1.5,1.5,159,0,Elgrande.com Inc,0,0,0
20000202,40014,EGND',OTC,1.40625,1.40625,662,0,Elgrande.com Inc,0,0,0
20000203,40014,EGND',OTC,1.375,1.375,832,0,Elgrande.com Inc,0,0,0
20000204,40014,EGND',OTC,1.25,1.25,611,0,Elgrande.com Inc,0,0,0
20000207,40014,EGND',OTC,1.375,1.375,961,0,Elgrande.com Inc,0,0,0
20000208,40014,EGND',OTC,1.96875,1.96875,1798,0,Elgrande.com Inc,0,0,0
20000209,40014,EGND',OTC,2.4375,2.4375,3183,0,Elgrande.com Inc,0,0,0
20000210,40014,EGND',OTC,3.25,3.25,9879,0,Elgrande.com Inc,0,0,0
20000211,40014,EGND',OTC,3.4375,3.4375,2718,0,Elgrande.com Inc,0,0,0
20000214,40014,EGND',OTC,3.875,3.875,4215,0,Elgrande.com Inc,0,0,0
20000215,40014,EGND',OTC,3.875,3.875,1970,0,Elgrande.com Inc,0,0,0
20000216,40014,EGND',OTC,3.03125,3.03125,3491,0,Elgrande.com Inc,0,0,0
20000217,40014,EGND',OTC,3.9375,3.9375,2709,0,Elgrande.com Inc,0,0,0
20000218,40014,EGND',OTC,4.03125,4.03125,2663,0,Elgrande.com Inc,0,0,0
20000222,40014,EGND',OTC,3.6875,3.6875,1713,0,Elgrande.com Inc,0,0,0
20000223,40014,EGND',OTC,4.015625,4.015625,2088,0,Elgrande.com Inc,0,0,0
20000224,40014,EGND',OTC,3.6875,3.6875,1081,0,Elgrande.com Inc,0,0,0
20000225,40014,EGND',OTC,3.8125,3.8125,920,0,Elgrande.com Inc,0,0,0
20000228,40014,EGND',OTC,3.75,3.75,1205,0,Elgrande.com Inc,0,0,0
20000229,40014,EGND',OTC,3.65625,3.65625,1193,0,Elgrande.com Inc,0,0,0
20000301,40014,EGND',OTC,3.375,3.375,739,0,Elgrande.com Inc,0,0,0
20000302,40014,EGND',OTC,3,3,1199,0,Elgrande.com Inc,0,0,0
20000303,40014,EGND',OTC,3.375,3.375,627,0,Elgrande.com Inc,0,0,0
20000306,40014,EGND',OTC,3.5625,3.5625,779,0,Elgrande.com Inc,0,0,0
20000307,40014,EGND',OTC,3.5625,3.5625,1165,0,Elgrande.com Inc,0,0,0
20000308,40014,EGND',OTC,3.1875,3.1875,1082,0,Elgrande.com Inc,0,0,0
20000309,40014,EGND',OTC,3.25,3.25,298,0,Elgrande.com Inc,0,0,0
20000310,40014,EGND',OTC,3.125,3.125,1188,0,Elgrande.com Inc,0,0,0
20000313,40014,EGND',OTC,3.0625,3.0625,855,0,Elgrande.com Inc,0,0,0
20000314,40014,EGND',OTC,2.875,2.875,1003,0,Elgrande.com Inc,0,0,0
20000315,40014,EGND',OTC,2.5,2.5,728,0,Elgrande.com Inc,0,0,0
20000316,40014,EGND',OTC,2.4375,2.4375,700,0,Elgrande.com Inc,0,0,0
20000317,40014,EGND',OTC,2.71875,2.71875,969,0,Elgrande.com Inc,0,0,0
20000320,40014,EGND',OTC,2.5,2.5,676,0,Elgrande.com Inc,0,0,0
20000321,40014,EGND',OTC,2.6875,2.6875,575,0,Elgrande.com Inc,0,0,0
20000322,40014,EGND',OTC,2.8125,2.8125,408,0,Elgrande.com Inc,0,0,0
20000323,40014,EGND',OTC,2.5625,2.5625,220,0,Elgrande.com Inc,0,0,0
20000324,40014,EGND',OTC,2.5625,2.5625,776,0,Elgrande.com Inc,0,0,0
20000327,40014,EGND',OTC,2.4375,2.4375,500,0,Elgrande.com Inc,0,0,0
20000328,40014,EGND',OTC,1.9375,1.9375,1108,0,Elgrande.com Inc,0,0,0
20000329,40014,EGND',OTC,2.125,2.125,1234,0,Elgrande.com Inc,0,0,0
20000330,40014,EGND',OTC,2.0625,2.0625,693,0,Elgrande.com Inc,0,0,0
20000331,40014,EGND',OTC,2.1875,2.1875,852,0,Elgrande.com Inc,0,0,0
20000403,40014,EGND',OTC,1.9375,1.9375,754,0,Elgrande.com Inc,0,0,0
20000404,40014,EGND',OTC,1.6875,1.6875,1022,0,Elgrande.com Inc,0,0,0
20000405,40014,EGND',OTC,1.5,1.5,1080,0,Elgrande.com Inc,0,0,0
20000406,40014,EGND',OTC,1.5625,1.5625,653,0,Elgrande.com Inc,0,0,0
20000407,40014,EGND',OTC,1.6875,1.6875,313,0,Elgrande.com Inc,0,0,0
20000410,40014,EGND',OTC,1.5,1.5,434,0,Elgrande.com Inc,0,0,0
20000411,40014,EGND',OTC,1.4375,1.4375,413,0,Elgrande.com Inc,0,0,0
20000412,40014,EGND',OTC,1.375,1.375,269,0,Elgrande.com Inc,0,0,0
20000413,40014,EGND',OTC,1.28125,1.28125,570,0,Elgrande.com Inc,0,0,0
20000414,40014,EGND',OTC,1.125,1.125,728,0,Elgrande.com Inc,0,0,0
20000417,40014,EGND',OTC,0.9375,0.9375,1408,0,Elgrande.com Inc,0,0,0
20000418,40014,EGND',OTC,1,1,858,0,Elgrande.com Inc,0,0,0
20000419,40014,EGND',OTC,1.03125,1.03125,493,0,Elgrande.com Inc,0,0,0
20000420,40014,EGND',OTC,1.15625,1.15625,457,0,Elgrande.com Inc,0,0,0
20000424,40014,EGND',OTC,1.03125,1.03125,303,0,Elgrande.com Inc,0,0,0
20000425,40014,EGND',OTC,1,1,674,0,Elgrande.com Inc,0,0,0
20000426,40014,EGND',OTC,1,1,474,0,Elgrande.com Inc,0,0,0
20000427,40014,EGND',OTC,1.125,1.125,349,0,Elgrande.com Inc,0,0,0
20000428,40014,EGND',OTC,1,1,257,0,Elgrande.com Inc,0,0,0
20000501,40014,EGND',OTC,1.03125,1.03125,179,0,Elgrande.com Inc,0,0,0
20000502,40014,EGND',OTC,0.8125,0.8125,913,0,Elgrande.com Inc,0,0,0
20000503,40014,EGND',OTC,0.8125,0.8125,157,0,Elgrande.com Inc,0,0,0
20000504,40014,EGND',OTC,0.96875,0.96875,29,0,Elgrande.com Inc,0,0,0
20000505,40014,EGND',OTC,0.875,0.875,215,0,Elgrande.com Inc,0,0,0
20000508,40014,EGND',OTC,1,1,800,0,Elgrande.com Inc,0,0,0
20000509,40014,EGND',OTC,0.9375,0.9375,1025,0,Elgrande.com Inc,0,0,0
20000510,40014,EGND',OTC,0.875,0.875,299,0,Elgrande.com Inc,0,0,0
20000511,40014,EGND',OTC,0.8125,0.8125,523,0,Elgrande.com Inc,0,0,0
20000512,40014,EGND',OTC,0.875,0.875,206,0,Elgrande.com Inc,0,0,0
20000515,40014,EGND',OTC,0.8125,0.8125,450,0,Elgrande.com Inc,0,0,0
20000516,40014,EGND',OTC,0.875,0.875,175,0,Elgrande.com Inc,0,0,0
20000517,40014,EGND',OTC,0.875,0.875,211,0,Elgrande.com Inc,0,0,0
20000518,40014,EGND',OTC,1,1,1747,0,Elgrande.com Inc,0,0,0
20000519,40014,EGND',OTC,1.1875,1.1875,565,0,Elgrande.com Inc,0,0,0
20000522,40014,EGND',OTC,1.125,1.125,154,0,Elgrande.com Inc,0,0,0
20000523,40014,EGND',OTC,1.015625,1.015625,724,0,Elgrande.com Inc,0,0,0
20000524,40014,EGND',OTC,0.90625,0.90625,501,0,Elgrande.com Inc,0,0,0
20000525,40014,EGND',OTC,0.8125,0.8125,403,0,Elgrande.com Inc,0,0,0
20000526,40014,EGND',OTC,0.8125,0.8125,151,0,Elgrande.com Inc,0,0,0
20000530,40014,EGND',OTC,0.78125,0.78125,811,0,Elgrande.com Inc,0,0,0
20000531,40014,EGND',OTC,0.78125,0.78125,29,0,Elgrande.com Inc,0,0,0
20000601,40014,EGND',OTC,0.734375,0.734375,2049,0,Elgrande.com Inc,0,0,0
20000602,40014,EGND',OTC,0.671875,0.671875,1057,0,Elgrande.com Inc,0,0,0
20000605,40014,EGND',OTC,0.734375,0.734375,714,0,Elgrande.com Inc,0,0,0
20000606,40014,EGND',OTC,0.6875,0.6875,502,0,Elgrande.com Inc,0,0,0
20000607,40014,EGND',OTC,0.6875,0.6875,665,0,Elgrande.com Inc,0,0,0
20000608,40014,EGND',OTC,0.703125,0.703125,412,0,Elgrande.com Inc,0,0,0
20000609,40014,EGND',OTC,0.8125,0.8125,1466,0,Elgrande.com Inc,0,0,0
20000612,40014,EGND',OTC,0.96875,0.96875,1093,0,Elgrande.com Inc,0,0,0
20000613,40014,EGND',OTC,1,1,765,0,Elgrande.com Inc,0,0,0
20000614,40014,EGND',OTC,1,1,129,0,Elgrande.com Inc,0,0,0
20000615,40014,EGND',OTC,0.875,0.875,286,0,Elgrande.com Inc,0,0,0
20000616,40014,EGND',OTC,0.8125,0.8125,416,0,Elgrande.com Inc,0,0,0
20000619,40014,EGND',OTC,0.8125,0.8125,159,0,Elgrande.com Inc,0,0,0
20000620,40014,EGND',OTC,0.71875,0.71875,673,0,Elgrande.com Inc,0,0,0
20000621,40014,EGND',OTC,0.71875,0.71875,466,0,Elgrande.com Inc,0,0,0
20000622,40014,EGND',OTC,0.6875,0.6875,617,0,Elgrande.com Inc,0,0,0
20000623,40014,EGND',OTC,0.65625,0.65625,2168,0,Elgrande.com Inc,0,0,0
20000626,40014,EGND',OTC,0.625,0.625,596,0,Elgrande.com Inc,0,0,0
20000627,40014,EGND',OTC,0.59375,0.59375,947,0,Elgrande.com Inc,0,0,0
20000628,40014,EGND',OTC,0.59375,0.59375,275,0,Elgrande.com Inc,0,0,0
20000629,40014,EGND',OTC,0.546875,0.546875,218,0,Elgrande.com Inc,0,0,0
20000630,40014,EGND',OTC,0.71875,0.71875,838,0,Elgrande.com Inc,0,0,0
20000703,40014,EGND',OTC,0.6875,0.6875,54,0,Elgrande.com Inc,0,0,0
20000705,40014,EGND',OTC,0.6875,0.6875,64,0,Elgrande.com Inc,0,0,0
20000706,40014,EGND',OTC,0.65625,0.65625,89,0,Elgrande.com Inc,0,0,0
20000707,40014,EGND',OTC,0.53125,0.53125,256,0,Elgrande.com Inc,0,0,0
20000710,40014,EGND',OTC,0.625,0.625,178,0,Elgrande.com Inc,0,0,0
20000711,40014,EGND',OTC,0.625,0.625,293,0,Elgrande.com Inc,0,0,0
20000712,40014,EGND',OTC,0.5625,0.5625,368,0,Elgrande.com Inc,0,0,0
20000713,40014,EGND',OTC,0.625,0.625,265,0,Elgrande.com Inc,0,0,0
20000714,40014,EGND',OTC,0.734375,0.734375,524,0,Elgrande.com Inc,0,0,0
20000717,40014,EGND',OTC,0.703125,0.703125,110,0,Elgrande.com Inc,0,0,0
20000718,40014,EGND',OTC,0.625,0.625,736,0,Elgrande.com Inc,0,0,0
20000719,40014,EGND',OTC,0.65625,0.65625,733,0,Elgrande.com Inc,0,0,0
20000720,40014,EGND',OTC,0.6875,0.6875,506,0,Elgrande.com Inc,0,0,0
20000721,40014,EGND',OTC,0.59375,0.59375,148,0,Elgrande.com Inc,0,0,0
20000724,40014,EGND',OTC,0.5625,0.5625,111,0,Elgrande.com Inc,0,0,0
20000725,40014,EGND',OTC,0.5625,0.5625,53,0,Elgrande.com Inc,0,0,0
20000726,40014,EGND',OTC,0.5625,0.5625,372,0,Elgrande.com Inc,0,0,0
20000727,40014,EGND',OTC,0.59375,0.59375,627,0,Elgrande.com Inc,0,0,0
20000728,40014,EGND',OTC,0.546875,0.546875,180,0,Elgrande.com Inc,0,0,0
20000731,40014,EGND',OTC,0.546875,0.546875,87,0,Elgrande.com Inc,0,0,0
20000801,40014,EGND',OTC,0.546875,0.546875,186,0,Elgrande.com Inc,0,0,0
20000802,40014,EGND',OTC,0.515625,0.515625,342,0,Elgrande.com Inc,0,0,0
20000803,40014,EGND',OTC,0.515625,0.515625,148,0,Elgrande.com Inc,0,0,0
20000804,40014,EGND',OTC,0.546875,0.546875,245,0,Elgrande.com Inc,0,0,0
20000807,40014,EGND',OTC,0.53125,0.53125,290,0,Elgrande.com Inc,0,0,0
20000808,40014,EGND',OTC,0.53125,0.53125,485,0,Elgrande.com Inc,0,0,0
20000809,40014,EGND',OTC,0.5,0.5,909,0,Elgrande.com Inc,0,0,0
20000810,40014,EGND',OTC,0.5625,0.5625,1098,0,Elgrande.com Inc,0,0,0
20000811,40014,EGND',OTC,0.578125,0.578125,1103,0,Elgrande.com Inc,0,0,0
20000814,40014,EGND',OTC,0.515625,0.515625,697,0,Elgrande.com Inc,0,0,0
20000815,40014,EGND',OTC,0.546875,0.546875,1068,0,Elgrande.com Inc,0,0,0
20000816,40014,EGND',OTC,0.59375,0.59375,57,0,Elgrande.com Inc,0,0,0
20000817,40014,EGND',OTC,0.5,0.5,668,0,Elgrande.com Inc,0,0,0
20000818,40014,EGND',OTC,0.515625,0.515625,145,0,Elgrande.com Inc,0,0,0
20000821,40014,EGND',OTC,0.453125,0.453125,436,0,Elgrande.com Inc,0,0,0
20000822,40014,EGND',OTC,0.515625,0.515625,35,0,Elgrande.com Inc,0,0,0
20000823,40014,EGND',OTC,0.5,0.5,446,0,Elgrande.com Inc,0,0,0
20000824,40014,EGND',OTC,0.453125,0.453125,100,0,Elgrande.com Inc,0,0,0
20000825,40014,EGND',OTC,0.4375,0.4375,188,0,Elgrande.com Inc,0,0,0
20000828,40014,EGND',OTC,0.4375,0.4375,658,0,Elgrande.com Inc,0,0,0
20000829,40014,EGND',OTC,0.46875,0.46875,235,0,Elgrande.com Inc,0,0,0
20000830,40014,EGND',OTC,0.53125,0.53125,2512,0,Elgrande.com Inc,0,0,0
20000831,40014,EGND',OTC,0.703125,0.703125,1060,0,Elgrande.com Inc,0,0,0
20000901,40014,EGND',OTC,0.734375,0.734375,1638,0,Elgrande.com Inc,0,0,0
20000905,40014,EGND',OTC,0.625,0.625,868,0,Elgrande.com Inc,0,0,0
20000906,40014,EGND',OTC,0.625,0.625,246,0,Elgrande.com Inc,0,0,0
20000907,40014,EGND',OTC,0.703125,0.703125,1150,0,Elgrande.com Inc,0,0,0
20000908,40014,EGND',OTC,0.703125,0.703125,746,0,Elgrande.com Inc,0,0,0
20000911,40014,EGND',OTC,0.65625,0.65625,419,0,Elgrande.com Inc,0,0,0
20000912,40014,EGND',OTC,0.71875,0.71875,229,0,Elgrande.com Inc,0,0,0
20000913,40014,EGND',OTC,0.65625,0.65625,302,0,Elgrande.com Inc,0,0,0
20000914,40014,EGND',OTC,0.59375,0.59375,45,0,Elgrande.com Inc,0,0,0
20000915,40014,EGND',OTC,0.640625,0.640625,776,0,Elgrande.com Inc,0,0,0
20000918,40014,EGND',OTC,0.5625,0.5625,353,0,Elgrande.com Inc,0,0,0
20000919,40014,EGND',OTC,0.5,0.5,473,0,Elgrande.com Inc,0,0,0
20000920,40014,EGND',OTC,0.5,0.5,252,0,Elgrande.com Inc,0,0,0
20000921,40014,EGND',OTC,0.59375,0.59375,925,0,Elgrande.com Inc,0,0,0
20000922,40014,EGND',OTC,0.5625,0.5625,2298,0,Elgrande.com Inc,0,0,0
20000925,40014,EGND',OTC,0.53125,0.53125,485,0,Elgrande.com Inc,0,0,0
20000926,40014,EGND',OTC,0.53125,0.53125,341,0,Elgrande.com Inc,0,0,0
20000927,40014,EGND',OTC,0.53125,0.53125,326,0,Elgrande.com Inc,0,0,0
20000928,40014,EGND',OTC,0.5,0.5,1611,0,Elgrande.com Inc,0,0,0
20000929,40014,EGND',OTC,0.4375,0.4375,302,0,Elgrande.com Inc,0,0,0
20001002,40014,EGND',OTC,0.5,0.5,134,0,Elgrande.com Inc,0,0,0
20001003,40014,EGND',OTC,0.4375,0.4375,764,0,Elgrande.com Inc,0,0,0
20001004,40014,EGND',OTC,0.421875,0.421875,151,0,Elgrande.com Inc,0,0,0
20001005,40014,EGND',OTC,0.40625,0.40625,742,0,Elgrande.com Inc,0,0,0
20001006,40014,EGND',OTC,0.375,0.375,883,0,Elgrande.com Inc,0,0,0
20001009,40014,EGND',OTC,0.34375,0.34375,783,0,Elgrande.com Inc,0,0,0
20001010,40014,EGND',OTC,0.34375,0.34375,390,0,Elgrande.com Inc,0,0,0
20001011,40014,EGND',OTC,0.3125,0.3125,391,0,Elgrande.com Inc,0,0,0
20001012,40014,EGND',OTC,0.25,0.25,1564,0,Elgrande.com Inc,0,0,0
20001013,40014,EGND',OTC,0.234375,0.234375,1910,0,Elgrande.com Inc,0,0,0
20001016,40014,EGND',OTC,0.25,0.25,667,0,Elgrande.com Inc,0,0,0
20001017,40014,EGND',OTC,0.203125,0.203125,751,0,Elgrande.com Inc,0,0,0
20001018,40014,EGND',OTC,0.203125,0.203125,1045,0,Elgrande.com Inc,0,0,0
20001019,40014,EGND',OTC,0.25,0.25,345,0,Elgrande.com Inc,0,0,0
20001020,40014,EGND',OTC,0.203125,0.203125,62,0,Elgrande.com Inc,0,0,0
20001023,40014,EGND',OTC,0.234375,0.234375,475,0,Elgrande.com Inc,0,0,0
20001024,40014,EGND',OTC,0.203125,0.203125,631,0,Elgrande.com Inc,0,0,0
20001025,40014,EGND',OTC,0.203125,0.203125,45,0,Elgrande.com Inc,0,0,0
20001026,40014,EGND',OTC,0.46875,0.46875,4364,0,Elgrande.com Inc,0,0,0
20001027,40014,EGND',OTC,0.5,0.5,747,0,Elgrande.com Inc,0,0,0
20001030,40014,EGND',OTC,0.375,0.375,1132,0,Elgrande.com Inc,0,0,0
20001031,40014,EGND',OTC,0.359375,0.359375,923,0,Elgrande.com Inc,0,0,0
20001101,40014,EGND',OTC,0.40625,0.40625,87,0,Elgrande.com Inc,0,0,0
20001102,40014,EGND',OTC,0.375,0.375,505,0,Elgrande.com Inc,0,0,0
20001103,40014,EGND',OTC,0.3125,0.3125,995,0,Elgrande.com Inc,0,0,0
20001106,40014,EGND',OTC,0.34375,0.34375,389,0,Elgrande.com Inc,0,0,0
20001107,40014,EGND',OTC,0.265625,0.265625,1720,0,Elgrande.com Inc,0,0,0
20001108,40014,EGND',OTC,0.375,0.375,125,0,Elgrande.com Inc,0,0,0
20001109,40014,EGND',OTC,0.34375,0.34375,145,0,Elgrande.com Inc,0,0,0
20001110,40014,EGND',OTC,0.375,0.375,67,0,Elgrande.com Inc,0,0,0
20001113,40014,EGND',OTC,0.375,0.375,264,0,Elgrande.com Inc,0,0,0
20001114,40014,EGND',OTC,0.4375,0.4375,453,0,Elgrande.com Inc,0,0,0
20001115,40014,EGND',OTC,0.359375,0.359375,332,0,Elgrande.com Inc,0,0,0
20001116,40014,EGND',OTC,0.296875,0.296875,515,0,Elgrande.com Inc,0,0,0
20001117,40014,EGND',OTC,0.296875,0.296875,776,0,Elgrande.com Inc,0,0,0
20001120,40014,EGND',OTC,0.25,0.25,568,0,Elgrande.com Inc,0,0,0
20001121,40014,EGND',OTC,0.234375,0.234375,978,0,Elgrande.com Inc,0,0,0
20001122,40014,EGND',OTC,0.28125,0.28125,342,0,Elgrande.com Inc,0,0,0
20001124,40014,EGND',OTC,0.234375,0.234375,102,0,Elgrande.com Inc,0,0,0
20001127,40014,EGND',OTC,0.21875,0.21875,403,0,Elgrande.com Inc,0,0,0
20001128,40014,EGND',OTC,0.234375,0.234375,277,0,Elgrande.com Inc,0,0,0
20001129,40014,EGND',OTC,0.265625,0.265625,702,0,Elgrande.com Inc,0,0,0
20001130,40014,EGND',OTC,0.21875,0.21875,1728,0,Elgrande.com Inc,0,0,0
20001201,40014,EGND',OTC,0.21875,0.21875,699,0,Elgrande.com Inc,0,0,0
20001204,40014,EGND',OTC,0.21875,0.21875,667,0,Elgrande.com Inc,0,0,0
20001205,40014,EGND',OTC,0.234375,0.234375,628,0,Elgrande.com Inc,0,0,0
20001206,40014,EGND',OTC,0.25,0.25,1052,0,Elgrande.com Inc,0,0,0
20001207,40014,EGND',OTC,0.25,0.25,1177,0,Elgrande.com Inc,0,0,0
20001208,40014,EGND',OTC,0.265625,0.265625,1064,0,Elgrande.com Inc,0,0,0
20001211,40014,EGND',OTC,0.265625,0.265625,1131,0,Elgrande.com Inc,0,0,0
20001212,40014,EGND',OTC,0.25,0.25,1061,0,Elgrande.com Inc,0,0,0
20001213,40014,EGND',OTC,0.21875,0.21875,287,0,Elgrande.com Inc,0,0,0
20001214,40014,EGND',OTC,0.203125,0.203125,430,0,Elgrande.com Inc,0,0,0
20001215,40014,EGND',OTC,0.1875,0.1875,1187,0,Elgrande.com Inc,0,0,0
20001218,40014,EGND',OTC,0.25,0.25,971,0,Elgrande.com Inc,0,0,0
20001219,40014,EGND',OTC,0.265625,0.265625,1249,0,Elgrande.com Inc,0,0,0
20001220,40014,EGND',OTC,0.203125,0.203125,727,0,Elgrande.com Inc,0,0,0
20001221,40014,EGND',OTC,0.1875,0.1875,398,0,Elgrande.com Inc,0,0,0
20001222,40014,EGND',OTC,0.25,0.25,933,0,Elgrande.com Inc,0,0,0
20001226,40014,EGND',OTC,0.140625,0.140625,965,0,Elgrande.com Inc,0,0,0
20001227,40014,EGND',OTC,0.15625,0.15625,321,0,Elgrande.com Inc,0,0,0
20001228,40014,EGND',OTC,0.140625,0.140625,587,0,Elgrande.com Inc,0,0,0
20001229,40014,EGND',OTC,0.15625,0.15625,964,0,Elgrande.com Inc,0,0,0
20010102,40014,EGND',OTC,0.203125,0.203125,100,0,Elgrande.com Inc,0,0,0
20010103,40014,EGND',OTC,0.21875,0.21875,1120,0,Elgrande.com Inc,0,0,0
20010104,40014,EGND',OTC,0.234375,0.234375,2551,0,Elgrande.com Inc,0,0,0
20010105,40014,EGND',OTC,0.265625,0.265625,402,0,Elgrande.com Inc,0,0,0
20010108,40014,EGND',OTC,0.21875,0.21875,946,0,Elgrande.com Inc,0,0,0
20010109,40014,EGND',OTC,0.1875,0.1875,1429,0,Elgrande.com Inc,0,0,0
20010110,40014,EGND',OTC,0.296875,0.296875,1447,0,Elgrande.com Inc,0,0,0
20010111,40014,EGND',OTC,0.28125,0.28125,937,0,Elgrande.com Inc,0,0,0
20010112,40014,EGND',OTC,0.28125,0.28125,1985,0,Elgrande.com Inc,0,0,0
20010116,40014,EGND',OTC,0.265625,0.265625,2499,0,Elgrande.com Inc,0,0,0
20010117,40014,EGND',OTC,0.265625,0.265625,679,0,Elgrande.com Inc,0,0,0
20010118,40014,EGND',OTC,0.265625,0.265625,955,0,Elgrande.com Inc,0,0,0
20010119,40014,EGND',OTC,0.1875,0.1875,1910,0,Elgrande.com Inc,0,0,0
20010122,40014,EGND',OTC,0.171875,0.171875,3898,0,Elgrande.com Inc,0,0,0
20010123,40014,EGND',OTC,0.1875,0.1875,710,0,Elgrande.com Inc,0,0,0
20010124,40014,EGND',OTC,0.140625,0.140625,6552,0,Elgrande.com Inc,0,0,0
20010125,40014,EGND',OTC,0.1875,0.1875,6447,0,Elgrande.com Inc,0,0,0
20010126,40014,EGND',OTC,0.25,0.25,5279,0,Elgrande.com Inc,0,0,0
20010129,40014,EGND',OTC,0.265625,0.265625,2195,0,Elgrande.com Inc,0,0,0
20010130,40014,EGND',OTC,0.234375,0.234375,1344,0,Elgrande.com Inc,0,0,0
20010131,40014,EGND',OTC,0.234375,0.234375,3007,0,Elgrande.com Inc,0,0,0
20010201,40014,EGND',OTC,0.203125,0.203125,2023,0,Elgrande.com Inc,0,0,0
20010202,40014,EGND',OTC,0.203125,0.203125,3968,0,Elgrande.com Inc,0,0,0
20010205,40014,EGND',OTC,0.1875,0.1875,1733,0,Elgrande.com Inc,0,0,0
20010206,40014,EGND',OTC,0.1875,0.1875,634,0,Elgrande.com Inc,0,0,0
20010207,40014,EGND',OTC,0.203125,0.203125,1603,0,Elgrande.com Inc,0,0,0
20010208,40014,EGND',OTC,0.203125,0.203125,910,0,Elgrande.com Inc,0,0,0
20010209,40014,EGND',OTC,0.21875,0.21875,1012,0,Elgrande.com Inc,0,0,0
20010212,40014,EGND',OTC,0.234375,0.234375,3195,0,Elgrande.com Inc,0,0,0
20010213,40014,EGND',OTC,0.25,0.25,3778,0,Elgrande.com Inc,0,0,0
20010214,40014,EGND',OTC,0.296875,0.296875,6403,0,Elgrande.com Inc,0,0,0
20010215,40014,EGND',OTC,0.328125,0.328125,4491,0,Elgrande.com Inc,0,0,0
20010216,40014,EGND',OTC,0.28125,0.28125,2590,0,Elgrande.com Inc,0,0,0
20010220,40014,EGND',OTC,0.265625,0.265625,2920,0,Elgrande.com Inc,0,0,0
20010221,40014,EGND',OTC,0.21875,0.21875,2436,0,Elgrande.com Inc,0,0,0
20010222,40014,EGND',OTC,0.203125,0.203125,2138,0,Elgrande.com Inc,0,0,0
20010223,40014,EGND',OTC,0.1875,0.1875,1846,0,Elgrande.com Inc,0,0,0
20010226,40014,EGND',OTC,0.1875,0.1875,1624,0,Elgrande.com Inc,0,0,0
20010227,40014,EGND',OTC,0.1875,0.1875,2001,0,Elgrande.com Inc,0,0,0
20010228,40014,EGND',OTC,0.1875,0.1875,1557,0,Elgrande.com Inc,0,0,0
20010301,40014,EGND',OTC,0.1875,0.1875,1902,0,Elgrande.com Inc,0,0,0
20010302,40014,EGND',OTC,0.171875,0.171875,908,0,Elgrande.com Inc,0,0,0
20010305,40014,EGND',OTC,0.171875,0.171875,371,0,Elgrande.com Inc,0,0,0
20010306,40014,EGND',OTC,0.15625,0.15625,2988,0,Elgrande.com Inc,0,0,0
20010307,40014,EGND',OTC,0.15625,0.15625,870,0,Elgrande.com Inc,0,0,0
20010308,40014,EGND',OTC,0.15625,0.15625,582,0,Elgrande.com Inc,0,0,0
20010309,40014,EGND',OTC,0.15625,0.15625,585,0,Elgrande.com Inc,0,0,0
20010312,40014,EGND',OTC,0.140625,0.140625,1509,0,Elgrande.com Inc,0,0,0
20010313,40014,EGND',OTC,0.140625,0.140625,1194,0,Elgrande.com Inc,0,0,0
20010314,40014,EGND',OTC,0.125,0.125,582,0,Elgrande.com Inc,0,0,0
20010315,40014,EGND',OTC,0.125,0.125,439,0,Elgrande.com Inc,0,0,0
20010316,40014,EGND',OTC,0.109375,0.109375,1120,0,Elgrande.com Inc,0,0,0
20010319,40014,EGND',OTC,0.140625,0.140625,1647,0,Elgrande.com Inc,0,0,0
20010320,40014,EGND',OTC,0.109375,0.109375,1253,0,Elgrande.com Inc,0,0,0
20010321,40014,EGND',OTC,0.125,0.125,220,0,Elgrande.com Inc,0,0,0
20010322,40014,EGND',OTC,0.125,0.125,434,0,Elgrande.com Inc,0,0,0
20010323,40014,EGND',OTC,0.109375,0.109375,155,0,Elgrande.com Inc,0,0,0
20010326,40014,EGND',OTC,0.109375,0.109375,1086,0,Elgrande.com Inc,0,0,0
20010327,40014,EGND',OTC,0.125,0.125,621,0,Elgrande.com Inc,0,0,0
20010328,40014,EGND',OTC,0.109375,0.109375,1747,0,Elgrande.com Inc,0,0,0
20010329,40014,EGND',OTC,0.109375,0.109375,570,0,Elgrande.com Inc,0,0,0
20010330,40014,EGND',OTC,0.109375,0.109375,280,0,Elgrande.com Inc,0,0,0
20010402,40014,EGND',OTC,0.109375,0.109375,435,0,Elgrande.com Inc,0,0,0
20010403,40014,EGND',OTC,0.078125,0.078125,1802,0,Elgrande.com Inc,0,0,0
20010404,40014,EGND',OTC,0.09375,0.09375,799,0,Elgrande.com Inc,0,0,0
20010405,40014,EGND',OTC,0.09375,0.09375,1498,0,Elgrande.com Inc,0,0,0
20010406,40014,EGND',OTC,0.09375,0.09375,550,0,Elgrande.com Inc,0,0,0
20010409,40014,EGND',OTC,0.11,0.11,100,0,Elgrande.com Inc,0,0,0
20010410,40014,EGND',OTC,0.12,0.12,1631,0,Elgrande.com Inc,0,0,0
20010411,40014,EGND',OTC,0.12,0.12,840,0,Elgrande.com Inc,0,0,0
20010412,40014,EGND',OTC,0.13,0.13,218,0,Elgrande.com Inc,0,0,0
20010416,40014,EGND',OTC,0.11,0.11,258,0,Elgrande.com Inc,0,0,0
20010417,40014,EGND',OTC,0.1,0.1,1100,0,Elgrande.com Inc,0,0,0
20010418,40014,EGND',OTC,0.1,0.1,351,0,Elgrande.com Inc,0,0,0
20010419,40014,EGND',OTC,0.14,0.14,2166,0,Elgrande.com Inc,0,0,0
20010420,40014,EGND',OTC,0.14,0.14,187,0,Elgrande.com Inc,0,0,0
20010423,40014,EGND',OTC,0.15,0.15,2110,0,Elgrande.com Inc,0,0,0
20010424,40014,EGND',OTC,0.14,0.14,584,0,Elgrande.com Inc,0,0,0
20010425,40014,EGND',OTC,0.12,0.12,929,0,Elgrande.com Inc,0,0,0
20010426,40014,EGND',OTC,0.11,0.11,580,0,Elgrande.com Inc,0,0,0
20010427,40014,EGND',OTC,0.1,0.1,980,0,Elgrande.com Inc,0,0,0
20010430,40014,EGND',OTC,0.1,0.1,1250,0,Elgrande.com Inc,0,0,0
20010501,40014,EGND',OTC,0.08,0.08,596,0,Elgrande.com Inc,0,0,0
20010502,40014,EGND',OTC,0.1,0.1,3230,0,Elgrande.com Inc,0,0,0
20010503,40014,EGND',OTC,0.09,0.09,679,0,Elgrande.com Inc,0,0,0
20010504,40014,EGND',OTC,0.1,0.1,100,0,Elgrande.com Inc,0,0,0
20010507,40014,EGND',OTC,0.09,0.09,64,0,Elgrande.com Inc,0,0,0
20010508,40014,EGND',OTC,0.1,0.1,80,0,Elgrande.com Inc,0,0,0
20010509,40014,EGND',OTC,0.1,0.1,100,0,Elgrande.com Inc,0,0,0
20010510,40014,EGND',OTC,0.1,0.1,241,0,Elgrande.com Inc,0,0,0
20010511,40014,EGND',OTC,0.1,0.1,422,0,Elgrande.com Inc,0,0,0
20010514,40014,EGND',OTC,0.1,0.1,0,0,Elgrande.com Inc,0,0,0
20010515,40014,EGND',OTC,0.09,0.09,90,0,Elgrande.com Inc,0,0,0
20010516,40014,EGND',OTC,0.09,0.09,417,0,Elgrande.com Inc,0,0,0
20010517,40014,EGND',OTC,0.09,0.09,1112,0,Elgrande.com Inc,0,0,0
20010518,40014,EGND',OTC,0.1,0.1,30,0,Elgrande.com Inc,0,0,0
20010521,40014,EGND',OTC,0.09,0.09,130,0,Elgrande.com Inc,0,0,0
20010522,40014,EGND',OTC,0.09,0.09,1078,0,Elgrande.com Inc,0,0,0
20010523,40014,EGND',OTC,0.08,0.08,1313,0,Elgrande.com Inc,0,0,0
20010524,40014,EGND',OTC,0.08,0.08,582,0,Elgrande.com Inc,0,0,0
20010525,40014,EGND',OTC,0.08,0.08,1118,0,Elgrande.com Inc,0,0,0
20010529,40014,EGND',OTC,0.06,0.06,1564,0,Elgrande.com Inc,0,0,0
20010530,40014,EGND',OTC,0.06,0.06,1977,0,Elgrande.com Inc,0,0,0
20010531,40014,EGND',OTC,0.06,0.06,3817,0,Elgrande.com Inc,0,0,0
20010601,40014,EGND',OTC,0.05,0.05,606,0,Elgrande.com Inc,0,0,0
20010604,40014,EGND',OTC,0.05,0.05,100,0,Elgrande.com Inc,0,0,0
20010605,40014,EGND',OTC,0.05,0.05,530,0,Elgrande.com Inc,0,0,0
20010606,40014,EGND',OTC,0.05,0.05,496,0,Elgrande.com Inc,0,0,0
20010607,40014,EGND',OTC,0.06,0.06,385,0,Elgrande.com Inc,0,0,0
20010608,40014,EGND',OTC,0.06,0.06,135,0,Elgrande.com Inc,0,0,0
20010611,40014,EGND',OTC,0.06,0.06,982,0,Elgrande.com Inc,0,0,0
20010612,40014,EGND',OTC,0.05,0.05,233,0,Elgrande.com Inc,0,0,0
20010613,40014,EGND',OTC,0.05,0.05,200,0,Elgrande.com Inc,0,0,0
20010614,40014,EGND',OTC,0.05,0.05,249,0,Elgrande.com Inc,0,0,0
20010615,40014,EGND',OTC,0.05,0.05,74,0,Elgrande.com Inc,0,0,0
20010618,40014,EGND',OTC,0.05,0.05,119,0,Elgrande.com Inc,0,0,0
20010619,40014,EGND',OTC,0.05,0.05,80,0,Elgrande.com Inc,0,0,0
20010620,40014,EGND',OTC,0.05,0.05,103,0,Elgrande.com Inc,0,0,0
20010621,40014,EGND',OTC,0.05,0.05,0,0,Elgrande.com Inc,0,0,0
20010622,40014,EGND',OTC,0.06,0.06,150,0,Elgrande.com Inc,0,0,0
20010625,40014,EGND',OTC,0.06,0.06,491,0,Elgrande.com Inc,0,0,0
20010626,40014,EGND',OTC,0.06,0.06,117,0,Elgrande.com Inc,0,0,0
20010627,40014,EGND',OTC,0.06,0.06,0,0,Elgrande.com Inc,0,0,0
20010628,40014,EGND',OTC,0.06,0.06,152,0,Elgrande.com Inc,0,0,0
20010629,40014,EGND',OTC,0.06,0.06,0,0,Elgrande.com Inc,0,0,0
20010702,40014,EGND',OTC,0.05,0.05,640,0,Elgrande.com Inc,0,0,0
20010703,40014,EGND',OTC,0.05,0.05,0,0,Elgrande.com Inc,0,0,0
20010705,40014,EGND',OTC,0.05,0.05,25,0,Elgrande.com Inc,0,0,0
20010706,40014,EGND',OTC,0.05,0.05,411,0,Elgrande.com Inc,0,0,0
20010709,40014,EGND',OTC,0.05,0.05,0,0,Elgrande.com Inc,0,0,0
20010710,40014,EGND',OTC,0.05,0.05,7,0,Elgrande.com Inc,0,0,0
20010711,40014,EGND',OTC,0.05,0.05,215,0,Elgrande.com Inc,0,0,0
20010712,40014,EGND',OTC,0.05,0.05,2362,0,Elgrande.com Inc,0,0,0
20010713,40014,EGND',OTC,0.05,0.05,0,0,Elgrande.com Inc,0,0,0
20010716,40014,EGND',OTC,0.05,0.05,52,0,Elgrande.com Inc,0,0,0
20010717,40014,EGND',OTC,0.06,0.06,50,0,Elgrande.com Inc,0,0,0
20010718,40014,EGND',OTC,0.06,0.06,910,0,Elgrande.com Inc,0,0,0
20010719,40014,EGND',OTC,0.06,0.06,0,0,Elgrande.com Inc,0,0,0
20010720,40014,EGND',OTC,0.06,0.06,690,0,Elgrande.com Inc,0,0,0
20010723,40014,EGND',OTC,0.12,0.12,1114,0,Elgrande.com Inc,0,0,0
20010724,40014,EGND',OTC,0.09,0.09,1351,0,Elgrande.com Inc,0,0,0
20010725,40014,EGND',OTC,0.09,0.09,31,0,Elgrande.com Inc,0,0,0
20010726,40014,EGND',OTC,0.09,0.09,201,0,Elgrande.com Inc,0,0,0
20010727,40014,EGND',OTC,0.09,0.09,640,0,Elgrande.com Inc,0,0,0
20010730,40014,EGND',OTC,0.09,0.09,285,0,Elgrande.com Inc,0,0,0
20010731,40014,EGND',OTC,0.09,0.09,570,0,Elgrande.com Inc,0,0,0
20010801,40014,EGND',OTC,0.07,0.07,570,0,Elgrande.com Inc,0,0,0
20010802,40014,EGND',OTC,0.08,0.08,872,0,Elgrande.com Inc,0,0,0
20010803,40014,EGND',OTC,0.07,0.07,671,0,Elgrande.com Inc,0,0,0
20010806,40014,EGND',OTC,0.07,0.07,320,0,Elgrande.com Inc,0,0,0
20010807,40014,EGND',OTC,0.07,0.07,0,0,Elgrande.com Inc,0,0,0
20010808,40014,EGND',OTC,0.07,0.07,50,0,Elgrande.com Inc,0,0,0
20010809,40014,EGND',OTC,0.07,0.07,0,0,Elgrande.com Inc,0,0,0
20010810,40014,EGND',OTC,0.06,0.06,290,0,Elgrande.com Inc,0,0,0
20010813,40014,EGND',OTC,0.05,0.05,704,0,Elgrande.com Inc,0,0,0
20010814,40014,EGND',OTC,0.05,0.05,200,0,Elgrande.com Inc,0,0,0
20010815,40014,EGND',OTC,0.06,0.06,160,0,Elgrande.com Inc,0,0,0
20010816,40014,EGND',OTC,0.05,0.05,305,0,Elgrande.com Inc,0,0,0
20010817,40014,EGND',OTC,0.06,0.06,300,0,Elgrande.com Inc,0,0,0
20010820,40014,EGND',OTC,0.06,0.06,650,0,Elgrande.com Inc,0,0,0
20010821,40014,EGND',OTC,0.06,0.06,252,0,Elgrande.com Inc,0,0,0
20010822,40014,EGND',OTC,0.06,0.06,550,0,Elgrande.com Inc,0,0,0
20010823,40014,EGND',OTC,0.07,0.07,1730,0,Elgrande.com Inc,0,0,0
20010824,40014,EGND',OTC,0.07,0.07,33,0,Elgrande.com Inc,0,0,0
20010827,40014,EGND',OTC,0.07,0.07,16,0,Elgrande.com Inc,0,0,0
20010828,40014,EGND',OTC,0.07,0.07,110,0,Elgrande.com Inc,0,0,0
20010829,40014,EGND',OTC,0.07,0.07,208,0,Elgrande.com Inc,0,0,0
20010830,40014,EGND',OTC,0.06,0.06,160,0,Elgrande.com Inc,0,0,0
20010831,40014,EGND',OTC,0.06,0.06,33,0,Elgrande.com Inc,0,0,0
20010904,40014,EGND',OTC,0.06,0.06,27,0,Elgrande.com Inc,0,0,0
20010905,40014,EGND',OTC,0.06,0.06,0,0,Elgrande.com Inc,0,0,0
20010906,40014,EGND',OTC,0.06,0.06,0,0,Elgrande.com Inc,0,0,0
20010907,40014,EGND',OTC,0.05,0.05,140,0,Elgrande.com Inc,0,0,0
20010910,40014,EGND',OTC,0.05,0.05,563,0,Elgrande.com Inc,0,0,0
20010917,40014,EGND',OTC,0.05,0.05,27,0,Elgrande.com Inc,0,0,0
20010918,40014,EGND',OTC,0.05,0.05,82,0,Elgrande.com Inc,0,0,0
20010919,40014,EGND',OTC,0.05,0.05,0,0,Elgrande.com Inc,0,0,0
20010920,40014,EGND',OTC,0.05,0.05,100,0,Elgrande.com Inc,0,0,0
20010921,40014,EGND',OTC,0.05,0.05,55,0,Elgrande.com Inc,0,0,0
20010924,40014,EGND',OTC,0.05,0.05,14,0,Elgrande.com Inc,0,0,0
20010925,40014,EGND',OTC,0.05,0.05,190,0,Elgrande.com Inc,0,0,0
20010926,40014,EGND',OTC,0.05,0.05,19,0,Elgrande.com Inc,0,0,0
20010927,40014,EGND',OTC,0.05,0.05,16,0,Elgrande.com Inc,0,0,0
20010928,40014,EGND',OTC,0.04,0.04,419,0,Elgrande.com Inc,0,0,0
20011001,40014,EGND',OTC,0.05,0.05,2168,0,Elgrande.com Inc,0,0,0
20011002,40014,EGND',OTC,0.04,0.04,160,0,Elgrande.com Inc,0,0,0
20011003,40014,EGND',OTC,0.04,0.04,44,0,Elgrande.com Inc,0,0,0
20011004,40014,EGND',OTC,0.05,0.05,1180,0,Elgrande.com Inc,0,0,0
20011005,40014,EGND',OTC,0.05,0.05,0,0,Elgrande.com Inc,0,0,0
20011008,40014,EGND',OTC,0.05,0.05,0,0,Elgrande.com Inc,0,0,0
20011009,40014,EGND',OTC,0.04,0.04,489,0,Elgrande.com Inc,0,0,0
20011010,40014,EGND',OTC,0.05,0.05,203,0,Elgrande.com Inc,0,0,0
20011011,40014,EGND',OTC,0.04,0.04,10,0,Elgrande.com Inc,0,0,0
20011012,40014,EGND',OTC,0.04,0.04,461,0,Elgrande.com Inc,0,0,0
20011015,40014,EGND',OTC,0.04,0.04,150,0,Elgrande.com Inc,0,0,0
20011016,40014,EGND',OTC,0.04,0.04,250,0,Elgrande.com Inc,0,0,0
20011017,40014,EGND',OTC,0.04,0.04,150,0,Elgrande.com Inc,0,0,0
20011018,40014,EGND',OTC,0.05,0.05,100,0,Elgrande.com Inc,0,0,0
20011019,40014,EGND',OTC,0.05,0.05,0,0,Elgrande.com Inc,0,0,0
20011022,40014,EGND',OTC,0.04,0.04,310,0,Elgrande.com Inc,0,0,0
20011023,40014,EGND',OTC,0.06,0.06,1330,0,Elgrande.com Inc,0,0,0
20011024,40014,EGND',OTC,0.07,0.07,180,0,Elgrande.com Inc,0,0,0
20011025,40014,EGND',OTC,0.08,0.08,573,0,Elgrande.com Inc,0,0,0
20011026,40014,EGND',OTC,0.06,0.06,7,0,Elgrande.com Inc,0,0,0
20011029,40014,EGND',OTC,0.06,0.06,102,0,Elgrande.com Inc,0,0,0
20011030,40014,EGND',OTC,0.07,0.07,172,0,Elgrande.com Inc,0,0,0
20011031,40014,EGND',OTC,0.07,0.07,160,0,Elgrande.com Inc,0,0,0
20011101,40014,EGND',OTC,0.07,0.07,465,0,Elgrande.com Inc,0,0,0
20011102,40014,EGND',OTC,0.08,0.08,198,0,Elgrande.com Inc,0,0,0
20011105,40014,EGND',OTC,0.07,0.07,290,0,Elgrande.com Inc,0,0,0
20011106,40014,EGND',OTC,0.08,0.08,781,0,Elgrande.com Inc,0,0,0
20011107,40014,EGND',OTC,0.13,0.13,1979,0,Elgrande.com Inc,0,0,0
20011108,40014,EGND',OTC,0.13,0.13,458,0,Elgrande.com Inc,0,0,0
20011109,40014,EGND',OTC,0.1,0.1,989,0,Elgrande.com Inc,0,0,0
20011112,40014,EGND',OTC,0.08,0.08,1035,0,Elgrande.com Inc,0,0,0
20011113,40014,EGND',OTC,0.12,0.12,701,0,Elgrande.com Inc,0,0,0
20011114,40014,EGND',OTC,0.1,0.1,134,0,Elgrande.com Inc,0,0,0
20011115,40014,EGND',OTC,0.1,0.1,354,0,Elgrande.com Inc,0,0,0
20011116,40014,EGND',OTC,0.09,0.09,132,0,Elgrande.com Inc,0,0,0
20011119,40014,EGND',OTC,0.09,0.09,130,0,Elgrande.com Inc,0,0,0
20011120,40014,EGND',OTC,0.09,0.09,172,0,Elgrande.com Inc,0,0,0
20011121,40014,EGND',OTC,0.09,0.09,107,0,Elgrande.com Inc,0,0,0
20011123,40014,EGND',OTC,0.09,0.09,0,0,Elgrande.com Inc,0,0,0
20011126,40014,EGND',OTC,0.08,0.08,242,0,Elgrande.com Inc,0,0,0
20011127,40014,EGND',OTC,0.08,0.08,270,0,Elgrande.com Inc,0,0,0
20011128,40014,EGND',OTC,0.08,0.08,155,0,Elgrande.com Inc,0,0,0
20011129,40014,EGND',OTC,0.08,0.08,55,0,Elgrande.com Inc,0,0,0
20011130,40014,EGND',OTC,0.08,0.08,0,0,Elgrande.com Inc,0,0,0
20011203,40014,EGND',OTC,0.08,0.08,64,0,Elgrande.com Inc,0,0,0
20011204,40014,EGND',OTC,0.07,0.07,12,0,Elgrande.com Inc,0,0,0
20011205,40014,EGND',OTC,0.07,0.07,14,0,Elgrande.com Inc,0,0,0
20011206,40014,EGND',OTC,0.07,0.07,1,0,Elgrande.com Inc,0,0,0
20011207,40014,EGND',OTC,0.08,0.08,1,0,Elgrande.com Inc,0,0,0
20011210,40014,EGND',OTC,0.06,0.06,3,0,Elgrande.com Inc,0,0,0
20011211,40014,EGND',OTC,0.06,0.06,65,0,Elgrande.com Inc,0,0,0
20011212,40014,EGND',OTC,0.06,0.06,13,0,Elgrande.com Inc,0,0,0
20011213,40014,EGND',OTC,0.06,0.06,170,0,Elgrande.com Inc,0,0,0
20011214,40014,EGND',OTC,0.06,0.06,0,0,Elgrande.com Inc,0,0,0
20011217,40014,EGND',OTC,0.07,0.07,400,0,Elgrande.com Inc,0,0,0
20011218,40014,EGND',OTC,0.07,0.07,152,0,Elgrande.com Inc,0,0,0
20011219,40014,EGND',OTC,0.07,0.07,8,0,Elgrande.com Inc,0,0,0
20011220,40014,EGND',OTC,0.07,0.07,203,0,Elgrande.com Inc,0,0,0
20011221,40014,EGND',OTC,0.07,0.07,446,0,Elgrande.com Inc,0,0,0
20011224,40014,EGND',OTC,0.07,0.07,0,0,Elgrande.com Inc,0,0,0
20011226,40014,EGND',OTC,0.07,0.07,76,0,Elgrande.com Inc,0,0,0
20011227,40014,EGND',OTC,0.07,0.07,46,0,Elgrande.com Inc,0,0,0
20011228,40014,EGND',OTC,0.07,0.07,374,0,Elgrande.com Inc,0,0,0
20011231,40014,EGND',OTC,0.07,0.07,426,0,Elgrande.com Inc,0,0,0
20020102,40014,EGND',OTC,0.08,0.08,600,0,Elgrande.com Inc,0,0,0
20020103,40014,EGND',OTC,0.09,0.09,13,0,Elgrande.com Inc,0,0,0
20020104,40014,EGND',OTC,0.09,0.09,0,0,Elgrande.com Inc,0,0,0
20020107,40014,EGND',OTC,0.08,0.08,1,0,Elgrande.com Inc,0,0,0
20020108,40014,EGND',OTC,0.07,0.07,122,0,Elgrande.com Inc,0,0,0
20020109,40014,EGND',OTC,0.09,0.09,1250,0,Elgrande.com Inc,0,0,0
20020110,40014,EGND',OTC,0.08,0.08,657,0,Elgrande.com Inc,0,0,0
20020111,40014,EGND',OTC,0.08,0.08,20,0,Elgrande.com Inc,0,0,0
20020114,40014,EGND',OTC,0.07,0.07,251,0,Elgrande.com Inc,0,0,0
20020115,40014,EGND',OTC,0.07,0.07,223,0,Elgrande.com Inc,0,0,0
20020116,40014,EGND',OTC,0.07,0.07,30,0,Elgrande.com Inc,0,0,0
20020117,40014,EGND',OTC,0.07,0.07,0,0,Elgrande.com Inc,0,0,0
20020118,40014,EGND',OTC,0.07,0.07,514,0,Elgrande.com Inc,0,0,0
20020122,40014,EGND',OTC,0.05,0.05,830,0,Elgrande.com Inc,0,0,0
20020123,40014,EGND',OTC,0.06,0.06,9,0,Elgrande.com Inc,0,0,0
20020124,40014,EGND',OTC,0.06,0.06,10,0,Elgrande.com Inc,0,0,0
20020125,40014,EGND',OTC,0.05,0.05,14,0,Elgrande.com Inc,0,0,0
20020128,40014,EGND',OTC,0.06,0.06,100,0,Elgrande.com Inc,0,0,0
20020129,40014,EGND',OTC,0.05,0.05,1098,0,Elgrande.com Inc,0,0,0
20020130,40014,EGND',OTC,0.04,0.04,2365,0,Elgrande.com Inc,0,0,0
20020131,40014,EGND',OTC,0.04,0.04,240,0,Elgrande.com Inc,0,0,0
20020201,40014,EGND',OTC,0.04,0.04,1290,0,Elgrande.com Inc,0,0,0
20020204,40014,EGND',OTC,0.04,0.04,1,0,Elgrande.com Inc,0,0,0
20020205,40014,EGND',OTC,0.04,0.04,485,0,Elgrande.com Inc,0,0,0
20020206,40014,EGND',OTC,0.04,0.04,703,0,Elgrande.com Inc,0,0,0
20020207,40014,EGND',OTC,0.03,0.03,1260,0,Elgrande.com Inc,0,0,0
20020208,40014,EGND',OTC,0.04,0.04,150,0,Elgrande.com Inc,0,0,0
20020211,40014,EGND',OTC,0.04,0.04,0,0,Elgrande.com Inc,0,0,0
20020212,40014,EGND',OTC,0.03,0.03,7,0,Elgrande.com Inc,0,0,0
20020213,40014,EGND',OTC,0.04,0.04,1190,0,Elgrande.com Inc,0,0,0
20020214,40014,EGND',OTC,0.04,0.04,20,0,Elgrande.com Inc,0,0,0
20020215,40014,EGND',OTC,0.05,0.05,1635,0,Elgrande.com Inc,0,0,0
20020219,40014,EGND',OTC,0.06,0.06,1550,0,Elgrande.com Inc,0,0,0
20020220,40014,EGND',OTC,0.08,0.08,425,0,Elgrande.com Inc,0,0,0
20020221,40014,EGND',OTC,0.06,0.06,1009,0,Elgrande.com Inc,0,0,0
20020222,40014,EGND',OTC,0.08,0.08,1502,0,Elgrande.com Inc,0,0,0
20020225,40014,EGND',OTC,0.09,0.09,1598,0,Elgrande.com Inc,0,0,0
20020226,40014,EGND',OTC,0.09,0.09,1716,0,Elgrande.com Inc,0,0,0
20020227,40014,EGND',OTC,0.09,0.09,2728,0,Elgrande.com Inc,0,0,0
20020228,40014,EGND',OTC,0.1,0.1,1721,0,Elgrande.com Inc,0,0,0
20020301,40014,EGND',OTC,0.12,0.12,750,0,Elgrande.com Inc,0,0,0
20020304,40014,EGND',OTC,0.1,0.1,1192,0,Elgrande.com Inc,0,0,0
20020305,40014,EGND',OTC,0.09,0.09,1025,0,Elgrande.com Inc,0,0,0
20020306,40014,EGND',OTC,0.09,0.09,1420,0,Elgrande.com Inc,0,0,0
20020307,40014,EGND',OTC,0.09,0.09,781,0,Elgrande.com Inc,0,0,0
20020308,40014,EGND',OTC,0.08,0.08,52,0,Elgrande.com Inc,0,0,0
20020311,40014,EGND',OTC,0.09,0.09,35,0,Elgrande.com Inc,0,0,0
20020312,40014,EGND',OTC,0.1,0.1,1574,0,Elgrande.com Inc,0,0,0
20020313,40014,EGND',OTC,0.09,0.09,145,0,Elgrande.com Inc,0,0,0
20020314,40014,EGND',OTC,0.1,0.1,667,0,Elgrande.com Inc,0,0,0
20020315,40014,EGND',OTC,0.09,0.09,389,0,Elgrande.com Inc,0,0,0
20020318,40014,EGND',OTC,0.08,0.08,1824,0,Elgrande.com Inc,0,0,0
20020319,40014,EGND',OTC,0.08,0.08,2287,0,Elgrande.com Inc,0,0,0
20020320,40014,EGND',OTC,0.06,0.06,2700,0,Elgrande.com Inc,0,0,0
20020321,40014,EGND',OTC,0.07,0.07,2587,0,Elgrande.com Inc,0,0,0
20020322,40014,EGND',OTC,0.07,0.07,138,0,Elgrande.com Inc,0,0,0
20020325,40014,EGND',OTC,0.07,0.07,1036,0,Elgrande.com Inc,0,0,0
20020326,40014,EGND',OTC,0.07,0.07,956,0,Elgrande.com Inc,0,0,0
20020327,40014,EGND',OTC,0.07,0.07,718,0,Elgrande.com Inc,0,0,0
20020328,40014,EGND',OTC,0.09,0.09,861,0,Elgrande.com Inc,0,0,0
20020401,40014,EGND',OTC,0.08,0.08,218,0,Elgrande.com Inc,0,0,0
20020402,40014,EGND',OTC,0.07,0.07,51,0,Elgrande.com Inc,0,0,0
20020403,40014,EGND',OTC,0.07,0.07,330,0,Elgrande.com Inc,0,0,0
20020404,40014,EGND',OTC,0.07,0.07,3,0,Elgrande.com Inc,0,0,0
20020405,40014,EGND',OTC,0.08,0.08,90,0,Elgrande.com Inc,0,0,0
20020408,40014,EGND',OTC,0.08,0.08,53,0,Elgrande.com Inc,0,0,0
20020409,40014,EGND',OTC,0.07,0.07,985,0,Elgrande.com Inc,0,0,0
20020410,40014,EGND',OTC,0.07,0.07,0,0,Elgrande.com Inc,0,0,0
20020411,40014,EGND',OTC,0.07,0.07,0,0,Elgrande.com Inc,0,0,0
20020412,40014,EGND',OTC,0.07,0.07,0,0,Elgrande.com Inc,0,0,0
20020415,40014,EGND',OTC,0.07,0.07,0,0,Elgrande.com Inc,0,0,0
20020416,40014,EGND',OTC,0.08,0.08,131,0,Elgrande.com Inc,0,0,0
20020417,40014,EGND',OTC,0.09,0.09,2493,0,Elgrande.com Inc,0,0,0
20020418,40014,EGND',OTC,0.08,0.08,4307,0,Elgrande.com Inc,0,0,0
20020419,40014,EGND',OTC,0.08,0.08,273,0,Elgrande.com Inc,0,0,0
20020422,40014,EGND',OTC,0.08,0.08,300,0,Elgrande.com Inc,0,0,0
20020423,40014,EGND',OTC,0.09,0.09,200,0,Elgrande.com Inc,0,0,0
20020424,40014,EGND',OTC,0.09,0.09,150,0,Elgrande.com Inc,0,0,0
20020425,40014,EGND',OTC,0.06,0.06,760,0,Elgrande.com Inc,0,0,0
20020426,40014,EGND',OTC,0.06,0.06,41,0,Elgrande.com Inc,0,0,0
20020429,40014,EGND',OTC,0.05,0.05,100,0,Elgrande.com Inc,0,0,0
20020430,40014,EGND',OTC,0.05,0.05,0,0,Elgrande.com Inc,0,0,0
20020501,40014,EGND',OTC,0.05,0.05,0,0,Elgrande.com Inc,0,0,0
20020502,40014,EGND',OTC,0.05,0.05,0,0,Elgrande.com Inc,0,0,0
20020503,40014,EGND',OTC,0.05,0.05,914,0,Elgrande.com Inc,0,0,0
20020506,40014,EGND',OTC,0.05,0.05,527,0,Elgrande.com Inc,0,0,0
20020507,40014,EGND',OTC,0.05,0.05,60,0,Elgrande.com Inc,0,0,0
20020508,40014,EGND',OTC,0.05,0.05,271,0,Elgrande.com Inc,0,0,0
20020509,40014,EGND',OTC,0.05,0.05,39,0,Elgrande.com Inc,0,0,0
20020510,40014,EGND',OTC,0.05,0.05,938,0,Elgrande.com Inc,0,0,0
20020513,40014,EGND',OTC,0.05,0.05,54,0,Elgrande.com Inc,0,0,0
20020514,40014,EGND',OTC,0.07,0.07,933,0,Elgrande.com Inc,0,0,0
20020515,40014,EGND',OTC,0.06,0.06,40,0,Elgrande.com Inc,0,0,0
20020516,40014,EGND',OTC,0.07,0.07,2235,0,Elgrande.com Inc,0,0,0
20020517,40014,EGND',OTC,0.05,0.05,125,0,Elgrande.com Inc,0,0,0
20020520,40014,EGND',OTC,0.05,0.05,1625,0,Elgrande.com Inc,0,0,0
20020521,40014,EGND',OTC,0.05,0.05,199,0,Elgrande.com Inc,0,0,0
20020522,40014,EGND',OTC,0.04,0.04,80,0,Elgrande.com Inc,0,0,0
20020523,40014,EGND',OTC,0.04,0.04,10,0,Elgrande.com Inc,0,0,0
20020524,40014,EGND',OTC,0.05,0.05,235,0,Elgrande.com Inc,0,0,0
20020528,40014,EGND',OTC,0.06,0.06,113,0,Elgrande.com Inc,0,0,0
20020529,40014,EGND',OTC,0.06,0.06,200,0,Elgrande.com Inc,0,0,0
20020530,40014,EGND',OTC,0.06,0.06,15,0,Elgrande.com Inc,0,0,0
20020531,40014,EGND',OTC,0.05,0.05,370,0,Elgrande.com Inc,0,0,0
20020603,40014,EGND',OTC,0.05,0.05,220,0,Elgrande.com Inc,0,0,0
20020604,40014,EGND',OTC,0.05,0.05,113,0,Elgrande.com Inc,0,0,0
20020605,40014,EGND',OTC,0.05,0.05,1512,0,Elgrande.com Inc,0,0,0
20020606,40014,EGND',OTC,0.05,0.05,0,0,Elgrande.com Inc,0,0,0
20020607,40014,EGND',OTC,0.04,0.04,690,0,Elgrande.com Inc,0,0,0
20020610,40014,EGND',OTC,0.04,0.04,150,0,Elgrande.com Inc,0,0,0
20020611,40014,EGND',OTC,0.04,0.04,135,0,Elgrande.com Inc,0,0,0
20020612,40014,EGND',OTC,0.04,0.04,0,0,Elgrande.com Inc,0,0,0
20020613,40014,EGND',OTC,0.04,0.04,200,0,Elgrande.com Inc,0,0,0
20020614,40014,EGND',OTC,0.04,0.04,0,0,Elgrande.com Inc,0,0,0
20020617,40014,EGND',OTC,0.04,0.04,115,0,Elgrande.com Inc,0,0,0
20020618,40014,EGND',OTC,0.04,0.04,50,0,Elgrande.com Inc,0,0,0
20020619,40014,EGND',OTC,0.04,0.04,0,0,Elgrande.com Inc,0,0,0
20020620,40014,EGND',OTC,0.04,0.04,0,0,Elgrande.com Inc,0,0,0
20020621,40014,EGND',OTC,0.03,0.03,2,0,Elgrande.com Inc,0,0,0
20020624,40014,EGND',OTC,0.03,0.03,5,0,Elgrande.com Inc,0,0,0
20020625,40014,EGND',OTC,0.03,0.03,162,0,Elgrande.com Inc,0,0,0
20020626,40014,EGND',OTC,0.03,0.03,4,0,Elgrande.com Inc,0,0,0
20020627,40014,EGND',OTC,0.03,0.03,0,0,Elgrande.com Inc,0,0,0
20020628,40014,EGND',OTC,0.03,0.03,0,0,Elgrande.com Inc,0,0,0
20020701,40014,EGND',OTC,0.04,0.04,125,0,Elgrande.com Inc,0,0,0
20020702,40014,EGND',OTC,0.03,0.03,20,0,Elgrande.com Inc,0,0,0
20020703,40014,EGND',OTC,0.03,0.03,855,0,Elgrande.com Inc,0,0,0
20020705,40014,EGND',OTC,0.04,0.04,100,0,Elgrande.com Inc,0,0,0
20020708,40014,EGND',OTC,0.03,0.03,210,0,Elgrande.com Inc,0,0,0
20020709,40014,EGND',OTC,0.04,0.04,25,0,Elgrande.com Inc,0,0,0
20020710,40014,EGND',OTC,0.04,0.04,0,0,Elgrande.com Inc,0,0,0
20020711,40014,EGND',OTC,0.04,0.04,300,0,Elgrande.com Inc,0,0,0
20020712,40014,EGND',OTC,0.04,0.04,0,0,Elgrande.com Inc,0,0,0
20020715,40014,EGND',OTC,0.04,0.04,27,0,Elgrande.com Inc,0,0,0
20020716,40014,EGND',OTC,0.03,0.03,1550,0,Elgrande.com Inc,0,0,0
20020717,40014,EGND',OTC,0.03,0.03,0,0,Elgrande.com Inc,0,0,0
20020718,40014,EGND',OTC,0.04,0.04,185,0,Elgrande.com Inc,0,0,0
20020719,40014,EGND',OTC,0.03,0.03,625,0,Elgrande.com Inc,0,0,0
20020722,40014,EGND',OTC,0.03,0.03,100,0,Elgrande.com Inc,0,0,0
20020723,40014,EGND',OTC,0.03,0.03,0,0,Elgrande.com Inc,0,0,0
20020724,40014,EGND',OTC,0.03,0.03,150,0,Elgrande.com Inc,0,0,0
20020725,40014,EGND',OTC,0.03,0.03,0,0,Elgrande.com Inc,0,0,0
20020726,40014,EGND',OTC,0.03,0.03,0,0,Elgrande.com Inc,0,0,0
20020729,40014,EGND',OTC,0.03,0.03,35,0,Elgrande.com Inc,0,0,0
20020730,40014,EGND',OTC,0.03,0.03,0,0,Elgrande.com Inc,0,0,0
20020731,40014,EGND',OTC,0.03,0.03,793,0,Elgrande.com Inc,0,0,0
20020801,40014,EGND',OTC,0.02,0.02,1,0,Elgrande.com Inc,0,0,0
20020802,40014,EGND',OTC,0.02,0.02,0,0,Elgrande.com Inc,0,0,0
20020805,40014,EGND',OTC,0.02,0.02,0,0,Elgrande.com Inc,0,0,0
20020806,40014,EGND',OTC,0.02,0.02,0,0,Elgrande.com Inc,0,0,0
20020807,40014,EGND',OTC,0.02,0.02,6,0,Elgrande.com Inc,0,0,0
20020808,40014,EGND',OTC,0.02,0.02,540,0,Elgrande.com Inc,0,0,0
20020809,40014,EGND',OTC,0.02,0.02,0,0,Elgrande.com Inc,0,0,0
20020812,40014,EGND',OTC,0.02,0.02,1000,0,Elgrande.com Inc,0,0,0
20020813,40014,EGND',OTC,0.03,0.03,1190,0,Elgrande.com Inc,0,0,0
20020814,40014,EGND',OTC,0.03,0.03,186,0,Elgrande.com Inc,0,0,0
20020815,40014,EGND',OTC,0.02,0.02,50,0,Elgrande.com Inc,0,0,0
20020816,40014,EGND',OTC,0.02,0.02,0,0,Elgrande.com Inc,0,0,0
20020819,40014,EGND',OTC,0.02,0.02,0,0,Elgrande.com Inc,0,0,0
20020820,40014,EGND',OTC,0.02,0.02,0,0,Elgrande.com Inc,0,0,0
20020821,40014,EGND',OTC,0.02,0.02,30,0,Elgrande.com Inc,0,0,0
20020822,40014,EGND',OTC,0.02,0.02,0,0,Elgrande.com Inc,0,0,0
20020823,40014,EGND',OTC,0.03,0.03,275,0,Elgrande.com Inc,0,0,0
20020826,40014,EGND',OTC,0.03,0.03,87,0,Elgrande.com Inc,0,0,0
20020827,40014,EGND',OTC,0.03,0.03,0,0,Elgrande.com Inc,0,0,0
20020828,40014,EGND',OTC,0.02,0.02,1970,0,Elgrande.com Inc,0,0,0
20020829,40014,EGND',OTC,0.02,0.02,75,0,Elgrande.com Inc,0,0,0
20020830,40014,EGND',OTC,0.02,0.02,1476,0,Elgrande.com Inc,0,0,0
20020903,40014,EGND',OTC,0.02,0.02,274,0,Elgrande.com Inc,0,0,0
20020904,40014,EGND',OTC,0.02,0.02,0,0,Elgrande.com Inc,0,0,0
20020905,40014,EGND',OTC,0.02,0.02,0,0,Elgrande.com Inc,0,0,0
20020906,40014,EGND',OTC,0.02,0.02,69,0,Elgrande.com Inc,0,0,0
20020909,40014,EGND',OTC,0.02,0.02,90,0,Elgrande.com Inc,0,0,0
20020910,40014,EGND',OTC,0.02,0.02,56,0,Elgrande.com Inc,0,0,0
20020911,40014,EGND',OTC,0.02,0.02,240,0,Elgrande.com Inc,0,0,0
20020912,40014,EGND',OTC,0.02,0.02,0,0,Elgrande.com Inc,0,0,0
20020913,40014,EGND',OTC,0.01,0.01,14,0,Elgrande.com Inc,0,0,0
20020916,40014,EGND',OTC,0.02,0.02,105,0,Elgrande.com Inc,0,0,0
20020917,40014,EGND',OTC,0.02,0.02,0,0,Elgrande.com Inc,0,0,0
20020918,40014,EGND',OTC,0.02,0.02,0,0,Elgrande.com Inc,0,0,0
20020919,40014,EGND',OTC,0.02,0.02,21,0,Elgrande.com Inc,0,0,0
20020920,40014,EGND',OTC,0.02,0.02,0,0,Elgrande.com Inc,0,0,0
20020923,40014,EGND',OTC,0.02,0.02,0,0,Elgrande.com Inc,0,0,0
20020924,40014,EGND',OTC,0.02,0.02,0,0,Elgrande.com Inc,0,0,0
20020925,40014,EGND',OTC,0.03,0.03,300,0,Elgrande.com Inc,0,0,0
20020926,40014,EGND',OTC,0.03,0.03,0,0,Elgrande.com Inc,0,0,0
20020927,40014,EGND',OTC,0.03,0.03,5,0,Elgrande.com Inc,0,0,0
20020930,40014,EGND',OTC,0.03,0.03,39,0,Elgrande.com Inc,0,0,0
20021001,40014,EGND',OTC,0.03,0.03,0,0,Elgrande.com Inc,0,0,0
20021002,40014,EGND',OTC,0.03,0.03,0,0,Elgrande.com Inc,0,0,0
20021003,40014,EGND',OTC,0.03,0.03,22,0,Elgrande.com Inc,0,0,0
20021004,40014,EGND',OTC,0.03,0.03,0,0,Elgrande.com Inc,0,0,0
20021007,40014,EGND',OTC,0.03,0.03,616,0,Elgrande.com Inc,0,0,0
20021008,40014,EGND',OTC,0.03,0.03,100,0,Elgrande.com Inc,0,0,0
20021009,40014,EGND',OTC,0.02,0.02,770,0,Elgrande.com Inc,0,0,0
