DDate,CSINumber,Symbol,Exchange,DClose,UnAdjustedClose,TotalVolume,Cash,MarketName,PTB,PSR,DPS
19990112,40954,PFOH',OTC,22.46064494,23.75,63,0,Perpetual Federal Savings Bank,0,0,0
19990113,40954,PFOH',OTC,23.52457023,24.875,17,0,Perpetual Federal Savings Bank,0,0,0
19990114,40954,PFOH',OTC,23.52457023,24.875,0,0,Perpetual Federal Savings Bank,0,0,0
19990115,40954,PFOH',OTC,23.52457023,24.875,0,0,Perpetual Federal Savings Bank,0,0,0
19990119,40954,PFOH',OTC,23.52457023,24.875,0,0,Perpetual Federal Savings Bank,0,0,0
19990120,40954,PFOH',OTC,22.69707278,24,2,0,Perpetual Federal Savings Bank,0,0,0
19990121,40954,PFOH',OTC,22.69707278,24,0,0,Perpetual Federal Savings Bank,0,0,0
19990122,40954,PFOH',OTC,22.69707278,24,0,0,Perpetual Federal Savings Bank,0,0,0
19990125,40954,PFOH',OTC,22.69707278,24,0,0,Perpetual Federal Savings Bank,0,0,0
19990126,40954,PFOH',OTC,21.86957533,23.125,3,0,Perpetual Federal Savings Bank,0,0,0
19990127,40954,PFOH',OTC,21.86957533,23.125,0,0,Perpetual Federal Savings Bank,0,0,0
19990128,40954,PFOH',OTC,21.86957533,23.125,0,0,Perpetual Federal Savings Bank,0,0,0
19990129,40954,PFOH',OTC,21.86957533,23.125,0,0,Perpetual Federal Savings Bank,0,0,0
19990201,40954,PFOH',OTC,21.86957533,23.125,0,0,Perpetual Federal Savings Bank,0,0,0
19990202,40954,PFOH',OTC,21.86957533,23.125,0,0,Perpetual Federal Savings Bank,0,0,0
19990203,40954,PFOH',OTC,21.86957533,23.125,0,0,Perpetual Federal Savings Bank,0,0,0
19990204,40954,PFOH',OTC,21.98778926,23.25,42,0,Perpetual Federal Savings Bank,0,0,0
19990205,40954,PFOH',OTC,22.57885886,23.875,49,0,Perpetual Federal Savings Bank,0,0,0
19990208,40954,PFOH',OTC,22.57885886,23.875,0,0,Perpetual Federal Savings Bank,0,0,0
19990209,40954,PFOH',OTC,22.69707278,24,18,0,Perpetual Federal Savings Bank,0,0,0
19990210,40954,PFOH',OTC,22.69707278,24,0,0,Perpetual Federal Savings Bank,0,0,0
19990211,40954,PFOH',OTC,22.69707278,24,13,0,Perpetual Federal Savings Bank,0,0,0
19990212,40954,PFOH',OTC,22.69707278,24,0,0,Perpetual Federal Savings Bank,0,0,0
19990216,40954,PFOH',OTC,22.2242171,23.5,4,0,Perpetual Federal Savings Bank,0,0,0
19990217,40954,PFOH',OTC,22.2242171,23.5,0,0,Perpetual Federal Savings Bank,0,0,0
19990218,40954,PFOH',OTC,22.2242171,23.5,0,0,Perpetual Federal Savings Bank,0,0,0
19990219,40954,PFOH',OTC,22.2242171,23.5,0,0,Perpetual Federal Savings Bank,0,0,0
19990222,40954,PFOH',OTC,22.2242171,23.5,0,0,Perpetual Federal Savings Bank,0,0,0
19990223,40954,PFOH',OTC,23.16992846,24.5,2,0,Perpetual Federal Savings Bank,0,0,0
19990224,40954,PFOH',OTC,21.98778926,23.25,2,0,Perpetual Federal Savings Bank,0,0,0
19990225,40954,PFOH',OTC,21.98778926,23.25,38,0,Perpetual Federal Savings Bank,0,0,0
19990226,40954,PFOH',OTC,23.64278415,25,58,0,Perpetual Federal Savings Bank,0,0,0
19990301,40954,PFOH',OTC,23.64278415,25,0,0,Perpetual Federal Savings Bank,0,0,0
19990302,40954,PFOH',OTC,23.64278415,25,0,0,Perpetual Federal Savings Bank,0,0,0
19990303,40954,PFOH',OTC,24.11563983,25.5,88,0,Perpetual Federal Savings Bank,0,0,0
19990304,40954,PFOH',OTC,23.64278415,25,20,0,Perpetual Federal Savings Bank,0,0,0
19990305,40954,PFOH',OTC,21.86957533,23.125,107,0,Perpetual Federal Savings Bank,0,0,0
19990308,40954,PFOH',OTC,21.86957533,23.125,0,0,Perpetual Federal Savings Bank,0,0,0
19990309,40954,PFOH',OTC,23.64278415,25,108,0,Perpetual Federal Savings Bank,0,0,0
19990310,40954,PFOH',OTC,23.64278415,25,3,0,Perpetual Federal Savings Bank,0,0,0
19990311,40954,PFOH',OTC,22.46064494,23.75,12,0,Perpetual Federal Savings Bank,0,0,0
19990312,40954,PFOH',OTC,22.93350062,24.25,1,0,Perpetual Federal Savings Bank,0,0,0
19990315,40954,PFOH',OTC,23.64278415,25,5,0,Perpetual Federal Savings Bank,0,0,0
19990316,40954,PFOH',OTC,23.64278415,25,1,0,Perpetual Federal Savings Bank,0,0,0
19990317,40954,PFOH',OTC,23.64278415,25,0,0,Perpetual Federal Savings Bank,0,0,0
19990318,40954,PFOH',OTC,23.64278415,25,0,0,Perpetual Federal Savings Bank,0,0,0
19990319,40954,PFOH',OTC,21.75136141,23,4,0,Perpetual Federal Savings Bank,0,0,0
19990322,40954,PFOH',OTC,23.28814238,24.625,39,0,Perpetual Federal Savings Bank,0,0,0
19990323,40954,PFOH',OTC,23.28814238,24.625,0,0,Perpetual Federal Savings Bank,0,0,0
19990324,40954,PFOH',OTC,23.28814238,24.625,0,0,Perpetual Federal Savings Bank,0,0,0
19990325,40954,PFOH',OTC,23.28814238,24.625,0,0,Perpetual Federal Savings Bank,0,0,0
19990326,40954,PFOH',OTC,22.46064494,23.75,5,0,Perpetual Federal Savings Bank,0,0,0
19990329,40954,PFOH',OTC,21.75136141,23,11,0,Perpetual Federal Savings Bank,0,0,0
19990330,40954,PFOH',OTC,21.75136141,23,0,0,Perpetual Federal Savings Bank,0,0,0
19990331,40954,PFOH',OTC,21.75136141,23,0,0,Perpetual Federal Savings Bank,0,0,0
19990401,40954,PFOH',OTC,21.75136141,23,0,0,Perpetual Federal Savings Bank,0,0,0
19990405,40954,PFOH',OTC,21.75136141,23,0,0,Perpetual Federal Savings Bank,0,0,0
19990406,40954,PFOH',OTC,21.75136141,23,0,0,Perpetual Federal Savings Bank,0,0,0
19990407,40954,PFOH',OTC,21.75136141,23,0,0,Perpetual Federal Savings Bank,0,0,0
19990408,40954,PFOH',OTC,21.75136141,23,2,0,Perpetual Federal Savings Bank,0,0,0
19990409,40954,PFOH',OTC,21.75136141,23,4,0,Perpetual Federal Savings Bank,0,0,0
19990412,40954,PFOH',OTC,22.2242171,23.5,32,0,Perpetual Federal Savings Bank,0,0,0
19990413,40954,PFOH',OTC,22.2242171,23.5,0,0,Perpetual Federal Savings Bank,0,0,0
19990414,40954,PFOH',OTC,21.75136141,23,63,0,Perpetual Federal Savings Bank,0,0,0
19990415,40954,PFOH',OTC,21.27850573,22.5,24,0,Perpetual Federal Savings Bank,0,0,0
19990416,40954,PFOH',OTC,21.27850573,22.5,4,0,Perpetual Federal Savings Bank,0,0,0
19990419,40954,PFOH',OTC,21.27850573,22.5,0,0,Perpetual Federal Savings Bank,0,0,0
19990420,40954,PFOH',OTC,21.51493357,22.75,7,0,Perpetual Federal Savings Bank,0,0,0
19990421,40954,PFOH',OTC,22.2242171,23.5,1,0,Perpetual Federal Savings Bank,0,0,0
19990422,40954,PFOH',OTC,22.2242171,23.5,2,0,Perpetual Federal Savings Bank,0,0,0
19990423,40954,PFOH',OTC,21.86957533,23.125,8,0,Perpetual Federal Savings Bank,0,0,0
19990426,40954,PFOH',OTC,21.27850573,22.5,4,0,Perpetual Federal Savings Bank,0,0,0
19990427,40954,PFOH',OTC,22.2242171,23.5,6,0,Perpetual Federal Savings Bank,0,0,0
19990428,40954,PFOH',OTC,21.27850573,22.5,33,0,Perpetual Federal Savings Bank,0,0,0
19990429,40954,PFOH',OTC,22.2242171,23.5,17,0,Perpetual Federal Savings Bank,0,0,0
19990430,40954,PFOH',OTC,22.2242171,23.5,19,0,Perpetual Federal Savings Bank,0,0,0
19990503,40954,PFOH',OTC,22.2242171,23.5,2,0,Perpetual Federal Savings Bank,0,0,0
19990504,40954,PFOH',OTC,21.86957533,23.125,1,0,Perpetual Federal Savings Bank,0,0,0
19990505,40954,PFOH',OTC,21.39671965,22.625,21,0,Perpetual Federal Savings Bank,0,0,0
19990506,40954,PFOH',OTC,21.98778926,23.25,16,0,Perpetual Federal Savings Bank,0,0,0
19990507,40954,PFOH',OTC,21.98778926,23.25,0,0,Perpetual Federal Savings Bank,0,0,0
19990510,40954,PFOH',OTC,21.27850573,22.5,37,0,Perpetual Federal Savings Bank,0,0,0
19990511,40954,PFOH',OTC,21.98778926,23.25,42,0,Perpetual Federal Savings Bank,0,0,0
19990512,40954,PFOH',OTC,21.98778926,23.25,0,0,Perpetual Federal Savings Bank,0,0,0
19990513,40954,PFOH',OTC,21.98778926,23.25,0,0,Perpetual Federal Savings Bank,0,0,0
19990514,40954,PFOH',OTC,21.98778926,23.25,0,0,Perpetual Federal Savings Bank,0,0,0
19990517,40954,PFOH',OTC,21.98778926,23.25,2,0,Perpetual Federal Savings Bank,0,0,0
19990518,40954,PFOH',OTC,21.27850573,22.5,2,0,Perpetual Federal Savings Bank,0,0,0
19990519,40954,PFOH',OTC,21.27850573,22.5,0,0,Perpetual Federal Savings Bank,0,0,0
19990520,40954,PFOH',OTC,21.27850573,22.5,0,0,Perpetual Federal Savings Bank,0,0,0
19990521,40954,PFOH',OTC,21.27850573,22.5,0,0,Perpetual Federal Savings Bank,0,0,0
19990524,40954,PFOH',OTC,21.27850573,22.5,1,0,Perpetual Federal Savings Bank,0,0,0
19990525,40954,PFOH',OTC,21.27850573,22.5,0,0,Perpetual Federal Savings Bank,0,0,0
19990526,40954,PFOH',OTC,21.27850573,22.5,0,0,Perpetual Federal Savings Bank,0,0,0
19990527,40954,PFOH',OTC,20.80565005,22,7,0,Perpetual Federal Savings Bank,0,0,0
19990528,40954,PFOH',OTC,20.80565005,22,0,0,Perpetual Federal Savings Bank,0,0,0
19990601,40954,PFOH',OTC,20.80565005,22,0,0,Perpetual Federal Savings Bank,0,0,0
19990602,40954,PFOH',OTC,21.75136141,23,2,0,Perpetual Federal Savings Bank,0,0,0
19990603,40954,PFOH',OTC,21.04207789,22.25,11,0,Perpetual Federal Savings Bank,0,0,0
19990604,40954,PFOH',OTC,21.75136141,23,10,0,Perpetual Federal Savings Bank,0,0,0
19990607,40954,PFOH',OTC,21.75136141,23,6,0,Perpetual Federal Savings Bank,0,0,0
19990608,40954,PFOH',OTC,20.80565005,22,43,0,Perpetual Federal Savings Bank,0,0,0
19990609,40954,PFOH',OTC,21.04207789,22.25,3,0,Perpetual Federal Savings Bank,0,0,0
19990610,40954,PFOH',OTC,21.04207789,22.25,74,0,Perpetual Federal Savings Bank,0,0,0
19990611,40954,PFOH',OTC,21.27850573,22.5,11,0,Perpetual Federal Savings Bank,0,0,0
19990614,40954,PFOH',OTC,21.27850573,22.5,0,0,Perpetual Federal Savings Bank,0,0,0
19990615,40954,PFOH',OTC,20.80565005,22,4,0,Perpetual Federal Savings Bank,0,0,0
19990616,40954,PFOH',OTC,21.27850573,22.5,106,0,Perpetual Federal Savings Bank,0,0,0
19990617,40954,PFOH',OTC,21.75136141,23,89,0,Perpetual Federal Savings Bank,0,0,0
19990618,40954,PFOH',OTC,20.80565005,22,133,0,Perpetual Federal Savings Bank,0,0,0
19990621,40954,PFOH',OTC,21.75136141,23,141,0,Perpetual Federal Savings Bank,0,0,0
19990622,40954,PFOH',OTC,21.04207789,22.25,4,0,Perpetual Federal Savings Bank,0,0,0
19990623,40954,PFOH',OTC,21.04207789,22.25,12,0,Perpetual Federal Savings Bank,0,0,0
19990624,40954,PFOH',OTC,21.04207789,22.25,0,0,Perpetual Federal Savings Bank,0,0,0
19990625,40954,PFOH',OTC,21.75136141,23,4,0,Perpetual Federal Savings Bank,0,0,0
19990628,40954,PFOH',OTC,20.80565005,22,53,0,Perpetual Federal Savings Bank,0,0,0
19990629,40954,PFOH',OTC,21.75136141,23,54,0,Perpetual Federal Savings Bank,0,0,0
19990630,40954,PFOH',OTC,21.75136141,23,0,0,Perpetual Federal Savings Bank,0,0,0
19990701,40954,PFOH',OTC,21.75136141,23,0,0,Perpetual Federal Savings Bank,0,0,0
19990702,40954,PFOH',OTC,20.80565005,22,53,0,Perpetual Federal Savings Bank,0,0,0
19990706,40954,PFOH',OTC,21.75136141,23,42,0,Perpetual Federal Savings Bank,0,0,0
19990707,40954,PFOH',OTC,20.80565005,22,8,0,Perpetual Federal Savings Bank,0,0,0
19990708,40954,PFOH',OTC,20.74654309,21.9375,53,0,Perpetual Federal Savings Bank,0,0,0
19990709,40954,PFOH',OTC,20.74654309,21.9375,0,0,Perpetual Federal Savings Bank,0,0,0
19990712,40954,PFOH',OTC,20.80565005,22,63,0,Perpetual Federal Savings Bank,0,0,0
19990713,40954,PFOH',OTC,21.75136141,23,53,0,Perpetual Federal Savings Bank,0,0,0
19990714,40954,PFOH',OTC,21.75136141,23,0,0,Perpetual Federal Savings Bank,0,0,0
19990715,40954,PFOH',OTC,21.75136141,23,0,0,Perpetual Federal Savings Bank,0,0,0
19990716,40954,PFOH',OTC,21.75136141,23,0,0,Perpetual Federal Savings Bank,0,0,0
19990719,40954,PFOH',OTC,21.75136141,23,0,0,Perpetual Federal Savings Bank,0,0,0
19990720,40954,PFOH',OTC,21.75136141,23,0,0,Perpetual Federal Savings Bank,0,0,0
19990721,40954,PFOH',OTC,21.75136141,23,0,0,Perpetual Federal Savings Bank,0,0,0
19990722,40954,PFOH',OTC,21.27850573,22.5,7,0,Perpetual Federal Savings Bank,0,0,0
19990723,40954,PFOH',OTC,20.80565005,22,8,0,Perpetual Federal Savings Bank,0,0,0
19990726,40954,PFOH',OTC,20.80565005,22,0,0,Perpetual Federal Savings Bank,0,0,0
19990727,40954,PFOH',OTC,21.27850573,22.5,5,0,Perpetual Federal Savings Bank,0,0,0
19990728,40954,PFOH',OTC,21.27850573,22.5,0,0,Perpetual Federal Savings Bank,0,0,0
19990729,40954,PFOH',OTC,20.68743613,21.875,11,0,Perpetual Federal Savings Bank,0,0,0
19990730,40954,PFOH',OTC,20.33279437,21.5,4,0,Perpetual Federal Savings Bank,0,0,0
19990802,40954,PFOH',OTC,20.33279437,21.5,0,0,Perpetual Federal Savings Bank,0,0,0
19990803,40954,PFOH',OTC,21.27850573,22.5,10,0,Perpetual Federal Savings Bank,0,0,0
19990804,40954,PFOH',OTC,21.27850573,22.5,0,0,Perpetual Federal Savings Bank,0,0,0
19990805,40954,PFOH',OTC,21.27850573,22.5,0,0,Perpetual Federal Savings Bank,0,0,0
19990806,40954,PFOH',OTC,21.27850573,22.5,0,0,Perpetual Federal Savings Bank,0,0,0
19990809,40954,PFOH',OTC,20.68743613,21.875,4,0,Perpetual Federal Savings Bank,0,0,0
19990810,40954,PFOH',OTC,20.68743613,21.875,0,0,Perpetual Federal Savings Bank,0,0,0
19990811,40954,PFOH',OTC,20.68743613,21.875,0,0,Perpetual Federal Savings Bank,0,0,0
19990812,40954,PFOH',OTC,20.68743613,21.875,0,0,Perpetual Federal Savings Bank,0,0,0
19990813,40954,PFOH',OTC,20.68743613,21.875,0,0,Perpetual Federal Savings Bank,0,0,0
19990816,40954,PFOH',OTC,20.68743613,21.875,0,0,Perpetual Federal Savings Bank,0,0,0
19990817,40954,PFOH',OTC,20.68743613,21.875,0,0,Perpetual Federal Savings Bank,0,0,0
19990818,40954,PFOH',OTC,20.33279437,21.5,49,0,Perpetual Federal Savings Bank,0,0,0
19990819,40954,PFOH',OTC,20.33279437,21.5,0,0,Perpetual Federal Savings Bank,0,0,0
19990820,40954,PFOH',OTC,20.33279437,21.5,0,0,Perpetual Federal Savings Bank,0,0,0
19990823,40954,PFOH',OTC,20.33279437,21.5,0,0,Perpetual Federal Savings Bank,0,0,0
19990824,40954,PFOH',OTC,20.33279437,21.5,0,0,Perpetual Federal Savings Bank,0,0,0
19990825,40954,PFOH',OTC,20.33279437,21.5,0,0,Perpetual Federal Savings Bank,0,0,0
19990826,40954,PFOH',OTC,20.33279437,21.5,0,0,Perpetual Federal Savings Bank,0,0,0
19990827,40954,PFOH',OTC,20.33279437,21.5,1,0,Perpetual Federal Savings Bank,0,0,0
19990830,40954,PFOH',OTC,20.33279437,21.5,0,0,Perpetual Federal Savings Bank,0,0,0
19990831,40954,PFOH',OTC,20.33279437,21.5,0,0,Perpetual Federal Savings Bank,0,0,0
19990901,40954,PFOH',OTC,20.33279437,21.5,0,0,Perpetual Federal Savings Bank,0,0,0
19990902,40954,PFOH',OTC,20.33279437,21.5,0,0,Perpetual Federal Savings Bank,0,0,0
19990903,40954,PFOH',OTC,20.33279437,21.5,0,0,Perpetual Federal Savings Bank,0,0,0
19990907,40954,PFOH',OTC,20.09636652,21.25,4,0,Perpetual Federal Savings Bank,0,0,0
19990908,40954,PFOH',OTC,20.09636652,21.25,0,0,Perpetual Federal Savings Bank,0,0,0
19990909,40954,PFOH',OTC,20.09636652,21.25,0,0,Perpetual Federal Savings Bank,0,0,0
19990910,40954,PFOH',OTC,20.09636652,21.25,0,0,Perpetual Federal Savings Bank,0,0,0
19990913,40954,PFOH',OTC,20.09636652,21.25,0,0,Perpetual Federal Savings Bank,0,0,0
19990914,40954,PFOH',OTC,20.09636652,21.25,2,0,Perpetual Federal Savings Bank,0,0,0
19990915,40954,PFOH',OTC,20.09636652,21.25,11,0,Perpetual Federal Savings Bank,0,0,0
19990916,40954,PFOH',OTC,19.85993868,21,21,0,Perpetual Federal Savings Bank,0,0,0
19990917,40954,PFOH',OTC,19.387083,20.5,8,0,Perpetual Federal Savings Bank,0,0,0
19990920,40954,PFOH',OTC,19.387083,20.5,2,0,Perpetual Federal Savings Bank,0,0,0
19990921,40954,PFOH',OTC,19.387083,20.5,0,0,Perpetual Federal Savings Bank,0,0,0
19990922,40954,PFOH',OTC,19.387083,20.5,0,0,Perpetual Federal Savings Bank,0,0,0
19990923,40954,PFOH',OTC,19.387083,20.5,0,0,Perpetual Federal Savings Bank,0,0,0
19990924,40954,PFOH',OTC,20.56922221,21.75,3,0,Perpetual Federal Savings Bank,0,0,0
19990927,40954,PFOH',OTC,18.91422732,20,21,0,Perpetual Federal Savings Bank,0,0,0
19990928,40954,PFOH',OTC,18.91422732,20,0,0,Perpetual Federal Savings Bank,0,0,0
19990929,40954,PFOH',OTC,18.91422732,20,0,0,Perpetual Federal Savings Bank,0,0,0
19990930,40954,PFOH',OTC,18.91422732,20,0,0,Perpetual Federal Savings Bank,0,0,0
19991001,40954,PFOH',OTC,18.91422732,20,0,0,Perpetual Federal Savings Bank,0,0,0
19991004,40954,PFOH',OTC,18.91422732,20,0,0,Perpetual Federal Savings Bank,0,0,0
19991005,40954,PFOH',OTC,18.91422732,20,0,0,Perpetual Federal Savings Bank,0,0,0
19991006,40954,PFOH',OTC,18.44137163,19.5,42,0,Perpetual Federal Savings Bank,0,0,0
19991007,40954,PFOH',OTC,20.09636652,21.25,3,0,Perpetual Federal Savings Bank,0,0,0
19991008,40954,PFOH',OTC,20.09636652,21.25,0,0,Perpetual Federal Savings Bank,0,0,0
19991011,40954,PFOH',OTC,20.09636652,21.25,0,0,Perpetual Federal Savings Bank,0,0,0
19991012,40954,PFOH',OTC,20.09636652,21.25,0,0,Perpetual Federal Savings Bank,0,0,0
19991013,40954,PFOH',OTC,20.09636652,21.25,0,0,Perpetual Federal Savings Bank,0,0,0
19991014,40954,PFOH',OTC,20.09636652,21.25,0,0,Perpetual Federal Savings Bank,0,0,0
19991015,40954,PFOH',OTC,19.387083,20.5,10,0,Perpetual Federal Savings Bank,0,0,0
19991018,40954,PFOH',OTC,19.387083,20.5,0,0,Perpetual Federal Savings Bank,0,0,0
19991019,40954,PFOH',OTC,18.32315771,19.375,2,0,Perpetual Federal Savings Bank,0,0,0
19991020,40954,PFOH',OTC,18.44137163,19.5,8,0,Perpetual Federal Savings Bank,0,0,0
19991021,40954,PFOH',OTC,18.44137163,19.5,0,0,Perpetual Federal Savings Bank,0,0,0
19991022,40954,PFOH',OTC,18.44137163,19.5,0,0,Perpetual Federal Savings Bank,0,0,0
19991025,40954,PFOH',OTC,18.44137163,19.5,0,0,Perpetual Federal Savings Bank,0,0,0
19991026,40954,PFOH',OTC,18.44137163,19.5,60,0,Perpetual Federal Savings Bank,0,0,0
19991027,40954,PFOH',OTC,18.44137163,19.5,0,0,Perpetual Federal Savings Bank,0,0,0
19991028,40954,PFOH',OTC,17.96851595,19,11,0,Perpetual Federal Savings Bank,0,0,0
19991029,40954,PFOH',OTC,17.96851595,19,0,0,Perpetual Federal Savings Bank,0,0,0
19991101,40954,PFOH',OTC,18.44137163,19.5,32,0,Perpetual Federal Savings Bank,0,0,0
19991102,40954,PFOH',OTC,18.44137163,19.5,0,0,Perpetual Federal Savings Bank,0,0,0
19991103,40954,PFOH',OTC,18.44137163,19.5,25,0,Perpetual Federal Savings Bank,0,0,0
19991104,40954,PFOH',OTC,19.03244124,20.125,25,0,Perpetual Federal Savings Bank,0,0,0
19991105,40954,PFOH',OTC,19.387083,20.5,11,0,Perpetual Federal Savings Bank,0,0,0
19991108,40954,PFOH',OTC,18.7960134,19.875,18,0,Perpetual Federal Savings Bank,0,0,0
19991109,40954,PFOH',OTC,19.62351084,20.75,8,0,Perpetual Federal Savings Bank,0,0,0
19991110,40954,PFOH',OTC,19.62351084,20.75,0,0,Perpetual Federal Savings Bank,0,0,0
19991111,40954,PFOH',OTC,18.67779948,19.75,22,0,Perpetual Federal Savings Bank,0,0,0
19991112,40954,PFOH',OTC,18.67779948,19.75,0,0,Perpetual Federal Savings Bank,0,0,0
19991115,40954,PFOH',OTC,18.67779948,19.75,20,0,Perpetual Federal Savings Bank,0,0,0
19991116,40954,PFOH',OTC,18.20494379,19.25,38,0,Perpetual Federal Savings Bank,0,0,0
19991117,40954,PFOH',OTC,17.14101851,18.125,34,0,Perpetual Federal Savings Bank,0,0,0
19991118,40954,PFOH',OTC,17.49566027,18.5,26,0,Perpetual Federal Savings Bank,0,0,0
19991119,40954,PFOH',OTC,18.20494379,19.25,10,0,Perpetual Federal Savings Bank,0,0,0
19991122,40954,PFOH',OTC,17.02280459,18,7,0,Perpetual Federal Savings Bank,0,0,0
19991123,40954,PFOH',OTC,17.02280459,18,0,0,Perpetual Federal Savings Bank,0,0,0
19991124,40954,PFOH',OTC,16.5499489,17.5,11,0,Perpetual Federal Savings Bank,0,0,0
19991126,40954,PFOH',OTC,16.5499489,17.5,0,0,Perpetual Federal Savings Bank,0,0,0
19991129,40954,PFOH',OTC,17.49566027,18.5,11,0,Perpetual Federal Savings Bank,0,0,0
19991130,40954,PFOH',OTC,17.49566027,18.5,0,0,Perpetual Federal Savings Bank,0,0,0
19991201,40954,PFOH',OTC,16.5499489,17.5,2,0,Perpetual Federal Savings Bank,0,0,0
19991202,40954,PFOH',OTC,16.5499489,17.5,0,0,Perpetual Federal Savings Bank,0,0,0
19991203,40954,PFOH',OTC,16.66816282,17.625,70,0,Perpetual Federal Savings Bank,0,0,0
19991206,40954,PFOH',OTC,16.31352106,17.25,74,0,Perpetual Federal Savings Bank,0,0,0
19991207,40954,PFOH',OTC,16.31352106,17.25,0,0,Perpetual Federal Savings Bank,0,0,0
19991208,40954,PFOH',OTC,16.31352106,17.25,21,0,Perpetual Federal Savings Bank,0,0,0
19991209,40954,PFOH',OTC,17.02280459,18,31,0,Perpetual Federal Savings Bank,0,0,0
19991210,40954,PFOH',OTC,16.43173498,17.375,5,0,Perpetual Federal Savings Bank,0,0,0
19991213,40954,PFOH',OTC,16.31352106,17.25,6,0,Perpetual Federal Savings Bank,0,0,0
19991214,40954,PFOH',OTC,16.31352106,17.25,0,0,Perpetual Federal Savings Bank,0,0,0
19991215,40954,PFOH',OTC,16.31352106,17.25,0,0,Perpetual Federal Savings Bank,0,0,0
19991216,40954,PFOH',OTC,16.31352106,17.25,13,0,Perpetual Federal Savings Bank,0,0,0
19991217,40954,PFOH',OTC,16.31352106,17.25,0,0,Perpetual Federal Savings Bank,0,0,0
19991220,40954,PFOH',OTC,16.31352106,17.25,0,0,Perpetual Federal Savings Bank,0,0,0
19991221,40954,PFOH',OTC,17.37744635,18.375,33,0,Perpetual Federal Savings Bank,0,0,0
19991222,40954,PFOH',OTC,17.37744635,18.375,0,0,Perpetual Federal Savings Bank,0,0,0
19991223,40954,PFOH',OTC,17.37744635,18.375,0,0,Perpetual Federal Savings Bank,0,0,0
19991227,40954,PFOH',OTC,17.37744635,18.375,0,0,Perpetual Federal Savings Bank,0,0,0
19991228,40954,PFOH',OTC,16.66816282,17.625,11,0,Perpetual Federal Savings Bank,0,0,0
19991229,40954,PFOH',OTC,17.37744635,18.375,4,0,Perpetual Federal Savings Bank,0,0,0
19991230,40954,PFOH',OTC,17.37744635,18.375,0,0,Perpetual Federal Savings Bank,0,0,0
19991231,40954,PFOH',OTC,16.78637674,17.75,34,0,Perpetual Federal Savings Bank,0,0,0
20000103,40954,PFOH',OTC,16.78637674,17.75,0,0,Perpetual Federal Savings Bank,0,0,0
20000104,40954,PFOH',OTC,16.78637674,17.75,0,0,Perpetual Federal Savings Bank,0,0,0
20000105,40954,PFOH',OTC,16.78637674,17.75,0,0,Perpetual Federal Savings Bank,0,0,0
20000106,40954,PFOH',OTC,16.78637674,17.75,0,0,Perpetual Federal Savings Bank,0,0,0
20000107,40954,PFOH',OTC,17.02280459,18,40,0,Perpetual Federal Savings Bank,0,0,0
20000110,40954,PFOH',OTC,17.02280459,18,0,0,Perpetual Federal Savings Bank,0,0,0
20000111,40954,PFOH',OTC,16.66816282,17.625,6,0,Perpetual Federal Savings Bank,0,0,0
20000112,40954,PFOH',OTC,16.66816282,17.625,11,0,Perpetual Federal Savings Bank,0,0,0
20000113,40954,PFOH',OTC,16.66816282,17.625,0,0,Perpetual Federal Savings Bank,0,0,0
20000114,40954,PFOH',OTC,16.66816282,17.625,0,0,Perpetual Federal Savings Bank,0,0,0
20000118,40954,PFOH',OTC,16.66816282,17.625,0,0,Perpetual Federal Savings Bank,0,0,0
20000119,40954,PFOH',OTC,15.84066538,16.75,10,0,Perpetual Federal Savings Bank,0,0,0
20000120,40954,PFOH',OTC,16.31352106,17.25,6,0,Perpetual Federal Savings Bank,0,0,0
20000121,40954,PFOH',OTC,15.6633445,16.5625,5,0,Perpetual Federal Savings Bank,0,0,0
20000124,40954,PFOH',OTC,13.83102873,14.625,112,0,Perpetual Federal Savings Bank,0,0,0
20000125,40954,PFOH',OTC,14.18567049,15,21,0,Perpetual Federal Savings Bank,0,0,0
20000126,40954,PFOH',OTC,14.42209833,15.25,45,0,Perpetual Federal Savings Bank,0,0,0
20000127,40954,PFOH',OTC,13.83102873,14.625,7,0,Perpetual Federal Savings Bank,0,0,0
20000128,40954,PFOH',OTC,13.83102873,14.625,8,0,Perpetual Federal Savings Bank,0,0,0
20000131,40954,PFOH',OTC,16.07709322,17,21,0,Perpetual Federal Savings Bank,0,0,0
20000201,40954,PFOH',OTC,16.07709322,17,0,0,Perpetual Federal Savings Bank,0,0,0
20000202,40954,PFOH',OTC,14.18567049,15,3,0,Perpetual Federal Savings Bank,0,0,0
20000203,40954,PFOH',OTC,13.83102873,14.625,1,0,Perpetual Federal Savings Bank,0,0,0
20000204,40954,PFOH',OTC,15.9588793,16.875,25,0,Perpetual Federal Savings Bank,0,0,0
20000207,40954,PFOH',OTC,14.65852617,15.5,2,0,Perpetual Federal Savings Bank,0,0,0
20000208,40954,PFOH',OTC,13.94924265,14.75,21,0,Perpetual Federal Savings Bank,0,0,0
20000209,40954,PFOH',OTC,15.60423754,16.5,1,0,Perpetual Federal Savings Bank,0,0,0
20000210,40954,PFOH',OTC,14.18567049,15,6,0,Perpetual Federal Savings Bank,0,0,0
20000211,40954,PFOH',OTC,14.65852617,15.5,21,0,Perpetual Federal Savings Bank,0,0,0
20000214,40954,PFOH',OTC,14.65852617,15.5,0,0,Perpetual Federal Savings Bank,0,0,0
20000215,40954,PFOH',OTC,14.65852617,15.5,0,0,Perpetual Federal Savings Bank,0,0,0
20000216,40954,PFOH',OTC,14.65852617,15.5,0,0,Perpetual Federal Savings Bank,0,0,0
20000217,40954,PFOH',OTC,14.65852617,15.5,0,0,Perpetual Federal Savings Bank,0,0,0
20000218,40954,PFOH',OTC,14.65852617,15.5,0,0,Perpetual Federal Savings Bank,0,0,0
20000222,40954,PFOH',OTC,14.65852617,15.5,0,0,Perpetual Federal Savings Bank,0,0,0
20000223,40954,PFOH',OTC,14.65852617,15.5,0,0,Perpetual Federal Savings Bank,0,0,0
20000224,40954,PFOH',OTC,14.65852617,15.5,0,0,Perpetual Federal Savings Bank,0,0,0
20000225,40954,PFOH',OTC,14.65852617,15.5,0,0,Perpetual Federal Savings Bank,0,0,0
20000228,40954,PFOH',OTC,14.18567049,15,19,0,Perpetual Federal Savings Bank,0,0,0
20000229,40954,PFOH',OTC,14.18567049,15,0,0,Perpetual Federal Savings Bank,0,0,0
20000301,40954,PFOH',OTC,13.83102873,14.625,6,0,Perpetual Federal Savings Bank,0,0,0
20000302,40954,PFOH',OTC,13.83102873,14.625,0,0,Perpetual Federal Savings Bank,0,0,0
20000303,40954,PFOH',OTC,13.83102873,14.625,0,0,Perpetual Federal Savings Bank,0,0,0
20000306,40954,PFOH',OTC,13.83102873,14.625,0,0,Perpetual Federal Savings Bank,0,0,0
20000307,40954,PFOH',OTC,14.65852617,15.5,2,0,Perpetual Federal Savings Bank,0,0,0
20000308,40954,PFOH',OTC,14.65852617,15.5,0,0,Perpetual Federal Savings Bank,0,0,0
20000309,40954,PFOH',OTC,13.83102873,14.625,2,0,Perpetual Federal Savings Bank,0,0,0
20000310,40954,PFOH',OTC,13.83102873,14.625,0,0,Perpetual Federal Savings Bank,0,0,0
20000313,40954,PFOH',OTC,13.83102873,14.625,0,0,Perpetual Federal Savings Bank,0,0,0
20000314,40954,PFOH',OTC,13.83102873,14.625,0,0,Perpetual Federal Savings Bank,0,0,0
20000315,40954,PFOH',OTC,15.60423754,16.5,10,0,Perpetual Federal Savings Bank,0,0,0
20000316,40954,PFOH',OTC,14.18567049,15,33,0,Perpetual Federal Savings Bank,0,0,0
20000317,40954,PFOH',OTC,15.60423754,16.5,20,0,Perpetual Federal Savings Bank,0,0,0
20000320,40954,PFOH',OTC,15.60423754,16.5,0,0,Perpetual Federal Savings Bank,0,0,0
20000321,40954,PFOH',OTC,13.83102873,14.625,5,0,Perpetual Federal Savings Bank,0,0,0
20000322,40954,PFOH',OTC,13.83102873,14.625,47,0,Perpetual Federal Savings Bank,0,0,0
20000323,40954,PFOH',OTC,15.13138185,16,29,0,Perpetual Federal Savings Bank,0,0,0
20000324,40954,PFOH',OTC,15.13138185,16,0,0,Perpetual Federal Savings Bank,0,0,0
20000327,40954,PFOH',OTC,15.13138185,16,0,0,Perpetual Federal Savings Bank,0,0,0
20000328,40954,PFOH',OTC,14.18567049,15,21,0,Perpetual Federal Savings Bank,0,0,0
20000329,40954,PFOH',OTC,14.18567049,15,0,0,Perpetual Federal Savings Bank,0,0,0
20000330,40954,PFOH',OTC,15.60423754,16.5,11,0,Perpetual Federal Savings Bank,0,0,0
20000331,40954,PFOH',OTC,13.83102873,14.625,6,0,Perpetual Federal Savings Bank,0,0,0
20000403,40954,PFOH',OTC,13.83102873,14.625,7,0,Perpetual Federal Savings Bank,0,0,0
20000404,40954,PFOH',OTC,13.83102873,14.625,0,0,Perpetual Federal Savings Bank,0,0,0
20000405,40954,PFOH',OTC,13.83102873,14.625,0,0,Perpetual Federal Savings Bank,0,0,0
20000406,40954,PFOH',OTC,15.60423754,16.5,26,0,Perpetual Federal Savings Bank,0,0,0
20000407,40954,PFOH',OTC,15.60423754,16.5,0,0,Perpetual Federal Savings Bank,0,0,0
20000410,40954,PFOH',OTC,15.60423754,16.5,36,0,Perpetual Federal Savings Bank,0,0,0
20000411,40954,PFOH',OTC,15.60423754,16.5,1,0,Perpetual Federal Savings Bank,0,0,0
20000412,40954,PFOH',OTC,15.60423754,16.5,0,0,Perpetual Federal Savings Bank,0,0,0
20000413,40954,PFOH',OTC,15.60423754,16.5,0,0,Perpetual Federal Savings Bank,0,0,0
20000414,40954,PFOH',OTC,15.60423754,16.5,0,0,Perpetual Federal Savings Bank,0,0,0
20000417,40954,PFOH',OTC,14.42209833,15.25,5,0,Perpetual Federal Savings Bank,0,0,0
20000418,40954,PFOH',OTC,15.60423754,16.5,5,0,Perpetual Federal Savings Bank,0,0,0
20000419,40954,PFOH',OTC,14.54031225,15.375,15,0,Perpetual Federal Savings Bank,0,0,0
20000420,40954,PFOH',OTC,15.60423754,16.5,21,0,Perpetual Federal Savings Bank,0,0,0
20000424,40954,PFOH',OTC,15.60423754,16.5,0,0,Perpetual Federal Savings Bank,0,0,0
20000425,40954,PFOH',OTC,15.60423754,16.5,0,0,Perpetual Federal Savings Bank,0,0,0
20000426,40954,PFOH',OTC,15.60423754,16.5,0,0,Perpetual Federal Savings Bank,0,0,0
20000427,40954,PFOH',OTC,15.60423754,16.5,0,0,Perpetual Federal Savings Bank,0,0,0
20000428,40954,PFOH',OTC,15.60423754,16.5,0,0,Perpetual Federal Savings Bank,0,0,0
20000501,40954,PFOH',OTC,15.60423754,16.5,0,0,Perpetual Federal Savings Bank,0,0,0
20000502,40954,PFOH',OTC,15.60423754,16.5,0,0,Perpetual Federal Savings Bank,0,0,0
20000503,40954,PFOH',OTC,15.60423754,16.5,0,0,Perpetual Federal Savings Bank,0,0,0
20000504,40954,PFOH',OTC,15.60423754,16.5,0,0,Perpetual Federal Savings Bank,0,0,0
20000505,40954,PFOH',OTC,15.60423754,16.5,0,0,Perpetual Federal Savings Bank,0,0,0
20000508,40954,PFOH',OTC,15.60423754,16.5,0,0,Perpetual Federal Savings Bank,0,0,0
20000509,40954,PFOH',OTC,15.60423754,16.5,0,0,Perpetual Federal Savings Bank,0,0,0
20000510,40954,PFOH',OTC,14.89495401,15.75,7,0,Perpetual Federal Savings Bank,0,0,0
20000511,40954,PFOH',OTC,14.89495401,15.75,0,0,Perpetual Federal Savings Bank,0,0,0
20000512,40954,PFOH',OTC,14.89495401,15.75,4,0,Perpetual Federal Savings Bank,0,0,0
20000515,40954,PFOH',OTC,15.13138185,16,2,0,Perpetual Federal Savings Bank,0,0,0
20000516,40954,PFOH',OTC,15.13138185,16,0,0,Perpetual Federal Savings Bank,0,0,0
20000517,40954,PFOH',OTC,15.13138185,16,0,0,Perpetual Federal Savings Bank,0,0,0
20000518,40954,PFOH',OTC,15.60423754,16.5,6,0,Perpetual Federal Savings Bank,0,0,0
20000519,40954,PFOH',OTC,15.60423754,16.5,0,0,Perpetual Federal Savings Bank,0,0,0
20000522,40954,PFOH',OTC,15.60423754,16.5,3,0,Perpetual Federal Savings Bank,0,0,0
20000523,40954,PFOH',OTC,15.60423754,16.5,0,0,Perpetual Federal Savings Bank,0,0,0
20000524,40954,PFOH',OTC,15.60423754,16.5,3,0,Perpetual Federal Savings Bank,0,0,0
20000525,40954,PFOH',OTC,15.60423754,16.5,0,0,Perpetual Federal Savings Bank,0,0,0
20000526,40954,PFOH',OTC,15.60423754,16.5,0,0,Perpetual Federal Savings Bank,0,0,0
20000530,40954,PFOH',OTC,15.60423754,16.5,0,0,Perpetual Federal Savings Bank,0,0,0
20000531,40954,PFOH',OTC,15.60423754,16.5,0,0,Perpetual Federal Savings Bank,0,0,0
20000601,40954,PFOH',OTC,15.60423754,16.5,0,0,Perpetual Federal Savings Bank,0,0,0
20000602,40954,PFOH',OTC,15.60423754,16.5,0,0,Perpetual Federal Savings Bank,0,0,0
20000605,40954,PFOH',OTC,14.77674009,15.625,12,0,Perpetual Federal Savings Bank,0,0,0
20000606,40954,PFOH',OTC,14.77674009,15.625,0,0,Perpetual Federal Savings Bank,0,0,0
20000607,40954,PFOH',OTC,14.77674009,15.625,0,0,Perpetual Federal Savings Bank,0,0,0
20000608,40954,PFOH',OTC,15.36780969,16.25,1,0,Perpetual Federal Savings Bank,0,0,0
20000609,40954,PFOH',OTC,15.60423754,16.5,5,0,Perpetual Federal Savings Bank,0,0,0
20000612,40954,PFOH',OTC,14.54031225,15.375,21,0,Perpetual Federal Savings Bank,0,0,0
20000613,40954,PFOH',OTC,14.54031225,15.375,0,0,Perpetual Federal Savings Bank,0,0,0
20000614,40954,PFOH',OTC,14.54031225,15.375,0,0,Perpetual Federal Savings Bank,0,0,0
20000615,40954,PFOH',OTC,14.89495401,15.75,1,0,Perpetual Federal Savings Bank,0,0,0
20000616,40954,PFOH',OTC,14.89495401,15.75,0,0,Perpetual Federal Savings Bank,0,0,0
20000619,40954,PFOH',OTC,14.89495401,15.75,0,0,Perpetual Federal Savings Bank,0,0,0
20000620,40954,PFOH',OTC,14.89495401,15.75,0,0,Perpetual Federal Savings Bank,0,0,0
20000621,40954,PFOH',OTC,14.54031225,15.375,4,0,Perpetual Federal Savings Bank,0,0,0
20000622,40954,PFOH',OTC,14.54031225,15.375,2,0,Perpetual Federal Savings Bank,0,0,0
20000623,40954,PFOH',OTC,14.30388441,15.125,4,0,Perpetual Federal Savings Bank,0,0,0
20000626,40954,PFOH',OTC,14.30388441,15.125,0,0,Perpetual Federal Savings Bank,0,0,0
20000627,40954,PFOH',OTC,14.24477745,15.0625,15,0,Perpetual Federal Savings Bank,0,0,0
20000628,40954,PFOH',OTC,14.24477745,15.0625,0,0,Perpetual Federal Savings Bank,0,0,0
20000629,40954,PFOH',OTC,14.24477745,15.0625,0,0,Perpetual Federal Savings Bank,0,0,0
20000630,40954,PFOH',OTC,14.24477745,15.0625,0,0,Perpetual Federal Savings Bank,0,0,0
20000703,40954,PFOH',OTC,14.24477745,15.0625,0,0,Perpetual Federal Savings Bank,0,0,0
20000705,40954,PFOH',OTC,14.24477745,15.0625,0,0,Perpetual Federal Savings Bank,0,0,0
20000706,40954,PFOH',OTC,14.24477745,15.0625,0,0,Perpetual Federal Savings Bank,0,0,0
20000707,40954,PFOH',OTC,13.83102873,14.625,8,0,Perpetual Federal Savings Bank,0,0,0
20000710,40954,PFOH',OTC,13.83102873,14.625,0,0,Perpetual Federal Savings Bank,0,0,0
20000711,40954,PFOH',OTC,14.65852617,15.5,5,0,Perpetual Federal Savings Bank,0,0,0
20000712,40954,PFOH',OTC,14.54031225,15.375,13,0,Perpetual Federal Savings Bank,0,0,0
20000713,40954,PFOH',OTC,14.54031225,15.375,0,0,Perpetual Federal Savings Bank,0,0,0
20000714,40954,PFOH',OTC,14.54031225,15.375,0,0,Perpetual Federal Savings Bank,0,0,0
20000717,40954,PFOH',OTC,14.54031225,15.375,0,0,Perpetual Federal Savings Bank,0,0,0
20000718,40954,PFOH',OTC,14.54031225,15.375,0,0,Perpetual Federal Savings Bank,0,0,0
20000719,40954,PFOH',OTC,14.54031225,15.375,0,0,Perpetual Federal Savings Bank,0,0,0
20000720,40954,PFOH',OTC,14.54031225,15.375,0,0,Perpetual Federal Savings Bank,0,0,0
20000721,40954,PFOH',OTC,14.65852617,15.5,1,0,Perpetual Federal Savings Bank,0,0,0
20000724,40954,PFOH',OTC,14.65852617,15.5,0,0,Perpetual Federal Savings Bank,0,0,0
20000725,40954,PFOH',OTC,14.65852617,15.5,0,0,Perpetual Federal Savings Bank,0,0,0
20000726,40954,PFOH',OTC,14.65852617,15.5,0,0,Perpetual Federal Savings Bank,0,0,0
20000727,40954,PFOH',OTC,14.65852617,15.5,4,0,Perpetual Federal Savings Bank,0,0,0
20000728,40954,PFOH',OTC,13.59460088,14.375,4,0,Perpetual Federal Savings Bank,0,0,0
20000731,40954,PFOH',OTC,13.59460088,14.375,0,0,Perpetual Federal Savings Bank,0,0,0
20000801,40954,PFOH',OTC,13.59460088,14.375,0,0,Perpetual Federal Savings Bank,0,0,0
20000802,40954,PFOH',OTC,13.59460088,14.375,0,0,Perpetual Federal Savings Bank,0,0,0
20000803,40954,PFOH',OTC,13.59460088,14.375,0,0,Perpetual Federal Savings Bank,0,0,0
20000804,40954,PFOH',OTC,13.59460088,14.375,0,0,Perpetual Federal Savings Bank,0,0,0
20000807,40954,PFOH',OTC,14.18567049,15,13,0,Perpetual Federal Savings Bank,0,0,0
20000808,40954,PFOH',OTC,13.7128148,14.5,2,0,Perpetual Federal Savings Bank,0,0,0
20000809,40954,PFOH',OTC,13.7128148,14.5,0,0,Perpetual Federal Savings Bank,0,0,0
20000810,40954,PFOH',OTC,13.7128148,14.5,0,0,Perpetual Federal Savings Bank,0,0,0
20000811,40954,PFOH',OTC,13.7128148,14.5,21,0,Perpetual Federal Savings Bank,0,0,0
20000814,40954,PFOH',OTC,13.7128148,14.5,4,0,Perpetual Federal Savings Bank,0,0,0
20000815,40954,PFOH',OTC,13.7128148,14.5,0,0,Perpetual Federal Savings Bank,0,0,0
20000816,40954,PFOH',OTC,14.65852617,15.5,59,0,Perpetual Federal Savings Bank,0,0,0
20000817,40954,PFOH',OTC,14.65852617,15.5,0,0,Perpetual Federal Savings Bank,0,0,0
20000818,40954,PFOH',OTC,13.83102873,14.625,29,0,Perpetual Federal Savings Bank,0,0,0
20000821,40954,PFOH',OTC,13.83102873,14.625,0,0,Perpetual Federal Savings Bank,0,0,0
20000822,40954,PFOH',OTC,13.83102873,14.625,0,0,Perpetual Federal Savings Bank,0,0,0
20000823,40954,PFOH',OTC,13.83102873,14.625,0,0,Perpetual Federal Savings Bank,0,0,0
20000824,40954,PFOH',OTC,14.42209833,15.25,11,0,Perpetual Federal Savings Bank,0,0,0
20000825,40954,PFOH',OTC,14.42209833,15.25,0,0,Perpetual Federal Savings Bank,0,0,0
20000828,40954,PFOH',OTC,14.42209833,15.25,0,0,Perpetual Federal Savings Bank,0,0,0
20000829,40954,PFOH',OTC,14.42209833,15.25,0,0,Perpetual Federal Savings Bank,0,0,0
20000830,40954,PFOH',OTC,14.42209833,15.25,0,0,Perpetual Federal Savings Bank,0,0,0
20000831,40954,PFOH',OTC,14.42209833,15.25,0,0,Perpetual Federal Savings Bank,0,0,0
20000901,40954,PFOH',OTC,14.42209833,15.25,0,0,Perpetual Federal Savings Bank,0,0,0
20000905,40954,PFOH',OTC,14.42209833,15.25,0,0,Perpetual Federal Savings Bank,0,0,0
20000906,40954,PFOH',OTC,13.83102873,14.625,43,0,Perpetual Federal Savings Bank,0,0,0
20000907,40954,PFOH',OTC,13.89013569,14.6875,6,0,Perpetual Federal Savings Bank,0,0,0
20000908,40954,PFOH',OTC,13.83102873,14.625,2,0,Perpetual Federal Savings Bank,0,0,0
20000911,40954,PFOH',OTC,13.83102873,14.625,6,0,Perpetual Federal Savings Bank,0,0,0
20000912,40954,PFOH',OTC,13.83102873,14.625,0,0,Perpetual Federal Savings Bank,0,0,0
20000913,40954,PFOH',OTC,13.83102873,14.625,4,0,Perpetual Federal Savings Bank,0,0,0
20000914,40954,PFOH',OTC,14.18567049,15,8,0,Perpetual Federal Savings Bank,0,0,0
20000915,40954,PFOH',OTC,14.18567049,15,0,0,Perpetual Federal Savings Bank,0,0,0
20000918,40954,PFOH',OTC,13.94924265,14.75,32,0,Perpetual Federal Savings Bank,0,0,0
20000919,40954,PFOH',OTC,13.94924265,14.75,0,0,Perpetual Federal Savings Bank,0,0,0
20000920,40954,PFOH',OTC,13.94924265,14.75,0,0,Perpetual Federal Savings Bank,0,0,0
20000921,40954,PFOH',OTC,13.94924265,14.75,0,0,Perpetual Federal Savings Bank,0,0,0
20000922,40954,PFOH',OTC,13.94924265,14.75,0,0,Perpetual Federal Savings Bank,0,0,0
20000925,40954,PFOH',OTC,13.94924265,14.75,0,0,Perpetual Federal Savings Bank,0,0,0
20000926,40954,PFOH',OTC,13.94924265,14.75,11,0,Perpetual Federal Savings Bank,0,0,0
20000927,40954,PFOH',OTC,13.94924265,14.75,0,0,Perpetual Federal Savings Bank,0,0,0
20000928,40954,PFOH',OTC,13.94924265,14.75,0,0,Perpetual Federal Savings Bank,0,0,0
20000929,40954,PFOH',OTC,13.94924265,14.75,0,0,Perpetual Federal Savings Bank,0,0,0
20001002,40954,PFOH',OTC,13.94924265,14.75,0,0,Perpetual Federal Savings Bank,0,0,0
20001003,40954,PFOH',OTC,13.94924265,14.75,0,0,Perpetual Federal Savings Bank,0,0,0
20001004,40954,PFOH',OTC,13.94924265,14.75,0,0,Perpetual Federal Savings Bank,0,0,0
20001005,40954,PFOH',OTC,14.06745657,14.875,37,0,Perpetual Federal Savings Bank,0,0,0
20001006,40954,PFOH',OTC,14.06745657,14.875,0,0,Perpetual Federal Savings Bank,0,0,0
20001009,40954,PFOH',OTC,14.06745657,14.875,0,0,Perpetual Federal Savings Bank,0,0,0
20001010,40954,PFOH',OTC,14.06745657,14.875,0,0,Perpetual Federal Savings Bank,0,0,0
20001011,40954,PFOH',OTC,14.42209833,15.25,7,0,Perpetual Federal Savings Bank,0,0,0
20001012,40954,PFOH',OTC,14.30388441,15.125,19,0,Perpetual Federal Savings Bank,0,0,0
20001013,40954,PFOH',OTC,14.30388441,15.125,0,0,Perpetual Federal Savings Bank,0,0,0
20001016,40954,PFOH',OTC,14.30388441,15.125,0,0,Perpetual Federal Savings Bank,0,0,0
20001017,40954,PFOH',OTC,14.30388441,15.125,0,0,Perpetual Federal Savings Bank,0,0,0
20001018,40954,PFOH',OTC,14.42209833,15.25,68,0,Perpetual Federal Savings Bank,0,0,0
20001019,40954,PFOH',OTC,14.18567049,15,3,0,Perpetual Federal Savings Bank,0,0,0
20001020,40954,PFOH',OTC,14.12656353,14.9375,1,0,Perpetual Federal Savings Bank,0,0,0
20001023,40954,PFOH',OTC,14.12656353,14.9375,2,0,Perpetual Federal Savings Bank,0,0,0
20001024,40954,PFOH',OTC,14.06745657,14.875,1,0,Perpetual Federal Savings Bank,0,0,0
20001025,40954,PFOH',OTC,14.06745657,14.875,0,0,Perpetual Federal Savings Bank,0,0,0
20001026,40954,PFOH',OTC,14.06745657,14.875,0,0,Perpetual Federal Savings Bank,0,0,0
20001027,40954,PFOH',OTC,14.06745657,14.875,71,0,Perpetual Federal Savings Bank,0,0,0
20001030,40954,PFOH',OTC,14.06745657,14.875,67,0,Perpetual Federal Savings Bank,0,0,0
20001031,40954,PFOH',OTC,14.06745657,14.875,0,0,Perpetual Federal Savings Bank,0,0,0
20001101,40954,PFOH',OTC,14.06745657,14.875,0,0,Perpetual Federal Savings Bank,0,0,0
20001102,40954,PFOH',OTC,14.06745657,14.875,0,0,Perpetual Federal Savings Bank,0,0,0
20001103,40954,PFOH',OTC,13.23995912,14,17,0,Perpetual Federal Savings Bank,0,0,0
20001106,40954,PFOH',OTC,13.23995912,14,21,0,Perpetual Federal Savings Bank,0,0,0
20001107,40954,PFOH',OTC,13.23995912,14,5,0,Perpetual Federal Savings Bank,0,0,0
20001108,40954,PFOH',OTC,13.23995912,14,0,0,Perpetual Federal Savings Bank,0,0,0
20001109,40954,PFOH',OTC,13.23995912,14,0,0,Perpetual Federal Savings Bank,0,0,0
20001110,40954,PFOH',OTC,13.94924265,14.75,22,0,Perpetual Federal Savings Bank,0,0,0
20001113,40954,PFOH',OTC,13.94924265,14.75,0,0,Perpetual Federal Savings Bank,0,0,0
20001114,40954,PFOH',OTC,14.18567049,15,25,0,Perpetual Federal Savings Bank,0,0,0
20001115,40954,PFOH',OTC,13.7128148,14.5,36,0,Perpetual Federal Savings Bank,0,0,0
20001116,40954,PFOH',OTC,14.18567049,15,5,0,Perpetual Federal Savings Bank,0,0,0
20001117,40954,PFOH',OTC,13.47638696,14.25,65,0,Perpetual Federal Savings Bank,0,0,0
20001120,40954,PFOH',OTC,13.47638696,14.25,0,0,Perpetual Federal Savings Bank,0,0,0
20001121,40954,PFOH',OTC,13.35817304,14.125,4,0,Perpetual Federal Savings Bank,0,0,0
20001122,40954,PFOH',OTC,13.35817304,14.125,0,0,Perpetual Federal Savings Bank,0,0,0
20001124,40954,PFOH',OTC,13.59460088,14.375,60,0,Perpetual Federal Savings Bank,0,0,0
20001127,40954,PFOH',OTC,13.23995912,14,6,0,Perpetual Federal Savings Bank,0,0,0
20001128,40954,PFOH',OTC,13.23995912,14,0,0,Perpetual Federal Savings Bank,0,0,0
20001129,40954,PFOH',OTC,13.23995912,14,10,0,Perpetual Federal Savings Bank,0,0,0
20001130,40954,PFOH',OTC,13.23995912,14,2,0,Perpetual Federal Savings Bank,0,0,0
20001201,40954,PFOH',OTC,13.23995912,14,0,0,Perpetual Federal Savings Bank,0,0,0
20001204,40954,PFOH',OTC,13.47638696,14.25,5,0,Perpetual Federal Savings Bank,0,0,0
20001205,40954,PFOH',OTC,13.47638696,14.25,0,0,Perpetual Federal Savings Bank,0,0,0
20001206,40954,PFOH',OTC,13.47638696,14.25,0,0,Perpetual Federal Savings Bank,0,0,0
20001207,40954,PFOH',OTC,13.7128148,14.5,27,0,Perpetual Federal Savings Bank,0,0,0
20001208,40954,PFOH',OTC,13.23995912,14,10,0,Perpetual Federal Savings Bank,0,0,0
20001211,40954,PFOH',OTC,13.23995912,14,0,0,Perpetual Federal Savings Bank,0,0,0
20001212,40954,PFOH',OTC,13.23995912,14,0,0,Perpetual Federal Savings Bank,0,0,0
20001213,40954,PFOH',OTC,13.23995912,14,0,0,Perpetual Federal Savings Bank,0,0,0
20001214,40954,PFOH',OTC,13.23995912,14,11,0,Perpetual Federal Savings Bank,0,0,0
20001215,40954,PFOH',OTC,13.23995912,14,0,0,Perpetual Federal Savings Bank,0,0,0
20001218,40954,PFOH',OTC,13.23995912,14,0,0,Perpetual Federal Savings Bank,0,0,0
20001219,40954,PFOH',OTC,13.7128148,14.5,42,0,Perpetual Federal Savings Bank,0,0,0
20001220,40954,PFOH',OTC,13.59460088,14.375,5,0,Perpetual Federal Savings Bank,0,0,0
20001221,40954,PFOH',OTC,13.59460088,14.375,0,0,Perpetual Federal Savings Bank,0,0,0
20001222,40954,PFOH',OTC,13.59460088,14.375,6,0,Perpetual Federal Savings Bank,0,0,0
20001226,40954,PFOH',OTC,13.59460088,14.375,0,0,Perpetual Federal Savings Bank,0,0,0
20001227,40954,PFOH',OTC,13.59460088,14.375,0,0,Perpetual Federal Savings Bank,0,0,0
20001228,40954,PFOH',OTC,13.59460088,14.375,0,0,Perpetual Federal Savings Bank,0,0,0
20001229,40954,PFOH',OTC,13.7128148,14.5,38,0,Perpetual Federal Savings Bank,0,0,0
20010102,40954,PFOH',OTC,13.7128148,14.5,0,0,Perpetual Federal Savings Bank,0,0,0
20010103,40954,PFOH',OTC,13.7128148,14.5,0,0,Perpetual Federal Savings Bank,0,0,0
20010104,40954,PFOH',OTC,14.18567049,15,11,0,Perpetual Federal Savings Bank,0,0,0
20010105,40954,PFOH',OTC,13.7128148,14.5,27,0,Perpetual Federal Savings Bank,0,0,0
20010108,40954,PFOH',OTC,13.7128148,14.5,0,0,Perpetual Federal Savings Bank,0,0,0
20010109,40954,PFOH',OTC,14.30388441,15.125,12,0,Perpetual Federal Savings Bank,0,0,0
20010110,40954,PFOH',OTC,14.30388441,15.125,0,0,Perpetual Federal Savings Bank,0,0,0
20010111,40954,PFOH',OTC,14.30388441,15.125,6,0,Perpetual Federal Savings Bank,0,0,0
20010112,40954,PFOH',OTC,14.30388441,15.125,0,0,Perpetual Federal Savings Bank,0,0,0
20010116,40954,PFOH',OTC,14.30388441,15.125,0,0,Perpetual Federal Savings Bank,0,0,0
20010117,40954,PFOH',OTC,14.30388441,15.125,0,0,Perpetual Federal Savings Bank,0,0,0
20010118,40954,PFOH',OTC,14.30388441,15.125,0,0,Perpetual Federal Savings Bank,0,0,0
20010119,40954,PFOH',OTC,14.30388441,15.125,11,0,Perpetual Federal Savings Bank,0,0,0
20010122,40954,PFOH',OTC,14.30388441,15.125,19,0,Perpetual Federal Savings Bank,0,0,0
20010123,40954,PFOH',OTC,14.30388441,15.125,0,0,Perpetual Federal Savings Bank,0,0,0
20010124,40954,PFOH',OTC,14.30388441,15.125,0,0,Perpetual Federal Savings Bank,0,0,0
20010125,40954,PFOH',OTC,14.30388441,15.125,0,0,Perpetual Federal Savings Bank,0,0,0
20010126,40954,PFOH',OTC,14.30388441,15.125,0,0,Perpetual Federal Savings Bank,0,0,0
20010129,40954,PFOH',OTC,14.65852617,15.5,4,0,Perpetual Federal Savings Bank,0,0,0
20010130,40954,PFOH',OTC,14.65852617,15.5,0,0,Perpetual Federal Savings Bank,0,0,0
20010131,40954,PFOH',OTC,14.65852617,15.5,0,0,Perpetual Federal Savings Bank,0,0,0
20010201,40954,PFOH',OTC,14.65852617,15.5,6,0,Perpetual Federal Savings Bank,0,0,0
20010202,40954,PFOH',OTC,14.65852617,15.5,0,0,Perpetual Federal Savings Bank,0,0,0
20010205,40954,PFOH',OTC,14.65852617,15.5,0,0,Perpetual Federal Savings Bank,0,0,0
20010206,40954,PFOH',OTC,14.65852617,15.5,0,0,Perpetual Federal Savings Bank,0,0,0
20010207,40954,PFOH',OTC,14.77674009,15.625,2,0,Perpetual Federal Savings Bank,0,0,0
20010208,40954,PFOH',OTC,14.77674009,15.625,7,0,Perpetual Federal Savings Bank,0,0,0
20010209,40954,PFOH',OTC,14.77674009,15.625,0,0,Perpetual Federal Savings Bank,0,0,0
20010212,40954,PFOH',OTC,14.54031225,15.375,4,0,Perpetual Federal Savings Bank,0,0,0
20010213,40954,PFOH',OTC,14.30388441,15.125,78,0,Perpetual Federal Savings Bank,0,0,0
20010214,40954,PFOH',OTC,14.30388441,15.125,0,0,Perpetual Federal Savings Bank,0,0,0
20010215,40954,PFOH',OTC,14.42209833,15.25,8,0,Perpetual Federal Savings Bank,0,0,0
20010216,40954,PFOH',OTC,14.42209833,15.25,0,0,Perpetual Federal Savings Bank,0,0,0
20010220,40954,PFOH',OTC,14.42209833,15.25,0,0,Perpetual Federal Savings Bank,0,0,0
20010221,40954,PFOH',OTC,14.18567049,15,5,0,Perpetual Federal Savings Bank,0,0,0
20010222,40954,PFOH',OTC,14.18567049,15,0,0,Perpetual Federal Savings Bank,0,0,0
20010223,40954,PFOH',OTC,14.18567049,15,0,0,Perpetual Federal Savings Bank,0,0,0
20010226,40954,PFOH',OTC,13.94924265,14.75,11,0,Perpetual Federal Savings Bank,0,0,0
20010227,40954,PFOH',OTC,13.94924265,14.75,0,0,Perpetual Federal Savings Bank,0,0,0
20010228,40954,PFOH',OTC,14.06745657,14.875,44,0,Perpetual Federal Savings Bank,0,0,0
20010301,40954,PFOH',OTC,14.06745657,14.875,0,0,Perpetual Federal Savings Bank,0,0,0
20010302,40954,PFOH',OTC,14.06745657,14.875,0,0,Perpetual Federal Savings Bank,0,0,0
20010305,40954,PFOH',OTC,14.06745657,14.875,0,0,Perpetual Federal Savings Bank,0,0,0
20010306,40954,PFOH',OTC,14.65852617,15.5,18,0,Perpetual Federal Savings Bank,0,0,0
20010307,40954,PFOH',OTC,14.65852617,15.5,0,0,Perpetual Federal Savings Bank,0,0,0
20010308,40954,PFOH',OTC,14.9872794,15.5,0,0,Perpetual Federal Savings Bank,0,0,0
20010309,40954,PFOH',OTC,14.26208846,14.75,41,0,Perpetual Federal Savings Bank,0,0,0
20010312,40954,PFOH',OTC,14.26208846,14.75,0,0,Perpetual Federal Savings Bank,0,0,0
20010313,40954,PFOH',OTC,14.26208846,14.75,0,0,Perpetual Federal Savings Bank,0,0,0
20010314,40954,PFOH',OTC,14.1412233,14.625,1,0,Perpetual Federal Savings Bank,0,0,0
20010315,40954,PFOH',OTC,13.95992557,14.4375,20,0,Perpetual Federal Savings Bank,0,0,0
20010316,40954,PFOH',OTC,13.95992557,14.4375,0,0,Perpetual Federal Savings Bank,0,0,0
20010319,40954,PFOH',OTC,13.95992557,14.4375,0,0,Perpetual Federal Savings Bank,0,0,0
20010320,40954,PFOH',OTC,13.95992557,14.4375,0,0,Perpetual Federal Savings Bank,0,0,0
20010321,40954,PFOH',OTC,13.95992557,14.4375,0,0,Perpetual Federal Savings Bank,0,0,0
20010322,40954,PFOH',OTC,13.89949299,14.375,1,0,Perpetual Federal Savings Bank,0,0,0
20010323,40954,PFOH',OTC,13.89949299,14.375,0,0,Perpetual Federal Savings Bank,0,0,0
20010326,40954,PFOH',OTC,14.56425135,15.0625,2,0,Perpetual Federal Savings Bank,0,0,0
20010327,40954,PFOH',OTC,14.50381877,15,5,0,Perpetual Federal Savings Bank,0,0,0
20010328,40954,PFOH',OTC,14.17143959,14.65625,3,0,Perpetual Federal Savings Bank,0,0,0
20010329,40954,PFOH',OTC,14.17143959,14.65625,0,0,Perpetual Federal Savings Bank,0,0,0
20010330,40954,PFOH',OTC,14.02035814,14.5,11,0,Perpetual Federal Savings Bank,0,0,0
20010402,40954,PFOH',OTC,14.02035814,14.5,0,0,Perpetual Federal Savings Bank,0,0,0
20010403,40954,PFOH',OTC,14.38295361,14.875,4,0,Perpetual Federal Savings Bank,0,0,0
20010404,40954,PFOH',OTC,14.38295361,14.875,0,0,Perpetual Federal Savings Bank,0,0,0
20010405,40954,PFOH',OTC,14.26208846,14.75,2,0,Perpetual Federal Savings Bank,0,0,0
20010406,40954,PFOH',OTC,14.26208846,14.75,0,0,Perpetual Federal Savings Bank,0,0,0
20010409,40954,PFOH',OTC,13.90432759,14.38,13,0,Perpetual Federal Savings Bank,0,0,0
20010410,40954,PFOH',OTC,13.90432759,14.38,0,0,Perpetual Federal Savings Bank,0,0,0
20010411,40954,PFOH',OTC,13.90432759,14.38,0,0,Perpetual Federal Savings Bank,0,0,0
20010412,40954,PFOH',OTC,14.38778822,14.88,1,0,Perpetual Federal Savings Bank,0,0,0
20010416,40954,PFOH',OTC,14.38778822,14.88,0,0,Perpetual Federal Savings Bank,0,0,0
20010417,40954,PFOH',OTC,14.38778822,14.88,0,0,Perpetual Federal Savings Bank,0,0,0
20010418,40954,PFOH',OTC,14.02035814,14.5,21,0,Perpetual Federal Savings Bank,0,0,0
20010419,40954,PFOH',OTC,14.02035814,14.5,0,0,Perpetual Federal Savings Bank,0,0,0
20010420,40954,PFOH',OTC,14.02035814,14.5,21,0,Perpetual Federal Savings Bank,0,0,0
20010423,40954,PFOH',OTC,14.02035814,14.5,24,0,Perpetual Federal Savings Bank,0,0,0
20010424,40954,PFOH',OTC,14.02035814,14.5,0,0,Perpetual Federal Savings Bank,0,0,0
20010425,40954,PFOH',OTC,14.02035814,14.5,0,0,Perpetual Federal Savings Bank,0,0,0
20010426,40954,PFOH',OTC,13.82697389,14.3,1,0,Perpetual Federal Savings Bank,0,0,0
20010427,40954,PFOH',OTC,13.82697389,14.3,0,0,Perpetual Federal Savings Bank,0,0,0
20010430,40954,PFOH',OTC,13.82697389,14.3,0,0,Perpetual Federal Savings Bank,0,0,0
20010501,40954,PFOH',OTC,14.02035814,14.5,32,0,Perpetual Federal Savings Bank,0,0,0
20010502,40954,PFOH',OTC,14.02035814,14.5,0,0,Perpetual Federal Savings Bank,0,0,0
20010503,40954,PFOH',OTC,14.02035814,14.5,0,0,Perpetual Federal Savings Bank,0,0,0
20010504,40954,PFOH',OTC,14.02035814,14.5,0,0,Perpetual Federal Savings Bank,0,0,0
20010507,40954,PFOH',OTC,14.02035814,14.5,0,0,Perpetual Federal Savings Bank,0,0,0
20010508,40954,PFOH',OTC,14.02035814,14.5,0,0,Perpetual Federal Savings Bank,0,0,0
20010509,40954,PFOH',OTC,13.84631232,14.32,2,0,Perpetual Federal Savings Bank,0,0,0
20010510,40954,PFOH',OTC,13.84631232,14.32,0,0,Perpetual Federal Savings Bank,0,0,0
20010511,40954,PFOH',OTC,13.84631232,14.32,0,0,Perpetual Federal Savings Bank,0,0,0
20010514,40954,PFOH',OTC,13.84631232,14.32,0,0,Perpetual Federal Savings Bank,0,0,0
20010515,40954,PFOH',OTC,13.84631232,14.32,0,0,Perpetual Federal Savings Bank,0,0,0
20010516,40954,PFOH',OTC,13.84631232,14.32,0,0,Perpetual Federal Savings Bank,0,0,0
20010517,40954,PFOH',OTC,13.84631232,14.32,0,0,Perpetual Federal Savings Bank,0,0,0
20010518,40954,PFOH',OTC,13.84631232,14.32,0,0,Perpetual Federal Savings Bank,0,0,0
20010521,40954,PFOH',OTC,13.84631232,14.32,0,0,Perpetual Federal Savings Bank,0,0,0
20010522,40954,PFOH',OTC,14.11705027,14.6,21,0,Perpetual Federal Savings Bank,0,0,0
20010523,40954,PFOH',OTC,14.11705027,14.6,0,0,Perpetual Federal Savings Bank,0,0,0
20010524,40954,PFOH',OTC,14.50381877,15,1,0,Perpetual Federal Savings Bank,0,0,0
20010525,40954,PFOH',OTC,14.50381877,15,0,0,Perpetual Federal Savings Bank,0,0,0
20010529,40954,PFOH',OTC,14.50381877,15,0,0,Perpetual Federal Savings Bank,0,0,0
20010530,40954,PFOH',OTC,14.50381877,15,0,0,Perpetual Federal Savings Bank,0,0,0
20010531,40954,PFOH',OTC,14.50381877,15,0,0,Perpetual Federal Savings Bank,0,0,0
20010601,40954,PFOH',OTC,14.50381877,15,0,0,Perpetual Federal Savings Bank,0,0,0
20010604,40954,PFOH',OTC,14.50381877,15,0,0,Perpetual Federal Savings Bank,0,0,0
20010605,40954,PFOH',OTC,14.50381877,15,0,0,Perpetual Federal Savings Bank,0,0,0
20010606,40954,PFOH',OTC,14.50381877,15,0,0,Perpetual Federal Savings Bank,0,0,0
20010607,40954,PFOH',OTC,14.50381877,15,0,0,Perpetual Federal Savings Bank,0,0,0
20010608,40954,PFOH',OTC,14.50381877,15,0,0,Perpetual Federal Savings Bank,0,0,0
20010611,40954,PFOH',OTC,14.50381877,15,0,0,Perpetual Federal Savings Bank,0,0,0
20010612,40954,PFOH',OTC,14.50381877,15,0,0,Perpetual Federal Savings Bank,0,0,0
20010613,40954,PFOH',OTC,14.50381877,15,0,0,Perpetual Federal Savings Bank,0,0,0
20010614,40954,PFOH',OTC,14.50381877,15,0,0,Perpetual Federal Savings Bank,0,0,0
20010615,40954,PFOH',OTC,14.22038835,14.55,4,0,Perpetual Federal Savings Bank,0,0,0
20010618,40954,PFOH',OTC,14.22038835,14.55,0,0,Perpetual Federal Savings Bank,0,0,0
20010619,40954,PFOH',OTC,14.22038835,14.55,0,0,Perpetual Federal Savings Bank,0,0,0
20010620,40954,PFOH',OTC,14.23993528,14.57,4,0,Perpetual Federal Savings Bank,0,0,0
20010621,40954,PFOH',OTC,14.23993528,14.57,6,0,Perpetual Federal Savings Bank,0,0,0
20010622,40954,PFOH',OTC,14.90453074,15.25,8,0,Perpetual Federal Savings Bank,0,0,0
20010625,40954,PFOH',OTC,14.26925566,14.6,2,0,Perpetual Federal Savings Bank,0,0,0
20010626,40954,PFOH',OTC,14.90453074,15.25,12,0,Perpetual Federal Savings Bank,0,0,0
20010627,40954,PFOH',OTC,14.66019417,15,2,0,Perpetual Federal Savings Bank,0,0,0
20010628,40954,PFOH',OTC,14.26925566,14.6,4,0,Perpetual Federal Savings Bank,0,0,0
20010629,40954,PFOH',OTC,14.26925566,14.6,0,0,Perpetual Federal Savings Bank,0,0,0
20010702,40954,PFOH',OTC,14.26925566,14.6,0,0,Perpetual Federal Savings Bank,0,0,0
20010703,40954,PFOH',OTC,14.26925566,14.6,0,0,Perpetual Federal Savings Bank,0,0,0
20010705,40954,PFOH',OTC,14.26925566,14.6,0,0,Perpetual Federal Savings Bank,0,0,0
20010706,40954,PFOH',OTC,14.26925566,14.6,0,0,Perpetual Federal Savings Bank,0,0,0
20010709,40954,PFOH',OTC,14.26925566,14.6,0,0,Perpetual Federal Savings Bank,0,0,0
20010710,40954,PFOH',OTC,14.35721683,14.69,19,0,Perpetual Federal Savings Bank,0,0,0
20010711,40954,PFOH',OTC,14.35721683,14.69,0,0,Perpetual Federal Savings Bank,0,0,0
20010712,40954,PFOH',OTC,14.35721683,14.69,0,0,Perpetual Federal Savings Bank,0,0,0
20010713,40954,PFOH',OTC,14.90453074,15.25,90,0,Perpetual Federal Savings Bank,0,0,0
20010716,40954,PFOH',OTC,14.90453074,15.25,0,0,Perpetual Federal Savings Bank,0,0,0
20010717,40954,PFOH',OTC,14.36699029,14.7,1,0,Perpetual Federal Savings Bank,0,0,0
20010718,40954,PFOH',OTC,14.36699029,14.7,0,0,Perpetual Federal Savings Bank,0,0,0
20010719,40954,PFOH',OTC,14.66019417,15,40,0,Perpetual Federal Savings Bank,0,0,0
20010720,40954,PFOH',OTC,14.64064725,14.98,55,0,Perpetual Federal Savings Bank,0,0,0
20010723,40954,PFOH',OTC,14.90453074,15.25,73,0,Perpetual Federal Savings Bank,0,0,0
20010724,40954,PFOH',OTC,14.90453074,15.25,0,0,Perpetual Federal Savings Bank,0,0,0
20010725,40954,PFOH',OTC,14.90453074,15.25,20,0,Perpetual Federal Savings Bank,0,0,0
20010726,40954,PFOH',OTC,14.66019417,15,3,0,Perpetual Federal Savings Bank,0,0,0
20010727,40954,PFOH',OTC,14.66019417,15,0,0,Perpetual Federal Savings Bank,0,0,0
20010730,40954,PFOH',OTC,14.66019417,15,0,0,Perpetual Federal Savings Bank,0,0,0
20010731,40954,PFOH',OTC,15.24660194,15.6,43,0,Perpetual Federal Savings Bank,0,0,0
20010801,40954,PFOH',OTC,15.24660194,15.6,0,0,Perpetual Federal Savings Bank,0,0,0
20010802,40954,PFOH',OTC,14.95339806,15.3,23,0,Perpetual Federal Savings Bank,0,0,0
20010803,40954,PFOH',OTC,14.95339806,15.3,0,0,Perpetual Federal Savings Bank,0,0,0
20010806,40954,PFOH',OTC,14.95339806,15.3,0,0,Perpetual Federal Savings Bank,0,0,0
20010807,40954,PFOH',OTC,14.90453074,15.25,5,0,Perpetual Federal Savings Bank,0,0,0
20010808,40954,PFOH',OTC,14.90453074,15.25,3,0,Perpetual Federal Savings Bank,0,0,0
20010809,40954,PFOH',OTC,14.90453074,15.25,2,0,Perpetual Federal Savings Bank,0,0,0
20010810,40954,PFOH',OTC,14.90453074,15.25,0,0,Perpetual Federal Savings Bank,0,0,0
20010813,40954,PFOH',OTC,14.90453074,15.25,0,0,Perpetual Federal Savings Bank,0,0,0
20010814,40954,PFOH',OTC,14.90453074,15.25,17,0,Perpetual Federal Savings Bank,0,0,0
20010815,40954,PFOH',OTC,15.1,15.45,12,0,Perpetual Federal Savings Bank,0,0,0
20010816,40954,PFOH',OTC,15.05113269,15.4,31,0,Perpetual Federal Savings Bank,0,0,0
20010817,40954,PFOH',OTC,15.05113269,15.4,0,0,Perpetual Federal Savings Bank,0,0,0
20010820,40954,PFOH',OTC,15.34433657,15.7,7,0,Perpetual Federal Savings Bank,0,0,0
20010821,40954,PFOH',OTC,15.14886731,15.5,166,0,Perpetual Federal Savings Bank,0,0,0
20010822,40954,PFOH',OTC,14.95339806,15.3,1,0,Perpetual Federal Savings Bank,0,0,0
20010823,40954,PFOH',OTC,15.14886731,15.5,1,0,Perpetual Federal Savings Bank,0,0,0
20010824,40954,PFOH',OTC,15.14886731,15.5,30,0,Perpetual Federal Savings Bank,0,0,0
20010827,40954,PFOH',OTC,15.26614887,15.62,47,0,Perpetual Federal Savings Bank,0,0,0
20010828,40954,PFOH',OTC,15.14886731,15.5,16,0,Perpetual Federal Savings Bank,0,0,0
20010829,40954,PFOH',OTC,15.14886731,15.5,0,0,Perpetual Federal Savings Bank,0,0,0
20010830,40954,PFOH',OTC,15.14886731,15.5,0,0,Perpetual Federal Savings Bank,0,0,0
20010831,40954,PFOH',OTC,15.14886731,15.5,0,0,Perpetual Federal Savings Bank,0,0,0
20010904,40954,PFOH',OTC,15.1,15.45,2,0,Perpetual Federal Savings Bank,0,0,0
20010905,40954,PFOH',OTC,15.4,15.4,47,0,Perpetual Federal Savings Bank,0,0,0
20010906,40954,PFOH',OTC,15.25,15.25,6,0,Perpetual Federal Savings Bank,0,0,0
20010907,40954,PFOH',OTC,15.25,15.25,0,0,Perpetual Federal Savings Bank,0,0,0
20010910,40954,PFOH',OTC,15.4,15.4,3,0,Perpetual Federal Savings Bank,0,0,0
20010917,40954,PFOH',OTC,15.25,15.25,15,0,Perpetual Federal Savings Bank,0,0,0
20010918,40954,PFOH',OTC,15.5,15.5,9,0,Perpetual Federal Savings Bank,0,0,0
20010919,40954,PFOH',OTC,15.5,15.5,0,0,Perpetual Federal Savings Bank,0,0,0
20010920,40954,PFOH',OTC,15.25,15.25,118,0,Perpetual Federal Savings Bank,0,0,0
20010921,40954,PFOH',OTC,15.25,15.25,0,0,Perpetual Federal Savings Bank,0,0,0
20010924,40954,PFOH',OTC,15.7,15.7,1,0,Perpetual Federal Savings Bank,0,0,0
20010925,40954,PFOH',OTC,15.35,15.35,85,0,Perpetual Federal Savings Bank,0,0,0
20010926,40954,PFOH',OTC,15.22,15.22,12,0,Perpetual Federal Savings Bank,0,0,0
20010927,40954,PFOH',OTC,15.22,15.22,0,0,Perpetual Federal Savings Bank,0,0,0
20010928,40954,PFOH',OTC,15.22,15.22,0,0,Perpetual Federal Savings Bank,0,0,0
20011001,40954,PFOH',OTC,15.22,15.22,0,0,Perpetual Federal Savings Bank,0,0,0
20011002,40954,PFOH',OTC,15.23,15.23,43,0,Perpetual Federal Savings Bank,0,0,0
20011003,40954,PFOH',OTC,15.34,15.34,15,0,Perpetual Federal Savings Bank,0,0,0
20011004,40954,PFOH',OTC,15.27,15.27,10,0,Perpetual Federal Savings Bank,0,0,0
20011005,40954,PFOH',OTC,15.27,15.27,0,0,Perpetual Federal Savings Bank,0,0,0
20011008,40954,PFOH',OTC,15.27,15.27,0,0,Perpetual Federal Savings Bank,0,0,0
20011009,40954,PFOH',OTC,15.25,15.25,44,0,Perpetual Federal Savings Bank,0,0,0
20011010,40954,PFOH',OTC,15.25,15.25,6,0,Perpetual Federal Savings Bank,0,0,0
20011011,40954,PFOH',OTC,15.7,15.7,2,0,Perpetual Federal Savings Bank,0,0,0
20011012,40954,PFOH',OTC,15.95,15.95,42,0,Perpetual Federal Savings Bank,0,0,0
20011015,40954,PFOH',OTC,15.95,15.95,0,0,Perpetual Federal Savings Bank,0,0,0
20011016,40954,PFOH',OTC,15.95,15.95,0,0,Perpetual Federal Savings Bank,0,0,0
20011017,40954,PFOH',OTC,15.95,15.95,0,0,Perpetual Federal Savings Bank,0,0,0
20011018,40954,PFOH',OTC,15.95,15.95,0,0,Perpetual Federal Savings Bank,0,0,0
20011019,40954,PFOH',OTC,15.6,15.6,23,0,Perpetual Federal Savings Bank,0,0,0
20011022,40954,PFOH',OTC,15.6,15.6,0,0,Perpetual Federal Savings Bank,0,0,0
20011023,40954,PFOH',OTC,15.5,15.5,20,0,Perpetual Federal Savings Bank,0,0,0
20011024,40954,PFOH',OTC,15.5,15.5,0,0,Perpetual Federal Savings Bank,0,0,0
20011025,40954,PFOH',OTC,15.5,15.5,0,0,Perpetual Federal Savings Bank,0,0,0
20011026,40954,PFOH',OTC,15.5,15.5,0,0,Perpetual Federal Savings Bank,0,0,0
20011029,40954,PFOH',OTC,15.5,15.5,10,0,Perpetual Federal Savings Bank,0,0,0
20011030,40954,PFOH',OTC,15.5,15.5,0,0,Perpetual Federal Savings Bank,0,0,0
20011031,40954,PFOH',OTC,15.5,15.5,0,0,Perpetual Federal Savings Bank,0,0,0
20011101,40954,PFOH',OTC,15.5,15.5,0,0,Perpetual Federal Savings Bank,0,0,0
20011102,40954,PFOH',OTC,15.5,15.5,0,0,Perpetual Federal Savings Bank,0,0,0
20011105,40954,PFOH',OTC,15.75,15.75,28,0,Perpetual Federal Savings Bank,0,0,0
20011106,40954,PFOH',OTC,15.7,15.7,16,0,Perpetual Federal Savings Bank,0,0,0
20011107,40954,PFOH',OTC,15.7,15.7,0,0,Perpetual Federal Savings Bank,0,0,0
20011108,40954,PFOH',OTC,15.7,15.7,0,0,Perpetual Federal Savings Bank,0,0,0
20011109,40954,PFOH',OTC,15.7,15.7,0,0,Perpetual Federal Savings Bank,0,0,0
20011112,40954,PFOH',OTC,15.7,15.7,0,0,Perpetual Federal Savings Bank,0,0,0
20011113,40954,PFOH',OTC,15.7,15.7,0,0,Perpetual Federal Savings Bank,0,0,0
20011114,40954,PFOH',OTC,15.7,15.7,0,0,Perpetual Federal Savings Bank,0,0,0
20011115,40954,PFOH',OTC,15.7,15.7,0,0,Perpetual Federal Savings Bank,0,0,0
20011116,40954,PFOH',OTC,15.7,15.7,0,0,Perpetual Federal Savings Bank,0,0,0
20011119,40954,PFOH',OTC,16,16,20,0,Perpetual Federal Savings Bank,0,0,0
20011120,40954,PFOH',OTC,16,16,0,0,Perpetual Federal Savings Bank,0,0,0
20011121,40954,PFOH',OTC,16,16,0,0,Perpetual Federal Savings Bank,0,0,0
20011123,40954,PFOH',OTC,16,16,0,0,Perpetual Federal Savings Bank,0,0,0
20011126,40954,PFOH',OTC,16,16,0,0,Perpetual Federal Savings Bank,0,0,0
20011127,40954,PFOH',OTC,16,16,2,0,Perpetual Federal Savings Bank,0,0,0
20011128,40954,PFOH',OTC,16,16,0,0,Perpetual Federal Savings Bank,0,0,0
20011129,40954,PFOH',OTC,16,16,0,0,Perpetual Federal Savings Bank,0,0,0
20011130,40954,PFOH',OTC,16,16,0,0,Perpetual Federal Savings Bank,0,0,0
20011203,40954,PFOH',OTC,16,16,0,0,Perpetual Federal Savings Bank,0,0,0
20011204,40954,PFOH',OTC,16.25,16.25,38,0,Perpetual Federal Savings Bank,0,0,0
20011205,40954,PFOH',OTC,16.25,16.25,0,0,Perpetual Federal Savings Bank,0,0,0
20011206,40954,PFOH',OTC,16.25,16.25,0,0,Perpetual Federal Savings Bank,0,0,0
20011207,40954,PFOH',OTC,16.25,16.25,0,0,Perpetual Federal Savings Bank,0,0,0
20011210,40954,PFOH',OTC,16.25,16.25,0,0,Perpetual Federal Savings Bank,0,0,0
20011211,40954,PFOH',OTC,16.25,16.25,0,0,Perpetual Federal Savings Bank,0,0,0
20011212,40954,PFOH',OTC,16.25,16.25,0,0,Perpetual Federal Savings Bank,0,0,0
20011213,40954,PFOH',OTC,16.25,16.25,0,0,Perpetual Federal Savings Bank,0,0,0
20011214,40954,PFOH',OTC,17.5,17.5,8,0,Perpetual Federal Savings Bank,0,0,0
20011217,40954,PFOH',OTC,17.5,17.5,0,0,Perpetual Federal Savings Bank,0,0,0
20011218,40954,PFOH',OTC,17.5,17.5,0,0,Perpetual Federal Savings Bank,0,0,0
20011219,40954,PFOH',OTC,17.5,17.5,0,0,Perpetual Federal Savings Bank,0,0,0
20011220,40954,PFOH',OTC,17.5,17.5,0,0,Perpetual Federal Savings Bank,0,0,0
20011221,40954,PFOH',OTC,16.35,16.35,15,0,Perpetual Federal Savings Bank,0,0,0
20011224,40954,PFOH',OTC,16.35,16.35,0,0,Perpetual Federal Savings Bank,0,0,0
20011226,40954,PFOH',OTC,16.35,16.35,0,0,Perpetual Federal Savings Bank,0,0,0
20011227,40954,PFOH',OTC,16.35,16.35,0,0,Perpetual Federal Savings Bank,0,0,0
20011228,40954,PFOH',OTC,16.35,16.35,0,0,Perpetual Federal Savings Bank,0,0,0
20011231,40954,PFOH',OTC,16.35,16.35,0,0,Perpetual Federal Savings Bank,0,0,0
20020102,40954,PFOH',OTC,16.35,16.35,0,0,Perpetual Federal Savings Bank,0,0,0
20020103,40954,PFOH',OTC,16.35,16.35,0,0,Perpetual Federal Savings Bank,0,0,0
20020104,40954,PFOH',OTC,16.35,16.35,0,0,Perpetual Federal Savings Bank,0,0,0
20020107,40954,PFOH',OTC,16.35,16.35,0,0,Perpetual Federal Savings Bank,0,0,0
20020108,40954,PFOH',OTC,17.5,17.5,2,0,Perpetual Federal Savings Bank,0,0,0
20020109,40954,PFOH',OTC,17.75,17.75,18,0,Perpetual Federal Savings Bank,0,0,0
