DDate,CSINumber,Symbol,Exchange,DClose,UnAdjustedClose,TotalVolume,Cash,MarketName,PTB,PSR,DPS
19990706,41196,MAXMW',OTC,3,3,153,0,Maxim Pharmaceuticals Inc Wts,0,0,0
19990707,41196,MAXMW',OTC,3,3,59,0,Maxim Pharmaceuticals Inc Wts,0,0,0
19990708,41196,MAXMW',OTC,3,3,9,0,Maxim Pharmaceuticals Inc Wts,0,0,0
19990709,41196,MAXMW',OTC,2.875,2.875,93,0,Maxim Pharmaceuticals Inc Wts,0,0,0
19990712,41196,MAXMW',OTC,2.8125,2.8125,13,0,Maxim Pharmaceuticals Inc Wts,0,0,0
19990713,41196,MAXMW',OTC,3,3,55,0,Maxim Pharmaceuticals Inc Wts,0,0,0
19990714,41196,MAXMW',OTC,3,3,36,0,Maxim Pharmaceuticals Inc Wts,0,0,0
19990715,41196,MAXMW',OTC,3,3,0,0,Maxim Pharmaceuticals Inc Wts,0,0,0
19990716,41196,MAXMW',OTC,3,3,25,0,Maxim Pharmaceuticals Inc Wts,0,0,0
19990719,41196,MAXMW',OTC,3,3,13,0,Maxim Pharmaceuticals Inc Wts,0,0,0
19990720,41196,MAXMW',OTC,2.75,2.75,46,0,Maxim Pharmaceuticals Inc Wts,0,0,0
19990721,41196,MAXMW',OTC,2.75,2.75,0,0,Maxim Pharmaceuticals Inc Wts,0,0,0
19990722,41196,MAXMW',OTC,2.625,2.625,16,0,Maxim Pharmaceuticals Inc Wts,0,0,0
19990723,41196,MAXMW',OTC,2.625,2.625,0,0,Maxim Pharmaceuticals Inc Wts,0,0,0
19990726,41196,MAXMW',OTC,2.875,2.875,20,0,Maxim Pharmaceuticals Inc Wts,0,0,0
19990727,41196,MAXMW',OTC,2.875,2.875,0,0,Maxim Pharmaceuticals Inc Wts,0,0,0
19990728,41196,MAXMW',OTC,2.75,2.75,41,0,Maxim Pharmaceuticals Inc Wts,0,0,0
19990729,41196,MAXMW',OTC,2.75,2.75,0,0,Maxim Pharmaceuticals Inc Wts,0,0,0
19990730,41196,MAXMW',OTC,2.625,2.625,72,0,Maxim Pharmaceuticals Inc Wts,0,0,0
19990802,41196,MAXMW',OTC,2.75,2.75,18,0,Maxim Pharmaceuticals Inc Wts,0,0,0
19990803,41196,MAXMW',OTC,2.75,2.75,0,0,Maxim Pharmaceuticals Inc Wts,0,0,0
19990804,41196,MAXMW',OTC,2.5,2.5,40,0,Maxim Pharmaceuticals Inc Wts,0,0,0
19990805,41196,MAXMW',OTC,2.875,2.875,100,0,Maxim Pharmaceuticals Inc Wts,0,0,0
19990806,41196,MAXMW',OTC,2.625,2.625,21,0,Maxim Pharmaceuticals Inc Wts,0,0,0
19990809,41196,MAXMW',OTC,2.625,2.625,20,0,Maxim Pharmaceuticals Inc Wts,0,0,0
19990810,41196,MAXMW',OTC,2.5625,2.5625,68,0,Maxim Pharmaceuticals Inc Wts,0,0,0
19990811,41196,MAXMW',OTC,2.5625,2.5625,0,0,Maxim Pharmaceuticals Inc Wts,0,0,0
19990812,41196,MAXMW',OTC,2.375,2.375,99,0,Maxim Pharmaceuticals Inc Wts,0,0,0
19990813,41196,MAXMW',OTC,2.5625,2.5625,50,0,Maxim Pharmaceuticals Inc Wts,0,0,0
19990816,41196,MAXMW',OTC,2.4375,2.4375,48,0,Maxim Pharmaceuticals Inc Wts,0,0,0
19990817,41196,MAXMW',OTC,2.4375,2.4375,0,0,Maxim Pharmaceuticals Inc Wts,0,0,0
19990818,41196,MAXMW',OTC,2.375,2.375,13,0,Maxim Pharmaceuticals Inc Wts,0,0,0
19990819,41196,MAXMW',OTC,2.375,2.375,7,0,Maxim Pharmaceuticals Inc Wts,0,0,0
19990820,41196,MAXMW',OTC,2.375,2.375,116,0,Maxim Pharmaceuticals Inc Wts,0,0,0
19990823,41196,MAXMW',OTC,2.375,2.375,0,0,Maxim Pharmaceuticals Inc Wts,0,0,0
19990824,41196,MAXMW',OTC,2.5,2.5,25,0,Maxim Pharmaceuticals Inc Wts,0,0,0
19990825,41196,MAXMW',OTC,2.5,2.5,0,0,Maxim Pharmaceuticals Inc Wts,0,0,0
19990826,41196,MAXMW',OTC,2.5,2.5,49,0,Maxim Pharmaceuticals Inc Wts,0,0,0
19990827,41196,MAXMW',OTC,2.25,2.25,3,0,Maxim Pharmaceuticals Inc Wts,0,0,0
19990830,41196,MAXMW',OTC,2,2,20,0,Maxim Pharmaceuticals Inc Wts,0,0,0
19990831,41196,MAXMW',OTC,2.25,2.25,5,0,Maxim Pharmaceuticals Inc Wts,0,0,0
19990901,41196,MAXMW',OTC,2.25,2.25,0,0,Maxim Pharmaceuticals Inc Wts,0,0,0
19990902,41196,MAXMW',OTC,2.25,2.25,153,0,Maxim Pharmaceuticals Inc Wts,0,0,0
19990903,41196,MAXMW',OTC,2.25,2.25,50,0,Maxim Pharmaceuticals Inc Wts,0,0,0
19990907,41196,MAXMW',OTC,1.9375,1.9375,24,0,Maxim Pharmaceuticals Inc Wts,0,0,0
19990908,41196,MAXMW',OTC,1.9375,1.9375,0,0,Maxim Pharmaceuticals Inc Wts,0,0,0
19990909,41196,MAXMW',OTC,2.125,2.125,30,0,Maxim Pharmaceuticals Inc Wts,0,0,0
19990910,41196,MAXMW',OTC,2,2,20,0,Maxim Pharmaceuticals Inc Wts,0,0,0
19990913,41196,MAXMW',OTC,2.875,2.875,83,0,Maxim Pharmaceuticals Inc Wts,0,0,0
19990914,41196,MAXMW',OTC,3.75,3.75,69,0,Maxim Pharmaceuticals Inc Wts,0,0,0
19990915,41196,MAXMW',OTC,3.5,3.5,27,0,Maxim Pharmaceuticals Inc Wts,0,0,0
19990916,41196,MAXMW',OTC,3.5,3.5,2,0,Maxim Pharmaceuticals Inc Wts,0,0,0
19990917,41196,MAXMW',OTC,3.375,3.375,50,0,Maxim Pharmaceuticals Inc Wts,0,0,0
19990920,41196,MAXMW',OTC,3.25,3.25,3,0,Maxim Pharmaceuticals Inc Wts,0,0,0
19990921,41196,MAXMW',OTC,3.25,3.25,0,0,Maxim Pharmaceuticals Inc Wts,0,0,0
19990922,41196,MAXMW',OTC,3.25,3.25,13,0,Maxim Pharmaceuticals Inc Wts,0,0,0
19990923,41196,MAXMW',OTC,3.125,3.125,20,0,Maxim Pharmaceuticals Inc Wts,0,0,0
19990924,41196,MAXMW',OTC,3.125,3.125,0,0,Maxim Pharmaceuticals Inc Wts,0,0,0
19990927,41196,MAXMW',OTC,3.125,3.125,0,0,Maxim Pharmaceuticals Inc Wts,0,0,0
19990928,41196,MAXMW',OTC,3.125,3.125,11,0,Maxim Pharmaceuticals Inc Wts,0,0,0
19990929,41196,MAXMW',OTC,3.25,3.25,3,0,Maxim Pharmaceuticals Inc Wts,0,0,0
19990930,41196,MAXMW',OTC,3.25,3.25,0,0,Maxim Pharmaceuticals Inc Wts,0,0,0
19991001,41196,MAXMW',OTC,3.25,3.25,0,0,Maxim Pharmaceuticals Inc Wts,0,0,0
19991004,41196,MAXMW',OTC,3.125,3.125,20,0,Maxim Pharmaceuticals Inc Wts,0,0,0
19991005,41196,MAXMW',OTC,3.125,3.125,0,0,Maxim Pharmaceuticals Inc Wts,0,0,0
19991006,41196,MAXMW',OTC,3.25,3.25,10,0,Maxim Pharmaceuticals Inc Wts,0,0,0
19991007,41196,MAXMW',OTC,3,3,20,0,Maxim Pharmaceuticals Inc Wts,0,0,0
19991008,41196,MAXMW',OTC,3,3,0,0,Maxim Pharmaceuticals Inc Wts,0,0,0
19991011,41196,MAXMW',OTC,3,3,0,0,Maxim Pharmaceuticals Inc Wts,0,0,0
19991012,41196,MAXMW',OTC,3,3,0,0,Maxim Pharmaceuticals Inc Wts,0,0,0
19991013,41196,MAXMW',OTC,2.75,2.75,8,0,Maxim Pharmaceuticals Inc Wts,0,0,0
19991014,41196,MAXMW',OTC,3,3,17,0,Maxim Pharmaceuticals Inc Wts,0,0,0
19991015,41196,MAXMW',OTC,3,3,0,0,Maxim Pharmaceuticals Inc Wts,0,0,0
19991018,41196,MAXMW',OTC,3,3,0,0,Maxim Pharmaceuticals Inc Wts,0,0,0
19991019,41196,MAXMW',OTC,2.875,2.875,25,0,Maxim Pharmaceuticals Inc Wts,0,0,0
19991020,41196,MAXMW',OTC,3.125,3.125,20,0,Maxim Pharmaceuticals Inc Wts,0,0,0
19991021,41196,MAXMW',OTC,2.875,2.875,5,0,Maxim Pharmaceuticals Inc Wts,0,0,0
19991022,41196,MAXMW',OTC,3.125,3.125,20,0,Maxim Pharmaceuticals Inc Wts,0,0,0
19991025,41196,MAXMW',OTC,3.125,3.125,0,0,Maxim Pharmaceuticals Inc Wts,0,0,0
19991026,41196,MAXMW',OTC,3.3125,3.3125,41,0,Maxim Pharmaceuticals Inc Wts,0,0,0
19991027,41196,MAXMW',OTC,3.25,3.25,30,0,Maxim Pharmaceuticals Inc Wts,0,0,0
19991028,41196,MAXMW',OTC,3.5,3.5,30,0,Maxim Pharmaceuticals Inc Wts,0,0,0
19991029,41196,MAXMW',OTC,3.625,3.625,110,0,Maxim Pharmaceuticals Inc Wts,0,0,0
19991101,41196,MAXMW',OTC,3.625,3.625,40,0,Maxim Pharmaceuticals Inc Wts,0,0,0
19991102,41196,MAXMW',OTC,3.625,3.625,0,0,Maxim Pharmaceuticals Inc Wts,0,0,0
19991103,41196,MAXMW',OTC,4,4,130,0,Maxim Pharmaceuticals Inc Wts,0,0,0
19991104,41196,MAXMW',OTC,4.375,4.375,70,0,Maxim Pharmaceuticals Inc Wts,0,0,0
19991105,41196,MAXMW',OTC,4.375,4.375,54,0,Maxim Pharmaceuticals Inc Wts,0,0,0
19991108,41196,MAXMW',OTC,4.375,4.375,84,0,Maxim Pharmaceuticals Inc Wts,0,0,0
19991109,41196,MAXMW',OTC,4.25,4.25,74,0,Maxim Pharmaceuticals Inc Wts,0,0,0
19991110,41196,MAXMW',OTC,4.25,4.25,0,0,Maxim Pharmaceuticals Inc Wts,0,0,0
19991111,41196,MAXMW',OTC,4.5,4.5,88,0,Maxim Pharmaceuticals Inc Wts,0,0,0
19991112,41196,MAXMW',OTC,4.8125,4.8125,135,0,Maxim Pharmaceuticals Inc Wts,0,0,0
19991115,41196,MAXMW',OTC,6,6,302,0,Maxim Pharmaceuticals Inc Wts,0,0,0
19991116,41196,MAXMW',OTC,5.5,5.5,92,0,Maxim Pharmaceuticals Inc Wts,0,0,0
19991117,41196,MAXMW',OTC,5.75,5.75,134,0,Maxim Pharmaceuticals Inc Wts,0,0,0
19991118,41196,MAXMW',OTC,5.25,5.25,202,0,Maxim Pharmaceuticals Inc Wts,0,0,0
19991119,41196,MAXMW',OTC,5.375,5.375,19,0,Maxim Pharmaceuticals Inc Wts,0,0,0
19991122,41196,MAXMW',OTC,5.5,5.5,37,0,Maxim Pharmaceuticals Inc Wts,0,0,0
19991123,41196,MAXMW',OTC,5.25,5.25,44,0,Maxim Pharmaceuticals Inc Wts,0,0,0
19991124,41196,MAXMW',OTC,4.875,4.875,46,0,Maxim Pharmaceuticals Inc Wts,0,0,0
19991126,41196,MAXMW',OTC,5,5,5,0,Maxim Pharmaceuticals Inc Wts,0,0,0
19991129,41196,MAXMW',OTC,4.8125,4.8125,15,0,Maxim Pharmaceuticals Inc Wts,0,0,0
19991130,41196,MAXMW',OTC,4.875,4.875,88,0,Maxim Pharmaceuticals Inc Wts,0,0,0
19991201,41196,MAXMW',OTC,4.625,4.625,67,0,Maxim Pharmaceuticals Inc Wts,0,0,0
19991202,41196,MAXMW',OTC,4.5,4.5,30,0,Maxim Pharmaceuticals Inc Wts,0,0,0
19991203,41196,MAXMW',OTC,4.5625,4.5625,9,0,Maxim Pharmaceuticals Inc Wts,0,0,0
19991206,41196,MAXMW',OTC,4.5625,4.5625,0,0,Maxim Pharmaceuticals Inc Wts,0,0,0
19991207,41196,MAXMW',OTC,4.5625,4.5625,0,0,Maxim Pharmaceuticals Inc Wts,0,0,0
19991208,41196,MAXMW',OTC,4.75,4.75,15,0,Maxim Pharmaceuticals Inc Wts,0,0,0
19991209,41196,MAXMW',OTC,4.875,4.875,6,0,Maxim Pharmaceuticals Inc Wts,0,0,0
19991210,41196,MAXMW',OTC,4.875,4.875,0,0,Maxim Pharmaceuticals Inc Wts,0,0,0
19991213,41196,MAXMW',OTC,5.125,5.125,55,0,Maxim Pharmaceuticals Inc Wts,0,0,0
19991214,41196,MAXMW',OTC,5.25,5.25,81,0,Maxim Pharmaceuticals Inc Wts,0,0,0
19991215,41196,MAXMW',OTC,5.4375,5.4375,90,0,Maxim Pharmaceuticals Inc Wts,0,0,0
19991216,41196,MAXMW',OTC,4.9375,4.9375,85,0,Maxim Pharmaceuticals Inc Wts,0,0,0
19991217,41196,MAXMW',OTC,4.6875,4.6875,51,0,Maxim Pharmaceuticals Inc Wts,0,0,0
19991220,41196,MAXMW',OTC,5,5,35,0,Maxim Pharmaceuticals Inc Wts,0,0,0
19991221,41196,MAXMW',OTC,5.125,5.125,130,0,Maxim Pharmaceuticals Inc Wts,0,0,0
19991222,41196,MAXMW',OTC,5,5,40,0,Maxim Pharmaceuticals Inc Wts,0,0,0
19991223,41196,MAXMW',OTC,6.875,6.875,433,0,Maxim Pharmaceuticals Inc Wts,0,0,0
19991227,41196,MAXMW',OTC,8.25,8.25,389,0,Maxim Pharmaceuticals Inc Wts,0,0,0
19991228,41196,MAXMW',OTC,8.3125,8.3125,210,0,Maxim Pharmaceuticals Inc Wts,0,0,0
19991229,41196,MAXMW',OTC,8.5625,8.5625,72,0,Maxim Pharmaceuticals Inc Wts,0,0,0
19991230,41196,MAXMW',OTC,9.5625,9.5625,265,0,Maxim Pharmaceuticals Inc Wts,0,0,0
19991231,41196,MAXMW',OTC,9.625,9.625,39,0,Maxim Pharmaceuticals Inc Wts,0,0,0
20000103,41196,MAXMW',OTC,9.4375,9.4375,214,0,Maxim Pharmaceuticals Inc Wts,0,0,0
20000104,41196,MAXMW',OTC,8.375,8.375,55,0,Maxim Pharmaceuticals Inc Wts,0,0,0
20000105,41196,MAXMW',OTC,8.875,8.875,222,0,Maxim Pharmaceuticals Inc Wts,0,0,0
20000106,41196,MAXMW',OTC,8.875,8.875,44,0,Maxim Pharmaceuticals Inc Wts,0,0,0
20000107,41196,MAXMW',OTC,9,9,240,0,Maxim Pharmaceuticals Inc Wts,0,0,0
20000110,41196,MAXMW',OTC,10,10,255,0,Maxim Pharmaceuticals Inc Wts,0,0,0
20000111,41196,MAXMW',OTC,10.5,10.5,512,0,Maxim Pharmaceuticals Inc Wts,0,0,0
20000112,41196,MAXMW',OTC,13.6875,13.6875,792,0,Maxim Pharmaceuticals Inc Wts,0,0,0
20000113,41196,MAXMW',OTC,15.625,15.625,688,0,Maxim Pharmaceuticals Inc Wts,0,0,0
20000114,41196,MAXMW',OTC,16.25,16.25,220,0,Maxim Pharmaceuticals Inc Wts,0,0,0
20000118,41196,MAXMW',OTC,18.5,18.5,1022,0,Maxim Pharmaceuticals Inc Wts,0,0,0
20000119,41196,MAXMW',OTC,21.75,21.75,936,0,Maxim Pharmaceuticals Inc Wts,0,0,0
20000120,41196,MAXMW',OTC,28.9375,28.9375,1173,0,Maxim Pharmaceuticals Inc Wts,0,0,0
20000121,41196,MAXMW',OTC,27.375,27.375,1489,0,Maxim Pharmaceuticals Inc Wts,0,0,0
20000124,41196,MAXMW',OTC,28.8125,28.8125,419,0,Maxim Pharmaceuticals Inc Wts,0,0,0
20000125,41196,MAXMW',OTC,29.4375,29.4375,150,0,Maxim Pharmaceuticals Inc Wts,0,0,0
20000126,41196,MAXMW',OTC,27.6875,27.6875,202,0,Maxim Pharmaceuticals Inc Wts,0,0,0
20000127,41196,MAXMW',OTC,27.5,27.5,326,0,Maxim Pharmaceuticals Inc Wts,0,0,0
20000128,41196,MAXMW',OTC,27.75,27.75,493,0,Maxim Pharmaceuticals Inc Wts,0,0,0
20000131,41196,MAXMW',OTC,23.75,23.75,322,0,Maxim Pharmaceuticals Inc Wts,0,0,0
20000201,41196,MAXMW',OTC,25.25,25.25,186,0,Maxim Pharmaceuticals Inc Wts,0,0,0
20000202,41196,MAXMW',OTC,25.3125,25.3125,20,0,Maxim Pharmaceuticals Inc Wts,0,0,0
20000203,41196,MAXMW',OTC,26.5,26.5,43,0,Maxim Pharmaceuticals Inc Wts,0,0,0
20000204,41196,MAXMW',OTC,32.8125,32.8125,384,0,Maxim Pharmaceuticals Inc Wts,0,0,0
20000207,41196,MAXMW',OTC,29.6875,29.6875,130,0,Maxim Pharmaceuticals Inc Wts,0,0,0
20000208,41196,MAXMW',OTC,33,33,55,0,Maxim Pharmaceuticals Inc Wts,0,0,0
20000209,41196,MAXMW',OTC,34.5,34.5,304,0,Maxim Pharmaceuticals Inc Wts,0,0,0
20000210,41196,MAXMW',OTC,37.75,37.75,1232,0,Maxim Pharmaceuticals Inc Wts,0,0,0
20000211,41196,MAXMW',OTC,38,38,658,0,Maxim Pharmaceuticals Inc Wts,0,0,0
20000214,41196,MAXMW',OTC,48.75,48.75,239,0,Maxim Pharmaceuticals Inc Wts,0,0,0
20000215,41196,MAXMW',OTC,49.0625,49.0625,518,0,Maxim Pharmaceuticals Inc Wts,0,0,0
20000216,41196,MAXMW',OTC,45.8125,45.8125,175,0,Maxim Pharmaceuticals Inc Wts,0,0,0
20000217,41196,MAXMW',OTC,48.375,48.375,517,0,Maxim Pharmaceuticals Inc Wts,0,0,0
20000218,41196,MAXMW',OTC,46.5,46.5,371,0,Maxim Pharmaceuticals Inc Wts,0,0,0
20000222,41196,MAXMW',OTC,44.4375,44.4375,288,0,Maxim Pharmaceuticals Inc Wts,0,0,0
20000223,41196,MAXMW',OTC,59.4375,59.4375,759,0,Maxim Pharmaceuticals Inc Wts,0,0,0
20000224,41196,MAXMW',OTC,62.875,62.875,677,0,Maxim Pharmaceuticals Inc Wts,0,0,0
20000225,41196,MAXMW',OTC,62.1875,62.1875,280,0,Maxim Pharmaceuticals Inc Wts,0,0,0
20000228,41196,MAXMW',OTC,62.9375,62.9375,257,0,Maxim Pharmaceuticals Inc Wts,0,0,0
20000229,41196,MAXMW',OTC,65,65,148,0,Maxim Pharmaceuticals Inc Wts,0,0,0
20000301,41196,MAXMW',OTC,65.1875,65.1875,71,0,Maxim Pharmaceuticals Inc Wts,0,0,0
20000302,41196,MAXMW',OTC,63.5625,63.5625,100,0,Maxim Pharmaceuticals Inc Wts,0,0,0
20000303,41196,MAXMW',OTC,63.6875,63.6875,135,0,Maxim Pharmaceuticals Inc Wts,0,0,0
20000306,41196,MAXMW',OTC,63.6875,63.6875,61,0,Maxim Pharmaceuticals Inc Wts,0,0,0
20000307,41196,MAXMW',OTC,64,64,15,0,Maxim Pharmaceuticals Inc Wts,0,0,0
20000308,41196,MAXMW',OTC,62.8125,62.8125,8,0,Maxim Pharmaceuticals Inc Wts,0,0,0
20000309,41196,MAXMW',OTC,61.75,61.75,41,0,Maxim Pharmaceuticals Inc Wts,0,0,0
20000310,41196,MAXMW',OTC,67.4375,67.4375,106,0,Maxim Pharmaceuticals Inc Wts,0,0,0
20000313,41196,MAXMW',OTC,63.25,63.25,57,0,Maxim Pharmaceuticals Inc Wts,0,0,0
20000314,41196,MAXMW',OTC,50.5,50.5,112,0,Maxim Pharmaceuticals Inc Wts,0,0,0
20000315,41196,MAXMW',OTC,46.125,46.125,76,0,Maxim Pharmaceuticals Inc Wts,0,0,0
20000316,41196,MAXMW',OTC,45,45,41,0,Maxim Pharmaceuticals Inc Wts,0,0,0
20000317,41196,MAXMW',OTC,47.9375,47.9375,339,0,Maxim Pharmaceuticals Inc Wts,0,0,0
20000320,41196,MAXMW',OTC,39.375,39.375,163,0,Maxim Pharmaceuticals Inc Wts,0,0,0
20000321,41196,MAXMW',OTC,32.6875,32.6875,129,0,Maxim Pharmaceuticals Inc Wts,0,0,0
20000322,41196,MAXMW',OTC,41.9375,41.9375,67,0,Maxim Pharmaceuticals Inc Wts,0,0,0
20000323,41196,MAXMW',OTC,43.25,43.25,9,0,Maxim Pharmaceuticals Inc Wts,0,0,0
20000324,41196,MAXMW',OTC,41,41,16,0,Maxim Pharmaceuticals Inc Wts,0,0,0
20000327,41196,MAXMW',OTC,41.5,41.5,5,0,Maxim Pharmaceuticals Inc Wts,0,0,0
20000328,41196,MAXMW',OTC,41.1875,41.1875,10,0,Maxim Pharmaceuticals Inc Wts,0,0,0
20000329,41196,MAXMW',OTC,38.5,38.5,29,0,Maxim Pharmaceuticals Inc Wts,0,0,0
20000330,41196,MAXMW',OTC,34,34,73,0,Maxim Pharmaceuticals Inc Wts,0,0,0
20000331,41196,MAXMW',OTC,36.9375,36.9375,128,0,Maxim Pharmaceuticals Inc Wts,0,0,0
20000403,41196,MAXMW',OTC,38,38,27,0,Maxim Pharmaceuticals Inc Wts,0,0,0
20000404,41196,MAXMW',OTC,37,37,19,0,Maxim Pharmaceuticals Inc Wts,0,0,0
20000405,41196,MAXMW',OTC,38.5,38.5,33,0,Maxim Pharmaceuticals Inc Wts,0,0,0
20000406,41196,MAXMW',OTC,43.6875,43.6875,163,0,Maxim Pharmaceuticals Inc Wts,0,0,0
20000407,41196,MAXMW',OTC,50,50,135,0,Maxim Pharmaceuticals Inc Wts,0,0,0
20000410,41196,MAXMW',OTC,50.0625,50.0625,41,0,Maxim Pharmaceuticals Inc Wts,0,0,0
20000411,41196,MAXMW',OTC,48.1875,48.1875,16,0,Maxim Pharmaceuticals Inc Wts,0,0,0
20000412,41196,MAXMW',OTC,46,46,217,0,Maxim Pharmaceuticals Inc Wts,0,0,0
20000413,41196,MAXMW',OTC,43.6875,43.6875,17,0,Maxim Pharmaceuticals Inc Wts,0,0,0
20000414,41196,MAXMW',OTC,37,37,7,0,Maxim Pharmaceuticals Inc Wts,0,0,0
20000417,41196,MAXMW',OTC,35.9375,35.9375,193,0,Maxim Pharmaceuticals Inc Wts,0,0,0
20000418,41196,MAXMW',OTC,41.4375,41.4375,256,0,Maxim Pharmaceuticals Inc Wts,0,0,0
20000419,41196,MAXMW',OTC,38,38,30,0,Maxim Pharmaceuticals Inc Wts,0,0,0
20000420,41196,MAXMW',OTC,38.6875,38.6875,10,0,Maxim Pharmaceuticals Inc Wts,0,0,0
20000424,41196,MAXMW',OTC,38.6875,38.6875,0,0,Maxim Pharmaceuticals Inc Wts,0,0,0
20000425,41196,MAXMW',OTC,34,34,47,0,Maxim Pharmaceuticals Inc Wts,0,0,0
20000426,41196,MAXMW',OTC,33,33,21,0,Maxim Pharmaceuticals Inc Wts,0,0,0
20000427,41196,MAXMW',OTC,33,33,0,0,Maxim Pharmaceuticals Inc Wts,0,0,0
20000428,41196,MAXMW',OTC,29,29,10,0,Maxim Pharmaceuticals Inc Wts,0,0,0
20000501,41196,MAXMW',OTC,33,33,26,0,Maxim Pharmaceuticals Inc Wts,0,0,0
20000502,41196,MAXMW',OTC,28.5,28.5,144,0,Maxim Pharmaceuticals Inc Wts,0,0,0
20000503,41196,MAXMW',OTC,29.25,29.25,28,0,Maxim Pharmaceuticals Inc Wts,0,0,0
20000504,41196,MAXMW',OTC,31.5,31.5,12,0,Maxim Pharmaceuticals Inc Wts,0,0,0
20000505,41196,MAXMW',OTC,35.5,35.5,28,0,Maxim Pharmaceuticals Inc Wts,0,0,0
20000508,41196,MAXMW',OTC,31.75,31.75,12,0,Maxim Pharmaceuticals Inc Wts,0,0,0
20000509,41196,MAXMW',OTC,34,34,1,0,Maxim Pharmaceuticals Inc Wts,0,0,0
20000510,41196,MAXMW',OTC,30.125,30.125,50,0,Maxim Pharmaceuticals Inc Wts,0,0,0
20000511,41196,MAXMW',OTC,32.25,32.25,16,0,Maxim Pharmaceuticals Inc Wts,0,0,0
20000512,41196,MAXMW',OTC,31.875,31.875,17,0,Maxim Pharmaceuticals Inc Wts,0,0,0
20000515,41196,MAXMW',OTC,31.875,31.875,0,0,Maxim Pharmaceuticals Inc Wts,0,0,0
20000516,41196,MAXMW',OTC,33,33,5,0,Maxim Pharmaceuticals Inc Wts,0,0,0
20000517,41196,MAXMW',OTC,33,33,0,0,Maxim Pharmaceuticals Inc Wts,0,0,0
20000518,41196,MAXMW',OTC,31.5,31.5,19,0,Maxim Pharmaceuticals Inc Wts,0,0,0
20000519,41196,MAXMW',OTC,31.5,31.5,19,0,Maxim Pharmaceuticals Inc Wts,0,0,0
20000522,41196,MAXMW',OTC,26.5,26.5,31,0,Maxim Pharmaceuticals Inc Wts,0,0,0
20000523,41196,MAXMW',OTC,27,27,16,0,Maxim Pharmaceuticals Inc Wts,0,0,0
20000524,41196,MAXMW',OTC,25.375,25.375,22,0,Maxim Pharmaceuticals Inc Wts,0,0,0
20000525,41196,MAXMW',OTC,25.5,25.5,46,0,Maxim Pharmaceuticals Inc Wts,0,0,0
20000526,41196,MAXMW',OTC,25.5,25.5,25,0,Maxim Pharmaceuticals Inc Wts,0,0,0
20000530,41196,MAXMW',OTC,27.5,27.5,1,0,Maxim Pharmaceuticals Inc Wts,0,0,0
20000531,41196,MAXMW',OTC,27.5,27.5,0,0,Maxim Pharmaceuticals Inc Wts,0,0,0
20000601,41196,MAXMW',OTC,27.5,27.5,0,0,Maxim Pharmaceuticals Inc Wts,0,0,0
20000602,41196,MAXMW',OTC,35,35,54,0,Maxim Pharmaceuticals Inc Wts,0,0,0
20000605,41196,MAXMW',OTC,35.5625,35.5625,111,0,Maxim Pharmaceuticals Inc Wts,0,0,0
20000606,41196,MAXMW',OTC,40,40,18,0,Maxim Pharmaceuticals Inc Wts,0,0,0
20000607,41196,MAXMW',OTC,38.5,38.5,14,0,Maxim Pharmaceuticals Inc Wts,0,0,0
20000608,41196,MAXMW',OTC,38.75,38.75,1,0,Maxim Pharmaceuticals Inc Wts,0,0,0
20000609,41196,MAXMW',OTC,44.375,44.375,58,0,Maxim Pharmaceuticals Inc Wts,0,0,0
20000612,41196,MAXMW',OTC,43,43,3,0,Maxim Pharmaceuticals Inc Wts,0,0,0
20000613,41196,MAXMW',OTC,42,42,1,0,Maxim Pharmaceuticals Inc Wts,0,0,0
20000614,41196,MAXMW',OTC,41.75,41.75,2,0,Maxim Pharmaceuticals Inc Wts,0,0,0
20000615,41196,MAXMW',OTC,39,39,6,0,Maxim Pharmaceuticals Inc Wts,0,0,0
20000616,41196,MAXMW',OTC,36.375,36.375,7,0,Maxim Pharmaceuticals Inc Wts,0,0,0
20000619,41196,MAXMW',OTC,41.5,41.5,2,0,Maxim Pharmaceuticals Inc Wts,0,0,0
20000620,41196,MAXMW',OTC,40.625,40.625,12,0,Maxim Pharmaceuticals Inc Wts,0,0,0
20000621,41196,MAXMW',OTC,40.625,40.625,0,0,Maxim Pharmaceuticals Inc Wts,0,0,0
20000622,41196,MAXMW',OTC,37.5,37.5,2,0,Maxim Pharmaceuticals Inc Wts,0,0,0
20000623,41196,MAXMW',OTC,35,35,7,0,Maxim Pharmaceuticals Inc Wts,0,0,0
20000626,41196,MAXMW',OTC,35,35,0,0,Maxim Pharmaceuticals Inc Wts,0,0,0
20000627,41196,MAXMW',OTC,35,35,0,0,Maxim Pharmaceuticals Inc Wts,0,0,0
20000628,41196,MAXMW',OTC,35,35,0,0,Maxim Pharmaceuticals Inc Wts,0,0,0
20000629,41196,MAXMW',OTC,39.75,39.75,3,0,Maxim Pharmaceuticals Inc Wts,0,0,0
20000630,41196,MAXMW',OTC,42.5,42.5,10,0,Maxim Pharmaceuticals Inc Wts,0,0,0
20000703,41196,MAXMW',OTC,38,38,2,0,Maxim Pharmaceuticals Inc Wts,0,0,0
20000705,41196,MAXMW',OTC,40.25,40.25,5,0,Maxim Pharmaceuticals Inc Wts,0,0,0
20000706,41196,MAXMW',OTC,41.875,41.875,44,0,Maxim Pharmaceuticals Inc Wts,0,0,0
20000707,41196,MAXMW',OTC,42.75,42.75,20,0,Maxim Pharmaceuticals Inc Wts,0,0,0
20000710,41196,MAXMW',OTC,44.875,44.875,3,0,Maxim Pharmaceuticals Inc Wts,0,0,0
20000711,41196,MAXMW',OTC,49,49,13,0,Maxim Pharmaceuticals Inc Wts,0,0,0
20000712,41196,MAXMW',OTC,49,49,2,0,Maxim Pharmaceuticals Inc Wts,0,0,0
20000713,41196,MAXMW',OTC,47,47,3,0,Maxim Pharmaceuticals Inc Wts,0,0,0
20000714,41196,MAXMW',OTC,48.5,48.5,3,0,Maxim Pharmaceuticals Inc Wts,0,0,0
20000717,41196,MAXMW',OTC,50.5,50.5,186,0,Maxim Pharmaceuticals Inc Wts,0,0,0
20000718,41196,MAXMW',OTC,48.25,48.25,18,0,Maxim Pharmaceuticals Inc Wts,0,0,0
20000719,41196,MAXMW',OTC,47.75,47.75,1,0,Maxim Pharmaceuticals Inc Wts,0,0,0
20000720,41196,MAXMW',OTC,50,50,1,0,Maxim Pharmaceuticals Inc Wts,0,0,0
20000721,41196,MAXMW',OTC,47.5,47.5,2,0,Maxim Pharmaceuticals Inc Wts,0,0,0
20000724,41196,MAXMW',OTC,47.5,47.5,0,0,Maxim Pharmaceuticals Inc Wts,0,0,0
20000725,41196,MAXMW',OTC,43,43,11,0,Maxim Pharmaceuticals Inc Wts,0,0,0
20000726,41196,MAXMW',OTC,44,44,1,0,Maxim Pharmaceuticals Inc Wts,0,0,0
20000727,41196,MAXMW',OTC,44,44,0,0,Maxim Pharmaceuticals Inc Wts,0,0,0
20000728,41196,MAXMW',OTC,40,40,6,0,Maxim Pharmaceuticals Inc Wts,0,0,0
20000731,41196,MAXMW',OTC,40,40,0,0,Maxim Pharmaceuticals Inc Wts,0,0,0
20000801,41196,MAXMW',OTC,42.5,42.5,26,0,Maxim Pharmaceuticals Inc Wts,0,0,0
20000802,41196,MAXMW',OTC,41.125,41.125,20,0,Maxim Pharmaceuticals Inc Wts,0,0,0
20000803,41196,MAXMW',OTC,40,40,22,0,Maxim Pharmaceuticals Inc Wts,0,0,0
20000804,41196,MAXMW',OTC,39.5,39.5,6,0,Maxim Pharmaceuticals Inc Wts,0,0,0
20000807,41196,MAXMW',OTC,40,40,1,0,Maxim Pharmaceuticals Inc Wts,0,0,0
20000808,41196,MAXMW',OTC,37.875,37.875,12,0,Maxim Pharmaceuticals Inc Wts,0,0,0
20000809,41196,MAXMW',OTC,37.875,37.875,0,0,Maxim Pharmaceuticals Inc Wts,0,0,0
20000810,41196,MAXMW',OTC,44,44,9,0,Maxim Pharmaceuticals Inc Wts,0,0,0
20000811,41196,MAXMW',OTC,45,45,25,0,Maxim Pharmaceuticals Inc Wts,0,0,0
20000814,41196,MAXMW',OTC,44.875,44.875,15,0,Maxim Pharmaceuticals Inc Wts,0,0,0
20000815,41196,MAXMW',OTC,44,44,44,0,Maxim Pharmaceuticals Inc Wts,0,0,0
20000816,41196,MAXMW',OTC,46.5,46.5,26,0,Maxim Pharmaceuticals Inc Wts,0,0,0
20000817,41196,MAXMW',OTC,46,46,20,0,Maxim Pharmaceuticals Inc Wts,0,0,0
20000818,41196,MAXMW',OTC,46,46,0,0,Maxim Pharmaceuticals Inc Wts,0,0,0
20000821,41196,MAXMW',OTC,46,46,0,0,Maxim Pharmaceuticals Inc Wts,0,0,0
20000822,41196,MAXMW',OTC,46,46,0,0,Maxim Pharmaceuticals Inc Wts,0,0,0
20000823,41196,MAXMW',OTC,44,44,1,0,Maxim Pharmaceuticals Inc Wts,0,0,0
20000824,41196,MAXMW',OTC,45.5,45.5,26,0,Maxim Pharmaceuticals Inc Wts,0,0,0
20000825,41196,MAXMW',OTC,47,47,11,0,Maxim Pharmaceuticals Inc Wts,0,0,0
20000828,41196,MAXMW',OTC,47,47,0,0,Maxim Pharmaceuticals Inc Wts,0,0,0
20000829,41196,MAXMW',OTC,47,47,0,0,Maxim Pharmaceuticals Inc Wts,0,0,0
20000830,41196,MAXMW',OTC,48,48,10,0,Maxim Pharmaceuticals Inc Wts,0,0,0
20000831,41196,MAXMW',OTC,48,48,0,0,Maxim Pharmaceuticals Inc Wts,0,0,0
20000901,41196,MAXMW',OTC,50.125,50.125,2,0,Maxim Pharmaceuticals Inc Wts,0,0,0
20000905,41196,MAXMW',OTC,50.125,50.125,0,0,Maxim Pharmaceuticals Inc Wts,0,0,0
20000906,41196,MAXMW',OTC,49,49,3,0,Maxim Pharmaceuticals Inc Wts,0,0,0
20000907,41196,MAXMW',OTC,49,49,0,0,Maxim Pharmaceuticals Inc Wts,0,0,0
20000908,41196,MAXMW',OTC,49,49,0,0,Maxim Pharmaceuticals Inc Wts,0,0,0
20000911,41196,MAXMW',OTC,51.625,51.625,22,0,Maxim Pharmaceuticals Inc Wts,0,0,0
20000912,41196,MAXMW',OTC,51.625,51.625,0,0,Maxim Pharmaceuticals Inc Wts,0,0,0
20000913,41196,MAXMW',OTC,52.125,52.125,5,0,Maxim Pharmaceuticals Inc Wts,0,0,0
20000914,41196,MAXMW',OTC,50.75,50.75,16,0,Maxim Pharmaceuticals Inc Wts,0,0,0
20000915,41196,MAXMW',OTC,48,48,63,0,Maxim Pharmaceuticals Inc Wts,0,0,0
20000918,41196,MAXMW',OTC,48.625,48.625,28,0,Maxim Pharmaceuticals Inc Wts,0,0,0
20000919,41196,MAXMW',OTC,49,49,3,0,Maxim Pharmaceuticals Inc Wts,0,0,0
20000920,41196,MAXMW',OTC,49,49,0,0,Maxim Pharmaceuticals Inc Wts,0,0,0
20000921,41196,MAXMW',OTC,49,49,0,0,Maxim Pharmaceuticals Inc Wts,0,0,0
20000922,41196,MAXMW',OTC,49,49,0,0,Maxim Pharmaceuticals Inc Wts,0,0,0
20000925,41196,MAXMW',OTC,52,52,38,0,Maxim Pharmaceuticals Inc Wts,0,0,0
20000926,41196,MAXMW',OTC,51,51,36,0,Maxim Pharmaceuticals Inc Wts,0,0,0
20000927,41196,MAXMW',OTC,51,51,0,0,Maxim Pharmaceuticals Inc Wts,0,0,0
20000928,41196,MAXMW',OTC,47.75,47.75,10,0,Maxim Pharmaceuticals Inc Wts,0,0,0
20000929,41196,MAXMW',OTC,47.75,47.75,0,0,Maxim Pharmaceuticals Inc Wts,0,0,0
20001002,41196,MAXMW',OTC,49,49,1,0,Maxim Pharmaceuticals Inc Wts,0,0,0
20001003,41196,MAXMW',OTC,49.375,49.375,10,0,Maxim Pharmaceuticals Inc Wts,0,0,0
20001004,41196,MAXMW',OTC,49.375,49.375,0,0,Maxim Pharmaceuticals Inc Wts,0,0,0
20001005,41196,MAXMW',OTC,47.5,47.5,35,0,Maxim Pharmaceuticals Inc Wts,0,0,0
20001006,41196,MAXMW',OTC,43.5,43.5,3,0,Maxim Pharmaceuticals Inc Wts,0,0,0
20001009,41196,MAXMW',OTC,39.875,39.875,59,0,Maxim Pharmaceuticals Inc Wts,0,0,0
20001010,41196,MAXMW',OTC,38.125,38.125,4,0,Maxim Pharmaceuticals Inc Wts,0,0,0
20001011,41196,MAXMW',OTC,34.5,34.5,110,0,Maxim Pharmaceuticals Inc Wts,0,0,0
20001012,41196,MAXMW',OTC,32,32,93,0,Maxim Pharmaceuticals Inc Wts,0,0,0
20001013,41196,MAXMW',OTC,33,33,43,0,Maxim Pharmaceuticals Inc Wts,0,0,0
20001016,41196,MAXMW',OTC,34.5,34.5,7,0,Maxim Pharmaceuticals Inc Wts,0,0,0
20001017,41196,MAXMW',OTC,35.25,35.25,7,0,Maxim Pharmaceuticals Inc Wts,0,0,0
20001018,41196,MAXMW',OTC,34,34,25,0,Maxim Pharmaceuticals Inc Wts,0,0,0
20001019,41196,MAXMW',OTC,35.375,35.375,10,0,Maxim Pharmaceuticals Inc Wts,0,0,0
20001020,41196,MAXMW',OTC,36.375,36.375,2,0,Maxim Pharmaceuticals Inc Wts,0,0,0
20001023,41196,MAXMW',OTC,36.375,36.375,0,0,Maxim Pharmaceuticals Inc Wts,0,0,0
20001024,41196,MAXMW',OTC,38.375,38.375,5,0,Maxim Pharmaceuticals Inc Wts,0,0,0
20001025,41196,MAXMW',OTC,36.625,36.625,1,0,Maxim Pharmaceuticals Inc Wts,0,0,0
20001026,41196,MAXMW',OTC,32.5,32.5,8,0,Maxim Pharmaceuticals Inc Wts,0,0,0
20001027,41196,MAXMW',OTC,36.5,36.5,1,0,Maxim Pharmaceuticals Inc Wts,0,0,0
20001030,41196,MAXMW',OTC,34,34,26,0,Maxim Pharmaceuticals Inc Wts,0,0,0
20001031,41196,MAXMW',OTC,32.75,32.75,1,0,Maxim Pharmaceuticals Inc Wts,0,0,0
20001101,41196,MAXMW',OTC,31.875,31.875,6,0,Maxim Pharmaceuticals Inc Wts,0,0,0
20001102,41196,MAXMW',OTC,31.875,31.875,0,0,Maxim Pharmaceuticals Inc Wts,0,0,0
20001103,41196,MAXMW',OTC,32.5,32.5,2,0,Maxim Pharmaceuticals Inc Wts,0,0,0
20001106,41196,MAXMW',OTC,32.5,32.5,0,0,Maxim Pharmaceuticals Inc Wts,0,0,0
20001107,41196,MAXMW',OTC,32.5,32.5,0,0,Maxim Pharmaceuticals Inc Wts,0,0,0
20001108,41196,MAXMW',OTC,35,35,13,0,Maxim Pharmaceuticals Inc Wts,0,0,0
20001109,41196,MAXMW',OTC,31.375,31.375,15,0,Maxim Pharmaceuticals Inc Wts,0,0,0
20001110,41196,MAXMW',OTC,29,29,1,0,Maxim Pharmaceuticals Inc Wts,0,0,0
20001113,41196,MAXMW',OTC,26,26,68,0,Maxim Pharmaceuticals Inc Wts,0,0,0
20001114,41196,MAXMW',OTC,27.75,27.75,2,0,Maxim Pharmaceuticals Inc Wts,0,0,0
20001115,41196,MAXMW',OTC,27.75,27.75,0,0,Maxim Pharmaceuticals Inc Wts,0,0,0
20001116,41196,MAXMW',OTC,27.5,27.5,1,0,Maxim Pharmaceuticals Inc Wts,0,0,0
20001117,41196,MAXMW',OTC,25.625,25.625,17,0,Maxim Pharmaceuticals Inc Wts,0,0,0
20001120,41196,MAXMW',OTC,24.25,24.25,43,0,Maxim Pharmaceuticals Inc Wts,0,0,0
20001121,41196,MAXMW',OTC,31.875,31.875,5,0,Maxim Pharmaceuticals Inc Wts,0,0,0
20001122,41196,MAXMW',OTC,29.125,29.125,40,0,Maxim Pharmaceuticals Inc Wts,0,0,0
20001124,41196,MAXMW',OTC,24,24,1,0,Maxim Pharmaceuticals Inc Wts,0,0,0
20001127,41196,MAXMW',OTC,25.0625,25.0625,4,0,Maxim Pharmaceuticals Inc Wts,0,0,0
20001128,41196,MAXMW',OTC,29,29,1,0,Maxim Pharmaceuticals Inc Wts,0,0,0
20001129,41196,MAXMW',OTC,29,29,15,0,Maxim Pharmaceuticals Inc Wts,0,0,0
20001130,41196,MAXMW',OTC,29,29,0,0,Maxim Pharmaceuticals Inc Wts,0,0,0
20001201,41196,MAXMW',OTC,25,25,17,0,Maxim Pharmaceuticals Inc Wts,0,0,0
20001204,41196,MAXMW',OTC,24.25,24.25,1,0,Maxim Pharmaceuticals Inc Wts,0,0,0
20001205,41196,MAXMW',OTC,18.5,18.5,42,0,Maxim Pharmaceuticals Inc Wts,0,0,0
20001206,41196,MAXMW',OTC,22.5,22.5,8,0,Maxim Pharmaceuticals Inc Wts,0,0,0
20001207,41196,MAXMW',OTC,17.875,17.875,35,0,Maxim Pharmaceuticals Inc Wts,0,0,0
20001208,41196,MAXMW',OTC,19.75,19.75,11,0,Maxim Pharmaceuticals Inc Wts,0,0,0
20001211,41196,MAXMW',OTC,21.5,21.5,48,0,Maxim Pharmaceuticals Inc Wts,0,0,0
20001212,41196,MAXMW',OTC,9.75,9.75,198,0,Maxim Pharmaceuticals Inc Wts,0,0,0
20001213,41196,MAXMW',OTC,6.75,6.75,136,0,Maxim Pharmaceuticals Inc Wts,0,0,0
20001214,41196,MAXMW',OTC,2.8125,2.8125,2533,0,Maxim Pharmaceuticals Inc Wts,0,0,0
20001215,41196,MAXMW',OTC,2.125,2.125,1321,0,Maxim Pharmaceuticals Inc Wts,0,0,0
20001218,41196,MAXMW',OTC,1.5,1.5,1126,0,Maxim Pharmaceuticals Inc Wts,0,0,0
20001219,41196,MAXMW',OTC,1.25,1.25,217,0,Maxim Pharmaceuticals Inc Wts,0,0,0
20001220,41196,MAXMW',OTC,1,1,444,0,Maxim Pharmaceuticals Inc Wts,0,0,0
20001221,41196,MAXMW',OTC,0.96875,0.96875,244,0,Maxim Pharmaceuticals Inc Wts,0,0,0
20001222,41196,MAXMW',OTC,0.9375,0.9375,66,0,Maxim Pharmaceuticals Inc Wts,0,0,0
20001226,41196,MAXMW',OTC,0.8125,0.8125,132,0,Maxim Pharmaceuticals Inc Wts,0,0,0
20001227,41196,MAXMW',OTC,0.8125,0.8125,365,0,Maxim Pharmaceuticals Inc Wts,0,0,0
20001228,41196,MAXMW',OTC,0.875,0.875,373,0,Maxim Pharmaceuticals Inc Wts,0,0,0
20001229,41196,MAXMW',OTC,1,1,461,0,Maxim Pharmaceuticals Inc Wts,0,0,0
20010102,41196,MAXMW',OTC,1.0625,1.0625,306,0,Maxim Pharmaceuticals Inc Wts,0,0,0
20010103,41196,MAXMW',OTC,1.3125,1.3125,385,0,Maxim Pharmaceuticals Inc Wts,0,0,0
20010104,41196,MAXMW',OTC,1.25,1.25,13,0,Maxim Pharmaceuticals Inc Wts,0,0,0
20010105,41196,MAXMW',OTC,1,1,85,0,Maxim Pharmaceuticals Inc Wts,0,0,0
20010108,41196,MAXMW',OTC,1,1,0,0,Maxim Pharmaceuticals Inc Wts,0,0,0
20010109,41196,MAXMW',OTC,1,1,190,0,Maxim Pharmaceuticals Inc Wts,0,0,0
20010110,41196,MAXMW',OTC,1,1,75,0,Maxim Pharmaceuticals Inc Wts,0,0,0
20010111,41196,MAXMW',OTC,1.25,1.25,79,0,Maxim Pharmaceuticals Inc Wts,0,0,0
20010112,41196,MAXMW',OTC,1.25,1.25,0,0,Maxim Pharmaceuticals Inc Wts,0,0,0
20010116,41196,MAXMW',OTC,1.4375,1.4375,777,0,Maxim Pharmaceuticals Inc Wts,0,0,0
20010117,41196,MAXMW',OTC,1.625,1.625,602,0,Maxim Pharmaceuticals Inc Wts,0,0,0
20010118,41196,MAXMW',OTC,1.875,1.875,641,0,Maxim Pharmaceuticals Inc Wts,0,0,0
20010119,41196,MAXMW',OTC,1.5625,1.5625,485,0,Maxim Pharmaceuticals Inc Wts,0,0,0
20010122,41196,MAXMW',OTC,1.625,1.625,433,0,Maxim Pharmaceuticals Inc Wts,0,0,0
20010123,41196,MAXMW',OTC,2,2,32,0,Maxim Pharmaceuticals Inc Wts,0,0,0
20010124,41196,MAXMW',OTC,1.71875,1.71875,80,0,Maxim Pharmaceuticals Inc Wts,0,0,0
20010125,41196,MAXMW',OTC,1.65625,1.65625,26,0,Maxim Pharmaceuticals Inc Wts,0,0,0
20010126,41196,MAXMW',OTC,1.5625,1.5625,10,0,Maxim Pharmaceuticals Inc Wts,0,0,0
20010129,41196,MAXMW',OTC,1.5,1.5,21,0,Maxim Pharmaceuticals Inc Wts,0,0,0
20010130,41196,MAXMW',OTC,1.25,1.25,60,0,Maxim Pharmaceuticals Inc Wts,0,0,0
20010131,41196,MAXMW',OTC,1.75,1.75,128,0,Maxim Pharmaceuticals Inc Wts,0,0,0
20010201,41196,MAXMW',OTC,1.5625,1.5625,42,0,Maxim Pharmaceuticals Inc Wts,0,0,0
20010202,41196,MAXMW',OTC,1.4375,1.4375,47,0,Maxim Pharmaceuticals Inc Wts,0,0,0
20010205,41196,MAXMW',OTC,1.375,1.375,2,0,Maxim Pharmaceuticals Inc Wts,0,0,0
20010206,41196,MAXMW',OTC,1.3125,1.3125,1,0,Maxim Pharmaceuticals Inc Wts,0,0,0
20010207,41196,MAXMW',OTC,1.28125,1.28125,65,0,Maxim Pharmaceuticals Inc Wts,0,0,0
20010208,41196,MAXMW',OTC,1.1875,1.1875,96,0,Maxim Pharmaceuticals Inc Wts,0,0,0
20010209,41196,MAXMW',OTC,1.0625,1.0625,113,0,Maxim Pharmaceuticals Inc Wts,0,0,0
20010212,41196,MAXMW',OTC,1.0625,1.0625,2,0,Maxim Pharmaceuticals Inc Wts,0,0,0
20010213,41196,MAXMW',OTC,1.03125,1.03125,142,0,Maxim Pharmaceuticals Inc Wts,0,0,0
20010214,41196,MAXMW',OTC,1.03125,1.03125,0,0,Maxim Pharmaceuticals Inc Wts,0,0,0
20010215,41196,MAXMW',OTC,1.0625,1.0625,56,0,Maxim Pharmaceuticals Inc Wts,0,0,0
20010216,41196,MAXMW',OTC,0.875,0.875,167,0,Maxim Pharmaceuticals Inc Wts,0,0,0
20010220,41196,MAXMW',OTC,0.875,0.875,0,0,Maxim Pharmaceuticals Inc Wts,0,0,0
20010221,41196,MAXMW',OTC,0.875,0.875,45,0,Maxim Pharmaceuticals Inc Wts,0,0,0
20010222,41196,MAXMW',OTC,0.8125,0.8125,45,0,Maxim Pharmaceuticals Inc Wts,0,0,0
20010223,41196,MAXMW',OTC,0.6875,0.6875,40,0,Maxim Pharmaceuticals Inc Wts,0,0,0
20010226,41196,MAXMW',OTC,0.6875,0.6875,0,0,Maxim Pharmaceuticals Inc Wts,0,0,0
20010227,41196,MAXMW',OTC,0.8125,0.8125,19,0,Maxim Pharmaceuticals Inc Wts,0,0,0
20010228,41196,MAXMW',OTC,0.75,0.75,37,0,Maxim Pharmaceuticals Inc Wts,0,0,0
20010301,41196,MAXMW',OTC,0.6875,0.6875,12,0,Maxim Pharmaceuticals Inc Wts,0,0,0
20010302,41196,MAXMW',OTC,0.6875,0.6875,1,0,Maxim Pharmaceuticals Inc Wts,0,0,0
20010305,41196,MAXMW',OTC,0.78125,0.78125,87,0,Maxim Pharmaceuticals Inc Wts,0,0,0
20010306,41196,MAXMW',OTC,0.8125,0.8125,24,0,Maxim Pharmaceuticals Inc Wts,0,0,0
20010307,41196,MAXMW',OTC,0.78125,0.78125,30,0,Maxim Pharmaceuticals Inc Wts,0,0,0
20010308,41196,MAXMW',OTC,0.78125,0.78125,10,0,Maxim Pharmaceuticals Inc Wts,0,0,0
20010309,41196,MAXMW',OTC,0.75,0.75,4,0,Maxim Pharmaceuticals Inc Wts,0,0,0
20010312,41196,MAXMW',OTC,0.625,0.625,46,0,Maxim Pharmaceuticals Inc Wts,0,0,0
20010313,41196,MAXMW',OTC,0.625,0.625,72,0,Maxim Pharmaceuticals Inc Wts,0,0,0
20010314,41196,MAXMW',OTC,0.5625,0.5625,87,0,Maxim Pharmaceuticals Inc Wts,0,0,0
20010315,41196,MAXMW',OTC,0.5625,0.5625,10,0,Maxim Pharmaceuticals Inc Wts,0,0,0
20010316,41196,MAXMW',OTC,0.5625,0.5625,11,0,Maxim Pharmaceuticals Inc Wts,0,0,0
20010319,41196,MAXMW',OTC,0.5625,0.5625,0,0,Maxim Pharmaceuticals Inc Wts,0,0,0
20010320,41196,MAXMW',OTC,0.5625,0.5625,0,0,Maxim Pharmaceuticals Inc Wts,0,0,0
20010321,41196,MAXMW',OTC,0.375,0.375,97,0,Maxim Pharmaceuticals Inc Wts,0,0,0
20010322,41196,MAXMW',OTC,0.4375,0.4375,52,0,Maxim Pharmaceuticals Inc Wts,0,0,0
20010323,41196,MAXMW',OTC,0.5,0.5,3,0,Maxim Pharmaceuticals Inc Wts,0,0,0
20010326,41196,MAXMW',OTC,0.55,0.55,10,0,Maxim Pharmaceuticals Inc Wts,0,0,0
20010327,41196,MAXMW',OTC,0.6,0.6,10,0,Maxim Pharmaceuticals Inc Wts,0,0,0
20010328,41196,MAXMW',OTC,0.6,0.6,0,0,Maxim Pharmaceuticals Inc Wts,0,0,0
20010329,41196,MAXMW',OTC,0.38,0.38,10,0,Maxim Pharmaceuticals Inc Wts,0,0,0
20010330,41196,MAXMW',OTC,0.4,0.4,76,0,Maxim Pharmaceuticals Inc Wts,0,0,0
20010402,41196,MAXMW',OTC,0.4,0.4,0,0,Maxim Pharmaceuticals Inc Wts,0,0,0
20010403,41196,MAXMW',OTC,0.4,0.4,13,0,Maxim Pharmaceuticals Inc Wts,0,0,0
20010404,41196,MAXMW',OTC,0.44,0.44,61,0,Maxim Pharmaceuticals Inc Wts,0,0,0
20010405,41196,MAXMW',OTC,0.45,0.45,50,0,Maxim Pharmaceuticals Inc Wts,0,0,0
20010406,41196,MAXMW',OTC,0.45,0.45,10,0,Maxim Pharmaceuticals Inc Wts,0,0,0
20010409,41196,MAXMW',OTC,0.55,0.55,25,0,Maxim Pharmaceuticals Inc Wts,0,0,0
20010410,41196,MAXMW',OTC,0.68,0.68,178,0,Maxim Pharmaceuticals Inc Wts,0,0,0
20010411,41196,MAXMW',OTC,0.68,0.68,0,0,Maxim Pharmaceuticals Inc Wts,0,0,0
20010412,41196,MAXMW',OTC,0.65,0.65,15,0,Maxim Pharmaceuticals Inc Wts,0,0,0
20010416,41196,MAXMW',OTC,0.7,0.7,10,0,Maxim Pharmaceuticals Inc Wts,0,0,0
20010417,41196,MAXMW',OTC,0.8,0.8,70,0,Maxim Pharmaceuticals Inc Wts,0,0,0
20010418,41196,MAXMW',OTC,0.8,0.8,64,0,Maxim Pharmaceuticals Inc Wts,0,0,0
20010419,41196,MAXMW',OTC,0.7,0.7,2,0,Maxim Pharmaceuticals Inc Wts,0,0,0
20010420,41196,MAXMW',OTC,0.79,0.79,74,0,Maxim Pharmaceuticals Inc Wts,0,0,0
20010423,41196,MAXMW',OTC,0.71,0.71,37,0,Maxim Pharmaceuticals Inc Wts,0,0,0
20010424,41196,MAXMW',OTC,0.6,0.6,298,0,Maxim Pharmaceuticals Inc Wts,0,0,0
20010425,41196,MAXMW',OTC,0.58,0.58,12,0,Maxim Pharmaceuticals Inc Wts,0,0,0
20010426,41196,MAXMW',OTC,0.58,0.58,0,0,Maxim Pharmaceuticals Inc Wts,0,0,0
20010427,41196,MAXMW',OTC,0.6,0.6,23,0,Maxim Pharmaceuticals Inc Wts,0,0,0
20010430,41196,MAXMW',OTC,0.6,0.6,0,0,Maxim Pharmaceuticals Inc Wts,0,0,0
20010501,41196,MAXMW',OTC,0.55,0.55,50,0,Maxim Pharmaceuticals Inc Wts,0,0,0
20010502,41196,MAXMW',OTC,0.55,0.55,0,0,Maxim Pharmaceuticals Inc Wts,0,0,0
20010503,41196,MAXMW',OTC,0.52,0.52,115,0,Maxim Pharmaceuticals Inc Wts,0,0,0
20010504,41196,MAXMW',OTC,0.5,0.5,30,0,Maxim Pharmaceuticals Inc Wts,0,0,0
20010507,41196,MAXMW',OTC,0.5,0.5,98,0,Maxim Pharmaceuticals Inc Wts,0,0,0
20010508,41196,MAXMW',OTC,0.5,0.5,10,0,Maxim Pharmaceuticals Inc Wts,0,0,0
20010509,41196,MAXMW',OTC,0.45,0.45,387,0,Maxim Pharmaceuticals Inc Wts,0,0,0
20010510,41196,MAXMW',OTC,0.4,0.4,116,0,Maxim Pharmaceuticals Inc Wts,0,0,0
20010511,41196,MAXMW',OTC,0.38,0.38,182,0,Maxim Pharmaceuticals Inc Wts,0,0,0
20010514,41196,MAXMW',OTC,0.4,0.4,32,0,Maxim Pharmaceuticals Inc Wts,0,0,0
20010515,41196,MAXMW',OTC,0.62,0.62,1488,0,Maxim Pharmaceuticals Inc Wts,0,0,0
20010516,41196,MAXMW',OTC,0.7,0.7,509,0,Maxim Pharmaceuticals Inc Wts,0,0,0
20010517,41196,MAXMW',OTC,0.7,0.7,211,0,Maxim Pharmaceuticals Inc Wts,0,0,0
20010518,41196,MAXMW',OTC,0.67,0.67,30,0,Maxim Pharmaceuticals Inc Wts,0,0,0
20010521,41196,MAXMW',OTC,0.7,0.7,139,0,Maxim Pharmaceuticals Inc Wts,0,0,0
20010522,41196,MAXMW',OTC,0.65,0.65,41,0,Maxim Pharmaceuticals Inc Wts,0,0,0
20010523,41196,MAXMW',OTC,0.7,0.7,74,0,Maxim Pharmaceuticals Inc Wts,0,0,0
20010524,41196,MAXMW',OTC,0.65,0.65,7,0,Maxim Pharmaceuticals Inc Wts,0,0,0
20010525,41196,MAXMW',OTC,0.55,0.55,105,0,Maxim Pharmaceuticals Inc Wts,0,0,0
20010529,41196,MAXMW',OTC,0.55,0.55,121,0,Maxim Pharmaceuticals Inc Wts,0,0,0
20010530,41196,MAXMW',OTC,0.41,0.41,97,0,Maxim Pharmaceuticals Inc Wts,0,0,0
20010531,41196,MAXMW',OTC,0.48,0.48,16,0,Maxim Pharmaceuticals Inc Wts,0,0,0
20010601,41196,MAXMW',OTC,0.44,0.44,18,0,Maxim Pharmaceuticals Inc Wts,0,0,0
20010604,41196,MAXMW',OTC,0.44,0.44,0,0,Maxim Pharmaceuticals Inc Wts,0,0,0
20010605,41196,MAXMW',OTC,0.35,0.35,31,0,Maxim Pharmaceuticals Inc Wts,0,0,0
20010606,41196,MAXMW',OTC,0.5,0.5,512,0,Maxim Pharmaceuticals Inc Wts,0,0,0
20010607,41196,MAXMW',OTC,0.4,0.4,444,0,Maxim Pharmaceuticals Inc Wts,0,0,0
20010608,41196,MAXMW',OTC,0.28,0.28,201,0,Maxim Pharmaceuticals Inc Wts,0,0,0
20010611,41196,MAXMW',OTC,0.25,0.25,232,0,Maxim Pharmaceuticals Inc Wts,0,0,0
20010612,41196,MAXMW',OTC,0.22,0.22,570,0,Maxim Pharmaceuticals Inc Wts,0,0,0
20010613,41196,MAXMW',OTC,0.2,0.2,156,0,Maxim Pharmaceuticals Inc Wts,0,0,0
20010614,41196,MAXMW',OTC,0.18,0.18,220,0,Maxim Pharmaceuticals Inc Wts,0,0,0
20010615,41196,MAXMW',OTC,0.16,0.16,525,0,Maxim Pharmaceuticals Inc Wts,0,0,0
20010618,41196,MAXMW',OTC,0.1,0.1,70,0,Maxim Pharmaceuticals Inc Wts,0,0,0
20010619,41196,MAXMW',OTC,0.14,0.14,230,0,Maxim Pharmaceuticals Inc Wts,0,0,0
20010620,41196,MAXMW',OTC,0.14,0.14,87,0,Maxim Pharmaceuticals Inc Wts,0,0,0
20010621,41196,MAXMW',OTC,0.14,0.14,414,0,Maxim Pharmaceuticals Inc Wts,0,0,0
20010622,41196,MAXMW',OTC,0.12,0.12,1004,0,Maxim Pharmaceuticals Inc Wts,0,0,0
20010625,41196,MAXMW',OTC,0.11,0.11,527,0,Maxim Pharmaceuticals Inc Wts,0,0,0
20010626,41196,MAXMW',OTC,0.09,0.09,325,0,Maxim Pharmaceuticals Inc Wts,0,0,0
20010627,41196,MAXMW',OTC,0.09,0.09,229,0,Maxim Pharmaceuticals Inc Wts,0,0,0
20010628,41196,MAXMW',OTC,0.08,0.08,358,0,Maxim Pharmaceuticals Inc Wts,0,0,0
20010629,41196,MAXMW',OTC,0.07,0.07,175,0,Maxim Pharmaceuticals Inc Wts,0,0,0
20010702,41196,MAXMW',OTC,0.08,0.08,170,0,Maxim Pharmaceuticals Inc Wts,0,0,0
20010703,41196,MAXMW',OTC,0.06,0.06,14,0,Maxim Pharmaceuticals Inc Wts,0,0,0
20010705,41196,MAXMW',OTC,0.05,0.05,733,0,Maxim Pharmaceuticals Inc Wts,0,0,0
20010706,41196,MAXMW',OTC,0.12,0.12,350,0,Maxim Pharmaceuticals Inc Wts,0,0,0
20010709,41196,MAXMW',OTC,0.08,0.08,407,0,Maxim Pharmaceuticals Inc Wts,0,0,0
20010710,41196,MAXMW',OTC,0.04,0.04,1951,0,Maxim Pharmaceuticals Inc Wts,0,0,0
