DDate,CSINumber,Symbol,Exchange,DClose,UnAdjustedClose,TotalVolume,Cash,MarketName,PTB,PSR,DPS
20000825,41386,SMXME',OTC,0.09375,0.09375,0,0,Samex Mining Corp,0,0,0
20000828,41386,SMXME',OTC,0.09375,0.09375,0,0,Samex Mining Corp,0,0,0
20000829,41386,SMXME',OTC,0.0625,0.0625,30,0,Samex Mining Corp,0,0,0
20000830,41386,SMXME',OTC,0.0625,0.0625,0,0,Samex Mining Corp,0,0,0
20000831,41386,SMXME',OTC,0.0625,0.0625,0,0,Samex Mining Corp,0,0,0
20000901,41386,SMXME',OTC,0.0625,0.0625,0,0,Samex Mining Corp,0,0,0
20000905,41386,SMXME',OTC,0.0625,0.0625,0,0,Samex Mining Corp,0,0,0
20000906,41386,SMXME',OTC,0.0625,0.0625,0,0,Samex Mining Corp,0,0,0
20000907,41386,SMXME',OTC,0.0625,0.0625,126,0,Samex Mining Corp,0,0,0
20000908,41386,SMXME',OTC,0.0625,0.0625,0,0,Samex Mining Corp,0,0,0
20000911,41386,SMXME',OTC,0.0625,0.0625,0,0,Samex Mining Corp,0,0,0
20000912,41386,SMXME',OTC,0.0625,0.0625,0,0,Samex Mining Corp,0,0,0
20000913,41386,SMXME',OTC,0.0625,0.0625,0,0,Samex Mining Corp,0,0,0
20000914,41386,SMXME',OTC,0.0625,0.0625,0,0,Samex Mining Corp,0,0,0
20000915,41386,SMXME',OTC,0.0625,0.0625,0,0,Samex Mining Corp,0,0,0
20000918,41386,SMXME',OTC,0.0625,0.0625,0,0,Samex Mining Corp,0,0,0
20000919,41386,SMXME',OTC,0.0625,0.0625,0,0,Samex Mining Corp,0,0,0
20000920,41386,SMXME',OTC,0.0625,0.0625,0,0,Samex Mining Corp,0,0,0
20000921,41386,SMXME',OTC,0.0625,0.0625,0,0,Samex Mining Corp,0,0,0
20000922,41386,SMXME',OTC,0.0625,0.0625,0,0,Samex Mining Corp,0,0,0
20000925,41386,SMXME',OTC,0.0625,0.0625,0,0,Samex Mining Corp,0,0,0
20000926,41386,SMXME',OTC,0.0625,0.0625,0,0,Samex Mining Corp,0,0,0
20000927,41386,SMXME',OTC,0.0625,0.0625,0,0,Samex Mining Corp,0,0,0
20000928,41386,SMXME',OTC,0.0625,0.0625,0,0,Samex Mining Corp,0,0,0
20000929,41386,SMXME',OTC,0.0625,0.0625,0,0,Samex Mining Corp,0,0,0
20001002,41386,SMXME',OTC,0.0625,0.0625,0,0,Samex Mining Corp,0,0,0
20001003,41386,SMXME',OTC,0.0625,0.0625,0,0,Samex Mining Corp,0,0,0
20001004,41386,SMXME',OTC,0.0625,0.0625,0,0,Samex Mining Corp,0,0,0
20001005,41386,SMXME',OTC,0.109375,0.109375,35,0,Samex Mining Corp,0,0,0
20001006,41386,SMXME',OTC,0.109375,0.109375,0,0,Samex Mining Corp,0,0,0
20001009,41386,SMXME',OTC,0.109375,0.109375,0,0,Samex Mining Corp,0,0,0
20001010,41386,SMXME',OTC,0.109375,0.109375,0,0,Samex Mining Corp,0,0,0
20001011,41386,SMXME',OTC,0.109375,0.109375,0,0,Samex Mining Corp,0,0,0
20001012,41386,SMXME',OTC,0.109375,0.109375,0,0,Samex Mining Corp,0,0,0
20001013,41386,SMXME',OTC,0.078125,0.078125,165,0,Samex Mining Corp,0,0,0
20001016,41386,SMXME',OTC,0.078125,0.078125,0,0,Samex Mining Corp,0,0,0
20001017,41386,SMXME',OTC,0.078125,0.078125,0,0,Samex Mining Corp,0,0,0
20001018,41386,SMXME',OTC,0.078125,0.078125,0,0,Samex Mining Corp,0,0,0
20001019,41386,SMXME',OTC,0.078125,0.078125,0,0,Samex Mining Corp,0,0,0
20001020,41386,SMXME',OTC,0.078125,0.078125,0,0,Samex Mining Corp,0,0,0
20001023,41386,SMXME',OTC,0.0625,0.0625,10,0,Samex Mining Corp,0,0,0
20001024,41386,SMXME',OTC,0.0625,0.0625,0,0,Samex Mining Corp,0,0,0
20001025,41386,SMXME',OTC,0.0625,0.0625,0,0,Samex Mining Corp,0,0,0
20001026,41386,SMXME',OTC,0.0625,0.0625,0,0,Samex Mining Corp,0,0,0
20001027,41386,SMXME',OTC,0.0625,0.0625,0,0,Samex Mining Corp,0,0,0
20001030,41386,SMXME',OTC,0.0625,0.0625,0,0,Samex Mining Corp,0,0,0
20001031,41386,SMXME',OTC,0.0625,0.0625,0,0,Samex Mining Corp,0,0,0
20001101,41386,SMXME',OTC,0.0625,0.0625,0,0,Samex Mining Corp,0,0,0
20001102,41386,SMXME',OTC,0.0625,0.0625,0,0,Samex Mining Corp,0,0,0
20001103,41386,SMXME',OTC,0.0625,0.0625,20,0,Samex Mining Corp,0,0,0
20001106,41386,SMXME',OTC,0.0625,0.0625,0,0,Samex Mining Corp,0,0,0
20001107,41386,SMXME',OTC,0.0625,0.0625,0,0,Samex Mining Corp,0,0,0
20001108,41386,SMXME',OTC,0.0625,0.0625,0,0,Samex Mining Corp,0,0,0
20001109,41386,SMXME',OTC,0.0625,0.0625,0,0,Samex Mining Corp,0,0,0
20001110,41386,SMXME',OTC,0.0625,0.0625,0,0,Samex Mining Corp,0,0,0
20001113,41386,SMXME',OTC,0.0625,0.0625,0,0,Samex Mining Corp,0,0,0
20001114,41386,SMXME',OTC,0.0625,0.0625,0,0,Samex Mining Corp,0,0,0
20001115,41386,SMXME',OTC,0.0625,0.0625,0,0,Samex Mining Corp,0,0,0
20001116,41386,SMXME',OTC,0.0625,0.0625,0,0,Samex Mining Corp,0,0,0
20001117,41386,SMXME',OTC,0.0625,0.0625,0,0,Samex Mining Corp,0,0,0
20001120,41386,SMXME',OTC,0.0625,0.0625,20,0,Samex Mining Corp,0,0,0
20001121,41386,SMXME',OTC,0.0625,0.0625,0,0,Samex Mining Corp,0,0,0
20001122,41386,SMXME',OTC,0.0625,0.0625,0,0,Samex Mining Corp,0,0,0
20001124,41386,SMXME',OTC,0.0625,0.0625,0,0,Samex Mining Corp,0,0,0
20001127,41386,SMXME',OTC,0.0625,0.0625,0,0,Samex Mining Corp,0,0,0
20001128,41386,SMXME',OTC,0.0625,0.0625,0,0,Samex Mining Corp,0,0,0
20001129,41386,SMXME',OTC,0.0625,0.0625,0,0,Samex Mining Corp,0,0,0
20001130,41386,SMXME',OTC,0.0625,0.0625,0,0,Samex Mining Corp,0,0,0
20001201,41386,SMXME',OTC,0.0625,0.0625,0,0,Samex Mining Corp,0,0,0
20001204,41386,SMXME',OTC,0.0625,0.0625,0,0,Samex Mining Corp,0,0,0
20001205,41386,SMXME',OTC,0.0625,0.0625,0,0,Samex Mining Corp,0,0,0
20001206,41386,SMXME',OTC,0.0625,0.0625,0,0,Samex Mining Corp,0,0,0
20001207,41386,SMXME',OTC,0.0625,0.0625,0,0,Samex Mining Corp,0,0,0
20001208,41386,SMXME',OTC,0.0625,0.0625,0,0,Samex Mining Corp,0,0,0
20001211,41386,SMXME',OTC,0.0625,0.0625,0,0,Samex Mining Corp,0,0,0
20001212,41386,SMXME',OTC,0.0625,0.0625,0,0,Samex Mining Corp,0,0,0
20001213,41386,SMXME',OTC,0.0625,0.0625,310,0,Samex Mining Corp,0,0,0
20001214,41386,SMXME',OTC,0.0625,0.0625,0,0,Samex Mining Corp,0,0,0
20001215,41386,SMXME',OTC,0.0625,0.0625,0,0,Samex Mining Corp,0,0,0
20001218,41386,SMXME',OTC,0.046875,0.046875,200,0,Samex Mining Corp,0,0,0
20001219,41386,SMXME',OTC,0.046875,0.046875,0,0,Samex Mining Corp,0,0,0
20001220,41386,SMXME',OTC,0.046875,0.046875,0,0,Samex Mining Corp,0,0,0
20001221,41386,SMXME',OTC,0.046875,0.046875,0,0,Samex Mining Corp,0,0,0
20001222,41386,SMXME',OTC,0.046875,0.046875,0,0,Samex Mining Corp,0,0,0
20001226,41386,SMXME',OTC,0.0625,0.0625,7,0,Samex Mining Corp,0,0,0
20001227,41386,SMXME',OTC,0.0625,0.0625,25,0,Samex Mining Corp,0,0,0
20001228,41386,SMXME',OTC,0.0625,0.0625,10,0,Samex Mining Corp,0,0,0
20001229,41386,SMXME',OTC,0.0625,0.0625,0,0,Samex Mining Corp,0,0,0
20010102,41386,SMXME',OTC,0.0625,0.0625,0,0,Samex Mining Corp,0,0,0
20010103,41386,SMXME',OTC,0.0625,0.0625,0,0,Samex Mining Corp,0,0,0
20010104,41386,SMXME',OTC,0.0625,0.0625,0,0,Samex Mining Corp,0,0,0
20010105,41386,SMXME',OTC,0.0625,0.0625,0,0,Samex Mining Corp,0,0,0
20010108,41386,SMXME',OTC,0.0625,0.0625,0,0,Samex Mining Corp,0,0,0
20010109,41386,SMXME',OTC,0.0625,0.0625,0,0,Samex Mining Corp,0,0,0
20010110,41386,SMXME',OTC,0.0625,0.0625,154,0,Samex Mining Corp,0,0,0
20010111,41386,SMXME',OTC,0.0625,0.0625,225,0,Samex Mining Corp,0,0,0
20010112,41386,SMXME',OTC,0.0625,0.0625,0,0,Samex Mining Corp,0,0,0
20010116,41386,SMXME',OTC,0.203125,0.203125,155,0,Samex Mining Corp,0,0,0
20010117,41386,SMXME',OTC,0.078125,0.078125,495,0,Samex Mining Corp,0,0,0
20010118,41386,SMXME',OTC,0.078125,0.078125,0,0,Samex Mining Corp,0,0,0
20010119,41386,SMXME',OTC,0.078125,0.078125,0,0,Samex Mining Corp,0,0,0
20010122,41386,SMXME',OTC,0.078125,0.078125,0,0,Samex Mining Corp,0,0,0
20010123,41386,SMXME',OTC,0.078125,0.078125,0,0,Samex Mining Corp,0,0,0
20010124,41386,SMXME',OTC,0.0625,0.0625,5,0,Samex Mining Corp,0,0,0
20010125,41386,SMXME',OTC,0.0625,0.0625,0,0,Samex Mining Corp,0,0,0
20010126,41386,SMXME',OTC,0.0625,0.0625,0,0,Samex Mining Corp,0,0,0
20010129,41386,SMXME',OTC,0.0625,0.0625,0,0,Samex Mining Corp,0,0,0
20010130,41386,SMXME',OTC,0.0625,0.0625,0,0,Samex Mining Corp,0,0,0
20010131,41386,SMXME',OTC,0.0625,0.0625,0,0,Samex Mining Corp,0,0,0
20010201,41386,SMXME',OTC,0.0625,0.0625,0,0,Samex Mining Corp,0,0,0
20010202,41386,SMXME',OTC,0.0625,0.0625,0,0,Samex Mining Corp,0,0,0
20010205,41386,SMXME',OTC,0.0625,0.0625,0,0,Samex Mining Corp,0,0,0
20010206,41386,SMXME',OTC,0.0625,0.0625,0,0,Samex Mining Corp,0,0,0
20010207,41386,SMXME',OTC,0.0625,0.0625,0,0,Samex Mining Corp,0,0,0
20010208,41386,SMXME',OTC,0.0625,0.0625,0,0,Samex Mining Corp,0,0,0
20010209,41386,SMXME',OTC,0.0625,0.0625,0,0,Samex Mining Corp,0,0,0
20010212,41386,SMXME',OTC,0.0625,0.0625,0,0,Samex Mining Corp,0,0,0
20010213,41386,SMXME',OTC,0.0625,0.0625,0,0,Samex Mining Corp,0,0,0
20010214,41386,SMXME',OTC,0.0625,0.0625,5,0,Samex Mining Corp,0,0,0
20010215,41386,SMXME',OTC,0.0625,0.0625,0,0,Samex Mining Corp,0,0,0
20010216,41386,SMXME',OTC,0.0625,0.0625,0,0,Samex Mining Corp,0,0,0
20010220,41386,SMXME',OTC,0.0625,0.0625,0,0,Samex Mining Corp,0,0,0
20010221,41386,SMXME',OTC,0.0625,0.0625,0,0,Samex Mining Corp,0,0,0
20010222,41386,SMXME',OTC,0.0625,0.0625,0,0,Samex Mining Corp,0,0,0
20010223,41386,SMXME',OTC,0.0625,0.0625,0,0,Samex Mining Corp,0,0,0
20010226,41386,SMXME',OTC,0.0625,0.0625,0,0,Samex Mining Corp,0,0,0
20010227,41386,SMXME',OTC,0.0625,0.0625,0,0,Samex Mining Corp,0,0,0
20010228,41386,SMXME',OTC,0.0625,0.0625,3,0,Samex Mining Corp,0,0,0
20010301,41386,SMXME',OTC,0.0625,0.0625,0,0,Samex Mining Corp,0,0,0
20010302,41386,SMXME',OTC,0.0625,0.0625,0,0,Samex Mining Corp,0,0,0
20010305,41386,SMXME',OTC,0.0625,0.0625,0,0,Samex Mining Corp,0,0,0
20010306,41386,SMXME',OTC,0.0625,0.0625,0,0,Samex Mining Corp,0,0,0
20010307,41386,SMXME',OTC,0.0625,0.0625,0,0,Samex Mining Corp,0,0,0
20010308,41386,SMXME',OTC,0.0625,0.0625,0,0,Samex Mining Corp,0,0,0
20010309,41386,SMXME',OTC,0.0625,0.0625,0,0,Samex Mining Corp,0,0,0
20010312,41386,SMXME',OTC,0.0625,0.0625,0,0,Samex Mining Corp,0,0,0
20010313,41386,SMXME',OTC,0.078125,0.078125,80,0,Samex Mining Corp,0,0,0
20010314,41386,SMXME',OTC,0.078125,0.078125,20,0,Samex Mining Corp,0,0,0
20010315,41386,SMXME',OTC,0.078125,0.078125,0,0,Samex Mining Corp,0,0,0
20010316,41386,SMXME',OTC,0.078125,0.078125,0,0,Samex Mining Corp,0,0,0
20010319,41386,SMXME',OTC,0.078125,0.078125,0,0,Samex Mining Corp,0,0,0
20010320,41386,SMXME',OTC,0.078125,0.078125,0,0,Samex Mining Corp,0,0,0
20010321,41386,SMXME',OTC,0.078125,0.078125,0,0,Samex Mining Corp,0,0,0
20010322,41386,SMXME',OTC,0.078125,0.078125,0,0,Samex Mining Corp,0,0,0
20010323,41386,SMXME',OTC,0.078125,0.078125,0,0,Samex Mining Corp,0,0,0
20010326,41386,SMXME',OTC,0.078125,0.078125,0,0,Samex Mining Corp,0,0,0
20010327,41386,SMXME',OTC,0.078125,0.078125,0,0,Samex Mining Corp,0,0,0
20010328,41386,SMXME',OTC,0.078125,0.078125,0,0,Samex Mining Corp,0,0,0
20010329,41386,SMXME',OTC,0.078125,0.078125,0,0,Samex Mining Corp,0,0,0
20010330,41386,SMXME',OTC,0.078125,0.078125,0,0,Samex Mining Corp,0,0,0
20010402,41386,SMXME',OTC,0.078125,0.078125,0,0,Samex Mining Corp,0,0,0
20010403,41386,SMXME',OTC,0.078125,0.078125,0,0,Samex Mining Corp,0,0,0
20010404,41386,SMXME',OTC,0.078125,0.078125,0,0,Samex Mining Corp,0,0,0
20010405,41386,SMXME',OTC,0.078125,0.078125,0,0,Samex Mining Corp,0,0,0
20010406,41386,SMXME',OTC,0.078125,0.078125,0,0,Samex Mining Corp,0,0,0
20010409,41386,SMXME',OTC,0.05,0.05,10,0,Samex Mining Corp,0,0,0
20010410,41386,SMXME',OTC,0.05,0.05,0,0,Samex Mining Corp,0,0,0
20010411,41386,SMXME',OTC,0.05,0.05,0,0,Samex Mining Corp,0,0,0
20010412,41386,SMXME',OTC,0.05,0.05,0,0,Samex Mining Corp,0,0,0
20010416,41386,SMXME',OTC,0.05,0.05,0,0,Samex Mining Corp,0,0,0
20010417,41386,SMXME',OTC,0.05,0.05,0,0,Samex Mining Corp,0,0,0
20010418,41386,SMXME',OTC,0.05,0.05,0,0,Samex Mining Corp,0,0,0
20010419,41386,SMXME',OTC,0.05,0.05,0,0,Samex Mining Corp,0,0,0
20010420,41386,SMXME',OTC,0.05,0.05,0,0,Samex Mining Corp,0,0,0
20010423,41386,SMXME',OTC,0.07,0.07,10,0,Samex Mining Corp,0,0,0
20010424,41386,SMXME',OTC,0.07,0.07,50,0,Samex Mining Corp,0,0,0
20010425,41386,SMXME',OTC,0.07,0.07,0,0,Samex Mining Corp,0,0,0
20010426,41386,SMXME',OTC,0.07,0.07,0,0,Samex Mining Corp,0,0,0
20010427,41386,SMXME',OTC,0.07,0.07,50,0,Samex Mining Corp,0,0,0
20010430,41386,SMXME',OTC,0.07,0.07,60,0,Samex Mining Corp,0,0,0
20010501,41386,SMXME',OTC,0.07,0.07,0,0,Samex Mining Corp,0,0,0
20010502,41386,SMXME',OTC,0.06,0.06,40,0,Samex Mining Corp,0,0,0
20010503,41386,SMXME',OTC,0.06,0.06,0,0,Samex Mining Corp,0,0,0
20010504,41386,SMXME',OTC,0.06,0.06,0,0,Samex Mining Corp,0,0,0
20010507,41386,SMXME',OTC,0.06,0.06,0,0,Samex Mining Corp,0,0,0
20010508,41386,SMXME',OTC,0.05,0.05,50,0,Samex Mining Corp,0,0,0
20010509,41386,SMXME',OTC,0.05,0.05,0,0,Samex Mining Corp,0,0,0
20010510,41386,SMXME',OTC,0.05,0.05,0,0,Samex Mining Corp,0,0,0
20010511,41386,SMXME',OTC,0.05,0.05,0,0,Samex Mining Corp,0,0,0
20010514,41386,SMXME',OTC,0.05,0.05,0,0,Samex Mining Corp,0,0,0
20010515,41386,SMXME',OTC,0.05,0.05,0,0,Samex Mining Corp,0,0,0
20010516,41386,SMXME',OTC,0.05,0.05,0,0,Samex Mining Corp,0,0,0
20010517,41386,SMXME',OTC,0.03,0.03,50,0,Samex Mining Corp,0,0,0
20010518,41386,SMXME',OTC,0.03,0.03,10,0,Samex Mining Corp,0,0,0
20010521,41386,SMXME',OTC,0.03,0.03,0,0,Samex Mining Corp,0,0,0
20010522,41386,SMXME',OTC,0.03,0.03,255,0,Samex Mining Corp,0,0,0
20010523,41386,SMXME',OTC,0.03,0.03,0,0,Samex Mining Corp,0,0,0
20010524,41386,SMXME',OTC,0.03,0.03,0,0,Samex Mining Corp,0,0,0
20010525,41386,SMXME',OTC,0.03,0.03,0,0,Samex Mining Corp,0,0,0
20010529,41386,SMXME',OTC,0.03,0.03,0,0,Samex Mining Corp,0,0,0
20010530,41386,SMXME',OTC,0.03,0.03,0,0,Samex Mining Corp,0,0,0
20010531,41386,SMXME',OTC,0.03,0.03,0,0,Samex Mining Corp,0,0,0
20010601,41386,SMXME',OTC,0.03,0.03,0,0,Samex Mining Corp,0,0,0
20010604,41386,SMXME',OTC,0.03,0.03,0,0,Samex Mining Corp,0,0,0
20010605,41386,SMXME',OTC,0.03,0.03,0,0,Samex Mining Corp,0,0,0
20010606,41386,SMXME',OTC,0.03,0.03,0,0,Samex Mining Corp,0,0,0
20010607,41386,SMXME',OTC,0.03,0.03,0,0,Samex Mining Corp,0,0,0
20010608,41386,SMXME',OTC,0.07,0.07,330,0,Samex Mining Corp,0,0,0
20010611,41386,SMXME',OTC,0.05,0.05,45,0,Samex Mining Corp,0,0,0
20010612,41386,SMXME',OTC,0.05,0.05,0,0,Samex Mining Corp,0,0,0
20010613,41386,SMXME',OTC,0.05,0.05,0,0,Samex Mining Corp,0,0,0
20010614,41386,SMXME',OTC,0.05,0.05,0,0,Samex Mining Corp,0,0,0
20010615,41386,SMXME',OTC,0.05,0.05,0,0,Samex Mining Corp,0,0,0
20010618,41386,SMXME',OTC,0.05,0.05,0,0,Samex Mining Corp,0,0,0
20010619,41386,SMXME',OTC,0.05,0.05,0,0,Samex Mining Corp,0,0,0
20010620,41386,SMXME',OTC,0.05,0.05,0,0,Samex Mining Corp,0,0,0
20010621,41386,SMXME',OTC,0.05,0.05,0,0,Samex Mining Corp,0,0,0
20010622,41386,SMXME',OTC,0.03,0.03,20,0,Samex Mining Corp,0,0,0
20010625,41386,SMXME',OTC,0.03,0.03,0,0,Samex Mining Corp,0,0,0
20010626,41386,SMXME',OTC,0.03,0.03,0,0,Samex Mining Corp,0,0,0
20010627,41386,SMXME',OTC,0.05,0.05,60,0,Samex Mining Corp,0,0,0
20010628,41386,SMXME',OTC,0.05,0.05,0,0,Samex Mining Corp,0,0,0
20010629,41386,SMXME',OTC,0.03,0.03,10,0,Samex Mining Corp,0,0,0
20010702,41386,SMXME',OTC,0.03,0.03,0,0,Samex Mining Corp,0,0,0
20010703,41386,SMXME',OTC,0.03,0.03,0,0,Samex Mining Corp,0,0,0
20010705,41386,SMXME',OTC,0.03,0.03,0,0,Samex Mining Corp,0,0,0
20010706,41386,SMXME',OTC,0.03,0.03,0,0,Samex Mining Corp,0,0,0
20010709,41386,SMXME',OTC,0.03,0.03,0,0,Samex Mining Corp,0,0,0
20010710,41386,SMXME',OTC,0.03,0.03,0,0,Samex Mining Corp,0,0,0
20010711,41386,SMXME',OTC,0.03,0.03,0,0,Samex Mining Corp,0,0,0
20010712,41386,SMXME',OTC,0.03,0.03,0,0,Samex Mining Corp,0,0,0
20010713,41386,SMXME',OTC,0.03,0.03,0,0,Samex Mining Corp,0,0,0
20010716,41386,SMXME',OTC,0.03,0.03,0,0,Samex Mining Corp,0,0,0
20010717,41386,SMXME',OTC,0.03,0.03,0,0,Samex Mining Corp,0,0,0
20010718,41386,SMXME',OTC,0.03,0.03,0,0,Samex Mining Corp,0,0,0
20010719,41386,SMXME',OTC,0.03,0.03,0,0,Samex Mining Corp,0,0,0
20010720,41386,SMXME',OTC,0.03,0.03,0,0,Samex Mining Corp,0,0,0
20010723,41386,SMXME',OTC,0.03,0.03,0,0,Samex Mining Corp,0,0,0
20010724,41386,SMXME',OTC,0.03,0.03,0,0,Samex Mining Corp,0,0,0
20010725,41386,SMXME',OTC,0.03,0.03,0,0,Samex Mining Corp,0,0,0
20010726,41386,SMXME',OTC,0.03,0.03,0,0,Samex Mining Corp,0,0,0
20010727,41386,SMXME',OTC,0.03,0.03,0,0,Samex Mining Corp,0,0,0
20010730,41386,SMXME',OTC,0.03,0.03,0,0,Samex Mining Corp,0,0,0
20010731,41386,SMXME',OTC,0.03,0.03,0,0,Samex Mining Corp,0,0,0
20010801,41386,SMXME',OTC,0.03,0.03,0,0,Samex Mining Corp,0,0,0
20010802,41386,SMXME',OTC,0.03,0.03,0,0,Samex Mining Corp,0,0,0
20010803,41386,SMXME',OTC,0.03,0.03,0,0,Samex Mining Corp,0,0,0
20010806,41386,SMXME',OTC,0.03,0.03,0,0,Samex Mining Corp,0,0,0
20010807,41386,SMXME',OTC,0.03,0.03,0,0,Samex Mining Corp,0,0,0
20010808,41386,SMXME',OTC,0.03,0.03,0,0,Samex Mining Corp,0,0,0
20010809,41386,SMXME',OTC,0.03,0.03,0,0,Samex Mining Corp,0,0,0
20010810,41386,SMXME',OTC,0.03,0.03,20,0,Samex Mining Corp,0,0,0
20010813,41386,SMXME',OTC,0.03,0.03,0,0,Samex Mining Corp,0,0,0
20010814,41386,SMXME',OTC,0.03,0.03,0,0,Samex Mining Corp,0,0,0
20010815,41386,SMXME',OTC,0.03,0.03,0,0,Samex Mining Corp,0,0,0
20010816,41386,SMXME',OTC,0.03,0.03,0,0,Samex Mining Corp,0,0,0
20010817,41386,SMXME',OTC,0.03,0.03,0,0,Samex Mining Corp,0,0,0
20010820,41386,SMXME',OTC,0.03,0.03,0,0,Samex Mining Corp,0,0,0
20010821,41386,SMXME',OTC,0.03,0.03,0,0,Samex Mining Corp,0,0,0
20010822,41386,SMXME',OTC,0.03,0.03,0,0,Samex Mining Corp,0,0,0
20010823,41386,SMXME',OTC,0.03,0.03,0,0,Samex Mining Corp,0,0,0
20010824,41386,SMXME',OTC,0.02,0.02,100,0,Samex Mining Corp,0,0,0
20010827,41386,SMXME',OTC,0.02,0.02,0,0,Samex Mining Corp,0,0,0
20010828,41386,SMXME',OTC,0.02,0.02,0,0,Samex Mining Corp,0,0,0
20010829,41386,SMXME',OTC,0.05,0.05,200,0,Samex Mining Corp,0,0,0
20010830,41386,SMXME',OTC,0.04,0.04,300,0,Samex Mining Corp,0,0,0
20010831,41386,SMXME',OTC,0.04,0.04,0,0,Samex Mining Corp,0,0,0
20010904,41386,SMXME',OTC,0.04,0.04,0,0,Samex Mining Corp,0,0,0
20010905,41386,SMXME',OTC,0.03,0.03,30,0,Samex Mining Corp,0,0,0
20010906,41386,SMXME',OTC,0.03,0.03,0,0,Samex Mining Corp,0,0,0
20010907,41386,SMXME',OTC,0.03,0.03,0,0,Samex Mining Corp,0,0,0
20010910,41386,SMXME',OTC,0.03,0.03,849,0,Samex Mining Corp,0,0,0
20010917,41386,SMXME',OTC,0.03,0.03,0,0,Samex Mining Corp,0,0,0
20010918,41386,SMXME',OTC,0.03,0.03,0,0,Samex Mining Corp,0,0,0
20010919,41386,SMXME',OTC,0.03,0.03,0,0,Samex Mining Corp,0,0,0
20010920,41386,SMXME',OTC,0.04,0.04,650,0,Samex Mining Corp,0,0,0
20010921,41386,SMXME',OTC,0.04,0.04,0,0,Samex Mining Corp,0,0,0
20010924,41386,SMXME',OTC,0.04,0.04,0,0,Samex Mining Corp,0,0,0
20010925,41386,SMXME',OTC,0.04,0.04,0,0,Samex Mining Corp,0,0,0
20010926,41386,SMXME',OTC,0.04,0.04,0,0,Samex Mining Corp,0,0,0
20010927,41386,SMXME',OTC,0.03,0.03,3,0,Samex Mining Corp,0,0,0
20010928,41386,SMXME',OTC,0.06,0.06,1370,0,Samex Mining Corp,0,0,0
20011001,41386,SMXME',OTC,0.06,0.06,350,0,Samex Mining Corp,0,0,0
20011002,41386,SMXME',OTC,0.06,0.06,0,0,Samex Mining Corp,0,0,0
20011003,41386,SMXME',OTC,0.06,0.06,0,0,Samex Mining Corp,0,0,0
20011004,41386,SMXME',OTC,0.06,0.06,0,0,Samex Mining Corp,0,0,0
20011005,41386,SMXME',OTC,0.06,0.06,0,0,Samex Mining Corp,0,0,0
20011008,41386,SMXME',OTC,0.06,0.06,0,0,Samex Mining Corp,0,0,0
20011009,41386,SMXME',OTC,0.06,0.06,0,0,Samex Mining Corp,0,0,0
20011010,41386,SMXME',OTC,0.06,0.06,0,0,Samex Mining Corp,0,0,0
20011011,41386,SMXME',OTC,0.06,0.06,0,0,Samex Mining Corp,0,0,0
20011012,41386,SMXME',OTC,0.08,0.08,1935,0,Samex Mining Corp,0,0,0
20011015,41386,SMXME',OTC,0.08,0.08,2940,0,Samex Mining Corp,0,0,0
20011016,41386,SMXME',OTC,0.06,0.06,500,0,Samex Mining Corp,0,0,0
20011017,41386,SMXME',OTC,0.09,0.09,6478,0,Samex Mining Corp,0,0,0
20011018,41386,SMXME',OTC,0.1,0.1,4224,0,Samex Mining Corp,0,0,0
20011019,41386,SMXME',OTC,0.11,0.11,2031,0,Samex Mining Corp,0,0,0
20011022,41386,SMXME',OTC,0.1,0.1,64,0,Samex Mining Corp,0,0,0
20011023,41386,SMXME',OTC,0.09,0.09,880,0,Samex Mining Corp,0,0,0
20011024,41386,SMXME',OTC,0.09,0.09,1690,0,Samex Mining Corp,0,0,0
20011025,41386,SMXME',OTC,0.08,0.08,415,0,Samex Mining Corp,0,0,0
20011026,41386,SMXME',OTC,0.08,0.08,595,0,Samex Mining Corp,0,0,0
20011029,41386,SMXME',OTC,0.06,0.06,100,0,Samex Mining Corp,0,0,0
20011030,41386,SMXME',OTC,0.08,0.08,682,0,Samex Mining Corp,0,0,0
20011031,41386,SMXME',OTC,0.05,0.05,1575,0,Samex Mining Corp,0,0,0
20011101,41386,SMXME',OTC,0.05,0.05,280,0,Samex Mining Corp,0,0,0
20011102,41386,SMXME',OTC,0.05,0.05,992,0,Samex Mining Corp,0,0,0
20011105,41386,SMXME',OTC,0.05,0.05,98,0,Samex Mining Corp,0,0,0
20011106,41386,SMXME',OTC,0.05,0.05,550,0,Samex Mining Corp,0,0,0
20011107,41386,SMXME',OTC,0.05,0.05,0,0,Samex Mining Corp,0,0,0
20011108,41386,SMXME',OTC,0.05,0.05,170,0,Samex Mining Corp,0,0,0
20011109,41386,SMXME',OTC,0.06,0.06,90,0,Samex Mining Corp,0,0,0
20011112,41386,SMXME',OTC,0.06,0.06,200,0,Samex Mining Corp,0,0,0
20011113,41386,SMXME',OTC,0.07,0.07,35,0,Samex Mining Corp,0,0,0
20011114,41386,SMXME',OTC,0.05,0.05,260,0,Samex Mining Corp,0,0,0
20011115,41386,SMXME',OTC,0.05,0.05,65,0,Samex Mining Corp,0,0,0
20011116,41386,SMXME',OTC,0.04,0.04,2170,0,Samex Mining Corp,0,0,0
20011119,41386,SMXME',OTC,0.05,0.05,1084,0,Samex Mining Corp,0,0,0
20011120,41386,SMXME',OTC,0.05,0.05,306,0,Samex Mining Corp,0,0,0
20011121,41386,SMXME',OTC,0.06,0.06,460,0,Samex Mining Corp,0,0,0
20011123,41386,SMXME',OTC,0.06,0.06,35,0,Samex Mining Corp,0,0,0
20011126,41386,SMXME',OTC,0.06,0.06,85,0,Samex Mining Corp,0,0,0
20011127,41386,SMXME',OTC,0.05,0.05,221,0,Samex Mining Corp,0,0,0
20011128,41386,SMXME',OTC,0.05,0.05,0,0,Samex Mining Corp,0,0,0
20011129,41386,SMXME',OTC,0.05,0.05,0,0,Samex Mining Corp,0,0,0
20011130,41386,SMXME',OTC,0.05,0.05,1000,0,Samex Mining Corp,0,0,0
20011203,41386,SMXME',OTC,0.05,0.05,0,0,Samex Mining Corp,0,0,0
20011204,41386,SMXME',OTC,0.04,0.04,1342,0,Samex Mining Corp,0,0,0
20011205,41386,SMXME',OTC,0.04,0.04,0,0,Samex Mining Corp,0,0,0
20011206,41386,SMXME',OTC,0.04,0.04,150,0,Samex Mining Corp,0,0,0
20011207,41386,SMXME',OTC,0.04,0.04,0,0,Samex Mining Corp,0,0,0
20011210,41386,SMXME',OTC,0.04,0.04,0,0,Samex Mining Corp,0,0,0
20011211,41386,SMXME',OTC,0.04,0.04,0,0,Samex Mining Corp,0,0,0
20011212,41386,SMXME',OTC,0.05,0.05,40,0,Samex Mining Corp,0,0,0
20011213,41386,SMXME',OTC,0.05,0.05,0,0,Samex Mining Corp,0,0,0
20011214,41386,SMXME',OTC,0.04,0.04,35,0,Samex Mining Corp,0,0,0
20011217,41386,SMXME',OTC,0.03,0.03,275,0,Samex Mining Corp,0,0,0
20011218,41386,SMXME',OTC,0.03,0.03,0,0,Samex Mining Corp,0,0,0
20011219,41386,SMXME',OTC,0.04,0.04,150,0,Samex Mining Corp,0,0,0
20011220,41386,SMXME',OTC,0.04,0.04,0,0,Samex Mining Corp,0,0,0
20011221,41386,SMXME',OTC,0.04,0.04,110,0,Samex Mining Corp,0,0,0
20011224,41386,SMXME',OTC,0.03,0.03,500,0,Samex Mining Corp,0,0,0
20011226,41386,SMXME',OTC,0.03,0.03,22,0,Samex Mining Corp,0,0,0
20011227,41386,SMXME',OTC,0.03,0.03,340,0,Samex Mining Corp,0,0,0
20011228,41386,SMXME',OTC,0.03,0.03,0,0,Samex Mining Corp,0,0,0
20011231,41386,SMXME',OTC,0.04,0.04,315,0,Samex Mining Corp,0,0,0
20020102,41386,SMXME',OTC,0.04,0.04,0,0,Samex Mining Corp,0,0,0
20020103,41386,SMXME',OTC,0.03,0.03,250,0,Samex Mining Corp,0,0,0
20020104,41386,SMXME',OTC,0.03,0.03,380,0,Samex Mining Corp,0,0,0
20020107,41386,SMXME',OTC,0.03,0.03,0,0,Samex Mining Corp,0,0,0
20020108,41386,SMXME',OTC,0.03,0.03,10,0,Samex Mining Corp,0,0,0
20020109,41386,SMXME',OTC,0.03,0.03,0,0,Samex Mining Corp,0,0,0
20020110,41386,SMXME',OTC,0.04,0.04,1349,0,Samex Mining Corp,0,0,0
20020111,41386,SMXME',OTC,0.05,0.05,295,0,Samex Mining Corp,0,0,0
20020114,41386,SMXME',OTC,0.03,0.03,202,0,Samex Mining Corp,0,0,0
20020115,41386,SMXME',OTC,0.03,0.03,0,0,Samex Mining Corp,0,0,0
20020116,41386,SMXME',OTC,0.03,0.03,0,0,Samex Mining Corp,0,0,0
20020117,41386,SMXME',OTC,0.05,0.05,20,0,Samex Mining Corp,0,0,0
20020118,41386,SMXME',OTC,0.05,0.05,173,0,Samex Mining Corp,0,0,0
20020122,41386,SMXME',OTC,0.04,0.04,50,0,Samex Mining Corp,0,0,0
20020123,41386,SMXME',OTC,0.04,0.04,0,0,Samex Mining Corp,0,0,0
20020124,41386,SMXME',OTC,0.04,0.04,0,0,Samex Mining Corp,0,0,0
20020125,41386,SMXME',OTC,0.04,0.04,0,0,Samex Mining Corp,0,0,0
20020128,41386,SMXME',OTC,0.05,0.05,1580,0,Samex Mining Corp,0,0,0
20020129,41386,SMXME',OTC,0.05,0.05,560,0,Samex Mining Corp,0,0,0
20020130,41386,SMXME',OTC,0.05,0.05,365,0,Samex Mining Corp,0,0,0
20020131,41386,SMXME',OTC,0.05,0.05,650,0,Samex Mining Corp,0,0,0
20020201,41386,SMXME',OTC,0.06,0.06,1325,0,Samex Mining Corp,0,0,0
20020204,41386,SMXME',OTC,0.08,0.08,2696,0,Samex Mining Corp,0,0,0
20020205,41386,SMXME',OTC,0.09,0.09,4138,0,Samex Mining Corp,0,0,0
20020206,41386,SMXME',OTC,0.09,0.09,9393,0,Samex Mining Corp,0,0,0
20020207,41386,SMXME',OTC,0.09,0.09,1450,0,Samex Mining Corp,0,0,0
20020208,41386,SMXME',OTC,0.1,0.1,3004,0,Samex Mining Corp,0,0,0
20020211,41386,SMXME',OTC,0.1,0.1,4618,0,Samex Mining Corp,0,0,0
20020212,41386,SMXME',OTC,0.13,0.13,3060,0,Samex Mining Corp,0,0,0
20020213,41386,SMXME',OTC,0.12,0.12,980,0,Samex Mining Corp,0,0,0
20020214,41386,SMXME',OTC,0.1,0.1,1089,0,Samex Mining Corp,0,0,0
20020215,41386,SMXME',OTC,0.12,0.12,3921,0,Samex Mining Corp,0,0,0
20020219,41386,SMXME',OTC,0.12,0.12,1449,0,Samex Mining Corp,0,0,0
20020220,41386,SMXME',OTC,0.09,0.09,1248,0,Samex Mining Corp,0,0,0
20020221,41386,SMXME',OTC,0.11,0.11,432,0,Samex Mining Corp,0,0,0
20020222,41386,SMXME',OTC,0.12,0.12,4960,0,Samex Mining Corp,0,0,0
20020225,41386,SMXME',OTC,0.13,0.13,1231,0,Samex Mining Corp,0,0,0
20020226,41386,SMXME',OTC,0.12,0.12,2106,0,Samex Mining Corp,0,0,0
20020227,41386,SMXME',OTC,0.12,0.12,2339,0,Samex Mining Corp,0,0,0
20020228,41386,SMXME',OTC,0.12,0.12,3208,0,Samex Mining Corp,0,0,0
20020301,41386,SMXME',OTC,0.15,0.15,7582,0,Samex Mining Corp,0,0,0
20020304,41386,SMXME',OTC,0.17,0.17,5732,0,Samex Mining Corp,0,0,0
20020305,41386,SMXME',OTC,0.17,0.17,2449,0,Samex Mining Corp,0,0,0
20020306,41386,SMXME',OTC,0.15,0.15,1465,0,Samex Mining Corp,0,0,0
20020307,41386,SMXME',OTC,0.13,0.13,1600,0,Samex Mining Corp,0,0,0
20020308,41386,SMXME',OTC,0.15,0.15,1550,0,Samex Mining Corp,0,0,0
20020311,41386,SMXME',OTC,0.14,0.14,1919,0,Samex Mining Corp,0,0,0
20020312,41386,SMXME',OTC,0.16,0.16,1740,0,Samex Mining Corp,0,0,0
20020313,41386,SMXME',OTC,0.16,0.16,2304,0,Samex Mining Corp,0,0,0
20020314,41386,SMXME',OTC,0.16,0.16,5077,0,Samex Mining Corp,0,0,0
20020315,41386,SMXME',OTC,0.16,0.16,323,0,Samex Mining Corp,0,0,0
20020318,41386,SMXME',OTC,0.18,0.18,1706,0,Samex Mining Corp,0,0,0
20020319,41386,SMXME',OTC,0.18,0.18,3380,0,Samex Mining Corp,0,0,0
20020320,41386,SMXME',OTC,0.19,0.19,1456,0,Samex Mining Corp,0,0,0
20020321,41386,SMXME',OTC,0.2,0.2,4746,0,Samex Mining Corp,0,0,0
20020322,41386,SMXME',OTC,0.22,0.22,5299,0,Samex Mining Corp,0,0,0
20020325,41386,SMXME',OTC,0.26,0.26,8466,0,Samex Mining Corp,0,0,0
20020326,41386,SMXME',OTC,0.23,0.23,11936,0,Samex Mining Corp,0,0,0
20020327,41386,SMXME',OTC,0.25,0.25,12182,0,Samex Mining Corp,0,0,0
20020328,41386,SMXME',OTC,0.26,0.26,5860,0,Samex Mining Corp,0,0,0
20020401,41386,SMXME',OTC,0.25,0.25,1924,0,Samex Mining Corp,0,0,0
20020402,41386,SMXME',OTC,0.25,0.25,4247,0,Samex Mining Corp,0,0,0
20020403,41386,SMXME',OTC,0.22,0.22,3521,0,Samex Mining Corp,0,0,0
20020404,41386,SMXME',OTC,0.21,0.21,5461,0,Samex Mining Corp,0,0,0
20020405,41386,SMXME',OTC,0.19,0.19,785,0,Samex Mining Corp,0,0,0
20020408,41386,SMXME',OTC,0.21,0.21,341,0,Samex Mining Corp,0,0,0
20020409,41386,SMXME',OTC,0.19,0.19,498,0,Samex Mining Corp,0,0,0
20020410,41386,SMXME',OTC,0.22,0.22,3966,0,Samex Mining Corp,0,0,0
20020411,41386,SMXME',OTC,0.2,0.2,2007,0,Samex Mining Corp,0,0,0
20020412,41386,SMXME',OTC,0.21,0.21,1082,0,Samex Mining Corp,0,0,0
20020415,41386,SMXME',OTC,0.2,0.2,3889,0,Samex Mining Corp,0,0,0
20020416,41386,SMXME',OTC,0.19,0.19,1956,0,Samex Mining Corp,0,0,0
20020417,41386,SMXME',OTC,0.22,0.22,4504,0,Samex Mining Corp,0,0,0
20020418,41386,SMXME',OTC,0.22,0.22,1937,0,Samex Mining Corp,0,0,0
20020419,41386,SMXME',OTC,0.23,0.23,642,0,Samex Mining Corp,0,0,0
20020422,41386,SMXME',OTC,0.2,0.2,2760,0,Samex Mining Corp,0,0,0
20020423,41386,SMXME',OTC,0.2,0.2,1005,0,Samex Mining Corp,0,0,0
20020424,41386,SMXME',OTC,0.22,0.22,2466,0,Samex Mining Corp,0,0,0
20020425,41386,SMXME',OTC,0.22,0.22,2232,0,Samex Mining Corp,0,0,0
20020426,41386,SMXME',OTC,0.23,0.23,2016,0,Samex Mining Corp,0,0,0
20020429,41386,SMXME',OTC,0.2,0.2,2467,0,Samex Mining Corp,0,0,0
20020430,41386,SMXME',OTC,0.21,0.21,2589,0,Samex Mining Corp,0,0,0
20020501,41386,SMXME',OTC,0.19,0.19,1275,0,Samex Mining Corp,0,0,0
20020502,41386,SMXME',OTC,0.21,0.21,1170,0,Samex Mining Corp,0,0,0
20020503,41386,SMXME',OTC,0.24,0.24,1651,0,Samex Mining Corp,0,0,0
20020506,41386,SMXME',OTC,0.22,0.22,1190,0,Samex Mining Corp,0,0,0
20020507,41386,SMXME',OTC,0.2,0.2,1322,0,Samex Mining Corp,0,0,0
20020508,41386,SMXME',OTC,0.2,0.2,1372,0,Samex Mining Corp,0,0,0
20020509,41386,SMXME',OTC,0.21,0.21,528,0,Samex Mining Corp,0,0,0
20020510,41386,SMXME',OTC,0.22,0.22,1459,0,Samex Mining Corp,0,0,0
20020513,41386,SMXME',OTC,0.21,0.21,627,0,Samex Mining Corp,0,0,0
20020514,41386,SMXME',OTC,0.19,0.19,2405,0,Samex Mining Corp,0,0,0
20020515,41386,SMXME',OTC,0.19,0.19,288,0,Samex Mining Corp,0,0,0
20020516,41386,SMXME',OTC,0.2,0.2,872,0,Samex Mining Corp,0,0,0
20020517,41386,SMXME',OTC,0.21,0.21,939,0,Samex Mining Corp,0,0,0
20020520,41386,SMXME',OTC,0.21,0.21,1277,0,Samex Mining Corp,0,0,0
20020521,41386,SMXME',OTC,0.2,0.2,3206,0,Samex Mining Corp,0,0,0
20020522,41386,SMXME',OTC,0.22,0.22,5117,0,Samex Mining Corp,0,0,0
20020523,41386,SMXME',OTC,0.26,0.26,3507,0,Samex Mining Corp,0,0,0
20020524,41386,SMXME',OTC,0.24,0.24,4917,0,Samex Mining Corp,0,0,0
20020528,41386,SMXME',OTC,0.25,0.25,2081,0,Samex Mining Corp,0,0,0
20020529,41386,SMXME',OTC,0.28,0.28,3368,0,Samex Mining Corp,0,0,0
20020530,41386,SMXME',OTC,0.25,0.25,2205,0,Samex Mining Corp,0,0,0
20020531,41386,SMXME',OTC,0.25,0.25,1455,0,Samex Mining Corp,0,0,0
20020603,41386,SMXME',OTC,0.24,0.24,1520,0,Samex Mining Corp,0,0,0
20020604,41386,SMXME',OTC,0.22,0.22,2443,0,Samex Mining Corp,0,0,0
20020605,41386,SMXME',OTC,0.18,0.18,1703,0,Samex Mining Corp,0,0,0
