DDate,CSINumber,Symbol,Exchange,DClose,UnAdjustedClose,TotalVolume,Cash,MarketName,PTB,PSR,DPS
20001013,41472,CYRD',OTC,3,3,207,0,Cyberecord Inc,0,0,0
20001016,41472,CYRD',OTC,2.59375,2.59375,261,0,Cyberecord Inc,0,0,0
20001017,41472,CYRD',OTC,2.40625,2.40625,589,0,Cyberecord Inc,0,0,0
20001018,41472,CYRD',OTC,2.90625,2.90625,185,0,Cyberecord Inc,0,0,0
20001019,41472,CYRD',OTC,2.9375,2.9375,168,0,Cyberecord Inc,0,0,0
20001020,41472,CYRD',OTC,2.875,2.875,177,0,Cyberecord Inc,0,0,0
20001023,41472,CYRD',OTC,2.90625,2.90625,23,0,Cyberecord Inc,0,0,0
20001024,41472,CYRD',OTC,2.40625,2.40625,163,0,Cyberecord Inc,0,0,0
20001025,41472,CYRD',OTC,2.5625,2.5625,493,0,Cyberecord Inc,0,0,0
20001026,41472,CYRD',OTC,2.5,2.5,66,0,Cyberecord Inc,0,0,0
20001027,41472,CYRD',OTC,2.046875,2.046875,93,0,Cyberecord Inc,0,0,0
20001030,41472,CYRD',OTC,2.046875,2.046875,6,0,Cyberecord Inc,0,0,0
20001031,41472,CYRD',OTC,2.625,2.625,237,0,Cyberecord Inc,0,0,0
20001101,41472,CYRD',OTC,2.25,2.25,54,0,Cyberecord Inc,0,0,0
20001102,41472,CYRD',OTC,2.125,2.125,279,0,Cyberecord Inc,0,0,0
20001103,41472,CYRD',OTC,2.0625,2.0625,217,0,Cyberecord Inc,0,0,0
20001106,41472,CYRD',OTC,2,2,233,0,Cyberecord Inc,0,0,0
20001107,41472,CYRD',OTC,2,2,57,0,Cyberecord Inc,0,0,0
20001108,41472,CYRD',OTC,1.65625,1.65625,253,0,Cyberecord Inc,0,0,0
20001109,41472,CYRD',OTC,1.9375,1.9375,39,0,Cyberecord Inc,0,0,0
20001110,41472,CYRD',OTC,1.75,1.75,141,0,Cyberecord Inc,0,0,0
20001113,41472,CYRD',OTC,1.6875,1.6875,172,0,Cyberecord Inc,0,0,0
20001114,41472,CYRD',OTC,1.5,1.5,91,0,Cyberecord Inc,0,0,0
20001115,41472,CYRD',OTC,1.75,1.75,92,0,Cyberecord Inc,0,0,0
20001116,41472,CYRD',OTC,1.5,1.5,122,0,Cyberecord Inc,0,0,0
20001117,41472,CYRD',OTC,1.5625,1.5625,174,0,Cyberecord Inc,0,0,0
20001120,41472,CYRD',OTC,1.515625,1.515625,92,0,Cyberecord Inc,0,0,0
20001121,41472,CYRD',OTC,1.65625,1.65625,483,0,Cyberecord Inc,0,0,0
20001122,41472,CYRD',OTC,1.3125,1.3125,441,0,Cyberecord Inc,0,0,0
20001124,41472,CYRD',OTC,1.25,1.25,40,0,Cyberecord Inc,0,0,0
20001127,41472,CYRD',OTC,1.3125,1.3125,58,0,Cyberecord Inc,0,0,0
20001128,41472,CYRD',OTC,1.25,1.25,376,0,Cyberecord Inc,0,0,0
20001129,41472,CYRD',OTC,1,1,382,0,Cyberecord Inc,0,0,0
20001130,41472,CYRD',OTC,0.96875,0.96875,324,0,Cyberecord Inc,0,0,0
20001201,41472,CYRD',OTC,0.875,0.875,129,0,Cyberecord Inc,0,0,0
20001204,41472,CYRD',OTC,1.015625,1.015625,212,0,Cyberecord Inc,0,0,0
20001205,41472,CYRD',OTC,0.875,0.875,101,0,Cyberecord Inc,0,0,0
20001206,41472,CYRD',OTC,0.875,0.875,218,0,Cyberecord Inc,0,0,0
20001207,41472,CYRD',OTC,0.875,0.875,92,0,Cyberecord Inc,0,0,0
20001208,41472,CYRD',OTC,0.84375,0.84375,1262,0,Cyberecord Inc,0,0,0
20001211,41472,CYRD',OTC,0.8125,0.8125,519,0,Cyberecord Inc,0,0,0
20001212,41472,CYRD',OTC,0.765625,0.765625,506,0,Cyberecord Inc,0,0,0
20001213,41472,CYRD',OTC,0.71875,0.71875,297,0,Cyberecord Inc,0,0,0
20001214,41472,CYRD',OTC,0.8125,0.8125,129,0,Cyberecord Inc,0,0,0
20001215,41472,CYRD',OTC,0.75,0.75,510,0,Cyberecord Inc,0,0,0
20001218,41472,CYRD',OTC,0.65625,0.65625,632,0,Cyberecord Inc,0,0,0
20001219,41472,CYRD',OTC,0.65625,0.65625,417,0,Cyberecord Inc,0,0,0
20001220,41472,CYRD',OTC,0.65625,0.65625,859,0,Cyberecord Inc,0,0,0
20001221,41472,CYRD',OTC,0.625,0.625,489,0,Cyberecord Inc,0,0,0
20001222,41472,CYRD',OTC,0.5625,0.5625,96,0,Cyberecord Inc,0,0,0
20001226,41472,CYRD',OTC,0.53125,0.53125,376,0,Cyberecord Inc,0,0,0
20001227,41472,CYRD',OTC,0.5,0.5,397,0,Cyberecord Inc,0,0,0
20001228,41472,CYRD',OTC,0.515625,0.515625,782,0,Cyberecord Inc,0,0,0
20001229,41472,CYRD',OTC,0.53125,0.53125,640,0,Cyberecord Inc,0,0,0
20010102,41472,CYRD',OTC,0.8125,0.8125,857,0,Cyberecord Inc,0,0,0
20010103,41472,CYRD',OTC,1.6875,1.6875,1364,0,Cyberecord Inc,0,0,0
20010104,41472,CYRD',OTC,1.59375,1.59375,528,0,Cyberecord Inc,0,0,0
20010105,41472,CYRD',OTC,1.078125,1.078125,917,0,Cyberecord Inc,0,0,0
20010108,41472,CYRD',OTC,1.0625,1.0625,11,0,Cyberecord Inc,0,0,0
20010109,41472,CYRD',OTC,1.15625,1.15625,58,0,Cyberecord Inc,0,0,0
20010110,41472,CYRD',OTC,1.21875,1.21875,35,0,Cyberecord Inc,0,0,0
20010111,41472,CYRD',OTC,1.015625,1.015625,555,0,Cyberecord Inc,0,0,0
20010112,41472,CYRD',OTC,1.03125,1.03125,188,0,Cyberecord Inc,0,0,0
20010116,41472,CYRD',OTC,1.03125,1.03125,18,0,Cyberecord Inc,0,0,0
20010117,41472,CYRD',OTC,0.96875,0.96875,315,0,Cyberecord Inc,0,0,0
20010118,41472,CYRD',OTC,1,1,338,0,Cyberecord Inc,0,0,0
20010119,41472,CYRD',OTC,0.96875,0.96875,980,0,Cyberecord Inc,0,0,0
20010122,41472,CYRD',OTC,0.96875,0.96875,1133,0,Cyberecord Inc,0,0,0
20010123,41472,CYRD',OTC,0.96875,0.96875,62,0,Cyberecord Inc,0,0,0
20010124,41472,CYRD',OTC,0.9375,0.9375,245,0,Cyberecord Inc,0,0,0
20010125,41472,CYRD',OTC,0.90625,0.90625,30,0,Cyberecord Inc,0,0,0
20010126,41472,CYRD',OTC,0.9375,0.9375,190,0,Cyberecord Inc,0,0,0
20010129,41472,CYRD',OTC,0.90625,0.90625,117,0,Cyberecord Inc,0,0,0
20010130,41472,CYRD',OTC,0.9375,0.9375,65,0,Cyberecord Inc,0,0,0
20010131,41472,CYRD',OTC,0.9375,0.9375,15,0,Cyberecord Inc,0,0,0
20010201,41472,CYRD',OTC,0.90625,0.90625,172,0,Cyberecord Inc,0,0,0
20010202,41472,CYRD',OTC,0.90625,0.90625,0,0,Cyberecord Inc,0,0,0
20010205,41472,CYRD',OTC,0.78125,0.78125,11,0,Cyberecord Inc,0,0,0
20010206,41472,CYRD',OTC,0.78125,0.78125,10,0,Cyberecord Inc,0,0,0
20010207,41472,CYRD',OTC,0.875,0.875,93,0,Cyberecord Inc,0,0,0
20010208,41472,CYRD',OTC,0.8125,0.8125,220,0,Cyberecord Inc,0,0,0
20010209,41472,CYRD',OTC,0.78125,0.78125,36,0,Cyberecord Inc,0,0,0
20010212,41472,CYRD',OTC,0.8125,0.8125,119,0,Cyberecord Inc,0,0,0
20010213,41472,CYRD',OTC,0.8125,0.8125,0,0,Cyberecord Inc,0,0,0
20010214,41472,CYRD',OTC,0.71875,0.71875,133,0,Cyberecord Inc,0,0,0
20010215,41472,CYRD',OTC,0.8125,0.8125,24,0,Cyberecord Inc,0,0,0
20010216,41472,CYRD',OTC,0.71875,0.71875,10,0,Cyberecord Inc,0,0,0
20010220,41472,CYRD',OTC,0.71875,0.71875,135,0,Cyberecord Inc,0,0,0
20010221,41472,CYRD',OTC,0.6875,0.6875,1,0,Cyberecord Inc,0,0,0
20010222,41472,CYRD',OTC,0.59375,0.59375,378,0,Cyberecord Inc,0,0,0
20010223,41472,CYRD',OTC,0.5625,0.5625,226,0,Cyberecord Inc,0,0,0
20010226,41472,CYRD',OTC,0.625,0.625,184,0,Cyberecord Inc,0,0,0
20010227,41472,CYRD',OTC,0.6875,0.6875,350,0,Cyberecord Inc,0,0,0
20010228,41472,CYRD',OTC,0.65625,0.65625,2,0,Cyberecord Inc,0,0,0
20010301,41472,CYRD',OTC,0.65625,0.65625,25,0,Cyberecord Inc,0,0,0
20010302,41472,CYRD',OTC,0.65625,0.65625,0,0,Cyberecord Inc,0,0,0
20010305,41472,CYRD',OTC,0.65625,0.65625,2,0,Cyberecord Inc,0,0,0
20010306,41472,CYRD',OTC,0.65625,0.65625,0,0,Cyberecord Inc,0,0,0
20010307,41472,CYRD',OTC,0.65625,0.65625,25,0,Cyberecord Inc,0,0,0
20010308,41472,CYRD',OTC,0.75,0.75,50,0,Cyberecord Inc,0,0,0
20010309,41472,CYRD',OTC,0.6875,0.6875,48,0,Cyberecord Inc,0,0,0
20010312,41472,CYRD',OTC,0.75,0.75,219,0,Cyberecord Inc,0,0,0
20010313,41472,CYRD',OTC,0.6875,0.6875,535,0,Cyberecord Inc,0,0,0
20010314,41472,CYRD',OTC,0.75,0.75,112,0,Cyberecord Inc,0,0,0
20010315,41472,CYRD',OTC,1.25,1.25,1199,0,Cyberecord Inc,0,0,0
20010316,41472,CYRD',OTC,1.0625,1.0625,792,0,Cyberecord Inc,0,0,0
20010319,41472,CYRD',OTC,1.03125,1.03125,267,0,Cyberecord Inc,0,0,0
20010320,41472,CYRD',OTC,0.9375,0.9375,30,0,Cyberecord Inc,0,0,0
20010321,41472,CYRD',OTC,1,1,57,0,Cyberecord Inc,0,0,0
20010322,41472,CYRD',OTC,0.8125,0.8125,162,0,Cyberecord Inc,0,0,0
20010323,41472,CYRD',OTC,0.65625,0.65625,698,0,Cyberecord Inc,0,0,0
20010326,41472,CYRD',OTC,0.78125,0.78125,17,0,Cyberecord Inc,0,0,0
20010327,41472,CYRD',OTC,0.59375,0.59375,624,0,Cyberecord Inc,0,0,0
20010328,41472,CYRD',OTC,0.625,0.625,175,0,Cyberecord Inc,0,0,0
20010329,41472,CYRD',OTC,0.71875,0.71875,182,0,Cyberecord Inc,0,0,0
20010330,41472,CYRD',OTC,0.71875,0.71875,356,0,Cyberecord Inc,0,0,0
20010402,41472,CYRD',OTC,0.71875,0.71875,0,0,Cyberecord Inc,0,0,0
20010403,41472,CYRD',OTC,0.53125,0.53125,1641,0,Cyberecord Inc,0,0,0
20010404,41472,CYRD',OTC,0.484375,0.484375,140,0,Cyberecord Inc,0,0,0
20010405,41472,CYRD',OTC,0.5,0.5,138,0,Cyberecord Inc,0,0,0
20010406,41472,CYRD',OTC,0.53125,0.53125,80,0,Cyberecord Inc,0,0,0
20010409,41472,CYRD',OTC,0.47,0.47,9,0,Cyberecord Inc,0,0,0
20010410,41472,CYRD',OTC,0.4,0.4,22,0,Cyberecord Inc,0,0,0
20010411,41472,CYRD',OTC,0.43,0.43,53,0,Cyberecord Inc,0,0,0
20010412,41472,CYRD',OTC,0.5,0.5,7,0,Cyberecord Inc,0,0,0
20010416,41472,CYRD',OTC,0.53,0.53,1174,0,Cyberecord Inc,0,0,0
20010417,41472,CYRD',OTC,0.45,0.45,104,0,Cyberecord Inc,0,0,0
20010418,41472,CYRD',OTC,0.53,0.53,85,0,Cyberecord Inc,0,0,0
20010419,41472,CYRD',OTC,0.47,0.47,500,0,Cyberecord Inc,0,0,0
20010420,41472,CYRD',OTC,0.51,0.51,50,0,Cyberecord Inc,0,0,0
20010423,41472,CYRD',OTC,0.38,0.38,685,0,Cyberecord Inc,0,0,0
20010424,41472,CYRD',OTC,0.45,0.45,290,0,Cyberecord Inc,0,0,0
20010425,41472,CYRD',OTC,0.48,0.48,254,0,Cyberecord Inc,0,0,0
20010426,41472,CYRD',OTC,0.45,0.45,60,0,Cyberecord Inc,0,0,0
20010427,41472,CYRD',OTC,0.35,0.35,449,0,Cyberecord Inc,0,0,0
20010430,41472,CYRD',OTC,0.31,0.31,374,0,Cyberecord Inc,0,0,0
20010501,41472,CYRD',OTC,0.36,0.36,24,0,Cyberecord Inc,0,0,0
20010502,41472,CYRD',OTC,0.36,0.36,62,0,Cyberecord Inc,0,0,0
20010503,41472,CYRD',OTC,0.26,0.26,738,0,Cyberecord Inc,0,0,0
20010504,41472,CYRD',OTC,0.31,0.31,35,0,Cyberecord Inc,0,0,0
20010507,41472,CYRD',OTC,0.25,0.25,256,0,Cyberecord Inc,0,0,0
20010508,41472,CYRD',OTC,0.27,0.27,56,0,Cyberecord Inc,0,0,0
20010509,41472,CYRD',OTC,0.27,0.27,49,0,Cyberecord Inc,0,0,0
20010510,41472,CYRD',OTC,0.16,0.16,1042,0,Cyberecord Inc,0,0,0
20010511,41472,CYRD',OTC,0.21,0.21,85,0,Cyberecord Inc,0,0,0
20010514,41472,CYRD',OTC,0.17,0.17,220,0,Cyberecord Inc,0,0,0
20010515,41472,CYRD',OTC,0.17,0.17,31,0,Cyberecord Inc,0,0,0
20010516,41472,CYRD',OTC,0.21,0.21,809,0,Cyberecord Inc,0,0,0
20010517,41472,CYRD',OTC,0.2,0.2,441,0,Cyberecord Inc,0,0,0
20010518,41472,CYRD',OTC,0.2,0.2,279,0,Cyberecord Inc,0,0,0
20010521,41472,CYRD',OTC,0.21,0.21,886,0,Cyberecord Inc,0,0,0
20010522,41472,CYRD',OTC,0.19,0.19,910,0,Cyberecord Inc,0,0,0
20010523,41472,CYRD',OTC,0.2,0.2,841,0,Cyberecord Inc,0,0,0
20010524,41472,CYRD',OTC,0.21,0.21,1093,0,Cyberecord Inc,0,0,0
20010525,41472,CYRD',OTC,0.2,0.2,110,0,Cyberecord Inc,0,0,0
20010529,41472,CYRD',OTC,0.2,0.2,0,0,Cyberecord Inc,0,0,0
20010530,41472,CYRD',OTC,0.17,0.17,409,0,Cyberecord Inc,0,0,0
20010531,41472,CYRD',OTC,0.16,0.16,15,0,Cyberecord Inc,0,0,0
20010601,41472,CYRD',OTC,0.16,0.16,0,0,Cyberecord Inc,0,0,0
20010604,41472,CYRD',OTC,0.17,0.17,60,0,Cyberecord Inc,0,0,0
20010605,41472,CYRD',OTC,0.2,0.2,412,0,Cyberecord Inc,0,0,0
20010606,41472,CYRD',OTC,0.22,0.22,1162,0,Cyberecord Inc,0,0,0
20010607,41472,CYRD',OTC,0.24,0.24,150,0,Cyberecord Inc,0,0,0
20010608,41472,CYRD',OTC,0.22,0.22,5,0,Cyberecord Inc,0,0,0
20010611,41472,CYRD',OTC,0.22,0.22,500,0,Cyberecord Inc,0,0,0
20010612,41472,CYRD',OTC,0.21,0.21,3078,0,Cyberecord Inc,0,0,0
20010613,41472,CYRD',OTC,0.2,0.2,2415,0,Cyberecord Inc,0,0,0
20010614,41472,CYRD',OTC,0.24,0.24,2200,0,Cyberecord Inc,0,0,0
20010615,41472,CYRD',OTC,0.28,0.28,747,0,Cyberecord Inc,0,0,0
20010618,41472,CYRD',OTC,0.32,0.32,14328,0,Cyberecord Inc,0,0,0
20010619,41472,CYRD',OTC,0.3,0.3,300,0,Cyberecord Inc,0,0,0
20010620,41472,CYRD',OTC,0.26,0.26,157,0,Cyberecord Inc,0,0,0
20010621,41472,CYRD',OTC,0.32,0.32,20,0,Cyberecord Inc,0,0,0
20010622,41472,CYRD',OTC,0.32,0.32,2727,0,Cyberecord Inc,0,0,0
20010625,41472,CYRD',OTC,0.34,0.34,238,0,Cyberecord Inc,0,0,0
20010626,41472,CYRD',OTC,0.34,0.34,0,0,Cyberecord Inc,0,0,0
20010627,41472,CYRD',OTC,0.3,0.3,174,0,Cyberecord Inc,0,0,0
20010628,41472,CYRD',OTC,0.32,0.32,10,0,Cyberecord Inc,0,0,0
20010629,41472,CYRD',OTC,0.29,0.29,25,0,Cyberecord Inc,0,0,0
20010702,41472,CYRD',OTC,0.28,0.28,277,0,Cyberecord Inc,0,0,0
20010703,41472,CYRD',OTC,0.3,0.3,552,0,Cyberecord Inc,0,0,0
20010705,41472,CYRD',OTC,0.25,0.25,77,0,Cyberecord Inc,0,0,0
20010706,41472,CYRD',OTC,0.25,0.25,0,0,Cyberecord Inc,0,0,0
20010709,41472,CYRD',OTC,0.25,0.25,0,0,Cyberecord Inc,0,0,0
20010710,41472,CYRD',OTC,0.25,0.25,585,0,Cyberecord Inc,0,0,0
20010711,41472,CYRD',OTC,0.26,0.26,66,0,Cyberecord Inc,0,0,0
20010712,41472,CYRD',OTC,0.26,0.26,3,0,Cyberecord Inc,0,0,0
20010713,41472,CYRD',OTC,0.23,0.23,415,0,Cyberecord Inc,0,0,0
20010716,41472,CYRD',OTC,0.28,0.28,320,0,Cyberecord Inc,0,0,0
20010717,41472,CYRD',OTC,0.28,0.28,30,0,Cyberecord Inc,0,0,0
20010718,41472,CYRD',OTC,0.26,0.26,125,0,Cyberecord Inc,0,0,0
20010719,41472,CYRD',OTC,0.23,0.23,15,0,Cyberecord Inc,0,0,0
20010720,41472,CYRD',OTC,0.23,0.23,147,0,Cyberecord Inc,0,0,0
20010723,41472,CYRD',OTC,0.22,0.22,70,0,Cyberecord Inc,0,0,0
20010724,41472,CYRD',OTC,0.2,0.2,190,0,Cyberecord Inc,0,0,0
20010725,41472,CYRD',OTC,0.2,0.2,21,0,Cyberecord Inc,0,0,0
20010726,41472,CYRD',OTC,0.2,0.2,22,0,Cyberecord Inc,0,0,0
20010727,41472,CYRD',OTC,0.2,0.2,20,0,Cyberecord Inc,0,0,0
20010730,41472,CYRD',OTC,0.2,0.2,0,0,Cyberecord Inc,0,0,0
20010731,41472,CYRD',OTC,0.26,0.26,35,0,Cyberecord Inc,0,0,0
20010801,41472,CYRD',OTC,0.26,0.26,0,0,Cyberecord Inc,0,0,0
20010802,41472,CYRD',OTC,0.2,0.2,10,0,Cyberecord Inc,0,0,0
20010803,41472,CYRD',OTC,0.2,0.2,0,0,Cyberecord Inc,0,0,0
20010806,41472,CYRD',OTC,0.2,0.2,3,0,Cyberecord Inc,0,0,0
20010807,41472,CYRD',OTC,0.2,0.2,5,0,Cyberecord Inc,0,0,0
20010808,41472,CYRD',OTC,0.2,0.2,20,0,Cyberecord Inc,0,0,0
20010809,41472,CYRD',OTC,0.32,0.32,4,0,Cyberecord Inc,0,0,0
20010810,41472,CYRD',OTC,0.26,0.26,20,0,Cyberecord Inc,0,0,0
20010813,41472,CYRD',OTC,0.26,0.26,0,0,Cyberecord Inc,0,0,0
20010814,41472,CYRD',OTC,0.25,0.25,60,0,Cyberecord Inc,0,0,0
20010815,41472,CYRD',OTC,0.22,0.22,263,0,Cyberecord Inc,0,0,0
20010816,41472,CYRD',OTC,0.23,0.23,80,0,Cyberecord Inc,0,0,0
20010817,41472,CYRD',OTC,0.23,0.23,45,0,Cyberecord Inc,0,0,0
20010820,41472,CYRD',OTC,0.21,0.21,3289,0,Cyberecord Inc,0,0,0
20010821,41472,CYRD',OTC,0.2,0.2,3405,0,Cyberecord Inc,0,0,0
20010822,41472,CYRD',OTC,0.22,0.22,150,0,Cyberecord Inc,0,0,0
20010823,41472,CYRD',OTC,0.22,0.22,0,0,Cyberecord Inc,0,0,0
20010824,41472,CYRD',OTC,0.22,0.22,1240,0,Cyberecord Inc,0,0,0
20010827,41472,CYRD',OTC,0.22,0.22,775,0,Cyberecord Inc,0,0,0
20010828,41472,CYRD',OTC,0.22,0.22,713,0,Cyberecord Inc,0,0,0
20010829,41472,CYRD',OTC,0.25,0.25,971,0,Cyberecord Inc,0,0,0
20010830,41472,CYRD',OTC,0.25,0.25,100,0,Cyberecord Inc,0,0,0
20010831,41472,CYRD',OTC,0.25,0.25,407,0,Cyberecord Inc,0,0,0
20010904,41472,CYRD',OTC,0.25,0.25,1044,0,Cyberecord Inc,0,0,0
20010905,41472,CYRD',OTC,0.24,0.24,205,0,Cyberecord Inc,0,0,0
20010906,41472,CYRD',OTC,0.24,0.24,180,0,Cyberecord Inc,0,0,0
20010907,41472,CYRD',OTC,0.24,0.24,18,0,Cyberecord Inc,0,0,0
20010910,41472,CYRD',OTC,0.24,0.24,2,0,Cyberecord Inc,0,0,0
20010917,41472,CYRD',OTC,0.23,0.23,269,0,Cyberecord Inc,0,0,0
20010918,41472,CYRD',OTC,0.23,0.23,0,0,Cyberecord Inc,0,0,0
20010919,41472,CYRD',OTC,0.16,0.16,345,0,Cyberecord Inc,0,0,0
20010920,41472,CYRD',OTC,0.16,0.16,175,0,Cyberecord Inc,0,0,0
20010921,41472,CYRD',OTC,0.16,0.16,270,0,Cyberecord Inc,0,0,0
20010924,41472,CYRD',OTC,0.14,0.14,270,0,Cyberecord Inc,0,0,0
20010925,41472,CYRD',OTC,0.1,0.1,100,0,Cyberecord Inc,0,0,0
20010926,41472,CYRD',OTC,0.08,0.08,1053,0,Cyberecord Inc,0,0,0
20010927,41472,CYRD',OTC,0.16,0.16,906,0,Cyberecord Inc,0,0,0
20010928,41472,CYRD',OTC,0.15,0.15,242,0,Cyberecord Inc,0,0,0
20011001,41472,CYRD',OTC,0.21,0.21,70,0,Cyberecord Inc,0,0,0
20011002,41472,CYRD',OTC,0.18,0.18,112,0,Cyberecord Inc,0,0,0
20011003,41472,CYRD',OTC,0.15,0.15,781,0,Cyberecord Inc,0,0,0
20011004,41472,CYRD',OTC,0.22,0.22,1282,0,Cyberecord Inc,0,0,0
20011005,41472,CYRD',OTC,0.25,0.25,1170,0,Cyberecord Inc,0,0,0
20011008,41472,CYRD',OTC,0.26,0.26,990,0,Cyberecord Inc,0,0,0
20011009,41472,CYRD',OTC,0.29,0.29,5077,0,Cyberecord Inc,0,0,0
20011010,41472,CYRD',OTC,0.26,0.26,913,0,Cyberecord Inc,0,0,0
20011011,41472,CYRD',OTC,0.27,0.27,322,0,Cyberecord Inc,0,0,0
20011012,41472,CYRD',OTC,0.24,0.24,247,0,Cyberecord Inc,0,0,0
20011015,41472,CYRD',OTC,0.23,0.23,5,0,Cyberecord Inc,0,0,0
20011016,41472,CYRD',OTC,0.23,0.23,565,0,Cyberecord Inc,0,0,0
20011017,41472,CYRD',OTC,0.25,0.25,2266,0,Cyberecord Inc,0,0,0
20011018,41472,CYRD',OTC,0.25,0.25,100,0,Cyberecord Inc,0,0,0
20011019,41472,CYRD',OTC,0.21,0.21,135,0,Cyberecord Inc,0,0,0
20011022,41472,CYRD',OTC,0.21,0.21,0,0,Cyberecord Inc,0,0,0
20011023,41472,CYRD',OTC,0.22,0.22,302,0,Cyberecord Inc,0,0,0
20011024,41472,CYRD',OTC,0.23,0.23,330,0,Cyberecord Inc,0,0,0
20011025,41472,CYRD',OTC,0.19,0.19,50,0,Cyberecord Inc,0,0,0
20011026,41472,CYRD',OTC,0.19,0.19,356,0,Cyberecord Inc,0,0,0
20011029,41472,CYRD',OTC,0.23,0.23,20,0,Cyberecord Inc,0,0,0
20011030,41472,CYRD',OTC,0.2,0.2,600,0,Cyberecord Inc,0,0,0
20011031,41472,CYRD',OTC,0.21,0.21,690,0,Cyberecord Inc,0,0,0
20011101,41472,CYRD',OTC,0.23,0.23,1059,0,Cyberecord Inc,0,0,0
20011102,41472,CYRD',OTC,0.23,0.23,10,0,Cyberecord Inc,0,0,0
20011105,41472,CYRD',OTC,0.22,0.22,395,0,Cyberecord Inc,0,0,0
20011106,41472,CYRD',OTC,0.18,0.18,205,0,Cyberecord Inc,0,0,0
20011107,41472,CYRD',OTC,0.18,0.18,1692,0,Cyberecord Inc,0,0,0
20011108,41472,CYRD',OTC,0.19,0.19,435,0,Cyberecord Inc,0,0,0
20011109,41472,CYRD',OTC,0.19,0.19,1280,0,Cyberecord Inc,0,0,0
20011112,41472,CYRD',OTC,0.16,0.16,1389,0,Cyberecord Inc,0,0,0
20011113,41472,CYRD',OTC,0.15,0.15,769,0,Cyberecord Inc,0,0,0
20011114,41472,CYRD',OTC,0.16,0.16,600,0,Cyberecord Inc,0,0,0
20011115,41472,CYRD',OTC,0.16,0.16,0,0,Cyberecord Inc,0,0,0
20011116,41472,CYRD',OTC,0.09,0.09,1100,0,Cyberecord Inc,0,0,0
20011119,41472,CYRD',OTC,0.13,0.13,1153,0,Cyberecord Inc,0,0,0
20011120,41472,CYRD',OTC,0.12,0.12,2057,0,Cyberecord Inc,0,0,0
20011121,41472,CYRD',OTC,0.09,0.09,1085,0,Cyberecord Inc,0,0,0
20011123,41472,CYRD',OTC,0.1,0.1,742,0,Cyberecord Inc,0,0,0
20011126,41472,CYRD',OTC,0.09,0.09,2107,0,Cyberecord Inc,0,0,0
20011127,41472,CYRD',OTC,0.1,0.1,1476,0,Cyberecord Inc,0,0,0
20011128,41472,CYRD',OTC,0.09,0.09,2665,0,Cyberecord Inc,0,0,0
20011129,41472,CYRD',OTC,0.09,0.09,2,0,Cyberecord Inc,0,0,0
20011130,41472,CYRD',OTC,0.07,0.07,3854,0,Cyberecord Inc,0,0,0
20011203,41472,CYRD',OTC,0.07,0.07,37,0,Cyberecord Inc,0,0,0
20011204,41472,CYRD',OTC,0.09,0.09,2042,0,Cyberecord Inc,0,0,0
20011205,41472,CYRD',OTC,0.08,0.08,3009,0,Cyberecord Inc,0,0,0
20011206,41472,CYRD',OTC,0.07,0.07,127,0,Cyberecord Inc,0,0,0
20011207,41472,CYRD',OTC,0.07,0.07,3029,0,Cyberecord Inc,0,0,0
20011210,41472,CYRD',OTC,0.08,0.08,4297,0,Cyberecord Inc,0,0,0
20011211,41472,CYRD',OTC,0.12,0.12,36,0,Cyberecord Inc,0,0,0
20011212,41472,CYRD',OTC,0.1,0.1,575,0,Cyberecord Inc,0,0,0
20011213,41472,CYRD',OTC,0.11,0.11,135,0,Cyberecord Inc,0,0,0
20011214,41472,CYRD',OTC,0.09,0.09,1,0,Cyberecord Inc,0,0,0
20011217,41472,CYRD',OTC,0.09,0.09,528,0,Cyberecord Inc,0,0,0
20011218,41472,CYRD',OTC,0.09,0.09,15,0,Cyberecord Inc,0,0,0
20011219,41472,CYRD',OTC,0.09,0.09,133,0,Cyberecord Inc,0,0,0
20011220,41472,CYRD',OTC,0.09,0.09,1,0,Cyberecord Inc,0,0,0
20011221,41472,CYRD',OTC,0.09,0.09,575,0,Cyberecord Inc,0,0,0
20011224,41472,CYRD',OTC,0.09,0.09,16,0,Cyberecord Inc,0,0,0
20011226,41472,CYRD',OTC,0.09,0.09,203,0,Cyberecord Inc,0,0,0
20011227,41472,CYRD',OTC,0.09,0.09,590,0,Cyberecord Inc,0,0,0
20011228,41472,CYRD',OTC,0.09,0.09,185,0,Cyberecord Inc,0,0,0
20011231,41472,CYRD',OTC,0.09,0.09,629,0,Cyberecord Inc,0,0,0
20020102,41472,CYRD',OTC,0.11,0.11,16,0,Cyberecord Inc,0,0,0
20020103,41472,CYRD',OTC,0.09,0.09,1150,0,Cyberecord Inc,0,0,0
20020104,41472,CYRD',OTC,0.11,0.11,800,0,Cyberecord Inc,0,0,0
20020107,41472,CYRD',OTC,0.18,0.18,1983,0,Cyberecord Inc,0,0,0
20020108,41472,CYRD',OTC,0.16,0.16,15,0,Cyberecord Inc,0,0,0
20020109,41472,CYRD',OTC,0.16,0.16,1215,0,Cyberecord Inc,0,0,0
20020110,41472,CYRD',OTC,0.14,0.14,281,0,Cyberecord Inc,0,0,0
20020111,41472,CYRD',OTC,0.14,0.14,261,0,Cyberecord Inc,0,0,0
20020114,41472,CYRD',OTC,0.11,0.11,58,0,Cyberecord Inc,0,0,0
20020115,41472,CYRD',OTC,0.14,0.14,1600,0,Cyberecord Inc,0,0,0
20020116,41472,CYRD',OTC,0.14,0.14,141,0,Cyberecord Inc,0,0,0
20020117,41472,CYRD',OTC,0.13,0.13,5,0,Cyberecord Inc,0,0,0
20020118,41472,CYRD',OTC,0.14,0.14,20,0,Cyberecord Inc,0,0,0
20020122,41472,CYRD',OTC,0.11,0.11,124,0,Cyberecord Inc,0,0,0
20020123,41472,CYRD',OTC,0.11,0.11,0,0,Cyberecord Inc,0,0,0
20020124,41472,CYRD',OTC,0.16,0.16,33,0,Cyberecord Inc,0,0,0
20020125,41472,CYRD',OTC,0.16,0.16,0,0,Cyberecord Inc,0,0,0
20020128,41472,CYRD',OTC,0.15,0.15,50,0,Cyberecord Inc,0,0,0
20020129,41472,CYRD',OTC,0.12,0.12,100,0,Cyberecord Inc,0,0,0
20020130,41472,CYRD',OTC,0.12,0.12,0,0,Cyberecord Inc,0,0,0
20020131,41472,CYRD',OTC,0.14,0.14,5,0,Cyberecord Inc,0,0,0
20020201,41472,CYRD',OTC,0.12,0.12,154,0,Cyberecord Inc,0,0,0
20020204,41472,CYRD',OTC,0.11,0.11,8,0,Cyberecord Inc,0,0,0
20020205,41472,CYRD',OTC,0.11,0.11,0,0,Cyberecord Inc,0,0,0
20020206,41472,CYRD',OTC,0.11,0.11,251,0,Cyberecord Inc,0,0,0
20020207,41472,CYRD',OTC,0.11,0.11,105,0,Cyberecord Inc,0,0,0
20020208,41472,CYRD',OTC,0.1,0.1,371,0,Cyberecord Inc,0,0,0
20020211,41472,CYRD',OTC,0.1,0.1,0,0,Cyberecord Inc,0,0,0
20020212,41472,CYRD',OTC,0.1,0.1,0,0,Cyberecord Inc,0,0,0
20020213,41472,CYRD',OTC,0.09,0.09,600,0,Cyberecord Inc,0,0,0
20020214,41472,CYRD',OTC,0.09,0.09,256,0,Cyberecord Inc,0,0,0
20020215,41472,CYRD',OTC,0.09,0.09,100,0,Cyberecord Inc,0,0,0
20020219,41472,CYRD',OTC,0.1,0.1,970,0,Cyberecord Inc,0,0,0
20020220,41472,CYRD',OTC,0.09,0.09,3,0,Cyberecord Inc,0,0,0
20020221,41472,CYRD',OTC,0.09,0.09,129,0,Cyberecord Inc,0,0,0
20020222,41472,CYRD',OTC,0.1,0.1,170,0,Cyberecord Inc,0,0,0
20020225,41472,CYRD',OTC,0.09,0.09,394,0,Cyberecord Inc,0,0,0
20020226,41472,CYRD',OTC,0.08,0.08,1,0,Cyberecord Inc,0,0,0
20020227,41472,CYRD',OTC,0.1,0.1,20,0,Cyberecord Inc,0,0,0
20020228,41472,CYRD',OTC,0.08,0.08,102,0,Cyberecord Inc,0,0,0
20020301,41472,CYRD',OTC,0.07,0.07,220,0,Cyberecord Inc,0,0,0
20020304,41472,CYRD',OTC,0.09,0.09,395,0,Cyberecord Inc,0,0,0
20020305,41472,CYRD',OTC,0.09,0.09,425,0,Cyberecord Inc,0,0,0
20020306,41472,CYRD',OTC,0.08,0.08,451,0,Cyberecord Inc,0,0,0
20020307,41472,CYRD',OTC,0.07,0.07,444,0,Cyberecord Inc,0,0,0
20020308,41472,CYRD',OTC,0.07,0.07,150,0,Cyberecord Inc,0,0,0
20020311,41472,CYRD',OTC,0.05,0.05,342,0,Cyberecord Inc,0,0,0
20020312,41472,CYRD',OTC,0.08,0.08,100,0,Cyberecord Inc,0,0,0
20020313,41472,CYRD',OTC,0.08,0.08,0,0,Cyberecord Inc,0,0,0
20020314,41472,CYRD',OTC,0.08,0.08,0,0,Cyberecord Inc,0,0,0
20020315,41472,CYRD',OTC,0.08,0.08,0,0,Cyberecord Inc,0,0,0
20020318,41472,CYRD',OTC,0.08,0.08,0,0,Cyberecord Inc,0,0,0
20020319,41472,CYRD',OTC,0.09,0.09,112,0,Cyberecord Inc,0,0,0
20020320,41472,CYRD',OTC,0.06,0.06,50,0,Cyberecord Inc,0,0,0
20020321,41472,CYRD',OTC,0.07,0.07,1510,0,Cyberecord Inc,0,0,0
20020322,41472,CYRD',OTC,0.07,0.07,0,0,Cyberecord Inc,0,0,0
20020325,41472,CYRD',OTC,0.07,0.07,0,0,Cyberecord Inc,0,0,0
20020326,41472,CYRD',OTC,0.09,0.09,200,0,Cyberecord Inc,0,0,0
20020327,41472,CYRD',OTC,0.09,0.09,0,0,Cyberecord Inc,0,0,0
20020328,41472,CYRD',OTC,0.09,0.09,104,0,Cyberecord Inc,0,0,0
20020401,41472,CYRD',OTC,0.07,0.07,4,0,Cyberecord Inc,0,0,0
20020402,41472,CYRD',OTC,0.08,0.08,550,0,Cyberecord Inc,0,0,0
20020403,41472,CYRD',OTC,0.08,0.08,0,0,Cyberecord Inc,0,0,0
20020404,41472,CYRD',OTC,0.06,0.06,283,0,Cyberecord Inc,0,0,0
20020405,41472,CYRD',OTC,0.06,0.06,180,0,Cyberecord Inc,0,0,0
20020408,41472,CYRD',OTC,0.06,0.06,4,0,Cyberecord Inc,0,0,0
20020409,41472,CYRD',OTC,0.09,0.09,331,0,Cyberecord Inc,0,0,0
20020410,41472,CYRD',OTC,0.09,0.09,515,0,Cyberecord Inc,0,0,0
20020411,41472,CYRD',OTC,0.1,0.1,762,0,Cyberecord Inc,0,0,0
20020412,41472,CYRD',OTC,0.1,0.1,411,0,Cyberecord Inc,0,0,0
20020415,41472,CYRD',OTC,0.1,0.1,301,0,Cyberecord Inc,0,0,0
20020416,41472,CYRD',OTC,0.1,0.1,302,0,Cyberecord Inc,0,0,0
20020417,41472,CYRD',OTC,0.1,0.1,0,0,Cyberecord Inc,0,0,0
20020418,41472,CYRD',OTC,0.13,0.13,311,0,Cyberecord Inc,0,0,0
20020419,41472,CYRD',OTC,0.09,0.09,11,0,Cyberecord Inc,0,0,0
20020422,41472,CYRD',OTC,0.09,0.09,0,0,Cyberecord Inc,0,0,0
20020423,41472,CYRD',OTC,0.14,0.14,10,0,Cyberecord Inc,0,0,0
20020424,41472,CYRD',OTC,0.15,0.15,345,0,Cyberecord Inc,0,0,0
20020425,41472,CYRD',OTC,0.19,0.19,830,0,Cyberecord Inc,0,0,0
20020426,41472,CYRD',OTC,0.15,0.15,322,0,Cyberecord Inc,0,0,0
20020429,41472,CYRD',OTC,0.12,0.12,296,0,Cyberecord Inc,0,0,0
20020430,41472,CYRD',OTC,0.16,0.16,1404,0,Cyberecord Inc,0,0,0
20020501,41472,CYRD',OTC,0.17,0.17,5,0,Cyberecord Inc,0,0,0
20020502,41472,CYRD',OTC,0.18,0.18,5,0,Cyberecord Inc,0,0,0
20020503,41472,CYRD',OTC,0.15,0.15,1,0,Cyberecord Inc,0,0,0
20020506,41472,CYRD',OTC,0.15,0.15,566,0,Cyberecord Inc,0,0,0
20020507,41472,CYRD',OTC,0.13,0.13,2,0,Cyberecord Inc,0,0,0
20020508,41472,CYRD',OTC,0.15,0.15,98,0,Cyberecord Inc,0,0,0
20020509,41472,CYRD',OTC,0.15,0.15,0,0,Cyberecord Inc,0,0,0
20020510,41472,CYRD',OTC,0.2,0.2,19,0,Cyberecord Inc,0,0,0
20020513,41472,CYRD',OTC,0.2,0.2,6,0,Cyberecord Inc,0,0,0
20020514,41472,CYRD',OTC,0.2,0.2,0,0,Cyberecord Inc,0,0,0
20020515,41472,CYRD',OTC,0.2,0.2,30,0,Cyberecord Inc,0,0,0
20020516,41472,CYRD',OTC,0.18,0.18,210,0,Cyberecord Inc,0,0,0
20020517,41472,CYRD',OTC,0.18,0.18,0,0,Cyberecord Inc,0,0,0
20020520,41472,CYRD',OTC,0.19,0.19,25,0,Cyberecord Inc,0,0,0
20020521,41472,CYRD',OTC,0.14,0.14,15,0,Cyberecord Inc,0,0,0
20020522,41472,CYRD',OTC,0.14,0.14,5,0,Cyberecord Inc,0,0,0
20020523,41472,CYRD',OTC,0.15,0.15,862,0,Cyberecord Inc,0,0,0
20020524,41472,CYRD',OTC,0.15,0.15,0,0,Cyberecord Inc,0,0,0
20020528,41472,CYRD',OTC,0.15,0.15,300,0,Cyberecord Inc,0,0,0
20020529,41472,CYRD',OTC,0.14,0.14,1,0,Cyberecord Inc,0,0,0
20020530,41472,CYRD',OTC,0.14,0.14,10,0,Cyberecord Inc,0,0,0
20020531,41472,CYRD',OTC,0.16,0.16,10,0,Cyberecord Inc,0,0,0
20020603,41472,CYRD',OTC,0.16,0.16,0,0,Cyberecord Inc,0,0,0
20020604,41472,CYRD',OTC,0.16,0.16,313,0,Cyberecord Inc,0,0,0
20020605,41472,CYRD',OTC,0.16,0.16,0,0,Cyberecord Inc,0,0,0
20020606,41472,CYRD',OTC,0.14,0.14,32,0,Cyberecord Inc,0,0,0
20020607,41472,CYRD',OTC,0.15,0.15,401,0,Cyberecord Inc,0,0,0
20020610,41472,CYRD',OTC,0.13,0.13,654,0,Cyberecord Inc,0,0,0
20020611,41472,CYRD',OTC,0.11,0.11,2,0,Cyberecord Inc,0,0,0
20020612,41472,CYRD',OTC,0.11,0.11,2,0,Cyberecord Inc,0,0,0
20020613,41472,CYRD',OTC,0.11,0.11,0,0,Cyberecord Inc,0,0,0
20020614,41472,CYRD',OTC,0.11,0.11,14,0,Cyberecord Inc,0,0,0
20020617,41472,CYRD',OTC,0.11,0.11,0,0,Cyberecord Inc,0,0,0
20020618,41472,CYRD',OTC,0.12,0.12,110,0,Cyberecord Inc,0,0,0
20020619,41472,CYRD',OTC,0.1,0.1,960,0,Cyberecord Inc,0,0,0
20020620,41472,CYRD',OTC,0.1,0.1,0,0,Cyberecord Inc,0,0,0
20020621,41472,CYRD',OTC,0.1,0.1,0,0,Cyberecord Inc,0,0,0
20020624,41472,CYRD',OTC,0.12,0.12,563,0,Cyberecord Inc,0,0,0
20020625,41472,CYRD',OTC,0.12,0.12,0,0,Cyberecord Inc,0,0,0
20020626,41472,CYRD',OTC,0.12,0.12,450,0,Cyberecord Inc,0,0,0
20020627,41472,CYRD',OTC,0.12,0.12,0,0,Cyberecord Inc,0,0,0
20020628,41472,CYRD',OTC,0.09,0.09,1100,0,Cyberecord Inc,0,0,0
20020701,41472,CYRD',OTC,0.09,0.09,0,0,Cyberecord Inc,0,0,0
20020702,41472,CYRD',OTC,0.11,0.11,30,0,Cyberecord Inc,0,0,0
20020703,41472,CYRD',OTC,0.09,0.09,2,0,Cyberecord Inc,0,0,0
20020705,41472,CYRD',OTC,0.09,0.09,0,0,Cyberecord Inc,0,0,0
20020708,41472,CYRD',OTC,0.09,0.09,0,0,Cyberecord Inc,0,0,0
20020709,41472,CYRD',OTC,0.11,0.11,150,0,Cyberecord Inc,0,0,0
20020710,41472,CYRD',OTC,0.11,0.11,0,0,Cyberecord Inc,0,0,0
20020711,41472,CYRD',OTC,0.09,0.09,110,0,Cyberecord Inc,0,0,0
20020712,41472,CYRD',OTC,0.1,0.1,375,0,Cyberecord Inc,0,0,0
20020715,41472,CYRD',OTC,0.1,0.1,0,0,Cyberecord Inc,0,0,0
20020716,41472,CYRD',OTC,0.11,0.11,165,0,Cyberecord Inc,0,0,0
20020717,41472,CYRD',OTC,0.1,0.1,4,0,Cyberecord Inc,0,0,0
20020718,41472,CYRD',OTC,0.1,0.1,5,0,Cyberecord Inc,0,0,0
20020719,41472,CYRD',OTC,0.1,0.1,0,0,Cyberecord Inc,0,0,0
20020722,41472,CYRD',OTC,0.12,0.12,246,0,Cyberecord Inc,0,0,0
20020723,41472,CYRD',OTC,0.11,0.11,7,0,Cyberecord Inc,0,0,0
20020724,41472,CYRD',OTC,0.11,0.11,0,0,Cyberecord Inc,0,0,0
20020725,41472,CYRD',OTC,0.11,0.11,120,0,Cyberecord Inc,0,0,0
20020726,41472,CYRD',OTC,0.11,0.11,241,0,Cyberecord Inc,0,0,0
20020729,41472,CYRD',OTC,0.12,0.12,166,0,Cyberecord Inc,0,0,0
20020730,41472,CYRD',OTC,0.13,0.13,350,0,Cyberecord Inc,0,0,0
20020731,41472,CYRD',OTC,0.15,0.15,370,0,Cyberecord Inc,0,0,0
20020801,41472,CYRD',OTC,0.14,0.14,462,0,Cyberecord Inc,0,0,0
20020802,41472,CYRD',OTC,0.14,0.14,225,0,Cyberecord Inc,0,0,0
20020805,41472,CYRD',OTC,0.14,0.14,127,0,Cyberecord Inc,0,0,0
20020806,41472,CYRD',OTC,0.15,0.15,155,0,Cyberecord Inc,0,0,0
20020807,41472,CYRD',OTC,0.13,0.13,30,0,Cyberecord Inc,0,0,0
20020808,41472,CYRD',OTC,0.13,0.13,0,0,Cyberecord Inc,0,0,0
20020809,41472,CYRD',OTC,0.13,0.13,2,0,Cyberecord Inc,0,0,0
20020812,41472,CYRD',OTC,0.13,0.13,7,0,Cyberecord Inc,0,0,0
20020813,41472,CYRD',OTC,0.12,0.12,575,0,Cyberecord Inc,0,0,0
20020814,41472,CYRD',OTC,0.12,0.12,0,0,Cyberecord Inc,0,0,0
20020815,41472,CYRD',OTC,0.12,0.12,10,0,Cyberecord Inc,0,0,0
20020816,41472,CYRD',OTC,0.13,0.13,120,0,Cyberecord Inc,0,0,0
20020819,41472,CYRD',OTC,0.13,0.13,0,0,Cyberecord Inc,0,0,0
20020820,41472,CYRD',OTC,0.14,0.14,100,0,Cyberecord Inc,0,0,0
20020821,41472,CYRD',OTC,0.12,0.12,60,0,Cyberecord Inc,0,0,0
20020822,41472,CYRD',OTC,0.12,0.12,0,0,Cyberecord Inc,0,0,0
20020823,41472,CYRD',OTC,0.12,0.12,0,0,Cyberecord Inc,0,0,0
20020826,41472,CYRD',OTC,0.11,0.11,60,0,Cyberecord Inc,0,0,0
20020827,41472,CYRD',OTC,0.11,0.11,0,0,Cyberecord Inc,0,0,0
20020828,41472,CYRD',OTC,0.11,0.11,0,0,Cyberecord Inc,0,0,0
20020829,41472,CYRD',OTC,0.11,0.11,0,0,Cyberecord Inc,0,0,0
20020830,41472,CYRD',OTC,0.1,0.1,12,0,Cyberecord Inc,0,0,0
20020903,41472,CYRD',OTC,0.1,0.1,4,0,Cyberecord Inc,0,0,0
20020904,41472,CYRD',OTC,0.1,0.1,0,0,Cyberecord Inc,0,0,0
20020905,41472,CYRD',OTC,0.1,0.1,10,0,Cyberecord Inc,0,0,0
20020906,41472,CYRD',OTC,0.1,0.1,3,0,Cyberecord Inc,0,0,0
20020909,41472,CYRD',OTC,0.1,0.1,0,0,Cyberecord Inc,0,0,0
20020910,41472,CYRD',OTC,0.13,0.13,2,0,Cyberecord Inc,0,0,0
20020911,41472,CYRD',OTC,0.08,0.08,540,0,Cyberecord Inc,0,0,0
20020912,41472,CYRD',OTC,0.08,0.08,0,0,Cyberecord Inc,0,0,0
20020913,41472,CYRD',OTC,0.1,0.1,200,0,Cyberecord Inc,0,0,0
20020916,41472,CYRD',OTC,0.1,0.1,0,0,Cyberecord Inc,0,0,0
20020917,41472,CYRD',OTC,0.09,0.09,5,0,Cyberecord Inc,0,0,0
20020918,41472,CYRD',OTC,0.09,0.09,65,0,Cyberecord Inc,0,0,0
20020919,41472,CYRD',OTC,0.09,0.09,17,0,Cyberecord Inc,0,0,0
20020920,41472,CYRD',OTC,0.1,0.1,300,0,Cyberecord Inc,0,0,0
20020923,41472,CYRD',OTC,0.1,0.1,0,0,Cyberecord Inc,0,0,0
20020924,41472,CYRD',OTC,0.1,0.1,0,0,Cyberecord Inc,0,0,0
20020925,41472,CYRD',OTC,0.08,0.08,305,0,Cyberecord Inc,0,0,0
20020926,41472,CYRD',OTC,0.08,0.08,1100,0,Cyberecord Inc,0,0,0
20020927,41472,CYRD',OTC,0.07,0.07,5,0,Cyberecord Inc,0,0,0
20020930,41472,CYRD',OTC,0.05,0.05,648,0,Cyberecord Inc,0,0,0
20021001,41472,CYRD',OTC,0.05,0.05,476,0,Cyberecord Inc,0,0,0
20021002,41472,CYRD',OTC,0.04,0.04,53,0,Cyberecord Inc,0,0,0
20021003,41472,CYRD',OTC,0.04,0.04,5,0,Cyberecord Inc,0,0,0
20021004,41472,CYRD',OTC,0.05,0.05,836,0,Cyberecord Inc,0,0,0
20021007,41472,CYRD',OTC,0.04,0.04,995,0,Cyberecord Inc,0,0,0
20021008,41472,CYRD',OTC,0.05,0.05,1037,0,Cyberecord Inc,0,0,0
20021009,41472,CYRD',OTC,0.05,0.05,180,0,Cyberecord Inc,0,0,0
20021010,41472,CYRD',OTC,0.04,0.04,173,0,Cyberecord Inc,0,0,0
20021011,41472,CYRD',OTC,0.05,0.05,310,0,Cyberecord Inc,0,0,0
20021014,41472,CYRD',OTC,0.05,0.05,0,0,Cyberecord Inc,0,0,0
20021015,41472,CYRD',OTC,0.05,0.05,0,0,Cyberecord Inc,0,0,0
20021016,41472,CYRD',OTC,0.05,0.05,125,0,Cyberecord Inc,0,0,0
20021017,41472,CYRD',OTC,0.05,0.05,0,0,Cyberecord Inc,0,0,0
20021018,41472,CYRD',OTC,0.05,0.05,50,0,Cyberecord Inc,0,0,0
20021021,41472,CYRD',OTC,0.05,0.05,273,0,Cyberecord Inc,0,0,0
20021022,41472,CYRD',OTC,0.05,0.05,518,0,Cyberecord Inc,0,0,0
20021023,41472,CYRD',OTC,0.05,0.05,1,0,Cyberecord Inc,0,0,0
20021024,41472,CYRD',OTC,0.05,0.05,32,0,Cyberecord Inc,0,0,0
20021025,41472,CYRD',OTC,0.05,0.05,0,0,Cyberecord Inc,0,0,0
20021028,41472,CYRD',OTC,0.06,0.06,190,0,Cyberecord Inc,0,0,0
20021029,41472,CYRD',OTC,0.05,0.05,771,0,Cyberecord Inc,0,0,0
20021030,41472,CYRD',OTC,0.05,0.05,130,0,Cyberecord Inc,0,0,0
20021031,41472,CYRD',OTC,0.05,0.05,458,0,Cyberecord Inc,0,0,0
20021101,41472,CYRD',OTC,0.05,0.05,0,0,Cyberecord Inc,0,0,0
20021104,41472,CYRD',OTC,0.05,0.05,20,0,Cyberecord Inc,0,0,0
20021105,41472,CYRD',OTC,0.05,0.05,0,0,Cyberecord Inc,0,0,0
20021106,41472,CYRD',OTC,0.05,0.05,0,0,Cyberecord Inc,0,0,0
20021107,41472,CYRD',OTC,0.05,0.05,190,0,Cyberecord Inc,0,0,0
20021108,41472,CYRD',OTC,0.06,0.06,104,0,Cyberecord Inc,0,0,0
20021111,41472,CYRD',OTC,0.06,0.06,218,0,Cyberecord Inc,0,0,0
20021112,41472,CYRD',OTC,0.06,0.06,2,0,Cyberecord Inc,0,0,0
20021113,41472,CYRD',OTC,0.06,0.06,184,0,Cyberecord Inc,0,0,0
20021114,41472,CYRD',OTC,0.06,0.06,0,0,Cyberecord Inc,0,0,0
20021115,41472,CYRD',OTC,0.09,0.09,575,0,Cyberecord Inc,0,0,0
20021118,41472,CYRD',OTC,0.06,0.06,199,0,Cyberecord Inc,0,0,0
20021119,41472,CYRD',OTC,0.06,0.06,68,0,Cyberecord Inc,0,0,0
20021120,41472,CYRD',OTC,0.06,0.06,1120,0,Cyberecord Inc,0,0,0
20021121,41472,CYRD',OTC,0.04,0.04,61,0,Cyberecord Inc,0,0,0
20021122,41472,CYRD',OTC,0.06,0.06,230,0,Cyberecord Inc,0,0,0
20021125,41472,CYRD',OTC,0.07,0.07,50,0,Cyberecord Inc,0,0,0
20021126,41472,CYRD',OTC,0.11,0.11,1101,0,Cyberecord Inc,0,0,0
20021127,41472,CYRD',OTC,0.1,0.1,206,0,Cyberecord Inc,0,0,0
20021129,41472,CYRD',OTC,0.09,0.09,70,0,Cyberecord Inc,0,0,0
20021202,41472,CYRD',OTC,0.09,0.09,69,0,Cyberecord Inc,0,0,0
20021203,41472,CYRD',OTC,0.09,0.09,0,0,Cyberecord Inc,0,0,0
20021204,41472,CYRD',OTC,0.07,0.07,205,0,Cyberecord Inc,0,0,0
20021205,41472,CYRD',OTC,0.07,0.07,14,0,Cyberecord Inc,0,0,0
20021206,41472,CYRD',OTC,0.07,0.07,0,0,Cyberecord Inc,0,0,0
20021209,41472,CYRD',OTC,0.08,0.08,905,0,Cyberecord Inc,0,0,0
20021210,41472,CYRD',OTC,0.06,0.06,550,0,Cyberecord Inc,0,0,0
20021211,41472,CYRD',OTC,0.05,0.05,175,0,Cyberecord Inc,0,0,0
20021212,41472,CYRD',OTC,0.05,0.05,53,0,Cyberecord Inc,0,0,0
20021213,41472,CYRD',OTC,0.05,0.05,300,0,Cyberecord Inc,0,0,0
20021216,41472,CYRD',OTC,0.07,0.07,200,0,Cyberecord Inc,0,0,0
20021217,41472,CYRD',OTC,0.06,0.06,1121,0,Cyberecord Inc,0,0,0
20021218,41472,CYRD',OTC,0.07,0.07,130,0,Cyberecord Inc,0,0,0
20021219,41472,CYRD',OTC,0.06,0.06,21,0,Cyberecord Inc,0,0,0
20021220,41472,CYRD',OTC,0.05,0.05,221,0,Cyberecord Inc,0,0,0
20021223,41472,CYRD',OTC,0.04,0.04,2708,0,Cyberecord Inc,0,0,0
20021224,41472,CYRD',OTC,0.04,0.04,3,0,Cyberecord Inc,0,0,0
20021226,41472,CYRD',OTC,0.04,0.04,21,0,Cyberecord Inc,0,0,0
20021227,41472,CYRD',OTC,0.04,0.04,332,0,Cyberecord Inc,0,0,0
20021230,41472,CYRD',OTC,0.04,0.04,58,0,Cyberecord Inc,0,0,0
20021231,41472,CYRD',OTC,0.04,0.04,830,0,Cyberecord Inc,0,0,0
20030102,41472,CYRD',OTC,0.04,0.04,135,0,Cyberecord Inc,0,0,0
20030103,41472,CYRD',OTC,0.06,0.06,61,0,Cyberecord Inc,0,0,0
20030106,41472,CYRD',OTC,0.06,0.06,0,0,Cyberecord Inc,0,0,0
20030107,41472,CYRD',OTC,0.05,0.05,1133,0,Cyberecord Inc,0,0,0
20030108,41472,CYRD',OTC,0.04,0.04,7,0,Cyberecord Inc,0,0,0
20030109,41472,CYRD',OTC,0.05,0.05,51,0,Cyberecord Inc,0,0,0
20030110,41472,CYRD',OTC,0.04,0.04,1150,0,Cyberecord Inc,0,0,0
20030113,41472,CYRD',OTC,0.04,0.04,101,0,Cyberecord Inc,0,0,0
20030114,41472,CYRD',OTC,0.05,0.05,100,0,Cyberecord Inc,0,0,0
20030115,41472,CYRD',OTC,0.04,0.04,84,0,Cyberecord Inc,0,0,0
20030116,41472,CYRD',OTC,0.04,0.04,1952,0,Cyberecord Inc,0,0,0
20030117,41472,CYRD',OTC,0.04,0.04,15,0,Cyberecord Inc,0,0,0
20030121,41472,CYRD',OTC,0.04,0.04,0,0,Cyberecord Inc,0,0,0
20030122,41472,CYRD',OTC,0.04,0.04,2,0,Cyberecord Inc,0,0,0
20030123,41472,CYRD',OTC,0.04,0.04,3,0,Cyberecord Inc,0,0,0
20030124,41472,CYRD',OTC,0.05,0.05,500,0,Cyberecord Inc,0,0,0
20030127,41472,CYRD',OTC,0.05,0.05,1,0,Cyberecord Inc,0,0,0
20030128,41472,CYRD',OTC,0.05,0.05,0,0,Cyberecord Inc,0,0,0
20030129,41472,CYRD',OTC,0.05,0.05,0,0,Cyberecord Inc,0,0,0
20030130,41472,CYRD',OTC,0.04,0.04,20,0,Cyberecord Inc,0,0,0
20030131,41472,CYRD',OTC,0.04,0.04,30,0,Cyberecord Inc,0,0,0
20030203,41472,CYRD',OTC,0.04,0.04,0,0,Cyberecord Inc,0,0,0
20030204,41472,CYRD',OTC,0.05,0.05,900,0,Cyberecord Inc,0,0,0
20030205,41472,CYRD',OTC,0.05,0.05,0,0,Cyberecord Inc,0,0,0
20030206,41472,CYRD',OTC,0.07,0.07,32,0,Cyberecord Inc,0,0,0
20030207,41472,CYRD',OTC,0.07,0.07,0,0,Cyberecord Inc,0,0,0
20030210,41472,CYRD',OTC,0.07,0.07,0,0,Cyberecord Inc,0,0,0
20030211,41472,CYRD',OTC,0.06,0.06,312,0,Cyberecord Inc,0,0,0
20030212,41472,CYRD',OTC,0.05,0.05,3,0,Cyberecord Inc,0,0,0
20030213,41472,CYRD',OTC,0.05,0.05,2,0,Cyberecord Inc,0,0,0
20030214,41472,CYRD',OTC,0.07,0.07,268,0,Cyberecord Inc,0,0,0
20030218,41472,CYRD',OTC,0.07,0.07,0,0,Cyberecord Inc,0,0,0
20030219,41472,CYRD',OTC,0.07,0.07,0,0,Cyberecord Inc,0,0,0
20030220,41472,CYRD',OTC,0.07,0.07,0,0,Cyberecord Inc,0,0,0
20030221,41472,CYRD',OTC,0.07,0.07,0,0,Cyberecord Inc,0,0,0
20030224,41472,CYRD',OTC,0.04,0.04,2,0,Cyberecord Inc,0,0,0
20030225,41472,CYRD',OTC,0.04,0.04,0,0,Cyberecord Inc,0,0,0
20030226,41472,CYRD',OTC,0.04,0.04,0,0,Cyberecord Inc,0,0,0
20030227,41472,CYRD',OTC,0.04,0.04,1,0,Cyberecord Inc,0,0,0
20030228,41472,CYRD',OTC,0.05,0.05,200,0,Cyberecord Inc,0,0,0
20030303,41472,CYRD',OTC,0.05,0.05,502,0,Cyberecord Inc,0,0,0
20030304,41472,CYRD',OTC,0.05,0.05,16,0,Cyberecord Inc,0,0,0
20030305,41472,CYRD',OTC,0.05,0.05,0,0,Cyberecord Inc,0,0,0
20030306,41472,CYRD',OTC,0.04,0.04,402,0,Cyberecord Inc,0,0,0
20030307,41472,CYRD',OTC,0.05,0.05,350,0,Cyberecord Inc,0,0,0
20030310,41472,CYRD',OTC,0.05,0.05,280,0,Cyberecord Inc,0,0,0
20030311,41472,CYRD',OTC,0.05,0.05,0,0,Cyberecord Inc,0,0,0
20030312,41472,CYRD',OTC,0.04,0.04,28,0,Cyberecord Inc,0,0,0
20030313,41472,CYRD',OTC,0.04,0.04,5,0,Cyberecord Inc,0,0,0
20030314,41472,CYRD',OTC,0.04,0.04,0,0,Cyberecord Inc,0,0,0
20030317,41472,CYRD',OTC,0.04,0.04,3,0,Cyberecord Inc,0,0,0
20030318,41472,CYRD',OTC,0.04,0.04,0,0,Cyberecord Inc,0,0,0
20030319,41472,CYRD',OTC,0.04,0.04,55,0,Cyberecord Inc,0,0,0
20030320,41472,CYRD',OTC,0.04,0.04,0,0,Cyberecord Inc,0,0,0
20030321,41472,CYRD',OTC,0.06,0.06,400,0,Cyberecord Inc,0,0,0
20030324,41472,CYRD',OTC,0.05,0.05,36,0,Cyberecord Inc,0,0,0
20030325,41472,CYRD',OTC,0.05,0.05,0,0,Cyberecord Inc,0,0,0
20030326,41472,CYRD',OTC,0.04,0.04,11,0,Cyberecord Inc,0,0,0
20030327,41472,CYRD',OTC,0.04,0.04,0,0,Cyberecord Inc,0,0,0
20030328,41472,CYRD',OTC,0.04,0.04,0,0,Cyberecord Inc,0,0,0
20030331,41472,CYRD',OTC,0.04,0.04,830,0,Cyberecord Inc,0,0,0
20030401,41472,CYRD',OTC,0.04,0.04,80,0,Cyberecord Inc,0,0,0
20030402,41472,CYRD',OTC,0.04,0.04,130,0,Cyberecord Inc,0,0,0
20030403,41472,CYRD',OTC,0.04,0.04,0,0,Cyberecord Inc,0,0,0
20030404,41472,CYRD',OTC,0.04,0.04,0,0,Cyberecord Inc,0,0,0
20030407,41472,CYRD',OTC,0.04,0.04,0,0,Cyberecord Inc,0,0,0
20030408,41472,CYRD',OTC,0.04,0.04,1,0,Cyberecord Inc,0,0,0
20030409,41472,CYRD',OTC,0.04,0.04,2,0,Cyberecord Inc,0,0,0
20030410,41472,CYRD',OTC,0.04,0.04,1,0,Cyberecord Inc,0,0,0
20030411,41472,CYRD',OTC,0.05,0.05,104,0,Cyberecord Inc,0,0,0
20030414,41472,CYRD',OTC,0.05,0.05,0,0,Cyberecord Inc,0,0,0
20030415,41472,CYRD',OTC,0.06,0.06,212,0,Cyberecord Inc,0,0,0
20030416,41472,CYRD',OTC,0.05,0.05,42,0,Cyberecord Inc,0,0,0
20030417,41472,CYRD',OTC,0.05,0.05,5,0,Cyberecord Inc,0,0,0
20030421,41472,CYRD',OTC,0.05,0.05,12,0,Cyberecord Inc,0,0,0
20030422,41472,CYRD',OTC,0.05,0.05,2,0,Cyberecord Inc,0,0,0
20030423,41472,CYRD',OTC,0.04,0.04,235,0,Cyberecord Inc,0,0,0
20030424,41472,CYRD',OTC,0.04,0.04,0,0,Cyberecord Inc,0,0,0
20030425,41472,CYRD',OTC,0.04,0.04,0,0,Cyberecord Inc,0,0,0
20030428,41472,CYRD',OTC,0.04,0.04,0,0,Cyberecord Inc,0,0,0
20030429,41472,CYRD',OTC,0.04,0.04,0,0,Cyberecord Inc,0,0,0
20030430,41472,CYRD',OTC,0.04,0.04,0,0,Cyberecord Inc,0,0,0
20030501,41472,CYRD',OTC,0.05,0.05,177,0,Cyberecord Inc,0,0,0
20030502,41472,CYRD',OTC,0.05,0.05,0,0,Cyberecord Inc,0,0,0
20030505,41472,CYRD',OTC,0.04,0.04,932,0,Cyberecord Inc,0,0,0
20030506,41472,CYRD',OTC,0.04,0.04,1,0,Cyberecord Inc,0,0,0
20030507,41472,CYRD',OTC,0.04,0.04,0,0,Cyberecord Inc,0,0,0
20030508,41472,CYRD',OTC,0.04,0.04,28,0,Cyberecord Inc,0,0,0
20030509,41472,CYRD',OTC,0.04,0.04,0,0,Cyberecord Inc,0,0,0
20030512,41472,CYRD',OTC,0.04,0.04,15,0,Cyberecord Inc,0,0,0
20030513,41472,CYRD',OTC,0.04,0.04,101,0,Cyberecord Inc,0,0,0
20030514,41472,CYRD',OTC,0.04,0.04,100,0,Cyberecord Inc,0,0,0
20030515,41472,CYRD',OTC,0.04,0.04,1,0,Cyberecord Inc,0,0,0
20030516,41472,CYRD',OTC,0.05,0.05,10,0,Cyberecord Inc,0,0,0
20030519,41472,CYRD',OTC,0.05,0.05,56,0,Cyberecord Inc,0,0,0
20030520,41472,CYRD',OTC,0.04,0.04,775,0,Cyberecord Inc,0,0,0
20030521,41472,CYRD',OTC,0.04,0.04,188,0,Cyberecord Inc,0,0,0
20030522,41472,CYRD',OTC,0.05,0.05,50,0,Cyberecord Inc,0,0,0
20030523,41472,CYRD',OTC,0.05,0.05,50,0,Cyberecord Inc,0,0,0
20030527,41472,CYRD',OTC,0.04,0.04,340,0,Cyberecord Inc,0,0,0
20030528,41472,CYRD',OTC,0.05,0.05,17,0,Cyberecord Inc,0,0,0
20030529,41472,CYRD',OTC,0.04,0.04,20,0,Cyberecord Inc,0,0,0
20030530,41472,CYRD',OTC,0.04,0.04,30,0,Cyberecord Inc,0,0,0
20030602,41472,CYRD',OTC,0.04,0.04,11,0,Cyberecord Inc,0,0,0
20030603,41472,CYRD',OTC,0.04,0.04,2055,0,Cyberecord Inc,0,0,0
20030604,41472,CYRD',OTC,0.04,0.04,14,0,Cyberecord Inc,0,0,0
20030605,41472,CYRD',OTC,0.04,0.04,0,0,Cyberecord Inc,0,0,0
20030606,41472,CYRD',OTC,0.04,0.04,89,0,Cyberecord Inc,0,0,0
20030609,41472,CYRD',OTC,0.04,0.04,6,0,Cyberecord Inc,0,0,0
20030610,41472,CYRD',OTC,0.04,0.04,3,0,Cyberecord Inc,0,0,0
20030611,41472,CYRD',OTC,0.04,0.04,0,0,Cyberecord Inc,0,0,0
20030612,41472,CYRD',OTC,0.04,0.04,0,0,Cyberecord Inc,0,0,0
20030613,41472,CYRD',OTC,0.04,0.04,10,0,Cyberecord Inc,0,0,0
20030616,41472,CYRD',OTC,0.04,0.04,299,0,Cyberecord Inc,0,0,0
20030617,41472,CYRD',OTC,0.04,0.04,0,0,Cyberecord Inc,0,0,0
20030618,41472,CYRD',OTC,0.04,0.04,0,0,Cyberecord Inc,0,0,0
20030619,41472,CYRD',OTC,0.04,0.04,0,0,Cyberecord Inc,0,0,0
20030620,41472,CYRD',OTC,0.04,0.04,2,0,Cyberecord Inc,0,0,0
20030623,41472,CYRD',OTC,0.04,0.04,82,0,Cyberecord Inc,0,0,0
20030624,41472,CYRD',OTC,0.04,0.04,0,0,Cyberecord Inc,0,0,0
20030625,41472,CYRD',OTC,0.03,0.03,88,0,Cyberecord Inc,0,0,0
20030626,41472,CYRD',OTC,0.04,0.04,5,0,Cyberecord Inc,0,0,0
20030627,41472,CYRD',OTC,0.03,0.03,12,0,Cyberecord Inc,0,0,0
20030630,41472,CYRD',OTC,0.03,0.03,0,0,Cyberecord Inc,0,0,0
20030701,41472,CYRD',OTC,0.03,0.03,0,0,Cyberecord Inc,0,0,0
20030702,41472,CYRD',OTC,0.03,0.03,0,0,Cyberecord Inc,0,0,0
20030703,41472,CYRD',OTC,0.03,0.03,0,0,Cyberecord Inc,0,0,0
20030707,41472,CYRD',OTC,0.03,0.03,0,0,Cyberecord Inc,0,0,0
20030708,41472,CYRD',OTC,0.03,0.03,0,0,Cyberecord Inc,0,0,0
20030709,41472,CYRD',OTC,0.04,0.04,77,0,Cyberecord Inc,0,0,0
20030710,41472,CYRD',OTC,0.04,0.04,0,0,Cyberecord Inc,0,0,0
20030711,41472,CYRD',OTC,0.04,0.04,0,0,Cyberecord Inc,0,0,0
20030714,41472,CYRD',OTC,0.03,0.03,315,0,Cyberecord Inc,0,0,0
20030715,41472,CYRD',OTC,0.03,0.03,0,0,Cyberecord Inc,0,0,0
20030716,41472,CYRD',OTC,0.03,0.03,0,0,Cyberecord Inc,0,0,0
20030717,41472,CYRD',OTC,0.03,0.03,0,0,Cyberecord Inc,0,0,0
20030718,41472,CYRD',OTC,0.03,0.03,0,0,Cyberecord Inc,0,0,0
20030721,41472,CYRD',OTC,0.03,0.03,0,0,Cyberecord Inc,0,0,0
20030722,41472,CYRD',OTC,0.03,0.03,0,0,Cyberecord Inc,0,0,0
20030723,41472,CYRD',OTC,0.03,0.03,0,0,Cyberecord Inc,0,0,0
20030724,41472,CYRD',OTC,0.03,0.03,0,0,Cyberecord Inc,0,0,0
20030725,41472,CYRD',OTC,0.03,0.03,0,0,Cyberecord Inc,0,0,0
20030728,41472,CYRD',OTC,0.03,0.03,0,0,Cyberecord Inc,0,0,0
20030729,41472,CYRD',OTC,0.03,0.03,87,0,Cyberecord Inc,0,0,0
20030730,41472,CYRD',OTC,0.02,0.02,1,0,Cyberecord Inc,0,0,0
20030731,41472,CYRD',OTC,0.02,0.02,0,0,Cyberecord Inc,0,0,0
20030801,41472,CYRD',OTC,0.02,0.02,59,0,Cyberecord Inc,0,0,0
20030804,41472,CYRD',OTC,0.02,0.02,0,0,Cyberecord Inc,0,0,0
20030805,41472,CYRD',OTC,0.02,0.02,0,0,Cyberecord Inc,0,0,0
20030806,41472,CYRD',OTC,0.02,0.02,3,0,Cyberecord Inc,0,0,0
20030807,41472,CYRD',OTC,0.02,0.02,0,0,Cyberecord Inc,0,0,0
20030808,41472,CYRD',OTC,0.02,0.02,70,0,Cyberecord Inc,0,0,0
20030811,41472,CYRD',OTC,0.02,0.02,400,0,Cyberecord Inc,0,0,0
20030812,41472,CYRD',OTC,0.02,0.02,3020,0,Cyberecord Inc,0,0,0
20030813,41472,CYRD',OTC,0.01,0.01,109,0,Cyberecord Inc,0,0,0
20030814,41472,CYRD',OTC,0.02,0.02,91,0,Cyberecord Inc,0,0,0
20030815,41472,CYRD',OTC,0.02,0.02,0,0,Cyberecord Inc,0,0,0
20030818,41472,CYRD',OTC,0.01,0.01,400,0,Cyberecord Inc,0,0,0
20030819,41472,CYRD',OTC,0.01,0.01,230,0,Cyberecord Inc,0,0,0
20030820,41472,CYRD',OTC,0.01,0.01,2,0,Cyberecord Inc,0,0,0
20030821,41472,CYRD',OTC,0.01,0.01,0,0,Cyberecord Inc,0,0,0
20030822,41472,CYRD',OTC,0.02,0.02,310,0,Cyberecord Inc,0,0,0
20030825,41472,CYRD',OTC,0.02,0.02,0,0,Cyberecord Inc,0,0,0
20030826,41472,CYRD',OTC,0.02,0.02,0,0,Cyberecord Inc,0,0,0
20030827,41472,CYRD',OTC,0.02,0.02,0,0,Cyberecord Inc,0,0,0
20030828,41472,CYRD',OTC,0.02,0.02,0,0,Cyberecord Inc,0,0,0
20030829,41472,CYRD',OTC,0.01,0.01,10,0,Cyberecord Inc,0,0,0
20030902,41472,CYRD',OTC,0.01,0.01,0,0,Cyberecord Inc,0,0,0
20030903,41472,CYRD',OTC,0.01,0.01,0,0,Cyberecord Inc,0,0,0
20030904,41472,CYRD',OTC,0.02,0.02,375,0,Cyberecord Inc,0,0,0
20030905,41472,CYRD',OTC,0.02,0.02,725,0,Cyberecord Inc,0,0,0
20030908,41472,CYRD',OTC,0.02,0.02,90,0,Cyberecord Inc,0,0,0
20030909,41472,CYRD',OTC,0.02,0.02,1180,0,Cyberecord Inc,0,0,0
20030910,41472,CYRD',OTC,0.01,0.01,8,0,Cyberecord Inc,0,0,0
20030911,41472,CYRD',OTC,0.01,0.01,45,0,Cyberecord Inc,0,0,0
20030912,41472,CYRD',OTC,0.01,0.01,0,0,Cyberecord Inc,0,0,0
20030915,41472,CYRD',OTC,0.01,0.01,11,0,Cyberecord Inc,0,0,0
20030916,41472,CYRD',OTC,0.01,0.01,0,0,Cyberecord Inc,0,0,0
20030917,41472,CYRD',OTC,0.01,0.01,5,0,Cyberecord Inc,0,0,0
20030918,41472,CYRD',OTC,0.01,0.01,29,0,Cyberecord Inc,0,0,0
20030919,41472,CYRD',OTC,0.01,0.01,0,0,Cyberecord Inc,0,0,0
20030922,41472,CYRD',OTC,0.01,0.01,68,0,Cyberecord Inc,0,0,0
20030923,41472,CYRD',OTC,0.01,0.01,0,0,Cyberecord Inc,0,0,0
20030924,41472,CYRD',OTC,0.01,0.01,10,0,Cyberecord Inc,0,0,0
20030925,41472,CYRD',OTC,0.02,0.02,250,0,Cyberecord Inc,0,0,0
20030926,41472,CYRD',OTC,0.02,0.02,0,0,Cyberecord Inc,0,0,0
20030929,41472,CYRD',OTC,0.03,0.03,50,0,Cyberecord Inc,0,0,0
20030930,41472,CYRD',OTC,0.03,0.03,0,0,Cyberecord Inc,0,0,0
20031001,41472,CYRD',OTC,0.03,0.03,33,0,Cyberecord Inc,0,0,0
20031002,41472,CYRD',OTC,0.03,0.03,0,0,Cyberecord Inc,0,0,0
20031003,41472,CYRD',OTC,0.01,0.01,190,0,Cyberecord Inc,0,0,0
20031006,41472,CYRD',OTC,0.01,0.01,2,0,Cyberecord Inc,0,0,0
20031007,41472,CYRD',OTC,0.01,0.01,0,0,Cyberecord Inc,0,0,0
20031008,41472,CYRD',OTC,0.01,0.01,10,0,Cyberecord Inc,0,0,0
20031009,41472,CYRD',OTC,0.01,0.01,0,0,Cyberecord Inc,0,0,0
20031010,41472,CYRD',OTC,0.01,0.01,4,0,Cyberecord Inc,0,0,0
20031013,41472,CYRD',OTC,0.01,0.01,23,0,Cyberecord Inc,0,0,0
20031014,41472,CYRD',OTC,0.01,0.01,8,0,Cyberecord Inc,0,0,0
20031015,41472,CYRD',OTC,0.02,0.02,20,0,Cyberecord Inc,0,0,0
20031016,41472,CYRD',OTC,0.01,0.01,0,0,Cyberecord Inc,0,0,0
20031017,41472,CYRD',OTC,0.01,0.01,34,0,Cyberecord Inc,0,0,0
20031020,41472,CYRD',OTC,0.01,0.01,10,0,Cyberecord Inc,0,0,0
20031021,41472,CYRD',OTC,0.01,0.01,5,0,Cyberecord Inc,0,0,0
20031022,41472,CYRD',OTC,0.01,0.01,0,0,Cyberecord Inc,0,0,0
20031023,41472,CYRD',OTC,0.02,0.02,25,0,Cyberecord Inc,0,0,0
20031024,41472,CYRD',OTC,0.02,0.02,10,0,Cyberecord Inc,0,0,0
20031027,41472,CYRD',OTC,0.02,0.02,0,0,Cyberecord Inc,0,0,0
20031028,41472,CYRD',OTC,0.02,0.02,0,0,Cyberecord Inc,0,0,0
20031029,41472,CYRD',OTC,0.02,0.02,8,0,Cyberecord Inc,0,0,0
20031030,41472,CYRD',OTC,0.02,0.02,0,0,Cyberecord Inc,0,0,0
20031031,41472,CYRD',OTC,0.02,0.02,0,0,Cyberecord Inc,0,0,0
20031103,41472,CYRD',OTC,0.02,0.02,15,0,Cyberecord Inc,0,0,0
20031104,41472,CYRD',OTC,0.02,0.02,1,0,Cyberecord Inc,0,0,0
20031105,41472,CYRD',OTC,0.03,0.03,145,0,Cyberecord Inc,0,0,0
20031106,41472,CYRD',OTC,0.03,0.03,120,0,Cyberecord Inc,0,0,0
20031107,41472,CYRD',OTC,0.01,0.01,44,0,Cyberecord Inc,0,0,0
20031110,41472,CYRD',OTC,0.01,0.01,7,0,Cyberecord Inc,0,0,0
20031111,41472,CYRD',OTC,0.01,0.01,0,0,Cyberecord Inc,0,0,0
20031112,41472,CYRD',OTC,0.01,0.01,0,0,Cyberecord Inc,0,0,0
20031113,41472,CYRD',OTC,0.01,0.01,0,0,Cyberecord Inc,0,0,0
20031114,41472,CYRD',OTC,0.01,0.01,0,0,Cyberecord Inc,0,0,0
20031117,41472,CYRD',OTC,0.01,0.01,0,0,Cyberecord Inc,0,0,0
20031118,41472,CYRD',OTC,0.01,0.01,7,0,Cyberecord Inc,0,0,0
20031119,41472,CYRD',OTC,0.01,0.01,0,0,Cyberecord Inc,0,0,0
20031120,41472,CYRD',OTC,0.01,0.01,80,0,Cyberecord Inc,0,0,0
20031121,41472,CYRD',OTC,0.01,0.01,0,0,Cyberecord Inc,0,0,0
20031124,41472,CYRD',OTC,0.01,0.01,0,0,Cyberecord Inc,0,0,0
20031125,41472,CYRD',OTC,0.01,0.01,0,0,Cyberecord Inc,0,0,0
20031126,41472,CYRD',OTC,0.01,0.01,2,0,Cyberecord Inc,0,0,0
20031128,41472,CYRD',OTC,0.01,0.01,0,0,Cyberecord Inc,0,0,0
20031201,41472,CYRD',OTC,0.01,0.01,8,0,Cyberecord Inc,0,0,0
20031202,41472,CYRD',OTC,0.02,0.02,200,0,Cyberecord Inc,0,0,0
20031203,41472,CYRD',OTC,0.01,0.01,9,0,Cyberecord Inc,0,0,0
20031204,41472,CYRD',OTC,0.01,0.01,50,0,Cyberecord Inc,0,0,0
20031205,41472,CYRD',OTC,0.02,0.02,0,0,Cyberecord Inc,0,0,0
20031208,41472,CYRD',OTC,0.02,0.02,5,0,Cyberecord Inc,0,0,0
20031209,41472,CYRD',OTC,0.02,0.02,45,0,Cyberecord Inc,0,0,0
20031210,41472,CYRD',OTC,0.02,0.02,8,0,Cyberecord Inc,0,0,0
20031211,41472,CYRD',OTC,0.02,0.02,7,0,Cyberecord Inc,0,0,0
20031212,41472,CYRD',OTC,0.02,0.02,0,0,Cyberecord Inc,0,0,0
20031215,41472,CYRD',OTC,0.02,0.02,5,0,Cyberecord Inc,0,0,0
20031216,41472,CYRD',OTC,0.02,0.02,14,0,Cyberecord Inc,0,0,0
20031217,41472,CYRD',OTC,0.02,0.02,455,0,Cyberecord Inc,0,0,0
20031218,41472,CYRD',OTC,0.02,0.02,158,0,Cyberecord Inc,0,0,0
20031219,41472,CYRD',OTC,0.02,0.02,14,0,Cyberecord Inc,0,0,0
20031222,41472,CYRD',OTC,0.02,0.02,220,0,Cyberecord Inc,0,0,0
20031223,41472,CYRD',OTC,0.02,0.02,502,0,Cyberecord Inc,0,0,0
20031224,41472,CYRD',OTC,0.02,0.02,6,0,Cyberecord Inc,0,0,0
20031226,41472,CYRD',OTC,0.02,0.02,550,0,Cyberecord Inc,0,0,0
20031229,41472,CYRD',OTC,0.02,0.02,26,0,Cyberecord Inc,0,0,0
20031230,41472,CYRD',OTC,0.02,0.02,85,0,Cyberecord Inc,0,0,0
20031231,41472,CYRD',OTC,0.02,0.02,485,0,Cyberecord Inc,0,0,0
20040102,41472,CYRD',OTC,0.02,0.02,250,0,Cyberecord Inc,0,0,0
20040105,41472,CYRD',OTC,0.02,0.02,2,0,Cyberecord Inc,0,0,0
20040106,41472,CYRD',OTC,0.02,0.02,0,0,Cyberecord Inc,0,0,0
20040107,41472,CYRD',OTC,0.02,0.02,112,0,Cyberecord Inc,0,0,0
20040108,41472,CYRD',OTC,0.02,0.02,0,0,Cyberecord Inc,0,0,0
20040109,41472,CYRD',OTC,0.02,0.02,4,0,Cyberecord Inc,0,0,0
20040112,41472,CYRD',OTC,0.02,0.02,10,0,Cyberecord Inc,0,0,0
20040113,41472,CYRD',OTC,0.02,0.02,0,0,Cyberecord Inc,0,0,0
20040114,41472,CYRD',OTC,0.02,0.02,680,0,Cyberecord Inc,0,0,0
20040115,41472,CYRD',OTC,0.02,0.02,305,0,Cyberecord Inc,0,0,0
20040116,41472,CYRD',OTC,0.02,0.02,9,0,Cyberecord Inc,0,0,0
20040120,41472,CYRD',OTC,0.02,0.02,80,0,Cyberecord Inc,0,0,0
20040121,41472,CYRD',OTC,0.02,0.02,0,0,Cyberecord Inc,0,0,0
20040122,41472,CYRD',OTC,0.02,0.02,0,0,Cyberecord Inc,0,0,0
20040123,41472,CYRD',OTC,0.02,0.02,0,0,Cyberecord Inc,0,0,0
20040126,41472,CYRD',OTC,0.03,0.03,8,0,Cyberecord Inc,0,0,0
20040127,41472,CYRD',OTC,0.03,0.03,0,0,Cyberecord Inc,0,0,0
20040128,41472,CYRD',OTC,0.03,0.03,0,0,Cyberecord Inc,0,0,0
20040129,41472,CYRD',OTC,0.02,0.02,4,0,Cyberecord Inc,0,0,0
20040130,41472,CYRD',OTC,0.02,0.02,0,0,Cyberecord Inc,0,0,0
20040202,41472,CYRD',OTC,0.02,0.02,37,0,Cyberecord Inc,0,0,0
20040203,41472,CYRD',OTC,0.02,0.02,0,0,Cyberecord Inc,0,0,0
20040204,41472,CYRD',OTC,0.02,0.02,10,0,Cyberecord Inc,0,0,0
20040205,41472,CYRD',OTC,0.02,0.02,2101,0,Cyberecord Inc,0,0,0
20040206,41472,CYRD',OTC,0.02,0.02,450,0,Cyberecord Inc,0,0,0
20040209,41472,CYRD',OTC,0.02,0.02,10,0,Cyberecord Inc,0,0,0
20040210,41472,CYRD',OTC,0.02,0.02,0,0,Cyberecord Inc,0,0,0
20040211,41472,CYRD',OTC,0.02,0.02,11,0,Cyberecord Inc,0,0,0
20040212,41472,CYRD',OTC,0.02,0.02,0,0,Cyberecord Inc,0,0,0
20040213,41472,CYRD',OTC,0.02,0.02,55,0,Cyberecord Inc,0,0,0
20040217,41472,CYRD',OTC,0.02,0.02,0,0,Cyberecord Inc,0,0,0
20040218,41472,CYRD',OTC,0.03,0.03,655,0,Cyberecord Inc,0,0,0
20040219,41472,CYRD',OTC,0.03,0.03,400,0,Cyberecord Inc,0,0,0
20040220,41472,CYRD',OTC,0.03,0.03,1013,0,Cyberecord Inc,0,0,0
20040223,41472,CYRD',OTC,0.03,0.03,354,0,Cyberecord Inc,0,0,0
20040224,41472,CYRD',OTC,0.03,0.03,100,0,Cyberecord Inc,0,0,0
20040225,41472,CYRD',OTC,0.03,0.03,0,0,Cyberecord Inc,0,0,0
20040226,41472,CYRD',OTC,0.03,0.03,50,0,Cyberecord Inc,0,0,0
20040227,41472,CYRD',OTC,0.03,0.03,0,0,Cyberecord Inc,0,0,0
20040301,41472,CYRD',OTC,0.03,0.03,0,0,Cyberecord Inc,0,0,0
20040302,41472,CYRD',OTC,0.03,0.03,1,0,Cyberecord Inc,0,0,0
20040303,41472,CYRD',OTC,0.03,0.03,55,0,Cyberecord Inc,0,0,0
20040304,41472,CYRD',OTC,0.03,0.03,0,0,Cyberecord Inc,0,0,0
20040305,41472,CYRD',OTC,0.03,0.03,0,0,Cyberecord Inc,0,0,0
20040308,41472,CYRD',OTC,0.03,0.03,0,0,Cyberecord Inc,0,0,0
20040309,41472,CYRD',OTC,0.03,0.03,0,0,Cyberecord Inc,0,0,0
20040310,41472,CYRD',OTC,0.03,0.03,0,0,Cyberecord Inc,0,0,0
20040311,41472,CYRD',OTC,0.03,0.03,18,0,Cyberecord Inc,0,0,0
20040312,41472,CYRD',OTC,0.03,0.03,0,0,Cyberecord Inc,0,0,0
20040315,41472,CYRD',OTC,0.03,0.03,2,0,Cyberecord Inc,0,0,0
20040316,41472,CYRD',OTC,0.03,0.03,0,0,Cyberecord Inc,0,0,0
20040317,41472,CYRD',OTC,0.03,0.03,0,0,Cyberecord Inc,0,0,0
20040318,41472,CYRD',OTC,0.03,0.03,2,0,Cyberecord Inc,0,0,0
20040319,41472,CYRD',OTC,0.04,0.04,150,0,Cyberecord Inc,0,0,0
20040322,41472,CYRD',OTC,0.04,0.04,0,0,Cyberecord Inc,0,0,0
20040323,41472,CYRD',OTC,0.04,0.04,0,0,Cyberecord Inc,0,0,0
20040324,41472,CYRD',OTC,0.03,0.03,5,0,Cyberecord Inc,0,0,0
20040325,41472,CYRD',OTC,0.03,0.03,0,0,Cyberecord Inc,0,0,0
20040326,41472,CYRD',OTC,0.03,0.03,0,0,Cyberecord Inc,0,0,0
20040329,41472,CYRD',OTC,0.03,0.03,0,0,Cyberecord Inc,0,0,0
20040330,41472,CYRD',OTC,0.03,0.03,0,0,Cyberecord Inc,0,0,0
20040331,41472,CYRD',OTC,0.04,0.04,22,0,Cyberecord Inc,0,0,0
20040401,41472,CYRD',OTC,0.03,0.03,26,0,Cyberecord Inc,0,0,0
20040402,41472,CYRD',OTC,0.03,0.03,0,0,Cyberecord Inc,0,0,0
20040405,41472,CYRD',OTC,0.04,0.04,133,0,Cyberecord Inc,0,0,0
20040406,41472,CYRD',OTC,0.04,0.04,900,0,Cyberecord Inc,0,0,0
20040407,41472,CYRD',OTC,0.04,0.04,350,0,Cyberecord Inc,0,0,0
20040408,41472,CYRD',OTC,0.04,0.04,200,0,Cyberecord Inc,0,0,0
20040412,41472,CYRD',OTC,0.04,0.04,22,0,Cyberecord Inc,0,0,0
20040413,41472,CYRD',OTC,0.04,0.04,0,0,Cyberecord Inc,0,0,0
20040414,41472,CYRD',OTC,0.04,0.04,0,0,Cyberecord Inc,0,0,0
20040415,41472,CYRD',OTC,0.04,0.04,0,0,Cyberecord Inc,0,0,0
20040416,41472,CYRD',OTC,0.04,0.04,15,0,Cyberecord Inc,0,0,0
20040419,41472,CYRD',OTC,0.04,0.04,0,0,Cyberecord Inc,0,0,0
20040420,41472,CYRD',OTC,0.04,0.04,210,0,Cyberecord Inc,0,0,0
20040421,41472,CYRD',OTC,0.04,0.04,0,0,Cyberecord Inc,0,0,0
20040422,41472,CYRD',OTC,0.04,0.04,140,0,Cyberecord Inc,0,0,0
20040423,41472,CYRD',OTC,0.04,0.04,0,0,Cyberecord Inc,0,0,0
20040426,41472,CYRD',OTC,0.04,0.04,0,0,Cyberecord Inc,0,0,0
20040427,41472,CYRD',OTC,0.04,0.04,0,0,Cyberecord Inc,0,0,0
20040428,41472,CYRD',OTC,0.04,0.04,25,0,Cyberecord Inc,0,0,0
20040429,41472,CYRD',OTC,0.04,0.04,450,0,Cyberecord Inc,0,0,0
20040430,41472,CYRD',OTC,0.04,0.04,0,0,Cyberecord Inc,0,0,0
20040503,41472,CYRD',OTC,0.03,0.03,138,0,Cyberecord Inc,0,0,0
20040504,41472,CYRD',OTC,0.03,0.03,0,0,Cyberecord Inc,0,0,0
20040505,41472,CYRD',OTC,0.03,0.03,110,0,Cyberecord Inc,0,0,0
20040506,41472,CYRD',OTC,0.03,0.03,0,0,Cyberecord Inc,0,0,0
20040507,41472,CYRD',OTC,0.03,0.03,0,0,Cyberecord Inc,0,0,0
20040510,41472,CYRD',OTC,0.04,0.04,600,0,Cyberecord Inc,0,0,0
20040511,41472,CYRD',OTC,0.04,0.04,0,0,Cyberecord Inc,0,0,0
20040512,41472,CYRD',OTC,0.04,0.04,0,0,Cyberecord Inc,0,0,0
20040513,41472,CYRD',OTC,0.03,0.03,16,0,Cyberecord Inc,0,0,0
20040514,41472,CYRD',OTC,0.03,0.03,0,0,Cyberecord Inc,0,0,0
20040517,41472,CYRD',OTC,0.03,0.03,0,0,Cyberecord Inc,0,0,0
20040518,41472,CYRD',OTC,0.03,0.03,278,0,Cyberecord Inc,0,0,0
20040519,41472,CYRD',OTC,0.02,0.02,1,0,Cyberecord Inc,0,0,0
20040520,41472,CYRD',OTC,0.02,0.02,0,0,Cyberecord Inc,0,0,0
20040521,41472,CYRD',OTC,0.02,0.02,0,0,Cyberecord Inc,0,0,0
20040524,41472,CYRD',OTC,0.02,0.02,0,0,Cyberecord Inc,0,0,0
20040525,41472,CYRD',OTC,0.02,0.02,0,0,Cyberecord Inc,0,0,0
20040526,41472,CYRD',OTC,0.03,0.03,50,0,Cyberecord Inc,0,0,0
20040527,41472,CYRD',OTC,0.03,0.03,0,0,Cyberecord Inc,0,0,0
20040528,41472,CYRD',OTC,0.03,0.03,0,0,Cyberecord Inc,0,0,0
20040601,41472,CYRD',OTC,0.04,0.04,102,0,Cyberecord Inc,0,0,0
20040602,41472,CYRD',OTC,0.02,0.02,6,0,Cyberecord Inc,0,0,0
20040603,41472,CYRD',OTC,0.02,0.02,0,0,Cyberecord Inc,0,0,0
20040604,41472,CYRD',OTC,0.02,0.02,4,0,Cyberecord Inc,0,0,0
20040607,41472,CYRD',OTC,0.02,0.02,0,0,Cyberecord Inc,0,0,0
20040608,41472,CYRD',OTC,0.02,0.02,30,0,Cyberecord Inc,0,0,0
20040609,41472,CYRD',OTC,0.02,0.02,11,0,Cyberecord Inc,0,0,0
20040610,41472,CYRD',OTC,0.02,0.02,0,0,Cyberecord Inc,0,0,0
20040614,41472,CYRD',OTC,0.03,0.03,38,0,Cyberecord Inc,0,0,0
20040615,41472,CYRD',OTC,0.03,0.03,0,0,Cyberecord Inc,0,0,0
20040616,41472,CYRD',OTC,0.03,0.03,250,0,Cyberecord Inc,0,0,0
20040617,41472,CYRD',OTC,0.03,0.03,0,0,Cyberecord Inc,0,0,0
20040618,41472,CYRD',OTC,0.03,0.03,70,0,Cyberecord Inc,0,0,0
20040621,41472,CYRD',OTC,0.03,0.03,0,0,Cyberecord Inc,0,0,0
20040622,41472,CYRD',OTC,0.03,0.03,410,0,Cyberecord Inc,0,0,0
20040623,41472,CYRD',OTC,0.04,0.04,350,0,Cyberecord Inc,0,0,0
20040624,41472,CYRD',OTC,0.04,0.04,960,0,Cyberecord Inc,0,0,0
20040625,41472,CYRD',OTC,0.03,0.03,8,0,Cyberecord Inc,0,0,0
20040628,41472,CYRD',OTC,0.04,0.04,210,0,Cyberecord Inc,0,0,0
20040629,41472,CYRD',OTC,0.04,0.04,8,0,Cyberecord Inc,0,0,0
20040630,41472,CYRD',OTC,0.04,0.04,0,0,Cyberecord Inc,0,0,0
20040701,41472,CYRD',OTC,0.05,0.05,53,0,Cyberecord Inc,0,0,0
20040702,41472,CYRD',OTC,0.05,0.05,0,0,Cyberecord Inc,0,0,0
20040706,41472,CYRD',OTC,0.05,0.05,300,0,Cyberecord Inc,0,0,0
20040707,41472,CYRD',OTC,0.05,0.05,1309,0,Cyberecord Inc,0,0,0
20040708,41472,CYRD',OTC,0.05,0.05,415,0,Cyberecord Inc,0,0,0
20040709,41472,CYRD',OTC,0.05,0.05,150,0,Cyberecord Inc,0,0,0
20040712,41472,CYRD',OTC,0.05,0.05,0,0,Cyberecord Inc,0,0,0
20040713,41472,CYRD',OTC,0.04,0.04,2255,0,Cyberecord Inc,0,0,0
20040714,41472,CYRD',OTC,0.03,0.03,79,0,Cyberecord Inc,0,0,0
20040715,41472,CYRD',OTC,0.03,0.03,0,0,Cyberecord Inc,0,0,0
20040716,41472,CYRD',OTC,0.03,0.03,50,0,Cyberecord Inc,0,0,0
20040719,41472,CYRD',OTC,0.04,0.04,102,0,Cyberecord Inc,0,0,0
20040720,41472,CYRD',OTC,0.03,0.03,15,0,Cyberecord Inc,0,0,0
20040721,41472,CYRD',OTC,0.04,0.04,335,0,Cyberecord Inc,0,0,0
20040722,41472,CYRD',OTC,0.04,0.04,0,0,Cyberecord Inc,0,0,0
20040723,41472,CYRD',OTC,0.04,0.04,0,0,Cyberecord Inc,0,0,0
20040726,41472,CYRD',OTC,0.04,0.04,0,0,Cyberecord Inc,0,0,0
20040727,41472,CYRD',OTC,0.04,0.04,0,0,Cyberecord Inc,0,0,0
20040728,41472,CYRD',OTC,0.04,0.04,0,0,Cyberecord Inc,0,0,0
20040729,41472,CYRD',OTC,0.05,0.05,12,0,Cyberecord Inc,0,0,0
20040730,41472,CYRD',OTC,0.04,0.04,266,0,Cyberecord Inc,0,0,0
20040802,41472,CYRD',OTC,0.04,0.04,50,0,Cyberecord Inc,0,0,0
20040803,41472,CYRD',OTC,0.04,0.04,9,0,Cyberecord Inc,0,0,0
20040804,41472,CYRD',OTC,0.04,0.04,3,0,Cyberecord Inc,0,0,0
20040805,41472,CYRD',OTC,0.04,0.04,11,0,Cyberecord Inc,0,0,0
20040806,41472,CYRD',OTC,0.04,0.04,0,0,Cyberecord Inc,0,0,0
20040809,41472,CYRD',OTC,0.04,0.04,35,0,Cyberecord Inc,0,0,0
20040810,41472,CYRD',OTC,0.04,0.04,63,0,Cyberecord Inc,0,0,0
20040811,41472,CYRD',OTC,0.04,0.04,0,0,Cyberecord Inc,0,0,0
20040812,41472,CYRD',OTC,0.04,0.04,0,0,Cyberecord Inc,0,0,0
20040813,41472,CYRD',OTC,0.04,0.04,0,0,Cyberecord Inc,0,0,0
20040816,41472,CYRD',OTC,0.04,0.04,335,0,Cyberecord Inc,0,0,0
20040817,41472,CYRD',OTC,0.04,0.04,820,0,Cyberecord Inc,0,0,0
20040818,41472,CYRD',OTC,0.03,0.03,400,0,Cyberecord Inc,0,0,0
20040819,41472,CYRD',OTC,0.02,0.02,398,0,Cyberecord Inc,0,0,0
20040820,41472,CYRD',OTC,0.02,0.02,50,0,Cyberecord Inc,0,0,0
20040823,41472,CYRD',OTC,0.03,0.03,25,0,Cyberecord Inc,0,0,0
20040824,41472,CYRD',OTC,0.03,0.03,207,0,Cyberecord Inc,0,0,0
20040825,41472,CYRD',OTC,0.02,0.02,1,0,Cyberecord Inc,0,0,0
20040826,41472,CYRD',OTC,0.02,0.02,0,0,Cyberecord Inc,0,0,0
20040827,41472,CYRD',OTC,0.02,0.02,0,0,Cyberecord Inc,0,0,0
20040830,41472,CYRD',OTC,0.02,0.02,150,0,Cyberecord Inc,0,0,0
20040831,41472,CYRD',OTC,0.02,0.02,13,0,Cyberecord Inc,0,0,0
20040901,41472,CYRD',OTC,0.02,0.02,200,0,Cyberecord Inc,0,0,0
20040902,41472,CYRD',OTC,0.02,0.02,439,0,Cyberecord Inc,0,0,0
20040903,41472,CYRD',OTC,0.02,0.02,50,0,Cyberecord Inc,0,0,0
20040907,41472,CYRD',OTC,0.02,0.02,0,0,Cyberecord Inc,0,0,0
20040908,41472,CYRD',OTC,0.02,0.02,970,0,Cyberecord Inc,0,0,0
20040909,41472,CYRD',OTC,0.02,0.02,20,0,Cyberecord Inc,0,0,0
20040910,41472,CYRD',OTC,0.02,0.02,6,0,Cyberecord Inc,0,0,0
20040913,41472,CYRD',OTC,0.02,0.02,0,0,Cyberecord Inc,0,0,0
20040914,41472,CYRD',OTC,0.02,0.02,435,0,Cyberecord Inc,0,0,0
20040915,41472,CYRD',OTC,0.02,0.02,0,0,Cyberecord Inc,0,0,0
20040916,41472,CYRD',OTC,0.02,0.02,0,0,Cyberecord Inc,0,0,0
20040917,41472,CYRD',OTC,0.02,0.02,0,0,Cyberecord Inc,0,0,0
20040920,41472,CYRD',OTC,0.02,0.02,33,0,Cyberecord Inc,0,0,0
20040921,41472,CYRD',OTC,0.02,0.02,50,0,Cyberecord Inc,0,0,0
20040922,41472,CYRD',OTC,0.02,0.02,3151,0,Cyberecord Inc,0,0,0
20040923,41472,CYRD',OTC,0.02,0.02,353,0,Cyberecord Inc,0,0,0
20040924,41472,CYRD',OTC,0.02,0.02,100,0,Cyberecord Inc,0,0,0
20040927,41472,CYRD',OTC,0.02,0.02,300,0,Cyberecord Inc,0,0,0
20040928,41472,CYRD',OTC,0.02,0.02,0,0,Cyberecord Inc,0,0,0
20040929,41472,CYRD',OTC,0.02,0.02,2,0,Cyberecord Inc,0,0,0
20040930,41472,CYRD',OTC,0.02,0.02,0,0,Cyberecord Inc,0,0,0
20041001,41472,CYRD',OTC,0.02,0.02,51,0,Cyberecord Inc,0,0,0
20041004,41472,CYRD',OTC,0.02,0.02,0,0,Cyberecord Inc,0,0,0
20041005,41472,CYRD',OTC,0.02,0.02,130,0,Cyberecord Inc,0,0,0
20041006,41472,CYRD',OTC,0.02,0.02,13,0,Cyberecord Inc,0,0,0
20041007,41472,CYRD',OTC,0.02,0.02,0,0,Cyberecord Inc,0,0,0
20041008,41472,CYRD',OTC,0.02,0.02,0,0,Cyberecord Inc,0,0,0
20041011,41472,CYRD',OTC,0.02,0.02,50,0,Cyberecord Inc,0,0,0
20041012,41472,CYRD',OTC,0.02,0.02,21,0,Cyberecord Inc,0,0,0
20041013,41472,CYRD',OTC,0.02,0.02,210,0,Cyberecord Inc,0,0,0
20041014,41472,CYRD',OTC,0.02,0.02,0,0,Cyberecord Inc,0,0,0
20041015,41472,CYRD',OTC,0.02,0.02,3,0,Cyberecord Inc,0,0,0
20041018,41472,CYRD',OTC,0.02,0.02,21,0,Cyberecord Inc,0,0,0
20041019,41472,CYRD',OTC,0.02,0.02,3,0,Cyberecord Inc,0,0,0
20041020,41472,CYRD',OTC,0.02,0.02,117,0,Cyberecord Inc,0,0,0
20041021,41472,CYRD',OTC,0.02,0.02,9,0,Cyberecord Inc,0,0,0
20041022,41472,CYRD',OTC,0.02,0.02,0,0,Cyberecord Inc,0,0,0
20041025,41472,CYRD',OTC,0.02,0.02,0,0,Cyberecord Inc,0,0,0
20041026,41472,CYRD',OTC,0.02,0.02,5,0,Cyberecord Inc,0,0,0
20041027,41472,CYRD',OTC,0.02,0.02,0,0,Cyberecord Inc,0,0,0
20041028,41472,CYRD',OTC,0.02,0.02,0,0,Cyberecord Inc,0,0,0
20041029,41472,CYRD',OTC,0.02,0.02,30,0,Cyberecord Inc,0,0,0
20041101,41472,CYRD',OTC,0.02,0.02,7,0,Cyberecord Inc,0,0,0
20041102,41472,CYRD',OTC,0.02,0.02,0,0,Cyberecord Inc,0,0,0
20041103,41472,CYRD',OTC,0.02,0.02,0,0,Cyberecord Inc,0,0,0
20041104,41472,CYRD',OTC,0.02,0.02,11,0,Cyberecord Inc,0,0,0
20041105,41472,CYRD',OTC,0.02,0.02,2,0,Cyberecord Inc,0,0,0
20041108,41472,CYRD',OTC,0.02,0.02,2,0,Cyberecord Inc,0,0,0
20041109,41472,CYRD',OTC,0.02,0.02,0,0,Cyberecord Inc,0,0,0
20041110,41472,CYRD',OTC,0.02,0.02,0,0,Cyberecord Inc,0,0,0
20041111,41472,CYRD',OTC,0.02,0.02,600,0,Cyberecord Inc,0,0,0
20041112,41472,CYRD',OTC,0.02,0.02,0,0,Cyberecord Inc,0,0,0
20041115,41472,CYRD',OTC,0.02,0.02,2,0,Cyberecord Inc,0,0,0
20041116,41472,CYRD',OTC,0.02,0.02,15,0,Cyberecord Inc,0,0,0
20041117,41472,CYRD',OTC,0.02,0.02,130,0,Cyberecord Inc,0,0,0
20041118,41472,CYRD',OTC,0.02,0.02,12,0,Cyberecord Inc,0,0,0
20041119,41472,CYRD',OTC,0.02,0.02,257,0,Cyberecord Inc,0,0,0
20041122,41472,CYRD',OTC,0.02,0.02,514,0,Cyberecord Inc,0,0,0
20041123,41472,CYRD',OTC,0.02,0.02,20,0,Cyberecord Inc,0,0,0
20041124,41472,CYRD',OTC,0.02,0.02,30,0,Cyberecord Inc,0,0,0
20041126,41472,CYRD',OTC,0.02,0.02,0,0,Cyberecord Inc,0,0,0
20041129,41472,CYRD',OTC,0.02,0.02,1,0,Cyberecord Inc,0,0,0
20041130,41472,CYRD',OTC,0.02,0.02,0,0,Cyberecord Inc,0,0,0
20041201,41472,CYRD',OTC,0.02,0.02,3,0,Cyberecord Inc,0,0,0
20041202,41472,CYRD',OTC,0.02,0.02,0,0,Cyberecord Inc,0,0,0
20041203,41472,CYRD',OTC,0.02,0.02,3,0,Cyberecord Inc,0,0,0
20041206,41472,CYRD',OTC,0.02,0.02,0,0,Cyberecord Inc,0,0,0
20041207,41472,CYRD',OTC,0.02,0.02,10,0,Cyberecord Inc,0,0,0
20041208,41472,CYRD',OTC,0.02,0.02,0,0,Cyberecord Inc,0,0,0
20041209,41472,CYRD',OTC,0.02,0.02,0,0,Cyberecord Inc,0,0,0
20041210,41472,CYRD',OTC,0.02,0.02,23,0,Cyberecord Inc,0,0,0
20041213,41472,CYRD',OTC,0.02,0.02,26,0,Cyberecord Inc,0,0,0
20041214,41472,CYRD',OTC,0.02,0.02,75,0,Cyberecord Inc,0,0,0
20041215,41472,CYRD',OTC,0.02,0.02,72,0,Cyberecord Inc,0,0,0
20041216,41472,CYRD',OTC,0.02,0.02,13,0,Cyberecord Inc,0,0,0
20041217,41472,CYRD',OTC,0.03,0.03,1440,0,Cyberecord Inc,0,0,0
20041220,41472,CYRD',OTC,0.03,0.03,67,0,Cyberecord Inc,0,0,0
20041221,41472,CYRD',OTC,0.03,0.03,22,0,Cyberecord Inc,0,0,0
20041222,41472,CYRD',OTC,0.03,0.03,277,0,Cyberecord Inc,0,0,0
20041223,41472,CYRD',OTC,0.03,0.03,680,0,Cyberecord Inc,0,0,0
20041227,41472,CYRD',OTC,0.02,0.02,328,0,Cyberecord Inc,0,0,0
20041228,41472,CYRD',OTC,0.02,0.02,343,0,Cyberecord Inc,0,0,0
20041229,41472,CYRD',OTC,0.03,0.03,852,0,Cyberecord Inc,0,0,0
20041230,41472,CYRD',OTC,0.03,0.03,243,0,Cyberecord Inc,0,0,0
20041231,41472,CYRD',OTC,0.03,0.03,30,0,Cyberecord Inc,0,0,0
20050103,41472,CYRD',OTC,0.03,0.03,50,0,Cyberecord Inc,0,0,0
20050104,41472,CYRD',OTC,0.03,0.03,0,0,Cyberecord Inc,0,0,0
20050105,41472,CYRD',OTC,0.03,0.03,0,0,Cyberecord Inc,0,0,0
20050106,41472,CYRD',OTC,0.03,0.03,30,0,Cyberecord Inc,0,0,0
20050107,41472,CYRD',OTC,0.03,0.03,214,0,Cyberecord Inc,0,0,0
20050110,41472,CYRD',OTC,0.03,0.03,0,0,Cyberecord Inc,0,0,0
20050111,41472,CYRD',OTC,0.03,0.03,0,0,Cyberecord Inc,0,0,0
20050112,41472,CYRD',OTC,0.03,0.03,0,0,Cyberecord Inc,0,0,0
20050113,41472,CYRD',OTC,0.03,0.03,13,0,Cyberecord Inc,0,0,0
20050114,41472,CYRD',OTC,0.03,0.03,0,0,Cyberecord Inc,0,0,0
20050118,41472,CYRD',OTC,0.03,0.03,0,0,Cyberecord Inc,0,0,0
20050119,41472,CYRD',OTC,0.03,0.03,50,0,Cyberecord Inc,0,0,0
20050120,41472,CYRD',OTC,0.03,0.03,7,0,Cyberecord Inc,0,0,0
20050121,41472,CYRD',OTC,0.03,0.03,0,0,Cyberecord Inc,0,0,0
20050124,41472,CYRD',OTC,0.03,0.03,0,0,Cyberecord Inc,0,0,0
20050125,41472,CYRD',OTC,0.03,0.03,0,0,Cyberecord Inc,0,0,0
20050126,41472,CYRD',OTC,0.03,0.03,0,0,Cyberecord Inc,0,0,0
20050127,41472,CYRD',OTC,0.03,0.03,23,0,Cyberecord Inc,0,0,0
20050128,41472,CYRD',OTC,0.03,0.03,30,0,Cyberecord Inc,0,0,0
20050131,41472,CYRD',OTC,0.03,0.03,103,0,Cyberecord Inc,0,0,0
20050201,41472,CYRD',OTC,0.03,0.03,103,0,Cyberecord Inc,0,0,0
20050202,41472,CYRD',OTC,0.03,0.03,103,0,Cyberecord Inc,0,0,0
20050203,41472,CYRD',OTC,0.03,0.03,7,0,Cyberecord Inc,0,0,0
20050204,41472,CYRD',OTC,0.03,0.03,7,0,Cyberecord Inc,0,0,0
20050207,41472,CYRD',OTC,0.03,0.03,7,0,Cyberecord Inc,0,0,0
20050208,41472,CYRD',OTC,0.03,0.03,11,0,Cyberecord Inc,0,0,0
20050209,41472,CYRD',OTC,0.03,0.03,11,0,Cyberecord Inc,0,0,0
20050210,41472,CYRD',OTC,0.03,0.03,11,0,Cyberecord Inc,0,0,0
20050211,41472,CYRD',OTC,0.03,0.03,11,0,Cyberecord Inc,0,0,0
20050214,41472,CYRD',OTC,0.03,0.03,0,0,Cyberecord Inc,0,0,0
20050215,41472,CYRD',OTC,0.03,0.03,0,0,Cyberecord Inc,0,0,0
20050216,41472,CYRD',OTC,0.03,0.03,0,0,Cyberecord Inc,0,0,0
20050217,41472,CYRD',OTC,0.03,0.03,272,0,Cyberecord Inc,0,0,0
20050218,41472,CYRD',OTC,0.03,0.03,0,0,Cyberecord Inc,0,0,0
20050222,41472,CYRD',OTC,0.02,0.02,460,0,Cyberecord Inc,0,0,0
20050223,41472,CYRD',OTC,0.02,0.02,0,0,Cyberecord Inc,0,0,0
20050224,41472,CYRD',OTC,0.02,0.02,0,0,Cyberecord Inc,0,0,0
20050225,41472,CYRD',OTC,0.02,0.02,0,0,Cyberecord Inc,0,0,0
20050228,41472,CYRD',OTC,0.02,0.02,0,0,Cyberecord Inc,0,0,0
20050301,41472,CYRD',OTC,0.02,0.02,0,0,Cyberecord Inc,0,0,0
20050302,41472,CYRD',OTC,0.02,0.02,4,0,Cyberecord Inc,0,0,0
20050303,41472,CYRD',OTC,0.02,0.02,0,0,Cyberecord Inc,0,0,0
20050304,41472,CYRD',OTC,0.02,0.02,0,0,Cyberecord Inc,0,0,0
20050307,41472,CYRD',OTC,0.02,0.02,0,0,Cyberecord Inc,0,0,0
20050308,41472,CYRD',OTC,0.02,0.02,40,0,Cyberecord Inc,0,0,0
20050309,41472,CYRD',OTC,0.02,0.02,4,0,Cyberecord Inc,0,0,0
20050310,41472,CYRD',OTC,0.02,0.02,2,0,Cyberecord Inc,0,0,0
20050311,41472,CYRD',OTC,0.02,0.02,0,0,Cyberecord Inc,0,0,0
20050314,41472,CYRD',OTC,0.02,0.02,0,0,Cyberecord Inc,0,0,0
20050315,41472,CYRD',OTC,0.02,0.02,643,0,Cyberecord Inc,0,0,0
20050316,41472,CYRD',OTC,0.01,0.01,338,0,Cyberecord Inc,0,0,0
20050317,41472,CYRD',OTC,0.01,0.01,205,0,Cyberecord Inc,0,0,0
20050318,41472,CYRD',OTC,0.01,0.01,0,0,Cyberecord Inc,0,0,0
20050321,41472,CYRD',OTC,0.02,0.02,1330,0,Cyberecord Inc,0,0,0
20050322,41472,CYRD',OTC,0.02,0.02,0,0,Cyberecord Inc,0,0,0
20050323,41472,CYRD',OTC,0.02,0.02,0,0,Cyberecord Inc,0,0,0
20050324,41472,CYRD',OTC,0.02,0.02,8,0,Cyberecord Inc,0,0,0
20050328,41472,CYRD',OTC,0.02,0.02,0,0,Cyberecord Inc,0,0,0
20050329,41472,CYRD',OTC,0.02,0.02,2,0,Cyberecord Inc,0,0,0
20050330,41472,CYRD',OTC,0.02,0.02,0,0,Cyberecord Inc,0,0,0
20050331,41472,CYRD',OTC,0.02,0.02,71,0,Cyberecord Inc,0,0,0
20050401,41472,CYRD',OTC,0.02,0.02,50,0,Cyberecord Inc,0,0,0
20050404,41472,CYRD',OTC,0.02,0.02,6,0,Cyberecord Inc,0,0,0
20050405,41472,CYRD',OTC,0.02,0.02,0,0,Cyberecord Inc,0,0,0
20050406,41472,CYRD',OTC,0.02,0.02,0,0,Cyberecord Inc,0,0,0
20050407,41472,CYRD',OTC,0.02,0.02,31,0,Cyberecord Inc,0,0,0
20050408,41472,CYRD',OTC,0.02,0.02,0,0,Cyberecord Inc,0,0,0
20050411,41472,CYRD',OTC,0.02,0.02,0,0,Cyberecord Inc,0,0,0
20050412,41472,CYRD',OTC,0.02,0.02,150,0,Cyberecord Inc,0,0,0
20050413,41472,CYRD',OTC,0.02,0.02,552,0,Cyberecord Inc,0,0,0
20050414,41472,CYRD',OTC,0.01,0.01,1145,0,Cyberecord Inc,0,0,0
20050415,41472,CYRD',OTC,0.01,0.01,0,0,Cyberecord Inc,0,0,0
20050418,41472,CYRD',OTC,0.02,0.02,953,0,Cyberecord Inc,0,0,0
20050419,41472,CYRD',OTC,0.02,0.02,1592,0,Cyberecord Inc,0,0,0
20050420,41472,CYRD',OTC,0.02,0.02,1343,0,Cyberecord Inc,0,0,0
20050421,41472,CYRD',OTC,0.02,0.02,14,0,Cyberecord Inc,0,0,0
20050422,41472,CYRD',OTC,0.03,0.03,652,0,Cyberecord Inc,0,0,0
20050425,41472,CYRD',OTC,0.03,0.03,0,0,Cyberecord Inc,0,0,0
20050426,41472,CYRD',OTC,0.02,0.02,54,0,Cyberecord Inc,0,0,0
20050427,41472,CYRD',OTC,0.03,0.03,430,0,Cyberecord Inc,0,0,0
20050428,41472,CYRD',OTC,0.03,0.03,50,0,Cyberecord Inc,0,0,0
20050429,41472,CYRD',OTC,0.02,0.02,20,0,Cyberecord Inc,0,0,0
20050502,41472,CYRD',OTC,0.03,0.03,50,0,Cyberecord Inc,0,0,0
20050503,41472,CYRD',OTC,0.03,0.03,71,0,Cyberecord Inc,0,0,0
20050504,41472,CYRD',OTC,0.03,0.03,0,0,Cyberecord Inc,0,0,0
20050505,41472,CYRD',OTC,0.03,0.03,0,0,Cyberecord Inc,0,0,0
20050506,41472,CYRD',OTC,0.02,0.02,51,0,Cyberecord Inc,0,0,0
20050509,41472,CYRD',OTC,0.02,0.02,20,0,Cyberecord Inc,0,0,0
20050510,41472,CYRD',OTC,0.02,0.02,10,0,Cyberecord Inc,0,0,0
20050511,41472,CYRD',OTC,0.02,0.02,0,0,Cyberecord Inc,0,0,0
20050512,41472,CYRD',OTC,0.02,0.02,10,0,Cyberecord Inc,0,0,0
20050513,41472,CYRD',OTC,0.02,0.02,102,0,Cyberecord Inc,0,0,0
20050516,41472,CYRD',OTC,0.02,0.02,150,0,Cyberecord Inc,0,0,0
20050517,41472,CYRD',OTC,0.02,0.02,0,0,Cyberecord Inc,0,0,0
20050518,41472,CYRD',OTC,0.02,0.02,37,0,Cyberecord Inc,0,0,0
20050519,41472,CYRD',OTC,0.02,0.02,0,0,Cyberecord Inc,0,0,0
20050520,41472,CYRD',OTC,0.02,0.02,0,0,Cyberecord Inc,0,0,0
20050523,41472,CYRD',OTC,0.02,0.02,5,0,Cyberecord Inc,0,0,0
20050524,41472,CYRD',OTC,0.02,0.02,0,0,Cyberecord Inc,0,0,0
20050525,41472,CYRD',OTC,0.02,0.02,0,0,Cyberecord Inc,0,0,0
20050526,41472,CYRD',OTC,0.02,0.02,0,0,Cyberecord Inc,0,0,0
20050527,41472,CYRD',OTC,0.02,0.02,50,0,Cyberecord Inc,0,0,0
20050531,41472,CYRD',OTC,0.02,0.02,0,0,Cyberecord Inc,0,0,0
20050601,41472,CYRD',OTC,0.02,0.02,0,0,Cyberecord Inc,0,0,0
20050602,41472,CYRD',OTC,0.02,0.02,20,0,Cyberecord Inc,0,0,0
20050603,41472,CYRD',OTC,0.02,0.02,20,0,Cyberecord Inc,0,0,0
20050606,41472,CYRD',OTC,0.02,0.02,26,0,Cyberecord Inc,0,0,0
20050607,41472,CYRD',OTC,0.02,0.02,10,0,Cyberecord Inc,0,0,0
20050608,41472,CYRD',OTC,0.02,0.02,0,0,Cyberecord Inc,0,0,0
20050609,41472,CYRD',OTC,0.02,0.02,20,0,Cyberecord Inc,0,0,0
20050610,41472,CYRD',OTC,0.02,0.02,152,0,Cyberecord Inc,0,0,0
20050613,41472,CYRD',OTC,0.02,0.02,427,0,Cyberecord Inc,0,0,0
20050614,41472,CYRD',OTC,0.02,0.02,0,0,Cyberecord Inc,0,0,0
20050615,41472,CYRD',OTC,0.02,0.02,56,0,Cyberecord Inc,0,0,0
20050616,41472,CYRD',OTC,0.02,0.02,0,0,Cyberecord Inc,0,0,0
20050617,41472,CYRD',OTC,0.02,0.02,30,0,Cyberecord Inc,0,0,0
20050620,41472,CYRD',OTC,0.02,0.02,0,0,Cyberecord Inc,0,0,0
20050621,41472,CYRD',OTC,0.02,0.02,14,0,Cyberecord Inc,0,0,0
20050622,41472,CYRD',OTC,0.02,0.02,0,0,Cyberecord Inc,0,0,0
20050623,41472,CYRD',OTC,0.02,0.02,2,0,Cyberecord Inc,0,0,0
20050624,41472,CYRD',OTC,0.02,0.02,193,0,Cyberecord Inc,0,0,0
20050627,41472,CYRD',OTC,0.02,0.02,0,0,Cyberecord Inc,0,0,0
20050628,41472,CYRD',OTC,0.02,0.02,0,0,Cyberecord Inc,0,0,0
20050629,41472,CYRD',OTC,0.01,0.01,2,0,Cyberecord Inc,0,0,0
20050630,41472,CYRD',OTC,0.01,0.01,0,0,Cyberecord Inc,0,0,0
20050701,41472,CYRD',OTC,0.01,0.01,0,0,Cyberecord Inc,0,0,0
20050705,41472,CYRD',OTC,0.01,0.01,20,0,Cyberecord Inc,0,0,0
20050706,41472,CYRD',OTC,0.01,0.01,0,0,Cyberecord Inc,0,0,0
20050707,41472,CYRD',OTC,0.01,0.01,20,0,Cyberecord Inc,0,0,0
20050708,41472,CYRD',OTC,0.01,0.01,0,0,Cyberecord Inc,0,0,0
20050711,41472,CYRD',OTC,0.02,0.02,1277,0,Cyberecord Inc,0,0,0
20050712,41472,CYRD',OTC,0.02,0.02,0,0,Cyberecord Inc,0,0,0
20050713,41472,CYRD',OTC,0.03,0.03,457,0,Cyberecord Inc,0,0,0
20050714,41472,CYRD',OTC,0.02,0.02,382,0,Cyberecord Inc,0,0,0
20050715,41472,CYRD',OTC,0.02,0.02,0,0,Cyberecord Inc,0,0,0
20050718,41472,CYRD',OTC,0.02,0.02,2,0,Cyberecord Inc,0,0,0
20050719,41472,CYRD',OTC,0.02,0.02,10,0,Cyberecord Inc,0,0,0
20050720,41472,CYRD',OTC,0.02,0.02,0,0,Cyberecord Inc,0,0,0
20050721,41472,CYRD',OTC,0.02,0.02,0,0,Cyberecord Inc,0,0,0
20050722,41472,CYRD',OTC,0.02,0.02,0,0,Cyberecord Inc,0,0,0
20050725,41472,CYRD',OTC,0.03,0.03,20,0,Cyberecord Inc,0,0,0
20050726,41472,CYRD',OTC,0.03,0.03,0,0,Cyberecord Inc,0,0,0
20050727,41472,CYRD',OTC,0.02,0.02,1000,0,Cyberecord Inc,0,0,0
20050728,41472,CYRD',OTC,0.02,0.02,18,0,Cyberecord Inc,0,0,0
20050729,41472,CYRD',OTC,0.02,0.02,0,0,Cyberecord Inc,0,0,0
20050801,41472,CYRD',OTC,0.02,0.02,0,0,Cyberecord Inc,0,0,0
20050802,41472,CYRD',OTC,0.02,0.02,655,0,Cyberecord Inc,0,0,0
20050803,41472,CYRD',OTC,0.02,0.02,0,0,Cyberecord Inc,0,0,0
20050804,41472,CYRD',OTC,0.03,0.03,174,0,Cyberecord Inc,0,0,0
20050805,41472,CYRD',OTC,0.03,0.03,0,0,Cyberecord Inc,0,0,0
20050808,41472,CYRD',OTC,0.03,0.03,1000,0,Cyberecord Inc,0,0,0
20050809,41472,CYRD',OTC,0.03,0.03,0,0,Cyberecord Inc,0,0,0
20050810,41472,CYRD',OTC,0.02,0.02,20,0,Cyberecord Inc,0,0,0
20050811,41472,CYRD',OTC,0.02,0.02,15,0,Cyberecord Inc,0,0,0
20050812,41472,CYRD',OTC,0.03,0.03,2082,0,Cyberecord Inc,0,0,0
20050815,41472,CYRD',OTC,0.04,0.04,536,0,Cyberecord Inc,0,0,0
20050816,41472,CYRD',OTC,0.04,0.04,570,0,Cyberecord Inc,0,0,0
20050817,41472,CYRD',OTC,0.04,0.04,262,0,Cyberecord Inc,0,0,0
20050818,41472,CYRD',OTC,0.04,0.04,100,0,Cyberecord Inc,0,0,0
20050819,41472,CYRD',OTC,0.04,0.04,205,0,Cyberecord Inc,0,0,0
20050822,41472,CYRD',OTC,0.04,0.04,200,0,Cyberecord Inc,0,0,0
20050823,41472,CYRD',OTC,0.04,0.04,0,0,Cyberecord Inc,0,0,0
20050824,41472,CYRD',OTC,0.04,0.04,1973,0,Cyberecord Inc,0,0,0
20050825,41472,CYRD',OTC,0.04,0.04,0,0,Cyberecord Inc,0,0,0
20050826,41472,CYRD',OTC,0.04,0.04,263,0,Cyberecord Inc,0,0,0
20050829,41472,CYRD',OTC,0.04,0.04,50,0,Cyberecord Inc,0,0,0
20050830,41472,CYRD',OTC,0.04,0.04,130,0,Cyberecord Inc,0,0,0
20050831,41472,CYRD',OTC,0.04,0.04,0,0,Cyberecord Inc,0,0,0
20050901,41472,CYRD',OTC,0.04,0.04,0,0,Cyberecord Inc,0,0,0
20050902,41472,CYRD',OTC,0.04,0.04,0,0,Cyberecord Inc,0,0,0
20050906,41472,CYRD',OTC,0.04,0.04,0,0,Cyberecord Inc,0,0,0
20050907,41472,CYRD',OTC,0.03,0.03,208,0,Cyberecord Inc,0,0,0
20050908,41472,CYRD',OTC,0.03,0.03,7,0,Cyberecord Inc,0,0,0
20050909,41472,CYRD',OTC,0.03,0.03,0,0,Cyberecord Inc,0,0,0
20050912,41472,CYRD',OTC,0.03,0.03,2,0,Cyberecord Inc,0,0,0
20050913,41472,CYRD',OTC,0.03,0.03,50,0,Cyberecord Inc,0,0,0
20050914,41472,CYRD',OTC,0.03,0.03,0,0,Cyberecord Inc,0,0,0
20050915,41472,CYRD',OTC,0.03,0.03,150,0,Cyberecord Inc,0,0,0
20050916,41472,CYRD',OTC,0.03,0.03,0,0,Cyberecord Inc,0,0,0
20050919,41472,CYRD',OTC,0.03,0.03,0,0,Cyberecord Inc,0,0,0
20050920,41472,CYRD',OTC,0.03,0.03,0,0,Cyberecord Inc,0,0,0
20050921,41472,CYRD',OTC,0.02,0.02,157,0,Cyberecord Inc,0,0,0
20050922,41472,CYRD',OTC,0.02,0.02,0,0,Cyberecord Inc,0,0,0
20050923,41472,CYRD',OTC,0.02,0.02,60,0,Cyberecord Inc,0,0,0
20050926,41472,CYRD',OTC,0.03,0.03,757,0,Cyberecord Inc,0,0,0
20050927,41472,CYRD',OTC,0.04,0.04,155,0,Cyberecord Inc,0,0,0
20050928,41472,CYRD',OTC,0.04,0.04,0,0,Cyberecord Inc,0,0,0
20050929,41472,CYRD',OTC,0.03,0.03,4,0,Cyberecord Inc,0,0,0
20050930,41472,CYRD',OTC,0.03,0.03,50,0,Cyberecord Inc,0,0,0
20051003,41472,CYRD',OTC,0.03,0.03,0,0,Cyberecord Inc,0,0,0
20051004,41472,CYRD',OTC,0.03,0.03,60,0,Cyberecord Inc,0,0,0
20051005,41472,CYRD',OTC,0.03,0.03,23,0,Cyberecord Inc,0,0,0
20051006,41472,CYRD',OTC,0.03,0.03,0,0,Cyberecord Inc,0,0,0
20051007,41472,CYRD',OTC,0.03,0.03,0,0,Cyberecord Inc,0,0,0
20051010,41472,CYRD',OTC,0.03,0.03,2,0,Cyberecord Inc,0,0,0
20051011,41472,CYRD',OTC,0.03,0.03,0,0,Cyberecord Inc,0,0,0
20051012,41472,CYRD',OTC,0.03,0.03,365,0,Cyberecord Inc,0,0,0
20051013,41472,CYRD',OTC,0.03,0.03,0,0,Cyberecord Inc,0,0,0
20051014,41472,CYRD',OTC,0.03,0.03,7,0,Cyberecord Inc,0,0,0
20051017,41472,CYRD',OTC,0.03,0.03,17,0,Cyberecord Inc,0,0,0
20051018,41472,CYRD',OTC,0.03,0.03,0,0,Cyberecord Inc,0,0,0
20051019,41472,CYRD',OTC,0.03,0.03,2,0,Cyberecord Inc,0,0,0
20051020,41472,CYRD',OTC,0.03,0.03,0,0,Cyberecord Inc,0,0,0
20051021,41472,CYRD',OTC,0.03,0.03,0,0,Cyberecord Inc,0,0,0
20051024,41472,CYRD',OTC,0.03,0.03,0,0,Cyberecord Inc,0,0,0
20051025,41472,CYRD',OTC,0.03,0.03,25,0,Cyberecord Inc,0,0,0
20051026,41472,CYRD',OTC,0.03,0.03,11,0,Cyberecord Inc,0,0,0
20051027,41472,CYRD',OTC,0.02,0.02,103,0,Cyberecord Inc,0,0,0
20051028,41472,CYRD',OTC,0.02,0.02,673,0,Cyberecord Inc,0,0,0
20051031,41472,CYRD',OTC,0.02,0.02,0,0,Cyberecord Inc,0,0,0
20051101,41472,CYRD',OTC,0.02,0.02,13,0,Cyberecord Inc,0,0,0
20051102,41472,CYRD',OTC,0.02,0.02,102,0,Cyberecord Inc,0,0,0
20051103,41472,CYRD',OTC,0.02,0.02,12,0,Cyberecord Inc,0,0,0
20051104,41472,CYRD',OTC,0.02,0.02,25,0,Cyberecord Inc,0,0,0
20051107,41472,CYRD',OTC,0.02,0.02,0,0,Cyberecord Inc,0,0,0
20051108,41472,CYRD',OTC,0.02,0.02,1,0,Cyberecord Inc,0,0,0
20051109,41472,CYRD',OTC,0.02,0.02,10,0,Cyberecord Inc,0,0,0
20051110,41472,CYRD',OTC,0.02,0.02,0,0,Cyberecord Inc,0,0,0
20051111,41472,CYRD',OTC,0.02,0.02,250,0,Cyberecord Inc,0,0,0
20051114,41472,CYRD',OTC,0.02,0.02,0,0,Cyberecord Inc,0,0,0
20051115,41472,CYRD',OTC,0.02,0.02,679,0,Cyberecord Inc,0,0,0
20051116,41472,CYRD',OTC,0.02,0.02,0,0,Cyberecord Inc,0,0,0
20051117,41472,CYRD',OTC,0.02,0.02,24,0,Cyberecord Inc,0,0,0
20051118,41472,CYRD',OTC,0.03,0.03,292,0,Cyberecord Inc,0,0,0
20051121,41472,CYRD',OTC,0.03,0.03,257,0,Cyberecord Inc,0,0,0
20051122,41472,CYRD',OTC,0.02,0.02,260,0,Cyberecord Inc,0,0,0
20051123,41472,CYRD',OTC,0.02,0.02,267,0,Cyberecord Inc,0,0,0
20051125,41472,CYRD',OTC,0.02,0.02,0,0,Cyberecord Inc,0,0,0
20051128,41472,CYRD',OTC,0.02,0.02,500,0,Cyberecord Inc,0,0,0
20051129,41472,CYRD',OTC,0.02,0.02,163,0,Cyberecord Inc,0,0,0
20051130,41472,CYRD',OTC,0.02,0.02,0,0,Cyberecord Inc,0,0,0
20051201,41472,CYRD',OTC,0.02,0.02,50,0,Cyberecord Inc,0,0,0
20051202,41472,CYRD',OTC,0.02,0.02,131,0,Cyberecord Inc,0,0,0
20051205,41472,CYRD',OTC,0.02,0.02,110,0,Cyberecord Inc,0,0,0
20051206,41472,CYRD',OTC,0.02,0.02,33,0,Cyberecord Inc,0,0,0
20051207,41472,CYRD',OTC,0.02,0.02,22,0,Cyberecord Inc,0,0,0
20051208,41472,CYRD',OTC,0.02,0.02,161,0,Cyberecord Inc,0,0,0
20051209,41472,CYRD',OTC,0.02,0.02,0,0,Cyberecord Inc,0,0,0
20051212,41472,CYRD',OTC,0.02,0.02,2,0,Cyberecord Inc,0,0,0
20051213,41472,CYRD',OTC,0.02,0.02,678,0,Cyberecord Inc,0,0,0
20051214,41472,CYRD',OTC,0.02,0.02,10,0,Cyberecord Inc,0,0,0
20051215,41472,CYRD',OTC,0.02,0.02,30,0,Cyberecord Inc,0,0,0
20051216,41472,CYRD',OTC,0.02,0.02,6,0,Cyberecord Inc,0,0,0
20051219,41472,CYRD',OTC,0.02,0.02,1272,0,Cyberecord Inc,0,0,0
20051220,41472,CYRD',OTC,0.02,0.02,6,0,Cyberecord Inc,0,0,0
20051221,41472,CYRD',OTC,0.02,0.02,26,0,Cyberecord Inc,0,0,0
20051222,41472,CYRD',OTC,0.01,0.01,120,0,Cyberecord Inc,0,0,0
20051223,41472,CYRD',OTC,0.01,0.01,1137,0,Cyberecord Inc,0,0,0
20051227,41472,CYRD',OTC,0.02,0.02,1070,0,Cyberecord Inc,0,0,0
20051228,41472,CYRD',OTC,0.01,0.01,50,0,Cyberecord Inc,0,0,0
20051229,41472,CYRD',OTC,0.01,0.01,65,0,Cyberecord Inc,0,0,0
20051230,41472,CYRD',OTC,0.01,0.01,63,0,Cyberecord Inc,0,0,0
20060103,41472,CYRD',OTC,0.01,0.01,0,0,Cyberecord Inc,0,0,0
20060104,41472,CYRD',OTC,0.01,0.01,12,0,Cyberecord Inc,0,0,0
20060105,41472,CYRD',OTC,0.01,0.01,324,0,Cyberecord Inc,0,0,0
20060106,41472,CYRD',OTC,0.02,0.02,248,0,Cyberecord Inc,0,0,0
20060109,41472,CYRD',OTC,0.02,0.02,52,0,Cyberecord Inc,0,0,0
20060110,41472,CYRD',OTC,0.02,0.02,51,0,Cyberecord Inc,0,0,0
20060111,41472,CYRD',OTC,0.02,0.02,11,0,Cyberecord Inc,0,0,0
20060112,41472,CYRD',OTC,0.02,0.02,2841,0,Cyberecord Inc,0,0,0
20060113,41472,CYRD',OTC,0.02,0.02,5,0,Cyberecord Inc,0,0,0
20060117,41472,CYRD',OTC,0.02,0.02,2,0,Cyberecord Inc,0,0,0
20060118,41472,CYRD',OTC,0.02,0.02,0,0,Cyberecord Inc,0,0,0
20060119,41472,CYRD',OTC,0.02,0.02,36,0,Cyberecord Inc,0,0,0
20060120,41472,CYRD',OTC,0.02,0.02,0,0,Cyberecord Inc,0,0,0
20060123,41472,CYRD',OTC,0.02,0.02,0,0,Cyberecord Inc,0,0,0
20060124,41472,CYRD',OTC,0.02,0.02,1,0,Cyberecord Inc,0,0,0
20060125,41472,CYRD',OTC,0.02,0.02,0,0,Cyberecord Inc,0,0,0
20060126,41472,CYRD',OTC,0.02,0.02,0,0,Cyberecord Inc,0,0,0
20060127,41472,CYRD',OTC,0.02,0.02,200,0,Cyberecord Inc,0,0,0
20060130,41472,CYRD',OTC,0.02,0.02,14,0,Cyberecord Inc,0,0,0
20060131,41472,CYRD',OTC,0.02,0.02,0,0,Cyberecord Inc,0,0,0
20060201,41472,CYRD',OTC,0.02,0.02,0,0,Cyberecord Inc,0,0,0
20060202,41472,CYRD',OTC,0.02,0.02,0,0,Cyberecord Inc,0,0,0
20060203,41472,CYRD',OTC,0.02,0.02,5,0,Cyberecord Inc,0,0,0
20060206,41472,CYRD',OTC,0.02,0.02,0,0,Cyberecord Inc,0,0,0
20060207,41472,CYRD',OTC,0.02,0.02,2,0,Cyberecord Inc,0,0,0
20060208,41472,CYRD',OTC,0.02,0.02,44,0,Cyberecord Inc,0,0,0
20060209,41472,CYRD',OTC,0.02,0.02,0,0,Cyberecord Inc,0,0,0
20060210,41472,CYRD',OTC,0.02,0.02,0,0,Cyberecord Inc,0,0,0
20060213,41472,CYRD',OTC,0.02,0.02,10,0,Cyberecord Inc,0,0,0
20060214,41472,CYRD',OTC,0.02,0.02,19,0,Cyberecord Inc,0,0,0
20060215,41472,CYRD',OTC,0.02,0.02,4,0,Cyberecord Inc,0,0,0
20060216,41472,CYRD',OTC,0.02,0.02,0,0,Cyberecord Inc,0,0,0
20060217,41472,CYRD',OTC,0.02,0.02,20,0,Cyberecord Inc,0,0,0
20060221,41472,CYRD',OTC,0.02,0.02,54,0,Cyberecord Inc,0,0,0
20060222,41472,CYRD',OTC,0.02,0.02,3,0,Cyberecord Inc,0,0,0
20060223,41472,CYRD',OTC,0.02,0.02,0,0,Cyberecord Inc,0,0,0
20060224,41472,CYRD',OTC,0.02,0.02,0,0,Cyberecord Inc,0,0,0
20060227,41472,CYRD',OTC,0.02,0.02,25,0,Cyberecord Inc,0,0,0
20060228,41472,CYRD',OTC,0.02,0.02,0,0,Cyberecord Inc,0,0,0
20060301,41472,CYRD',OTC,0.02,0.02,0,0,Cyberecord Inc,0,0,0
20060302,41472,CYRD',OTC,0.02,0.02,0,0,Cyberecord Inc,0,0,0
20060303,41472,CYRD',OTC,0.02,0.02,0,0,Cyberecord Inc,0,0,0
20060306,41472,CYRD',OTC,0.02,0.02,1,0,Cyberecord Inc,0,0,0
20060307,41472,CYRD',OTC,0.02,0.02,0,0,Cyberecord Inc,0,0,0
20060308,41472,CYRD',OTC,0.02,0.02,0,0,Cyberecord Inc,0,0,0
20060309,41472,CYRD',OTC,0.02,0.02,0,0,Cyberecord Inc,0,0,0
20060310,41472,CYRD',OTC,0.02,0.02,0,0,Cyberecord Inc,0,0,0
20060313,41472,CYRD',OTC,0.02,0.02,0,0,Cyberecord Inc,0,0,0
20060314,41472,CYRD',OTC,0.02,0.02,7,0,Cyberecord Inc,0,0,0
20060315,41472,CYRD',OTC,0.02,0.02,0,0,Cyberecord Inc,0,0,0
20060316,41472,CYRD',OTC,0.01,0.01,290,0,Cyberecord Inc,0,0,0
20060317,41472,CYRD',OTC,0.01,0.01,0,0,Cyberecord Inc,0,0,0
20060320,41472,CYRD',OTC,0.01,0.01,0,0,Cyberecord Inc,0,0,0
20060321,41472,CYRD',OTC,0.01,0.01,264,0,Cyberecord Inc,0,0,0
20060322,41472,CYRD',OTC,0.01,0.01,0,0,Cyberecord Inc,0,0,0
20060323,41472,CYRD',OTC,0.01,0.01,40,0,Cyberecord Inc,0,0,0
20060324,41472,CYRD',OTC,0.01,0.01,0,0,Cyberecord Inc,0,0,0
20060327,41472,CYRD',OTC,0.02,0.02,55,0,Cyberecord Inc,0,0,0
20060328,41472,CYRD',OTC,0.02,0.02,0,0,Cyberecord Inc,0,0,0
20060329,41472,CYRD',OTC,0.01,0.01,30,0,Cyberecord Inc,0,0,0
20060330,41472,CYRD',OTC,0.01,0.01,411,0,Cyberecord Inc,0,0,0
20060331,41472,CYRD',OTC,0.01,0.01,133,0,Cyberecord Inc,0,0,0
20060403,41472,CYRD',OTC,0.01,0.01,0,0,Cyberecord Inc,0,0,0
20060404,41472,CYRD',OTC,0.01,0.01,0,0,Cyberecord Inc,0,0,0
20060405,41472,CYRD',OTC,0.01,0.01,0,0,Cyberecord Inc,0,0,0
20060406,41472,CYRD',OTC,0.01,0.01,0,0,Cyberecord Inc,0,0,0
20060407,41472,CYRD',OTC,0.01,0.01,0,0,Cyberecord Inc,0,0,0
20060410,41472,CYRD',OTC,0.01,0.01,0,0,Cyberecord Inc,0,0,0
20060411,41472,CYRD',OTC,0.01,0.01,0,0,Cyberecord Inc,0,0,0
20060412,41472,CYRD',OTC,0.01,0.01,0,0,Cyberecord Inc,0,0,0
20060413,41472,CYRD',OTC,0.01,0.01,424,0,Cyberecord Inc,0,0,0
20060417,41472,CYRD',OTC,0.01,0.01,50,0,Cyberecord Inc,0,0,0
20060418,41472,CYRD',OTC,0.01,0.01,105,0,Cyberecord Inc,0,0,0
20060419,41472,CYRD',OTC,0.01,0.01,0,0,Cyberecord Inc,0,0,0
20060420,41472,CYRD',OTC,0.01,0.01,10,0,Cyberecord Inc,0,0,0
20060421,41472,CYRD',OTC,0.01,0.01,95,0,Cyberecord Inc,0,0,0
20060424,41472,CYRD',OTC,0.01,0.01,3,0,Cyberecord Inc,0,0,0
20060425,41472,CYRD',OTC,0.02,0.02,1005,0,Cyberecord Inc,0,0,0
20060426,41472,CYRD',OTC,0.02,0.02,0,0,Cyberecord Inc,0,0,0
20060427,41472,CYRD',OTC,0.02,0.02,0,0,Cyberecord Inc,0,0,0
20060428,41472,CYRD',OTC,0.01,0.01,10,0,Cyberecord Inc,0,0,0
20060501,41472,CYRD',OTC,0.01,0.01,0,0,Cyberecord Inc,0,0,0
20060502,41472,CYRD',OTC,0.01,0.01,10,0,Cyberecord Inc,0,0,0
20060503,41472,CYRD',OTC,0.01,0.01,10,0,Cyberecord Inc,0,0,0
20060504,41472,CYRD',OTC,0.01,0.01,0,0,Cyberecord Inc,0,0,0
20060505,41472,CYRD',OTC,0.01,0.01,0,0,Cyberecord Inc,0,0,0
20060508,41472,CYRD',OTC,0.01,0.01,0,0,Cyberecord Inc,0,0,0
20060509,41472,CYRD',OTC,0.01,0.01,260,0,Cyberecord Inc,0,0,0
20060510,41472,CYRD',OTC,0.01,0.01,400,0,Cyberecord Inc,0,0,0
20060511,41472,CYRD',OTC,0.01,0.01,0,0,Cyberecord Inc,0,0,0
20060512,41472,CYRD',OTC,0.01,0.01,0,0,Cyberecord Inc,0,0,0
20060515,41472,CYRD',OTC,0.01,0.01,0,0,Cyberecord Inc,0,0,0
20060516,41472,CYRD',OTC,0.01,0.01,0,0,Cyberecord Inc,0,0,0
20060517,41472,CYRD',OTC,0.01,0.01,0,0,Cyberecord Inc,0,0,0
20060518,41472,CYRD',OTC,0.01,0.01,2010,0,Cyberecord Inc,0,0,0
20060519,41472,CYRD',OTC,0.01,0.01,2904,0,Cyberecord Inc,0,0,0
20060522,41472,CYRD',OTC,0.01,0.01,2750,0,Cyberecord Inc,0,0,0
20060523,41472,CYRD',OTC,0.02,0.02,360,0,Cyberecord Inc,0,0,0
20060524,41472,CYRD',OTC,0.01,0.01,100,0,Cyberecord Inc,0,0,0
20060525,41472,CYRD',OTC,0.01,0.01,0,0,Cyberecord Inc,0,0,0
20060526,41472,CYRD',OTC,0.01,0.01,0,0,Cyberecord Inc,0,0,0
20060530,41472,CYRD',OTC,0.01,0.01,0,0,Cyberecord Inc,0,0,0
20060531,41472,CYRD',OTC,0.01,0.01,0,0,Cyberecord Inc,0,0,0
20060601,41472,CYRD',OTC,0.01,0.01,0,0,Cyberecord Inc,0,0,0
20060602,41472,CYRD',OTC,0.01,0.01,3,0,Cyberecord Inc,0,0,0
20060605,41472,CYRD',OTC,0.01,0.01,12,0,Cyberecord Inc,0,0,0
20060606,41472,CYRD',OTC,0.01,0.01,0,0,Cyberecord Inc,0,0,0
20060607,41472,CYRD',OTC,0.01,0.01,1,0,Cyberecord Inc,0,0,0
20060608,41472,CYRD',OTC,0.01,0.01,2,0,Cyberecord Inc,0,0,0
20060609,41472,CYRD',OTC,0.01,0.01,0,0,Cyberecord Inc,0,0,0
20060612,41472,CYRD',OTC,0.01,0.01,0,0,Cyberecord Inc,0,0,0
20060613,41472,CYRD',OTC,0.01,0.01,3,0,Cyberecord Inc,0,0,0
20060614,41472,CYRD',OTC,0.01,0.01,0,0,Cyberecord Inc,0,0,0
20060615,41472,CYRD',OTC,0.01,0.01,8,0,Cyberecord Inc,0,0,0
20060616,41472,CYRD',OTC,0.01,0.01,7,0,Cyberecord Inc,0,0,0
20060619,41472,CYRD',OTC,0.01,0.01,0,0,Cyberecord Inc,0,0,0
20060620,41472,CYRD',OTC,0.01,0.01,3,0,Cyberecord Inc,0,0,0
20060621,41472,CYRD',OTC,0.01,0.01,0,0,Cyberecord Inc,0,0,0
20060622,41472,CYRD',OTC,0.01,0.01,0,0,Cyberecord Inc,0,0,0
20060623,41472,CYRD',OTC,0.01,0.01,0,0,Cyberecord Inc,0,0,0
20060626,41472,CYRD',OTC,0.01,0.01,0,0,Cyberecord Inc,0,0,0
20060627,41472,CYRD',OTC,0.02,0.02,30,0,Cyberecord Inc,0,0,0
20060628,41472,CYRD',OTC,0.02,0.02,0,0,Cyberecord Inc,0,0,0
20060629,41472,CYRD',OTC,0.01,0.01,3,0,Cyberecord Inc,0,0,0
20060630,41472,CYRD',OTC,0.01,0.01,0,0,Cyberecord Inc,0,0,0
20060703,41472,CYRD',OTC,0.01,0.01,15,0,Cyberecord Inc,0,0,0
20060705,41472,CYRD',OTC,0.01,0.01,0,0,Cyberecord Inc,0,0,0
20060706,41472,CYRD',OTC,0.01,0.01,30,0,Cyberecord Inc,0,0,0
20060707,41472,CYRD',OTC,0.01,0.01,8,0,Cyberecord Inc,0,0,0
20060710,41472,CYRD',OTC,0.01,0.01,0,0,Cyberecord Inc,0,0,0
20060711,41472,CYRD',OTC,0.01,0.01,0,0,Cyberecord Inc,0,0,0
20060712,41472,CYRD',OTC,0.01,0.01,0,0,Cyberecord Inc,0,0,0
20060713,41472,CYRD',OTC,0.01,0.01,752,0,Cyberecord Inc,0,0,0
20060714,41472,CYRD',OTC,0.01,0.01,112,0,Cyberecord Inc,0,0,0
20060717,41472,CYRD',OTC,0.01,0.01,0,0,Cyberecord Inc,0,0,0
20060718,41472,CYRD',OTC,0.01,0.01,12,0,Cyberecord Inc,0,0,0
20060719,41472,CYRD',OTC,0.01,0.01,0,0,Cyberecord Inc,0,0,0
20060720,41472,CYRD',OTC,0.01,0.01,20,0,Cyberecord Inc,0,0,0
20060721,41472,CYRD',OTC,0.01,0.01,0,0,Cyberecord Inc,0,0,0
20060724,41472,CYRD',OTC,0.02,0.02,335,0,Cyberecord Inc,0,0,0
20060725,41472,CYRD',OTC,0.02,0.02,53,0,Cyberecord Inc,0,0,0
20060726,41472,CYRD',OTC,0.02,0.02,0,0,Cyberecord Inc,0,0,0
20060727,41472,CYRD',OTC,0.01,0.01,5,0,Cyberecord Inc,0,0,0
20060728,41472,CYRD',OTC,0.01,0.01,0,0,Cyberecord Inc,0,0,0
20060731,41472,CYRD',OTC,0.01,0.01,0,0,Cyberecord Inc,0,0,0
20060801,41472,CYRD',OTC,0.01,0.01,54,0,Cyberecord Inc,0,0,0
20060802,41472,CYRD',OTC,0.01,0.01,0,0,Cyberecord Inc,0,0,0
20060803,41472,CYRD',OTC,0.01,0.01,0,0,Cyberecord Inc,0,0,0
20060804,41472,CYRD',OTC,0.01,0.01,0,0,Cyberecord Inc,0,0,0
20060807,41472,CYRD',OTC,0.01,0.01,0,0,Cyberecord Inc,0,0,0
20060808,41472,CYRD',OTC,0.01,0.01,0,0,Cyberecord Inc,0,0,0
20060809,41472,CYRD',OTC,0.01,0.01,0,0,Cyberecord Inc,0,0,0
20060810,41472,CYRD',OTC,0.01,0.01,0,0,Cyberecord Inc,0,0,0
20060811,41472,CYRD',OTC,0.01,0.01,0,0,Cyberecord Inc,0,0,0
20060814,41472,CYRD',OTC,0.02,0.02,4,0,Cyberecord Inc,0,0,0
20060815,41472,CYRD',OTC,0.01,0.01,156,0,Cyberecord Inc,0,0,0
20060816,41472,CYRD',OTC,0.01,0.01,0,0,Cyberecord Inc,0,0,0
20060817,41472,CYRD',OTC,0.01,0.01,0,0,Cyberecord Inc,0,0,0
20060818,41472,CYRD',OTC,0.01,0.01,0,0,Cyberecord Inc,0,0,0
20060821,41472,CYRD',OTC,0.01,0.01,0,0,Cyberecord Inc,0,0,0
20060822,41472,CYRD',OTC,0.02,0.02,1,0,Cyberecord Inc,0,0,0
20060823,41472,CYRD',OTC,0.02,0.02,0,0,Cyberecord Inc,0,0,0
20060824,41472,CYRD',OTC,0.02,0.02,0,0,Cyberecord Inc,0,0,0
20060825,41472,CYRD',OTC,0.02,0.02,0,0,Cyberecord Inc,0,0,0
20060828,41472,CYRD',OTC,0.02,0.02,0,0,Cyberecord Inc,0,0,0
20060829,41472,CYRD',OTC,0.02,0.02,0,0,Cyberecord Inc,0,0,0
20060830,41472,CYRD',OTC,0.01,0.01,1,0,Cyberecord Inc,0,0,0
20060831,41472,CYRD',OTC,0.01,0.01,0,0,Cyberecord Inc,0,0,0
20060901,41472,CYRD',OTC,0.01,0.01,3,0,Cyberecord Inc,0,0,0
20060905,41472,CYRD',OTC,0.01,0.01,0,0,Cyberecord Inc,0,0,0
20060906,41472,CYRD',OTC,0.01,0.01,0,0,Cyberecord Inc,0,0,0
20060907,41472,CYRD',OTC,0.01,0.01,0,0,Cyberecord Inc,0,0,0
20060908,41472,CYRD',OTC,0.01,0.01,0,0,Cyberecord Inc,0,0,0
20060911,41472,CYRD',OTC,0.01,0.01,0,0,Cyberecord Inc,0,0,0
20060912,41472,CYRD',OTC,0.01,0.01,20,0,Cyberecord Inc,0,0,0
20060913,41472,CYRD',OTC,0.01,0.01,0,0,Cyberecord Inc,0,0,0
20060914,41472,CYRD',OTC,0.01,0.01,5,0,Cyberecord Inc,0,0,0
20060915,41472,CYRD',OTC,0.01,0.01,0,0,Cyberecord Inc,0,0,0
20060918,41472,CYRD',OTC,0.01,0.01,0,0,Cyberecord Inc,0,0,0
20060919,41472,CYRD',OTC,0.01,0.01,0,0,Cyberecord Inc,0,0,0
20060920,41472,CYRD',OTC,0.01,0.01,0,0,Cyberecord Inc,0,0,0
20060921,41472,CYRD',OTC,0.01,0.01,0,0,Cyberecord Inc,0,0,0
20060922,41472,CYRD',OTC,0.01,0.01,0,0,Cyberecord Inc,0,0,0
20060925,41472,CYRD',OTC,0.01,0.01,0,0,Cyberecord Inc,0,0,0
20060926,41472,CYRD',OTC,0.02,0.02,50,0,Cyberecord Inc,0,0,0
20060927,41472,CYRD',OTC,0.01,0.01,12,0,Cyberecord Inc,0,0,0
20060928,41472,CYRD',OTC,0.01,0.01,156,0,Cyberecord Inc,0,0,0
20060929,41472,CYRD',OTC,0.01,0.01,0,0,Cyberecord Inc,0,0,0
20061002,41472,CYRD',OTC,0.01,0.01,0,0,Cyberecord Inc,0,0,0
20061003,41472,CYRD',OTC,0.01,0.01,6,0,Cyberecord Inc,0,0,0
20061004,41472,CYRD',OTC,0.01,0.01,9,0,Cyberecord Inc,0,0,0
20061005,41472,CYRD',OTC,0.01,0.01,1,0,Cyberecord Inc,0,0,0
20061006,41472,CYRD',OTC,0.01,0.01,100,0,Cyberecord Inc,0,0,0
20061009,41472,CYRD',OTC,0.01,0.01,50,0,Cyberecord Inc,0,0,0
20061010,41472,CYRD',OTC,0.01,0.01,0,0,Cyberecord Inc,0,0,0
20061011,41472,CYRD',OTC,0.01,0.01,5,0,Cyberecord Inc,0,0,0
20061012,41472,CYRD',OTC,0.01,0.01,0,0,Cyberecord Inc,0,0,0
20061013,41472,CYRD',OTC,0.01,0.01,10,0,Cyberecord Inc,0,0,0
20061016,41472,CYRD',OTC,0.01,0.01,0,0,Cyberecord Inc,0,0,0
20061017,41472,CYRD',OTC,0.01,0.01,30,0,Cyberecord Inc,0,0,0
20061018,41472,CYRD',OTC,0.01,0.01,133,0,Cyberecord Inc,0,0,0
20061019,41472,CYRD',OTC,0.01,0.01,0,0,Cyberecord Inc,0,0,0
20061020,41472,CYRD',OTC,0.01,0.01,0,0,Cyberecord Inc,0,0,0
20061023,41472,CYRD',OTC,0.01,0.01,25,0,Cyberecord Inc,0,0,0
20061024,41472,CYRD',OTC,0.01,0.01,0,0,Cyberecord Inc,0,0,0
20061025,41472,CYRD',OTC,0.01,0.01,2,0,Cyberecord Inc,0,0,0
20061026,41472,CYRD',OTC,0.01,0.01,0,0,Cyberecord Inc,0,0,0
20061027,41472,CYRD',OTC,0.01,0.01,0,0,Cyberecord Inc,0,0,0
20061030,41472,CYRD',OTC,0.01,0.01,0,0,Cyberecord Inc,0,0,0
20061031,41472,CYRD',OTC,0.01,0.01,0,0,Cyberecord Inc,0,0,0
20061101,41472,CYRD',OTC,0.01,0.01,0,0,Cyberecord Inc,0,0,0
20061102,41472,CYRD',OTC,0.01,0.01,0,0,Cyberecord Inc,0,0,0
20061103,41472,CYRD',OTC,0.02,0.02,3780,0,Cyberecord Inc,0,0,0
20061106,41472,CYRD',OTC,0.01,0.01,50,0,Cyberecord Inc,0,0,0
20061107,41472,CYRD',OTC,0.01,0.01,3,0,Cyberecord Inc,0,0,0
20061108,41472,CYRD',OTC,0.01,0.01,0,0,Cyberecord Inc,0,0,0
20061109,41472,CYRD',OTC,0.01,0.01,0,0,Cyberecord Inc,0,0,0
20061110,41472,CYRD',OTC,0.01,0.01,470,0,Cyberecord Inc,0,0,0
20061113,41472,CYRD',OTC,0.01,0.01,0,0,Cyberecord Inc,0,0,0
20061114,41472,CYRD',OTC,0.01,0.01,0,0,Cyberecord Inc,0,0,0
20061115,41472,CYRD',OTC,0.01,0.01,0,0,Cyberecord Inc,0,0,0
20061116,41472,CYRD',OTC,0.01,0.01,0,0,Cyberecord Inc,0,0,0
20061117,41472,CYRD',OTC,0.01,0.01,0,0,Cyberecord Inc,0,0,0
20061120,41472,CYRD',OTC,0.01,0.01,15,0,Cyberecord Inc,0,0,0
20061121,41472,CYRD',OTC,0.01,0.01,0,0,Cyberecord Inc,0,0,0
20061122,41472,CYRD',OTC,0.01,0.01,726,0,Cyberecord Inc,0,0,0
20061124,41472,CYRD',OTC,0.01,0.01,0,0,Cyberecord Inc,0,0,0
20061127,41472,CYRD',OTC,0.01,0.01,6,0,Cyberecord Inc,0,0,0
20061128,41472,CYRD',OTC,0.01,0.01,45,0,Cyberecord Inc,0,0,0
20061129,41472,CYRD',OTC,0.01,0.01,0,0,Cyberecord Inc,0,0,0
