DDate,CSINumber,Symbol,Exchange,DClose,UnAdjustedClose,TotalVolume,Cash,MarketName,PTB,PSR,DPS
19991028,43874,PPFN',OTC,32.20456606,33.5,57,0,Peoples Finl Inc Pa,0,0,0
19991029,43874,PPFN',OTC,32.20456606,33.5,0,0,Peoples Finl Inc Pa,0,0,0
19991101,43874,PPFN',OTC,32.20456606,33.5,1,0,Peoples Finl Inc Pa,0,0,0
19991102,43874,PPFN',OTC,32.20456606,33.5,0,0,Peoples Finl Inc Pa,0,0,0
19991103,43874,PPFN',OTC,32.20456606,33.5,10,0,Peoples Finl Inc Pa,0,0,0
19991104,43874,PPFN',OTC,32.20456606,33.5,0,0,Peoples Finl Inc Pa,0,0,0
19991105,43874,PPFN',OTC,32.20456606,33.5,0,0,Peoples Finl Inc Pa,0,0,0
19991108,43874,PPFN',OTC,32.20456606,33.5,0,0,Peoples Finl Inc Pa,0,0,0
19991109,43874,PPFN',OTC,32.20456606,33.5,48,0,Peoples Finl Inc Pa,0,0,0
19991110,43874,PPFN',OTC,32.20456606,33.5,0,0,Peoples Finl Inc Pa,0,0,0
19991111,43874,PPFN',OTC,32.20456606,33.5,0,0,Peoples Finl Inc Pa,0,0,0
19991112,43874,PPFN',OTC,32.20456606,33.5,2,0,Peoples Finl Inc Pa,0,0,0
19991115,43874,PPFN',OTC,32.20456606,33.5,0,0,Peoples Finl Inc Pa,0,0,0
19991116,43874,PPFN',OTC,31.72390089,33,131,0,Peoples Finl Inc Pa,0,0,0
19991117,43874,PPFN',OTC,31.72390089,33,0,0,Peoples Finl Inc Pa,0,0,0
19991118,43874,PPFN',OTC,31.72390089,33,0,0,Peoples Finl Inc Pa,0,0,0
19991119,43874,PPFN',OTC,31.72390089,33,0,0,Peoples Finl Inc Pa,0,0,0
19991122,43874,PPFN',OTC,31.72390089,33,0,0,Peoples Finl Inc Pa,0,0,0
19991123,43874,PPFN',OTC,31.72390089,33,0,0,Peoples Finl Inc Pa,0,0,0
19991124,43874,PPFN',OTC,31.72390089,33,0,0,Peoples Finl Inc Pa,0,0,0
19991126,43874,PPFN',OTC,31.72390089,33,0,0,Peoples Finl Inc Pa,0,0,0
19991129,43874,PPFN',OTC,31.72390089,33,0,0,Peoples Finl Inc Pa,0,0,0
19991130,43874,PPFN',OTC,31.72390089,33,0,0,Peoples Finl Inc Pa,0,0,0
19991201,43874,PPFN',OTC,31.72390089,33,0,0,Peoples Finl Inc Pa,0,0,0
19991202,43874,PPFN',OTC,31.72390089,33,0,0,Peoples Finl Inc Pa,0,0,0
19991203,43874,PPFN',OTC,31.72390089,33,0,0,Peoples Finl Inc Pa,0,0,0
19991206,43874,PPFN',OTC,31.72390089,33,0,0,Peoples Finl Inc Pa,0,0,0
19991207,43874,PPFN',OTC,31.72390089,33,0,0,Peoples Finl Inc Pa,0,0,0
19991208,43874,PPFN',OTC,31.72390089,33,0,0,Peoples Finl Inc Pa,0,0,0
19991209,43874,PPFN',OTC,31.48356831,32.75,4,0,Peoples Finl Inc Pa,0,0,0
19991210,43874,PPFN',OTC,31.48356831,32.75,0,0,Peoples Finl Inc Pa,0,0,0
19991213,43874,PPFN',OTC,31.48356831,32.75,0,0,Peoples Finl Inc Pa,0,0,0
19991214,43874,PPFN',OTC,31.48356831,32.75,0,0,Peoples Finl Inc Pa,0,0,0
19991215,43874,PPFN',OTC,31.48356831,32.75,0,0,Peoples Finl Inc Pa,0,0,0
19991216,43874,PPFN',OTC,31.48356831,32.75,0,0,Peoples Finl Inc Pa,0,0,0
19991217,43874,PPFN',OTC,31.48356831,32.75,0,0,Peoples Finl Inc Pa,0,0,0
19991220,43874,PPFN',OTC,31.48356831,32.75,0,0,Peoples Finl Inc Pa,0,0,0
19991221,43874,PPFN',OTC,31.48356831,32.75,0,0,Peoples Finl Inc Pa,0,0,0
19991222,43874,PPFN',OTC,31.48356831,32.75,0,0,Peoples Finl Inc Pa,0,0,0
19991223,43874,PPFN',OTC,31.48356831,32.75,0,0,Peoples Finl Inc Pa,0,0,0
19991227,43874,PPFN',OTC,31.48356831,32.75,0,0,Peoples Finl Inc Pa,0,0,0
19991228,43874,PPFN',OTC,31.48356831,32.75,0,0,Peoples Finl Inc Pa,0,0,0
19991229,43874,PPFN',OTC,31.48356831,32.75,0,0,Peoples Finl Inc Pa,0,0,0
19991230,43874,PPFN',OTC,31.48356831,32.75,0,0,Peoples Finl Inc Pa,0,0,0
19991231,43874,PPFN',OTC,31.48356831,32.75,0,0,Peoples Finl Inc Pa,0,0,0
20000103,43874,PPFN',OTC,31.48356831,32.75,0,0,Peoples Finl Inc Pa,0,0,0
20000104,43874,PPFN',OTC,31.48356831,32.75,0,0,Peoples Finl Inc Pa,0,0,0
20000105,43874,PPFN',OTC,31.48356831,32.75,0,0,Peoples Finl Inc Pa,0,0,0
20000106,43874,PPFN',OTC,31.48356831,32.75,0,0,Peoples Finl Inc Pa,0,0,0
20000107,43874,PPFN',OTC,31.48356831,32.75,0,0,Peoples Finl Inc Pa,0,0,0
20000110,43874,PPFN',OTC,31.48356831,32.75,0,0,Peoples Finl Inc Pa,0,0,0
20000111,43874,PPFN',OTC,31.48356831,32.75,0,0,Peoples Finl Inc Pa,0,0,0
20000112,43874,PPFN',OTC,31.48356831,32.75,0,0,Peoples Finl Inc Pa,0,0,0
20000113,43874,PPFN',OTC,31.48356831,32.75,0,0,Peoples Finl Inc Pa,0,0,0
20000114,43874,PPFN',OTC,31.48356831,32.75,0,0,Peoples Finl Inc Pa,0,0,0
20000118,43874,PPFN',OTC,31.48356831,32.75,0,0,Peoples Finl Inc Pa,0,0,0
20000119,43874,PPFN',OTC,31.48356831,32.75,0,0,Peoples Finl Inc Pa,0,0,0
20000120,43874,PPFN',OTC,31.48356831,32.75,0,0,Peoples Finl Inc Pa,0,0,0
20000121,43874,PPFN',OTC,31.48356831,32.75,0,0,Peoples Finl Inc Pa,0,0,0
20000124,43874,PPFN',OTC,31.48356831,32.75,0,0,Peoples Finl Inc Pa,0,0,0
20000125,43874,PPFN',OTC,31.48356831,32.75,0,0,Peoples Finl Inc Pa,0,0,0
20000126,43874,PPFN',OTC,31.48356831,32.75,0,0,Peoples Finl Inc Pa,0,0,0
20000127,43874,PPFN',OTC,31.48356831,32.75,0,0,Peoples Finl Inc Pa,0,0,0
20000128,43874,PPFN',OTC,31.48356831,32.75,0,0,Peoples Finl Inc Pa,0,0,0
20000131,43874,PPFN',OTC,31.48356831,32.75,0,0,Peoples Finl Inc Pa,0,0,0
20000201,43874,PPFN',OTC,31.48356831,32.75,0,0,Peoples Finl Inc Pa,0,0,0
20000202,43874,PPFN',OTC,31.48356831,32.75,0,0,Peoples Finl Inc Pa,0,0,0
20000203,43874,PPFN',OTC,31.48356831,32.75,0,0,Peoples Finl Inc Pa,0,0,0
20000204,43874,PPFN',OTC,31.48356831,32.75,0,0,Peoples Finl Inc Pa,0,0,0
20000207,43874,PPFN',OTC,31.48356831,32.75,0,0,Peoples Finl Inc Pa,0,0,0
20000208,43874,PPFN',OTC,31.48356831,32.75,0,0,Peoples Finl Inc Pa,0,0,0
20000209,43874,PPFN',OTC,31.48356831,32.75,0,0,Peoples Finl Inc Pa,0,0,0
20000210,43874,PPFN',OTC,31.48356831,32.75,0,0,Peoples Finl Inc Pa,0,0,0
20000211,43874,PPFN',OTC,31.48356831,32.75,0,0,Peoples Finl Inc Pa,0,0,0
20000214,43874,PPFN',OTC,31.48356831,32.75,0,0,Peoples Finl Inc Pa,0,0,0
20000215,43874,PPFN',OTC,31.36340202,32.625,1,0,Peoples Finl Inc Pa,0,0,0
20000216,43874,PPFN',OTC,31.36340202,32.625,0,0,Peoples Finl Inc Pa,0,0,0
20000217,43874,PPFN',OTC,31.36340202,32.625,0,0,Peoples Finl Inc Pa,0,0,0
20000218,43874,PPFN',OTC,31.36340202,32.625,0,0,Peoples Finl Inc Pa,0,0,0
20000222,43874,PPFN',OTC,31.36340202,32.625,0,0,Peoples Finl Inc Pa,0,0,0
20000223,43874,PPFN',OTC,31.36340202,32.625,0,0,Peoples Finl Inc Pa,0,0,0
20000224,43874,PPFN',OTC,31.36340202,32.625,0,0,Peoples Finl Inc Pa,0,0,0
20000225,43874,PPFN',OTC,31.36340202,32.625,0,0,Peoples Finl Inc Pa,0,0,0
20000228,43874,PPFN',OTC,31.36340202,32.625,0,0,Peoples Finl Inc Pa,0,0,0
20000229,43874,PPFN',OTC,31.36340202,32.625,0,0,Peoples Finl Inc Pa,0,0,0
20000301,43874,PPFN',OTC,31.36340202,32.625,0,0,Peoples Finl Inc Pa,0,0,0
20000302,43874,PPFN',OTC,31.36340202,32.625,0,0,Peoples Finl Inc Pa,0,0,0
20000303,43874,PPFN',OTC,31.36340202,32.625,0,0,Peoples Finl Inc Pa,0,0,0
20000306,43874,PPFN',OTC,31.36340202,32.625,0,0,Peoples Finl Inc Pa,0,0,0
20000307,43874,PPFN',OTC,31.36340202,32.625,0,0,Peoples Finl Inc Pa,0,0,0
20000308,43874,PPFN',OTC,31.36340202,32.625,0,0,Peoples Finl Inc Pa,0,0,0
20000309,43874,PPFN',OTC,31.36340202,32.625,0,0,Peoples Finl Inc Pa,0,0,0
20000310,43874,PPFN',OTC,31.36340202,32.625,0,0,Peoples Finl Inc Pa,0,0,0
20000313,43874,PPFN',OTC,31.36340202,32.625,0,0,Peoples Finl Inc Pa,0,0,0
20000314,43874,PPFN',OTC,31.36340202,32.625,0,0,Peoples Finl Inc Pa,0,0,0
20000315,43874,PPFN',OTC,31.36340202,32.625,0,0,Peoples Finl Inc Pa,0,0,0
20000316,43874,PPFN',OTC,31.36340202,32.625,0,0,Peoples Finl Inc Pa,0,0,0
20000317,43874,PPFN',OTC,31.36340202,32.625,0,0,Peoples Finl Inc Pa,0,0,0
20000320,43874,PPFN',OTC,31.36340202,32.625,0,0,Peoples Finl Inc Pa,0,0,0
20000321,43874,PPFN',OTC,31.36340202,32.625,0,0,Peoples Finl Inc Pa,0,0,0
20000322,43874,PPFN',OTC,31.36340202,32.625,0,0,Peoples Finl Inc Pa,0,0,0
20000323,43874,PPFN',OTC,31.36340202,32.625,0,0,Peoples Finl Inc Pa,0,0,0
20000324,43874,PPFN',OTC,31.36340202,32.625,0,0,Peoples Finl Inc Pa,0,0,0
20000327,43874,PPFN',OTC,31.36340202,32.625,0,0,Peoples Finl Inc Pa,0,0,0
20000328,43874,PPFN',OTC,31.36340202,32.625,0,0,Peoples Finl Inc Pa,0,0,0
20000329,43874,PPFN',OTC,31.36340202,32.625,0,0,Peoples Finl Inc Pa,0,0,0
20000330,43874,PPFN',OTC,31.36340202,32.625,0,0,Peoples Finl Inc Pa,0,0,0
20000331,43874,PPFN',OTC,31.36340202,32.625,0,0,Peoples Finl Inc Pa,0,0,0
20000403,43874,PPFN',OTC,31.36340202,32.625,0,0,Peoples Finl Inc Pa,0,0,0
20000404,43874,PPFN',OTC,31.36340202,32.625,0,0,Peoples Finl Inc Pa,0,0,0
20000405,43874,PPFN',OTC,31.36340202,32.625,0,0,Peoples Finl Inc Pa,0,0,0
20000406,43874,PPFN',OTC,31.36340202,32.625,0,0,Peoples Finl Inc Pa,0,0,0
20000407,43874,PPFN',OTC,31.36340202,32.625,0,0,Peoples Finl Inc Pa,0,0,0
20000410,43874,PPFN',OTC,31.36340202,32.625,0,0,Peoples Finl Inc Pa,0,0,0
20000411,43874,PPFN',OTC,31.36340202,32.625,0,0,Peoples Finl Inc Pa,0,0,0
20000412,43874,PPFN',OTC,31.36340202,32.625,0,0,Peoples Finl Inc Pa,0,0,0
20000413,43874,PPFN',OTC,31.36340202,32.625,0,0,Peoples Finl Inc Pa,0,0,0
20000414,43874,PPFN',OTC,31.36340202,32.625,0,0,Peoples Finl Inc Pa,0,0,0
20000417,43874,PPFN',OTC,31.36340202,32.625,0,0,Peoples Finl Inc Pa,0,0,0
20000418,43874,PPFN',OTC,31.36340202,32.625,0,0,Peoples Finl Inc Pa,0,0,0
20000419,43874,PPFN',OTC,31.36340202,32.625,0,0,Peoples Finl Inc Pa,0,0,0
20000420,43874,PPFN',OTC,31.36340202,32.625,0,0,Peoples Finl Inc Pa,0,0,0
20000424,43874,PPFN',OTC,31.36340202,32.625,11,0,Peoples Finl Inc Pa,0,0,0
20000425,43874,PPFN',OTC,31.6037346,32.875,24,0,Peoples Finl Inc Pa,0,0,0
20000426,43874,PPFN',OTC,31.6037346,32.875,0,0,Peoples Finl Inc Pa,0,0,0
20000427,43874,PPFN',OTC,31.6037346,32.875,0,0,Peoples Finl Inc Pa,0,0,0
20000428,43874,PPFN',OTC,31.6037346,32.875,0,0,Peoples Finl Inc Pa,0,0,0
20000501,43874,PPFN',OTC,31.6037346,32.875,0,0,Peoples Finl Inc Pa,0,0,0
20000502,43874,PPFN',OTC,31.6037346,32.875,0,0,Peoples Finl Inc Pa,0,0,0
20000503,43874,PPFN',OTC,31.6037346,32.875,0,0,Peoples Finl Inc Pa,0,0,0
20000504,43874,PPFN',OTC,31.6037346,32.875,0,0,Peoples Finl Inc Pa,0,0,0
20000505,43874,PPFN',OTC,31.6037346,32.875,0,0,Peoples Finl Inc Pa,0,0,0
20000508,43874,PPFN',OTC,31.6037346,32.875,0,0,Peoples Finl Inc Pa,0,0,0
20000509,43874,PPFN',OTC,31.6037346,32.875,0,0,Peoples Finl Inc Pa,0,0,0
20000510,43874,PPFN',OTC,31.6037346,32.875,0,0,Peoples Finl Inc Pa,0,0,0
20000511,43874,PPFN',OTC,31.6037346,32.875,0,0,Peoples Finl Inc Pa,0,0,0
20000512,43874,PPFN',OTC,31.6037346,32.875,0,0,Peoples Finl Inc Pa,0,0,0
20000515,43874,PPFN',OTC,31.6037346,32.875,0,0,Peoples Finl Inc Pa,0,0,0
20000516,43874,PPFN',OTC,31.6037346,32.875,0,0,Peoples Finl Inc Pa,0,0,0
20000517,43874,PPFN',OTC,31.6037346,32.875,0,0,Peoples Finl Inc Pa,0,0,0
20000518,43874,PPFN',OTC,31.6037346,32.875,0,0,Peoples Finl Inc Pa,0,0,0
20000519,43874,PPFN',OTC,31.6037346,32.875,0,0,Peoples Finl Inc Pa,0,0,0
20000522,43874,PPFN',OTC,31.6037346,32.875,0,0,Peoples Finl Inc Pa,0,0,0
20000523,43874,PPFN',OTC,31.6037346,32.875,0,0,Peoples Finl Inc Pa,0,0,0
20000524,43874,PPFN',OTC,31.6037346,32.875,0,0,Peoples Finl Inc Pa,0,0,0
20000525,43874,PPFN',OTC,31.6037346,32.875,0,0,Peoples Finl Inc Pa,0,0,0
20000526,43874,PPFN',OTC,31.6037346,32.875,0,0,Peoples Finl Inc Pa,0,0,0
20000530,43874,PPFN',OTC,31.6037346,32.875,0,0,Peoples Finl Inc Pa,0,0,0
20000531,43874,PPFN',OTC,31.6037346,32.875,0,0,Peoples Finl Inc Pa,0,0,0
20000601,43874,PPFN',OTC,31.6037346,32.875,0,0,Peoples Finl Inc Pa,0,0,0
20000602,43874,PPFN',OTC,31.6037346,32.875,0,0,Peoples Finl Inc Pa,0,0,0
20000605,43874,PPFN',OTC,31.6037346,32.875,0,0,Peoples Finl Inc Pa,0,0,0
20000606,43874,PPFN',OTC,31.6037346,32.875,0,0,Peoples Finl Inc Pa,0,0,0
20000607,43874,PPFN',OTC,31.6037346,32.875,0,0,Peoples Finl Inc Pa,0,0,0
20000608,43874,PPFN',OTC,31.6037346,32.875,0,0,Peoples Finl Inc Pa,0,0,0
20000609,43874,PPFN',OTC,31.6037346,32.875,0,0,Peoples Finl Inc Pa,0,0,0
20000612,43874,PPFN',OTC,31.6037346,32.875,0,0,Peoples Finl Inc Pa,0,0,0
20000613,43874,PPFN',OTC,31.6037346,32.875,0,0,Peoples Finl Inc Pa,0,0,0
20000614,43874,PPFN',OTC,31.6037346,32.875,0,0,Peoples Finl Inc Pa,0,0,0
20000615,43874,PPFN',OTC,31.6037346,32.875,0,0,Peoples Finl Inc Pa,0,0,0
20000616,43874,PPFN',OTC,31.6037346,32.875,0,0,Peoples Finl Inc Pa,0,0,0
20000619,43874,PPFN',OTC,31.6037346,32.875,0,0,Peoples Finl Inc Pa,0,0,0
20000620,43874,PPFN',OTC,31.6037346,32.875,0,0,Peoples Finl Inc Pa,0,0,0
20000621,43874,PPFN',OTC,31.6037346,32.875,0,0,Peoples Finl Inc Pa,0,0,0
20000622,43874,PPFN',OTC,31.6037346,32.875,0,0,Peoples Finl Inc Pa,0,0,0
20000623,43874,PPFN',OTC,31.6037346,32.875,0,0,Peoples Finl Inc Pa,0,0,0
20000626,43874,PPFN',OTC,34.60789188,36,0,0,Peoples Finl Inc Pa,0,0,0
20000627,43874,PPFN',OTC,34.60789188,36,0,0,Peoples Finl Inc Pa,0,0,0
20000628,43874,PPFN',OTC,34.60789188,36,0,0,Peoples Finl Inc Pa,0,0,0
20000629,43874,PPFN',OTC,34.60789188,36,0,0,Peoples Finl Inc Pa,0,0,0
20000630,43874,PPFN',OTC,35.26880648,36.6875,2239,0,Peoples Finl Inc Pa,0,0,0
20000703,43874,PPFN',OTC,35.26880648,36.6875,0,0,Peoples Finl Inc Pa,0,0,0
20000705,43874,PPFN',OTC,35.26880648,36.6875,0,0,Peoples Finl Inc Pa,0,0,0
20000706,43874,PPFN',OTC,35.26880648,36.6875,0,0,Peoples Finl Inc Pa,0,0,0
20000707,43874,PPFN',OTC,35.26880648,36.6875,0,0,Peoples Finl Inc Pa,0,0,0
20000710,43874,PPFN',OTC,35.26880648,36.6875,0,0,Peoples Finl Inc Pa,0,0,0
20000711,43874,PPFN',OTC,35.26880648,36.6875,0,0,Peoples Finl Inc Pa,0,0,0
20000712,43874,PPFN',OTC,35.26880648,36.6875,0,0,Peoples Finl Inc Pa,0,0,0
20000713,43874,PPFN',OTC,35.26880648,36.6875,0,0,Peoples Finl Inc Pa,0,0,0
20000714,43874,PPFN',OTC,35.26880648,36.6875,0,0,Peoples Finl Inc Pa,0,0,0
20000717,43874,PPFN',OTC,34.6980166,36.09375,46,0,Peoples Finl Inc Pa,0,0,0
20000718,43874,PPFN',OTC,34.6980166,36.09375,0,0,Peoples Finl Inc Pa,0,0,0
20000719,43874,PPFN',OTC,34.6980166,36.09375,0,0,Peoples Finl Inc Pa,0,0,0
20000720,43874,PPFN',OTC,34.6980166,36.09375,0,0,Peoples Finl Inc Pa,0,0,0
20000721,43874,PPFN',OTC,34.6980166,36.09375,0,0,Peoples Finl Inc Pa,0,0,0
20000724,43874,PPFN',OTC,34.6980166,36.09375,0,0,Peoples Finl Inc Pa,0,0,0
20000725,43874,PPFN',OTC,34.6980166,36.09375,0,0,Peoples Finl Inc Pa,0,0,0
20000726,43874,PPFN',OTC,34.6980166,36.09375,0,0,Peoples Finl Inc Pa,0,0,0
20000727,43874,PPFN',OTC,34.6980166,36.09375,0,0,Peoples Finl Inc Pa,0,0,0
20000728,43874,PPFN',OTC,34.6980166,36.09375,0,0,Peoples Finl Inc Pa,0,0,0
20000731,43874,PPFN',OTC,34.6980166,36.09375,0,0,Peoples Finl Inc Pa,0,0,0
20000801,43874,PPFN',OTC,34.6980166,36.09375,0,0,Peoples Finl Inc Pa,0,0,0
20000802,43874,PPFN',OTC,34.6980166,36.09375,0,0,Peoples Finl Inc Pa,0,0,0
20000803,43874,PPFN',OTC,34.6980166,36.09375,0,0,Peoples Finl Inc Pa,0,0,0
20000804,43874,PPFN',OTC,34.6980166,36.09375,0,0,Peoples Finl Inc Pa,0,0,0
20000807,43874,PPFN',OTC,34.6980166,36.09375,158,0,Peoples Finl Inc Pa,0,0,0
20000808,43874,PPFN',OTC,34.6980166,36.09375,0,0,Peoples Finl Inc Pa,0,0,0
20000809,43874,PPFN',OTC,34.6980166,36.09375,0,0,Peoples Finl Inc Pa,0,0,0
20000810,43874,PPFN',OTC,34.6980166,36.09375,0,0,Peoples Finl Inc Pa,0,0,0
20000811,43874,PPFN',OTC,33.64656155,35,20,0,Peoples Finl Inc Pa,0,0,0
20000814,43874,PPFN',OTC,33.64656155,35,0,0,Peoples Finl Inc Pa,0,0,0
20000815,43874,PPFN',OTC,33.64656155,35,0,0,Peoples Finl Inc Pa,0,0,0
20000816,43874,PPFN',OTC,33.64656155,35,0,0,Peoples Finl Inc Pa,0,0,0
20000817,43874,PPFN',OTC,33.64656155,35,0,0,Peoples Finl Inc Pa,0,0,0
20000818,43874,PPFN',OTC,35.08855705,36.5,63,0,Peoples Finl Inc Pa,0,0,0
20000821,43874,PPFN',OTC,35.08855705,36.5,0,0,Peoples Finl Inc Pa,0,0,0
20000822,43874,PPFN',OTC,35.08855705,36.5,0,0,Peoples Finl Inc Pa,0,0,0
20000823,43874,PPFN',OTC,35.08855705,36.5,0,0,Peoples Finl Inc Pa,0,0,0
20000824,43874,PPFN',OTC,35.08855705,36.5,0,0,Peoples Finl Inc Pa,0,0,0
20000825,43874,PPFN',OTC,35.08855705,36.5,0,0,Peoples Finl Inc Pa,0,0,0
20000828,43874,PPFN',OTC,35.08855705,36.5,0,0,Peoples Finl Inc Pa,0,0,0
20000829,43874,PPFN',OTC,33.64656155,35,6,0,Peoples Finl Inc Pa,0,0,0
20000830,43874,PPFN',OTC,33.64656155,35,2,0,Peoples Finl Inc Pa,0,0,0
20000831,43874,PPFN',OTC,33.64656155,35,0,0,Peoples Finl Inc Pa,0,0,0
20000901,43874,PPFN',OTC,33.64656155,35,0,0,Peoples Finl Inc Pa,0,0,0
20000905,43874,PPFN',OTC,33.64656155,35,0,0,Peoples Finl Inc Pa,0,0,0
20000906,43874,PPFN',OTC,33.64656155,35,0,0,Peoples Finl Inc Pa,0,0,0
20000907,43874,PPFN',OTC,33.64656155,35,1,0,Peoples Finl Inc Pa,0,0,0
20000908,43874,PPFN',OTC,33.64656155,35,0,0,Peoples Finl Inc Pa,0,0,0
20000911,43874,PPFN',OTC,35.08855705,36.5,8,0,Peoples Finl Inc Pa,0,0,0
20000912,43874,PPFN',OTC,35.08855705,36.5,0,0,Peoples Finl Inc Pa,0,0,0
20000913,43874,PPFN',OTC,35.08855705,36.5,0,0,Peoples Finl Inc Pa,0,0,0
20000914,43874,PPFN',OTC,35.08855705,36.5,0,0,Peoples Finl Inc Pa,0,0,0
20000915,43874,PPFN',OTC,35.08855705,36.5,0,0,Peoples Finl Inc Pa,0,0,0
20000918,43874,PPFN',OTC,35.08855705,36.5,0,0,Peoples Finl Inc Pa,0,0,0
20000919,43874,PPFN',OTC,35.08855705,36.5,1,0,Peoples Finl Inc Pa,0,0,0
20000920,43874,PPFN',OTC,35.08855705,36.5,0,0,Peoples Finl Inc Pa,0,0,0
20000921,43874,PPFN',OTC,35.08855705,36.5,0,0,Peoples Finl Inc Pa,0,0,0
20000922,43874,PPFN',OTC,35.08855705,36.5,0,0,Peoples Finl Inc Pa,0,0,0
20000925,43874,PPFN',OTC,35.08855705,36.5,0,0,Peoples Finl Inc Pa,0,0,0
20000926,43874,PPFN',OTC,35.08855705,36.5,0,0,Peoples Finl Inc Pa,0,0,0
20000927,43874,PPFN',OTC,35.08855705,36.5,0,0,Peoples Finl Inc Pa,0,0,0
20000928,43874,PPFN',OTC,35.08855705,36.5,0,0,Peoples Finl Inc Pa,0,0,0
20000929,43874,PPFN',OTC,35.08855705,36.5,0,0,Peoples Finl Inc Pa,0,0,0
20001002,43874,PPFN',OTC,35.08855705,36.5,0,0,Peoples Finl Inc Pa,0,0,0
20001003,43874,PPFN',OTC,35.08855705,36.5,0,0,Peoples Finl Inc Pa,0,0,0
20001004,43874,PPFN',OTC,35.08855705,36.5,0,0,Peoples Finl Inc Pa,0,0,0
20001005,43874,PPFN',OTC,35.08855705,36.5,0,0,Peoples Finl Inc Pa,0,0,0
20001006,43874,PPFN',OTC,35.08855705,36.5,1,0,Peoples Finl Inc Pa,0,0,0
20001009,43874,PPFN',OTC,35.08855705,36.5,0,0,Peoples Finl Inc Pa,0,0,0
20001010,43874,PPFN',OTC,35.08855705,36.5,0,0,Peoples Finl Inc Pa,0,0,0
20001011,43874,PPFN',OTC,35.08855705,36.5,0,0,Peoples Finl Inc Pa,0,0,0
20001012,43874,PPFN',OTC,35.08855705,36.5,0,0,Peoples Finl Inc Pa,0,0,0
20001013,43874,PPFN',OTC,35.08855705,36.5,0,0,Peoples Finl Inc Pa,0,0,0
20001016,43874,PPFN',OTC,34.6980166,36.09375,1622,0,Peoples Finl Inc Pa,0,0,0
20001017,43874,PPFN',OTC,34.6980166,36.09375,0,0,Peoples Finl Inc Pa,0,0,0
20001018,43874,PPFN',OTC,34.6980166,36.09375,0,0,Peoples Finl Inc Pa,0,0,0
20001019,43874,PPFN',OTC,34.6980166,36.09375,0,0,Peoples Finl Inc Pa,0,0,0
20001020,43874,PPFN',OTC,34.96839076,36.375,19,0,Peoples Finl Inc Pa,0,0,0
20001023,43874,PPFN',OTC,34.96839076,36.375,0,0,Peoples Finl Inc Pa,0,0,0
20001024,43874,PPFN',OTC,34.96839076,36.375,0,0,Peoples Finl Inc Pa,0,0,0
20001025,43874,PPFN',OTC,34.96839076,36.375,0,0,Peoples Finl Inc Pa,0,0,0
20001026,43874,PPFN',OTC,34.96839076,36.375,0,0,Peoples Finl Inc Pa,0,0,0
20001027,43874,PPFN',OTC,34.96839076,36.375,0,0,Peoples Finl Inc Pa,0,0,0
20001030,43874,PPFN',OTC,34.96839076,36.375,0,0,Peoples Finl Inc Pa,0,0,0
20001031,43874,PPFN',OTC,34.96839076,36.375,0,0,Peoples Finl Inc Pa,0,0,0
20001101,43874,PPFN',OTC,34.96839076,36.375,0,0,Peoples Finl Inc Pa,0,0,0
20001102,43874,PPFN',OTC,34.96839076,36.375,0,0,Peoples Finl Inc Pa,0,0,0
20001103,43874,PPFN',OTC,34.96839076,36.375,0,0,Peoples Finl Inc Pa,0,0,0
20001106,43874,PPFN',OTC,34.96839076,36.375,0,0,Peoples Finl Inc Pa,0,0,0
20001107,43874,PPFN',OTC,34.96839076,36.375,0,0,Peoples Finl Inc Pa,0,0,0
20001108,43874,PPFN',OTC,34.96839076,36.375,0,0,Peoples Finl Inc Pa,0,0,0
20001109,43874,PPFN',OTC,34.96839076,36.375,0,0,Peoples Finl Inc Pa,0,0,0
20001110,43874,PPFN',OTC,34.96839076,36.375,0,0,Peoples Finl Inc Pa,0,0,0
20001113,43874,PPFN',OTC,34.96839076,36.375,0,0,Peoples Finl Inc Pa,0,0,0
20001114,43874,PPFN',OTC,34.96839076,36.375,0,0,Peoples Finl Inc Pa,0,0,0
20001115,43874,PPFN',OTC,34.96839076,36.375,0,0,Peoples Finl Inc Pa,0,0,0
20001116,43874,PPFN',OTC,34.96839076,36.375,0,0,Peoples Finl Inc Pa,0,0,0
20001117,43874,PPFN',OTC,34.96839076,36.375,0,0,Peoples Finl Inc Pa,0,0,0
20001120,43874,PPFN',OTC,34.96839076,36.375,0,0,Peoples Finl Inc Pa,0,0,0
20001121,43874,PPFN',OTC,34.96839076,36.375,0,0,Peoples Finl Inc Pa,0,0,0
20001122,43874,PPFN',OTC,34.96839076,36.375,0,0,Peoples Finl Inc Pa,0,0,0
20001124,43874,PPFN',OTC,34.96839076,36.375,0,0,Peoples Finl Inc Pa,0,0,0
20001127,43874,PPFN',OTC,34.96839076,36.375,0,0,Peoples Finl Inc Pa,0,0,0
20001128,43874,PPFN',OTC,34.96839076,36.375,0,0,Peoples Finl Inc Pa,0,0,0
20001129,43874,PPFN',OTC,34.96839076,36.375,0,0,Peoples Finl Inc Pa,0,0,0
20001130,43874,PPFN',OTC,34.96839076,36.375,0,0,Peoples Finl Inc Pa,0,0,0
20001201,43874,PPFN',OTC,34.96839076,36.375,0,0,Peoples Finl Inc Pa,0,0,0
20001204,43874,PPFN',OTC,34.96839076,36.375,0,0,Peoples Finl Inc Pa,0,0,0
20001205,43874,PPFN',OTC,34.96839076,36.375,0,0,Peoples Finl Inc Pa,0,0,0
20001206,43874,PPFN',OTC,34.96839076,36.375,0,0,Peoples Finl Inc Pa,0,0,0
20001207,43874,PPFN',OTC,34.96839076,36.375,0,0,Peoples Finl Inc Pa,0,0,0
20001208,43874,PPFN',OTC,34.96839076,36.375,0,0,Peoples Finl Inc Pa,0,0,0
20001211,43874,PPFN',OTC,34.96839076,36.375,0,0,Peoples Finl Inc Pa,0,0,0
20001212,43874,PPFN',OTC,34.60789188,36,14,0,Peoples Finl Inc Pa,0,0,0
20001213,43874,PPFN',OTC,34.60789188,36,0,0,Peoples Finl Inc Pa,0,0,0
20001214,43874,PPFN',OTC,34.60789188,36,0,0,Peoples Finl Inc Pa,0,0,0
20001215,43874,PPFN',OTC,34.60789188,36,0,0,Peoples Finl Inc Pa,0,0,0
20001218,43874,PPFN',OTC,34.60789188,36,0,0,Peoples Finl Inc Pa,0,0,0
20001219,43874,PPFN',OTC,34.60789188,36,0,0,Peoples Finl Inc Pa,0,0,0
20001220,43874,PPFN',OTC,34.60789188,36,0,0,Peoples Finl Inc Pa,0,0,0
20001221,43874,PPFN',OTC,34.60789188,36,0,0,Peoples Finl Inc Pa,0,0,0
20001222,43874,PPFN',OTC,34.60789188,36,0,0,Peoples Finl Inc Pa,0,0,0
20001226,43874,PPFN',OTC,34.60789188,36,0,0,Peoples Finl Inc Pa,0,0,0
20001227,43874,PPFN',OTC,35.08855705,36.5,2,0,Peoples Finl Inc Pa,0,0,0
20001228,43874,PPFN',OTC,35.08855705,36.5,0,0,Peoples Finl Inc Pa,0,0,0
20001229,43874,PPFN',OTC,34.12722672,35.5,2,0,Peoples Finl Inc Pa,0,0,0
20010102,43874,PPFN',OTC,34.12722672,35.5,0,0,Peoples Finl Inc Pa,0,0,0
20010103,43874,PPFN',OTC,34.12722672,35.5,0,0,Peoples Finl Inc Pa,0,0,0
20010104,43874,PPFN',OTC,34.12722672,35.5,0,0,Peoples Finl Inc Pa,0,0,0
20010105,43874,PPFN',OTC,34.12722672,35.5,0,0,Peoples Finl Inc Pa,0,0,0
20010108,43874,PPFN',OTC,34.12722672,35.5,0,0,Peoples Finl Inc Pa,0,0,0
20010109,43874,PPFN',OTC,34.12722672,35.5,0,0,Peoples Finl Inc Pa,0,0,0
20010110,43874,PPFN',OTC,34.12722672,35.5,0,0,Peoples Finl Inc Pa,0,0,0
20010111,43874,PPFN',OTC,34.12722672,35.5,0,0,Peoples Finl Inc Pa,0,0,0
20010112,43874,PPFN',OTC,34.12722672,35.5,0,0,Peoples Finl Inc Pa,0,0,0
20010116,43874,PPFN',OTC,34.12722672,35.5,0,0,Peoples Finl Inc Pa,0,0,0
20010117,43874,PPFN',OTC,34.12722672,35.5,0,0,Peoples Finl Inc Pa,0,0,0
20010118,43874,PPFN',OTC,34.12722672,35.5,0,0,Peoples Finl Inc Pa,0,0,0
20010119,43874,PPFN',OTC,34.12722672,35.5,0,0,Peoples Finl Inc Pa,0,0,0
20010122,43874,PPFN',OTC,34.12722672,35.5,0,0,Peoples Finl Inc Pa,0,0,0
20010123,43874,PPFN',OTC,34.12722672,35.5,0,0,Peoples Finl Inc Pa,0,0,0
20010124,43874,PPFN',OTC,34.12722672,35.5,0,0,Peoples Finl Inc Pa,0,0,0
20010125,43874,PPFN',OTC,34.12722672,35.5,0,0,Peoples Finl Inc Pa,0,0,0
20010126,43874,PPFN',OTC,35.08855705,36.5,2,0,Peoples Finl Inc Pa,0,0,0
20010129,43874,PPFN',OTC,35.08855705,36.5,0,0,Peoples Finl Inc Pa,0,0,0
20010130,43874,PPFN',OTC,35.08855705,36.5,0,0,Peoples Finl Inc Pa,0,0,0
20010131,43874,PPFN',OTC,35.08855705,36.5,0,0,Peoples Finl Inc Pa,0,0,0
20010201,43874,PPFN',OTC,35.08855705,36.5,0,0,Peoples Finl Inc Pa,0,0,0
20010202,43874,PPFN',OTC,35.08855705,36.5,0,0,Peoples Finl Inc Pa,0,0,0
20010205,43874,PPFN',OTC,35.08855705,36.5,0,0,Peoples Finl Inc Pa,0,0,0
20010206,43874,PPFN',OTC,35.08855705,36.5,0,0,Peoples Finl Inc Pa,0,0,0
20010207,43874,PPFN',OTC,35.08855705,36.5,0,0,Peoples Finl Inc Pa,0,0,0
20010208,43874,PPFN',OTC,35.08855705,36.5,0,0,Peoples Finl Inc Pa,0,0,0
20010209,43874,PPFN',OTC,35.56922221,37,3,0,Peoples Finl Inc Pa,0,0,0
20010212,43874,PPFN',OTC,35.56922221,37,3,0,Peoples Finl Inc Pa,0,0,0
20010213,43874,PPFN',OTC,35.56922221,37,0,0,Peoples Finl Inc Pa,0,0,0
20010214,43874,PPFN',OTC,35.56922221,37,0,0,Peoples Finl Inc Pa,0,0,0
20010215,43874,PPFN',OTC,35.56922221,37,0,0,Peoples Finl Inc Pa,0,0,0
20010216,43874,PPFN',OTC,35.56922221,37,8,0,Peoples Finl Inc Pa,0,0,0
20010220,43874,PPFN',OTC,35.56922221,37,0,0,Peoples Finl Inc Pa,0,0,0
20010221,43874,PPFN',OTC,35.56922221,37,0,0,Peoples Finl Inc Pa,0,0,0
20010222,43874,PPFN',OTC,35.56922221,37,0,0,Peoples Finl Inc Pa,0,0,0
20010223,43874,PPFN',OTC,35.56922221,37,0,0,Peoples Finl Inc Pa,0,0,0
20010226,43874,PPFN',OTC,35.56922221,37,0,0,Peoples Finl Inc Pa,0,0,0
20010227,43874,PPFN',OTC,35.73340271,37,0,0,Peoples Finl Inc Pa,0,0,0
20010228,43874,PPFN',OTC,35.25051889,36.5,19,0,Peoples Finl Inc Pa,0,0,0
20010301,43874,PPFN',OTC,35.25051889,36.5,0,0,Peoples Finl Inc Pa,0,0,0
20010302,43874,PPFN',OTC,35.25051889,36.5,0,0,Peoples Finl Inc Pa,0,0,0
20010305,43874,PPFN',OTC,35.25051889,36.5,0,0,Peoples Finl Inc Pa,0,0,0
20010306,43874,PPFN',OTC,35.25051889,36.5,0,0,Peoples Finl Inc Pa,0,0,0
20010307,43874,PPFN',OTC,35.25051889,36.5,0,0,Peoples Finl Inc Pa,0,0,0
20010308,43874,PPFN',OTC,35.25051889,36.5,0,0,Peoples Finl Inc Pa,0,0,0
20010309,43874,PPFN',OTC,35.25051889,36.5,0,0,Peoples Finl Inc Pa,0,0,0
20010312,43874,PPFN',OTC,35.25051889,36.5,0,0,Peoples Finl Inc Pa,0,0,0
20010313,43874,PPFN',OTC,35.25051889,36.5,0,0,Peoples Finl Inc Pa,0,0,0
20010314,43874,PPFN',OTC,35.25051889,36.5,0,0,Peoples Finl Inc Pa,0,0,0
20010315,43874,PPFN',OTC,35.25051889,36.5,0,0,Peoples Finl Inc Pa,0,0,0
20010316,43874,PPFN',OTC,35.25051889,36.5,0,0,Peoples Finl Inc Pa,0,0,0
20010319,43874,PPFN',OTC,35.25051889,36.5,0,0,Peoples Finl Inc Pa,0,0,0
20010320,43874,PPFN',OTC,35.25051889,36.5,0,0,Peoples Finl Inc Pa,0,0,0
20010321,43874,PPFN',OTC,35.25051889,36.5,0,0,Peoples Finl Inc Pa,0,0,0
20010322,43874,PPFN',OTC,35.25051889,36.5,0,0,Peoples Finl Inc Pa,0,0,0
20010323,43874,PPFN',OTC,35.25051889,36.5,0,0,Peoples Finl Inc Pa,0,0,0
20010326,43874,PPFN',OTC,35.25051889,36.5,0,0,Peoples Finl Inc Pa,0,0,0
20010327,43874,PPFN',OTC,35.25051889,36.5,0,0,Peoples Finl Inc Pa,0,0,0
20010328,43874,PPFN',OTC,35.25051889,36.5,0,0,Peoples Finl Inc Pa,0,0,0
20010329,43874,PPFN',OTC,35.25051889,36.5,0,0,Peoples Finl Inc Pa,0,0,0
20010330,43874,PPFN',OTC,35.25051889,36.5,0,0,Peoples Finl Inc Pa,0,0,0
20010402,43874,PPFN',OTC,35.25051889,36.5,0,0,Peoples Finl Inc Pa,0,0,0
20010403,43874,PPFN',OTC,35.25051889,36.5,0,0,Peoples Finl Inc Pa,0,0,0
20010404,43874,PPFN',OTC,35.25051889,36.5,0,0,Peoples Finl Inc Pa,0,0,0
20010405,43874,PPFN',OTC,35.25051889,36.5,0,0,Peoples Finl Inc Pa,0,0,0
20010406,43874,PPFN',OTC,35.25051889,36.5,0,0,Peoples Finl Inc Pa,0,0,0
20010409,43874,PPFN',OTC,35.25051889,36.5,0,0,Peoples Finl Inc Pa,0,0,0
20010410,43874,PPFN',OTC,35.25051889,36.5,0,0,Peoples Finl Inc Pa,0,0,0
20010411,43874,PPFN',OTC,35.25051889,36.5,0,0,Peoples Finl Inc Pa,0,0,0
20010412,43874,PPFN',OTC,35.25051889,36.5,0,0,Peoples Finl Inc Pa,0,0,0
20010416,43874,PPFN',OTC,35.25051889,36.5,0,0,Peoples Finl Inc Pa,0,0,0
20010417,43874,PPFN',OTC,35.25051889,36.5,0,0,Peoples Finl Inc Pa,0,0,0
20010418,43874,PPFN',OTC,35.25051889,36.5,0,0,Peoples Finl Inc Pa,0,0,0
20010419,43874,PPFN',OTC,35.25051889,36.5,0,0,Peoples Finl Inc Pa,0,0,0
20010420,43874,PPFN',OTC,35.25051889,36.5,0,0,Peoples Finl Inc Pa,0,0,0
20010423,43874,PPFN',OTC,35.25051889,36.5,0,0,Peoples Finl Inc Pa,0,0,0
20010424,43874,PPFN',OTC,35.25051889,36.5,0,0,Peoples Finl Inc Pa,0,0,0
20010425,43874,PPFN',OTC,35.25051889,36.5,0,0,Peoples Finl Inc Pa,0,0,0
20010426,43874,PPFN',OTC,35.25051889,36.5,0,0,Peoples Finl Inc Pa,0,0,0
20010427,43874,PPFN',OTC,35.25051889,36.5,0,0,Peoples Finl Inc Pa,0,0,0
20010430,43874,PPFN',OTC,35.25051889,36.5,0,0,Peoples Finl Inc Pa,0,0,0
20010501,43874,PPFN',OTC,35.25051889,36.5,0,0,Peoples Finl Inc Pa,0,0,0
20010502,43874,PPFN',OTC,35.25051889,36.5,0,0,Peoples Finl Inc Pa,0,0,0
20010503,43874,PPFN',OTC,35.25051889,36.5,0,0,Peoples Finl Inc Pa,0,0,0
20010504,43874,PPFN',OTC,35.25051889,36.5,0,0,Peoples Finl Inc Pa,0,0,0
20010507,43874,PPFN',OTC,35.25051889,36.5,0,0,Peoples Finl Inc Pa,0,0,0
20010508,43874,PPFN',OTC,35.25051889,36.5,0,0,Peoples Finl Inc Pa,0,0,0
20010509,43874,PPFN',OTC,35.25051889,36.5,0,0,Peoples Finl Inc Pa,0,0,0
20010510,43874,PPFN',OTC,35.25051889,36.5,0,0,Peoples Finl Inc Pa,0,0,0
20010511,43874,PPFN',OTC,35.25051889,36.5,0,0,Peoples Finl Inc Pa,0,0,0
20010514,43874,PPFN',OTC,35.25051889,36.5,0,0,Peoples Finl Inc Pa,0,0,0
20010515,43874,PPFN',OTC,35.25051889,36.5,0,0,Peoples Finl Inc Pa,0,0,0
20010516,43874,PPFN',OTC,35.25051889,36.5,0,0,Peoples Finl Inc Pa,0,0,0
20010517,43874,PPFN',OTC,35.25051889,36.5,0,0,Peoples Finl Inc Pa,0,0,0
20010518,43874,PPFN',OTC,35.73340271,37,10,0,Peoples Finl Inc Pa,0,0,0
20010521,43874,PPFN',OTC,35.73340271,37,0,0,Peoples Finl Inc Pa,0,0,0
20010522,43874,PPFN',OTC,35.73340271,37,0,0,Peoples Finl Inc Pa,0,0,0
20010523,43874,PPFN',OTC,35.73340271,37,0,0,Peoples Finl Inc Pa,0,0,0
20010524,43874,PPFN',OTC,35.73340271,37,0,0,Peoples Finl Inc Pa,0,0,0
20010525,43874,PPFN',OTC,35.73340271,37,0,0,Peoples Finl Inc Pa,0,0,0
20010529,43874,PPFN',OTC,35.73340271,37,0,0,Peoples Finl Inc Pa,0,0,0
20010530,43874,PPFN',OTC,35.73340271,37,0,0,Peoples Finl Inc Pa,0,0,0
20010531,43874,PPFN',OTC,35.73340271,37,0,0,Peoples Finl Inc Pa,0,0,0
20010601,43874,PPFN',OTC,35.90809072,37,0,0,Peoples Finl Inc Pa,0,0,0
20010604,43874,PPFN',OTC,35.90809072,37,0,0,Peoples Finl Inc Pa,0,0,0
20010605,43874,PPFN',OTC,35.90809072,37,0,0,Peoples Finl Inc Pa,0,0,0
20010606,43874,PPFN',OTC,35.90809072,37,0,0,Peoples Finl Inc Pa,0,0,0
20010607,43874,PPFN',OTC,35.90809072,37,0,0,Peoples Finl Inc Pa,0,0,0
20010608,43874,PPFN',OTC,35.90809072,37,0,0,Peoples Finl Inc Pa,0,0,0
20010611,43874,PPFN',OTC,35.90809072,37,0,0,Peoples Finl Inc Pa,0,0,0
20010612,43874,PPFN',OTC,35.90809072,37,0,0,Peoples Finl Inc Pa,0,0,0
20010613,43874,PPFN',OTC,35.90809072,37,0,0,Peoples Finl Inc Pa,0,0,0
20010614,43874,PPFN',OTC,35.90809072,37,0,0,Peoples Finl Inc Pa,0,0,0
20010615,43874,PPFN',OTC,35.90809072,37,0,0,Peoples Finl Inc Pa,0,0,0
20010618,43874,PPFN',OTC,35.90809072,37,0,0,Peoples Finl Inc Pa,0,0,0
20010619,43874,PPFN',OTC,35.90809072,37,0,0,Peoples Finl Inc Pa,0,0,0
20010620,43874,PPFN',OTC,35.90809072,37,0,0,Peoples Finl Inc Pa,0,0,0
20010621,43874,PPFN',OTC,35.90809072,37,0,0,Peoples Finl Inc Pa,0,0,0
20010622,43874,PPFN',OTC,35.90809072,37,0,0,Peoples Finl Inc Pa,0,0,0
20010625,43874,PPFN',OTC,35.90809072,37,0,0,Peoples Finl Inc Pa,0,0,0
20010626,43874,PPFN',OTC,35.90809072,37,0,0,Peoples Finl Inc Pa,0,0,0
20010627,43874,PPFN',OTC,35.90809072,37,0,0,Peoples Finl Inc Pa,0,0,0
20010628,43874,PPFN',OTC,35.90809072,37,0,0,Peoples Finl Inc Pa,0,0,0
20010629,43874,PPFN',OTC,35.90809072,37,0,0,Peoples Finl Inc Pa,0,0,0
20010702,43874,PPFN',OTC,35.90809072,37,0,0,Peoples Finl Inc Pa,0,0,0
20010703,43874,PPFN',OTC,35.90809072,37,0,0,Peoples Finl Inc Pa,0,0,0
20010705,43874,PPFN',OTC,35.90809072,37,0,0,Peoples Finl Inc Pa,0,0,0
20010706,43874,PPFN',OTC,35.90809072,37,0,0,Peoples Finl Inc Pa,0,0,0
20010709,43874,PPFN',OTC,35.90809072,37,0,0,Peoples Finl Inc Pa,0,0,0
20010710,43874,PPFN',OTC,35.90809072,37,0,0,Peoples Finl Inc Pa,0,0,0
20010711,43874,PPFN',OTC,35.90809072,37,0,0,Peoples Finl Inc Pa,0,0,0
20010712,43874,PPFN',OTC,35.90809072,37,0,0,Peoples Finl Inc Pa,0,0,0
20010713,43874,PPFN',OTC,35.90809072,37,0,0,Peoples Finl Inc Pa,0,0,0
20010716,43874,PPFN',OTC,35.90809072,37,0,0,Peoples Finl Inc Pa,0,0,0
20010717,43874,PPFN',OTC,35.90809072,37,0,0,Peoples Finl Inc Pa,0,0,0
20010718,43874,PPFN',OTC,35.90809072,37,0,0,Peoples Finl Inc Pa,0,0,0
20010719,43874,PPFN',OTC,35.90809072,37,0,0,Peoples Finl Inc Pa,0,0,0
20010720,43874,PPFN',OTC,35.90809072,37,0,0,Peoples Finl Inc Pa,0,0,0
20010723,43874,PPFN',OTC,35.90809072,37,0,0,Peoples Finl Inc Pa,0,0,0
20010724,43874,PPFN',OTC,35.90809072,37,0,0,Peoples Finl Inc Pa,0,0,0
20010725,43874,PPFN',OTC,35.90809072,37,0,0,Peoples Finl Inc Pa,0,0,0
20010726,43874,PPFN',OTC,35.90809072,37,0,0,Peoples Finl Inc Pa,0,0,0
20010727,43874,PPFN',OTC,35.90809072,37,0,0,Peoples Finl Inc Pa,0,0,0
20010730,43874,PPFN',OTC,35.90809072,37,0,0,Peoples Finl Inc Pa,0,0,0
20010731,43874,PPFN',OTC,35.90809072,37,0,0,Peoples Finl Inc Pa,0,0,0
20010801,43874,PPFN',OTC,35.90809072,37,0,0,Peoples Finl Inc Pa,0,0,0
20010802,43874,PPFN',OTC,35.90809072,37,0,0,Peoples Finl Inc Pa,0,0,0
20010803,43874,PPFN',OTC,35.90809072,37,0,0,Peoples Finl Inc Pa,0,0,0
20010806,43874,PPFN',OTC,35.90809072,37,0,0,Peoples Finl Inc Pa,0,0,0
20010807,43874,PPFN',OTC,35.90809072,37,0,0,Peoples Finl Inc Pa,0,0,0
20010808,43874,PPFN',OTC,35.90809072,37,0,0,Peoples Finl Inc Pa,0,0,0
20010809,43874,PPFN',OTC,35.90809072,37,0,0,Peoples Finl Inc Pa,0,0,0
20010810,43874,PPFN',OTC,35.90809072,37,0,0,Peoples Finl Inc Pa,0,0,0
20010813,43874,PPFN',OTC,35.90809072,37,0,0,Peoples Finl Inc Pa,0,0,0
20010814,43874,PPFN',OTC,35.90809072,37,0,0,Peoples Finl Inc Pa,0,0,0
20010815,43874,PPFN',OTC,35.90809072,37,0,0,Peoples Finl Inc Pa,0,0,0
20010816,43874,PPFN',OTC,35.90809072,37,0,0,Peoples Finl Inc Pa,0,0,0
20010817,43874,PPFN',OTC,35.90809072,37,0,0,Peoples Finl Inc Pa,0,0,0
20010820,43874,PPFN',OTC,35.90809072,37,0,0,Peoples Finl Inc Pa,0,0,0
20010821,43874,PPFN',OTC,35.90809072,37,1,0,Peoples Finl Inc Pa,0,0,0
20010822,43874,PPFN',OTC,35.90809072,37,0,0,Peoples Finl Inc Pa,0,0,0
20010823,43874,PPFN',OTC,35.90809072,37,0,0,Peoples Finl Inc Pa,0,0,0
20010824,43874,PPFN',OTC,35.90809072,37,0,0,Peoples Finl Inc Pa,0,0,0
20010827,43874,PPFN',OTC,35.90809072,37,0,0,Peoples Finl Inc Pa,0,0,0
20010828,43874,PPFN',OTC,35.90809072,37,1,0,Peoples Finl Inc Pa,0,0,0
20010829,43874,PPFN',OTC,35.90809072,37,0,0,Peoples Finl Inc Pa,0,0,0
20010830,43874,PPFN',OTC,35.90809072,37,0,0,Peoples Finl Inc Pa,0,0,0
20010831,43874,PPFN',OTC,35.90809072,37,0,0,Peoples Finl Inc Pa,0,0,0
20010904,43874,PPFN',OTC,35.90809072,37,0,0,Peoples Finl Inc Pa,0,0,0
20010905,43874,PPFN',OTC,35.90809072,37,0,0,Peoples Finl Inc Pa,0,0,0
20010906,43874,PPFN',OTC,35.90809072,37,0,0,Peoples Finl Inc Pa,0,0,0
20010907,43874,PPFN',OTC,35.90809072,37,0,0,Peoples Finl Inc Pa,0,0,0
20010910,43874,PPFN',OTC,35.90809072,37,0,0,Peoples Finl Inc Pa,0,0,0
20010917,43874,PPFN',OTC,35.90809072,37,0,0,Peoples Finl Inc Pa,0,0,0
20010918,43874,PPFN',OTC,35.90809072,37,0,0,Peoples Finl Inc Pa,0,0,0
20010919,43874,PPFN',OTC,35.90809072,37,0,0,Peoples Finl Inc Pa,0,0,0
20010920,43874,PPFN',OTC,35.90809072,37,0,0,Peoples Finl Inc Pa,0,0,0
20010921,43874,PPFN',OTC,35.90809072,37,0,0,Peoples Finl Inc Pa,0,0,0
20010924,43874,PPFN',OTC,35.90809072,37,0,0,Peoples Finl Inc Pa,0,0,0
20010925,43874,PPFN',OTC,35.90809072,37,0,0,Peoples Finl Inc Pa,0,0,0
20010926,43874,PPFN',OTC,35.90809072,37,0,0,Peoples Finl Inc Pa,0,0,0
20010927,43874,PPFN',OTC,35.90809072,37,0,0,Peoples Finl Inc Pa,0,0,0
20010928,43874,PPFN',OTC,36.10324339,37,0,0,Peoples Finl Inc Pa,0,0,0
20011001,43874,PPFN',OTC,36.10324339,37,0,0,Peoples Finl Inc Pa,0,0,0
20011002,43874,PPFN',OTC,36.10324339,37,0,0,Peoples Finl Inc Pa,0,0,0
20011003,43874,PPFN',OTC,36.10324339,37,0,0,Peoples Finl Inc Pa,0,0,0
20011004,43874,PPFN',OTC,36.10324339,37,0,0,Peoples Finl Inc Pa,0,0,0
20011005,43874,PPFN',OTC,36.10324339,37,0,0,Peoples Finl Inc Pa,0,0,0
20011008,43874,PPFN',OTC,36.10324339,37,0,0,Peoples Finl Inc Pa,0,0,0
20011009,43874,PPFN',OTC,36.10324339,37,0,0,Peoples Finl Inc Pa,0,0,0
20011010,43874,PPFN',OTC,36.10324339,37,0,0,Peoples Finl Inc Pa,0,0,0
20011011,43874,PPFN',OTC,36.10324339,37,0,0,Peoples Finl Inc Pa,0,0,0
20011012,43874,PPFN',OTC,36.10324339,37,0,0,Peoples Finl Inc Pa,0,0,0
20011015,43874,PPFN',OTC,36.10324339,37,0,0,Peoples Finl Inc Pa,0,0,0
20011016,43874,PPFN',OTC,31.61473205,32.4,18,0,Peoples Finl Inc Pa,0,0,0
20011017,43874,PPFN',OTC,31.61473205,32.4,0,0,Peoples Finl Inc Pa,0,0,0
20011018,43874,PPFN',OTC,35.61536172,36.5,9,0,Peoples Finl Inc Pa,0,0,0
20011019,43874,PPFN',OTC,35.61536172,36.5,0,0,Peoples Finl Inc Pa,0,0,0
20011022,43874,PPFN',OTC,35.61536172,36.5,0,0,Peoples Finl Inc Pa,0,0,0
20011023,43874,PPFN',OTC,35.61536172,36.5,0,0,Peoples Finl Inc Pa,0,0,0
20011024,43874,PPFN',OTC,35.61536172,36.5,0,0,Peoples Finl Inc Pa,0,0,0
20011025,43874,PPFN',OTC,35.61536172,36.5,0,0,Peoples Finl Inc Pa,0,0,0
20011026,43874,PPFN',OTC,35.61536172,36.5,0,0,Peoples Finl Inc Pa,0,0,0
20011029,43874,PPFN',OTC,35.61536172,36.5,0,0,Peoples Finl Inc Pa,0,0,0
20011030,43874,PPFN',OTC,35.61536172,36.5,0,0,Peoples Finl Inc Pa,0,0,0
20011031,43874,PPFN',OTC,35.61536172,36.5,0,0,Peoples Finl Inc Pa,0,0,0
20011101,43874,PPFN',OTC,35.61536172,36.5,0,0,Peoples Finl Inc Pa,0,0,0
20011102,43874,PPFN',OTC,35.61536172,36.5,0,0,Peoples Finl Inc Pa,0,0,0
20011105,43874,PPFN',OTC,35.61536172,36.5,0,0,Peoples Finl Inc Pa,0,0,0
20011106,43874,PPFN',OTC,35.61536172,36.5,0,0,Peoples Finl Inc Pa,0,0,0
20011107,43874,PPFN',OTC,35.61536172,36.5,0,0,Peoples Finl Inc Pa,0,0,0
20011108,43874,PPFN',OTC,39.27447422,40.25,14,0,Peoples Finl Inc Pa,0,0,0
20011109,43874,PPFN',OTC,41.22600089,42.25,1,0,Peoples Finl Inc Pa,0,0,0
20011112,43874,PPFN',OTC,41.22600089,42.25,0,0,Peoples Finl Inc Pa,0,0,0
20011113,43874,PPFN',OTC,41.22600089,42.25,0,0,Peoples Finl Inc Pa,0,0,0
20011114,43874,PPFN',OTC,41.22600089,42.25,0,0,Peoples Finl Inc Pa,0,0,0
20011115,43874,PPFN',OTC,41.22600089,42.25,0,0,Peoples Finl Inc Pa,0,0,0
20011116,43874,PPFN',OTC,41.22600089,42.25,0,0,Peoples Finl Inc Pa,0,0,0
20011119,43874,PPFN',OTC,41.22600089,42.25,0,0,Peoples Finl Inc Pa,0,0,0
20011120,43874,PPFN',OTC,41.22600089,42.25,0,0,Peoples Finl Inc Pa,0,0,0
20011121,43874,PPFN',OTC,41.22600089,42.25,0,0,Peoples Finl Inc Pa,0,0,0
20011123,43874,PPFN',OTC,41.22600089,42.25,0,0,Peoples Finl Inc Pa,0,0,0
20011126,43874,PPFN',OTC,38.93295706,39.9,6,0,Peoples Finl Inc Pa,0,0,0
20011127,43874,PPFN',OTC,38.93295706,39.9,0,0,Peoples Finl Inc Pa,0,0,0
20011128,43874,PPFN',OTC,38.93295706,39.9,0,0,Peoples Finl Inc Pa,0,0,0
20011129,43874,PPFN',OTC,38.93295706,39.9,0,0,Peoples Finl Inc Pa,0,0,0
20011130,43874,PPFN',OTC,38.93295706,39.9,0,0,Peoples Finl Inc Pa,0,0,0
20011203,43874,PPFN',OTC,38.93295706,39.9,0,0,Peoples Finl Inc Pa,0,0,0
20011204,43874,PPFN',OTC,39.32721485,39.9,0,0,Peoples Finl Inc Pa,0,0,0
20011205,43874,PPFN',OTC,39.32721485,39.9,0,0,Peoples Finl Inc Pa,0,0,0
20011206,43874,PPFN',OTC,39.32721485,39.9,0,0,Peoples Finl Inc Pa,0,0,0
20011207,43874,PPFN',OTC,39.32721485,39.9,0,0,Peoples Finl Inc Pa,0,0,0
20011210,43874,PPFN',OTC,39.32721485,39.9,0,0,Peoples Finl Inc Pa,0,0,0
20011211,43874,PPFN',OTC,39.32721485,39.9,0,0,Peoples Finl Inc Pa,0,0,0
20011212,43874,PPFN',OTC,39.32721485,39.9,0,0,Peoples Finl Inc Pa,0,0,0
20011213,43874,PPFN',OTC,39.32721485,39.9,0,0,Peoples Finl Inc Pa,0,0,0
20011214,43874,PPFN',OTC,39.32721485,39.9,0,0,Peoples Finl Inc Pa,0,0,0
20011217,43874,PPFN',OTC,39.32721485,39.9,0,0,Peoples Finl Inc Pa,0,0,0
20011218,43874,PPFN',OTC,39.32721485,39.9,0,0,Peoples Finl Inc Pa,0,0,0
20011219,43874,PPFN',OTC,39.32721485,39.9,0,0,Peoples Finl Inc Pa,0,0,0
20011220,43874,PPFN',OTC,39.32721485,39.9,0,0,Peoples Finl Inc Pa,0,0,0
20011221,43874,PPFN',OTC,39.32721485,39.9,0,0,Peoples Finl Inc Pa,0,0,0
20011224,43874,PPFN',OTC,39.32721485,39.9,0,0,Peoples Finl Inc Pa,0,0,0
20011226,43874,PPFN',OTC,39.32721485,39.9,0,0,Peoples Finl Inc Pa,0,0,0
20011227,43874,PPFN',OTC,39.32721485,39.9,0,0,Peoples Finl Inc Pa,0,0,0
20011228,43874,PPFN',OTC,39.32721485,39.9,0,0,Peoples Finl Inc Pa,0,0,0
20011231,43874,PPFN',OTC,39.4257793,40,3,0,Peoples Finl Inc Pa,0,0,0
20020102,43874,PPFN',OTC,39.4257793,40,0,0,Peoples Finl Inc Pa,0,0,0
20020103,43874,PPFN',OTC,39.4257793,40,0,0,Peoples Finl Inc Pa,0,0,0
20020104,43874,PPFN',OTC,39.4257793,40,0,0,Peoples Finl Inc Pa,0,0,0
20020107,43874,PPFN',OTC,39.4257793,40,0,0,Peoples Finl Inc Pa,0,0,0
20020108,43874,PPFN',OTC,39.4257793,40,0,0,Peoples Finl Inc Pa,0,0,0
20020109,43874,PPFN',OTC,39.4257793,40,0,0,Peoples Finl Inc Pa,0,0,0
20020110,43874,PPFN',OTC,39.4257793,40,0,0,Peoples Finl Inc Pa,0,0,0
20020111,43874,PPFN',OTC,39.4257793,40,0,0,Peoples Finl Inc Pa,0,0,0
20020114,43874,PPFN',OTC,39.4257793,40,0,0,Peoples Finl Inc Pa,0,0,0
20020115,43874,PPFN',OTC,39.4257793,40,0,0,Peoples Finl Inc Pa,0,0,0
20020116,43874,PPFN',OTC,39.4257793,40,0,0,Peoples Finl Inc Pa,0,0,0
20020117,43874,PPFN',OTC,39.4257793,40,0,0,Peoples Finl Inc Pa,0,0,0
20020118,43874,PPFN',OTC,39.4257793,40,0,0,Peoples Finl Inc Pa,0,0,0
20020122,43874,PPFN',OTC,39.4257793,40,0,0,Peoples Finl Inc Pa,0,0,0
20020123,43874,PPFN',OTC,39.4257793,40,0,0,Peoples Finl Inc Pa,0,0,0
20020124,43874,PPFN',OTC,39.4257793,40,0,0,Peoples Finl Inc Pa,0,0,0
20020125,43874,PPFN',OTC,39.4257793,40,0,0,Peoples Finl Inc Pa,0,0,0
20020128,43874,PPFN',OTC,39.4257793,40,0,0,Peoples Finl Inc Pa,0,0,0
20020129,43874,PPFN',OTC,39.4257793,40,0,0,Peoples Finl Inc Pa,0,0,0
20020130,43874,PPFN',OTC,39.4257793,40,0,0,Peoples Finl Inc Pa,0,0,0
20020131,43874,PPFN',OTC,39.4257793,40,0,0,Peoples Finl Inc Pa,0,0,0
20020201,43874,PPFN',OTC,36.46884585,37,25,0,Peoples Finl Inc Pa,0,0,0
20020204,43874,PPFN',OTC,36.46884585,37,0,0,Peoples Finl Inc Pa,0,0,0
20020205,43874,PPFN',OTC,36.46884585,37,0,0,Peoples Finl Inc Pa,0,0,0
20020206,43874,PPFN',OTC,36.46884585,37,0,0,Peoples Finl Inc Pa,0,0,0
20020207,43874,PPFN',OTC,36.46884585,37,0,0,Peoples Finl Inc Pa,0,0,0
20020208,43874,PPFN',OTC,36.46884585,37,0,0,Peoples Finl Inc Pa,0,0,0
20020211,43874,PPFN',OTC,36.46884585,37,0,0,Peoples Finl Inc Pa,0,0,0
20020212,43874,PPFN',OTC,36.46884585,37,0,0,Peoples Finl Inc Pa,0,0,0
20020213,43874,PPFN',OTC,36.46884585,37,0,0,Peoples Finl Inc Pa,0,0,0
20020214,43874,PPFN',OTC,36.46884585,37,0,0,Peoples Finl Inc Pa,0,0,0
20020215,43874,PPFN',OTC,36.46884585,37,0,0,Peoples Finl Inc Pa,0,0,0
20020219,43874,PPFN',OTC,36.46884585,37,0,0,Peoples Finl Inc Pa,0,0,0
20020220,43874,PPFN',OTC,36.46884585,37,0,0,Peoples Finl Inc Pa,0,0,0
20020221,43874,PPFN',OTC,36.46884585,37,0,0,Peoples Finl Inc Pa,0,0,0
20020222,43874,PPFN',OTC,36.46884585,37,0,0,Peoples Finl Inc Pa,0,0,0
20020225,43874,PPFN',OTC,36.46884585,37,0,0,Peoples Finl Inc Pa,0,0,0
20020226,43874,PPFN',OTC,36.46884585,37,0,0,Peoples Finl Inc Pa,0,0,0
20020227,43874,PPFN',OTC,36.46884585,37,0,0,Peoples Finl Inc Pa,0,0,0
20020228,43874,PPFN',OTC,36.46884585,37,0,0,Peoples Finl Inc Pa,0,0,0
20020301,43874,PPFN',OTC,36.46884585,37,0,0,Peoples Finl Inc Pa,0,0,0
20020304,43874,PPFN',OTC,36.46884585,37,0,0,Peoples Finl Inc Pa,0,0,0
20020305,43874,PPFN',OTC,37.18275474,37.5,5,0,Peoples Finl Inc Pa,0,0,0
20020306,43874,PPFN',OTC,37.92640984,38.25,5,0,Peoples Finl Inc Pa,0,0,0
20020307,43874,PPFN',OTC,37.92640984,38.25,0,0,Peoples Finl Inc Pa,0,0,0
20020308,43874,PPFN',OTC,37.92640984,38.25,0,0,Peoples Finl Inc Pa,0,0,0
20020311,43874,PPFN',OTC,37.92640984,38.25,0,0,Peoples Finl Inc Pa,0,0,0
20020312,43874,PPFN',OTC,37.92640984,38.25,0,0,Peoples Finl Inc Pa,0,0,0
20020313,43874,PPFN',OTC,37.92640984,38.25,0,0,Peoples Finl Inc Pa,0,0,0
20020314,43874,PPFN',OTC,37.92640984,38.25,0,0,Peoples Finl Inc Pa,0,0,0
20020315,43874,PPFN',OTC,37.92640984,38.25,0,0,Peoples Finl Inc Pa,0,0,0
20020318,43874,PPFN',OTC,37.92640984,38.25,0,0,Peoples Finl Inc Pa,0,0,0
20020319,43874,PPFN',OTC,37.92640984,38.25,0,0,Peoples Finl Inc Pa,0,0,0
20020320,43874,PPFN',OTC,37.92640984,38.25,0,0,Peoples Finl Inc Pa,0,0,0
20020321,43874,PPFN',OTC,37.92640984,38.25,0,0,Peoples Finl Inc Pa,0,0,0
20020322,43874,PPFN',OTC,37.92640984,38.25,0,0,Peoples Finl Inc Pa,0,0,0
20020325,43874,PPFN',OTC,37.92640984,38.25,0,0,Peoples Finl Inc Pa,0,0,0
20020326,43874,PPFN',OTC,50.32066142,50.75,2,0,Peoples Finl Inc Pa,0,0,0
20020327,43874,PPFN',OTC,50.32066142,50.75,0,0,Peoples Finl Inc Pa,0,0,0
20020328,43874,PPFN',OTC,50.32066142,50.75,0,0,Peoples Finl Inc Pa,0,0,0
20020401,43874,PPFN',OTC,50.32066142,50.75,0,0,Peoples Finl Inc Pa,0,0,0
20020402,43874,PPFN',OTC,50.32066142,50.75,0,0,Peoples Finl Inc Pa,0,0,0
20020403,43874,PPFN',OTC,50.32066142,50.75,0,0,Peoples Finl Inc Pa,0,0,0
20020404,43874,PPFN',OTC,50.32066142,50.75,0,0,Peoples Finl Inc Pa,0,0,0
20020405,43874,PPFN',OTC,50.32066142,50.75,0,0,Peoples Finl Inc Pa,0,0,0
20020408,43874,PPFN',OTC,50.32066142,50.75,0,0,Peoples Finl Inc Pa,0,0,0
20020409,43874,PPFN',OTC,50.32066142,50.75,0,0,Peoples Finl Inc Pa,0,0,0
20020410,43874,PPFN',OTC,50.32066142,50.75,0,0,Peoples Finl Inc Pa,0,0,0
20020411,43874,PPFN',OTC,50.46939244,50.9,22,0,Peoples Finl Inc Pa,0,0,0
20020412,43874,PPFN',OTC,50.46939244,50.9,0,0,Peoples Finl Inc Pa,0,0,0
20020415,43874,PPFN',OTC,50.46939244,50.9,0,0,Peoples Finl Inc Pa,0,0,0
20020416,43874,PPFN',OTC,50.46939244,50.9,0,0,Peoples Finl Inc Pa,0,0,0
20020417,43874,PPFN',OTC,50.46939244,50.9,0,0,Peoples Finl Inc Pa,0,0,0
20020418,43874,PPFN',OTC,50.46939244,50.9,0,0,Peoples Finl Inc Pa,0,0,0
20020419,43874,PPFN',OTC,50.46939244,50.9,0,0,Peoples Finl Inc Pa,0,0,0
20020422,43874,PPFN',OTC,50.46939244,50.9,0,0,Peoples Finl Inc Pa,0,0,0
20020423,43874,PPFN',OTC,50.46939244,50.9,0,0,Peoples Finl Inc Pa,0,0,0
20020424,43874,PPFN',OTC,50.46939244,50.9,0,0,Peoples Finl Inc Pa,0,0,0
20020425,43874,PPFN',OTC,50.46939244,50.9,0,0,Peoples Finl Inc Pa,0,0,0
20020426,43874,PPFN',OTC,50.46939244,50.9,0,0,Peoples Finl Inc Pa,0,0,0
20020429,43874,PPFN',OTC,50.46939244,50.9,0,0,Peoples Finl Inc Pa,0,0,0
20020430,43874,PPFN',OTC,50.46939244,50.9,0,0,Peoples Finl Inc Pa,0,0,0
20020501,43874,PPFN',OTC,50.46939244,50.9,0,0,Peoples Finl Inc Pa,0,0,0
20020502,43874,PPFN',OTC,50.46939244,50.9,0,0,Peoples Finl Inc Pa,0,0,0
20020503,43874,PPFN',OTC,50.46939244,50.9,0,0,Peoples Finl Inc Pa,0,0,0
20020506,43874,PPFN',OTC,50.46939244,50.9,0,0,Peoples Finl Inc Pa,0,0,0
20020507,43874,PPFN',OTC,50.46939244,50.9,0,0,Peoples Finl Inc Pa,0,0,0
20020508,43874,PPFN',OTC,50.46939244,50.9,0,0,Peoples Finl Inc Pa,0,0,0
20020509,43874,PPFN',OTC,50.46939244,50.9,0,0,Peoples Finl Inc Pa,0,0,0
20020510,43874,PPFN',OTC,50.46939244,50.9,0,0,Peoples Finl Inc Pa,0,0,0
20020513,43874,PPFN',OTC,50.46939244,50.9,0,0,Peoples Finl Inc Pa,0,0,0
20020514,43874,PPFN',OTC,50.46939244,50.9,0,0,Peoples Finl Inc Pa,0,0,0
20020515,43874,PPFN',OTC,50.46939244,50.9,0,0,Peoples Finl Inc Pa,0,0,0
20020516,43874,PPFN',OTC,50.46939244,50.9,0,0,Peoples Finl Inc Pa,0,0,0
20020517,43874,PPFN',OTC,50.46939244,50.9,0,0,Peoples Finl Inc Pa,0,0,0
20020520,43874,PPFN',OTC,50.46939244,50.9,0,0,Peoples Finl Inc Pa,0,0,0
20020521,43874,PPFN',OTC,51.26262454,51.7,20,0,Peoples Finl Inc Pa,0,0,0
20020522,43874,PPFN',OTC,51.26262454,51.7,0,0,Peoples Finl Inc Pa,0,0,0
20020523,43874,PPFN',OTC,51.26262454,51.7,0,0,Peoples Finl Inc Pa,0,0,0
20020524,43874,PPFN',OTC,51.26262454,51.7,0,0,Peoples Finl Inc Pa,0,0,0
20020528,43874,PPFN',OTC,51.26262454,51.7,0,0,Peoples Finl Inc Pa,0,0,0
20020529,43874,PPFN',OTC,51.26262454,51.7,0,0,Peoples Finl Inc Pa,0,0,0
20020530,43874,PPFN',OTC,51.26262454,51.7,0,0,Peoples Finl Inc Pa,0,0,0
20020531,43874,PPFN',OTC,51.46093256,51.9,20,0,Peoples Finl Inc Pa,0,0,0
20020603,43874,PPFN',OTC,51.46093256,51.9,0,0,Peoples Finl Inc Pa,0,0,0
20020604,43874,PPFN',OTC,51.46093256,51.9,0,0,Peoples Finl Inc Pa,0,0,0
20020605,43874,PPFN',OTC,51.46093256,51.9,0,0,Peoples Finl Inc Pa,0,0,0
20020606,43874,PPFN',OTC,51.68,51.9,0,0,Peoples Finl Inc Pa,0,0,0
20020607,43874,PPFN',OTC,51.68,51.9,0,0,Peoples Finl Inc Pa,0,0,0
20020610,43874,PPFN',OTC,51.68,51.9,0,0,Peoples Finl Inc Pa,0,0,0
20020611,43874,PPFN',OTC,51.68,51.9,0,0,Peoples Finl Inc Pa,0,0,0
20020612,43874,PPFN',OTC,51.68,51.9,0,0,Peoples Finl Inc Pa,0,0,0
20020613,43874,PPFN',OTC,51.68,51.9,0,0,Peoples Finl Inc Pa,0,0,0
20020614,43874,PPFN',OTC,51.68,51.9,0,0,Peoples Finl Inc Pa,0,0,0
20020617,43874,PPFN',OTC,51.68,51.9,0,0,Peoples Finl Inc Pa,0,0,0
20020618,43874,PPFN',OTC,51.68,51.9,0,0,Peoples Finl Inc Pa,0,0,0
20020619,43874,PPFN',OTC,51.68,51.9,0,0,Peoples Finl Inc Pa,0,0,0
20020620,43874,PPFN',OTC,51.58042389,51.8,10,0,Peoples Finl Inc Pa,0,0,0
20020621,43874,PPFN',OTC,51.58042389,51.8,0,0,Peoples Finl Inc Pa,0,0,0
20020624,43874,PPFN',OTC,51.58042389,51.8,0,0,Peoples Finl Inc Pa,0,0,0
20020625,43874,PPFN',OTC,51.58042389,51.8,0,0,Peoples Finl Inc Pa,0,0,0
20020626,43874,PPFN',OTC,51.58042389,51.8,0,0,Peoples Finl Inc Pa,0,0,0
20020627,43874,PPFN',OTC,51.58042389,51.8,0,0,Peoples Finl Inc Pa,0,0,0
20020628,43874,PPFN',OTC,51.58042389,51.8,0,0,Peoples Finl Inc Pa,0,0,0
20020701,43874,PPFN',OTC,51.58042389,51.8,0,0,Peoples Finl Inc Pa,0,0,0
20020702,43874,PPFN',OTC,51.58042389,51.8,6,0,Peoples Finl Inc Pa,0,0,0
20020703,43874,PPFN',OTC,51.58042389,51.8,0,0,Peoples Finl Inc Pa,0,0,0
20020705,43874,PPFN',OTC,51.58042389,51.8,0,0,Peoples Finl Inc Pa,0,0,0
20020708,43874,PPFN',OTC,51.58042389,51.8,6,0,Peoples Finl Inc Pa,0,0,0
20020709,43874,PPFN',OTC,51.58042389,51.8,0,0,Peoples Finl Inc Pa,0,0,0
20020710,43874,PPFN',OTC,51.58042389,51.8,0,0,Peoples Finl Inc Pa,0,0,0
20020711,43874,PPFN',OTC,51.58042389,51.8,0,0,Peoples Finl Inc Pa,0,0,0
20020712,43874,PPFN',OTC,51.58042389,51.8,0,0,Peoples Finl Inc Pa,0,0,0
20020715,43874,PPFN',OTC,51.58042389,51.8,0,0,Peoples Finl Inc Pa,0,0,0
20020716,43874,PPFN',OTC,51.58042389,51.8,0,0,Peoples Finl Inc Pa,0,0,0
20020717,43874,PPFN',OTC,51.58042389,51.8,0,0,Peoples Finl Inc Pa,0,0,0
20020718,43874,PPFN',OTC,51.58042389,51.8,0,0,Peoples Finl Inc Pa,0,0,0
20020719,43874,PPFN',OTC,51.58042389,51.8,0,0,Peoples Finl Inc Pa,0,0,0
20020722,43874,PPFN',OTC,51.58042389,51.8,0,0,Peoples Finl Inc Pa,0,0,0
20020723,43874,PPFN',OTC,51.58042389,51.8,0,0,Peoples Finl Inc Pa,0,0,0
20020724,43874,PPFN',OTC,51.58042389,51.8,0,0,Peoples Finl Inc Pa,0,0,0
20020725,43874,PPFN',OTC,51.58042389,51.8,0,0,Peoples Finl Inc Pa,0,0,0
20020726,43874,PPFN',OTC,51.58042389,51.8,0,0,Peoples Finl Inc Pa,0,0,0
20020729,43874,PPFN',OTC,51.58042389,51.8,0,0,Peoples Finl Inc Pa,0,0,0
20020730,43874,PPFN',OTC,51.68,51.9,25,0,Peoples Finl Inc Pa,0,0,0
20020731,43874,PPFN',OTC,51.68,51.9,0,0,Peoples Finl Inc Pa,0,0,0
20020801,43874,PPFN',OTC,51.68,51.9,0,0,Peoples Finl Inc Pa,0,0,0
20020802,43874,PPFN',OTC,51.68,51.9,0,0,Peoples Finl Inc Pa,0,0,0
20020805,43874,PPFN',OTC,51.68,51.9,0,0,Peoples Finl Inc Pa,0,0,0
20020806,43874,PPFN',OTC,51.68,51.9,0,0,Peoples Finl Inc Pa,0,0,0
20020807,43874,PPFN',OTC,51.68,51.9,0,0,Peoples Finl Inc Pa,0,0,0
20020808,43874,PPFN',OTC,51.68,51.9,0,0,Peoples Finl Inc Pa,0,0,0
20020809,43874,PPFN',OTC,51.68,51.9,0,0,Peoples Finl Inc Pa,0,0,0
20020812,43874,PPFN',OTC,51.68,51.9,0,0,Peoples Finl Inc Pa,0,0,0
20020813,43874,PPFN',OTC,51.68,51.9,0,0,Peoples Finl Inc Pa,0,0,0
20020814,43874,PPFN',OTC,51.68,51.9,0,0,Peoples Finl Inc Pa,0,0,0
20020815,43874,PPFN',OTC,51.68,51.9,0,0,Peoples Finl Inc Pa,0,0,0
20020816,43874,PPFN',OTC,51.68,51.9,0,0,Peoples Finl Inc Pa,0,0,0
20020819,43874,PPFN',OTC,51.68,51.9,0,0,Peoples Finl Inc Pa,0,0,0
20020820,43874,PPFN',OTC,51.68,51.9,0,0,Peoples Finl Inc Pa,0,0,0
20020821,43874,PPFN',OTC,51.68,51.9,0,0,Peoples Finl Inc Pa,0,0,0
20020822,43874,PPFN',OTC,51.68,51.9,0,0,Peoples Finl Inc Pa,0,0,0
20020823,43874,PPFN',OTC,51.68,51.9,0,0,Peoples Finl Inc Pa,0,0,0
20020826,43874,PPFN',OTC,51.68,51.9,0,0,Peoples Finl Inc Pa,0,0,0
20020827,43874,PPFN',OTC,51.68,51.9,0,0,Peoples Finl Inc Pa,0,0,0
20020828,43874,PPFN',OTC,51.68,51.9,0,0,Peoples Finl Inc Pa,0,0,0
20020829,43874,PPFN',OTC,51.9,51.9,0,0,Peoples Finl Inc Pa,0,0,0
20020830,43874,PPFN',OTC,51.9,51.9,0,0,Peoples Finl Inc Pa,0,0,0
20020903,43874,PPFN',OTC,51.9,51.9,0,0,Peoples Finl Inc Pa,0,0,0
20020904,43874,PPFN',OTC,51.9,51.9,62,0,Peoples Finl Inc Pa,0,0,0
20020905,43874,PPFN',OTC,51.91,51.91,128,0,Peoples Finl Inc Pa,0,0,0
20020906,43874,PPFN',OTC,51.91,51.91,0,0,Peoples Finl Inc Pa,0,0,0
20020909,43874,PPFN',OTC,51.91,51.91,0,0,Peoples Finl Inc Pa,0,0,0
20020910,43874,PPFN',OTC,51.91,51.91,0,0,Peoples Finl Inc Pa,0,0,0
20020911,43874,PPFN',OTC,51.91,51.91,0,0,Peoples Finl Inc Pa,0,0,0
20020912,43874,PPFN',OTC,51.91,51.91,0,0,Peoples Finl Inc Pa,0,0,0
20020913,43874,PPFN',OTC,51.91,51.91,1,0,Peoples Finl Inc Pa,0,0,0
20020916,43874,PPFN',OTC,51.91,51.91,0,0,Peoples Finl Inc Pa,0,0,0
20020917,43874,PPFN',OTC,51.91,51.91,0,0,Peoples Finl Inc Pa,0,0,0
20020918,43874,PPFN',OTC,51.91,51.91,49,0,Peoples Finl Inc Pa,0,0,0
20020919,43874,PPFN',OTC,52.5,52.5,53,0,Peoples Finl Inc Pa,0,0,0
20020920,43874,PPFN',OTC,52.5,52.5,0,0,Peoples Finl Inc Pa,0,0,0
20020923,43874,PPFN',OTC,52.5,52.5,0,0,Peoples Finl Inc Pa,0,0,0
20020924,43874,PPFN',OTC,52.5,52.5,0,0,Peoples Finl Inc Pa,0,0,0
20020925,43874,PPFN',OTC,52.5,52.5,0,0,Peoples Finl Inc Pa,0,0,0
20020926,43874,PPFN',OTC,52.5,52.5,0,0,Peoples Finl Inc Pa,0,0,0
20020927,43874,PPFN',OTC,52.5,52.5,0,0,Peoples Finl Inc Pa,0,0,0
20020930,43874,PPFN',OTC,52.5,52.5,0,0,Peoples Finl Inc Pa,0,0,0
20021001,43874,PPFN',OTC,52.5,52.5,0,0,Peoples Finl Inc Pa,0,0,0
20021002,43874,PPFN',OTC,52.5,52.5,0,0,Peoples Finl Inc Pa,0,0,0
20021003,43874,PPFN',OTC,52.5,52.5,0,0,Peoples Finl Inc Pa,0,0,0
20021004,43874,PPFN',OTC,52.5,52.5,0,0,Peoples Finl Inc Pa,0,0,0
20021007,43874,PPFN',OTC,52.5,52.5,0,0,Peoples Finl Inc Pa,0,0,0
20021008,43874,PPFN',OTC,52.5,52.5,0,0,Peoples Finl Inc Pa,0,0,0
20021009,43874,PPFN',OTC,52.5,52.5,0,0,Peoples Finl Inc Pa,0,0,0
20021010,43874,PPFN',OTC,52.5,52.5,0,0,Peoples Finl Inc Pa,0,0,0
20021011,43874,PPFN',OTC,52.5,52.5,0,0,Peoples Finl Inc Pa,0,0,0
20021014,43874,PPFN',OTC,52.5,52.5,0,0,Peoples Finl Inc Pa,0,0,0
20021015,43874,PPFN',OTC,52.5,52.5,0,0,Peoples Finl Inc Pa,0,0,0
20021016,43874,PPFN',OTC,52.5,52.5,0,0,Peoples Finl Inc Pa,0,0,0
20021017,43874,PPFN',OTC,52.5,52.5,0,0,Peoples Finl Inc Pa,0,0,0
20021018,43874,PPFN',OTC,52.5,52.5,0,0,Peoples Finl Inc Pa,0,0,0
20021021,43874,PPFN',OTC,52.5,52.5,0,0,Peoples Finl Inc Pa,0,0,0
