DDate,CSINumber,Symbol,Exchange,DClose,UnAdjustedClose,TotalVolume,Cash,MarketName,PTB,PSR,DPS
20000505,43957,GNSL',OTC,8.375,8.375,35492,0,Genomic Solutions Inc,0,0,0
20000508,43957,GNSL',OTC,8.125,8.125,5830,0,Genomic Solutions Inc,0,0,0
20000509,43957,GNSL',OTC,8,8,2775,0,Genomic Solutions Inc,0,0,0
20000510,43957,GNSL',OTC,8,8,2882,0,Genomic Solutions Inc,0,0,0
20000511,43957,GNSL',OTC,8,8,1813,0,Genomic Solutions Inc,0,0,0
20000512,43957,GNSL',OTC,8,8,578,0,Genomic Solutions Inc,0,0,0
20000515,43957,GNSL',OTC,8.0625,8.0625,922,0,Genomic Solutions Inc,0,0,0
20000516,43957,GNSL',OTC,8,8,1244,0,Genomic Solutions Inc,0,0,0
20000517,43957,GNSL',OTC,8.03125,8.03125,589,0,Genomic Solutions Inc,0,0,0
20000518,43957,GNSL',OTC,8,8,856,0,Genomic Solutions Inc,0,0,0
20000519,43957,GNSL',OTC,8,8,427,0,Genomic Solutions Inc,0,0,0
20000522,43957,GNSL',OTC,8.125,8.125,568,0,Genomic Solutions Inc,0,0,0
20000523,43957,GNSL',OTC,8,8,343,0,Genomic Solutions Inc,0,0,0
20000524,43957,GNSL',OTC,8,8,854,0,Genomic Solutions Inc,0,0,0
20000525,43957,GNSL',OTC,8,8,344,0,Genomic Solutions Inc,0,0,0
20000526,43957,GNSL',OTC,8,8,1359,0,Genomic Solutions Inc,0,0,0
20000530,43957,GNSL',OTC,8.34375,8.34375,884,0,Genomic Solutions Inc,0,0,0
20000531,43957,GNSL',OTC,8.125,8.125,2629,0,Genomic Solutions Inc,0,0,0
20000601,43957,GNSL',OTC,8.03125,8.03125,5856,0,Genomic Solutions Inc,0,0,0
20000602,43957,GNSL',OTC,8,8,2703,0,Genomic Solutions Inc,0,0,0
20000605,43957,GNSL',OTC,8,8,971,0,Genomic Solutions Inc,0,0,0
20000606,43957,GNSL',OTC,11.25,11.25,7414,0,Genomic Solutions Inc,0,0,0
20000607,43957,GNSL',OTC,12.125,12.125,40102,0,Genomic Solutions Inc,0,0,0
20000608,43957,GNSL',OTC,11.0625,11.0625,9492,0,Genomic Solutions Inc,0,0,0
20000609,43957,GNSL',OTC,10.75,10.75,10177,0,Genomic Solutions Inc,0,0,0
20000612,43957,GNSL',OTC,11.8125,11.8125,6843,0,Genomic Solutions Inc,0,0,0
20000613,43957,GNSL',OTC,11.375,11.375,2287,0,Genomic Solutions Inc,0,0,0
20000614,43957,GNSL',OTC,11.125,11.125,1760,0,Genomic Solutions Inc,0,0,0
20000615,43957,GNSL',OTC,11,11,1235,0,Genomic Solutions Inc,0,0,0
20000616,43957,GNSL',OTC,11.0625,11.0625,1729,0,Genomic Solutions Inc,0,0,0
20000619,43957,GNSL',OTC,12,12,1765,0,Genomic Solutions Inc,0,0,0
20000620,43957,GNSL',OTC,13.75,13.75,6205,0,Genomic Solutions Inc,0,0,0
20000621,43957,GNSL',OTC,13.625,13.625,3630,0,Genomic Solutions Inc,0,0,0
20000622,43957,GNSL',OTC,12.6875,12.6875,2387,0,Genomic Solutions Inc,0,0,0
20000623,43957,GNSL',OTC,11.625,11.625,3407,0,Genomic Solutions Inc,0,0,0
20000626,43957,GNSL',OTC,11.75,11.75,2512,0,Genomic Solutions Inc,0,0,0
20000627,43957,GNSL',OTC,11,11,1880,0,Genomic Solutions Inc,0,0,0
20000628,43957,GNSL',OTC,10.5,10.5,3120,0,Genomic Solutions Inc,0,0,0
20000629,43957,GNSL',OTC,12.75,12.75,19395,0,Genomic Solutions Inc,0,0,0
20000630,43957,GNSL',OTC,14.625,14.625,11117,0,Genomic Solutions Inc,0,0,0
20000703,43957,GNSL',OTC,16.75,16.75,8021,0,Genomic Solutions Inc,0,0,0
20000705,43957,GNSL',OTC,20.5,20.5,23995,0,Genomic Solutions Inc,0,0,0
20000706,43957,GNSL',OTC,19.1875,19.1875,7411,0,Genomic Solutions Inc,0,0,0
20000707,43957,GNSL',OTC,24.875,24.875,15417,0,Genomic Solutions Inc,0,0,0
20000710,43957,GNSL',OTC,27.9375,27.9375,21004,0,Genomic Solutions Inc,0,0,0
20000711,43957,GNSL',OTC,25.9375,25.9375,11559,0,Genomic Solutions Inc,0,0,0
20000712,43957,GNSL',OTC,24.75,24.75,6491,0,Genomic Solutions Inc,0,0,0
20000713,43957,GNSL',OTC,22.0625,22.0625,8294,0,Genomic Solutions Inc,0,0,0
20000714,43957,GNSL',OTC,19.9375,19.9375,10231,0,Genomic Solutions Inc,0,0,0
20000717,43957,GNSL',OTC,22,22,8439,0,Genomic Solutions Inc,0,0,0
20000718,43957,GNSL',OTC,20,20,7186,0,Genomic Solutions Inc,0,0,0
20000719,43957,GNSL',OTC,19.3125,19.3125,6033,0,Genomic Solutions Inc,0,0,0
20000720,43957,GNSL',OTC,19.25,19.25,3553,0,Genomic Solutions Inc,0,0,0
20000721,43957,GNSL',OTC,18,18,2999,0,Genomic Solutions Inc,0,0,0
20000724,43957,GNSL',OTC,16.5625,16.5625,4286,0,Genomic Solutions Inc,0,0,0
20000725,43957,GNSL',OTC,15.625,15.625,4955,0,Genomic Solutions Inc,0,0,0
20000726,43957,GNSL',OTC,17.6875,17.6875,13346,0,Genomic Solutions Inc,0,0,0
20000727,43957,GNSL',OTC,17.9375,17.9375,3876,0,Genomic Solutions Inc,0,0,0
20000728,43957,GNSL',OTC,16,16,6921,0,Genomic Solutions Inc,0,0,0
20000731,43957,GNSL',OTC,16,16,4212,0,Genomic Solutions Inc,0,0,0
20000801,43957,GNSL',OTC,17.125,17.125,5341,0,Genomic Solutions Inc,0,0,0
20000802,43957,GNSL',OTC,16.5625,16.5625,1842,0,Genomic Solutions Inc,0,0,0
20000803,43957,GNSL',OTC,15.625,15.625,2332,0,Genomic Solutions Inc,0,0,0
20000804,43957,GNSL',OTC,16.375,16.375,1869,0,Genomic Solutions Inc,0,0,0
20000807,43957,GNSL',OTC,15.8125,15.8125,1171,0,Genomic Solutions Inc,0,0,0
20000808,43957,GNSL',OTC,15.125,15.125,896,0,Genomic Solutions Inc,0,0,0
20000809,43957,GNSL',OTC,13.75,13.75,1926,0,Genomic Solutions Inc,0,0,0
20000810,43957,GNSL',OTC,14.1875,14.1875,2526,0,Genomic Solutions Inc,0,0,0
20000811,43957,GNSL',OTC,14.0625,14.0625,2552,0,Genomic Solutions Inc,0,0,0
20000814,43957,GNSL',OTC,13.375,13.375,2222,0,Genomic Solutions Inc,0,0,0
20000815,43957,GNSL',OTC,12.75,12.75,1896,0,Genomic Solutions Inc,0,0,0
20000816,43957,GNSL',OTC,15.3125,15.3125,4522,0,Genomic Solutions Inc,0,0,0
20000817,43957,GNSL',OTC,14.1875,14.1875,661,0,Genomic Solutions Inc,0,0,0
20000818,43957,GNSL',OTC,13.8125,13.8125,722,0,Genomic Solutions Inc,0,0,0
20000821,43957,GNSL',OTC,14.25,14.25,702,0,Genomic Solutions Inc,0,0,0
20000822,43957,GNSL',OTC,14,14,913,0,Genomic Solutions Inc,0,0,0
20000823,43957,GNSL',OTC,14.5625,14.5625,2615,0,Genomic Solutions Inc,0,0,0
20000824,43957,GNSL',OTC,16.125,16.125,3407,0,Genomic Solutions Inc,0,0,0
20000825,43957,GNSL',OTC,15.5625,15.5625,1202,0,Genomic Solutions Inc,0,0,0
20000828,43957,GNSL',OTC,16.8125,16.8125,1909,0,Genomic Solutions Inc,0,0,0
20000829,43957,GNSL',OTC,16.75,16.75,714,0,Genomic Solutions Inc,0,0,0
20000830,43957,GNSL',OTC,16.125,16.125,656,0,Genomic Solutions Inc,0,0,0
20000831,43957,GNSL',OTC,15.9375,15.9375,997,0,Genomic Solutions Inc,0,0,0
20000901,43957,GNSL',OTC,16.5,16.5,2069,0,Genomic Solutions Inc,0,0,0
20000905,43957,GNSL',OTC,18,18,2026,0,Genomic Solutions Inc,0,0,0
20000906,43957,GNSL',OTC,16.5,16.5,1295,0,Genomic Solutions Inc,0,0,0
20000907,43957,GNSL',OTC,17.375,17.375,1450,0,Genomic Solutions Inc,0,0,0
20000908,43957,GNSL',OTC,16.125,16.125,1293,0,Genomic Solutions Inc,0,0,0
20000911,43957,GNSL',OTC,16,16,714,0,Genomic Solutions Inc,0,0,0
20000912,43957,GNSL',OTC,15.5,15.5,1231,0,Genomic Solutions Inc,0,0,0
20000913,43957,GNSL',OTC,14.875,14.875,1551,0,Genomic Solutions Inc,0,0,0
20000914,43957,GNSL',OTC,14.375,14.375,1141,0,Genomic Solutions Inc,0,0,0
20000915,43957,GNSL',OTC,14.125,14.125,925,0,Genomic Solutions Inc,0,0,0
20000918,43957,GNSL',OTC,13,13,2035,0,Genomic Solutions Inc,0,0,0
20000919,43957,GNSL',OTC,13.0625,13.0625,1849,0,Genomic Solutions Inc,0,0,0
20000920,43957,GNSL',OTC,13.375,13.375,569,0,Genomic Solutions Inc,0,0,0
20000921,43957,GNSL',OTC,12.75,12.75,898,0,Genomic Solutions Inc,0,0,0
20000922,43957,GNSL',OTC,14.5,14.5,3978,0,Genomic Solutions Inc,0,0,0
20000925,43957,GNSL',OTC,16.4375,16.4375,3499,0,Genomic Solutions Inc,0,0,0
20000926,43957,GNSL',OTC,16.375,16.375,3180,0,Genomic Solutions Inc,0,0,0
20000927,43957,GNSL',OTC,15.5,15.5,2563,0,Genomic Solutions Inc,0,0,0
20000928,43957,GNSL',OTC,16.875,16.875,1741,0,Genomic Solutions Inc,0,0,0
20000929,43957,GNSL',OTC,17.1875,17.1875,1500,0,Genomic Solutions Inc,0,0,0
20001002,43957,GNSL',OTC,18.4375,18.4375,3042,0,Genomic Solutions Inc,0,0,0
20001003,43957,GNSL',OTC,17.25,17.25,1374,0,Genomic Solutions Inc,0,0,0
20001004,43957,GNSL',OTC,15.875,15.875,970,0,Genomic Solutions Inc,0,0,0
20001005,43957,GNSL',OTC,15.75,15.75,1021,0,Genomic Solutions Inc,0,0,0
20001006,43957,GNSL',OTC,15,15,969,0,Genomic Solutions Inc,0,0,0
20001009,43957,GNSL',OTC,15,15,1879,0,Genomic Solutions Inc,0,0,0
20001010,43957,GNSL',OTC,15.0625,15.0625,5347,0,Genomic Solutions Inc,0,0,0
20001011,43957,GNSL',OTC,15.5625,15.5625,3080,0,Genomic Solutions Inc,0,0,0
20001012,43957,GNSL',OTC,15.125,15.125,1901,0,Genomic Solutions Inc,0,0,0
20001013,43957,GNSL',OTC,14.5,14.5,3460,0,Genomic Solutions Inc,0,0,0
20001016,43957,GNSL',OTC,13.125,13.125,3640,0,Genomic Solutions Inc,0,0,0
20001017,43957,GNSL',OTC,12.5,12.5,2699,0,Genomic Solutions Inc,0,0,0
20001018,43957,GNSL',OTC,13.1875,13.1875,1268,0,Genomic Solutions Inc,0,0,0
20001019,43957,GNSL',OTC,13.8125,13.8125,1017,0,Genomic Solutions Inc,0,0,0
20001020,43957,GNSL',OTC,13.1875,13.1875,1589,0,Genomic Solutions Inc,0,0,0
20001023,43957,GNSL',OTC,13.875,13.875,919,0,Genomic Solutions Inc,0,0,0
20001024,43957,GNSL',OTC,14.875,14.875,1675,0,Genomic Solutions Inc,0,0,0
20001025,43957,GNSL',OTC,15.0625,15.0625,1389,0,Genomic Solutions Inc,0,0,0
20001026,43957,GNSL',OTC,15.125,15.125,1199,0,Genomic Solutions Inc,0,0,0
20001027,43957,GNSL',OTC,14.125,14.125,975,0,Genomic Solutions Inc,0,0,0
20001030,43957,GNSL',OTC,13.625,13.625,1175,0,Genomic Solutions Inc,0,0,0
20001031,43957,GNSL',OTC,14,14,992,0,Genomic Solutions Inc,0,0,0
20001101,43957,GNSL',OTC,14.9375,14.9375,1390,0,Genomic Solutions Inc,0,0,0
20001102,43957,GNSL',OTC,13.5,13.5,12910,0,Genomic Solutions Inc,0,0,0
20001103,43957,GNSL',OTC,13.125,13.125,6697,0,Genomic Solutions Inc,0,0,0
20001106,43957,GNSL',OTC,13.125,13.125,866,0,Genomic Solutions Inc,0,0,0
20001107,43957,GNSL',OTC,11.6875,11.6875,3653,0,Genomic Solutions Inc,0,0,0
20001108,43957,GNSL',OTC,11,11,2162,0,Genomic Solutions Inc,0,0,0
20001109,43957,GNSL',OTC,11.25,11.25,1744,0,Genomic Solutions Inc,0,0,0
20001110,43957,GNSL',OTC,10.8125,10.8125,609,0,Genomic Solutions Inc,0,0,0
20001113,43957,GNSL',OTC,9.5,9.5,2098,0,Genomic Solutions Inc,0,0,0
20001114,43957,GNSL',OTC,10.125,10.125,937,0,Genomic Solutions Inc,0,0,0
20001115,43957,GNSL',OTC,9.875,9.875,1309,0,Genomic Solutions Inc,0,0,0
20001116,43957,GNSL',OTC,9.3125,9.3125,558,0,Genomic Solutions Inc,0,0,0
20001117,43957,GNSL',OTC,8.875,8.875,897,0,Genomic Solutions Inc,0,0,0
20001120,43957,GNSL',OTC,8,8,2873,0,Genomic Solutions Inc,0,0,0
20001121,43957,GNSL',OTC,7.5,7.5,1485,0,Genomic Solutions Inc,0,0,0
20001122,43957,GNSL',OTC,7.375,7.375,945,0,Genomic Solutions Inc,0,0,0
20001124,43957,GNSL',OTC,7.8125,7.8125,783,0,Genomic Solutions Inc,0,0,0
20001127,43957,GNSL',OTC,8.5,8.5,1353,0,Genomic Solutions Inc,0,0,0
20001128,43957,GNSL',OTC,8.0625,8.0625,345,0,Genomic Solutions Inc,0,0,0
20001129,43957,GNSL',OTC,7.5,7.5,663,0,Genomic Solutions Inc,0,0,0
20001130,43957,GNSL',OTC,7.375,7.375,1426,0,Genomic Solutions Inc,0,0,0
20001201,43957,GNSL',OTC,7.25,7.25,492,0,Genomic Solutions Inc,0,0,0
20001204,43957,GNSL',OTC,7.125,7.125,547,0,Genomic Solutions Inc,0,0,0
20001205,43957,GNSL',OTC,6.75,6.75,943,0,Genomic Solutions Inc,0,0,0
20001206,43957,GNSL',OTC,6.9375,6.9375,836,0,Genomic Solutions Inc,0,0,0
20001207,43957,GNSL',OTC,6.8125,6.8125,917,0,Genomic Solutions Inc,0,0,0
20001208,43957,GNSL',OTC,7.125,7.125,1042,0,Genomic Solutions Inc,0,0,0
20001211,43957,GNSL',OTC,7.375,7.375,748,0,Genomic Solutions Inc,0,0,0
20001212,43957,GNSL',OTC,7.25,7.25,459,0,Genomic Solutions Inc,0,0,0
20001213,43957,GNSL',OTC,8.0625,8.0625,1254,0,Genomic Solutions Inc,0,0,0
20001214,43957,GNSL',OTC,7.8125,7.8125,796,0,Genomic Solutions Inc,0,0,0
20001215,43957,GNSL',OTC,7.75,7.75,432,0,Genomic Solutions Inc,0,0,0
20001218,43957,GNSL',OTC,7.625,7.625,214,0,Genomic Solutions Inc,0,0,0
20001219,43957,GNSL',OTC,7.34375,7.34375,628,0,Genomic Solutions Inc,0,0,0
20001220,43957,GNSL',OTC,6.125,6.125,950,0,Genomic Solutions Inc,0,0,0
20001221,43957,GNSL',OTC,5.5,5.5,1049,0,Genomic Solutions Inc,0,0,0
20001222,43957,GNSL',OTC,5.9375,5.9375,1753,0,Genomic Solutions Inc,0,0,0
20001226,43957,GNSL',OTC,5.9375,5.9375,1898,0,Genomic Solutions Inc,0,0,0
20001227,43957,GNSL',OTC,5.9375,5.9375,1780,0,Genomic Solutions Inc,0,0,0
20001228,43957,GNSL',OTC,5.875,5.875,1948,0,Genomic Solutions Inc,0,0,0
20001229,43957,GNSL',OTC,7.625,7.625,4293,0,Genomic Solutions Inc,0,0,0
20010102,43957,GNSL',OTC,7.5,7.5,941,0,Genomic Solutions Inc,0,0,0
20010103,43957,GNSL',OTC,6.375,6.375,2983,0,Genomic Solutions Inc,0,0,0
20010104,43957,GNSL',OTC,5.9375,5.9375,1474,0,Genomic Solutions Inc,0,0,0
20010105,43957,GNSL',OTC,5.40625,5.40625,934,0,Genomic Solutions Inc,0,0,0
20010108,43957,GNSL',OTC,5,5,1000,0,Genomic Solutions Inc,0,0,0
20010109,43957,GNSL',OTC,4.6875,4.6875,879,0,Genomic Solutions Inc,0,0,0
20010110,43957,GNSL',OTC,5.375,5.375,7537,0,Genomic Solutions Inc,0,0,0
20010111,43957,GNSL',OTC,6.625,6.625,5723,0,Genomic Solutions Inc,0,0,0
20010112,43957,GNSL',OTC,6.9375,6.9375,2051,0,Genomic Solutions Inc,0,0,0
20010116,43957,GNSL',OTC,7.0625,7.0625,1790,0,Genomic Solutions Inc,0,0,0
20010117,43957,GNSL',OTC,7.5625,7.5625,3224,0,Genomic Solutions Inc,0,0,0
20010118,43957,GNSL',OTC,6.875,6.875,4464,0,Genomic Solutions Inc,0,0,0
20010119,43957,GNSL',OTC,6.4375,6.4375,2522,0,Genomic Solutions Inc,0,0,0
20010122,43957,GNSL',OTC,5.875,5.875,3886,0,Genomic Solutions Inc,0,0,0
20010123,43957,GNSL',OTC,6.0625,6.0625,5619,0,Genomic Solutions Inc,0,0,0
20010124,43957,GNSL',OTC,6.25,6.25,4909,0,Genomic Solutions Inc,0,0,0
20010125,43957,GNSL',OTC,6.6875,6.6875,5733,0,Genomic Solutions Inc,0,0,0
20010126,43957,GNSL',OTC,6.625,6.625,1477,0,Genomic Solutions Inc,0,0,0
20010129,43957,GNSL',OTC,7.375,7.375,1796,0,Genomic Solutions Inc,0,0,0
20010130,43957,GNSL',OTC,7.46875,7.46875,3117,0,Genomic Solutions Inc,0,0,0
20010131,43957,GNSL',OTC,7.5,7.5,1914,0,Genomic Solutions Inc,0,0,0
20010201,43957,GNSL',OTC,8.375,8.375,2273,0,Genomic Solutions Inc,0,0,0
20010202,43957,GNSL',OTC,7.6875,7.6875,1153,0,Genomic Solutions Inc,0,0,0
20010205,43957,GNSL',OTC,7.875,7.875,352,0,Genomic Solutions Inc,0,0,0
20010206,43957,GNSL',OTC,8.25,8.25,1437,0,Genomic Solutions Inc,0,0,0
20010207,43957,GNSL',OTC,8,8,783,0,Genomic Solutions Inc,0,0,0
20010208,43957,GNSL',OTC,8.1875,8.1875,869,0,Genomic Solutions Inc,0,0,0
20010209,43957,GNSL',OTC,7.890625,7.890625,763,0,Genomic Solutions Inc,0,0,0
20010212,43957,GNSL',OTC,8.6875,8.6875,3310,0,Genomic Solutions Inc,0,0,0
20010213,43957,GNSL',OTC,7.65625,7.65625,2503,0,Genomic Solutions Inc,0,0,0
20010214,43957,GNSL',OTC,7.640625,7.640625,3464,0,Genomic Solutions Inc,0,0,0
20010215,43957,GNSL',OTC,7.9375,7.9375,1549,0,Genomic Solutions Inc,0,0,0
20010216,43957,GNSL',OTC,7.5,7.5,665,0,Genomic Solutions Inc,0,0,0
20010220,43957,GNSL',OTC,7.25,7.25,736,0,Genomic Solutions Inc,0,0,0
20010221,43957,GNSL',OTC,7.03125,7.03125,468,0,Genomic Solutions Inc,0,0,0
20010222,43957,GNSL',OTC,6.125,6.125,2091,0,Genomic Solutions Inc,0,0,0
20010223,43957,GNSL',OTC,6,6,2803,0,Genomic Solutions Inc,0,0,0
20010226,43957,GNSL',OTC,6.0625,6.0625,1152,0,Genomic Solutions Inc,0,0,0
20010227,43957,GNSL',OTC,6.5,6.5,575,0,Genomic Solutions Inc,0,0,0
20010228,43957,GNSL',OTC,6.6875,6.6875,737,0,Genomic Solutions Inc,0,0,0
20010301,43957,GNSL',OTC,6.375,6.375,223,0,Genomic Solutions Inc,0,0,0
20010302,43957,GNSL',OTC,6.125,6.125,444,0,Genomic Solutions Inc,0,0,0
20010305,43957,GNSL',OTC,6.375,6.375,173,0,Genomic Solutions Inc,0,0,0
20010306,43957,GNSL',OTC,6.4375,6.4375,317,0,Genomic Solutions Inc,0,0,0
20010307,43957,GNSL',OTC,6.125,6.125,744,0,Genomic Solutions Inc,0,0,0
20010308,43957,GNSL',OTC,6.078125,6.078125,496,0,Genomic Solutions Inc,0,0,0
20010309,43957,GNSL',OTC,5.875,5.875,610,0,Genomic Solutions Inc,0,0,0
20010312,43957,GNSL',OTC,5.171875,5.171875,1294,0,Genomic Solutions Inc,0,0,0
20010313,43957,GNSL',OTC,5.125,5.125,1193,0,Genomic Solutions Inc,0,0,0
20010314,43957,GNSL',OTC,4.625,4.625,1429,0,Genomic Solutions Inc,0,0,0
20010315,43957,GNSL',OTC,4.71875,4.71875,1022,0,Genomic Solutions Inc,0,0,0
20010316,43957,GNSL',OTC,4.5,4.5,571,0,Genomic Solutions Inc,0,0,0
20010319,43957,GNSL',OTC,4.4375,4.4375,987,0,Genomic Solutions Inc,0,0,0
20010320,43957,GNSL',OTC,4.375,4.375,562,0,Genomic Solutions Inc,0,0,0
20010321,43957,GNSL',OTC,3.9375,3.9375,339,0,Genomic Solutions Inc,0,0,0
20010322,43957,GNSL',OTC,3.28125,3.28125,2636,0,Genomic Solutions Inc,0,0,0
20010323,43957,GNSL',OTC,3.5,3.5,1852,0,Genomic Solutions Inc,0,0,0
20010326,43957,GNSL',OTC,3.3125,3.3125,1919,0,Genomic Solutions Inc,0,0,0
20010327,43957,GNSL',OTC,3.0625,3.0625,1492,0,Genomic Solutions Inc,0,0,0
20010328,43957,GNSL',OTC,2.875,2.875,1932,0,Genomic Solutions Inc,0,0,0
20010329,43957,GNSL',OTC,2.78125,2.78125,1005,0,Genomic Solutions Inc,0,0,0
20010330,43957,GNSL',OTC,3,3,3269,0,Genomic Solutions Inc,0,0,0
20010402,43957,GNSL',OTC,2.6875,2.6875,1201,0,Genomic Solutions Inc,0,0,0
20010403,43957,GNSL',OTC,2.453125,2.453125,1420,0,Genomic Solutions Inc,0,0,0
20010404,43957,GNSL',OTC,1.90625,1.90625,4511,0,Genomic Solutions Inc,0,0,0
20010405,43957,GNSL',OTC,2.0625,2.0625,6543,0,Genomic Solutions Inc,0,0,0
20010406,43957,GNSL',OTC,1.90625,1.90625,1967,0,Genomic Solutions Inc,0,0,0
20010409,43957,GNSL',OTC,1.98,1.98,3895,0,Genomic Solutions Inc,0,0,0
20010410,43957,GNSL',OTC,1.96,1.96,3823,0,Genomic Solutions Inc,0,0,0
20010411,43957,GNSL',OTC,1.95,1.95,2766,0,Genomic Solutions Inc,0,0,0
20010412,43957,GNSL',OTC,1.96,1.96,3221,0,Genomic Solutions Inc,0,0,0
20010416,43957,GNSL',OTC,2,2,6049,0,Genomic Solutions Inc,0,0,0
20010417,43957,GNSL',OTC,2.68,2.68,4621,0,Genomic Solutions Inc,0,0,0
20010418,43957,GNSL',OTC,3.08,3.08,5816,0,Genomic Solutions Inc,0,0,0
20010419,43957,GNSL',OTC,3.55,3.55,4204,0,Genomic Solutions Inc,0,0,0
20010420,43957,GNSL',OTC,3.48,3.48,2010,0,Genomic Solutions Inc,0,0,0
20010423,43957,GNSL',OTC,4.1,4.1,2566,0,Genomic Solutions Inc,0,0,0
20010424,43957,GNSL',OTC,4.08,4.08,7111,0,Genomic Solutions Inc,0,0,0
20010425,43957,GNSL',OTC,4.06,4.06,1277,0,Genomic Solutions Inc,0,0,0
20010426,43957,GNSL',OTC,3.83,3.83,1852,0,Genomic Solutions Inc,0,0,0
20010427,43957,GNSL',OTC,3.76,3.76,1304,0,Genomic Solutions Inc,0,0,0
20010430,43957,GNSL',OTC,4.01,4.01,968,0,Genomic Solutions Inc,0,0,0
20010501,43957,GNSL',OTC,4.5,4.5,1025,0,Genomic Solutions Inc,0,0,0
20010502,43957,GNSL',OTC,4.59,4.59,1370,0,Genomic Solutions Inc,0,0,0
20010503,43957,GNSL',OTC,4.54,4.54,1080,0,Genomic Solutions Inc,0,0,0
20010504,43957,GNSL',OTC,4.35,4.35,547,0,Genomic Solutions Inc,0,0,0
20010507,43957,GNSL',OTC,4.22,4.22,450,0,Genomic Solutions Inc,0,0,0
20010508,43957,GNSL',OTC,4.18,4.18,296,0,Genomic Solutions Inc,0,0,0
20010509,43957,GNSL',OTC,4.19,4.19,461,0,Genomic Solutions Inc,0,0,0
20010510,43957,GNSL',OTC,4.22,4.22,562,0,Genomic Solutions Inc,0,0,0
20010511,43957,GNSL',OTC,4.12,4.12,758,0,Genomic Solutions Inc,0,0,0
20010514,43957,GNSL',OTC,3.55,3.55,1783,0,Genomic Solutions Inc,0,0,0
20010515,43957,GNSL',OTC,3.35,3.35,1438,0,Genomic Solutions Inc,0,0,0
20010516,43957,GNSL',OTC,3.32,3.32,906,0,Genomic Solutions Inc,0,0,0
20010517,43957,GNSL',OTC,3.39,3.39,1422,0,Genomic Solutions Inc,0,0,0
20010518,43957,GNSL',OTC,3.59,3.59,954,0,Genomic Solutions Inc,0,0,0
20010521,43957,GNSL',OTC,3.98,3.98,1993,0,Genomic Solutions Inc,0,0,0
20010522,43957,GNSL',OTC,4.12,4.12,2063,0,Genomic Solutions Inc,0,0,0
20010523,43957,GNSL',OTC,4.11,4.11,2122,0,Genomic Solutions Inc,0,0,0
20010524,43957,GNSL',OTC,4.62,4.62,4060,0,Genomic Solutions Inc,0,0,0
20010525,43957,GNSL',OTC,4.4,4.4,1699,0,Genomic Solutions Inc,0,0,0
20010529,43957,GNSL',OTC,4.12,4.12,1313,0,Genomic Solutions Inc,0,0,0
20010530,43957,GNSL',OTC,3.73,3.73,1664,0,Genomic Solutions Inc,0,0,0
20010531,43957,GNSL',OTC,4.07,4.07,2458,0,Genomic Solutions Inc,0,0,0
20010601,43957,GNSL',OTC,4.05,4.05,2037,0,Genomic Solutions Inc,0,0,0
20010604,43957,GNSL',OTC,4.06,4.06,3588,0,Genomic Solutions Inc,0,0,0
20010605,43957,GNSL',OTC,4.26,4.26,2459,0,Genomic Solutions Inc,0,0,0
20010606,43957,GNSL',OTC,4.39,4.39,2036,0,Genomic Solutions Inc,0,0,0
20010607,43957,GNSL',OTC,4.51,4.51,2031,0,Genomic Solutions Inc,0,0,0
20010608,43957,GNSL',OTC,5.4,5.4,6187,0,Genomic Solutions Inc,0,0,0
20010611,43957,GNSL',OTC,5.42,5.42,5563,0,Genomic Solutions Inc,0,0,0
20010612,43957,GNSL',OTC,5.1,5.1,2444,0,Genomic Solutions Inc,0,0,0
20010613,43957,GNSL',OTC,5.01,5.01,1228,0,Genomic Solutions Inc,0,0,0
20010614,43957,GNSL',OTC,4.67,4.67,1472,0,Genomic Solutions Inc,0,0,0
20010615,43957,GNSL',OTC,4.33,4.33,1299,0,Genomic Solutions Inc,0,0,0
20010618,43957,GNSL',OTC,4,4,2655,0,Genomic Solutions Inc,0,0,0
20010619,43957,GNSL',OTC,3.7,3.7,1226,0,Genomic Solutions Inc,0,0,0
20010620,43957,GNSL',OTC,3.79,3.79,1368,0,Genomic Solutions Inc,0,0,0
20010621,43957,GNSL',OTC,3.86,3.86,1360,0,Genomic Solutions Inc,0,0,0
20010622,43957,GNSL',OTC,4.05,4.05,1746,0,Genomic Solutions Inc,0,0,0
20010625,43957,GNSL',OTC,3.91,3.91,771,0,Genomic Solutions Inc,0,0,0
20010626,43957,GNSL',OTC,3.8,3.8,1092,0,Genomic Solutions Inc,0,0,0
20010627,43957,GNSL',OTC,3.77,3.77,644,0,Genomic Solutions Inc,0,0,0
20010628,43957,GNSL',OTC,3.82,3.82,605,0,Genomic Solutions Inc,0,0,0
20010629,43957,GNSL',OTC,4.85,4.85,2718,0,Genomic Solutions Inc,0,0,0
20010702,43957,GNSL',OTC,4.1,4.1,1269,0,Genomic Solutions Inc,0,0,0
20010703,43957,GNSL',OTC,4.19,4.19,787,0,Genomic Solutions Inc,0,0,0
20010705,43957,GNSL',OTC,4.05,4.05,1177,0,Genomic Solutions Inc,0,0,0
20010706,43957,GNSL',OTC,3.8,3.8,433,0,Genomic Solutions Inc,0,0,0
20010709,43957,GNSL',OTC,3.78,3.78,445,0,Genomic Solutions Inc,0,0,0
20010710,43957,GNSL',OTC,3.52,3.52,736,0,Genomic Solutions Inc,0,0,0
20010711,43957,GNSL',OTC,3.39,3.39,625,0,Genomic Solutions Inc,0,0,0
20010712,43957,GNSL',OTC,3.53,3.53,272,0,Genomic Solutions Inc,0,0,0
20010713,43957,GNSL',OTC,3.68,3.68,581,0,Genomic Solutions Inc,0,0,0
20010716,43957,GNSL',OTC,3.5,3.5,664,0,Genomic Solutions Inc,0,0,0
20010717,43957,GNSL',OTC,3.42,3.42,463,0,Genomic Solutions Inc,0,0,0
20010718,43957,GNSL',OTC,3.14,3.14,942,0,Genomic Solutions Inc,0,0,0
20010719,43957,GNSL',OTC,3.01,3.01,791,0,Genomic Solutions Inc,0,0,0
20010720,43957,GNSL',OTC,2.8,2.8,599,0,Genomic Solutions Inc,0,0,0
20010723,43957,GNSL',OTC,2.85,2.85,474,0,Genomic Solutions Inc,0,0,0
20010724,43957,GNSL',OTC,2.7,2.7,472,0,Genomic Solutions Inc,0,0,0
20010725,43957,GNSL',OTC,2.6,2.6,450,0,Genomic Solutions Inc,0,0,0
20010726,43957,GNSL',OTC,2.58,2.58,609,0,Genomic Solutions Inc,0,0,0
20010727,43957,GNSL',OTC,2.44,2.44,1115,0,Genomic Solutions Inc,0,0,0
20010730,43957,GNSL',OTC,2.74,2.74,1931,0,Genomic Solutions Inc,0,0,0
20010731,43957,GNSL',OTC,2.64,2.64,723,0,Genomic Solutions Inc,0,0,0
20010801,43957,GNSL',OTC,2.79,2.79,547,0,Genomic Solutions Inc,0,0,0
20010802,43957,GNSL',OTC,2.62,2.62,255,0,Genomic Solutions Inc,0,0,0
20010803,43957,GNSL',OTC,2.6,2.6,234,0,Genomic Solutions Inc,0,0,0
20010806,43957,GNSL',OTC,2.76,2.76,297,0,Genomic Solutions Inc,0,0,0
20010807,43957,GNSL',OTC,2.65,2.65,163,0,Genomic Solutions Inc,0,0,0
20010808,43957,GNSL',OTC,2.6,2.6,355,0,Genomic Solutions Inc,0,0,0
20010809,43957,GNSL',OTC,2.49,2.49,266,0,Genomic Solutions Inc,0,0,0
20010810,43957,GNSL',OTC,2.6,2.6,117,0,Genomic Solutions Inc,0,0,0
20010813,43957,GNSL',OTC,2.6,2.6,214,0,Genomic Solutions Inc,0,0,0
20010814,43957,GNSL',OTC,2.54,2.54,412,0,Genomic Solutions Inc,0,0,0
20010815,43957,GNSL',OTC,2.42,2.42,285,0,Genomic Solutions Inc,0,0,0
20010816,43957,GNSL',OTC,2.22,2.22,458,0,Genomic Solutions Inc,0,0,0
20010817,43957,GNSL',OTC,2.28,2.28,380,0,Genomic Solutions Inc,0,0,0
20010820,43957,GNSL',OTC,2.3,2.3,305,0,Genomic Solutions Inc,0,0,0
20010821,43957,GNSL',OTC,2.31,2.31,495,0,Genomic Solutions Inc,0,0,0
20010822,43957,GNSL',OTC,2.24,2.24,395,0,Genomic Solutions Inc,0,0,0
20010823,43957,GNSL',OTC,2.34,2.34,584,0,Genomic Solutions Inc,0,0,0
20010824,43957,GNSL',OTC,2.22,2.22,336,0,Genomic Solutions Inc,0,0,0
20010827,43957,GNSL',OTC,2.3,2.3,289,0,Genomic Solutions Inc,0,0,0
20010828,43957,GNSL',OTC,2.15,2.15,282,0,Genomic Solutions Inc,0,0,0
20010829,43957,GNSL',OTC,2.12,2.12,411,0,Genomic Solutions Inc,0,0,0
20010830,43957,GNSL',OTC,2.13,2.13,109,0,Genomic Solutions Inc,0,0,0
20010831,43957,GNSL',OTC,2.17,2.17,313,0,Genomic Solutions Inc,0,0,0
20010904,43957,GNSL',OTC,2.03,2.03,308,0,Genomic Solutions Inc,0,0,0
20010905,43957,GNSL',OTC,2.04,2.04,298,0,Genomic Solutions Inc,0,0,0
20010906,43957,GNSL',OTC,2.01,2.01,454,0,Genomic Solutions Inc,0,0,0
20010907,43957,GNSL',OTC,2.08,2.08,500,0,Genomic Solutions Inc,0,0,0
20010910,43957,GNSL',OTC,2.17,2.17,320,0,Genomic Solutions Inc,0,0,0
20010917,43957,GNSL',OTC,2.09,2.09,541,0,Genomic Solutions Inc,0,0,0
20010918,43957,GNSL',OTC,2.15,2.15,435,0,Genomic Solutions Inc,0,0,0
20010919,43957,GNSL',OTC,2.3,2.3,1303,0,Genomic Solutions Inc,0,0,0
20010920,43957,GNSL',OTC,2.04,2.04,602,0,Genomic Solutions Inc,0,0,0
20010921,43957,GNSL',OTC,1.9,1.9,527,0,Genomic Solutions Inc,0,0,0
20010924,43957,GNSL',OTC,2.04,2.04,283,0,Genomic Solutions Inc,0,0,0
20010925,43957,GNSL',OTC,1.9,1.9,292,0,Genomic Solutions Inc,0,0,0
20010926,43957,GNSL',OTC,1.94,1.94,329,0,Genomic Solutions Inc,0,0,0
20010927,43957,GNSL',OTC,1.8,1.8,337,0,Genomic Solutions Inc,0,0,0
20010928,43957,GNSL',OTC,1.62,1.62,508,0,Genomic Solutions Inc,0,0,0
20011001,43957,GNSL',OTC,1.56,1.56,288,0,Genomic Solutions Inc,0,0,0
20011002,43957,GNSL',OTC,1.63,1.63,224,0,Genomic Solutions Inc,0,0,0
20011003,43957,GNSL',OTC,1.9,1.9,428,0,Genomic Solutions Inc,0,0,0
20011004,43957,GNSL',OTC,1.86,1.86,568,0,Genomic Solutions Inc,0,0,0
20011005,43957,GNSL',OTC,1.91,1.91,238,0,Genomic Solutions Inc,0,0,0
20011008,43957,GNSL',OTC,2.05,2.05,435,0,Genomic Solutions Inc,0,0,0
20011009,43957,GNSL',OTC,2.19,2.19,398,0,Genomic Solutions Inc,0,0,0
20011010,43957,GNSL',OTC,2.4,2.4,1100,0,Genomic Solutions Inc,0,0,0
20011011,43957,GNSL',OTC,2.47,2.47,385,0,Genomic Solutions Inc,0,0,0
20011012,43957,GNSL',OTC,2.9,2.9,1016,0,Genomic Solutions Inc,0,0,0
20011015,43957,GNSL',OTC,2.71,2.71,857,0,Genomic Solutions Inc,0,0,0
20011016,43957,GNSL',OTC,2.7,2.7,571,0,Genomic Solutions Inc,0,0,0
20011017,43957,GNSL',OTC,2.5,2.5,419,0,Genomic Solutions Inc,0,0,0
20011018,43957,GNSL',OTC,2.6,2.6,668,0,Genomic Solutions Inc,0,0,0
20011019,43957,GNSL',OTC,2.49,2.49,403,0,Genomic Solutions Inc,0,0,0
20011022,43957,GNSL',OTC,2.41,2.41,256,0,Genomic Solutions Inc,0,0,0
20011023,43957,GNSL',OTC,2.32,2.32,581,0,Genomic Solutions Inc,0,0,0
20011024,43957,GNSL',OTC,2.45,2.45,174,0,Genomic Solutions Inc,0,0,0
20011025,43957,GNSL',OTC,2.45,2.45,203,0,Genomic Solutions Inc,0,0,0
20011026,43957,GNSL',OTC,2.32,2.32,533,0,Genomic Solutions Inc,0,0,0
20011029,43957,GNSL',OTC,2.25,2.25,201,0,Genomic Solutions Inc,0,0,0
20011030,43957,GNSL',OTC,2.21,2.21,385,0,Genomic Solutions Inc,0,0,0
20011031,43957,GNSL',OTC,2.24,2.24,311,0,Genomic Solutions Inc,0,0,0
20011101,43957,GNSL',OTC,2.13,2.13,1088,0,Genomic Solutions Inc,0,0,0
20011102,43957,GNSL',OTC,2.12,2.12,92,0,Genomic Solutions Inc,0,0,0
20011105,43957,GNSL',OTC,2.15,2.15,322,0,Genomic Solutions Inc,0,0,0
20011106,43957,GNSL',OTC,2.29,2.29,265,0,Genomic Solutions Inc,0,0,0
20011107,43957,GNSL',OTC,2.13,2.13,1285,0,Genomic Solutions Inc,0,0,0
20011108,43957,GNSL',OTC,2.08,2.08,652,0,Genomic Solutions Inc,0,0,0
20011109,43957,GNSL',OTC,2.18,2.18,154,0,Genomic Solutions Inc,0,0,0
20011112,43957,GNSL',OTC,2.18,2.18,81,0,Genomic Solutions Inc,0,0,0
20011113,43957,GNSL',OTC,2.36,2.36,1247,0,Genomic Solutions Inc,0,0,0
20011114,43957,GNSL',OTC,2.3,2.3,303,0,Genomic Solutions Inc,0,0,0
20011115,43957,GNSL',OTC,2.4,2.4,1101,0,Genomic Solutions Inc,0,0,0
20011116,43957,GNSL',OTC,2.45,2.45,793,0,Genomic Solutions Inc,0,0,0
20011119,43957,GNSL',OTC,2.31,2.31,1552,0,Genomic Solutions Inc,0,0,0
20011120,43957,GNSL',OTC,2.25,2.25,343,0,Genomic Solutions Inc,0,0,0
20011121,43957,GNSL',OTC,2.44,2.44,491,0,Genomic Solutions Inc,0,0,0
20011123,43957,GNSL',OTC,2.35,2.35,486,0,Genomic Solutions Inc,0,0,0
20011126,43957,GNSL',OTC,2.18,2.18,1881,0,Genomic Solutions Inc,0,0,0
20011127,43957,GNSL',OTC,2.09,2.09,1392,0,Genomic Solutions Inc,0,0,0
20011128,43957,GNSL',OTC,2.1,2.1,389,0,Genomic Solutions Inc,0,0,0
20011129,43957,GNSL',OTC,2.15,2.15,286,0,Genomic Solutions Inc,0,0,0
20011130,43957,GNSL',OTC,2.12,2.12,589,0,Genomic Solutions Inc,0,0,0
20011203,43957,GNSL',OTC,2.12,2.12,699,0,Genomic Solutions Inc,0,0,0
20011204,43957,GNSL',OTC,2.14,2.14,781,0,Genomic Solutions Inc,0,0,0
20011205,43957,GNSL',OTC,2.13,2.13,810,0,Genomic Solutions Inc,0,0,0
20011206,43957,GNSL',OTC,2.1,2.1,559,0,Genomic Solutions Inc,0,0,0
20011207,43957,GNSL',OTC,2.08,2.08,171,0,Genomic Solutions Inc,0,0,0
20011210,43957,GNSL',OTC,2.15,2.15,1040,0,Genomic Solutions Inc,0,0,0
20011211,43957,GNSL',OTC,2.11,2.11,498,0,Genomic Solutions Inc,0,0,0
20011212,43957,GNSL',OTC,2.15,2.15,291,0,Genomic Solutions Inc,0,0,0
20011213,43957,GNSL',OTC,2.02,2.02,630,0,Genomic Solutions Inc,0,0,0
20011214,43957,GNSL',OTC,2,2,1060,0,Genomic Solutions Inc,0,0,0
20011217,43957,GNSL',OTC,2,2,796,0,Genomic Solutions Inc,0,0,0
20011218,43957,GNSL',OTC,2.26,2.26,2135,0,Genomic Solutions Inc,0,0,0
20011219,43957,GNSL',OTC,2.06,2.06,1239,0,Genomic Solutions Inc,0,0,0
20011220,43957,GNSL',OTC,2.11,2.11,722,0,Genomic Solutions Inc,0,0,0
20011221,43957,GNSL',OTC,2.4,2.4,1072,0,Genomic Solutions Inc,0,0,0
20011224,43957,GNSL',OTC,2.35,2.35,290,0,Genomic Solutions Inc,0,0,0
20011226,43957,GNSL',OTC,2.25,2.25,433,0,Genomic Solutions Inc,0,0,0
20011227,43957,GNSL',OTC,2.38,2.38,757,0,Genomic Solutions Inc,0,0,0
20011228,43957,GNSL',OTC,2.5,2.5,1588,0,Genomic Solutions Inc,0,0,0
20011231,43957,GNSL',OTC,2.4,2.4,851,0,Genomic Solutions Inc,0,0,0
20020102,43957,GNSL',OTC,2.38,2.38,145,0,Genomic Solutions Inc,0,0,0
20020103,43957,GNSL',OTC,2.48,2.48,1808,0,Genomic Solutions Inc,0,0,0
20020104,43957,GNSL',OTC,2.44,2.44,742,0,Genomic Solutions Inc,0,0,0
20020107,43957,GNSL',OTC,2.52,2.52,345,0,Genomic Solutions Inc,0,0,0
20020108,43957,GNSL',OTC,2.48,2.48,505,0,Genomic Solutions Inc,0,0,0
20020109,43957,GNSL',OTC,2.49,2.49,1544,0,Genomic Solutions Inc,0,0,0
20020110,43957,GNSL',OTC,2.63,2.63,2114,0,Genomic Solutions Inc,0,0,0
20020111,43957,GNSL',OTC,2.4,2.4,309,0,Genomic Solutions Inc,0,0,0
20020114,43957,GNSL',OTC,2.45,2.45,300,0,Genomic Solutions Inc,0,0,0
20020115,43957,GNSL',OTC,2.35,2.35,244,0,Genomic Solutions Inc,0,0,0
20020116,43957,GNSL',OTC,2.33,2.33,91,0,Genomic Solutions Inc,0,0,0
20020117,43957,GNSL',OTC,2.36,2.36,196,0,Genomic Solutions Inc,0,0,0
20020118,43957,GNSL',OTC,2.33,2.33,236,0,Genomic Solutions Inc,0,0,0
20020122,43957,GNSL',OTC,2.35,2.35,347,0,Genomic Solutions Inc,0,0,0
20020123,43957,GNSL',OTC,2.33,2.33,122,0,Genomic Solutions Inc,0,0,0
20020124,43957,GNSL',OTC,2.35,2.35,132,0,Genomic Solutions Inc,0,0,0
20020125,43957,GNSL',OTC,2.32,2.32,203,0,Genomic Solutions Inc,0,0,0
20020128,43957,GNSL',OTC,2.26,2.26,132,0,Genomic Solutions Inc,0,0,0
20020129,43957,GNSL',OTC,2.32,2.32,69,0,Genomic Solutions Inc,0,0,0
20020130,43957,GNSL',OTC,2.19,2.19,212,0,Genomic Solutions Inc,0,0,0
20020131,43957,GNSL',OTC,2.24,2.24,121,0,Genomic Solutions Inc,0,0,0
20020201,43957,GNSL',OTC,2.2,2.2,237,0,Genomic Solutions Inc,0,0,0
20020204,43957,GNSL',OTC,2.16,2.16,107,0,Genomic Solutions Inc,0,0,0
20020205,43957,GNSL',OTC,2.2,2.2,48,0,Genomic Solutions Inc,0,0,0
20020206,43957,GNSL',OTC,2.15,2.15,194,0,Genomic Solutions Inc,0,0,0
20020207,43957,GNSL',OTC,2.1,2.1,402,0,Genomic Solutions Inc,0,0,0
20020208,43957,GNSL',OTC,2.12,2.12,193,0,Genomic Solutions Inc,0,0,0
20020211,43957,GNSL',OTC,2.3,2.3,220,0,Genomic Solutions Inc,0,0,0
20020212,43957,GNSL',OTC,2.09,2.09,265,0,Genomic Solutions Inc,0,0,0
20020213,43957,GNSL',OTC,2.19,2.19,172,0,Genomic Solutions Inc,0,0,0
20020214,43957,GNSL',OTC,2.12,2.12,920,0,Genomic Solutions Inc,0,0,0
20020215,43957,GNSL',OTC,1.89,1.89,665,0,Genomic Solutions Inc,0,0,0
20020219,43957,GNSL',OTC,2,2,186,0,Genomic Solutions Inc,0,0,0
20020220,43957,GNSL',OTC,1.73,1.73,318,0,Genomic Solutions Inc,0,0,0
20020221,43957,GNSL',OTC,1.95,1.95,409,0,Genomic Solutions Inc,0,0,0
20020222,43957,GNSL',OTC,1.85,1.85,309,0,Genomic Solutions Inc,0,0,0
20020225,43957,GNSL',OTC,1.83,1.83,205,0,Genomic Solutions Inc,0,0,0
20020226,43957,GNSL',OTC,1.77,1.77,860,0,Genomic Solutions Inc,0,0,0
20020227,43957,GNSL',OTC,1.68,1.68,235,0,Genomic Solutions Inc,0,0,0
20020228,43957,GNSL',OTC,1.56,1.56,497,0,Genomic Solutions Inc,0,0,0
20020301,43957,GNSL',OTC,1.6,1.6,1447,0,Genomic Solutions Inc,0,0,0
20020304,43957,GNSL',OTC,1.38,1.38,422,0,Genomic Solutions Inc,0,0,0
20020305,43957,GNSL',OTC,1.45,1.45,560,0,Genomic Solutions Inc,0,0,0
20020306,43957,GNSL',OTC,1.59,1.59,2686,0,Genomic Solutions Inc,0,0,0
20020307,43957,GNSL',OTC,1.84,1.84,737,0,Genomic Solutions Inc,0,0,0
20020308,43957,GNSL',OTC,1.9,1.9,1186,0,Genomic Solutions Inc,0,0,0
20020311,43957,GNSL',OTC,1.89,1.89,170,0,Genomic Solutions Inc,0,0,0
20020312,43957,GNSL',OTC,1.75,1.75,290,0,Genomic Solutions Inc,0,0,0
20020313,43957,GNSL',OTC,1.7,1.7,174,0,Genomic Solutions Inc,0,0,0
20020314,43957,GNSL',OTC,1.74,1.74,73,0,Genomic Solutions Inc,0,0,0
20020315,43957,GNSL',OTC,1.68,1.68,742,0,Genomic Solutions Inc,0,0,0
20020318,43957,GNSL',OTC,1.65,1.65,269,0,Genomic Solutions Inc,0,0,0
20020319,43957,GNSL',OTC,1.52,1.52,318,0,Genomic Solutions Inc,0,0,0
20020320,43957,GNSL',OTC,1.5,1.5,212,0,Genomic Solutions Inc,0,0,0
20020321,43957,GNSL',OTC,1.52,1.52,94,0,Genomic Solutions Inc,0,0,0
20020322,43957,GNSL',OTC,1.52,1.52,116,0,Genomic Solutions Inc,0,0,0
20020325,43957,GNSL',OTC,1.56,1.56,275,0,Genomic Solutions Inc,0,0,0
20020326,43957,GNSL',OTC,1.55,1.55,20,0,Genomic Solutions Inc,0,0,0
20020327,43957,GNSL',OTC,1.6,1.6,170,0,Genomic Solutions Inc,0,0,0
20020328,43957,GNSL',OTC,1.61,1.61,300,0,Genomic Solutions Inc,0,0,0
20020401,43957,GNSL',OTC,1.55,1.55,120,0,Genomic Solutions Inc,0,0,0
20020402,43957,GNSL',OTC,1.45,1.45,1207,0,Genomic Solutions Inc,0,0,0
20020403,43957,GNSL',OTC,1.2,1.2,1472,0,Genomic Solutions Inc,0,0,0
20020404,43957,GNSL',OTC,1.09,1.09,6513,0,Genomic Solutions Inc,0,0,0
20020405,43957,GNSL',OTC,1.03,1.03,2319,0,Genomic Solutions Inc,0,0,0
20020408,43957,GNSL',OTC,1.19,1.19,2454,0,Genomic Solutions Inc,0,0,0
20020409,43957,GNSL',OTC,1,1,4422,0,Genomic Solutions Inc,0,0,0
20020410,43957,GNSL',OTC,1.08,1.08,292,0,Genomic Solutions Inc,0,0,0
20020411,43957,GNSL',OTC,1.1,1.1,824,0,Genomic Solutions Inc,0,0,0
20020412,43957,GNSL',OTC,1.08,1.08,1209,0,Genomic Solutions Inc,0,0,0
20020415,43957,GNSL',OTC,1.07,1.07,278,0,Genomic Solutions Inc,0,0,0
20020416,43957,GNSL',OTC,1.1,1.1,623,0,Genomic Solutions Inc,0,0,0
20020417,43957,GNSL',OTC,1.11,1.11,1677,0,Genomic Solutions Inc,0,0,0
20020418,43957,GNSL',OTC,1.07,1.07,361,0,Genomic Solutions Inc,0,0,0
20020419,43957,GNSL',OTC,1.09,1.09,453,0,Genomic Solutions Inc,0,0,0
20020422,43957,GNSL',OTC,1.07,1.07,1204,0,Genomic Solutions Inc,0,0,0
20020423,43957,GNSL',OTC,1.1,1.1,1140,0,Genomic Solutions Inc,0,0,0
20020424,43957,GNSL',OTC,1.07,1.07,1615,0,Genomic Solutions Inc,0,0,0
20020425,43957,GNSL',OTC,1.03,1.03,3400,0,Genomic Solutions Inc,0,0,0
20020426,43957,GNSL',OTC,1.04,1.04,230,0,Genomic Solutions Inc,0,0,0
20020429,43957,GNSL',OTC,1.02,1.02,352,0,Genomic Solutions Inc,0,0,0
20020430,43957,GNSL',OTC,0.98,0.98,702,0,Genomic Solutions Inc,0,0,0
20020501,43957,GNSL',OTC,0.97,0.97,411,0,Genomic Solutions Inc,0,0,0
20020502,43957,GNSL',OTC,0.92,0.92,693,0,Genomic Solutions Inc,0,0,0
20020503,43957,GNSL',OTC,0.9,0.9,1487,0,Genomic Solutions Inc,0,0,0
20020506,43957,GNSL',OTC,0.8,0.8,425,0,Genomic Solutions Inc,0,0,0
20020507,43957,GNSL',OTC,0.81,0.81,489,0,Genomic Solutions Inc,0,0,0
20020508,43957,GNSL',OTC,0.81,0.81,529,0,Genomic Solutions Inc,0,0,0
20020509,43957,GNSL',OTC,0.78,0.78,717,0,Genomic Solutions Inc,0,0,0
20020510,43957,GNSL',OTC,0.8,0.8,510,0,Genomic Solutions Inc,0,0,0
20020513,43957,GNSL',OTC,0.77,0.77,811,0,Genomic Solutions Inc,0,0,0
20020514,43957,GNSL',OTC,0.78,0.78,996,0,Genomic Solutions Inc,0,0,0
20020515,43957,GNSL',OTC,0.73,0.73,1868,0,Genomic Solutions Inc,0,0,0
20020516,43957,GNSL',OTC,0.78,0.78,1935,0,Genomic Solutions Inc,0,0,0
20020517,43957,GNSL',OTC,0.75,0.75,5734,0,Genomic Solutions Inc,0,0,0
20020520,43957,GNSL',OTC,0.7,0.7,911,0,Genomic Solutions Inc,0,0,0
20020521,43957,GNSL',OTC,0.7,0.7,325,0,Genomic Solutions Inc,0,0,0
20020522,43957,GNSL',OTC,0.7,0.7,440,0,Genomic Solutions Inc,0,0,0
20020523,43957,GNSL',OTC,0.7,0.7,363,0,Genomic Solutions Inc,0,0,0
20020524,43957,GNSL',OTC,0.74,0.74,483,0,Genomic Solutions Inc,0,0,0
20020528,43957,GNSL',OTC,0.75,0.75,592,0,Genomic Solutions Inc,0,0,0
20020529,43957,GNSL',OTC,0.7,0.7,280,0,Genomic Solutions Inc,0,0,0
20020530,43957,GNSL',OTC,0.7,0.7,146,0,Genomic Solutions Inc,0,0,0
20020531,43957,GNSL',OTC,0.68,0.68,263,0,Genomic Solutions Inc,0,0,0
20020603,43957,GNSL',OTC,0.75,0.75,325,0,Genomic Solutions Inc,0,0,0
20020604,43957,GNSL',OTC,0.71,0.71,561,0,Genomic Solutions Inc,0,0,0
20020605,43957,GNSL',OTC,0.65,0.65,197,0,Genomic Solutions Inc,0,0,0
20020606,43957,GNSL',OTC,0.73,0.73,336,0,Genomic Solutions Inc,0,0,0
20020607,43957,GNSL',OTC,0.68,0.68,113,0,Genomic Solutions Inc,0,0,0
20020610,43957,GNSL',OTC,0.71,0.71,250,0,Genomic Solutions Inc,0,0,0
20020611,43957,GNSL',OTC,0.73,0.73,97,0,Genomic Solutions Inc,0,0,0
20020612,43957,GNSL',OTC,0.67,0.67,67,0,Genomic Solutions Inc,0,0,0
20020613,43957,GNSL',OTC,0.69,0.69,91,0,Genomic Solutions Inc,0,0,0
20020614,43957,GNSL',OTC,0.72,0.72,20,0,Genomic Solutions Inc,0,0,0
20020617,43957,GNSL',OTC,0.7,0.7,220,0,Genomic Solutions Inc,0,0,0
20020618,43957,GNSL',OTC,0.7,0.7,212,0,Genomic Solutions Inc,0,0,0
20020619,43957,GNSL',OTC,0.63,0.63,205,0,Genomic Solutions Inc,0,0,0
20020620,43957,GNSL',OTC,0.58,0.58,102,0,Genomic Solutions Inc,0,0,0
20020621,43957,GNSL',OTC,0.68,0.68,576,0,Genomic Solutions Inc,0,0,0
20020624,43957,GNSL',OTC,0.69,0.69,244,0,Genomic Solutions Inc,0,0,0
20020625,43957,GNSL',OTC,0.64,0.64,109,0,Genomic Solutions Inc,0,0,0
20020626,43957,GNSL',OTC,0.65,0.65,114,0,Genomic Solutions Inc,0,0,0
20020627,43957,GNSL',OTC,0.64,0.64,20,0,Genomic Solutions Inc,0,0,0
20020628,43957,GNSL',OTC,0.7,0.7,444,0,Genomic Solutions Inc,0,0,0
20020701,43957,GNSL',OTC,0.65,0.65,135,0,Genomic Solutions Inc,0,0,0
20020702,43957,GNSL',OTC,0.65,0.65,255,0,Genomic Solutions Inc,0,0,0
20020703,43957,GNSL',OTC,0.62,0.62,217,0,Genomic Solutions Inc,0,0,0
20020705,43957,GNSL',OTC,0.69,0.69,32,0,Genomic Solutions Inc,0,0,0
20020708,43957,GNSL',OTC,0.65,0.65,140,0,Genomic Solutions Inc,0,0,0
20020709,43957,GNSL',OTC,0.61,0.61,321,0,Genomic Solutions Inc,0,0,0
20020710,43957,GNSL',OTC,0.55,0.55,121,0,Genomic Solutions Inc,0,0,0
20020711,43957,GNSL',OTC,0.6,0.6,67,0,Genomic Solutions Inc,0,0,0
20020712,43957,GNSL',OTC,0.57,0.57,127,0,Genomic Solutions Inc,0,0,0
20020715,43957,GNSL',OTC,0.47,0.47,1033,0,Genomic Solutions Inc,0,0,0
20020716,43957,GNSL',OTC,0.4,0.4,701,0,Genomic Solutions Inc,0,0,0
20020717,43957,GNSL',OTC,0.49,0.49,206,0,Genomic Solutions Inc,0,0,0
20020718,43957,GNSL',OTC,0.75,0.75,10340,0,Genomic Solutions Inc,0,0,0
20020719,43957,GNSL',OTC,0.79,0.79,4429,0,Genomic Solutions Inc,0,0,0
20020722,43957,GNSL',OTC,0.75,0.75,3553,0,Genomic Solutions Inc,0,0,0
20020723,43957,GNSL',OTC,0.74,0.74,1706,0,Genomic Solutions Inc,0,0,0
20020724,43957,GNSL',OTC,0.75,0.75,4647,0,Genomic Solutions Inc,0,0,0
20020725,43957,GNSL',OTC,0.76,0.76,1392,0,Genomic Solutions Inc,0,0,0
20020726,43957,GNSL',OTC,0.82,0.82,1639,0,Genomic Solutions Inc,0,0,0
20020729,43957,GNSL',OTC,0.86,0.86,1157,0,Genomic Solutions Inc,0,0,0
20020730,43957,GNSL',OTC,0.75,0.75,962,0,Genomic Solutions Inc,0,0,0
20020731,43957,GNSL',OTC,0.73,0.73,667,0,Genomic Solutions Inc,0,0,0
20020801,43957,GNSL',OTC,0.72,0.72,422,0,Genomic Solutions Inc,0,0,0
20020802,43957,GNSL',OTC,0.7,0.7,1107,0,Genomic Solutions Inc,0,0,0
20020805,43957,GNSL',OTC,0.71,0.71,1391,0,Genomic Solutions Inc,0,0,0
20020806,43957,GNSL',OTC,0.71,0.71,1047,0,Genomic Solutions Inc,0,0,0
20020807,43957,GNSL',OTC,0.7,0.7,394,0,Genomic Solutions Inc,0,0,0
20020808,43957,GNSL',OTC,0.7,0.7,266,0,Genomic Solutions Inc,0,0,0
20020809,43957,GNSL',OTC,0.71,0.71,383,0,Genomic Solutions Inc,0,0,0
20020812,43957,GNSL',OTC,0.74,0.74,80,0,Genomic Solutions Inc,0,0,0
20020813,43957,GNSL',OTC,0.71,0.71,68,0,Genomic Solutions Inc,0,0,0
20020814,43957,GNSL',OTC,0.72,0.72,117,0,Genomic Solutions Inc,0,0,0
20020815,43957,GNSL',OTC,0.69,0.69,30,0,Genomic Solutions Inc,0,0,0
20020816,43957,GNSL',OTC,0.7,0.7,30,0,Genomic Solutions Inc,0,0,0
20020819,43957,GNSL',OTC,0.69,0.69,168,0,Genomic Solutions Inc,0,0,0
20020820,43957,GNSL',OTC,0.66,0.66,310,0,Genomic Solutions Inc,0,0,0
20020821,43957,GNSL',OTC,0.64,0.64,383,0,Genomic Solutions Inc,0,0,0
20020822,43957,GNSL',OTC,0.69,0.69,338,0,Genomic Solutions Inc,0,0,0
20020823,43957,GNSL',OTC,0.69,0.69,380,0,Genomic Solutions Inc,0,0,0
20020826,43957,GNSL',OTC,0.7,0.7,46,0,Genomic Solutions Inc,0,0,0
20020827,43957,GNSL',OTC,0.7,0.7,253,0,Genomic Solutions Inc,0,0,0
20020828,43957,GNSL',OTC,0.7,0.7,105,0,Genomic Solutions Inc,0,0,0
20020829,43957,GNSL',OTC,0.72,0.72,63,0,Genomic Solutions Inc,0,0,0
20020830,43957,GNSL',OTC,0.7,0.7,195,0,Genomic Solutions Inc,0,0,0
20020903,43957,GNSL',OTC,0.65,0.65,30,0,Genomic Solutions Inc,0,0,0
20020904,43957,GNSL',OTC,0.69,0.69,297,0,Genomic Solutions Inc,0,0,0
20020905,43957,GNSL',OTC,0.68,0.68,176,0,Genomic Solutions Inc,0,0,0
20020906,43957,GNSL',OTC,0.72,0.72,303,0,Genomic Solutions Inc,0,0,0
20020909,43957,GNSL',OTC,0.72,0.72,218,0,Genomic Solutions Inc,0,0,0
20020910,43957,GNSL',OTC,0.73,0.73,472,0,Genomic Solutions Inc,0,0,0
20020911,43957,GNSL',OTC,0.73,0.73,182,0,Genomic Solutions Inc,0,0,0
20020912,43957,GNSL',OTC,0.71,0.71,50,0,Genomic Solutions Inc,0,0,0
20020913,43957,GNSL',OTC,0.7,0.7,115,0,Genomic Solutions Inc,0,0,0
20020916,43957,GNSL',OTC,0.69,0.69,150,0,Genomic Solutions Inc,0,0,0
20020917,43957,GNSL',OTC,0.71,0.71,61,0,Genomic Solutions Inc,0,0,0
20020918,43957,GNSL',OTC,0.47,0.47,1500,0,Genomic Solutions Inc,0,0,0
20020919,43957,GNSL',OTC,0.53,0.53,1542,0,Genomic Solutions Inc,0,0,0
20020920,43957,GNSL',OTC,0.54,0.54,153,0,Genomic Solutions Inc,0,0,0
20020923,43957,GNSL',OTC,0.53,0.53,145,0,Genomic Solutions Inc,0,0,0
20020924,43957,GNSL',OTC,0.49,0.49,59,0,Genomic Solutions Inc,0,0,0
20020925,43957,GNSL',OTC,0.48,0.48,122,0,Genomic Solutions Inc,0,0,0
20020926,43957,GNSL',OTC,0.49,0.49,252,0,Genomic Solutions Inc,0,0,0
20020927,43957,GNSL',OTC,0.55,0.55,301,0,Genomic Solutions Inc,0,0,0
20020930,43957,GNSL',OTC,0.54,0.54,247,0,Genomic Solutions Inc,0,0,0
20021001,43957,GNSL',OTC,0.53,0.53,163,0,Genomic Solutions Inc,0,0,0
20021002,43957,GNSL',OTC,0.53,0.53,81,0,Genomic Solutions Inc,0,0,0
20021003,43957,GNSL',OTC,0.55,0.55,838,0,Genomic Solutions Inc,0,0,0
20021004,43957,GNSL',OTC,0.54,0.54,30,0,Genomic Solutions Inc,0,0,0
20021007,43957,GNSL',OTC,0.56,0.56,667,0,Genomic Solutions Inc,0,0,0
20021008,43957,GNSL',OTC,0.56,0.56,720,0,Genomic Solutions Inc,0,0,0
20021009,43957,GNSL',OTC,0.54,0.54,246,0,Genomic Solutions Inc,0,0,0
20021010,43957,GNSL',OTC,0.55,0.55,357,0,Genomic Solutions Inc,0,0,0
20021011,43957,GNSL',OTC,0.58,0.58,433,0,Genomic Solutions Inc,0,0,0
20021014,43957,GNSL',OTC,0.57,0.57,190,0,Genomic Solutions Inc,0,0,0
20021015,43957,GNSL',OTC,0.56,0.56,206,0,Genomic Solutions Inc,0,0,0
20021016,43957,GNSL',OTC,0.55,0.55,448,0,Genomic Solutions Inc,0,0,0
20021017,43957,GNSL',OTC,0.56,0.56,189,0,Genomic Solutions Inc,0,0,0
20021018,43957,GNSL',OTC,0.54,0.54,353,0,Genomic Solutions Inc,0,0,0
20021021,43957,GNSL',OTC,0.57,0.57,551,0,Genomic Solutions Inc,0,0,0
20021022,43957,GNSL',OTC,0.54,0.54,109,0,Genomic Solutions Inc,0,0,0
20021023,43957,GNSL',OTC,0.56,0.56,102,0,Genomic Solutions Inc,0,0,0
20021024,43957,GNSL',OTC,0.55,0.55,64,0,Genomic Solutions Inc,0,0,0
