DDate,CSINumber,Symbol,Exchange,DClose,UnAdjustedClose,TotalVolume,Cash,MarketName,PTB,PSR,DPS
19990611,49192,EMDG',OTC,0.875,0.875,1462,0,Empyrean Bioscience,0,0,0
19990614,49192,EMDG',OTC,0.812,0.812,809,0,Empyrean Bioscience,0,0,0
19990615,49192,EMDG',OTC,0.812,0.812,1456,0,Empyrean Bioscience,0,0,0
19990616,49192,EMDG',OTC,0.843,0.843,640,0,Empyrean Bioscience,0,0,0
19990617,49192,EMDG',OTC,0.812,0.812,508,0,Empyrean Bioscience,0,0,0
19990618,49192,EMDG',OTC,0.781,0.781,641,0,Empyrean Bioscience,0,0,0
19990621,49192,EMDG',OTC,0.78,0.78,986,0,Empyrean Bioscience,0,0,0
19990622,49192,EMDG',OTC,0.781,0.781,1171,0,Empyrean Bioscience,0,0,0
19990623,49192,EMDG',OTC,0.781,0.781,1628,0,Empyrean Bioscience,0,0,0
19990624,49192,EMDG',OTC,0.76,0.76,1838,0,Empyrean Bioscience,0,0,0
19990625,49192,EMDG',OTC,0.687,0.687,2518,0,Empyrean Bioscience,0,0,0
19990628,49192,EMDG',OTC,0.718,0.718,324,0,Empyrean Bioscience,0,0,0
19990629,49192,EMDG',OTC,0.687,0.687,71,0,Empyrean Bioscience,0,0,0
19990630,49192,EMDG',OTC,0.715,0.715,487,0,Empyrean Bioscience,0,0,0
19990701,49192,EMDG',OTC,0.718,0.718,873,0,Empyrean Bioscience,0,0,0
19990702,49192,EMDG',OTC,0.781,0.781,484,0,Empyrean Bioscience,0,0,0
19990706,49192,EMDG',OTC,0.75,0.75,813,0,Empyrean Bioscience,0,0,0
19990707,49192,EMDG',OTC,0.718,0.718,1794,0,Empyrean Bioscience,0,0,0
19990708,49192,EMDG',OTC,0.75,0.75,435,0,Empyrean Bioscience,0,0,0
19990709,49192,EMDG',OTC,0.718,0.718,88,0,Empyrean Bioscience,0,0,0
19990712,49192,EMDG',OTC,0.781,0.781,450,0,Empyrean Bioscience,0,0,0
19990713,49192,EMDG',OTC,0.812,0.812,1988,0,Empyrean Bioscience,0,0,0
19990714,49192,EMDG',OTC,0.781,0.781,2130,0,Empyrean Bioscience,0,0,0
19990715,49192,EMDG',OTC,0.843,0.843,1786,0,Empyrean Bioscience,0,0,0
19990716,49192,EMDG',OTC,0.906,0.906,2158,0,Empyrean Bioscience,0,0,0
19990719,49192,EMDG',OTC,0.85,0.85,3740,0,Empyrean Bioscience,0,0,0
19990720,49192,EMDG',OTC,0.875,0.875,1789,0,Empyrean Bioscience,0,0,0
19990721,49192,EMDG',OTC,0.937,0.937,2974,0,Empyrean Bioscience,0,0,0
19990722,49192,EMDG',OTC,0.875,0.875,2790,0,Empyrean Bioscience,0,0,0
19990723,49192,EMDG',OTC,0.843,0.843,2961,0,Empyrean Bioscience,0,0,0
19990726,49192,EMDG',OTC,0.843,0.843,1997,0,Empyrean Bioscience,0,0,0
19990727,49192,EMDG',OTC,0.781,0.781,822,0,Empyrean Bioscience,0,0,0
19990728,49192,EMDG',OTC,0.843,0.843,6035,0,Empyrean Bioscience,0,0,0
19990729,49192,EMDG',OTC,0.812,0.812,2324,0,Empyrean Bioscience,0,0,0
19990730,49192,EMDG',OTC,0.75,0.75,1456,0,Empyrean Bioscience,0,0,0
19990802,49192,EMDG',OTC,0.687,0.687,1098,0,Empyrean Bioscience,0,0,0
19990803,49192,EMDG',OTC,0.75,0.75,359,0,Empyrean Bioscience,0,0,0
19990804,49192,EMDG',OTC,0.656,0.656,481,0,Empyrean Bioscience,0,0,0
19990805,49192,EMDG',OTC,0.73,0.73,732,0,Empyrean Bioscience,0,0,0
19990806,49192,EMDG',OTC,0.656,0.656,823,0,Empyrean Bioscience,0,0,0
19990809,49192,EMDG',OTC,0.7,0.7,381,0,Empyrean Bioscience,0,0,0
19990810,49192,EMDG',OTC,0.75,0.75,457,0,Empyrean Bioscience,0,0,0
19990811,49192,EMDG',OTC,0.75,0.75,232,0,Empyrean Bioscience,0,0,0
19990812,49192,EMDG',OTC,0.718,0.718,617,0,Empyrean Bioscience,0,0,0
19990813,49192,EMDG',OTC,0.781,0.781,652,0,Empyrean Bioscience,0,0,0
19990816,49192,EMDG',OTC,0.781,0.781,1110,0,Empyrean Bioscience,0,0,0
19990817,49192,EMDG',OTC,0.718,0.718,1143,0,Empyrean Bioscience,0,0,0
19990818,49192,EMDG',OTC,0.718,0.718,772,0,Empyrean Bioscience,0,0,0
19990819,49192,EMDG',OTC,0.75,0.75,388,0,Empyrean Bioscience,0,0,0
19990820,49192,EMDG',OTC,0.718,0.718,452,0,Empyrean Bioscience,0,0,0
19990823,49192,EMDG',OTC,0.718,0.718,58300,0,Empyrean Bioscience,0,0,0
19990824,49192,EMDG',OTC,0.75,0.75,45600,0,Empyrean Bioscience,0,0,0
19990825,49192,EMDG',OTC,0.687,0.687,609,0,Empyrean Bioscience,0,0,0
19990826,49192,EMDG',OTC,0.718,0.718,1531,0,Empyrean Bioscience,0,0,0
19990827,49192,EMDG',OTC,0.75,0.75,1954,0,Empyrean Bioscience,0,0,0
19990830,49192,EMDG',OTC,0.75,0.75,473,0,Empyrean Bioscience,0,0,0
19990831,49192,EMDG',OTC,0.718,0.718,359,0,Empyrean Bioscience,0,0,0
19990901,49192,EMDG',OTC,0.75,0.75,699,0,Empyrean Bioscience,0,0,0
19990902,49192,EMDG',OTC,0.718,0.718,221,0,Empyrean Bioscience,0,0,0
19990903,49192,EMDG',OTC,0.718,0.718,495,0,Empyrean Bioscience,0,0,0
19990907,49192,EMDG',OTC,0.75,0.75,1792,0,Empyrean Bioscience,0,0,0
19990908,49192,EMDG',OTC,0.73,0.73,644,0,Empyrean Bioscience,0,0,0
19990909,49192,EMDG',OTC,0.73,0.73,230,0,Empyrean Bioscience,0,0,0
19990910,49192,EMDG',OTC,0.7,0.7,793,0,Empyrean Bioscience,0,0,0
19990913,49192,EMDG',OTC,0.68,0.68,495,0,Empyrean Bioscience,0,0,0
19990914,49192,EMDG',OTC,0.68,0.68,562,0,Empyrean Bioscience,0,0,0
19990915,49192,EMDG',OTC,0.656,0.656,684,0,Empyrean Bioscience,0,0,0
19990916,49192,EMDG',OTC,0.71,0.71,718,0,Empyrean Bioscience,0,0,0
19990917,49192,EMDG',OTC,0.71,0.71,805,0,Empyrean Bioscience,0,0,0
19990920,49192,EMDG',OTC,0.66,0.66,504,0,Empyrean Bioscience,0,0,0
19990921,49192,EMDG',OTC,0.687,0.687,1810,0,Empyrean Bioscience,0,0,0
19990922,49192,EMDG',OTC,0.687,0.687,206,0,Empyrean Bioscience,0,0,0
19990923,49192,EMDG',OTC,0.687,0.687,605,0,Empyrean Bioscience,0,0,0
19990924,49192,EMDG',OTC,0.656,0.656,244,0,Empyrean Bioscience,0,0,0
19990927,49192,EMDG',OTC,0.687,0.687,378,0,Empyrean Bioscience,0,0,0
19990928,49192,EMDG',OTC,0.64,0.64,1344,0,Empyrean Bioscience,0,0,0
19990929,49192,EMDG',OTC,0.63,0.63,816,0,Empyrean Bioscience,0,0,0
19990930,49192,EMDG',OTC,0.62,0.62,748,0,Empyrean Bioscience,0,0,0
19991001,49192,EMDG',OTC,0.625,0.625,269,0,Empyrean Bioscience,0,0,0
19991004,49192,EMDG',OTC,0.6,0.6,628,0,Empyrean Bioscience,0,0,0
19991005,49192,EMDG',OTC,0.625,0.625,148,0,Empyrean Bioscience,0,0,0
19991006,49192,EMDG',OTC,0.66,0.66,323,0,Empyrean Bioscience,0,0,0
19991007,49192,EMDG',OTC,0.718,0.718,928,0,Empyrean Bioscience,0,0,0
19991008,49192,EMDG',OTC,0.75,0.75,529,0,Empyrean Bioscience,0,0,0
19991011,49192,EMDG',OTC,0.656,0.656,19,0,Empyrean Bioscience,0,0,0
19991012,49192,EMDG',OTC,0.656,0.656,534,0,Empyrean Bioscience,0,0,0
19991013,49192,EMDG',OTC,0.718,0.718,780,0,Empyrean Bioscience,0,0,0
19991014,49192,EMDG',OTC,0.593,0.593,1085,0,Empyrean Bioscience,0,0,0
19991015,49192,EMDG',OTC,0.625,0.625,1348,0,Empyrean Bioscience,0,0,0
19991018,49192,EMDG',OTC,0.562,0.562,538,0,Empyrean Bioscience,0,0,0
19991019,49192,EMDG',OTC,0.562,0.562,698,0,Empyrean Bioscience,0,0,0
19991020,49192,EMDG',OTC,0.593,0.593,863,0,Empyrean Bioscience,0,0,0
19991021,49192,EMDG',OTC,0.5,0.5,2603,0,Empyrean Bioscience,0,0,0
19991022,49192,EMDG',OTC,0.5,0.5,0,0,Empyrean Bioscience,0,0,0
19991025,49192,EMDG',OTC,0.5,0.5,0,0,Empyrean Bioscience,0,0,0
19991026,49192,EMDG',OTC,0.5,0.5,0,0,Empyrean Bioscience,0,0,0
19991027,49192,EMDG',OTC,0.5,0.5,0,0,Empyrean Bioscience,0,0,0
19991028,49192,EMDG',OTC,0.5,0.5,0,0,Empyrean Bioscience,0,0,0
19991029,49192,EMDG',OTC,0.5,0.5,0,0,Empyrean Bioscience,0,0,0
19991101,49192,EMDG',OTC,0.5,0.5,0,0,Empyrean Bioscience,0,0,0
19991102,49192,EMDG',OTC,0.5,0.5,0,0,Empyrean Bioscience,0,0,0
19991103,49192,EMDG',OTC,0.5,0.5,0,0,Empyrean Bioscience,0,0,0
19991104,49192,EMDG',OTC,0.5,0.5,0,0,Empyrean Bioscience,0,0,0
19991105,49192,EMDG',OTC,0.5,0.5,0,0,Empyrean Bioscience,0,0,0
19991108,49192,EMDG',OTC,0.5,0.5,0,0,Empyrean Bioscience,0,0,0
19991109,49192,EMDG',OTC,0.5,0.5,0,0,Empyrean Bioscience,0,0,0
19991110,49192,EMDG',OTC,0.5,0.5,0,0,Empyrean Bioscience,0,0,0
19991111,49192,EMDG',OTC,0.5,0.5,0,0,Empyrean Bioscience,0,0,0
19991112,49192,EMDG',OTC,0.5,0.5,0,0,Empyrean Bioscience,0,0,0
19991115,49192,EMDG',OTC,0.5,0.5,0,0,Empyrean Bioscience,0,0,0
19991116,49192,EMDG',OTC,0.5,0.5,0,0,Empyrean Bioscience,0,0,0
19991117,49192,EMDG',OTC,0.5,0.5,0,0,Empyrean Bioscience,0,0,0
19991118,49192,EMDG',OTC,0.593,0.593,655,0,Empyrean Bioscience,0,0,0
19991119,49192,EMDG',OTC,0.562,0.562,1200,0,Empyrean Bioscience,0,0,0
19991122,49192,EMDG',OTC,0.625,0.625,644,0,Empyrean Bioscience,0,0,0
19991123,49192,EMDG',OTC,0.575,0.575,1494,0,Empyrean Bioscience,0,0,0
19991124,49192,EMDG',OTC,0.575,0.575,803,0,Empyrean Bioscience,0,0,0
19991126,49192,EMDG',OTC,0.57,0.57,521,0,Empyrean Bioscience,0,0,0
19991129,49192,EMDG',OTC,0.656,0.656,1562,0,Empyrean Bioscience,0,0,0
19991130,49192,EMDG',OTC,0.51,0.51,111,0,Empyrean Bioscience,0,0,0
19991201,49192,EMDG',OTC,0.625,0.625,809,0,Empyrean Bioscience,0,0,0
19991202,49192,EMDG',OTC,0.593,0.593,1554,0,Empyrean Bioscience,0,0,0
19991203,49192,EMDG',OTC,0.51,0.51,1671,0,Empyrean Bioscience,0,0,0
19991206,49192,EMDG',OTC,0.49,0.49,1223,0,Empyrean Bioscience,0,0,0
19991207,49192,EMDG',OTC,0.52,0.52,688,0,Empyrean Bioscience,0,0,0
19991208,49192,EMDG',OTC,0.5,0.5,1765,0,Empyrean Bioscience,0,0,0
19991209,49192,EMDG',OTC,0.45,0.45,323,0,Empyrean Bioscience,0,0,0
19991210,49192,EMDG',OTC,0.48,0.48,256,0,Empyrean Bioscience,0,0,0
19991213,49192,EMDG',OTC,0.48,0.48,2218,0,Empyrean Bioscience,0,0,0
19991214,49192,EMDG',OTC,0.75,0.75,8254,0,Empyrean Bioscience,0,0,0
19991215,49192,EMDG',OTC,0.687,0.687,5564,0,Empyrean Bioscience,0,0,0
19991216,49192,EMDG',OTC,0.718,0.718,1011,0,Empyrean Bioscience,0,0,0
19991217,49192,EMDG',OTC,0.65,0.65,1421,0,Empyrean Bioscience,0,0,0
19991220,49192,EMDG',OTC,0.67,0.67,1013,0,Empyrean Bioscience,0,0,0
19991221,49192,EMDG',OTC,0.68,0.68,1444,0,Empyrean Bioscience,0,0,0
19991222,49192,EMDG',OTC,0.71,0.71,854,0,Empyrean Bioscience,0,0,0
19991223,49192,EMDG',OTC,0.625,0.625,2006,0,Empyrean Bioscience,0,0,0
19991227,49192,EMDG',OTC,0.562,0.562,370,0,Empyrean Bioscience,0,0,0
19991228,49192,EMDG',OTC,0.55,0.55,323,0,Empyrean Bioscience,0,0,0
19991229,49192,EMDG',OTC,0.593,0.593,639,0,Empyrean Bioscience,0,0,0
19991230,49192,EMDG',OTC,0.55,0.55,1817,0,Empyrean Bioscience,0,0,0
19991231,49192,EMDG',OTC,0.54,0.54,949,0,Empyrean Bioscience,0,0,0
20000103,49192,EMDG',OTC,0.51,0.51,1315,0,Empyrean Bioscience,0,0,0
20000104,49192,EMDG',OTC,0.54,0.54,2000,0,Empyrean Bioscience,0,0,0
20000105,49192,EMDG',OTC,0.54,0.54,650,0,Empyrean Bioscience,0,0,0
20000106,49192,EMDG',OTC,0.57,0.57,1550,0,Empyrean Bioscience,0,0,0
20000107,49192,EMDG',OTC,0.61,0.61,4516,0,Empyrean Bioscience,0,0,0
20000110,49192,EMDG',OTC,0.6,0.6,1844,0,Empyrean Bioscience,0,0,0
20000111,49192,EMDG',OTC,0.56,0.56,242,0,Empyrean Bioscience,0,0,0
20000112,49192,EMDG',OTC,0.562,0.562,1263,0,Empyrean Bioscience,0,0,0
20000113,49192,EMDG',OTC,0.595,0.595,1994,0,Empyrean Bioscience,0,0,0
20000114,49192,EMDG',OTC,0.56,0.56,359,0,Empyrean Bioscience,0,0,0
20000118,49192,EMDG',OTC,0.59,0.59,371,0,Empyrean Bioscience,0,0,0
20000119,49192,EMDG',OTC,0.57,0.57,558,0,Empyrean Bioscience,0,0,0
20000120,49192,EMDG',OTC,0.62,0.62,2901,0,Empyrean Bioscience,0,0,0
20000121,49192,EMDG',OTC,0.6,0.6,2553,0,Empyrean Bioscience,0,0,0
20000124,49192,EMDG',OTC,0.6,0.6,551,0,Empyrean Bioscience,0,0,0
20000125,49192,EMDG',OTC,0.63,0.63,692,0,Empyrean Bioscience,0,0,0
20000126,49192,EMDG',OTC,0.66,0.66,1256,0,Empyrean Bioscience,0,0,0
20000127,49192,EMDG',OTC,0.656,0.656,1495,0,Empyrean Bioscience,0,0,0
20000128,49192,EMDG',OTC,0.625,0.625,305,0,Empyrean Bioscience,0,0,0
20000131,49192,EMDG',OTC,0.65,0.65,352,0,Empyrean Bioscience,0,0,0
20000201,49192,EMDG',OTC,0.6,0.6,739,0,Empyrean Bioscience,0,0,0
20000202,49192,EMDG',OTC,0.6,0.6,775,0,Empyrean Bioscience,0,0,0
20000203,49192,EMDG',OTC,0.58,0.58,798,0,Empyrean Bioscience,0,0,0
20000204,49192,EMDG',OTC,0.61,0.61,487,0,Empyrean Bioscience,0,0,0
20000207,49192,EMDG',OTC,0.54,0.54,1243,0,Empyrean Bioscience,0,0,0
20000208,49192,EMDG',OTC,0.61,0.61,919,0,Empyrean Bioscience,0,0,0
20000209,49192,EMDG',OTC,0.61,0.61,1883,0,Empyrean Bioscience,0,0,0
20000210,49192,EMDG',OTC,0.7,0.7,1732,0,Empyrean Bioscience,0,0,0
20000211,49192,EMDG',OTC,0.812,0.812,5984,0,Empyrean Bioscience,0,0,0
20000214,49192,EMDG',OTC,0.8,0.8,4395,0,Empyrean Bioscience,0,0,0
20000215,49192,EMDG',OTC,0.79,0.79,2490,0,Empyrean Bioscience,0,0,0
20000216,49192,EMDG',OTC,0.77,0.77,1253,0,Empyrean Bioscience,0,0,0
20000217,49192,EMDG',OTC,0.78,0.78,1214,0,Empyrean Bioscience,0,0,0
20000218,49192,EMDG',OTC,0.78,0.78,2126,0,Empyrean Bioscience,0,0,0
20000222,49192,EMDG',OTC,1.01,1.01,15227,0,Empyrean Bioscience,0,0,0
20000223,49192,EMDG',OTC,1.375,1.375,13041,0,Empyrean Bioscience,0,0,0
20000224,49192,EMDG',OTC,1.47,1.47,13271,0,Empyrean Bioscience,0,0,0
20000225,49192,EMDG',OTC,1.5,1.5,5823,0,Empyrean Bioscience,0,0,0
20000228,49192,EMDG',OTC,1.25,1.25,5351,0,Empyrean Bioscience,0,0,0
20000229,49192,EMDG',OTC,1.2,1.2,11135,0,Empyrean Bioscience,0,0,0
20000301,49192,EMDG',OTC,1.32,1.32,4713,0,Empyrean Bioscience,0,0,0
20000302,49192,EMDG',OTC,1.49,1.49,6723,0,Empyrean Bioscience,0,0,0
20000303,49192,EMDG',OTC,1.781,1.781,15659,0,Empyrean Bioscience,0,0,0
20000306,49192,EMDG',OTC,1.937,1.937,6748,0,Empyrean Bioscience,0,0,0
20000307,49192,EMDG',OTC,1.75,1.75,7117,0,Empyrean Bioscience,0,0,0
20000308,49192,EMDG',OTC,1.656,1.656,6742,0,Empyrean Bioscience,0,0,0
20000309,49192,EMDG',OTC,1.656,1.656,3534,0,Empyrean Bioscience,0,0,0
20000310,49192,EMDG',OTC,2.093,2.093,13235,0,Empyrean Bioscience,0,0,0
20000313,49192,EMDG',OTC,2.625,2.625,16964,0,Empyrean Bioscience,0,0,0
20000314,49192,EMDG',OTC,3.562,3.562,18622,0,Empyrean Bioscience,0,0,0
20000315,49192,EMDG',OTC,2.875,2.875,16998,0,Empyrean Bioscience,0,0,0
20000316,49192,EMDG',OTC,2.531,2.531,7331,0,Empyrean Bioscience,0,0,0
20000317,49192,EMDG',OTC,2.656,2.656,5021,0,Empyrean Bioscience,0,0,0
20000320,49192,EMDG',OTC,2.562,2.562,3220,0,Empyrean Bioscience,0,0,0
20000321,49192,EMDG',OTC,2.5,2.5,2795,0,Empyrean Bioscience,0,0,0
20000322,49192,EMDG',OTC,2.187,2.187,4498,0,Empyrean Bioscience,0,0,0
20000323,49192,EMDG',OTC,1.781,1.781,4598,0,Empyrean Bioscience,0,0,0
20000324,49192,EMDG',OTC,2,2,3856,0,Empyrean Bioscience,0,0,0
20000327,49192,EMDG',OTC,1.843,1.843,2031,0,Empyrean Bioscience,0,0,0
20000328,49192,EMDG',OTC,1.75,1.75,2982,0,Empyrean Bioscience,0,0,0
20000329,49192,EMDG',OTC,1.968,1.968,1922,0,Empyrean Bioscience,0,0,0
20000330,49192,EMDG',OTC,1.875,1.875,1262,0,Empyrean Bioscience,0,0,0
20000331,49192,EMDG',OTC,1.75,1.75,2571,0,Empyrean Bioscience,0,0,0
20000403,49192,EMDG',OTC,1.781,1.781,914,0,Empyrean Bioscience,0,0,0
20000404,49192,EMDG',OTC,1.562,1.562,2926,0,Empyrean Bioscience,0,0,0
20000405,49192,EMDG',OTC,1.656,1.656,746,0,Empyrean Bioscience,0,0,0
20000406,49192,EMDG',OTC,1.625,1.625,1675,0,Empyrean Bioscience,0,0,0
20000407,49192,EMDG',OTC,1.5,1.5,1828,0,Empyrean Bioscience,0,0,0
20000410,49192,EMDG',OTC,1.25,1.25,1587,0,Empyrean Bioscience,0,0,0
20000411,49192,EMDG',OTC,1.093,1.093,3949,0,Empyrean Bioscience,0,0,0
20000412,49192,EMDG',OTC,0.906,0.906,2490,0,Empyrean Bioscience,0,0,0
20000413,49192,EMDG',OTC,1.437,1.437,1280,0,Empyrean Bioscience,0,0,0
20000414,49192,EMDG',OTC,1.25,1.25,1833,0,Empyrean Bioscience,0,0,0
20000417,49192,EMDG',OTC,0.875,0.875,4329,0,Empyrean Bioscience,0,0,0
20000418,49192,EMDG',OTC,0.812,0.812,6428,0,Empyrean Bioscience,0,0,0
20000419,49192,EMDG',OTC,1,1,3941,0,Empyrean Bioscience,0,0,0
20000420,49192,EMDG',OTC,0.937,0.937,1276,0,Empyrean Bioscience,0,0,0
20000424,49192,EMDG',OTC,0.875,0.875,474,0,Empyrean Bioscience,0,0,0
20000425,49192,EMDG',OTC,1,1,888,0,Empyrean Bioscience,0,0,0
20000426,49192,EMDG',OTC,0.875,0.875,1121,0,Empyrean Bioscience,0,0,0
20000427,49192,EMDG',OTC,0.937,0.937,425,0,Empyrean Bioscience,0,0,0
20000428,49192,EMDG',OTC,0.781,0.781,964,0,Empyrean Bioscience,0,0,0
20000501,49192,EMDG',OTC,0.812,0.812,2595,0,Empyrean Bioscience,0,0,0
20000502,49192,EMDG',OTC,0.8,0.8,1085,0,Empyrean Bioscience,0,0,0
20000503,49192,EMDG',OTC,0.55,0.55,7372,0,Empyrean Bioscience,0,0,0
20000504,49192,EMDG',OTC,0.656,0.656,7750,0,Empyrean Bioscience,0,0,0
20000505,49192,EMDG',OTC,0.656,0.656,2985,0,Empyrean Bioscience,0,0,0
20000508,49192,EMDG',OTC,0.656,0.656,1421,0,Empyrean Bioscience,0,0,0
20000509,49192,EMDG',OTC,0.85,0.85,2460,0,Empyrean Bioscience,0,0,0
20000510,49192,EMDG',OTC,0.812,0.812,994,0,Empyrean Bioscience,0,0,0
20000511,49192,EMDG',OTC,0.75,0.75,1570,0,Empyrean Bioscience,0,0,0
20000512,49192,EMDG',OTC,0.718,0.718,221,0,Empyrean Bioscience,0,0,0
20000515,49192,EMDG',OTC,0.7,0.7,569,0,Empyrean Bioscience,0,0,0
20000516,49192,EMDG',OTC,0.656,0.656,345,0,Empyrean Bioscience,0,0,0
20000517,49192,EMDG',OTC,0.75,0.75,206,0,Empyrean Bioscience,0,0,0
20000518,49192,EMDG',OTC,0.75,0.75,268,0,Empyrean Bioscience,0,0,0
20000519,49192,EMDG',OTC,0.687,0.687,282,0,Empyrean Bioscience,0,0,0
20000522,49192,EMDG',OTC,0.781,0.781,842,0,Empyrean Bioscience,0,0,0
20000523,49192,EMDG',OTC,0.7,0.7,614,0,Empyrean Bioscience,0,0,0
20000524,49192,EMDG',OTC,0.687,0.687,885,0,Empyrean Bioscience,0,0,0
20000525,49192,EMDG',OTC,0.656,0.656,339,0,Empyrean Bioscience,0,0,0
20000526,49192,EMDG',OTC,0.625,0.625,603,0,Empyrean Bioscience,0,0,0
20000530,49192,EMDG',OTC,0.625,0.625,425,0,Empyrean Bioscience,0,0,0
20000531,49192,EMDG',OTC,0.625,0.625,189,0,Empyrean Bioscience,0,0,0
20000601,49192,EMDG',OTC,0.656,0.656,171,0,Empyrean Bioscience,0,0,0
20000602,49192,EMDG',OTC,0.7,0.7,181,0,Empyrean Bioscience,0,0,0
20000605,49192,EMDG',OTC,0.781,0.781,532,0,Empyrean Bioscience,0,0,0
20000606,49192,EMDG',OTC,0.625,0.625,96,0,Empyrean Bioscience,0,0,0
20000607,49192,EMDG',OTC,0.656,0.656,540,0,Empyrean Bioscience,0,0,0
20000608,49192,EMDG',OTC,0.656,0.656,327,0,Empyrean Bioscience,0,0,0
20000609,49192,EMDG',OTC,0.687,0.687,191,0,Empyrean Bioscience,0,0,0
20000612,49192,EMDG',OTC,0.75,0.75,91,0,Empyrean Bioscience,0,0,0
20000613,49192,EMDG',OTC,0.718,0.718,149,0,Empyrean Bioscience,0,0,0
20000614,49192,EMDG',OTC,0.718,0.718,141,0,Empyrean Bioscience,0,0,0
20000615,49192,EMDG',OTC,0.64,0.64,1351,0,Empyrean Bioscience,0,0,0
20000616,49192,EMDG',OTC,0.6,0.6,846,0,Empyrean Bioscience,0,0,0
20000619,49192,EMDG',OTC,0.6,0.6,448,0,Empyrean Bioscience,0,0,0
20000620,49192,EMDG',OTC,0.625,0.625,233,0,Empyrean Bioscience,0,0,0
20000621,49192,EMDG',OTC,0.581,0.581,746,0,Empyrean Bioscience,0,0,0
20000622,49192,EMDG',OTC,0.625,0.625,817,0,Empyrean Bioscience,0,0,0
20000623,49192,EMDG',OTC,0.64,0.64,134,0,Empyrean Bioscience,0,0,0
20000626,49192,EMDG',OTC,0.625,0.625,1035,0,Empyrean Bioscience,0,0,0
20000627,49192,EMDG',OTC,0.593,0.593,524,0,Empyrean Bioscience,0,0,0
20000628,49192,EMDG',OTC,0.6,0.6,914,0,Empyrean Bioscience,0,0,0
20000629,49192,EMDG',OTC,0.531,0.531,615,0,Empyrean Bioscience,0,0,0
20000630,49192,EMDG',OTC,0.5,0.5,1101,0,Empyrean Bioscience,0,0,0
20000703,49192,EMDG',OTC,0.562,0.562,424,0,Empyrean Bioscience,0,0,0
20000705,49192,EMDG',OTC,0.5,0.5,396,0,Empyrean Bioscience,0,0,0
20000706,49192,EMDG',OTC,0.531,0.531,1001,0,Empyrean Bioscience,0,0,0
20000707,49192,EMDG',OTC,0.625,0.625,96,0,Empyrean Bioscience,0,0,0
20000710,49192,EMDG',OTC,0.625,0.625,780,0,Empyrean Bioscience,0,0,0
20000711,49192,EMDG',OTC,0.625,0.625,867,0,Empyrean Bioscience,0,0,0
20000712,49192,EMDG',OTC,0.531,0.531,1244,0,Empyrean Bioscience,0,0,0
20000713,49192,EMDG',OTC,0.625,0.625,125,0,Empyrean Bioscience,0,0,0
20000714,49192,EMDG',OTC,0.562,0.562,1106,0,Empyrean Bioscience,0,0,0
20000717,49192,EMDG',OTC,0.656,0.656,731,0,Empyrean Bioscience,0,0,0
20000718,49192,EMDG',OTC,0.781,0.781,3741,0,Empyrean Bioscience,0,0,0
20000719,49192,EMDG',OTC,0.75,0.75,2253,0,Empyrean Bioscience,0,0,0
20000720,49192,EMDG',OTC,0.687,0.687,697,0,Empyrean Bioscience,0,0,0
20000721,49192,EMDG',OTC,0.781,0.781,1385,0,Empyrean Bioscience,0,0,0
20000724,49192,EMDG',OTC,0.843,0.843,1134,0,Empyrean Bioscience,0,0,0
20000725,49192,EMDG',OTC,0.75,0.75,1838,0,Empyrean Bioscience,0,0,0
20000726,49192,EMDG',OTC,0.75,0.75,286,0,Empyrean Bioscience,0,0,0
20000727,49192,EMDG',OTC,0.718,0.718,356,0,Empyrean Bioscience,0,0,0
20000728,49192,EMDG',OTC,0.718,0.718,491,0,Empyrean Bioscience,0,0,0
20000731,49192,EMDG',OTC,0.75,0.75,1027,0,Empyrean Bioscience,0,0,0
20000801,49192,EMDG',OTC,0.69,0.69,461,0,Empyrean Bioscience,0,0,0
20000802,49192,EMDG',OTC,0.718,0.718,1334,0,Empyrean Bioscience,0,0,0
20000803,49192,EMDG',OTC,0.75,0.75,882,0,Empyrean Bioscience,0,0,0
20000804,49192,EMDG',OTC,0.68,0.68,649,0,Empyrean Bioscience,0,0,0
20000807,49192,EMDG',OTC,0.73,0.73,816,0,Empyrean Bioscience,0,0,0
20000808,49192,EMDG',OTC,0.656,0.656,247,0,Empyrean Bioscience,0,0,0
20000809,49192,EMDG',OTC,0.656,0.656,26,0,Empyrean Bioscience,0,0,0
20000810,49192,EMDG',OTC,1.375,1.375,13135,0,Empyrean Bioscience,0,0,0
20000811,49192,EMDG',OTC,1.093,1.093,5332,0,Empyrean Bioscience,0,0,0
20000814,49192,EMDG',OTC,1.031,1.031,4999,0,Empyrean Bioscience,0,0,0
20000815,49192,EMDG',OTC,0.781,0.781,3319,0,Empyrean Bioscience,0,0,0
20000816,49192,EMDG',OTC,1,1,2127,0,Empyrean Bioscience,0,0,0
20000817,49192,EMDG',OTC,1.062,1.062,1745,0,Empyrean Bioscience,0,0,0
20000818,49192,EMDG',OTC,0.906,0.906,3737,0,Empyrean Bioscience,0,0,0
20000821,49192,EMDG',OTC,0.906,0.906,1054,0,Empyrean Bioscience,0,0,0
20000822,49192,EMDG',OTC,0.968,0.968,1626,0,Empyrean Bioscience,0,0,0
20000823,49192,EMDG',OTC,1.031,1.031,1329,0,Empyrean Bioscience,0,0,0
20000824,49192,EMDG',OTC,0.906,0.906,856,0,Empyrean Bioscience,0,0,0
20000825,49192,EMDG',OTC,0.968,0.968,1316,0,Empyrean Bioscience,0,0,0
20000828,49192,EMDG',OTC,1,1,747,0,Empyrean Bioscience,0,0,0
20000829,49192,EMDG',OTC,0.906,0.906,1574,0,Empyrean Bioscience,0,0,0
20000830,49192,EMDG',OTC,0.999,0.999,1393,0,Empyrean Bioscience,0,0,0
20000831,49192,EMDG',OTC,0.968,0.968,1100,0,Empyrean Bioscience,0,0,0
20000901,49192,EMDG',OTC,1.01,1.01,2034,0,Empyrean Bioscience,0,0,0
20000905,49192,EMDG',OTC,1.031,1.031,1129,0,Empyrean Bioscience,0,0,0
20000906,49192,EMDG',OTC,1,1,1984,0,Empyrean Bioscience,0,0,0
20000907,49192,EMDG',OTC,1,1,706,0,Empyrean Bioscience,0,0,0
20000908,49192,EMDG',OTC,0.98,0.98,1509,0,Empyrean Bioscience,0,0,0
20000911,49192,EMDG',OTC,0.91,0.91,443,0,Empyrean Bioscience,0,0,0
20000912,49192,EMDG',OTC,0.937,0.937,480,0,Empyrean Bioscience,0,0,0
20000913,49192,EMDG',OTC,0.93,0.93,680,0,Empyrean Bioscience,0,0,0
20000914,49192,EMDG',OTC,0.95,0.95,1043,0,Empyrean Bioscience,0,0,0
20000915,49192,EMDG',OTC,0.88,0.88,446,0,Empyrean Bioscience,0,0,0
20000918,49192,EMDG',OTC,0.86,0.86,996,0,Empyrean Bioscience,0,0,0
20000919,49192,EMDG',OTC,0.82,0.82,2162,0,Empyrean Bioscience,0,0,0
20000920,49192,EMDG',OTC,0.81,0.81,516,0,Empyrean Bioscience,0,0,0
20000921,49192,EMDG',OTC,0.8,0.8,289,0,Empyrean Bioscience,0,0,0
20000922,49192,EMDG',OTC,0.812,0.812,1168,0,Empyrean Bioscience,0,0,0
20000925,49192,EMDG',OTC,0.75,0.75,329,0,Empyrean Bioscience,0,0,0
20000926,49192,EMDG',OTC,0.73,0.73,1070,0,Empyrean Bioscience,0,0,0
20000927,49192,EMDG',OTC,0.8,0.8,1079,0,Empyrean Bioscience,0,0,0
20000928,49192,EMDG',OTC,0.78,0.78,489,0,Empyrean Bioscience,0,0,0
20000929,49192,EMDG',OTC,0.7,0.7,2125,0,Empyrean Bioscience,0,0,0
20001002,49192,EMDG',OTC,0.68,0.68,360,0,Empyrean Bioscience,0,0,0
20001003,49192,EMDG',OTC,0.68,0.68,155,0,Empyrean Bioscience,0,0,0
20001004,49192,EMDG',OTC,0.79,0.79,516,0,Empyrean Bioscience,0,0,0
20001005,49192,EMDG',OTC,0.75,0.75,335,0,Empyrean Bioscience,0,0,0
20001006,49192,EMDG',OTC,0.7,0.7,270,0,Empyrean Bioscience,0,0,0
20001009,49192,EMDG',OTC,0.656,0.656,226,0,Empyrean Bioscience,0,0,0
20001010,49192,EMDG',OTC,0.718,0.718,109,0,Empyrean Bioscience,0,0,0
20001011,49192,EMDG',OTC,0.64,0.64,57,0,Empyrean Bioscience,0,0,0
20001012,49192,EMDG',OTC,0.64,0.64,1338,0,Empyrean Bioscience,0,0,0
20001013,49192,EMDG',OTC,0.656,0.656,2770,0,Empyrean Bioscience,0,0,0
20001016,49192,EMDG',OTC,0.656,0.656,791,0,Empyrean Bioscience,0,0,0
20001017,49192,EMDG',OTC,0.62,0.62,363,0,Empyrean Bioscience,0,0,0
20001018,49192,EMDG',OTC,0.687,0.687,1229,0,Empyrean Bioscience,0,0,0
20001019,49192,EMDG',OTC,0.625,0.625,332,0,Empyrean Bioscience,0,0,0
20001020,49192,EMDG',OTC,0.687,0.687,172,0,Empyrean Bioscience,0,0,0
20001023,49192,EMDG',OTC,0.562,0.562,949,0,Empyrean Bioscience,0,0,0
20001024,49192,EMDG',OTC,0.593,0.593,175,0,Empyrean Bioscience,0,0,0
20001025,49192,EMDG',OTC,0.6,0.6,849,0,Empyrean Bioscience,0,0,0
20001026,49192,EMDG',OTC,0.625,0.625,972,0,Empyrean Bioscience,0,0,0
20001027,49192,EMDG',OTC,0.656,0.656,1040,0,Empyrean Bioscience,0,0,0
20001030,49192,EMDG',OTC,0.656,0.656,198,0,Empyrean Bioscience,0,0,0
20001031,49192,EMDG',OTC,0.593,0.593,463,0,Empyrean Bioscience,0,0,0
20001101,49192,EMDG',OTC,0.625,0.625,428,0,Empyrean Bioscience,0,0,0
20001102,49192,EMDG',OTC,0.75,0.75,265,0,Empyrean Bioscience,0,0,0
20001103,49192,EMDG',OTC,0.687,0.687,219,0,Empyrean Bioscience,0,0,0
20001106,49192,EMDG',OTC,0.75,0.75,110,0,Empyrean Bioscience,0,0,0
20001107,49192,EMDG',OTC,0.77,0.77,304,0,Empyrean Bioscience,0,0,0
20001108,49192,EMDG',OTC,0.718,0.718,241,0,Empyrean Bioscience,0,0,0
20001109,49192,EMDG',OTC,0.625,0.625,651,0,Empyrean Bioscience,0,0,0
20001110,49192,EMDG',OTC,0.687,0.687,66,0,Empyrean Bioscience,0,0,0
20001113,49192,EMDG',OTC,0.562,0.562,899,0,Empyrean Bioscience,0,0,0
20001114,49192,EMDG',OTC,0.593,0.593,106,0,Empyrean Bioscience,0,0,0
20001115,49192,EMDG',OTC,0.531,0.531,3172,0,Empyrean Bioscience,0,0,0
20001116,49192,EMDG',OTC,0.593,0.593,578,0,Empyrean Bioscience,0,0,0
20001117,49192,EMDG',OTC,0.625,0.625,675,0,Empyrean Bioscience,0,0,0
20001120,49192,EMDG',OTC,0.468,0.468,129,0,Empyrean Bioscience,0,0,0
20001121,49192,EMDG',OTC,0.531,0.531,2605,0,Empyrean Bioscience,0,0,0
20001122,49192,EMDG',OTC,0.53,0.53,1070,0,Empyrean Bioscience,0,0,0
20001124,49192,EMDG',OTC,0.468,0.468,1023,0,Empyrean Bioscience,0,0,0
20001127,49192,EMDG',OTC,0.468,0.468,2590,0,Empyrean Bioscience,0,0,0
20001128,49192,EMDG',OTC,0.45,0.45,1192,0,Empyrean Bioscience,0,0,0
20001129,49192,EMDG',OTC,0.406,0.406,1545,0,Empyrean Bioscience,0,0,0
20001130,49192,EMDG',OTC,0.375,0.375,3732,0,Empyrean Bioscience,0,0,0
20001201,49192,EMDG',OTC,0.41,0.41,4314,0,Empyrean Bioscience,0,0,0
20001204,49192,EMDG',OTC,0.343,0.343,476,0,Empyrean Bioscience,0,0,0
20001205,49192,EMDG',OTC,0.35,0.35,632,0,Empyrean Bioscience,0,0,0
20001206,49192,EMDG',OTC,0.34,0.34,440,0,Empyrean Bioscience,0,0,0
20001207,49192,EMDG',OTC,0.35,0.35,589,0,Empyrean Bioscience,0,0,0
20001208,49192,EMDG',OTC,0.53,0.53,6084,0,Empyrean Bioscience,0,0,0
20001211,49192,EMDG',OTC,0.5,0.5,1330,0,Empyrean Bioscience,0,0,0
20001212,49192,EMDG',OTC,0.51,0.51,280,0,Empyrean Bioscience,0,0,0
20001213,49192,EMDG',OTC,0.468,0.468,1585,0,Empyrean Bioscience,0,0,0
20001214,49192,EMDG',OTC,0.45,0.45,797,0,Empyrean Bioscience,0,0,0
20001215,49192,EMDG',OTC,0.39,0.39,2821,0,Empyrean Bioscience,0,0,0
20001218,49192,EMDG',OTC,0.34,0.34,2529,0,Empyrean Bioscience,0,0,0
20001219,49192,EMDG',OTC,0.28,0.28,4034,0,Empyrean Bioscience,0,0,0
20001220,49192,EMDG',OTC,0.31,0.31,4359,0,Empyrean Bioscience,0,0,0
20001221,49192,EMDG',OTC,0.312,0.312,3075,0,Empyrean Bioscience,0,0,0
20001222,49192,EMDG',OTC,0.36,0.36,1341,0,Empyrean Bioscience,0,0,0
20001226,49192,EMDG',OTC,0.32,0.32,780,0,Empyrean Bioscience,0,0,0
20001227,49192,EMDG',OTC,0.29,0.29,2184,0,Empyrean Bioscience,0,0,0
20001228,49192,EMDG',OTC,0.3,0.3,3093,0,Empyrean Bioscience,0,0,0
20001229,49192,EMDG',OTC,0.25,0.25,3909,0,Empyrean Bioscience,0,0,0
20010102,49192,EMDG',OTC,0.26,0.26,533,0,Empyrean Bioscience,0,0,0
20010103,49192,EMDG',OTC,0.33,0.33,1432,0,Empyrean Bioscience,0,0,0
20010104,49192,EMDG',OTC,0.36,0.36,92,0,Empyrean Bioscience,0,0,0
20010105,49192,EMDG',OTC,0.429,0.429,2484,0,Empyrean Bioscience,0,0,0
20010108,49192,EMDG',OTC,0.375,0.375,561,0,Empyrean Bioscience,0,0,0
20010109,49192,EMDG',OTC,0.375,0.375,201,0,Empyrean Bioscience,0,0,0
20010110,49192,EMDG',OTC,0.375,0.375,582,0,Empyrean Bioscience,0,0,0
20010111,49192,EMDG',OTC,0.35,0.35,546,0,Empyrean Bioscience,0,0,0
20010112,49192,EMDG',OTC,0.406,0.406,234,0,Empyrean Bioscience,0,0,0
20010116,49192,EMDG',OTC,0.406,0.406,1054,0,Empyrean Bioscience,0,0,0
20010117,49192,EMDG',OTC,0.45,0.45,465,0,Empyrean Bioscience,0,0,0
20010118,49192,EMDG',OTC,0.46,0.46,2220,0,Empyrean Bioscience,0,0,0
20010119,49192,EMDG',OTC,0.48,0.48,270,0,Empyrean Bioscience,0,0,0
20010122,49192,EMDG',OTC,0.48,0.48,236,0,Empyrean Bioscience,0,0,0
20010123,49192,EMDG',OTC,0.46,0.46,505,0,Empyrean Bioscience,0,0,0
20010124,49192,EMDG',OTC,0.44,0.44,639,0,Empyrean Bioscience,0,0,0
20010125,49192,EMDG',OTC,0.41,0.41,596,0,Empyrean Bioscience,0,0,0
20010126,49192,EMDG',OTC,0.42,0.42,135,0,Empyrean Bioscience,0,0,0
20010129,49192,EMDG',OTC,0.41,0.41,387,0,Empyrean Bioscience,0,0,0
20010130,49192,EMDG',OTC,0.43,0.43,227,0,Empyrean Bioscience,0,0,0
20010131,49192,EMDG',OTC,0.406,0.406,551,0,Empyrean Bioscience,0,0,0
20010201,49192,EMDG',OTC,0.58,0.58,3109,0,Empyrean Bioscience,0,0,0
20010202,49192,EMDG',OTC,0.6,0.6,946,0,Empyrean Bioscience,0,0,0
20010205,49192,EMDG',OTC,0.64,0.64,1759,0,Empyrean Bioscience,0,0,0
20010206,49192,EMDG',OTC,0.687,0.687,873,0,Empyrean Bioscience,0,0,0
20010207,49192,EMDG',OTC,0.812,0.812,2301,0,Empyrean Bioscience,0,0,0
20010208,49192,EMDG',OTC,0.84,0.84,2997,0,Empyrean Bioscience,0,0,0
20010209,49192,EMDG',OTC,0.75,0.75,1867,0,Empyrean Bioscience,0,0,0
20010212,49192,EMDG',OTC,0.6,0.6,2516,0,Empyrean Bioscience,0,0,0
20010213,49192,EMDG',OTC,0.562,0.562,151,0,Empyrean Bioscience,0,0,0
20010214,49192,EMDG',OTC,0.64,0.64,499,0,Empyrean Bioscience,0,0,0
20010215,49192,EMDG',OTC,0.65,0.65,888,0,Empyrean Bioscience,0,0,0
20010216,49192,EMDG',OTC,0.64,0.64,631,0,Empyrean Bioscience,0,0,0
20010220,49192,EMDG',OTC,0.66,0.66,932,0,Empyrean Bioscience,0,0,0
20010221,49192,EMDG',OTC,0.63,0.63,408,0,Empyrean Bioscience,0,0,0
20010222,49192,EMDG',OTC,0.625,0.625,832,0,Empyrean Bioscience,0,0,0
20010223,49192,EMDG',OTC,0.65,0.65,1812,0,Empyrean Bioscience,0,0,0
20010226,49192,EMDG',OTC,0.656,0.656,541,0,Empyrean Bioscience,0,0,0
20010227,49192,EMDG',OTC,0.562,0.562,1664,0,Empyrean Bioscience,0,0,0
20010228,49192,EMDG',OTC,0.53,0.53,2672,0,Empyrean Bioscience,0,0,0
20010301,49192,EMDG',OTC,0.43,0.43,2552,0,Empyrean Bioscience,0,0,0
20010302,49192,EMDG',OTC,0.42,0.42,3115,0,Empyrean Bioscience,0,0,0
20010305,49192,EMDG',OTC,0.42,0.42,666,0,Empyrean Bioscience,0,0,0
20010306,49192,EMDG',OTC,0.5,0.5,1268,0,Empyrean Bioscience,0,0,0
20010307,49192,EMDG',OTC,0.531,0.531,831,0,Empyrean Bioscience,0,0,0
20010308,49192,EMDG',OTC,0.51,0.51,14,0,Empyrean Bioscience,0,0,0
20010309,49192,EMDG',OTC,0.45,0.45,806,0,Empyrean Bioscience,0,0,0
20010312,49192,EMDG',OTC,0.47,0.47,606,0,Empyrean Bioscience,0,0,0
20010313,49192,EMDG',OTC,0.45,0.45,888,0,Empyrean Bioscience,0,0,0
20010314,49192,EMDG',OTC,0.4,0.4,867,0,Empyrean Bioscience,0,0,0
20010315,49192,EMDG',OTC,0.45,0.45,125,0,Empyrean Bioscience,0,0,0
20010316,49192,EMDG',OTC,0.4,0.4,1412,0,Empyrean Bioscience,0,0,0
20010319,49192,EMDG',OTC,0.42,0.42,428,0,Empyrean Bioscience,0,0,0
20010320,49192,EMDG',OTC,0.39,0.39,196,0,Empyrean Bioscience,0,0,0
20010321,49192,EMDG',OTC,0.37,0.37,676,0,Empyrean Bioscience,0,0,0
20010322,49192,EMDG',OTC,0.35,0.35,673,0,Empyrean Bioscience,0,0,0
20010323,49192,EMDG',OTC,0.42,0.42,471,0,Empyrean Bioscience,0,0,0
20010326,49192,EMDG',OTC,0.42,0.42,617,0,Empyrean Bioscience,0,0,0
20010327,49192,EMDG',OTC,0.4,0.4,612,0,Empyrean Bioscience,0,0,0
20010328,49192,EMDG',OTC,0.38,0.38,85,0,Empyrean Bioscience,0,0,0
20010329,49192,EMDG',OTC,0.39,0.39,404,0,Empyrean Bioscience,0,0,0
20010330,49192,EMDG',OTC,0.43,0.43,401,0,Empyrean Bioscience,0,0,0
20010402,49192,EMDG',OTC,0.39,0.39,194,0,Empyrean Bioscience,0,0,0
20010403,49192,EMDG',OTC,0.39,0.39,301,0,Empyrean Bioscience,0,0,0
20010404,49192,EMDG',OTC,0.35,0.35,1153,0,Empyrean Bioscience,0,0,0
20010405,49192,EMDG',OTC,0.34,0.34,1681,0,Empyrean Bioscience,0,0,0
20010406,49192,EMDG',OTC,0.35,0.35,947,0,Empyrean Bioscience,0,0,0
20010409,49192,EMDG',OTC,0.33,0.33,919,0,Empyrean Bioscience,0,0,0
20010410,49192,EMDG',OTC,0.39,0.39,320,0,Empyrean Bioscience,0,0,0
20010411,49192,EMDG',OTC,0.35,0.35,519,0,Empyrean Bioscience,0,0,0
20010412,49192,EMDG',OTC,0.32,0.32,1308,0,Empyrean Bioscience,0,0,0
20010416,49192,EMDG',OTC,0.29,0.29,1392,0,Empyrean Bioscience,0,0,0
20010417,49192,EMDG',OTC,0.29,0.29,1954,0,Empyrean Bioscience,0,0,0
20010418,49192,EMDG',OTC,0.3,0.3,1092,0,Empyrean Bioscience,0,0,0
20010419,49192,EMDG',OTC,0.35,0.35,219,0,Empyrean Bioscience,0,0,0
20010420,49192,EMDG',OTC,0.32,0.32,1011,0,Empyrean Bioscience,0,0,0
20010423,49192,EMDG',OTC,0.32,0.32,377,0,Empyrean Bioscience,0,0,0
20010424,49192,EMDG',OTC,0.31,0.31,679,0,Empyrean Bioscience,0,0,0
20010425,49192,EMDG',OTC,0.32,0.32,320,0,Empyrean Bioscience,0,0,0
20010426,49192,EMDG',OTC,0.32,0.32,334,0,Empyrean Bioscience,0,0,0
20010427,49192,EMDG',OTC,0.3,0.3,1772,0,Empyrean Bioscience,0,0,0
20010430,49192,EMDG',OTC,0.29,0.29,1024,0,Empyrean Bioscience,0,0,0
20010501,49192,EMDG',OTC,0.29,0.29,1765,0,Empyrean Bioscience,0,0,0
20010502,49192,EMDG',OTC,0.3,0.3,967,0,Empyrean Bioscience,0,0,0
20010503,49192,EMDG',OTC,0.31,0.31,786,0,Empyrean Bioscience,0,0,0
20010504,49192,EMDG',OTC,0.3,0.3,450,0,Empyrean Bioscience,0,0,0
20010507,49192,EMDG',OTC,0.3,0.3,207,0,Empyrean Bioscience,0,0,0
20010508,49192,EMDG',OTC,0.3,0.3,1640,0,Empyrean Bioscience,0,0,0
20010509,49192,EMDG',OTC,0.3,0.3,1892,0,Empyrean Bioscience,0,0,0
20010510,49192,EMDG',OTC,0.3,0.3,431,0,Empyrean Bioscience,0,0,0
20010511,49192,EMDG',OTC,0.28,0.28,622,0,Empyrean Bioscience,0,0,0
20010514,49192,EMDG',OTC,0.28,0.28,320,0,Empyrean Bioscience,0,0,0
20010515,49192,EMDG',OTC,0.22,0.22,4016,0,Empyrean Bioscience,0,0,0
20010516,49192,EMDG',OTC,0.26,0.26,3357,0,Empyrean Bioscience,0,0,0
20010517,49192,EMDG',OTC,0.31,0.31,6799,0,Empyrean Bioscience,0,0,0
20010518,49192,EMDG',OTC,0.31,0.31,357,0,Empyrean Bioscience,0,0,0
20010521,49192,EMDG',OTC,0.3,0.3,3147,0,Empyrean Bioscience,0,0,0
20010522,49192,EMDG',OTC,0.28,0.28,2,0,Empyrean Bioscience,0,0,0
20010523,49192,EMDG',OTC,0.26,0.26,3484,0,Empyrean Bioscience,0,0,0
20010524,49192,EMDG',OTC,0.28,0.28,589,0,Empyrean Bioscience,0,0,0
20010525,49192,EMDG',OTC,0.27,0.27,814,0,Empyrean Bioscience,0,0,0
20010529,49192,EMDG',OTC,0.3,0.3,904,0,Empyrean Bioscience,0,0,0
20010530,49192,EMDG',OTC,0.27,0.27,158,0,Empyrean Bioscience,0,0,0
20010531,49192,EMDG',OTC,0.285,0.285,1005,0,Empyrean Bioscience,0,0,0
20010601,49192,EMDG',OTC,0.265,0.265,1077,0,Empyrean Bioscience,0,0,0
20010604,49192,EMDG',OTC,0.26,0.26,815,0,Empyrean Bioscience,0,0,0
20010605,49192,EMDG',OTC,0.24,0.24,2243,0,Empyrean Bioscience,0,0,0
20010606,49192,EMDG',OTC,0.23,0.23,1396,0,Empyrean Bioscience,0,0,0
20010607,49192,EMDG',OTC,0.23,0.23,1067,0,Empyrean Bioscience,0,0,0
20010608,49192,EMDG',OTC,0.215,0.215,800,0,Empyrean Bioscience,0,0,0
20010611,49192,EMDG',OTC,0.24,0.24,831,0,Empyrean Bioscience,0,0,0
20010612,49192,EMDG',OTC,0.22,0.22,840,0,Empyrean Bioscience,0,0,0
20010613,49192,EMDG',OTC,0.26,0.26,1772,0,Empyrean Bioscience,0,0,0
20010614,49192,EMDG',OTC,0.26,0.26,1410,0,Empyrean Bioscience,0,0,0
20010615,49192,EMDG',OTC,0.25,0.25,934,0,Empyrean Bioscience,0,0,0
20010618,49192,EMDG',OTC,0.265,0.265,1790,0,Empyrean Bioscience,0,0,0
20010619,49192,EMDG',OTC,0.25,0.25,751,0,Empyrean Bioscience,0,0,0
20010620,49192,EMDG',OTC,0.27,0.27,334,0,Empyrean Bioscience,0,0,0
20010621,49192,EMDG',OTC,0.25,0.25,870,0,Empyrean Bioscience,0,0,0
20010622,49192,EMDG',OTC,0.27,0.27,987,0,Empyrean Bioscience,0,0,0
20010625,49192,EMDG',OTC,0.26,0.26,2088,0,Empyrean Bioscience,0,0,0
20010626,49192,EMDG',OTC,0.26,0.26,234,0,Empyrean Bioscience,0,0,0
20010627,49192,EMDG',OTC,0.29,0.29,917,0,Empyrean Bioscience,0,0,0
20010628,49192,EMDG',OTC,0.33,0.33,4250,0,Empyrean Bioscience,0,0,0
20010629,49192,EMDG',OTC,0.33,0.33,2200,0,Empyrean Bioscience,0,0,0
20010702,49192,EMDG',OTC,0.32,0.32,1063,0,Empyrean Bioscience,0,0,0
20010703,49192,EMDG',OTC,0.31,0.31,2057,0,Empyrean Bioscience,0,0,0
20010705,49192,EMDG',OTC,0.31,0.31,1550,0,Empyrean Bioscience,0,0,0
20010706,49192,EMDG',OTC,0.3,0.3,1313,0,Empyrean Bioscience,0,0,0
20010709,49192,EMDG',OTC,0.28,0.28,1583,0,Empyrean Bioscience,0,0,0
20010710,49192,EMDG',OTC,0.26,0.26,878,0,Empyrean Bioscience,0,0,0
20010711,49192,EMDG',OTC,0.26,0.26,1453,0,Empyrean Bioscience,0,0,0
20010712,49192,EMDG',OTC,0.25,0.25,2397,0,Empyrean Bioscience,0,0,0
20010713,49192,EMDG',OTC,0.25,0.25,388,0,Empyrean Bioscience,0,0,0
20010716,49192,EMDG',OTC,0.25,0.25,1969,0,Empyrean Bioscience,0,0,0
20010717,49192,EMDG',OTC,0.25,0.25,1030,0,Empyrean Bioscience,0,0,0
20010718,49192,EMDG',OTC,0.245,0.245,1904,0,Empyrean Bioscience,0,0,0
20010719,49192,EMDG',OTC,0.24,0.24,1094,0,Empyrean Bioscience,0,0,0
20010720,49192,EMDG',OTC,0.25,0.25,687,0,Empyrean Bioscience,0,0,0
20010723,49192,EMDG',OTC,0.25,0.25,35,0,Empyrean Bioscience,0,0,0
20010724,49192,EMDG',OTC,0.25,0.25,157,0,Empyrean Bioscience,0,0,0
20010725,49192,EMDG',OTC,0.25,0.25,891,0,Empyrean Bioscience,0,0,0
20010726,49192,EMDG',OTC,0.25,0.25,813,0,Empyrean Bioscience,0,0,0
20010727,49192,EMDG',OTC,0.25,0.25,285,0,Empyrean Bioscience,0,0,0
20010730,49192,EMDG',OTC,0.249,0.249,128,0,Empyrean Bioscience,0,0,0
20010731,49192,EMDG',OTC,0.235,0.235,158,0,Empyrean Bioscience,0,0,0
20010801,49192,EMDG',OTC,0.26,0.26,1396,0,Empyrean Bioscience,0,0,0
20010802,49192,EMDG',OTC,0.255,0.255,1719,0,Empyrean Bioscience,0,0,0
20010803,49192,EMDG',OTC,0.255,0.255,1488,0,Empyrean Bioscience,0,0,0
20010806,49192,EMDG',OTC,0.25,0.25,864,0,Empyrean Bioscience,0,0,0
20010807,49192,EMDG',OTC,0.245,0.245,587,0,Empyrean Bioscience,0,0,0
20010808,49192,EMDG',OTC,0.25,0.25,2000,0,Empyrean Bioscience,0,0,0
20010809,49192,EMDG',OTC,0.25,0.25,101,0,Empyrean Bioscience,0,0,0
20010810,49192,EMDG',OTC,0.26,0.26,1235,0,Empyrean Bioscience,0,0,0
20010813,49192,EMDG',OTC,0.26,0.26,1564,0,Empyrean Bioscience,0,0,0
20010814,49192,EMDG',OTC,0.25,0.25,1526,0,Empyrean Bioscience,0,0,0
20010815,49192,EMDG',OTC,0.23,0.23,2583,0,Empyrean Bioscience,0,0,0
20010816,49192,EMDG',OTC,0.225,0.225,1099,0,Empyrean Bioscience,0,0,0
20010817,49192,EMDG',OTC,0.21,0.21,693,0,Empyrean Bioscience,0,0,0
20010820,49192,EMDG',OTC,0.21,0.21,425,0,Empyrean Bioscience,0,0,0
20010821,49192,EMDG',OTC,0.2,0.2,2455,0,Empyrean Bioscience,0,0,0
20010822,49192,EMDG',OTC,0.18,0.18,956,0,Empyrean Bioscience,0,0,0
20010823,49192,EMDG',OTC,0.18,0.18,134,0,Empyrean Bioscience,0,0,0
20010824,49192,EMDG',OTC,0.175,0.175,983,0,Empyrean Bioscience,0,0,0
20010827,49192,EMDG',OTC,0.195,0.195,478,0,Empyrean Bioscience,0,0,0
20010828,49192,EMDG',OTC,0.18,0.18,460,0,Empyrean Bioscience,0,0,0
20010829,49192,EMDG',OTC,0.19,0.19,140,0,Empyrean Bioscience,0,0,0
20010830,49192,EMDG',OTC,0.18,0.18,745,0,Empyrean Bioscience,0,0,0
20010831,49192,EMDG',OTC,0.15,0.15,453,0,Empyrean Bioscience,0,0,0
20010904,49192,EMDG',OTC,0.19,0.19,6202,0,Empyrean Bioscience,0,0,0
20010905,49192,EMDG',OTC,0.17,0.17,980,0,Empyrean Bioscience,0,0,0
20010906,49192,EMDG',OTC,0.16,0.16,288,0,Empyrean Bioscience,0,0,0
20010907,49192,EMDG',OTC,0.155,0.155,175,0,Empyrean Bioscience,0,0,0
20010910,49192,EMDG',OTC,0.14,0.14,1131,0,Empyrean Bioscience,0,0,0
20010917,49192,EMDG',OTC,0.151,0.151,2853,0,Empyrean Bioscience,0,0,0
20010918,49192,EMDG',OTC,0.155,0.155,701,0,Empyrean Bioscience,0,0,0
20010919,49192,EMDG',OTC,0.15,0.15,457,0,Empyrean Bioscience,0,0,0
20010920,49192,EMDG',OTC,0.1,0.1,1186,0,Empyrean Bioscience,0,0,0
20010921,49192,EMDG',OTC,0.1,0.1,2315,0,Empyrean Bioscience,0,0,0
20010924,49192,EMDG',OTC,0.115,0.115,6835,0,Empyrean Bioscience,0,0,0
20010925,49192,EMDG',OTC,0.115,0.115,3747,0,Empyrean Bioscience,0,0,0
20010926,49192,EMDG',OTC,0.115,0.115,4167,0,Empyrean Bioscience,0,0,0
20010927,49192,EMDG',OTC,0.12,0.12,1010,0,Empyrean Bioscience,0,0,0
20010928,49192,EMDG',OTC,0.11,0.11,6124,0,Empyrean Bioscience,0,0,0
20011001,49192,EMDG',OTC,0.102,0.102,2797,0,Empyrean Bioscience,0,0,0
20011002,49192,EMDG',OTC,0.11,0.11,1845,0,Empyrean Bioscience,0,0,0
20011003,49192,EMDG',OTC,0.115,0.115,1385,0,Empyrean Bioscience,0,0,0
20011004,49192,EMDG',OTC,0.105,0.105,1150,0,Empyrean Bioscience,0,0,0
20011005,49192,EMDG',OTC,0.105,0.105,619,0,Empyrean Bioscience,0,0,0
20011008,49192,EMDG',OTC,0.1,0.1,683,0,Empyrean Bioscience,0,0,0
20011009,49192,EMDG',OTC,0.105,0.105,2067,0,Empyrean Bioscience,0,0,0
20011010,49192,EMDG',OTC,0.11,0.11,1721,0,Empyrean Bioscience,0,0,0
20011011,49192,EMDG',OTC,0.11,0.11,2126,0,Empyrean Bioscience,0,0,0
20011012,49192,EMDG',OTC,0.105,0.105,1384,0,Empyrean Bioscience,0,0,0
20011015,49192,EMDG',OTC,0.1,0.1,2244,0,Empyrean Bioscience,0,0,0
20011016,49192,EMDG',OTC,0.12,0.12,4150,0,Empyrean Bioscience,0,0,0
20011017,49192,EMDG',OTC,0.22,0.22,32013,0,Empyrean Bioscience,0,0,0
20011018,49192,EMDG',OTC,0.305,0.305,16388,0,Empyrean Bioscience,0,0,0
20011019,49192,EMDG',OTC,0.28,0.28,4368,0,Empyrean Bioscience,0,0,0
20011022,49192,EMDG',OTC,0.28,0.28,2405,0,Empyrean Bioscience,0,0,0
20011023,49192,EMDG',OTC,0.255,0.255,1840,0,Empyrean Bioscience,0,0,0
20011024,49192,EMDG',OTC,0.2,0.2,3666,0,Empyrean Bioscience,0,0,0
20011025,49192,EMDG',OTC,0.175,0.175,2591,0,Empyrean Bioscience,0,0,0
20011026,49192,EMDG',OTC,0.2,0.2,1362,0,Empyrean Bioscience,0,0,0
20011029,49192,EMDG',OTC,0.22,0.22,2457,0,Empyrean Bioscience,0,0,0
20011030,49192,EMDG',OTC,0.235,0.235,4601,0,Empyrean Bioscience,0,0,0
20011031,49192,EMDG',OTC,0.22,0.22,2746,0,Empyrean Bioscience,0,0,0
20011101,49192,EMDG',OTC,0.22,0.22,697,0,Empyrean Bioscience,0,0,0
20011102,49192,EMDG',OTC,0.21,0.21,636,0,Empyrean Bioscience,0,0,0
20011105,49192,EMDG',OTC,0.2,0.2,1155,0,Empyrean Bioscience,0,0,0
20011106,49192,EMDG',OTC,0.2,0.2,716,0,Empyrean Bioscience,0,0,0
20011107,49192,EMDG',OTC,0.19,0.19,588,0,Empyrean Bioscience,0,0,0
20011108,49192,EMDG',OTC,0.2,0.2,936,0,Empyrean Bioscience,0,0,0
20011109,49192,EMDG',OTC,0.2,0.2,973,0,Empyrean Bioscience,0,0,0
20011112,49192,EMDG',OTC,0.17,0.17,1171,0,Empyrean Bioscience,0,0,0
20011113,49192,EMDG',OTC,0.17,0.17,211,0,Empyrean Bioscience,0,0,0
20011114,49192,EMDG',OTC,0.16,0.16,1316,0,Empyrean Bioscience,0,0,0
20011115,49192,EMDG',OTC,0.15,0.15,714,0,Empyrean Bioscience,0,0,0
20011116,49192,EMDG',OTC,0.165,0.165,1200,0,Empyrean Bioscience,0,0,0
20011119,49192,EMDG',OTC,0.155,0.155,782,0,Empyrean Bioscience,0,0,0
20011120,49192,EMDG',OTC,0.16,0.16,341,0,Empyrean Bioscience,0,0,0
20011121,49192,EMDG',OTC,0.155,0.155,1130,0,Empyrean Bioscience,0,0,0
20011123,49192,EMDG',OTC,0.16,0.16,300,0,Empyrean Bioscience,0,0,0
20011126,49192,EMDG',OTC,0.155,0.155,1940,0,Empyrean Bioscience,0,0,0
20011127,49192,EMDG',OTC,0.145,0.145,4727,0,Empyrean Bioscience,0,0,0
20011128,49192,EMDG',OTC,0.145,0.145,886,0,Empyrean Bioscience,0,0,0
20011129,49192,EMDG',OTC,0.13,0.13,610,0,Empyrean Bioscience,0,0,0
20011130,49192,EMDG',OTC,0.13,0.13,206,0,Empyrean Bioscience,0,0,0
20011203,49192,EMDG',OTC,0.13,0.13,2142,0,Empyrean Bioscience,0,0,0
20011204,49192,EMDG',OTC,0.11,0.11,1081,0,Empyrean Bioscience,0,0,0
20011205,49192,EMDG',OTC,0.115,0.115,2492,0,Empyrean Bioscience,0,0,0
20011206,49192,EMDG',OTC,0.14,0.14,4246,0,Empyrean Bioscience,0,0,0
20011207,49192,EMDG',OTC,0.14,0.14,7334,0,Empyrean Bioscience,0,0,0
20011210,49192,EMDG',OTC,0.12,0.12,33964,0,Empyrean Bioscience,0,0,0
20011211,49192,EMDG',OTC,0.115,0.115,6588,0,Empyrean Bioscience,0,0,0
20011212,49192,EMDG',OTC,0.09,0.09,12446,0,Empyrean Bioscience,0,0,0
20011213,49192,EMDG',OTC,0.082,0.082,3603,0,Empyrean Bioscience,0,0,0
20011214,49192,EMDG',OTC,0.08,0.08,5090,0,Empyrean Bioscience,0,0,0
20011217,49192,EMDG',OTC,0.095,0.095,15334,0,Empyrean Bioscience,0,0,0
20011218,49192,EMDG',OTC,0.085,0.085,5079,0,Empyrean Bioscience,0,0,0
20011219,49192,EMDG',OTC,0.085,0.085,920,0,Empyrean Bioscience,0,0,0
20011220,49192,EMDG',OTC,0.075,0.075,2063,0,Empyrean Bioscience,0,0,0
20011221,49192,EMDG',OTC,0.075,0.075,923,0,Empyrean Bioscience,0,0,0
20011224,49192,EMDG',OTC,0.075,0.075,1115,0,Empyrean Bioscience,0,0,0
20011226,49192,EMDG',OTC,0.085,0.085,3207,0,Empyrean Bioscience,0,0,0
20011227,49192,EMDG',OTC,0.077,0.077,1695,0,Empyrean Bioscience,0,0,0
20011228,49192,EMDG',OTC,0.08,0.08,6091,0,Empyrean Bioscience,0,0,0
20011231,49192,EMDG',OTC,0.075,0.075,5141,0,Empyrean Bioscience,0,0,0
20020102,49192,EMDG',OTC,0.072,0.072,5397,0,Empyrean Bioscience,0,0,0
20020103,49192,EMDG',OTC,0.069,0.069,1029,0,Empyrean Bioscience,0,0,0
20020104,49192,EMDG',OTC,0.07,0.07,670,0,Empyrean Bioscience,0,0,0
20020107,49192,EMDG',OTC,0.069,0.069,3240,0,Empyrean Bioscience,0,0,0
20020108,49192,EMDG',OTC,0.069,0.069,999,0,Empyrean Bioscience,0,0,0
20020109,49192,EMDG',OTC,0.068,0.068,1835,0,Empyrean Bioscience,0,0,0
20020110,49192,EMDG',OTC,0.065,0.065,558,0,Empyrean Bioscience,0,0,0
20020111,49192,EMDG',OTC,0.066,0.066,1683,0,Empyrean Bioscience,0,0,0
20020114,49192,EMDG',OTC,0.062,0.062,1162,0,Empyrean Bioscience,0,0,0
20020115,49192,EMDG',OTC,0.06,0.06,1775,0,Empyrean Bioscience,0,0,0
20020116,49192,EMDG',OTC,0.06,0.06,10084,0,Empyrean Bioscience,0,0,0
20020117,49192,EMDG',OTC,0.058,0.058,2267,0,Empyrean Bioscience,0,0,0
20020118,49192,EMDG',OTC,0.055,0.055,5165,0,Empyrean Bioscience,0,0,0
20020122,49192,EMDG',OTC,0.055,0.055,654,0,Empyrean Bioscience,0,0,0
20020123,49192,EMDG',OTC,0.053,0.053,699,0,Empyrean Bioscience,0,0,0
20020124,49192,EMDG',OTC,0.053,0.053,339,0,Empyrean Bioscience,0,0,0
20020125,49192,EMDG',OTC,0.057,0.057,4566,0,Empyrean Bioscience,0,0,0
20020128,49192,EMDG',OTC,0.05,0.05,1656,0,Empyrean Bioscience,0,0,0
20020129,49192,EMDG',OTC,0.046,0.046,1114,0,Empyrean Bioscience,0,0,0
20020130,49192,EMDG',OTC,0.051,0.051,3093,0,Empyrean Bioscience,0,0,0
20020131,49192,EMDG',OTC,0.046,0.046,2136,0,Empyrean Bioscience,0,0,0
20020201,49192,EMDG',OTC,0.048,0.048,605,0,Empyrean Bioscience,0,0,0
20020204,49192,EMDG',OTC,0.045,0.045,945,0,Empyrean Bioscience,0,0,0
20020205,49192,EMDG',OTC,0.043,0.043,800,0,Empyrean Bioscience,0,0,0
20020206,49192,EMDG',OTC,0.04,0.04,692,0,Empyrean Bioscience,0,0,0
20020207,49192,EMDG',OTC,0.04,0.04,1855,0,Empyrean Bioscience,0,0,0
20020208,49192,EMDG',OTC,0.043,0.043,385,0,Empyrean Bioscience,0,0,0
20020211,49192,EMDG',OTC,0.043,0.043,203,0,Empyrean Bioscience,0,0,0
20020212,49192,EMDG',OTC,0.041,0.041,239,0,Empyrean Bioscience,0,0,0
20020213,49192,EMDG',OTC,0.03,0.03,5815,0,Empyrean Bioscience,0,0,0
20020214,49192,EMDG',OTC,0.034,0.034,561,0,Empyrean Bioscience,0,0,0
20020215,49192,EMDG',OTC,0.033,0.033,3621,0,Empyrean Bioscience,0,0,0
20020219,49192,EMDG',OTC,0.035,0.035,520,0,Empyrean Bioscience,0,0,0
20020220,49192,EMDG',OTC,0.032,0.032,820,0,Empyrean Bioscience,0,0,0
20020221,49192,EMDG',OTC,0.03,0.03,540,0,Empyrean Bioscience,0,0,0
20020222,49192,EMDG',OTC,0.036,0.036,1887,0,Empyrean Bioscience,0,0,0
20020225,49192,EMDG',OTC,0.035,0.035,375,0,Empyrean Bioscience,0,0,0
20020226,49192,EMDG',OTC,0.032,0.032,280,0,Empyrean Bioscience,0,0,0
20020227,49192,EMDG',OTC,0.032,0.032,1325,0,Empyrean Bioscience,0,0,0
20020228,49192,EMDG',OTC,0.031,0.031,2170,0,Empyrean Bioscience,0,0,0
20020301,49192,EMDG',OTC,0.032,0.032,711,0,Empyrean Bioscience,0,0,0
20020304,49192,EMDG',OTC,0.026,0.026,4038,0,Empyrean Bioscience,0,0,0
20020305,49192,EMDG',OTC,0.03,0.03,5113,0,Empyrean Bioscience,0,0,0
20020306,49192,EMDG',OTC,0.028,0.028,288,0,Empyrean Bioscience,0,0,0
20020307,49192,EMDG',OTC,0.032,0.032,1673,0,Empyrean Bioscience,0,0,0
20020308,49192,EMDG',OTC,0.032,0.032,320,0,Empyrean Bioscience,0,0,0
20020311,49192,EMDG',OTC,0.029,0.029,1854,0,Empyrean Bioscience,0,0,0
20020312,49192,EMDG',OTC,0.027,0.027,3466,0,Empyrean Bioscience,0,0,0
20020313,49192,EMDG',OTC,0.031,0.031,415,0,Empyrean Bioscience,0,0,0
20020314,49192,EMDG',OTC,0.029,0.029,4577,0,Empyrean Bioscience,0,0,0
20020315,49192,EMDG',OTC,0.03,0.03,177,0,Empyrean Bioscience,0,0,0
20020318,49192,EMDG',OTC,0.028,0.028,6248,0,Empyrean Bioscience,0,0,0
20020319,49192,EMDG',OTC,0.028,0.028,5395,0,Empyrean Bioscience,0,0,0
20020320,49192,EMDG',OTC,0.03,0.03,2082,0,Empyrean Bioscience,0,0,0
20020321,49192,EMDG',OTC,0.03,0.03,231,0,Empyrean Bioscience,0,0,0
20020322,49192,EMDG',OTC,0.032,0.032,66,0,Empyrean Bioscience,0,0,0
20020325,49192,EMDG',OTC,0.03,0.03,65192,0,Empyrean Bioscience,0,0,0
20020326,49192,EMDG',OTC,0.025,0.025,1325,0,Empyrean Bioscience,0,0,0
20020327,49192,EMDG',OTC,0.03,0.03,1142,0,Empyrean Bioscience,0,0,0
20020328,49192,EMDG',OTC,0.025,0.025,1573,0,Empyrean Bioscience,0,0,0
20020401,49192,EMDG',OTC,0.025,0.025,5,0,Empyrean Bioscience,0,0,0
20020402,49192,EMDG',OTC,0.03,0.03,736,0,Empyrean Bioscience,0,0,0
20020403,49192,EMDG',OTC,0.03,0.03,40800,0,Empyrean Bioscience,0,0,0
20020404,49192,EMDG',OTC,0.03,0.03,713,0,Empyrean Bioscience,0,0,0
20020405,49192,EMDG',OTC,0.022,0.022,2040,0,Empyrean Bioscience,0,0,0
20020408,49192,EMDG',OTC,0.02,0.02,128,0,Empyrean Bioscience,0,0,0
20020409,49192,EMDG',OTC,0.02,0.02,8699,0,Empyrean Bioscience,0,0,0
20020410,49192,EMDG',OTC,0.019,0.019,820,0,Empyrean Bioscience,0,0,0
20020411,49192,EMDG',OTC,0.02,0.02,212,0,Empyrean Bioscience,0,0,0
20020412,49192,EMDG',OTC,0.015,0.015,7251,0,Empyrean Bioscience,0,0,0
20020415,49192,EMDG',OTC,0.012,0.012,4510,0,Empyrean Bioscience,0,0,0
20020416,49192,EMDG',OTC,0.01,0.01,5685,0,Empyrean Bioscience,0,0,0
20020417,49192,EMDG',OTC,0.012,0.012,914,0,Empyrean Bioscience,0,0,0
20020418,49192,EMDG',OTC,0.015,0.015,7879,0,Empyrean Bioscience,0,0,0
20020419,49192,EMDG',OTC,0.018,0.018,4138,0,Empyrean Bioscience,0,0,0
20020422,49192,EMDG',OTC,0.017,0.017,855,0,Empyrean Bioscience,0,0,0
20020423,49192,EMDG',OTC,0.016,0.016,1189,0,Empyrean Bioscience,0,0,0
20020424,49192,EMDG',OTC,0.016,0.016,729,0,Empyrean Bioscience,0,0,0
20020425,49192,EMDG',OTC,0.015,0.015,100,0,Empyrean Bioscience,0,0,0
20020426,49192,EMDG',OTC,0.015,0.015,379,0,Empyrean Bioscience,0,0,0
20020429,49192,EMDG',OTC,0.015,0.015,792,0,Empyrean Bioscience,0,0,0
20020430,49192,EMDG',OTC,0.014,0.014,220,0,Empyrean Bioscience,0,0,0
20020501,49192,EMDG',OTC,0.013,0.013,2520,0,Empyrean Bioscience,0,0,0
20020502,49192,EMDG',OTC,0.013,0.013,495,0,Empyrean Bioscience,0,0,0
20020503,49192,EMDG',OTC,0.014,0.014,3040,0,Empyrean Bioscience,0,0,0
20020506,49192,EMDG',OTC,0.014,0.014,196,0,Empyrean Bioscience,0,0,0
20020507,49192,EMDG',OTC,0.014,0.014,4861,0,Empyrean Bioscience,0,0,0
20020508,49192,EMDG',OTC,0.015,0.015,25,0,Empyrean Bioscience,0,0,0
20020509,49192,EMDG',OTC,0.014,0.014,1031,0,Empyrean Bioscience,0,0,0
20020510,49192,EMDG',OTC,0.015,0.015,104,0,Empyrean Bioscience,0,0,0
20020513,49192,EMDG',OTC,0.014,0.014,183,0,Empyrean Bioscience,0,0,0
20020514,49192,EMDG',OTC,0.013,0.013,909,0,Empyrean Bioscience,0,0,0
20020515,49192,EMDG',OTC,0.01,0.01,3957,0,Empyrean Bioscience,0,0,0
20020516,49192,EMDG',OTC,0.012,0.012,908,0,Empyrean Bioscience,0,0,0
20020517,49192,EMDG',OTC,0.007,0.007,978,0,Empyrean Bioscience,0,0,0
20020520,49192,EMDG',OTC,0.006,0.006,230,0,Empyrean Bioscience,0,0,0
20020521,49192,EMDG',OTC,0.008,0.008,1129,0,Empyrean Bioscience,0,0,0
20020522,49192,EMDG',OTC,0.008,0.008,800,0,Empyrean Bioscience,0,0,0
20020523,49192,EMDG',OTC,0.006,0.006,235,0,Empyrean Bioscience,0,0,0
20020524,49192,EMDG',OTC,0.006,0.006,22,0,Empyrean Bioscience,0,0,0
20020528,49192,EMDG',OTC,0.006,0.006,180,0,Empyrean Bioscience,0,0,0
20020529,49192,EMDG',OTC,0.008,0.008,670,0,Empyrean Bioscience,0,0,0
20020530,49192,EMDG',OTC,0.012,0.012,1260,0,Empyrean Bioscience,0,0,0
20020531,49192,EMDG',OTC,0.008,0.008,1000,0,Empyrean Bioscience,0,0,0
20020603,49192,EMDG',OTC,0.013,0.013,3372,0,Empyrean Bioscience,0,0,0
20020604,49192,EMDG',OTC,0.013,0.013,25,0,Empyrean Bioscience,0,0,0
20020605,49192,EMDG',OTC,0.013,0.013,20,0,Empyrean Bioscience,0,0,0
20020606,49192,EMDG',OTC,0.007,0.007,66,0,Empyrean Bioscience,0,0,0
20020607,49192,EMDG',OTC,0.008,0.008,70,0,Empyrean Bioscience,0,0,0
20020610,49192,EMDG',OTC,0.007,0.007,310,0,Empyrean Bioscience,0,0,0
20020611,49192,EMDG',OTC,0.007,0.007,927,0,Empyrean Bioscience,0,0,0
20020612,49192,EMDG',OTC,0.006,0.006,53,0,Empyrean Bioscience,0,0,0
20020613,49192,EMDG',OTC,0.006,0.006,36,0,Empyrean Bioscience,0,0,0
20020614,49192,EMDG',OTC,0.006,0.006,0,0,Empyrean Bioscience,0,0,0
20020617,49192,EMDG',OTC,0.006,0.006,0,0,Empyrean Bioscience,0,0,0
20020618,49192,EMDG',OTC,0.006,0.006,16,0,Empyrean Bioscience,0,0,0
20020619,49192,EMDG',OTC,0.013,0.013,5591,0,Empyrean Bioscience,0,0,0
20020620,49192,EMDG',OTC,0.013,0.013,924,0,Empyrean Bioscience,0,0,0
20020621,49192,EMDG',OTC,0.01,0.01,663,0,Empyrean Bioscience,0,0,0
20020624,49192,EMDG',OTC,0.01,0.01,490,0,Empyrean Bioscience,0,0,0
20020625,49192,EMDG',OTC,0.006,0.006,155,0,Empyrean Bioscience,0,0,0
20020626,49192,EMDG',OTC,0.006,0.006,143,0,Empyrean Bioscience,0,0,0
20020627,49192,EMDG',OTC,0.006,0.006,63,0,Empyrean Bioscience,0,0,0
20020628,49192,EMDG',OTC,0.006,0.006,0,0,Empyrean Bioscience,0,0,0
20020701,49192,EMDG',OTC,0.006,0.006,277,0,Empyrean Bioscience,0,0,0
20020702,49192,EMDG',OTC,0.006,0.006,80,0,Empyrean Bioscience,0,0,0
20020703,49192,EMDG',OTC,0.006,0.006,0,0,Empyrean Bioscience,0,0,0
20020705,49192,EMDG',OTC,0.007,0.007,53,0,Empyrean Bioscience,0,0,0
20020708,49192,EMDG',OTC,0.007,0.007,3134,0,Empyrean Bioscience,0,0,0
20020709,49192,EMDG',OTC,0.007,0.007,415,0,Empyrean Bioscience,0,0,0
20020710,49192,EMDG',OTC,0.007,0.007,48,0,Empyrean Bioscience,0,0,0
20020711,49192,EMDG',OTC,0.007,0.007,46,0,Empyrean Bioscience,0,0,0
20020712,49192,EMDG',OTC,0.007,0.007,50,0,Empyrean Bioscience,0,0,0
20020715,49192,EMDG',OTC,0.007,0.007,205,0,Empyrean Bioscience,0,0,0
20020716,49192,EMDG',OTC,0.006,0.006,2809,0,Empyrean Bioscience,0,0,0
20020717,49192,EMDG',OTC,0.005,0.005,2344,0,Empyrean Bioscience,0,0,0
20020718,49192,EMDG',OTC,0.005,0.005,53,0,Empyrean Bioscience,0,0,0
20020719,49192,EMDG',OTC,0.006,0.006,282,0,Empyrean Bioscience,0,0,0
20020722,49192,EMDG',OTC,0.005,0.005,94,0,Empyrean Bioscience,0,0,0
20020723,49192,EMDG',OTC,0.01,0.01,5747,0,Empyrean Bioscience,0,0,0
20020724,49192,EMDG',OTC,0.013,0.013,13763,0,Empyrean Bioscience,0,0,0
20020725,49192,EMDG',OTC,0.012,0.012,15143,0,Empyrean Bioscience,0,0,0
20020726,49192,EMDG',OTC,0.012,0.012,330,0,Empyrean Bioscience,0,0,0
20020729,49192,EMDG',OTC,0.01,0.01,580,0,Empyrean Bioscience,0,0,0
20020730,49192,EMDG',OTC,0.011,0.011,190,0,Empyrean Bioscience,0,0,0
20020731,49192,EMDG',OTC,0.01,0.01,700,0,Empyrean Bioscience,0,0,0
20020801,49192,EMDG',OTC,0.012,0.012,2789,0,Empyrean Bioscience,0,0,0
20020802,49192,EMDG',OTC,0.01,0.01,576,0,Empyrean Bioscience,0,0,0
20020805,49192,EMDG',OTC,0.008,0.008,540,0,Empyrean Bioscience,0,0,0
20020806,49192,EMDG',OTC,0.008,0.008,39,0,Empyrean Bioscience,0,0,0
20020807,49192,EMDG',OTC,0.008,0.008,0,0,Empyrean Bioscience,0,0,0
20020808,49192,EMDG',OTC,0.009,0.009,4268,0,Empyrean Bioscience,0,0,0
20020809,49192,EMDG',OTC,0.01,0.01,500,0,Empyrean Bioscience,0,0,0
20020812,49192,EMDG',OTC,0.01,0.01,70,0,Empyrean Bioscience,0,0,0
20020813,49192,EMDG',OTC,0.006,0.006,410,0,Empyrean Bioscience,0,0,0
20020814,49192,EMDG',OTC,0.006,0.006,202,0,Empyrean Bioscience,0,0,0
20020815,49192,EMDG',OTC,0.009,0.009,500,0,Empyrean Bioscience,0,0,0
20020816,49192,EMDG',OTC,0.008,0.008,1338,0,Empyrean Bioscience,0,0,0
20020819,49192,EMDG',OTC,0.007,0.007,10,0,Empyrean Bioscience,0,0,0
20020820,49192,EMDG',OTC,0.007,0.007,16,0,Empyrean Bioscience,0,0,0
20020821,49192,EMDG',OTC,0.007,0.007,20,0,Empyrean Bioscience,0,0,0
20020822,49192,EMDG',OTC,0.008,0.008,301,0,Empyrean Bioscience,0,0,0
20020823,49192,EMDG',OTC,0.007,0.007,219,0,Empyrean Bioscience,0,0,0
20020826,49192,EMDG',OTC,0.005,0.005,900,0,Empyrean Bioscience,0,0,0
20020827,49192,EMDG',OTC,0.005,0.005,76,0,Empyrean Bioscience,0,0,0
20020828,49192,EMDG',OTC,0.005,0.005,398,0,Empyrean Bioscience,0,0,0
20020829,49192,EMDG',OTC,0.005,0.005,53,0,Empyrean Bioscience,0,0,0
20020830,49192,EMDG',OTC,0.005,0.005,404,0,Empyrean Bioscience,0,0,0
20020903,49192,EMDG',OTC,0.005,0.005,1667,0,Empyrean Bioscience,0,0,0
20020904,49192,EMDG',OTC,0.005,0.005,500,0,Empyrean Bioscience,0,0,0
20020905,49192,EMDG',OTC,0.004,0.004,95,0,Empyrean Bioscience,0,0,0
20020906,49192,EMDG',OTC,0.004,0.004,12,0,Empyrean Bioscience,0,0,0
20020909,49192,EMDG',OTC,0.004,0.004,1565,0,Empyrean Bioscience,0,0,0
20020910,49192,EMDG',OTC,0.003,0.003,155,0,Empyrean Bioscience,0,0,0
20020911,49192,EMDG',OTC,0.003,0.003,19,0,Empyrean Bioscience,0,0,0
20020912,49192,EMDG',OTC,0.003,0.003,0,0,Empyrean Bioscience,0,0,0
20020913,49192,EMDG',OTC,0.003,0.003,202,0,Empyrean Bioscience,0,0,0
20020916,49192,EMDG',OTC,0.003,0.003,861,0,Empyrean Bioscience,0,0,0
20020917,49192,EMDG',OTC,0.003,0.003,284,0,Empyrean Bioscience,0,0,0
20020918,49192,EMDG',OTC,0.003,0.003,110,0,Empyrean Bioscience,0,0,0
20020919,49192,EMDG',OTC,0.003,0.003,31,0,Empyrean Bioscience,0,0,0
20020920,49192,EMDG',OTC,0.003,0.003,0,0,Empyrean Bioscience,0,0,0
20020923,49192,EMDG',OTC,0.003,0.003,0,0,Empyrean Bioscience,0,0,0
20020924,49192,EMDG',OTC,0.003,0.003,600,0,Empyrean Bioscience,0,0,0
20020925,49192,EMDG',OTC,0.003,0.003,16,0,Empyrean Bioscience,0,0,0
20020926,49192,EMDG',OTC,0.003,0.003,386,0,Empyrean Bioscience,0,0,0
20020927,49192,EMDG',OTC,0.002,0.002,2,0,Empyrean Bioscience,0,0,0
20020930,49192,EMDG',OTC,0.002,0.002,148,0,Empyrean Bioscience,0,0,0
20021001,49192,EMDG',OTC,0.003,0.003,272,0,Empyrean Bioscience,0,0,0
20021002,49192,EMDG',OTC,0.005,0.005,2000,0,Empyrean Bioscience,0,0,0
20021003,49192,EMDG',OTC,0.002,0.002,327,0,Empyrean Bioscience,0,0,0
20021004,49192,EMDG',OTC,0.002,0.002,45,0,Empyrean Bioscience,0,0,0
20021007,49192,EMDG',OTC,0.002,0.002,172,0,Empyrean Bioscience,0,0,0
20021008,49192,EMDG',OTC,0.002,0.002,532,0,Empyrean Bioscience,0,0,0
20021009,49192,EMDG',OTC,0.002,0.002,24,0,Empyrean Bioscience,0,0,0
20021010,49192,EMDG',OTC,0.004,0.004,2748,0,Empyrean Bioscience,0,0,0
20021011,49192,EMDG',OTC,0.003,0.003,252,0,Empyrean Bioscience,0,0,0
20021014,49192,EMDG',OTC,0.003,0.003,670,0,Empyrean Bioscience,0,0,0
20021015,49192,EMDG',OTC,0.003,0.003,531,0,Empyrean Bioscience,0,0,0
20021016,49192,EMDG',OTC,0.002,0.002,149,0,Empyrean Bioscience,0,0,0
20021017,49192,EMDG',OTC,0.002,0.002,2530,0,Empyrean Bioscience,0,0,0
20021018,49192,EMDG',OTC,0.002,0.002,370,0,Empyrean Bioscience,0,0,0
20021021,49192,EMDG',OTC,0.002,0.002,175,0,Empyrean Bioscience,0,0,0
20021022,49192,EMDG',OTC,0.002,0.002,2,0,Empyrean Bioscience,0,0,0
20021023,49192,EMDG',OTC,0.002,0.002,6,0,Empyrean Bioscience,0,0,0
20021024,49192,EMDG',OTC,0.002,0.002,711,0,Empyrean Bioscience,0,0,0
20021025,49192,EMDG',OTC,0.002,0.002,185,0,Empyrean Bioscience,0,0,0
20021028,49192,EMDG',OTC,0.004,0.004,1486,0,Empyrean Bioscience,0,0,0
20021029,49192,EMDG',OTC,0.003,0.003,1421,0,Empyrean Bioscience,0,0,0
20021030,49192,EMDG',OTC,0.001,0.001,303,0,Empyrean Bioscience,0,0,0
20021031,49192,EMDG',OTC,0.002,0.002,81,0,Empyrean Bioscience,0,0,0
20021101,49192,EMDG',OTC,0.002,0.002,20,0,Empyrean Bioscience,0,0,0
20021104,49192,EMDG',OTC,0.002,0.002,372,0,Empyrean Bioscience,0,0,0
20021105,49192,EMDG',OTC,0.002,0.002,405,0,Empyrean Bioscience,0,0,0
20021106,49192,EMDG',OTC,0.001,0.001,1255,0,Empyrean Bioscience,0,0,0
20021107,49192,EMDG',OTC,0.003,0.003,474,0,Empyrean Bioscience,0,0,0
20021108,49192,EMDG',OTC,0.003,0.003,0,0,Empyrean Bioscience,0,0,0
20021111,49192,EMDG',OTC,0.002,0.002,51,0,Empyrean Bioscience,0,0,0
20021112,49192,EMDG',OTC,0.002,0.002,327,0,Empyrean Bioscience,0,0,0
20021113,49192,EMDG',OTC,0.002,0.002,270,0,Empyrean Bioscience,0,0,0
20021114,49192,EMDG',OTC,0.002,0.002,1,0,Empyrean Bioscience,0,0,0
20021115,49192,EMDG',OTC,0.002,0.002,803,0,Empyrean Bioscience,0,0,0
20021118,49192,EMDG',OTC,0.002,0.002,260,0,Empyrean Bioscience,0,0,0
20021119,49192,EMDG',OTC,0.001,0.001,456,0,Empyrean Bioscience,0,0,0
20021120,49192,EMDG',OTC,0.001,0.001,23,0,Empyrean Bioscience,0,0,0
20021121,49192,EMDG',OTC,0.001,0.001,115,0,Empyrean Bioscience,0,0,0
20021122,49192,EMDG',OTC,0.001,0.001,0,0,Empyrean Bioscience,0,0,0
20021125,49192,EMDG',OTC,0.001,0.001,145,0,Empyrean Bioscience,0,0,0
20021126,49192,EMDG',OTC,0.002,0.002,730,0,Empyrean Bioscience,0,0,0
20021127,49192,EMDG',OTC,0.001,0.001,307,0,Empyrean Bioscience,0,0,0
20021129,49192,EMDG',OTC,0.002,0.002,1229,0,Empyrean Bioscience,0,0,0
20021202,49192,EMDG',OTC,0.001,0.001,2157,0,Empyrean Bioscience,0,0,0
20021203,49192,EMDG',OTC,0.001,0.001,0,0,Empyrean Bioscience,0,0,0
20021204,49192,EMDG',OTC,0.001,0.001,0,0,Empyrean Bioscience,0,0,0
20021205,49192,EMDG',OTC,0.001,0.001,0,0,Empyrean Bioscience,0,0,0
20021206,49192,EMDG',OTC,0.001,0.001,0,0,Empyrean Bioscience,0,0,0
20021209,49192,EMDG',OTC,0.001,0.001,0,0,Empyrean Bioscience,0,0,0
20021210,49192,EMDG',OTC,0.001,0.001,0,0,Empyrean Bioscience,0,0,0
20021211,49192,EMDG',OTC,0.001,0.001,0,0,Empyrean Bioscience,0,0,0
20021212,49192,EMDG',OTC,0.001,0.001,0,0,Empyrean Bioscience,0,0,0
20021213,49192,EMDG',OTC,0.001,0.001,0,0,Empyrean Bioscience,0,0,0
20021216,49192,EMDG',OTC,0.001,0.001,0,0,Empyrean Bioscience,0,0,0
20021217,49192,EMDG',OTC,0.001,0.001,0,0,Empyrean Bioscience,0,0,0
20021218,49192,EMDG',OTC,0.001,0.001,0,0,Empyrean Bioscience,0,0,0
20021219,49192,EMDG',OTC,0.001,0.001,0,0,Empyrean Bioscience,0,0,0
20021220,49192,EMDG',OTC,0.001,0.001,0,0,Empyrean Bioscience,0,0,0
20021223,49192,EMDG',OTC,0.001,0.001,0,0,Empyrean Bioscience,0,0,0
20021224,49192,EMDG',OTC,0.001,0.001,0,0,Empyrean Bioscience,0,0,0
20021226,49192,EMDG',OTC,0.001,0.001,0,0,Empyrean Bioscience,0,0,0
20021227,49192,EMDG',OTC,0.001,0.001,0,0,Empyrean Bioscience,0,0,0
20021230,49192,EMDG',OTC,0.001,0.001,0,0,Empyrean Bioscience,0,0,0
20021231,49192,EMDG',OTC,0.001,0.001,128,0,Empyrean Bioscience,0,0,0
20030102,49192,EMDG',OTC,0.001,0.001,10,0,Empyrean Bioscience,0,0,0
20030103,49192,EMDG',OTC,0.001,0.001,20,0,Empyrean Bioscience,0,0,0
20030106,49192,EMDG',OTC,0.001,0.001,0,0,Empyrean Bioscience,0,0,0
20030107,49192,EMDG',OTC,0.001,0.001,0,0,Empyrean Bioscience,0,0,0
20030108,49192,EMDG',OTC,0.015,0.015,100,0,Empyrean Bioscience,0,0,0
20030109,49192,EMDG',OTC,0.015,0.015,0,0,Empyrean Bioscience,0,0,0
20030110,49192,EMDG',OTC,0.015,0.015,0,0,Empyrean Bioscience,0,0,0
20030113,49192,EMDG',OTC,0.015,0.015,0,0,Empyrean Bioscience,0,0,0
20030114,49192,EMDG',OTC,0.015,0.015,0,0,Empyrean Bioscience,0,0,0
20030115,49192,EMDG',OTC,0.015,0.015,0,0,Empyrean Bioscience,0,0,0
20030116,49192,EMDG',OTC,0.015,0.015,0,0,Empyrean Bioscience,0,0,0
20030117,49192,EMDG',OTC,0.015,0.015,0,0,Empyrean Bioscience,0,0,0
20030121,49192,EMDG',OTC,0.015,0.015,0,0,Empyrean Bioscience,0,0,0
20030122,49192,EMDG',OTC,0.015,0.015,0,0,Empyrean Bioscience,0,0,0
20030123,49192,EMDG',OTC,0.015,0.015,0,0,Empyrean Bioscience,0,0,0
20030124,49192,EMDG',OTC,0.015,0.015,0,0,Empyrean Bioscience,0,0,0
20030127,49192,EMDG',OTC,0.015,0.015,0,0,Empyrean Bioscience,0,0,0
20030128,49192,EMDG',OTC,0.015,0.015,0,0,Empyrean Bioscience,0,0,0
20030129,49192,EMDG',OTC,0.015,0.015,0,0,Empyrean Bioscience,0,0,0
20030130,49192,EMDG',OTC,0.015,0.015,0,0,Empyrean Bioscience,0,0,0
20030131,49192,EMDG',OTC,0.015,0.015,0,0,Empyrean Bioscience,0,0,0
20030203,49192,EMDG',OTC,0.015,0.015,0,0,Empyrean Bioscience,0,0,0
20030204,49192,EMDG',OTC,0.015,0.015,0,0,Empyrean Bioscience,0,0,0
20030205,49192,EMDG',OTC,0.015,0.015,0,0,Empyrean Bioscience,0,0,0
20030206,49192,EMDG',OTC,0.015,0.015,0,0,Empyrean Bioscience,0,0,0
20030207,49192,EMDG',OTC,0.015,0.015,0,0,Empyrean Bioscience,0,0,0
20030210,49192,EMDG',OTC,0.015,0.015,0,0,Empyrean Bioscience,0,0,0
20030211,49192,EMDG',OTC,0.015,0.015,0,0,Empyrean Bioscience,0,0,0
20030212,49192,EMDG',OTC,0.015,0.015,0,0,Empyrean Bioscience,0,0,0
20030213,49192,EMDG',OTC,0.015,0.015,0,0,Empyrean Bioscience,0,0,0
20030214,49192,EMDG',OTC,0.015,0.015,0,0,Empyrean Bioscience,0,0,0
20030218,49192,EMDG',OTC,0.015,0.015,0,0,Empyrean Bioscience,0,0,0
20030219,49192,EMDG',OTC,0.015,0.015,0,0,Empyrean Bioscience,0,0,0
20030220,49192,EMDG',OTC,0.015,0.015,0,0,Empyrean Bioscience,0,0,0
20030221,49192,EMDG',OTC,0.015,0.015,0,0,Empyrean Bioscience,0,0,0
20030224,49192,EMDG',OTC,0.015,0.015,0,0,Empyrean Bioscience,0,0,0
20030225,49192,EMDG',OTC,0.015,0.015,0,0,Empyrean Bioscience,0,0,0
20030226,49192,EMDG',OTC,0.015,0.015,0,0,Empyrean Bioscience,0,0,0
20030227,49192,EMDG',OTC,0.015,0.015,0,0,Empyrean Bioscience,0,0,0
20030228,49192,EMDG',OTC,0.015,0.015,0,0,Empyrean Bioscience,0,0,0
20030303,49192,EMDG',OTC,0.001,0.001,23,0,Empyrean Bioscience,0,0,0
20030304,49192,EMDG',OTC,0.001,0.001,0,0,Empyrean Bioscience,0,0,0
20030305,49192,EMDG',OTC,0.001,0.001,0,0,Empyrean Bioscience,0,0,0
20030306,49192,EMDG',OTC,0.001,0.001,20,0,Empyrean Bioscience,0,0,0
20030307,49192,EMDG',OTC,0.001,0.001,10,0,Empyrean Bioscience,0,0,0
20030310,49192,EMDG',OTC,0.001,0.001,0,0,Empyrean Bioscience,0,0,0
20030311,49192,EMDG',OTC,0.001,0.001,0,0,Empyrean Bioscience,0,0,0
20030312,49192,EMDG',OTC,0.001,0.001,0,0,Empyrean Bioscience,0,0,0
20030313,49192,EMDG',OTC,0.001,0.001,0,0,Empyrean Bioscience,0,0,0
20030314,49192,EMDG',OTC,0.001,0.001,0,0,Empyrean Bioscience,0,0,0
20030317,49192,EMDG',OTC,0.001,0.001,33,0,Empyrean Bioscience,0,0,0
20030318,49192,EMDG',OTC,0.001,0.001,0,0,Empyrean Bioscience,0,0,0
20030319,49192,EMDG',OTC,0.001,0.001,0,0,Empyrean Bioscience,0,0,0
20030320,49192,EMDG',OTC,0.001,0.001,0,0,Empyrean Bioscience,0,0,0
20030321,49192,EMDG',OTC,0.01,0.01,100,0,Empyrean Bioscience,0,0,0
20030324,49192,EMDG',OTC,0.001,0.001,51,0,Empyrean Bioscience,0,0,0
20030325,49192,EMDG',OTC,0.001,0.001,1,0,Empyrean Bioscience,0,0,0
20030326,49192,EMDG',OTC,0.001,0.001,0,0,Empyrean Bioscience,0,0,0
20030327,49192,EMDG',OTC,0.001,0.001,0,0,Empyrean Bioscience,0,0,0
20030328,49192,EMDG',OTC,0.001,0.001,0,0,Empyrean Bioscience,0,0,0
20030331,49192,EMDG',OTC,0.001,0.001,0,0,Empyrean Bioscience,0,0,0
20030401,49192,EMDG',OTC,0.001,0.001,0,0,Empyrean Bioscience,0,0,0
20030402,49192,EMDG',OTC,0.001,0.001,0,0,Empyrean Bioscience,0,0,0
20030403,49192,EMDG',OTC,0.001,0.001,0,0,Empyrean Bioscience,0,0,0
20030404,49192,EMDG',OTC,0.001,0.001,0,0,Empyrean Bioscience,0,0,0
20030407,49192,EMDG',OTC,0.001,0.001,0,0,Empyrean Bioscience,0,0,0
20030408,49192,EMDG',OTC,0.001,0.001,0,0,Empyrean Bioscience,0,0,0
20030409,49192,EMDG',OTC,0.001,0.001,0,0,Empyrean Bioscience,0,0,0
20030410,49192,EMDG',OTC,0.001,0.001,0,0,Empyrean Bioscience,0,0,0
20030411,49192,EMDG',OTC,0.001,0.001,0,0,Empyrean Bioscience,0,0,0
20030414,49192,EMDG',OTC,0.002,0.002,3000,0,Empyrean Bioscience,0,0,0
20030415,49192,EMDG',OTC,0.002,0.002,0,0,Empyrean Bioscience,0,0,0
20030416,49192,EMDG',OTC,0.001,0.001,18,0,Empyrean Bioscience,0,0,0
20030417,49192,EMDG',OTC,0.001,0.001,0,0,Empyrean Bioscience,0,0,0
20030421,49192,EMDG',OTC,0.001,0.001,0,0,Empyrean Bioscience,0,0,0
20030422,49192,EMDG',OTC,0.001,0.001,0,0,Empyrean Bioscience,0,0,0
20030423,49192,EMDG',OTC,0.001,0.001,0,0,Empyrean Bioscience,0,0,0
20030424,49192,EMDG',OTC,0.001,0.001,0,0,Empyrean Bioscience,0,0,0
20030425,49192,EMDG',OTC,0.001,0.001,0,0,Empyrean Bioscience,0,0,0
20030428,49192,EMDG',OTC,0.001,0.001,0,0,Empyrean Bioscience,0,0,0
20030429,49192,EMDG',OTC,0.001,0.001,0,0,Empyrean Bioscience,0,0,0
20030430,49192,EMDG',OTC,0.001,0.001,0,0,Empyrean Bioscience,0,0,0
20030501,49192,EMDG',OTC,0.001,0.001,0,0,Empyrean Bioscience,0,0,0
20030502,49192,EMDG',OTC,0.001,0.001,0,0,Empyrean Bioscience,0,0,0
20030505,49192,EMDG',OTC,0.001,0.001,0,0,Empyrean Bioscience,0,0,0
20030506,49192,EMDG',OTC,0.001,0.001,0,0,Empyrean Bioscience,0,0,0
20030507,49192,EMDG',OTC,0.001,0.001,30,0,Empyrean Bioscience,0,0,0
20030508,49192,EMDG',OTC,0.001,0.001,0,0,Empyrean Bioscience,0,0,0
20030509,49192,EMDG',OTC,0.001,0.001,0,0,Empyrean Bioscience,0,0,0
20030512,49192,EMDG',OTC,0.001,0.001,0,0,Empyrean Bioscience,0,0,0
20030513,49192,EMDG',OTC,0.001,0.001,0,0,Empyrean Bioscience,0,0,0
20030514,49192,EMDG',OTC,0.001,0.001,0,0,Empyrean Bioscience,0,0,0
20030515,49192,EMDG',OTC,0.001,0.001,127,0,Empyrean Bioscience,0,0,0
20030516,49192,EMDG',OTC,0.001,0.001,20,0,Empyrean Bioscience,0,0,0
20030519,49192,EMDG',OTC,0.001,0.001,0,0,Empyrean Bioscience,0,0,0
20030520,49192,EMDG',OTC,0.001,0.001,0,0,Empyrean Bioscience,0,0,0
20030521,49192,EMDG',OTC,0.001,0.001,0,0,Empyrean Bioscience,0,0,0
20030522,49192,EMDG',OTC,0.001,0.001,0,0,Empyrean Bioscience,0,0,0
20030523,49192,EMDG',OTC,0.001,0.001,0,0,Empyrean Bioscience,0,0,0
20030527,49192,EMDG',OTC,0.001,0.001,0,0,Empyrean Bioscience,0,0,0
20030528,49192,EMDG',OTC,0.001,0.001,0,0,Empyrean Bioscience,0,0,0
20030529,49192,EMDG',OTC,0.001,0.001,0,0,Empyrean Bioscience,0,0,0
20030530,49192,EMDG',OTC,0.001,0.001,0,0,Empyrean Bioscience,0,0,0
20030602,49192,EMDG',OTC,0.001,0.001,4,0,Empyrean Bioscience,0,0,0
20030603,49192,EMDG',OTC,0.001,0.001,0,0,Empyrean Bioscience,0,0,0
20030604,49192,EMDG',OTC,0.001,0.001,0,0,Empyrean Bioscience,0,0,0
20030605,49192,EMDG',OTC,0.001,0.001,0,0,Empyrean Bioscience,0,0,0
20030606,49192,EMDG',OTC,0.001,0.001,0,0,Empyrean Bioscience,0,0,0
20030609,49192,EMDG',OTC,0.001,0.001,0,0,Empyrean Bioscience,0,0,0
20030610,49192,EMDG',OTC,0.001,0.001,0,0,Empyrean Bioscience,0,0,0
20030611,49192,EMDG',OTC,0.001,0.001,0,0,Empyrean Bioscience,0,0,0
20030612,49192,EMDG',OTC,0.001,0.001,0,0,Empyrean Bioscience,0,0,0
20030613,49192,EMDG',OTC,0.001,0.001,0,0,Empyrean Bioscience,0,0,0
20030616,49192,EMDG',OTC,0.001,0.001,0,0,Empyrean Bioscience,0,0,0
20030617,49192,EMDG',OTC,0.001,0.001,0,0,Empyrean Bioscience,0,0,0
20030618,49192,EMDG',OTC,0.001,0.001,0,0,Empyrean Bioscience,0,0,0
20030619,49192,EMDG',OTC,0.01,0.01,100,0,Empyrean Bioscience,0,0,0
20030620,49192,EMDG',OTC,0.01,0.01,0,0,Empyrean Bioscience,0,0,0
20030623,49192,EMDG',OTC,0.01,0.01,0,0,Empyrean Bioscience,0,0,0
20030624,49192,EMDG',OTC,0.01,0.01,0,0,Empyrean Bioscience,0,0,0
20030625,49192,EMDG',OTC,0.01,0.01,0,0,Empyrean Bioscience,0,0,0
20030626,49192,EMDG',OTC,0.01,0.01,0,0,Empyrean Bioscience,0,0,0
20030627,49192,EMDG',OTC,0.01,0.01,0,0,Empyrean Bioscience,0,0,0
20030630,49192,EMDG',OTC,0.01,0.01,0,0,Empyrean Bioscience,0,0,0
20030701,49192,EMDG',OTC,0.01,0.01,0,0,Empyrean Bioscience,0,0,0
20030702,49192,EMDG',OTC,0.01,0.01,0,0,Empyrean Bioscience,0,0,0
20030703,49192,EMDG',OTC,0.01,0.01,0,0,Empyrean Bioscience,0,0,0
20030707,49192,EMDG',OTC,0.01,0.01,0,0,Empyrean Bioscience,0,0,0
20030708,49192,EMDG',OTC,0.01,0.01,0,0,Empyrean Bioscience,0,0,0
20030709,49192,EMDG',OTC,0.01,0.01,0,0,Empyrean Bioscience,0,0,0
20030710,49192,EMDG',OTC,0.01,0.01,0,0,Empyrean Bioscience,0,0,0
20030711,49192,EMDG',OTC,0.01,0.01,0,0,Empyrean Bioscience,0,0,0
20030714,49192,EMDG',OTC,0.01,0.01,0,0,Empyrean Bioscience,0,0,0
20030715,49192,EMDG',OTC,0.01,0.01,0,0,Empyrean Bioscience,0,0,0
20030716,49192,EMDG',OTC,0.01,0.01,0,0,Empyrean Bioscience,0,0,0
20030717,49192,EMDG',OTC,0.01,0.01,0,0,Empyrean Bioscience,0,0,0
20030718,49192,EMDG',OTC,0.01,0.01,0,0,Empyrean Bioscience,0,0,0
20030721,49192,EMDG',OTC,0.01,0.01,0,0,Empyrean Bioscience,0,0,0
20030722,49192,EMDG',OTC,0.01,0.01,0,0,Empyrean Bioscience,0,0,0
20030723,49192,EMDG',OTC,0.01,0.01,0,0,Empyrean Bioscience,0,0,0
20030724,49192,EMDG',OTC,0.01,0.01,0,0,Empyrean Bioscience,0,0,0
20030725,49192,EMDG',OTC,0.01,0.01,0,0,Empyrean Bioscience,0,0,0
20030728,49192,EMDG',OTC,0.01,0.01,0,0,Empyrean Bioscience,0,0,0
20030729,49192,EMDG',OTC,0.01,0.01,0,0,Empyrean Bioscience,0,0,0
20030730,49192,EMDG',OTC,0.01,0.01,0,0,Empyrean Bioscience,0,0,0
20030731,49192,EMDG',OTC,0.01,0.01,0,0,Empyrean Bioscience,0,0,0
20030801,49192,EMDG',OTC,0.01,0.01,0,0,Empyrean Bioscience,0,0,0
20030804,49192,EMDG',OTC,0.01,0.01,0,0,Empyrean Bioscience,0,0,0
20030805,49192,EMDG',OTC,0.01,0.01,0,0,Empyrean Bioscience,0,0,0
20030806,49192,EMDG',OTC,0.01,0.01,0,0,Empyrean Bioscience,0,0,0
20030807,49192,EMDG',OTC,0.01,0.01,0,0,Empyrean Bioscience,0,0,0
20030808,49192,EMDG',OTC,0.01,0.01,0,0,Empyrean Bioscience,0,0,0
20030811,49192,EMDG',OTC,0.01,0.01,0,0,Empyrean Bioscience,0,0,0
20030812,49192,EMDG',OTC,0.01,0.01,0,0,Empyrean Bioscience,0,0,0
20030813,49192,EMDG',OTC,0.01,0.01,0,0,Empyrean Bioscience,0,0,0
20030814,49192,EMDG',OTC,0.002,0.002,16,0,Empyrean Bioscience,0,0,0
20030815,49192,EMDG',OTC,0.002,0.002,0,0,Empyrean Bioscience,0,0,0
20030818,49192,EMDG',OTC,0.002,0.002,0,0,Empyrean Bioscience,0,0,0
20030819,49192,EMDG',OTC,0.002,0.002,0,0,Empyrean Bioscience,0,0,0
20030820,49192,EMDG',OTC,0.002,0.002,1,0,Empyrean Bioscience,0,0,0
20030821,49192,EMDG',OTC,0.002,0.002,0,0,Empyrean Bioscience,0,0,0
20030822,49192,EMDG',OTC,0.002,0.002,0,0,Empyrean Bioscience,0,0,0
20030825,49192,EMDG',OTC,0.002,0.002,600,0,Empyrean Bioscience,0,0,0
20030826,49192,EMDG',OTC,0.002,0.002,0,0,Empyrean Bioscience,0,0,0
20030827,49192,EMDG',OTC,0.002,0.002,0,0,Empyrean Bioscience,0,0,0
20030828,49192,EMDG',OTC,0.002,0.002,0,0,Empyrean Bioscience,0,0,0
20030829,49192,EMDG',OTC,0.002,0.002,0,0,Empyrean Bioscience,0,0,0
20030902,49192,EMDG',OTC,0.002,0.002,0,0,Empyrean Bioscience,0,0,0
20030903,49192,EMDG',OTC,0.002,0.002,0,0,Empyrean Bioscience,0,0,0
20030904,49192,EMDG',OTC,0.002,0.002,0,0,Empyrean Bioscience,0,0,0
20030905,49192,EMDG',OTC,0.001,0.001,5,0,Empyrean Bioscience,0,0,0
20030908,49192,EMDG',OTC,0.001,0.001,0,0,Empyrean Bioscience,0,0,0
20030909,49192,EMDG',OTC,0.001,0.001,0,0,Empyrean Bioscience,0,0,0
20030910,49192,EMDG',OTC,0.001,0.001,0,0,Empyrean Bioscience,0,0,0
20030911,49192,EMDG',OTC,0.001,0.001,0,0,Empyrean Bioscience,0,0,0
20030912,49192,EMDG',OTC,0.001,0.001,0,0,Empyrean Bioscience,0,0,0
20030915,49192,EMDG',OTC,0.001,0.001,0,0,Empyrean Bioscience,0,0,0
20030916,49192,EMDG',OTC,0.001,0.001,0,0,Empyrean Bioscience,0,0,0
20030917,49192,EMDG',OTC,0.001,0.001,0,0,Empyrean Bioscience,0,0,0
20030918,49192,EMDG',OTC,0.001,0.001,0,0,Empyrean Bioscience,0,0,0
20030919,49192,EMDG',OTC,0.001,0.001,0,0,Empyrean Bioscience,0,0,0
20030922,49192,EMDG',OTC,0.001,0.001,0,0,Empyrean Bioscience,0,0,0
20030923,49192,EMDG',OTC,0.001,0.001,0,0,Empyrean Bioscience,0,0,0
20030924,49192,EMDG',OTC,0.001,0.001,0,0,Empyrean Bioscience,0,0,0
20030925,49192,EMDG',OTC,0.001,0.001,0,0,Empyrean Bioscience,0,0,0
20030926,49192,EMDG',OTC,0.001,0.001,0,0,Empyrean Bioscience,0,0,0
20030929,49192,EMDG',OTC,0.001,0.001,0,0,Empyrean Bioscience,0,0,0
20030930,49192,EMDG',OTC,0.001,0.001,0,0,Empyrean Bioscience,0,0,0
20031001,49192,EMDG',OTC,0.001,0.001,0,0,Empyrean Bioscience,0,0,0
20031002,49192,EMDG',OTC,0.001,0.001,0,0,Empyrean Bioscience,0,0,0
20031003,49192,EMDG',OTC,0.001,0.001,0,0,Empyrean Bioscience,0,0,0
20031006,49192,EMDG',OTC,0.001,0.001,0,0,Empyrean Bioscience,0,0,0
20031007,49192,EMDG',OTC,0.001,0.001,0,0,Empyrean Bioscience,0,0,0
20031008,49192,EMDG',OTC,0.01,0.01,50,0,Empyrean Bioscience,0,0,0
20031009,49192,EMDG',OTC,0.001,0.001,672,0,Empyrean Bioscience,0,0,0
20031010,49192,EMDG',OTC,0.001,0.001,0,0,Empyrean Bioscience,0,0,0
20031013,49192,EMDG',OTC,0.01,0.01,2863,0,Empyrean Bioscience,0,0,0
20031014,49192,EMDG',OTC,0.001,0.001,100,0,Empyrean Bioscience,0,0,0
20031015,49192,EMDG',OTC,0.001,0.001,0,0,Empyrean Bioscience,0,0,0
20031016,49192,EMDG',OTC,0.001,0.001,9,0,Empyrean Bioscience,0,0,0
20031017,49192,EMDG',OTC,0.001,0.001,433,0,Empyrean Bioscience,0,0,0
20031020,49192,EMDG',OTC,0.001,0.001,0,0,Empyrean Bioscience,0,0,0
20031021,49192,EMDG',OTC,0.001,0.001,0,0,Empyrean Bioscience,0,0,0
20031022,49192,EMDG',OTC,0.001,0.001,0,0,Empyrean Bioscience,0,0,0
20031023,49192,EMDG',OTC,0.001,0.001,10,0,Empyrean Bioscience,0,0,0
20031024,49192,EMDG',OTC,0.001,0.001,0,0,Empyrean Bioscience,0,0,0
20031027,49192,EMDG',OTC,0.001,0.001,0,0,Empyrean Bioscience,0,0,0
20031028,49192,EMDG',OTC,0.001,0.001,165,0,Empyrean Bioscience,0,0,0
20031029,49192,EMDG',OTC,0.001,0.001,0,0,Empyrean Bioscience,0,0,0
20031030,49192,EMDG',OTC,0.001,0.001,0,0,Empyrean Bioscience,0,0,0
20031031,49192,EMDG',OTC,0.001,0.001,0,0,Empyrean Bioscience,0,0,0
20031103,49192,EMDG',OTC,0.001,0.001,0,0,Empyrean Bioscience,0,0,0
20031104,49192,EMDG',OTC,0.001,0.001,0,0,Empyrean Bioscience,0,0,0
20031105,49192,EMDG',OTC,0.001,0.001,0,0,Empyrean Bioscience,0,0,0
20031106,49192,EMDG',OTC,0.002,0.002,60,0,Empyrean Bioscience,0,0,0
20031107,49192,EMDG',OTC,0.002,0.002,0,0,Empyrean Bioscience,0,0,0
20031110,49192,EMDG',OTC,0.001,0.001,150,0,Empyrean Bioscience,0,0,0
20031111,49192,EMDG',OTC,0.001,0.001,0,0,Empyrean Bioscience,0,0,0
20031112,49192,EMDG',OTC,0.001,0.001,0,0,Empyrean Bioscience,0,0,0
20031113,49192,EMDG',OTC,0.001,0.001,59,0,Empyrean Bioscience,0,0,0
20031114,49192,EMDG',OTC,0.001,0.001,0,0,Empyrean Bioscience,0,0,0
20031117,49192,EMDG',OTC,0.001,0.001,0,0,Empyrean Bioscience,0,0,0
20031118,49192,EMDG',OTC,0.001,0.001,0,0,Empyrean Bioscience,0,0,0
20031119,49192,EMDG',OTC,0.001,0.001,0,0,Empyrean Bioscience,0,0,0
20031120,49192,EMDG',OTC,0.001,0.001,7,0,Empyrean Bioscience,0,0,0
20031121,49192,EMDG',OTC,0.001,0.001,0,0,Empyrean Bioscience,0,0,0
20031124,49192,EMDG',OTC,0.002,0.002,10,0,Empyrean Bioscience,0,0,0
20031125,49192,EMDG',OTC,0.002,0.002,0,0,Empyrean Bioscience,0,0,0
20031126,49192,EMDG',OTC,0.002,0.002,0,0,Empyrean Bioscience,0,0,0
20031128,49192,EMDG',OTC,0.002,0.002,0,0,Empyrean Bioscience,0,0,0
20031201,49192,EMDG',OTC,0.001,0.001,353,0,Empyrean Bioscience,0,0,0
20031202,49192,EMDG',OTC,0.001,0.001,30,0,Empyrean Bioscience,0,0,0
20031203,49192,EMDG',OTC,0.001,0.001,60012,0,Empyrean Bioscience,0,0,0
20031204,49192,EMDG',OTC,0.001,0.001,138,0,Empyrean Bioscience,0,0,0
20031205,49192,EMDG',OTC,0.001,0.001,20,0,Empyrean Bioscience,0,0,0
20031208,49192,EMDG',OTC,0.001,0.001,0,0,Empyrean Bioscience,0,0,0
20031209,49192,EMDG',OTC,0.002,0.002,139,0,Empyrean Bioscience,0,0,0
20031210,49192,EMDG',OTC,0.001,0.001,35,0,Empyrean Bioscience,0,0,0
20031211,49192,EMDG',OTC,0.001,0.001,510,0,Empyrean Bioscience,0,0,0
20031212,49192,EMDG',OTC,0.001,0.001,112,0,Empyrean Bioscience,0,0,0
20031215,49192,EMDG',OTC,0.002,0.002,1015,0,Empyrean Bioscience,0,0,0
20031216,49192,EMDG',OTC,0.001,0.001,250,0,Empyrean Bioscience,0,0,0
20031217,49192,EMDG',OTC,0.001,0.001,83,0,Empyrean Bioscience,0,0,0
20031218,49192,EMDG',OTC,0.001,0.001,65,0,Empyrean Bioscience,0,0,0
20031219,49192,EMDG',OTC,0.001,0.001,2,0,Empyrean Bioscience,0,0,0
20031222,49192,EMDG',OTC,0.001,0.001,234,0,Empyrean Bioscience,0,0,0
20031223,49192,EMDG',OTC,0.001,0.001,20,0,Empyrean Bioscience,0,0,0
20031224,49192,EMDG',OTC,0.001,0.001,70,0,Empyrean Bioscience,0,0,0
20031226,49192,EMDG',OTC,0.002,0.002,136,0,Empyrean Bioscience,0,0,0
20031229,49192,EMDG',OTC,0.002,0.002,289,0,Empyrean Bioscience,0,0,0
20031230,49192,EMDG',OTC,0.001,0.001,525,0,Empyrean Bioscience,0,0,0
20031231,49192,EMDG',OTC,0.001,0.001,658,0,Empyrean Bioscience,0,0,0
20040102,49192,EMDG',OTC,0.001,0.001,0,0,Empyrean Bioscience,0,0,0
20040105,49192,EMDG',OTC,0.001,0.001,0,0,Empyrean Bioscience,0,0,0
20040106,49192,EMDG',OTC,0.001,0.001,0,0,Empyrean Bioscience,0,0,0
20040107,49192,EMDG',OTC,0.001,0.001,0,0,Empyrean Bioscience,0,0,0
20040108,49192,EMDG',OTC,0.001,0.001,20,0,Empyrean Bioscience,0,0,0
20040109,49192,EMDG',OTC,0.001,0.001,0,0,Empyrean Bioscience,0,0,0
20040112,49192,EMDG',OTC,0.001,0.001,19,0,Empyrean Bioscience,0,0,0
20040113,49192,EMDG',OTC,0.001,0.001,50,0,Empyrean Bioscience,0,0,0
20040114,49192,EMDG',OTC,0.001,0.001,0,0,Empyrean Bioscience,0,0,0
20040115,49192,EMDG',OTC,0.001,0.001,0,0,Empyrean Bioscience,0,0,0
20040116,49192,EMDG',OTC,0.001,0.001,10,0,Empyrean Bioscience,0,0,0
20040120,49192,EMDG',OTC,0.001,0.001,0,0,Empyrean Bioscience,0,0,0
20040121,49192,EMDG',OTC,0.001,0.001,0,0,Empyrean Bioscience,0,0,0
20040122,49192,EMDG',OTC,0.001,0.001,0,0,Empyrean Bioscience,0,0,0
20040123,49192,EMDG',OTC,0.001,0.001,0,0,Empyrean Bioscience,0,0,0
20040126,49192,EMDG',OTC,0.001,0.001,0,0,Empyrean Bioscience,0,0,0
20040127,49192,EMDG',OTC,0.002,0.002,20,0,Empyrean Bioscience,0,0,0
20040128,49192,EMDG',OTC,0.002,0.002,10,0,Empyrean Bioscience,0,0,0
20040129,49192,EMDG',OTC,0.01,0.01,284,0,Empyrean Bioscience,0,0,0
20040130,49192,EMDG',OTC,0.002,0.002,5,0,Empyrean Bioscience,0,0,0
20040202,49192,EMDG',OTC,0.002,0.002,56,0,Empyrean Bioscience,0,0,0
20040203,49192,EMDG',OTC,0.001,0.001,70,0,Empyrean Bioscience,0,0,0
20040204,49192,EMDG',OTC,0.001,0.001,100,0,Empyrean Bioscience,0,0,0
20040205,49192,EMDG',OTC,0.01,0.01,20,0,Empyrean Bioscience,0,0,0
20040206,49192,EMDG',OTC,0.01,0.01,0,0,Empyrean Bioscience,0,0,0
20040209,49192,EMDG',OTC,0.001,0.001,60,0,Empyrean Bioscience,0,0,0
20040210,49192,EMDG',OTC,0.001,0.001,25,0,Empyrean Bioscience,0,0,0
20040211,49192,EMDG',OTC,0.001,0.001,0,0,Empyrean Bioscience,0,0,0
20040212,49192,EMDG',OTC,0.001,0.001,33,0,Empyrean Bioscience,0,0,0
20040213,49192,EMDG',OTC,0.001,0.001,0,0,Empyrean Bioscience,0,0,0
20040217,49192,EMDG',OTC,0.002,0.002,45,0,Empyrean Bioscience,0,0,0
20040218,49192,EMDG',OTC,0.002,0.002,0,0,Empyrean Bioscience,0,0,0
20040219,49192,EMDG',OTC,0.002,0.002,0,0,Empyrean Bioscience,0,0,0
20040220,49192,EMDG',OTC,0.002,0.002,0,0,Empyrean Bioscience,0,0,0
20040223,49192,EMDG',OTC,0.002,0.002,0,0,Empyrean Bioscience,0,0,0
20040224,49192,EMDG',OTC,0.001,0.001,50,0,Empyrean Bioscience,0,0,0
20040225,49192,EMDG',OTC,0.001,0.001,0,0,Empyrean Bioscience,0,0,0
20040226,49192,EMDG',OTC,0.001,0.001,0,0,Empyrean Bioscience,0,0,0
20040227,49192,EMDG',OTC,0.001,0.001,0,0,Empyrean Bioscience,0,0,0
20040301,49192,EMDG',OTC,0.001,0.001,0,0,Empyrean Bioscience,0,0,0
20040302,49192,EMDG',OTC,0.001,0.001,0,0,Empyrean Bioscience,0,0,0
20040303,49192,EMDG',OTC,0.001,0.001,0,0,Empyrean Bioscience,0,0,0
20040304,49192,EMDG',OTC,0.001,0.001,500,0,Empyrean Bioscience,0,0,0
20040305,49192,EMDG',OTC,0.001,0.001,0,0,Empyrean Bioscience,0,0,0
20040308,49192,EMDG',OTC,0.001,0.001,0,0,Empyrean Bioscience,0,0,0
20040309,49192,EMDG',OTC,0.001,0.001,5,0,Empyrean Bioscience,0,0,0
20040310,49192,EMDG',OTC,0.001,0.001,0,0,Empyrean Bioscience,0,0,0
20040311,49192,EMDG',OTC,0.001,0.001,0,0,Empyrean Bioscience,0,0,0
20040312,49192,EMDG',OTC,0.001,0.001,0,0,Empyrean Bioscience,0,0,0
20040315,49192,EMDG',OTC,0.001,0.001,0,0,Empyrean Bioscience,0,0,0
20040316,49192,EMDG',OTC,0.001,0.001,0,0,Empyrean Bioscience,0,0,0
20040317,49192,EMDG',OTC,0.001,0.001,100,0,Empyrean Bioscience,0,0,0
20040318,49192,EMDG',OTC,0.001,0.001,20,0,Empyrean Bioscience,0,0,0
20040319,49192,EMDG',OTC,0.001,0.001,0,0,Empyrean Bioscience,0,0,0
20040322,49192,EMDG',OTC,0.002,0.002,50,0,Empyrean Bioscience,0,0,0
20040323,49192,EMDG',OTC,0.001,0.001,20,0,Empyrean Bioscience,0,0,0
20040324,49192,EMDG',OTC,0.001,0.001,0,0,Empyrean Bioscience,0,0,0
20040325,49192,EMDG',OTC,0.001,0.001,0,0,Empyrean Bioscience,0,0,0
20040326,49192,EMDG',OTC,0.001,0.001,0,0,Empyrean Bioscience,0,0,0
20040329,49192,EMDG',OTC,0.001,0.001,6,0,Empyrean Bioscience,0,0,0
20040330,49192,EMDG',OTC,0.001,0.001,0,0,Empyrean Bioscience,0,0,0
20040331,49192,EMDG',OTC,0.001,0.001,11,0,Empyrean Bioscience,0,0,0
20040401,49192,EMDG',OTC,0.001,0.001,25,0,Empyrean Bioscience,0,0,0
20040402,49192,EMDG',OTC,0.001,0.001,595,0,Empyrean Bioscience,0,0,0
20040405,49192,EMDG',OTC,0.001,0.001,0,0,Empyrean Bioscience,0,0,0
20040406,49192,EMDG',OTC,0.001,0.001,22,0,Empyrean Bioscience,0,0,0
20040407,49192,EMDG',OTC,0.001,0.001,13,0,Empyrean Bioscience,0,0,0
20040408,49192,EMDG',OTC,0.001,0.001,0,0,Empyrean Bioscience,0,0,0
20040412,49192,EMDG',OTC,0.001,0.001,216,0,Empyrean Bioscience,0,0,0
20040413,49192,EMDG',OTC,0.001,0.001,0,0,Empyrean Bioscience,0,0,0
20040414,49192,EMDG',OTC,0.001,0.001,1135,0,Empyrean Bioscience,0,0,0
20040415,49192,EMDG',OTC,0.001,0.001,168,0,Empyrean Bioscience,0,0,0
20040416,49192,EMDG',OTC,0.001,0.001,50,0,Empyrean Bioscience,0,0,0
20040419,49192,EMDG',OTC,0.001,0.001,59,0,Empyrean Bioscience,0,0,0
20040420,49192,EMDG',OTC,0.001,0.001,0,0,Empyrean Bioscience,0,0,0
20040421,49192,EMDG',OTC,0.001,0.001,0,0,Empyrean Bioscience,0,0,0
20040422,49192,EMDG',OTC,0.001,0.001,0,0,Empyrean Bioscience,0,0,0
20040423,49192,EMDG',OTC,0.001,0.001,14,0,Empyrean Bioscience,0,0,0
20040426,49192,EMDG',OTC,0.001,0.001,0,0,Empyrean Bioscience,0,0,0
20040427,49192,EMDG',OTC,0.001,0.001,0,0,Empyrean Bioscience,0,0,0
20040428,49192,EMDG',OTC,0.001,0.001,0,0,Empyrean Bioscience,0,0,0
20040429,49192,EMDG',OTC,0.001,0.001,0,0,Empyrean Bioscience,0,0,0
20040430,49192,EMDG',OTC,0.001,0.001,50,0,Empyrean Bioscience,0,0,0
20040503,49192,EMDG',OTC,0.001,0.001,3,0,Empyrean Bioscience,0,0,0
20040504,49192,EMDG',OTC,0.001,0.001,110,0,Empyrean Bioscience,0,0,0
20040505,49192,EMDG',OTC,0.001,0.001,210,0,Empyrean Bioscience,0,0,0
20040506,49192,EMDG',OTC,0.001,0.001,0,0,Empyrean Bioscience,0,0,0
20040507,49192,EMDG',OTC,0.001,0.001,0,0,Empyrean Bioscience,0,0,0
20040510,49192,EMDG',OTC,0.001,0.001,0,0,Empyrean Bioscience,0,0,0
20040511,49192,EMDG',OTC,0.001,0.001,0,0,Empyrean Bioscience,0,0,0
20040512,49192,EMDG',OTC,0.001,0.001,10,0,Empyrean Bioscience,0,0,0
20040513,49192,EMDG',OTC,0.001,0.001,100,0,Empyrean Bioscience,0,0,0
20040514,49192,EMDG',OTC,0.001,0.001,0,0,Empyrean Bioscience,0,0,0
20040517,49192,EMDG',OTC,0.001,0.001,40,0,Empyrean Bioscience,0,0,0
20040518,49192,EMDG',OTC,0.001,0.001,6,0,Empyrean Bioscience,0,0,0
20040519,49192,EMDG',OTC,0.001,0.001,150,0,Empyrean Bioscience,0,0,0
20040520,49192,EMDG',OTC,0.001,0.001,0,0,Empyrean Bioscience,0,0,0
20040521,49192,EMDG',OTC,0.001,0.001,63,0,Empyrean Bioscience,0,0,0
20040524,49192,EMDG',OTC,0.001,0.001,0,0,Empyrean Bioscience,0,0,0
20040525,49192,EMDG',OTC,0.001,0.001,40,0,Empyrean Bioscience,0,0,0
20040526,49192,EMDG',OTC,0.001,0.001,300,0,Empyrean Bioscience,0,0,0
20040527,49192,EMDG',OTC,0.001,0.001,0,0,Empyrean Bioscience,0,0,0
20040528,49192,EMDG',OTC,0.001,0.001,150,0,Empyrean Bioscience,0,0,0
20040601,49192,EMDG',OTC,0.001,0.001,7,0,Empyrean Bioscience,0,0,0
20040602,49192,EMDG',OTC,0.001,0.001,2062,0,Empyrean Bioscience,0,0,0
20040603,49192,EMDG',OTC,0.001,0.001,0,0,Empyrean Bioscience,0,0,0
20040604,49192,EMDG',OTC,0.001,0.001,0,0,Empyrean Bioscience,0,0,0
20040607,49192,EMDG',OTC,0.001,0.001,0,0,Empyrean Bioscience,0,0,0
20040608,49192,EMDG',OTC,0.001,0.001,0,0,Empyrean Bioscience,0,0,0
20040609,49192,EMDG',OTC,0.001,0.001,64,0,Empyrean Bioscience,0,0,0
20040610,49192,EMDG',OTC,0.001,0.001,2527,0,Empyrean Bioscience,0,0,0
20040614,49192,EMDG',OTC,0.001,0.001,0,0,Empyrean Bioscience,0,0,0
20040615,49192,EMDG',OTC,0.001,0.001,170,0,Empyrean Bioscience,0,0,0
20040616,49192,EMDG',OTC,0.001,0.001,0,0,Empyrean Bioscience,0,0,0
20040617,49192,EMDG',OTC,0.001,0.001,0,0,Empyrean Bioscience,0,0,0
20040618,49192,EMDG',OTC,0.001,0.001,0,0,Empyrean Bioscience,0,0,0
20040621,49192,EMDG',OTC,0.001,0.001,200,0,Empyrean Bioscience,0,0,0
20040622,49192,EMDG',OTC,0.001,0.001,0,0,Empyrean Bioscience,0,0,0
20040623,49192,EMDG',OTC,0.001,0.001,61,0,Empyrean Bioscience,0,0,0
20040624,49192,EMDG',OTC,0.001,0.001,0,0,Empyrean Bioscience,0,0,0
20040625,49192,EMDG',OTC,0.001,0.001,6,0,Empyrean Bioscience,0,0,0
20040628,49192,EMDG',OTC,0.001,0.001,11,0,Empyrean Bioscience,0,0,0
20040629,49192,EMDG',OTC,0.001,0.001,132,0,Empyrean Bioscience,0,0,0
20040630,49192,EMDG',OTC,0.001,0.001,0,0,Empyrean Bioscience,0,0,0
20040701,49192,EMDG',OTC,0.001,0.001,0,0,Empyrean Bioscience,0,0,0
20040702,49192,EMDG',OTC,0.001,0.001,0,0,Empyrean Bioscience,0,0,0
20040706,49192,EMDG',OTC,0.001,0.001,0,0,Empyrean Bioscience,0,0,0
20040707,49192,EMDG',OTC,0.001,0.001,18,0,Empyrean Bioscience,0,0,0
20040708,49192,EMDG',OTC,0.001,0.001,50,0,Empyrean Bioscience,0,0,0
20040709,49192,EMDG',OTC,0.001,0.001,30,0,Empyrean Bioscience,0,0,0
20040712,49192,EMDG',OTC,0.001,0.001,0,0,Empyrean Bioscience,0,0,0
20040713,49192,EMDG',OTC,0.001,0.001,10,0,Empyrean Bioscience,0,0,0
20040714,49192,EMDG',OTC,0.001,0.001,345,0,Empyrean Bioscience,0,0,0
20040715,49192,EMDG',OTC,0.001,0.001,70,0,Empyrean Bioscience,0,0,0
20040716,49192,EMDG',OTC,0.001,0.001,0,0,Empyrean Bioscience,0,0,0
20040719,49192,EMDG',OTC,0.001,0.001,100,0,Empyrean Bioscience,0,0,0
20040720,49192,EMDG',OTC,0.001,0.001,8,0,Empyrean Bioscience,0,0,0
20040721,49192,EMDG',OTC,0.001,0.001,542,0,Empyrean Bioscience,0,0,0
20040722,49192,EMDG',OTC,0.001,0.001,750,0,Empyrean Bioscience,0,0,0
20040723,49192,EMDG',OTC,0.001,0.001,0,0,Empyrean Bioscience,0,0,0
20040726,49192,EMDG',OTC,0.001,0.001,50,0,Empyrean Bioscience,0,0,0
20040727,49192,EMDG',OTC,0.001,0.001,0,0,Empyrean Bioscience,0,0,0
20040728,49192,EMDG',OTC,0.001,0.001,0,0,Empyrean Bioscience,0,0,0
20040729,49192,EMDG',OTC,0.001,0.001,68,0,Empyrean Bioscience,0,0,0
20040730,49192,EMDG',OTC,0.001,0.001,0,0,Empyrean Bioscience,0,0,0
20040802,49192,EMDG',OTC,0.001,0.001,0,0,Empyrean Bioscience,0,0,0
20040803,49192,EMDG',OTC,0.001,0.001,36,0,Empyrean Bioscience,0,0,0
20040804,49192,EMDG',OTC,0.001,0.001,97,0,Empyrean Bioscience,0,0,0
20040805,49192,EMDG',OTC,0.001,0.001,100,0,Empyrean Bioscience,0,0,0
20040806,49192,EMDG',OTC,0.001,0.001,42,0,Empyrean Bioscience,0,0,0
20040809,49192,EMDG',OTC,0.001,0.001,24,0,Empyrean Bioscience,0,0,0
20040810,49192,EMDG',OTC,0.001,0.001,0,0,Empyrean Bioscience,0,0,0
20040811,49192,EMDG',OTC,0.001,0.001,50,0,Empyrean Bioscience,0,0,0
20040812,49192,EMDG',OTC,0.001,0.001,8,0,Empyrean Bioscience,0,0,0
20040813,49192,EMDG',OTC,0.001,0.001,42,0,Empyrean Bioscience,0,0,0
20040816,49192,EMDG',OTC,0.001,0.001,0,0,Empyrean Bioscience,0,0,0
20040817,49192,EMDG',OTC,0.001,0.001,0,0,Empyrean Bioscience,0,0,0
20040818,49192,EMDG',OTC,0.001,0.001,10,0,Empyrean Bioscience,0,0,0
20040819,49192,EMDG',OTC,0.001,0.001,75,0,Empyrean Bioscience,0,0,0
20040820,49192,EMDG',OTC,0.001,0.001,0,0,Empyrean Bioscience,0,0,0
20040823,49192,EMDG',OTC,0.001,0.001,8,0,Empyrean Bioscience,0,0,0
20040824,49192,EMDG',OTC,0.001,0.001,0,0,Empyrean Bioscience,0,0,0
20040825,49192,EMDG',OTC,0.001,0.001,10,0,Empyrean Bioscience,0,0,0
20040826,49192,EMDG',OTC,0.001,0.001,0,0,Empyrean Bioscience,0,0,0
20040827,49192,EMDG',OTC,0.001,0.001,0,0,Empyrean Bioscience,0,0,0
20040830,49192,EMDG',OTC,0.001,0.001,56,0,Empyrean Bioscience,0,0,0
20040831,49192,EMDG',OTC,0.001,0.001,464,0,Empyrean Bioscience,0,0,0
20040901,49192,EMDG',OTC,0.001,0.001,10,0,Empyrean Bioscience,0,0,0
20040902,49192,EMDG',OTC,0.001,0.001,5,0,Empyrean Bioscience,0,0,0
20040903,49192,EMDG',OTC,0.001,0.001,8,0,Empyrean Bioscience,0,0,0
20040907,49192,EMDG',OTC,0.001,0.001,5,0,Empyrean Bioscience,0,0,0
20040908,49192,EMDG',OTC,0.001,0.001,38,0,Empyrean Bioscience,0,0,0
20040909,49192,EMDG',OTC,0.001,0.001,0,0,Empyrean Bioscience,0,0,0
20040910,49192,EMDG',OTC,0.001,0.001,244,0,Empyrean Bioscience,0,0,0
20040913,49192,EMDG',OTC,0.001,0.001,0,0,Empyrean Bioscience,0,0,0
20040914,49192,EMDG',OTC,0.001,0.001,0,0,Empyrean Bioscience,0,0,0
20040915,49192,EMDG',OTC,0.001,0.001,10,0,Empyrean Bioscience,0,0,0
20040916,49192,EMDG',OTC,0.001,0.001,0,0,Empyrean Bioscience,0,0,0
20040917,49192,EMDG',OTC,0.001,0.001,0,0,Empyrean Bioscience,0,0,0
20040920,49192,EMDG',OTC,0.01,0.01,10,0,Empyrean Bioscience,0,0,0
20040921,49192,EMDG',OTC,0.01,0.01,0,0,Empyrean Bioscience,0,0,0
20040922,49192,EMDG',OTC,0.01,0.01,0,0,Empyrean Bioscience,0,0,0
20040923,49192,EMDG',OTC,0.001,0.001,1910,0,Empyrean Bioscience,0,0,0
20040924,49192,EMDG',OTC,0.001,0.001,150,0,Empyrean Bioscience,0,0,0
20040927,49192,EMDG',OTC,0.001,0.001,0,0,Empyrean Bioscience,0,0,0
20040928,49192,EMDG',OTC,0.001,0.001,71,0,Empyrean Bioscience,0,0,0
20040929,49192,EMDG',OTC,0.001,0.001,0,0,Empyrean Bioscience,0,0,0
20040930,49192,EMDG',OTC,0.001,0.001,65,0,Empyrean Bioscience,0,0,0
20041001,49192,EMDG',OTC,0.01,0.01,30,0,Empyrean Bioscience,0,0,0
20041004,49192,EMDG',OTC,0.01,0.01,0,0,Empyrean Bioscience,0,0,0
20041005,49192,EMDG',OTC,0.01,0.01,0,0,Empyrean Bioscience,0,0,0
20041006,49192,EMDG',OTC,0.01,0.01,0,0,Empyrean Bioscience,0,0,0
20041007,49192,EMDG',OTC,0.001,0.001,48,0,Empyrean Bioscience,0,0,0
20041008,49192,EMDG',OTC,0.001,0.001,15,0,Empyrean Bioscience,0,0,0
20041011,49192,EMDG',OTC,0.001,0.001,0,0,Empyrean Bioscience,0,0,0
20041012,49192,EMDG',OTC,0.001,0.001,2,0,Empyrean Bioscience,0,0,0
20041013,49192,EMDG',OTC,0.001,0.001,62,0,Empyrean Bioscience,0,0,0
20041014,49192,EMDG',OTC,0.001,0.001,0,0,Empyrean Bioscience,0,0,0
20041015,49192,EMDG',OTC,0.001,0.001,7,0,Empyrean Bioscience,0,0,0
20041018,49192,EMDG',OTC,0.001,0.001,6,0,Empyrean Bioscience,0,0,0
20041019,49192,EMDG',OTC,0.001,0.001,48,0,Empyrean Bioscience,0,0,0
20041020,49192,EMDG',OTC,0.001,0.001,36,0,Empyrean Bioscience,0,0,0
20041021,49192,EMDG',OTC,0.001,0.001,602,0,Empyrean Bioscience,0,0,0
20041022,49192,EMDG',OTC,0.01,0.01,25,0,Empyrean Bioscience,0,0,0
20041025,49192,EMDG',OTC,0.001,0.001,83,0,Empyrean Bioscience,0,0,0
20041026,49192,EMDG',OTC,0.001,0.001,57,0,Empyrean Bioscience,0,0,0
20041027,49192,EMDG',OTC,0.001,0.001,0,0,Empyrean Bioscience,0,0,0
20041028,49192,EMDG',OTC,0.001,0.001,0,0,Empyrean Bioscience,0,0,0
20041029,49192,EMDG',OTC,0.001,0.001,5,0,Empyrean Bioscience,0,0,0
20041101,49192,EMDG',OTC,0.001,0.001,20,0,Empyrean Bioscience,0,0,0
20041102,49192,EMDG',OTC,0.001,0.001,0,0,Empyrean Bioscience,0,0,0
20041103,49192,EMDG',OTC,0.001,0.001,105,0,Empyrean Bioscience,0,0,0
20041104,49192,EMDG',OTC,0.001,0.001,76,0,Empyrean Bioscience,0,0,0
20041105,49192,EMDG',OTC,0.001,0.001,13,0,Empyrean Bioscience,0,0,0
20041108,49192,EMDG',OTC,0.001,0.001,20,0,Empyrean Bioscience,0,0,0
20041109,49192,EMDG',OTC,0.001,0.001,100,0,Empyrean Bioscience,0,0,0
20041110,49192,EMDG',OTC,0.001,0.001,0,0,Empyrean Bioscience,0,0,0
20041111,49192,EMDG',OTC,0.001,0.001,0,0,Empyrean Bioscience,0,0,0
20041112,49192,EMDG',OTC,0.001,0.001,1000,0,Empyrean Bioscience,0,0,0
20041115,49192,EMDG',OTC,0.001,0.001,175,0,Empyrean Bioscience,0,0,0
20041116,49192,EMDG',OTC,0.001,0.001,0,0,Empyrean Bioscience,0,0,0
20041117,49192,EMDG',OTC,0.001,0.001,0,0,Empyrean Bioscience,0,0,0
20041118,49192,EMDG',OTC,0.001,0.001,0,0,Empyrean Bioscience,0,0,0
20041119,49192,EMDG',OTC,0.001,0.001,500,0,Empyrean Bioscience,0,0,0
20041122,49192,EMDG',OTC,0.001,0.001,55,0,Empyrean Bioscience,0,0,0
20041123,49192,EMDG',OTC,0.001,0.001,0,0,Empyrean Bioscience,0,0,0
20041124,49192,EMDG',OTC,0.001,0.001,4,0,Empyrean Bioscience,0,0,0
20041126,49192,EMDG',OTC,0.01,0.01,100,0,Empyrean Bioscience,0,0,0
20041129,49192,EMDG',OTC,0.01,0.01,0,0,Empyrean Bioscience,0,0,0
20041130,49192,EMDG',OTC,0.007,0.007,201,0,Empyrean Bioscience,0,0,0
20041201,49192,EMDG',OTC,0.001,0.001,432,0,Empyrean Bioscience,0,0,0
20041202,49192,EMDG',OTC,0.001,0.001,103,0,Empyrean Bioscience,0,0,0
20041203,49192,EMDG',OTC,0.001,0.001,100,0,Empyrean Bioscience,0,0,0
20041206,49192,EMDG',OTC,0.001,0.001,0,0,Empyrean Bioscience,0,0,0
20041207,49192,EMDG',OTC,0.001,0.001,268,0,Empyrean Bioscience,0,0,0
20041208,49192,EMDG',OTC,0.001,0.001,327,0,Empyrean Bioscience,0,0,0
20041209,49192,EMDG',OTC,0.001,0.001,140,0,Empyrean Bioscience,0,0,0
20041210,49192,EMDG',OTC,0.001,0.001,6,0,Empyrean Bioscience,0,0,0
20041213,49192,EMDG',OTC,0.001,0.001,8,0,Empyrean Bioscience,0,0,0
20041214,49192,EMDG',OTC,0.001,0.001,38,0,Empyrean Bioscience,0,0,0
20041215,49192,EMDG',OTC,0.001,0.001,193,0,Empyrean Bioscience,0,0,0
20041216,49192,EMDG',OTC,0.001,0.001,3213,0,Empyrean Bioscience,0,0,0
20041217,49192,EMDG',OTC,0.001,0.001,33,0,Empyrean Bioscience,0,0,0
20041220,49192,EMDG',OTC,0.001,0.001,363,0,Empyrean Bioscience,0,0,0
20041221,49192,EMDG',OTC,0.001,0.001,109,0,Empyrean Bioscience,0,0,0
20041222,49192,EMDG',OTC,0.001,0.001,100,0,Empyrean Bioscience,0,0,0
20041223,49192,EMDG',OTC,0.001,0.001,156,0,Empyrean Bioscience,0,0,0
20041227,49192,EMDG',OTC,0.001,0.001,2003,0,Empyrean Bioscience,0,0,0
20041228,49192,EMDG',OTC,0.001,0.001,123,0,Empyrean Bioscience,0,0,0
20041229,49192,EMDG',OTC,0.001,0.001,1582,0,Empyrean Bioscience,0,0,0
20041230,49192,EMDG',OTC,0.001,0.001,233,0,Empyrean Bioscience,0,0,0
20041231,49192,EMDG',OTC,0.001,0.001,254,0,Empyrean Bioscience,0,0,0
20050103,49192,EMDG',OTC,0.001,0.001,0,0,Empyrean Bioscience,0,0,0
20050104,49192,EMDG',OTC,0.001,0.001,0,0,Empyrean Bioscience,0,0,0
20050105,49192,EMDG',OTC,0.001,0.001,13,0,Empyrean Bioscience,0,0,0
20050106,49192,EMDG',OTC,0.001,0.001,0,0,Empyrean Bioscience,0,0,0
20050107,49192,EMDG',OTC,0.001,0.001,200,0,Empyrean Bioscience,0,0,0
20050110,49192,EMDG',OTC,0.001,0.001,30,0,Empyrean Bioscience,0,0,0
20050111,49192,EMDG',OTC,0.001,0.001,0,0,Empyrean Bioscience,0,0,0
20050112,49192,EMDG',OTC,0.001,0.001,0,0,Empyrean Bioscience,0,0,0
20050113,49192,EMDG',OTC,0.001,0.001,62,0,Empyrean Bioscience,0,0,0
20050114,49192,EMDG',OTC,0.001,0.001,0,0,Empyrean Bioscience,0,0,0
20050118,49192,EMDG',OTC,0.001,0.001,0,0,Empyrean Bioscience,0,0,0
20050119,49192,EMDG',OTC,0.001,0.001,0,0,Empyrean Bioscience,0,0,0
20050120,49192,EMDG',OTC,0.001,0.001,78,0,Empyrean Bioscience,0,0,0
20050121,49192,EMDG',OTC,0.001,0.001,100,0,Empyrean Bioscience,0,0,0
20050124,49192,EMDG',OTC,0.001,0.001,0,0,Empyrean Bioscience,0,0,0
20050125,49192,EMDG',OTC,0.001,0.001,1,0,Empyrean Bioscience,0,0,0
20050126,49192,EMDG',OTC,0.005,0.005,1000,0,Empyrean Bioscience,0,0,0
20050127,49192,EMDG',OTC,0.005,0.005,0,0,Empyrean Bioscience,0,0,0
20050128,49192,EMDG',OTC,0.001,0.001,12,0,Empyrean Bioscience,0,0,0
20050131,49192,EMDG',OTC,0.001,0.001,3,0,Empyrean Bioscience,0,0,0
