DDate,CSINumber,Symbol,Exchange,DClose,UnAdjustedClose,TotalVolume,Cash,MarketName,PTB,PSR,DPS
19970113,49433,CATHE',OTC,2,2,13,0,Cathayone Inc,0,0,0
19970114,49433,CATHE',OTC,2,2,0,0,Cathayone Inc,0,0,0
19970115,49433,CATHE',OTC,2,2,0,0,Cathayone Inc,0,0,0
19970116,49433,CATHE',OTC,2,2,0,0,Cathayone Inc,0,0,0
19970117,49433,CATHE',OTC,2,2,0,0,Cathayone Inc,0,0,0
19970120,49433,CATHE',OTC,2,2,0,0,Cathayone Inc,0,0,0
19970121,49433,CATHE',OTC,2,2,0,0,Cathayone Inc,0,0,0
19970122,49433,CATHE',OTC,2,2,0,0,Cathayone Inc,0,0,0
19970123,49433,CATHE',OTC,2,2,0,0,Cathayone Inc,0,0,0
19970124,49433,CATHE',OTC,2,2,0,0,Cathayone Inc,0,0,0
19970127,49433,CATHE',OTC,2,2,0,0,Cathayone Inc,0,0,0
19970128,49433,CATHE',OTC,2,2,0,0,Cathayone Inc,0,0,0
19970129,49433,CATHE',OTC,2,2,0,0,Cathayone Inc,0,0,0
19970130,49433,CATHE',OTC,2,2,0,0,Cathayone Inc,0,0,0
19970131,49433,CATHE',OTC,2,2,0,0,Cathayone Inc,0,0,0
19970203,49433,CATHE',OTC,2,2,0,0,Cathayone Inc,0,0,0
19970204,49433,CATHE',OTC,2.063,2.063,20,0,Cathayone Inc,0,0,0
19970205,49433,CATHE',OTC,2.063,2.063,0,0,Cathayone Inc,0,0,0
19970206,49433,CATHE',OTC,2.063,2.063,0,0,Cathayone Inc,0,0,0
19970207,49433,CATHE',OTC,2.063,2.063,0,0,Cathayone Inc,0,0,0
19970210,49433,CATHE',OTC,1.5,1.5,11,0,Cathayone Inc,0,0,0
19970211,49433,CATHE',OTC,1.5,1.5,0,0,Cathayone Inc,0,0,0
19970212,49433,CATHE',OTC,1.5,1.5,0,0,Cathayone Inc,0,0,0
19970213,49433,CATHE',OTC,1.5,1.5,0,0,Cathayone Inc,0,0,0
19970214,49433,CATHE',OTC,1.5,1.5,0,0,Cathayone Inc,0,0,0
19970218,49433,CATHE',OTC,1.5,1.5,0,0,Cathayone Inc,0,0,0
19970219,49433,CATHE',OTC,1.5,1.5,0,0,Cathayone Inc,0,0,0
19970220,49433,CATHE',OTC,1.5,1.5,0,0,Cathayone Inc,0,0,0
19970221,49433,CATHE',OTC,1.5,1.5,0,0,Cathayone Inc,0,0,0
19970224,49433,CATHE',OTC,1.5,1.5,0,0,Cathayone Inc,0,0,0
19970225,49433,CATHE',OTC,1.5,1.5,0,0,Cathayone Inc,0,0,0
19970226,49433,CATHE',OTC,1.5,1.5,0,0,Cathayone Inc,0,0,0
19970227,49433,CATHE',OTC,1.531,1.531,11,0,Cathayone Inc,0,0,0
19970228,49433,CATHE',OTC,1.531,1.531,0,0,Cathayone Inc,0,0,0
19970303,49433,CATHE',OTC,1.531,1.531,0,0,Cathayone Inc,0,0,0
19970304,49433,CATHE',OTC,1.531,1.531,0,0,Cathayone Inc,0,0,0
19970305,49433,CATHE',OTC,1.531,1.531,0,0,Cathayone Inc,0,0,0
19970306,49433,CATHE',OTC,1.531,1.531,0,0,Cathayone Inc,0,0,0
19970307,49433,CATHE',OTC,1.531,1.531,0,0,Cathayone Inc,0,0,0
19970310,49433,CATHE',OTC,1.531,1.531,0,0,Cathayone Inc,0,0,0
19970311,49433,CATHE',OTC,1.531,1.531,0,0,Cathayone Inc,0,0,0
19970312,49433,CATHE',OTC,1.531,1.531,0,0,Cathayone Inc,0,0,0
19970313,49433,CATHE',OTC,1.531,1.531,0,0,Cathayone Inc,0,0,0
19970314,49433,CATHE',OTC,1.531,1.531,0,0,Cathayone Inc,0,0,0
19970317,49433,CATHE',OTC,1.531,1.531,0,0,Cathayone Inc,0,0,0
19970318,49433,CATHE',OTC,1.531,1.531,0,0,Cathayone Inc,0,0,0
19970319,49433,CATHE',OTC,1.531,1.531,0,0,Cathayone Inc,0,0,0
19970320,49433,CATHE',OTC,1.531,1.531,0,0,Cathayone Inc,0,0,0
19970321,49433,CATHE',OTC,1.531,1.531,0,0,Cathayone Inc,0,0,0
19970324,49433,CATHE',OTC,1.531,1.531,0,0,Cathayone Inc,0,0,0
19970325,49433,CATHE',OTC,1.531,1.531,0,0,Cathayone Inc,0,0,0
19970326,49433,CATHE',OTC,1.531,1.531,0,0,Cathayone Inc,0,0,0
19970327,49433,CATHE',OTC,1.531,1.531,0,0,Cathayone Inc,0,0,0
19970331,49433,CATHE',OTC,1.531,1.531,0,0,Cathayone Inc,0,0,0
19970401,49433,CATHE',OTC,1.531,1.531,0,0,Cathayone Inc,0,0,0
19970402,49433,CATHE',OTC,1.531,1.531,0,0,Cathayone Inc,0,0,0
19970403,49433,CATHE',OTC,1.531,1.531,0,0,Cathayone Inc,0,0,0
19970404,49433,CATHE',OTC,1.531,1.531,0,0,Cathayone Inc,0,0,0
19970407,49433,CATHE',OTC,1.531,1.531,0,0,Cathayone Inc,0,0,0
19970408,49433,CATHE',OTC,1.531,1.531,0,0,Cathayone Inc,0,0,0
19970409,49433,CATHE',OTC,1.531,1.531,0,0,Cathayone Inc,0,0,0
19970410,49433,CATHE',OTC,1.531,1.531,0,0,Cathayone Inc,0,0,0
19970411,49433,CATHE',OTC,1.531,1.531,0,0,Cathayone Inc,0,0,0
19970414,49433,CATHE',OTC,1.531,1.531,0,0,Cathayone Inc,0,0,0
19970415,49433,CATHE',OTC,1.531,1.531,0,0,Cathayone Inc,0,0,0
19970416,49433,CATHE',OTC,1.531,1.531,0,0,Cathayone Inc,0,0,0
19970417,49433,CATHE',OTC,1.531,1.531,0,0,Cathayone Inc,0,0,0
19970418,49433,CATHE',OTC,1.531,1.531,0,0,Cathayone Inc,0,0,0
19970421,49433,CATHE',OTC,1.531,1.531,0,0,Cathayone Inc,0,0,0
19970422,49433,CATHE',OTC,1.531,1.531,0,0,Cathayone Inc,0,0,0
19970423,49433,CATHE',OTC,1.531,1.531,0,0,Cathayone Inc,0,0,0
19970424,49433,CATHE',OTC,1.531,1.531,0,0,Cathayone Inc,0,0,0
19970425,49433,CATHE',OTC,1.531,1.531,0,0,Cathayone Inc,0,0,0
19970428,49433,CATHE',OTC,1.531,1.531,0,0,Cathayone Inc,0,0,0
19970429,49433,CATHE',OTC,1.531,1.531,0,0,Cathayone Inc,0,0,0
19970430,49433,CATHE',OTC,1.531,1.531,0,0,Cathayone Inc,0,0,0
19970501,49433,CATHE',OTC,1.531,1.531,0,0,Cathayone Inc,0,0,0
19970502,49433,CATHE',OTC,1.531,1.531,0,0,Cathayone Inc,0,0,0
19970505,49433,CATHE',OTC,1.531,1.531,0,0,Cathayone Inc,0,0,0
19970506,49433,CATHE',OTC,1.531,1.531,0,0,Cathayone Inc,0,0,0
19970507,49433,CATHE',OTC,1.531,1.531,0,0,Cathayone Inc,0,0,0
19970508,49433,CATHE',OTC,1.531,1.531,0,0,Cathayone Inc,0,0,0
19970509,49433,CATHE',OTC,1.531,1.531,0,0,Cathayone Inc,0,0,0
19970512,49433,CATHE',OTC,1.531,1.531,0,0,Cathayone Inc,0,0,0
19970513,49433,CATHE',OTC,1.531,1.531,0,0,Cathayone Inc,0,0,0
19970514,49433,CATHE',OTC,1.531,1.531,0,0,Cathayone Inc,0,0,0
19970515,49433,CATHE',OTC,1.531,1.531,0,0,Cathayone Inc,0,0,0
19970516,49433,CATHE',OTC,1.531,1.531,0,0,Cathayone Inc,0,0,0
19970519,49433,CATHE',OTC,1.531,1.531,0,0,Cathayone Inc,0,0,0
19970520,49433,CATHE',OTC,1.531,1.531,0,0,Cathayone Inc,0,0,0
19970521,49433,CATHE',OTC,1.531,1.531,0,0,Cathayone Inc,0,0,0
19970522,49433,CATHE',OTC,1.531,1.531,0,0,Cathayone Inc,0,0,0
19970523,49433,CATHE',OTC,1.531,1.531,0,0,Cathayone Inc,0,0,0
19970527,49433,CATHE',OTC,1.531,1.531,0,0,Cathayone Inc,0,0,0
19970528,49433,CATHE',OTC,1.531,1.531,0,0,Cathayone Inc,0,0,0
19970529,49433,CATHE',OTC,1.531,1.531,0,0,Cathayone Inc,0,0,0
19970530,49433,CATHE',OTC,1.531,1.531,0,0,Cathayone Inc,0,0,0
19970602,49433,CATHE',OTC,1.531,1.531,0,0,Cathayone Inc,0,0,0
19970603,49433,CATHE',OTC,1.531,1.531,0,0,Cathayone Inc,0,0,0
19970604,49433,CATHE',OTC,1.531,1.531,0,0,Cathayone Inc,0,0,0
19970605,49433,CATHE',OTC,1.531,1.531,0,0,Cathayone Inc,0,0,0
19970606,49433,CATHE',OTC,1.531,1.531,0,0,Cathayone Inc,0,0,0
19970609,49433,CATHE',OTC,1.531,1.531,0,0,Cathayone Inc,0,0,0
19970610,49433,CATHE',OTC,1.531,1.531,0,0,Cathayone Inc,0,0,0
19970611,49433,CATHE',OTC,1.531,1.531,0,0,Cathayone Inc,0,0,0
19970612,49433,CATHE',OTC,3,3,5,0,Cathayone Inc,0,0,0
19970613,49433,CATHE',OTC,3,3,0,0,Cathayone Inc,0,0,0
19970616,49433,CATHE',OTC,3,3,3,0,Cathayone Inc,0,0,0
19970617,49433,CATHE',OTC,3.25,3.25,100,0,Cathayone Inc,0,0,0
19970618,49433,CATHE',OTC,3.312,3.312,100,0,Cathayone Inc,0,0,0
19970619,49433,CATHE',OTC,3.312,3.312,0,0,Cathayone Inc,0,0,0
19970620,49433,CATHE',OTC,3.312,3.312,0,0,Cathayone Inc,0,0,0
19970623,49433,CATHE',OTC,3.312,3.312,0,0,Cathayone Inc,0,0,0
19970624,49433,CATHE',OTC,3.312,3.312,0,0,Cathayone Inc,0,0,0
19970625,49433,CATHE',OTC,4.062,4.062,37,0,Cathayone Inc,0,0,0
19970626,49433,CATHE',OTC,4.5,4.5,5,0,Cathayone Inc,0,0,0
19970627,49433,CATHE',OTC,4.5,4.5,0,0,Cathayone Inc,0,0,0
19970630,49433,CATHE',OTC,5,5,5,0,Cathayone Inc,0,0,0
19970701,49433,CATHE',OTC,4.812,4.812,40,0,Cathayone Inc,0,0,0
19970702,49433,CATHE',OTC,3.5,3.5,10,0,Cathayone Inc,0,0,0
19970703,49433,CATHE',OTC,3.5,3.5,0,0,Cathayone Inc,0,0,0
19970707,49433,CATHE',OTC,3.5,3.5,0,0,Cathayone Inc,0,0,0
19970708,49433,CATHE',OTC,4.5,4.5,5,0,Cathayone Inc,0,0,0
19970709,49433,CATHE',OTC,4.5,4.5,5,0,Cathayone Inc,0,0,0
19970710,49433,CATHE',OTC,3.531,3.531,200,0,Cathayone Inc,0,0,0
19970711,49433,CATHE',OTC,3.531,3.531,30,0,Cathayone Inc,0,0,0
19970714,49433,CATHE',OTC,3.531,3.531,0,0,Cathayone Inc,0,0,0
19970715,49433,CATHE',OTC,4.062,4.062,10,0,Cathayone Inc,0,0,0
19970716,49433,CATHE',OTC,4.062,4.062,10,0,Cathayone Inc,0,0,0
19970717,49433,CATHE',OTC,4.062,4.062,0,0,Cathayone Inc,0,0,0
19970718,49433,CATHE',OTC,4.062,4.062,0,0,Cathayone Inc,0,0,0
19970721,49433,CATHE',OTC,4.062,4.062,0,0,Cathayone Inc,0,0,0
19970722,49433,CATHE',OTC,4.062,4.062,0,0,Cathayone Inc,0,0,0
19970723,49433,CATHE',OTC,4,4,200,0,Cathayone Inc,0,0,0
19970724,49433,CATHE',OTC,5,5,220,0,Cathayone Inc,0,0,0
19970725,49433,CATHE',OTC,5.06,5.06,195,0,Cathayone Inc,0,0,0
19970728,49433,CATHE',OTC,5,5,30,0,Cathayone Inc,0,0,0
19970729,49433,CATHE',OTC,5.5,5.5,74,0,Cathayone Inc,0,0,0
19970730,49433,CATHE',OTC,5.5,5.5,139,0,Cathayone Inc,0,0,0
19970731,49433,CATHE',OTC,5.53,5.53,40,0,Cathayone Inc,0,0,0
19970801,49433,CATHE',OTC,5.875,5.875,49,0,Cathayone Inc,0,0,0
19970804,49433,CATHE',OTC,5,5,4,0,Cathayone Inc,0,0,0
19970805,49433,CATHE',OTC,5.5,5.5,324,0,Cathayone Inc,0,0,0
19970806,49433,CATHE',OTC,5.5,5.5,44,0,Cathayone Inc,0,0,0
19970807,49433,CATHE',OTC,5.5,5.5,1157,0,Cathayone Inc,0,0,0
19970808,49433,CATHE',OTC,5.56,5.56,229,0,Cathayone Inc,0,0,0
19970811,49433,CATHE',OTC,5.55,5.55,66,0,Cathayone Inc,0,0,0
19970812,49433,CATHE',OTC,5.5,5.5,18,0,Cathayone Inc,0,0,0
19970813,49433,CATHE',OTC,5,5,10,0,Cathayone Inc,0,0,0
19970814,49433,CATHE',OTC,5,5,0,0,Cathayone Inc,0,0,0
19970815,49433,CATHE',OTC,5,5,0,0,Cathayone Inc,0,0,0
19970818,49433,CATHE',OTC,5,5,0,0,Cathayone Inc,0,0,0
19970819,49433,CATHE',OTC,2,2,5,0,Cathayone Inc,0,0,0
19970820,49433,CATHE',OTC,2,2,0,0,Cathayone Inc,0,0,0
19970821,49433,CATHE',OTC,0.5,0.5,5,0,Cathayone Inc,0,0,0
19970822,49433,CATHE',OTC,0.5,0.5,0,0,Cathayone Inc,0,0,0
19970825,49433,CATHE',OTC,0.625,0.625,55,0,Cathayone Inc,0,0,0
19970826,49433,CATHE',OTC,0.625,0.625,60,0,Cathayone Inc,0,0,0
19970827,49433,CATHE',OTC,0.625,0.625,0,0,Cathayone Inc,0,0,0
19970828,49433,CATHE',OTC,0.625,0.625,0,0,Cathayone Inc,0,0,0
19970829,49433,CATHE',OTC,0.625,0.625,0,0,Cathayone Inc,0,0,0
19970902,49433,CATHE',OTC,0.625,0.625,0,0,Cathayone Inc,0,0,0
19970903,49433,CATHE',OTC,0.625,0.625,0,0,Cathayone Inc,0,0,0
19970904,49433,CATHE',OTC,0.625,0.625,0,0,Cathayone Inc,0,0,0
19970905,49433,CATHE',OTC,0.625,0.625,0,0,Cathayone Inc,0,0,0
19970908,49433,CATHE',OTC,0.625,0.625,0,0,Cathayone Inc,0,0,0
19970909,49433,CATHE',OTC,0.625,0.625,0,0,Cathayone Inc,0,0,0
19970910,49433,CATHE',OTC,0.625,0.625,0,0,Cathayone Inc,0,0,0
19970911,49433,CATHE',OTC,0.625,0.625,0,0,Cathayone Inc,0,0,0
19970912,49433,CATHE',OTC,0.625,0.625,0,0,Cathayone Inc,0,0,0
19970915,49433,CATHE',OTC,0.625,0.625,0,0,Cathayone Inc,0,0,0
19970916,49433,CATHE',OTC,0.625,0.625,0,0,Cathayone Inc,0,0,0
19970917,49433,CATHE',OTC,0.625,0.625,0,0,Cathayone Inc,0,0,0
19970918,49433,CATHE',OTC,0.625,0.625,0,0,Cathayone Inc,0,0,0
19970919,49433,CATHE',OTC,0.625,0.625,0,0,Cathayone Inc,0,0,0
19970922,49433,CATHE',OTC,0.625,0.625,0,0,Cathayone Inc,0,0,0
19970923,49433,CATHE',OTC,0.625,0.625,0,0,Cathayone Inc,0,0,0
19970924,49433,CATHE',OTC,0.156,0.156,20,0,Cathayone Inc,0,0,0
19970925,49433,CATHE',OTC,0.156,0.156,0,0,Cathayone Inc,0,0,0
19970926,49433,CATHE',OTC,0.156,0.156,0,0,Cathayone Inc,0,0,0
19970929,49433,CATHE',OTC,0.156,0.156,0,0,Cathayone Inc,0,0,0
19970930,49433,CATHE',OTC,0.156,0.156,0,0,Cathayone Inc,0,0,0
19971001,49433,CATHE',OTC,0.156,0.156,0,0,Cathayone Inc,0,0,0
19971002,49433,CATHE',OTC,0.156,0.156,0,0,Cathayone Inc,0,0,0
19971003,49433,CATHE',OTC,0.156,0.156,0,0,Cathayone Inc,0,0,0
19971006,49433,CATHE',OTC,0.156,0.156,0,0,Cathayone Inc,0,0,0
19971007,49433,CATHE',OTC,0.156,0.156,0,0,Cathayone Inc,0,0,0
19971008,49433,CATHE',OTC,0.156,0.156,0,0,Cathayone Inc,0,0,0
19971009,49433,CATHE',OTC,0.156,0.156,0,0,Cathayone Inc,0,0,0
19971010,49433,CATHE',OTC,0.156,0.156,0,0,Cathayone Inc,0,0,0
19971013,49433,CATHE',OTC,0.156,0.156,0,0,Cathayone Inc,0,0,0
19971014,49433,CATHE',OTC,0.156,0.156,0,0,Cathayone Inc,0,0,0
19971015,49433,CATHE',OTC,0.156,0.156,0,0,Cathayone Inc,0,0,0
19971016,49433,CATHE',OTC,0.156,0.156,0,0,Cathayone Inc,0,0,0
19971017,49433,CATHE',OTC,0.156,0.156,0,0,Cathayone Inc,0,0,0
19971020,49433,CATHE',OTC,0.156,0.156,0,0,Cathayone Inc,0,0,0
19971021,49433,CATHE',OTC,0.156,0.156,0,0,Cathayone Inc,0,0,0
19971022,49433,CATHE',OTC,0.156,0.156,0,0,Cathayone Inc,0,0,0
19971023,49433,CATHE',OTC,0.156,0.156,0,0,Cathayone Inc,0,0,0
19971024,49433,CATHE',OTC,0.156,0.156,0,0,Cathayone Inc,0,0,0
19971027,49433,CATHE',OTC,0.156,0.156,0,0,Cathayone Inc,0,0,0
19971028,49433,CATHE',OTC,0.156,0.156,0,0,Cathayone Inc,0,0,0
19971029,49433,CATHE',OTC,0.156,0.156,0,0,Cathayone Inc,0,0,0
19971030,49433,CATHE',OTC,0.156,0.156,0,0,Cathayone Inc,0,0,0
19971031,49433,CATHE',OTC,0.156,0.156,0,0,Cathayone Inc,0,0,0
19971103,49433,CATHE',OTC,0.156,0.156,0,0,Cathayone Inc,0,0,0
19971104,49433,CATHE',OTC,0.062,0.062,41,0,Cathayone Inc,0,0,0
19971105,49433,CATHE',OTC,0.062,0.062,0,0,Cathayone Inc,0,0,0
19971106,49433,CATHE',OTC,0.062,0.062,0,0,Cathayone Inc,0,0,0
19971107,49433,CATHE',OTC,0.062,0.062,0,0,Cathayone Inc,0,0,0
19971110,49433,CATHE',OTC,0.062,0.062,0,0,Cathayone Inc,0,0,0
19971111,49433,CATHE',OTC,0.062,0.062,0,0,Cathayone Inc,0,0,0
19971112,49433,CATHE',OTC,0.062,0.062,0,0,Cathayone Inc,0,0,0
19971113,49433,CATHE',OTC,0.062,0.062,0,0,Cathayone Inc,0,0,0
19971114,49433,CATHE',OTC,0.062,0.062,0,0,Cathayone Inc,0,0,0
19971117,49433,CATHE',OTC,0.062,0.062,0,0,Cathayone Inc,0,0,0
19971118,49433,CATHE',OTC,0.062,0.062,0,0,Cathayone Inc,0,0,0
19971119,49433,CATHE',OTC,0.062,0.062,0,0,Cathayone Inc,0,0,0
19971120,49433,CATHE',OTC,0.062,0.062,0,0,Cathayone Inc,0,0,0
19971121,49433,CATHE',OTC,0.062,0.062,0,0,Cathayone Inc,0,0,0
19971124,49433,CATHE',OTC,0.062,0.062,0,0,Cathayone Inc,0,0,0
19971125,49433,CATHE',OTC,0.062,0.062,0,0,Cathayone Inc,0,0,0
19971126,49433,CATHE',OTC,0.062,0.062,0,0,Cathayone Inc,0,0,0
19971128,49433,CATHE',OTC,0.062,0.062,0,0,Cathayone Inc,0,0,0
19971201,49433,CATHE',OTC,0.062,0.062,0,0,Cathayone Inc,0,0,0
19971202,49433,CATHE',OTC,0.062,0.062,0,0,Cathayone Inc,0,0,0
19971203,49433,CATHE',OTC,0.062,0.062,0,0,Cathayone Inc,0,0,0
19971204,49433,CATHE',OTC,0.062,0.062,0,0,Cathayone Inc,0,0,0
19971205,49433,CATHE',OTC,0.062,0.062,0,0,Cathayone Inc,0,0,0
19971208,49433,CATHE',OTC,0.062,0.062,0,0,Cathayone Inc,0,0,0
19971209,49433,CATHE',OTC,0.062,0.062,0,0,Cathayone Inc,0,0,0
19971210,49433,CATHE',OTC,0.062,0.062,0,0,Cathayone Inc,0,0,0
19971211,49433,CATHE',OTC,0.062,0.062,0,0,Cathayone Inc,0,0,0
19971212,49433,CATHE',OTC,0.062,0.062,0,0,Cathayone Inc,0,0,0
19971215,49433,CATHE',OTC,0.062,0.062,0,0,Cathayone Inc,0,0,0
19971216,49433,CATHE',OTC,0.062,0.062,0,0,Cathayone Inc,0,0,0
19971217,49433,CATHE',OTC,0.01,0.01,13,0,Cathayone Inc,0,0,0
19971218,49433,CATHE',OTC,0.01,0.01,0,0,Cathayone Inc,0,0,0
19971219,49433,CATHE',OTC,0.01,0.01,0,0,Cathayone Inc,0,0,0
19971222,49433,CATHE',OTC,0.01,0.01,5,0,Cathayone Inc,0,0,0
19971223,49433,CATHE',OTC,0.01,0.01,0,0,Cathayone Inc,0,0,0
19971224,49433,CATHE',OTC,0.01,0.01,0,0,Cathayone Inc,0,0,0
19971226,49433,CATHE',OTC,0.01,0.01,0,0,Cathayone Inc,0,0,0
19971229,49433,CATHE',OTC,0.01,0.01,0,0,Cathayone Inc,0,0,0
19971230,49433,CATHE',OTC,0.01,0.01,0,0,Cathayone Inc,0,0,0
19971231,49433,CATHE',OTC,0.01,0.01,0,0,Cathayone Inc,0,0,0
19980102,49433,CATHE',OTC,0.01,0.01,0,0,Cathayone Inc,0,0,0
19980105,49433,CATHE',OTC,0.01,0.01,0,0,Cathayone Inc,0,0,0
19980106,49433,CATHE',OTC,0.01,0.01,0,0,Cathayone Inc,0,0,0
19980107,49433,CATHE',OTC,0.01,0.01,0,0,Cathayone Inc,0,0,0
19980108,49433,CATHE',OTC,0.01,0.01,0,0,Cathayone Inc,0,0,0
19980109,49433,CATHE',OTC,0.01,0.01,0,0,Cathayone Inc,0,0,0
19980112,49433,CATHE',OTC,0.01,0.01,0,0,Cathayone Inc,0,0,0
19980113,49433,CATHE',OTC,0.01,0.01,0,0,Cathayone Inc,0,0,0
19980114,49433,CATHE',OTC,0.01,0.01,0,0,Cathayone Inc,0,0,0
19980115,49433,CATHE',OTC,0.01,0.01,0,0,Cathayone Inc,0,0,0
19980116,49433,CATHE',OTC,0.01,0.01,0,0,Cathayone Inc,0,0,0
19980120,49433,CATHE',OTC,0.01,0.01,0,0,Cathayone Inc,0,0,0
19980121,49433,CATHE',OTC,0.01,0.01,0,0,Cathayone Inc,0,0,0
19980122,49433,CATHE',OTC,0.01,0.01,0,0,Cathayone Inc,0,0,0
19980123,49433,CATHE',OTC,0.01,0.01,0,0,Cathayone Inc,0,0,0
19980126,49433,CATHE',OTC,0.01,0.01,0,0,Cathayone Inc,0,0,0
19980127,49433,CATHE',OTC,0.01,0.01,0,0,Cathayone Inc,0,0,0
19980128,49433,CATHE',OTC,0.01,0.01,0,0,Cathayone Inc,0,0,0
19980129,49433,CATHE',OTC,0.01,0.01,0,0,Cathayone Inc,0,0,0
19980130,49433,CATHE',OTC,0.01,0.01,0,0,Cathayone Inc,0,0,0
19980202,49433,CATHE',OTC,0.01,0.01,0,0,Cathayone Inc,0,0,0
19980203,49433,CATHE',OTC,0.01,0.01,0,0,Cathayone Inc,0,0,0
19980204,49433,CATHE',OTC,0.01,0.01,0,0,Cathayone Inc,0,0,0
19980205,49433,CATHE',OTC,0.01,0.01,0,0,Cathayone Inc,0,0,0
19980206,49433,CATHE',OTC,0.01,0.01,0,0,Cathayone Inc,0,0,0
19980209,49433,CATHE',OTC,0.01,0.01,0,0,Cathayone Inc,0,0,0
19980210,49433,CATHE',OTC,0.01,0.01,0,0,Cathayone Inc,0,0,0
19980211,49433,CATHE',OTC,0.01,0.01,0,0,Cathayone Inc,0,0,0
19980212,49433,CATHE',OTC,0.01,0.01,0,0,Cathayone Inc,0,0,0
19980213,49433,CATHE',OTC,0.01,0.01,0,0,Cathayone Inc,0,0,0
19980217,49433,CATHE',OTC,0.01,0.01,0,0,Cathayone Inc,0,0,0
19980218,49433,CATHE',OTC,0.01,0.01,0,0,Cathayone Inc,0,0,0
19980219,49433,CATHE',OTC,0.01,0.01,0,0,Cathayone Inc,0,0,0
19980220,49433,CATHE',OTC,0.01,0.01,0,0,Cathayone Inc,0,0,0
19980223,49433,CATHE',OTC,0.01,0.01,0,0,Cathayone Inc,0,0,0
19980224,49433,CATHE',OTC,0.01,0.01,0,0,Cathayone Inc,0,0,0
19980225,49433,CATHE',OTC,0.01,0.01,0,0,Cathayone Inc,0,0,0
19980226,49433,CATHE',OTC,0.01,0.01,0,0,Cathayone Inc,0,0,0
19980227,49433,CATHE',OTC,0.01,0.01,0,0,Cathayone Inc,0,0,0
19980302,49433,CATHE',OTC,0.01,0.01,0,0,Cathayone Inc,0,0,0
19980303,49433,CATHE',OTC,0.01,0.01,0,0,Cathayone Inc,0,0,0
19980304,49433,CATHE',OTC,0.01,0.01,0,0,Cathayone Inc,0,0,0
19980305,49433,CATHE',OTC,0.01,0.01,0,0,Cathayone Inc,0,0,0
19980306,49433,CATHE',OTC,0.01,0.01,0,0,Cathayone Inc,0,0,0
19980309,49433,CATHE',OTC,0.01,0.01,0,0,Cathayone Inc,0,0,0
19980310,49433,CATHE',OTC,0.01,0.01,0,0,Cathayone Inc,0,0,0
19980311,49433,CATHE',OTC,0.01,0.01,0,0,Cathayone Inc,0,0,0
19980312,49433,CATHE',OTC,0.01,0.01,0,0,Cathayone Inc,0,0,0
19980313,49433,CATHE',OTC,0.01,0.01,0,0,Cathayone Inc,0,0,0
19980316,49433,CATHE',OTC,0.01,0.01,0,0,Cathayone Inc,0,0,0
19980317,49433,CATHE',OTC,0.01,0.01,0,0,Cathayone Inc,0,0,0
19980318,49433,CATHE',OTC,0.01,0.01,0,0,Cathayone Inc,0,0,0
19980319,49433,CATHE',OTC,0.01,0.01,0,0,Cathayone Inc,0,0,0
19980320,49433,CATHE',OTC,0.01,0.01,0,0,Cathayone Inc,0,0,0
19980323,49433,CATHE',OTC,0.01,0.01,0,0,Cathayone Inc,0,0,0
19980324,49433,CATHE',OTC,0.01,0.01,0,0,Cathayone Inc,0,0,0
19980325,49433,CATHE',OTC,0.01,0.01,0,0,Cathayone Inc,0,0,0
19980326,49433,CATHE',OTC,0.01,0.01,0,0,Cathayone Inc,0,0,0
19980327,49433,CATHE',OTC,0.01,0.01,0,0,Cathayone Inc,0,0,0
19980330,49433,CATHE',OTC,0.01,0.01,0,0,Cathayone Inc,0,0,0
19980331,49433,CATHE',OTC,0.01,0.01,0,0,Cathayone Inc,0,0,0
19980401,49433,CATHE',OTC,0.01,0.01,0,0,Cathayone Inc,0,0,0
19980402,49433,CATHE',OTC,0.01,0.01,0,0,Cathayone Inc,0,0,0
19980403,49433,CATHE',OTC,0.01,0.01,0,0,Cathayone Inc,0,0,0
19980406,49433,CATHE',OTC,0.01,0.01,0,0,Cathayone Inc,0,0,0
19980407,49433,CATHE',OTC,0.01,0.01,0,0,Cathayone Inc,0,0,0
19980408,49433,CATHE',OTC,0.01,0.01,0,0,Cathayone Inc,0,0,0
19980409,49433,CATHE',OTC,0.01,0.01,0,0,Cathayone Inc,0,0,0
19980413,49433,CATHE',OTC,0.01,0.01,0,0,Cathayone Inc,0,0,0
19980414,49433,CATHE',OTC,0.5,0.5,2,0,Cathayone Inc,0,0,0
19980415,49433,CATHE',OTC,0.5,0.5,0,0,Cathayone Inc,0,0,0
19980416,49433,CATHE',OTC,0.5,0.5,0,0,Cathayone Inc,0,0,0
19980417,49433,CATHE',OTC,0.5,0.5,0,0,Cathayone Inc,0,0,0
19980420,49433,CATHE',OTC,0.5,0.5,0,0,Cathayone Inc,0,0,0
19980421,49433,CATHE',OTC,0.5,0.5,0,0,Cathayone Inc,0,0,0
19980422,49433,CATHE',OTC,0.5,0.5,0,0,Cathayone Inc,0,0,0
19980423,49433,CATHE',OTC,0.5,0.5,0,0,Cathayone Inc,0,0,0
19980424,49433,CATHE',OTC,0.5,0.5,0,0,Cathayone Inc,0,0,0
19980427,49433,CATHE',OTC,0.5,0.5,0,0,Cathayone Inc,0,0,0
19980428,49433,CATHE',OTC,0.5,0.5,0,0,Cathayone Inc,0,0,0
19980429,49433,CATHE',OTC,0.5,0.5,0,0,Cathayone Inc,0,0,0
19980430,49433,CATHE',OTC,0.5,0.5,0,0,Cathayone Inc,0,0,0
19980501,49433,CATHE',OTC,0.5,0.5,0,0,Cathayone Inc,0,0,0
19980504,49433,CATHE',OTC,0.5,0.5,0,0,Cathayone Inc,0,0,0
19980505,49433,CATHE',OTC,0.5,0.5,0,0,Cathayone Inc,0,0,0
19980506,49433,CATHE',OTC,0.5,0.5,0,0,Cathayone Inc,0,0,0
19980507,49433,CATHE',OTC,0.5,0.5,0,0,Cathayone Inc,0,0,0
19980508,49433,CATHE',OTC,0.5,0.5,0,0,Cathayone Inc,0,0,0
19980511,49433,CATHE',OTC,0.5,0.5,0,0,Cathayone Inc,0,0,0
19980512,49433,CATHE',OTC,0.5,0.5,0,0,Cathayone Inc,0,0,0
19980513,49433,CATHE',OTC,0.5,0.5,0,0,Cathayone Inc,0,0,0
19980514,49433,CATHE',OTC,0.5,0.5,0,0,Cathayone Inc,0,0,0
19980515,49433,CATHE',OTC,0.5,0.5,0,0,Cathayone Inc,0,0,0
19980518,49433,CATHE',OTC,0.5,0.5,0,0,Cathayone Inc,0,0,0
19980519,49433,CATHE',OTC,0.5,0.5,0,0,Cathayone Inc,0,0,0
19980520,49433,CATHE',OTC,0.5,0.5,0,0,Cathayone Inc,0,0,0
19980521,49433,CATHE',OTC,0.5,0.5,0,0,Cathayone Inc,0,0,0
19980522,49433,CATHE',OTC,0.09,0.09,115,0,Cathayone Inc,0,0,0
19980526,49433,CATHE',OTC,0.09,0.09,360,0,Cathayone Inc,0,0,0
19980527,49433,CATHE',OTC,0.09,0.09,0,0,Cathayone Inc,0,0,0
19980528,49433,CATHE',OTC,0.09,0.09,0,0,Cathayone Inc,0,0,0
19980529,49433,CATHE',OTC,0.09,0.09,0,0,Cathayone Inc,0,0,0
19980601,49433,CATHE',OTC,0.09,0.09,0,0,Cathayone Inc,0,0,0
19980602,49433,CATHE',OTC,0.09,0.09,0,0,Cathayone Inc,0,0,0
19980603,49433,CATHE',OTC,0.09,0.09,0,0,Cathayone Inc,0,0,0
19980604,49433,CATHE',OTC,0.09,0.09,0,0,Cathayone Inc,0,0,0
19980605,49433,CATHE',OTC,0.09,0.09,0,0,Cathayone Inc,0,0,0
19980608,49433,CATHE',OTC,0.09,0.09,0,0,Cathayone Inc,0,0,0
19980609,49433,CATHE',OTC,0.09,0.09,0,0,Cathayone Inc,0,0,0
19980610,49433,CATHE',OTC,0.09,0.09,0,0,Cathayone Inc,0,0,0
19980611,49433,CATHE',OTC,0.09,0.09,0,0,Cathayone Inc,0,0,0
19980612,49433,CATHE',OTC,0.09,0.09,0,0,Cathayone Inc,0,0,0
19980615,49433,CATHE',OTC,0.09,0.09,0,0,Cathayone Inc,0,0,0
19980616,49433,CATHE',OTC,0.09,0.09,0,0,Cathayone Inc,0,0,0
19980617,49433,CATHE',OTC,0.09,0.09,0,0,Cathayone Inc,0,0,0
19980618,49433,CATHE',OTC,0.09,0.09,0,0,Cathayone Inc,0,0,0
19980619,49433,CATHE',OTC,0.09,0.09,0,0,Cathayone Inc,0,0,0
19980622,49433,CATHE',OTC,0.09,0.09,0,0,Cathayone Inc,0,0,0
19980623,49433,CATHE',OTC,0.09,0.09,0,0,Cathayone Inc,0,0,0
19980624,49433,CATHE',OTC,0.09,0.09,0,0,Cathayone Inc,0,0,0
19980625,49433,CATHE',OTC,0.09,0.09,0,0,Cathayone Inc,0,0,0
19980626,49433,CATHE',OTC,0.09,0.09,0,0,Cathayone Inc,0,0,0
19980629,49433,CATHE',OTC,0.09,0.09,0,0,Cathayone Inc,0,0,0
19980630,49433,CATHE',OTC,0.09,0.09,0,0,Cathayone Inc,0,0,0
19980701,49433,CATHE',OTC,0.09,0.09,0,0,Cathayone Inc,0,0,0
19980702,49433,CATHE',OTC,0.09,0.09,0,0,Cathayone Inc,0,0,0
19980706,49433,CATHE',OTC,0.09,0.09,0,0,Cathayone Inc,0,0,0
19980707,49433,CATHE',OTC,0.09,0.09,0,0,Cathayone Inc,0,0,0
19980708,49433,CATHE',OTC,0.09,0.09,0,0,Cathayone Inc,0,0,0
19980709,49433,CATHE',OTC,0.09,0.09,0,0,Cathayone Inc,0,0,0
19980710,49433,CATHE',OTC,0.09,0.09,0,0,Cathayone Inc,0,0,0
19980713,49433,CATHE',OTC,0.09,0.09,0,0,Cathayone Inc,0,0,0
19980714,49433,CATHE',OTC,0.09,0.09,0,0,Cathayone Inc,0,0,0
19980715,49433,CATHE',OTC,0.09,0.09,0,0,Cathayone Inc,0,0,0
19980716,49433,CATHE',OTC,0.09,0.09,0,0,Cathayone Inc,0,0,0
19980717,49433,CATHE',OTC,0.09,0.09,0,0,Cathayone Inc,0,0,0
19980720,49433,CATHE',OTC,0.09,0.09,0,0,Cathayone Inc,0,0,0
19980721,49433,CATHE',OTC,0.09,0.09,0,0,Cathayone Inc,0,0,0
19980722,49433,CATHE',OTC,0.09,0.09,0,0,Cathayone Inc,0,0,0
19980723,49433,CATHE',OTC,0.09,0.09,0,0,Cathayone Inc,0,0,0
19980724,49433,CATHE',OTC,0.09,0.09,0,0,Cathayone Inc,0,0,0
19980727,49433,CATHE',OTC,0.09,0.09,0,0,Cathayone Inc,0,0,0
19980728,49433,CATHE',OTC,0.09,0.09,0,0,Cathayone Inc,0,0,0
19980729,49433,CATHE',OTC,0.09,0.09,0,0,Cathayone Inc,0,0,0
19980730,49433,CATHE',OTC,0.09,0.09,0,0,Cathayone Inc,0,0,0
19980731,49433,CATHE',OTC,0.09,0.09,0,0,Cathayone Inc,0,0,0
19980803,49433,CATHE',OTC,0.09,0.09,0,0,Cathayone Inc,0,0,0
19980804,49433,CATHE',OTC,0.09,0.09,0,0,Cathayone Inc,0,0,0
19980805,49433,CATHE',OTC,0.09,0.09,0,0,Cathayone Inc,0,0,0
19980806,49433,CATHE',OTC,0.04,0.04,26,0,Cathayone Inc,0,0,0
19980807,49433,CATHE',OTC,0.04,0.04,14,0,Cathayone Inc,0,0,0
19980810,49433,CATHE',OTC,0.04,0.04,0,0,Cathayone Inc,0,0,0
19980811,49433,CATHE',OTC,0.04,0.04,0,0,Cathayone Inc,0,0,0
19980812,49433,CATHE',OTC,0.04,0.04,0,0,Cathayone Inc,0,0,0
19980813,49433,CATHE',OTC,0.04,0.04,0,0,Cathayone Inc,0,0,0
19980814,49433,CATHE',OTC,0.04,0.04,0,0,Cathayone Inc,0,0,0
19980817,49433,CATHE',OTC,0.04,0.04,0,0,Cathayone Inc,0,0,0
19980818,49433,CATHE',OTC,0.04,0.04,0,0,Cathayone Inc,0,0,0
19980819,49433,CATHE',OTC,0.04,0.04,0,0,Cathayone Inc,0,0,0
19980820,49433,CATHE',OTC,0.04,0.04,0,0,Cathayone Inc,0,0,0
19980821,49433,CATHE',OTC,0.04,0.04,0,0,Cathayone Inc,0,0,0
19980824,49433,CATHE',OTC,0.04,0.04,0,0,Cathayone Inc,0,0,0
19980825,49433,CATHE',OTC,0.04,0.04,0,0,Cathayone Inc,0,0,0
19980826,49433,CATHE',OTC,0.04,0.04,0,0,Cathayone Inc,0,0,0
19980827,49433,CATHE',OTC,0.04,0.04,0,0,Cathayone Inc,0,0,0
19980828,49433,CATHE',OTC,0.04,0.04,0,0,Cathayone Inc,0,0,0
19980831,49433,CATHE',OTC,0.04,0.04,0,0,Cathayone Inc,0,0,0
19980901,49433,CATHE',OTC,0.04,0.04,0,0,Cathayone Inc,0,0,0
19980902,49433,CATHE',OTC,0.04,0.04,0,0,Cathayone Inc,0,0,0
19980903,49433,CATHE',OTC,0.04,0.04,0,0,Cathayone Inc,0,0,0
19980904,49433,CATHE',OTC,0.04,0.04,0,0,Cathayone Inc,0,0,0
19980908,49433,CATHE',OTC,0.04,0.04,0,0,Cathayone Inc,0,0,0
19980909,49433,CATHE',OTC,0.04,0.04,0,0,Cathayone Inc,0,0,0
19980910,49433,CATHE',OTC,0.04,0.04,0,0,Cathayone Inc,0,0,0
19980911,49433,CATHE',OTC,0.04,0.04,0,0,Cathayone Inc,0,0,0
19980914,49433,CATHE',OTC,0.04,0.04,0,0,Cathayone Inc,0,0,0
19980915,49433,CATHE',OTC,0.04,0.04,0,0,Cathayone Inc,0,0,0
19980916,49433,CATHE',OTC,0.04,0.04,0,0,Cathayone Inc,0,0,0
19980917,49433,CATHE',OTC,0.04,0.04,0,0,Cathayone Inc,0,0,0
19980918,49433,CATHE',OTC,0.04,0.04,0,0,Cathayone Inc,0,0,0
19980921,49433,CATHE',OTC,0.04,0.04,0,0,Cathayone Inc,0,0,0
19980922,49433,CATHE',OTC,0.04,0.04,0,0,Cathayone Inc,0,0,0
19980923,49433,CATHE',OTC,0.04,0.04,0,0,Cathayone Inc,0,0,0
19980924,49433,CATHE',OTC,0.04,0.04,0,0,Cathayone Inc,0,0,0
19980925,49433,CATHE',OTC,0.04,0.04,0,0,Cathayone Inc,0,0,0
19980928,49433,CATHE',OTC,0.04,0.04,0,0,Cathayone Inc,0,0,0
19980929,49433,CATHE',OTC,0.04,0.04,0,0,Cathayone Inc,0,0,0
19980930,49433,CATHE',OTC,0.04,0.04,0,0,Cathayone Inc,0,0,0
19981001,49433,CATHE',OTC,0.04,0.04,0,0,Cathayone Inc,0,0,0
19981002,49433,CATHE',OTC,0.04,0.04,0,0,Cathayone Inc,0,0,0
19981005,49433,CATHE',OTC,0.04,0.04,0,0,Cathayone Inc,0,0,0
19981006,49433,CATHE',OTC,0.04,0.04,0,0,Cathayone Inc,0,0,0
19981007,49433,CATHE',OTC,0.04,0.04,0,0,Cathayone Inc,0,0,0
19981008,49433,CATHE',OTC,0.04,0.04,0,0,Cathayone Inc,0,0,0
19981009,49433,CATHE',OTC,0.04,0.04,0,0,Cathayone Inc,0,0,0
19981012,49433,CATHE',OTC,0.04,0.04,0,0,Cathayone Inc,0,0,0
19981013,49433,CATHE',OTC,0.04,0.04,0,0,Cathayone Inc,0,0,0
19981014,49433,CATHE',OTC,0.04,0.04,0,0,Cathayone Inc,0,0,0
19981015,49433,CATHE',OTC,0.04,0.04,0,0,Cathayone Inc,0,0,0
19981016,49433,CATHE',OTC,0.04,0.04,0,0,Cathayone Inc,0,0,0
19981019,49433,CATHE',OTC,0.04,0.04,0,0,Cathayone Inc,0,0,0
19981020,49433,CATHE',OTC,0.04,0.04,0,0,Cathayone Inc,0,0,0
19981021,49433,CATHE',OTC,0.04,0.04,0,0,Cathayone Inc,0,0,0
19981022,49433,CATHE',OTC,0.04,0.04,0,0,Cathayone Inc,0,0,0
19981023,49433,CATHE',OTC,0.04,0.04,0,0,Cathayone Inc,0,0,0
19981026,49433,CATHE',OTC,0.04,0.04,0,0,Cathayone Inc,0,0,0
19981027,49433,CATHE',OTC,0.04,0.04,0,0,Cathayone Inc,0,0,0
19981028,49433,CATHE',OTC,0.04,0.04,0,0,Cathayone Inc,0,0,0
19981029,49433,CATHE',OTC,0.04,0.04,0,0,Cathayone Inc,0,0,0
19981030,49433,CATHE',OTC,4,4,2,0,Cathayone Inc,0,0,0
19981102,49433,CATHE',OTC,4,4,0,0,Cathayone Inc,0,0,0
19981103,49433,CATHE',OTC,4.125,4.125,21,0,Cathayone Inc,0,0,0
19981104,49433,CATHE',OTC,4,4,5,0,Cathayone Inc,0,0,0
19981105,49433,CATHE',OTC,4,4,0,0,Cathayone Inc,0,0,0
19981106,49433,CATHE',OTC,4,4,0,0,Cathayone Inc,0,0,0
19981109,49433,CATHE',OTC,4,4,0,0,Cathayone Inc,0,0,0
19981110,49433,CATHE',OTC,4.5,4.5,7,0,Cathayone Inc,0,0,0
19981111,49433,CATHE',OTC,4.5,4.5,0,0,Cathayone Inc,0,0,0
19981112,49433,CATHE',OTC,4.5,4.5,0,0,Cathayone Inc,0,0,0
19981113,49433,CATHE',OTC,4.5,4.5,0,0,Cathayone Inc,0,0,0
19981116,49433,CATHE',OTC,4.5,4.5,0,0,Cathayone Inc,0,0,0
19981117,49433,CATHE',OTC,4.5,4.5,0,0,Cathayone Inc,0,0,0
19981118,49433,CATHE',OTC,4.5,4.5,0,0,Cathayone Inc,0,0,0
19981119,49433,CATHE',OTC,5,5,2,0,Cathayone Inc,0,0,0
19981120,49433,CATHE',OTC,5,5,1,0,Cathayone Inc,0,0,0
19981123,49433,CATHE',OTC,5,5,0,0,Cathayone Inc,0,0,0
19981124,49433,CATHE',OTC,5,5,0,0,Cathayone Inc,0,0,0
19981125,49433,CATHE',OTC,5,5,0,0,Cathayone Inc,0,0,0
19981127,49433,CATHE',OTC,5,5,0,0,Cathayone Inc,0,0,0
19981130,49433,CATHE',OTC,5,5,13,0,Cathayone Inc,0,0,0
19981201,49433,CATHE',OTC,5,5,0,0,Cathayone Inc,0,0,0
19981202,49433,CATHE',OTC,5,5,0,0,Cathayone Inc,0,0,0
19981203,49433,CATHE',OTC,5,5,0,0,Cathayone Inc,0,0,0
19981204,49433,CATHE',OTC,5,5,0,0,Cathayone Inc,0,0,0
19981207,49433,CATHE',OTC,6,6,240,0,Cathayone Inc,0,0,0
19981208,49433,CATHE',OTC,6,6,0,0,Cathayone Inc,0,0,0
19981209,49433,CATHE',OTC,6,6,0,0,Cathayone Inc,0,0,0
19981210,49433,CATHE',OTC,6,6,0,0,Cathayone Inc,0,0,0
19981211,49433,CATHE',OTC,6,6,0,0,Cathayone Inc,0,0,0
19981214,49433,CATHE',OTC,6,6,0,0,Cathayone Inc,0,0,0
19981215,49433,CATHE',OTC,5,5,12,0,Cathayone Inc,0,0,0
19981216,49433,CATHE',OTC,5,5,0,0,Cathayone Inc,0,0,0
19981217,49433,CATHE',OTC,5,5,0,0,Cathayone Inc,0,0,0
19981218,49433,CATHE',OTC,5,5,0,0,Cathayone Inc,0,0,0
19981221,49433,CATHE',OTC,5,5,0,0,Cathayone Inc,0,0,0
19981222,49433,CATHE',OTC,6,6,12,0,Cathayone Inc,0,0,0
19981223,49433,CATHE',OTC,6,6,0,0,Cathayone Inc,0,0,0
19981224,49433,CATHE',OTC,6,6,0,0,Cathayone Inc,0,0,0
19981228,49433,CATHE',OTC,6,6,0,0,Cathayone Inc,0,0,0
19981229,49433,CATHE',OTC,6,6,0,0,Cathayone Inc,0,0,0
19981230,49433,CATHE',OTC,6,6,0,0,Cathayone Inc,0,0,0
19981231,49433,CATHE',OTC,6,6,0,0,Cathayone Inc,0,0,0
19990104,49433,CATHE',OTC,6,6,0,0,Cathayone Inc,0,0,0
19990105,49433,CATHE',OTC,6,6,0,0,Cathayone Inc,0,0,0
19990106,49433,CATHE',OTC,6,6,0,0,Cathayone Inc,0,0,0
19990107,49433,CATHE',OTC,6,6,0,0,Cathayone Inc,0,0,0
19990108,49433,CATHE',OTC,6,6,0,0,Cathayone Inc,0,0,0
19990111,49433,CATHE',OTC,6,6,0,0,Cathayone Inc,0,0,0
19990112,49433,CATHE',OTC,6,6,0,0,Cathayone Inc,0,0,0
19990113,49433,CATHE',OTC,6,6,0,0,Cathayone Inc,0,0,0
19990114,49433,CATHE',OTC,6,6,0,0,Cathayone Inc,0,0,0
19990115,49433,CATHE',OTC,6,6,0,0,Cathayone Inc,0,0,0
19990119,49433,CATHE',OTC,6,6,0,0,Cathayone Inc,0,0,0
19990120,49433,CATHE',OTC,6,6,0,0,Cathayone Inc,0,0,0
19990121,49433,CATHE',OTC,6,6,0,0,Cathayone Inc,0,0,0
19990122,49433,CATHE',OTC,6,6,0,0,Cathayone Inc,0,0,0
19990125,49433,CATHE',OTC,6,6,0,0,Cathayone Inc,0,0,0
19990126,49433,CATHE',OTC,6,6,90,0,Cathayone Inc,0,0,0
19990127,49433,CATHE',OTC,6,6,0,0,Cathayone Inc,0,0,0
19990128,49433,CATHE',OTC,6.125,6.125,90,0,Cathayone Inc,0,0,0
19990129,49433,CATHE',OTC,6.125,6.125,0,0,Cathayone Inc,0,0,0
19990201,49433,CATHE',OTC,6.125,6.125,0,0,Cathayone Inc,0,0,0
19990202,49433,CATHE',OTC,6.125,6.125,0,0,Cathayone Inc,0,0,0
19990203,49433,CATHE',OTC,6.125,6.125,0,0,Cathayone Inc,0,0,0
19990204,49433,CATHE',OTC,6.125,6.125,0,0,Cathayone Inc,0,0,0
19990205,49433,CATHE',OTC,6.125,6.125,0,0,Cathayone Inc,0,0,0
19990208,49433,CATHE',OTC,6,6,68,0,Cathayone Inc,0,0,0
19990209,49433,CATHE',OTC,6,6,0,0,Cathayone Inc,0,0,0
19990210,49433,CATHE',OTC,6,6,0,0,Cathayone Inc,0,0,0
19990211,49433,CATHE',OTC,6,6,0,0,Cathayone Inc,0,0,0
19990212,49433,CATHE',OTC,6,6,0,0,Cathayone Inc,0,0,0
19990216,49433,CATHE',OTC,6,6,0,0,Cathayone Inc,0,0,0
19990217,49433,CATHE',OTC,6,6,0,0,Cathayone Inc,0,0,0
19990218,49433,CATHE',OTC,6,6,0,0,Cathayone Inc,0,0,0
19990219,49433,CATHE',OTC,6,6,0,0,Cathayone Inc,0,0,0
19990222,49433,CATHE',OTC,6,6,0,0,Cathayone Inc,0,0,0
19990223,49433,CATHE',OTC,6,6,0,0,Cathayone Inc,0,0,0
19990224,49433,CATHE',OTC,6,6,0,0,Cathayone Inc,0,0,0
19990225,49433,CATHE',OTC,6,6,0,0,Cathayone Inc,0,0,0
19990226,49433,CATHE',OTC,6,6,0,0,Cathayone Inc,0,0,0
19990301,49433,CATHE',OTC,6,6,0,0,Cathayone Inc,0,0,0
19990302,49433,CATHE',OTC,6,6,0,0,Cathayone Inc,0,0,0
19990303,49433,CATHE',OTC,6,6,0,0,Cathayone Inc,0,0,0
19990304,49433,CATHE',OTC,6,6,0,0,Cathayone Inc,0,0,0
19990305,49433,CATHE',OTC,6,6,0,0,Cathayone Inc,0,0,0
19990308,49433,CATHE',OTC,6,6,0,0,Cathayone Inc,0,0,0
19990309,49433,CATHE',OTC,6,6,0,0,Cathayone Inc,0,0,0
19990310,49433,CATHE',OTC,6,6,0,0,Cathayone Inc,0,0,0
19990311,49433,CATHE',OTC,6,6,0,0,Cathayone Inc,0,0,0
19990312,49433,CATHE',OTC,6,6,0,0,Cathayone Inc,0,0,0
19990315,49433,CATHE',OTC,6,6,0,0,Cathayone Inc,0,0,0
19990316,49433,CATHE',OTC,6,6,0,0,Cathayone Inc,0,0,0
19990317,49433,CATHE',OTC,6,6,0,0,Cathayone Inc,0,0,0
19990318,49433,CATHE',OTC,5.437,5.437,60,0,Cathayone Inc,0,0,0
19990319,49433,CATHE',OTC,5.437,5.437,0,0,Cathayone Inc,0,0,0
19990322,49433,CATHE',OTC,5.437,5.437,0,0,Cathayone Inc,0,0,0
19990323,49433,CATHE',OTC,5.437,5.437,0,0,Cathayone Inc,0,0,0
19990324,49433,CATHE',OTC,5.437,5.437,0,0,Cathayone Inc,0,0,0
19990325,49433,CATHE',OTC,5.437,5.437,0,0,Cathayone Inc,0,0,0
19990326,49433,CATHE',OTC,5.437,5.437,0,0,Cathayone Inc,0,0,0
19990329,49433,CATHE',OTC,5.437,5.437,0,0,Cathayone Inc,0,0,0
19990330,49433,CATHE',OTC,5.437,5.437,0,0,Cathayone Inc,0,0,0
19990331,49433,CATHE',OTC,5.437,5.437,0,0,Cathayone Inc,0,0,0
19990401,49433,CATHE',OTC,5.437,5.437,0,0,Cathayone Inc,0,0,0
19990405,49433,CATHE',OTC,5.437,5.437,0,0,Cathayone Inc,0,0,0
19990406,49433,CATHE',OTC,5.437,5.437,0,0,Cathayone Inc,0,0,0
19990407,49433,CATHE',OTC,5.437,5.437,0,0,Cathayone Inc,0,0,0
19990408,49433,CATHE',OTC,5,5,100,0,Cathayone Inc,0,0,0
19990409,49433,CATHE',OTC,5,5,0,0,Cathayone Inc,0,0,0
19990412,49433,CATHE',OTC,5,5,0,0,Cathayone Inc,0,0,0
19990413,49433,CATHE',OTC,5,5,0,0,Cathayone Inc,0,0,0
19990414,49433,CATHE',OTC,5,5,0,0,Cathayone Inc,0,0,0
19990415,49433,CATHE',OTC,5,5,0,0,Cathayone Inc,0,0,0
19990416,49433,CATHE',OTC,5,5,0,0,Cathayone Inc,0,0,0
19990419,49433,CATHE',OTC,5,5,0,0,Cathayone Inc,0,0,0
19990420,49433,CATHE',OTC,5,5,0,0,Cathayone Inc,0,0,0
19990421,49433,CATHE',OTC,5,5,0,0,Cathayone Inc,0,0,0
19990422,49433,CATHE',OTC,5,5,0,0,Cathayone Inc,0,0,0
19990423,49433,CATHE',OTC,5,5,0,0,Cathayone Inc,0,0,0
19990426,49433,CATHE',OTC,5,5,0,0,Cathayone Inc,0,0,0
19990427,49433,CATHE',OTC,5,5,0,0,Cathayone Inc,0,0,0
19990428,49433,CATHE',OTC,5,5,0,0,Cathayone Inc,0,0,0
19990429,49433,CATHE',OTC,5,5,0,0,Cathayone Inc,0,0,0
19990430,49433,CATHE',OTC,5,5,0,0,Cathayone Inc,0,0,0
19990503,49433,CATHE',OTC,5,5,0,0,Cathayone Inc,0,0,0
19990504,49433,CATHE',OTC,5,5,0,0,Cathayone Inc,0,0,0
19990505,49433,CATHE',OTC,5,5,0,0,Cathayone Inc,0,0,0
19990506,49433,CATHE',OTC,5,5,0,0,Cathayone Inc,0,0,0
19990507,49433,CATHE',OTC,5,5,0,0,Cathayone Inc,0,0,0
19990510,49433,CATHE',OTC,5,5,0,0,Cathayone Inc,0,0,0
19990511,49433,CATHE',OTC,5,5,0,0,Cathayone Inc,0,0,0
19990512,49433,CATHE',OTC,5,5,0,0,Cathayone Inc,0,0,0
19990513,49433,CATHE',OTC,5,5,0,0,Cathayone Inc,0,0,0
19990514,49433,CATHE',OTC,5,5,0,0,Cathayone Inc,0,0,0
19990517,49433,CATHE',OTC,4.5,4.5,7,0,Cathayone Inc,0,0,0
19990518,49433,CATHE',OTC,4.5,4.5,0,0,Cathayone Inc,0,0,0
19990519,49433,CATHE',OTC,4.5,4.5,0,0,Cathayone Inc,0,0,0
19990520,49433,CATHE',OTC,4.5,4.5,0,0,Cathayone Inc,0,0,0
19990521,49433,CATHE',OTC,4.5,4.5,0,0,Cathayone Inc,0,0,0
19990524,49433,CATHE',OTC,4.5,4.5,0,0,Cathayone Inc,0,0,0
19990525,49433,CATHE',OTC,4,4,1,0,Cathayone Inc,0,0,0
19990526,49433,CATHE',OTC,4,4,0,0,Cathayone Inc,0,0,0
19990527,49433,CATHE',OTC,4,4,0,0,Cathayone Inc,0,0,0
19990528,49433,CATHE',OTC,4,4,0,0,Cathayone Inc,0,0,0
19990601,49433,CATHE',OTC,4,4,0,0,Cathayone Inc,0,0,0
19990602,49433,CATHE',OTC,4,4,0,0,Cathayone Inc,0,0,0
19990603,49433,CATHE',OTC,4,4,0,0,Cathayone Inc,0,0,0
19990604,49433,CATHE',OTC,4,4,0,0,Cathayone Inc,0,0,0
19990607,49433,CATHE',OTC,4,4,0,0,Cathayone Inc,0,0,0
19990608,49433,CATHE',OTC,4,4,0,0,Cathayone Inc,0,0,0
19990609,49433,CATHE',OTC,4,4,0,0,Cathayone Inc,0,0,0
19990610,49433,CATHE',OTC,4,4,0,0,Cathayone Inc,0,0,0
19990611,49433,CATHE',OTC,4,4,0,0,Cathayone Inc,0,0,0
19990614,49433,CATHE',OTC,4,4,0,0,Cathayone Inc,0,0,0
19990615,49433,CATHE',OTC,4,4,0,0,Cathayone Inc,0,0,0
19990616,49433,CATHE',OTC,4,4,0,0,Cathayone Inc,0,0,0
19990617,49433,CATHE',OTC,4,4,0,0,Cathayone Inc,0,0,0
19990618,49433,CATHE',OTC,4,4,0,0,Cathayone Inc,0,0,0
19990621,49433,CATHE',OTC,4,4,0,0,Cathayone Inc,0,0,0
19990622,49433,CATHE',OTC,4,4,0,0,Cathayone Inc,0,0,0
19990623,49433,CATHE',OTC,4,4,0,0,Cathayone Inc,0,0,0
19990624,49433,CATHE',OTC,4,4,0,0,Cathayone Inc,0,0,0
19990625,49433,CATHE',OTC,4,4,0,0,Cathayone Inc,0,0,0
19990628,49433,CATHE',OTC,4,4,0,0,Cathayone Inc,0,0,0
19990629,49433,CATHE',OTC,4,4,0,0,Cathayone Inc,0,0,0
19990630,49433,CATHE',OTC,4,4,0,0,Cathayone Inc,0,0,0
19990701,49433,CATHE',OTC,4,4,0,0,Cathayone Inc,0,0,0
19990702,49433,CATHE',OTC,4,4,0,0,Cathayone Inc,0,0,0
19990706,49433,CATHE',OTC,4,4,0,0,Cathayone Inc,0,0,0
19990707,49433,CATHE',OTC,4,4,0,0,Cathayone Inc,0,0,0
19990708,49433,CATHE',OTC,4,4,0,0,Cathayone Inc,0,0,0
19990709,49433,CATHE',OTC,4,4,0,0,Cathayone Inc,0,0,0
19990712,49433,CATHE',OTC,4,4,10,0,Cathayone Inc,0,0,0
19990713,49433,CATHE',OTC,4,4,0,0,Cathayone Inc,0,0,0
19990714,49433,CATHE',OTC,4,4,0,0,Cathayone Inc,0,0,0
19990715,49433,CATHE',OTC,4,4,0,0,Cathayone Inc,0,0,0
19990716,49433,CATHE',OTC,4,4,0,0,Cathayone Inc,0,0,0
19990719,49433,CATHE',OTC,4,4,0,0,Cathayone Inc,0,0,0
19990720,49433,CATHE',OTC,4.5,4.5,18,0,Cathayone Inc,0,0,0
19990721,49433,CATHE',OTC,4.5,4.5,0,0,Cathayone Inc,0,0,0
19990722,49433,CATHE',OTC,4.5,4.5,0,0,Cathayone Inc,0,0,0
19990723,49433,CATHE',OTC,4.5,4.5,0,0,Cathayone Inc,0,0,0
19990726,49433,CATHE',OTC,4.5,4.5,0,0,Cathayone Inc,0,0,0
19990727,49433,CATHE',OTC,4.5,4.5,0,0,Cathayone Inc,0,0,0
19990728,49433,CATHE',OTC,4.5,4.5,0,0,Cathayone Inc,0,0,0
19990729,49433,CATHE',OTC,4.5,4.5,0,0,Cathayone Inc,0,0,0
19990730,49433,CATHE',OTC,2,2,5,0,Cathayone Inc,0,0,0
19990802,49433,CATHE',OTC,2,2,0,0,Cathayone Inc,0,0,0
19990803,49433,CATHE',OTC,2,2,0,0,Cathayone Inc,0,0,0
19990804,49433,CATHE',OTC,2,2,0,0,Cathayone Inc,0,0,0
19990805,49433,CATHE',OTC,2,2,0,0,Cathayone Inc,0,0,0
19990806,49433,CATHE',OTC,2,2,0,0,Cathayone Inc,0,0,0
19990809,49433,CATHE',OTC,2,2,0,0,Cathayone Inc,0,0,0
19990810,49433,CATHE',OTC,2,2,0,0,Cathayone Inc,0,0,0
19990811,49433,CATHE',OTC,2,2,0,0,Cathayone Inc,0,0,0
19990812,49433,CATHE',OTC,2,2,0,0,Cathayone Inc,0,0,0
19990813,49433,CATHE',OTC,2,2,0,0,Cathayone Inc,0,0,0
19990816,49433,CATHE',OTC,2,2,0,0,Cathayone Inc,0,0,0
19990817,49433,CATHE',OTC,2,2,0,0,Cathayone Inc,0,0,0
19990818,49433,CATHE',OTC,2,2,0,0,Cathayone Inc,0,0,0
19990819,49433,CATHE',OTC,2,2,0,0,Cathayone Inc,0,0,0
19990820,49433,CATHE',OTC,2,2,0,0,Cathayone Inc,0,0,0
19990823,49433,CATHE',OTC,2,2,0,0,Cathayone Inc,0,0,0
19990824,49433,CATHE',OTC,2,2,0,0,Cathayone Inc,0,0,0
19990825,49433,CATHE',OTC,2,2,0,0,Cathayone Inc,0,0,0
19990826,49433,CATHE',OTC,2,2,0,0,Cathayone Inc,0,0,0
19990827,49433,CATHE',OTC,2,2,0,0,Cathayone Inc,0,0,0
19990830,49433,CATHE',OTC,2,2,0,0,Cathayone Inc,0,0,0
19990831,49433,CATHE',OTC,2,2,5,0,Cathayone Inc,0,0,0
19990901,49433,CATHE',OTC,2,2,0,0,Cathayone Inc,0,0,0
19990902,49433,CATHE',OTC,2,2,0,0,Cathayone Inc,0,0,0
19990903,49433,CATHE',OTC,2,2,0,0,Cathayone Inc,0,0,0
19990907,49433,CATHE',OTC,2,2,0,0,Cathayone Inc,0,0,0
19990908,49433,CATHE',OTC,2,2,0,0,Cathayone Inc,0,0,0
19990909,49433,CATHE',OTC,2,2,0,0,Cathayone Inc,0,0,0
19990910,49433,CATHE',OTC,2,2,0,0,Cathayone Inc,0,0,0
19990913,49433,CATHE',OTC,2,2,0,0,Cathayone Inc,0,0,0
19990914,49433,CATHE',OTC,2,2,0,0,Cathayone Inc,0,0,0
19990915,49433,CATHE',OTC,2,2,0,0,Cathayone Inc,0,0,0
19990916,49433,CATHE',OTC,2,2,0,0,Cathayone Inc,0,0,0
19990917,49433,CATHE',OTC,2,2,0,0,Cathayone Inc,0,0,0
19990920,49433,CATHE',OTC,2,2,0,0,Cathayone Inc,0,0,0
19990921,49433,CATHE',OTC,2,2,0,0,Cathayone Inc,0,0,0
19990922,49433,CATHE',OTC,2,2,0,0,Cathayone Inc,0,0,0
19990923,49433,CATHE',OTC,2,2,50,0,Cathayone Inc,0,0,0
19990924,49433,CATHE',OTC,2,2,0,0,Cathayone Inc,0,0,0
19990927,49433,CATHE',OTC,2,2,0,0,Cathayone Inc,0,0,0
19990928,49433,CATHE',OTC,2,2,0,0,Cathayone Inc,0,0,0
19990929,49433,CATHE',OTC,2,2,0,0,Cathayone Inc,0,0,0
19990930,49433,CATHE',OTC,2,2,0,0,Cathayone Inc,0,0,0
19991001,49433,CATHE',OTC,2,2,0,0,Cathayone Inc,0,0,0
19991004,49433,CATHE',OTC,2,2,0,0,Cathayone Inc,0,0,0
19991005,49433,CATHE',OTC,2,2,0,0,Cathayone Inc,0,0,0
19991006,49433,CATHE',OTC,2,2,0,0,Cathayone Inc,0,0,0
19991007,49433,CATHE',OTC,2,2,0,0,Cathayone Inc,0,0,0
19991008,49433,CATHE',OTC,2,2,0,0,Cathayone Inc,0,0,0
19991011,49433,CATHE',OTC,2,2,0,0,Cathayone Inc,0,0,0
19991012,49433,CATHE',OTC,2,2,0,0,Cathayone Inc,0,0,0
19991013,49433,CATHE',OTC,2,2,0,0,Cathayone Inc,0,0,0
19991014,49433,CATHE',OTC,2,2,0,0,Cathayone Inc,0,0,0
19991015,49433,CATHE',OTC,2,2,0,0,Cathayone Inc,0,0,0
19991018,49433,CATHE',OTC,2,2,0,0,Cathayone Inc,0,0,0
19991019,49433,CATHE',OTC,2,2,0,0,Cathayone Inc,0,0,0
19991020,49433,CATHE',OTC,2,2,0,0,Cathayone Inc,0,0,0
19991021,49433,CATHE',OTC,2,2,0,0,Cathayone Inc,0,0,0
19991022,49433,CATHE',OTC,2,2,0,0,Cathayone Inc,0,0,0
19991025,49433,CATHE',OTC,2,2,0,0,Cathayone Inc,0,0,0
19991026,49433,CATHE',OTC,2.25,2.25,100,0,Cathayone Inc,0,0,0
19991027,49433,CATHE',OTC,2.25,2.25,0,0,Cathayone Inc,0,0,0
19991028,49433,CATHE',OTC,2.25,2.25,0,0,Cathayone Inc,0,0,0
19991029,49433,CATHE',OTC,2.25,2.25,0,0,Cathayone Inc,0,0,0
19991101,49433,CATHE',OTC,2.25,2.25,0,0,Cathayone Inc,0,0,0
19991102,49433,CATHE',OTC,2.25,2.25,0,0,Cathayone Inc,0,0,0
19991103,49433,CATHE',OTC,2.25,2.25,0,0,Cathayone Inc,0,0,0
19991104,49433,CATHE',OTC,2.25,2.25,0,0,Cathayone Inc,0,0,0
19991105,49433,CATHE',OTC,2.25,2.25,0,0,Cathayone Inc,0,0,0
19991108,49433,CATHE',OTC,2.25,2.25,0,0,Cathayone Inc,0,0,0
19991109,49433,CATHE',OTC,2.25,2.25,0,0,Cathayone Inc,0,0,0
19991110,49433,CATHE',OTC,2.25,2.25,0,0,Cathayone Inc,0,0,0
19991111,49433,CATHE',OTC,2.25,2.25,0,0,Cathayone Inc,0,0,0
19991112,49433,CATHE',OTC,2.25,2.25,0,0,Cathayone Inc,0,0,0
19991115,49433,CATHE',OTC,2.25,2.25,0,0,Cathayone Inc,0,0,0
19991116,49433,CATHE',OTC,2.25,2.25,0,0,Cathayone Inc,0,0,0
19991117,49433,CATHE',OTC,2.25,2.25,0,0,Cathayone Inc,0,0,0
19991118,49433,CATHE',OTC,2.25,2.25,0,0,Cathayone Inc,0,0,0
19991119,49433,CATHE',OTC,2.25,2.25,0,0,Cathayone Inc,0,0,0
19991122,49433,CATHE',OTC,2.25,2.25,0,0,Cathayone Inc,0,0,0
19991123,49433,CATHE',OTC,2.25,2.25,0,0,Cathayone Inc,0,0,0
19991124,49433,CATHE',OTC,2.25,2.25,0,0,Cathayone Inc,0,0,0
19991126,49433,CATHE',OTC,2.25,2.25,0,0,Cathayone Inc,0,0,0
19991129,49433,CATHE',OTC,2.25,2.25,0,0,Cathayone Inc,0,0,0
19991130,49433,CATHE',OTC,2.25,2.25,0,0,Cathayone Inc,0,0,0
19991201,49433,CATHE',OTC,2.25,2.25,0,0,Cathayone Inc,0,0,0
19991202,49433,CATHE',OTC,2.25,2.25,0,0,Cathayone Inc,0,0,0
19991203,49433,CATHE',OTC,2.25,2.25,0,0,Cathayone Inc,0,0,0
19991206,49433,CATHE',OTC,2.25,2.25,0,0,Cathayone Inc,0,0,0
19991207,49433,CATHE',OTC,2.25,2.25,0,0,Cathayone Inc,0,0,0
19991208,49433,CATHE',OTC,2.25,2.25,0,0,Cathayone Inc,0,0,0
19991209,49433,CATHE',OTC,2.25,2.25,0,0,Cathayone Inc,0,0,0
19991210,49433,CATHE',OTC,2.25,2.25,0,0,Cathayone Inc,0,0,0
19991213,49433,CATHE',OTC,2.25,2.25,0,0,Cathayone Inc,0,0,0
19991214,49433,CATHE',OTC,2.25,2.25,0,0,Cathayone Inc,0,0,0
19991215,49433,CATHE',OTC,5,5,28,0,Cathayone Inc,0,0,0
19991216,49433,CATHE',OTC,5,5,0,0,Cathayone Inc,0,0,0
19991217,49433,CATHE',OTC,5,5,0,0,Cathayone Inc,0,0,0
19991220,49433,CATHE',OTC,5,5,0,0,Cathayone Inc,0,0,0
19991221,49433,CATHE',OTC,5,5,0,0,Cathayone Inc,0,0,0
19991222,49433,CATHE',OTC,5,5,0,0,Cathayone Inc,0,0,0
19991223,49433,CATHE',OTC,5,5,0,0,Cathayone Inc,0,0,0
19991227,49433,CATHE',OTC,5,5,0,0,Cathayone Inc,0,0,0
19991228,49433,CATHE',OTC,5,5,0,0,Cathayone Inc,0,0,0
19991229,49433,CATHE',OTC,5,5,0,0,Cathayone Inc,0,0,0
19991230,49433,CATHE',OTC,5,5,0,0,Cathayone Inc,0,0,0
19991231,49433,CATHE',OTC,5,5,0,0,Cathayone Inc,0,0,0
20000103,49433,CATHE',OTC,5,5,0,0,Cathayone Inc,0,0,0
20000104,49433,CATHE',OTC,5,5,0,0,Cathayone Inc,0,0,0
20000105,49433,CATHE',OTC,5,5,0,0,Cathayone Inc,0,0,0
20000106,49433,CATHE',OTC,5,5,0,0,Cathayone Inc,0,0,0
20000107,49433,CATHE',OTC,5,5,0,0,Cathayone Inc,0,0,0
20000110,49433,CATHE',OTC,5,5,0,0,Cathayone Inc,0,0,0
20000111,49433,CATHE',OTC,7,7,5,0,Cathayone Inc,0,0,0
20000112,49433,CATHE',OTC,7,7,0,0,Cathayone Inc,0,0,0
20000113,49433,CATHE',OTC,7,7,0,0,Cathayone Inc,0,0,0
20000114,49433,CATHE',OTC,7,7,0,0,Cathayone Inc,0,0,0
20000118,49433,CATHE',OTC,7,7,0,0,Cathayone Inc,0,0,0
20000119,49433,CATHE',OTC,7,7,0,0,Cathayone Inc,0,0,0
20000120,49433,CATHE',OTC,7,7,0,0,Cathayone Inc,0,0,0
20000121,49433,CATHE',OTC,7,7,0,0,Cathayone Inc,0,0,0
20000124,49433,CATHE',OTC,7,7,10,0,Cathayone Inc,0,0,0
20000125,49433,CATHE',OTC,7,7,0,0,Cathayone Inc,0,0,0
20000126,49433,CATHE',OTC,7,7,0,0,Cathayone Inc,0,0,0
20000127,49433,CATHE',OTC,7,7,0,0,Cathayone Inc,0,0,0
20000128,49433,CATHE',OTC,4,4,4,0,Cathayone Inc,0,0,0
20000131,49433,CATHE',OTC,4,4,0,0,Cathayone Inc,0,0,0
20000201,49433,CATHE',OTC,4,4,0,0,Cathayone Inc,0,0,0
20000202,49433,CATHE',OTC,4,4,0,0,Cathayone Inc,0,0,0
20000203,49433,CATHE',OTC,4,4,0,0,Cathayone Inc,0,0,0
20000204,49433,CATHE',OTC,4,4,0,0,Cathayone Inc,0,0,0
20000207,49433,CATHE',OTC,4,4,0,0,Cathayone Inc,0,0,0
20000208,49433,CATHE',OTC,4,4,0,0,Cathayone Inc,0,0,0
20000209,49433,CATHE',OTC,4,4,0,0,Cathayone Inc,0,0,0
20000210,49433,CATHE',OTC,4,4,0,0,Cathayone Inc,0,0,0
20000211,49433,CATHE',OTC,4,4,0,0,Cathayone Inc,0,0,0
20000214,49433,CATHE',OTC,4,4,0,0,Cathayone Inc,0,0,0
20000215,49433,CATHE',OTC,4,4,0,0,Cathayone Inc,0,0,0
20000216,49433,CATHE',OTC,4,4,0,0,Cathayone Inc,0,0,0
20000217,49433,CATHE',OTC,4,4,0,0,Cathayone Inc,0,0,0
20000218,49433,CATHE',OTC,4,4,0,0,Cathayone Inc,0,0,0
20000222,49433,CATHE',OTC,4,4,0,0,Cathayone Inc,0,0,0
20000223,49433,CATHE',OTC,4,4,0,0,Cathayone Inc,0,0,0
20000224,49433,CATHE',OTC,4,4,8,0,Cathayone Inc,0,0,0
20000225,49433,CATHE',OTC,4,4,0,0,Cathayone Inc,0,0,0
20000228,49433,CATHE',OTC,4,4,0,0,Cathayone Inc,0,0,0
20000229,49433,CATHE',OTC,4,4,18,0,Cathayone Inc,0,0,0
20000301,49433,CATHE',OTC,4,4,0,0,Cathayone Inc,0,0,0
20000302,49433,CATHE',OTC,4,4,0,0,Cathayone Inc,0,0,0
20000303,49433,CATHE',OTC,4,4,0,0,Cathayone Inc,0,0,0
20000306,49433,CATHE',OTC,4,4,0,0,Cathayone Inc,0,0,0
20000307,49433,CATHE',OTC,4,4,0,0,Cathayone Inc,0,0,0
20000308,49433,CATHE',OTC,4,4,0,0,Cathayone Inc,0,0,0
20000309,49433,CATHE',OTC,4,4,0,0,Cathayone Inc,0,0,0
20000310,49433,CATHE',OTC,4,4,0,0,Cathayone Inc,0,0,0
20000313,49433,CATHE',OTC,4,4,1,0,Cathayone Inc,0,0,0
20000314,49433,CATHE',OTC,4,4,0,0,Cathayone Inc,0,0,0
20000315,49433,CATHE',OTC,4,4,0,0,Cathayone Inc,0,0,0
20000316,49433,CATHE',OTC,4,4,0,0,Cathayone Inc,0,0,0
20000317,49433,CATHE',OTC,4,4,0,0,Cathayone Inc,0,0,0
20000320,49433,CATHE',OTC,4,4,0,0,Cathayone Inc,0,0,0
20000321,49433,CATHE',OTC,4,4,0,0,Cathayone Inc,0,0,0
20000322,49433,CATHE',OTC,4,4,0,0,Cathayone Inc,0,0,0
20000323,49433,CATHE',OTC,4,4,0,0,Cathayone Inc,0,0,0
20000324,49433,CATHE',OTC,4,4,0,0,Cathayone Inc,0,0,0
20000327,49433,CATHE',OTC,4,4,0,0,Cathayone Inc,0,0,0
20000328,49433,CATHE',OTC,4,4,0,0,Cathayone Inc,0,0,0
20000329,49433,CATHE',OTC,4,4,0,0,Cathayone Inc,0,0,0
20000330,49433,CATHE',OTC,4,4,0,0,Cathayone Inc,0,0,0
20000331,49433,CATHE',OTC,4,4,0,0,Cathayone Inc,0,0,0
20000403,49433,CATHE',OTC,4,4,0,0,Cathayone Inc,0,0,0
20000404,49433,CATHE',OTC,4,4,0,0,Cathayone Inc,0,0,0
20000405,49433,CATHE',OTC,4,4,0,0,Cathayone Inc,0,0,0
20000406,49433,CATHE',OTC,4,4,0,0,Cathayone Inc,0,0,0
20000407,49433,CATHE',OTC,4,4,0,0,Cathayone Inc,0,0,0
20000410,49433,CATHE',OTC,4,4,0,0,Cathayone Inc,0,0,0
20000411,49433,CATHE',OTC,4,4,0,0,Cathayone Inc,0,0,0
20000412,49433,CATHE',OTC,4,4,0,0,Cathayone Inc,0,0,0
20000413,49433,CATHE',OTC,4,4,0,0,Cathayone Inc,0,0,0
20000414,49433,CATHE',OTC,4,4,0,0,Cathayone Inc,0,0,0
20000417,49433,CATHE',OTC,4,4,0,0,Cathayone Inc,0,0,0
20000418,49433,CATHE',OTC,4,4,2,0,Cathayone Inc,0,0,0
20000419,49433,CATHE',OTC,4,4,0,0,Cathayone Inc,0,0,0
20000420,49433,CATHE',OTC,4,4,0,0,Cathayone Inc,0,0,0
20000424,49433,CATHE',OTC,4,4,0,0,Cathayone Inc,0,0,0
20000425,49433,CATHE',OTC,4,4,0,0,Cathayone Inc,0,0,0
20000426,49433,CATHE',OTC,4,4,0,0,Cathayone Inc,0,0,0
20000427,49433,CATHE',OTC,4,4,0,0,Cathayone Inc,0,0,0
20000428,49433,CATHE',OTC,4,4,0,0,Cathayone Inc,0,0,0
20000501,49433,CATHE',OTC,4,4,0,0,Cathayone Inc,0,0,0
20000502,49433,CATHE',OTC,4,4,0,0,Cathayone Inc,0,0,0
20000503,49433,CATHE',OTC,4,4,0,0,Cathayone Inc,0,0,0
20000504,49433,CATHE',OTC,4,4,0,0,Cathayone Inc,0,0,0
20000505,49433,CATHE',OTC,4,4,0,0,Cathayone Inc,0,0,0
20000508,49433,CATHE',OTC,4,4,0,0,Cathayone Inc,0,0,0
20000509,49433,CATHE',OTC,4,4,0,0,Cathayone Inc,0,0,0
20000510,49433,CATHE',OTC,4,4,0,0,Cathayone Inc,0,0,0
20000511,49433,CATHE',OTC,4,4,0,0,Cathayone Inc,0,0,0
20000512,49433,CATHE',OTC,4,4,0,0,Cathayone Inc,0,0,0
20000515,49433,CATHE',OTC,4,4,0,0,Cathayone Inc,0,0,0
20000516,49433,CATHE',OTC,4,4,0,0,Cathayone Inc,0,0,0
20000517,49433,CATHE',OTC,4,4,0,0,Cathayone Inc,0,0,0
20000518,49433,CATHE',OTC,4,4,0,0,Cathayone Inc,0,0,0
20000519,49433,CATHE',OTC,4,4,2,0,Cathayone Inc,0,0,0
20000522,49433,CATHE',OTC,4,4,0,0,Cathayone Inc,0,0,0
20000523,49433,CATHE',OTC,4,4,0,0,Cathayone Inc,0,0,0
20000524,49433,CATHE',OTC,4,4,0,0,Cathayone Inc,0,0,0
20000525,49433,CATHE',OTC,4,4,0,0,Cathayone Inc,0,0,0
20000526,49433,CATHE',OTC,4,4,0,0,Cathayone Inc,0,0,0
20000530,49433,CATHE',OTC,4,4,0,0,Cathayone Inc,0,0,0
20000531,49433,CATHE',OTC,4,4,0,0,Cathayone Inc,0,0,0
20000601,49433,CATHE',OTC,4,4,0,0,Cathayone Inc,0,0,0
20000602,49433,CATHE',OTC,4,4,0,0,Cathayone Inc,0,0,0
20000605,49433,CATHE',OTC,4,4,0,0,Cathayone Inc,0,0,0
20000606,49433,CATHE',OTC,4,4,0,0,Cathayone Inc,0,0,0
20000607,49433,CATHE',OTC,4,4,0,0,Cathayone Inc,0,0,0
20000608,49433,CATHE',OTC,4,4,0,0,Cathayone Inc,0,0,0
20000609,49433,CATHE',OTC,4,4,0,0,Cathayone Inc,0,0,0
20000612,49433,CATHE',OTC,4,4,0,0,Cathayone Inc,0,0,0
20000613,49433,CATHE',OTC,4,4,0,0,Cathayone Inc,0,0,0
20000614,49433,CATHE',OTC,4,4,0,0,Cathayone Inc,0,0,0
20000615,49433,CATHE',OTC,4,4,0,0,Cathayone Inc,0,0,0
20000616,49433,CATHE',OTC,4,4,0,0,Cathayone Inc,0,0,0
20000619,49433,CATHE',OTC,4,4,0,0,Cathayone Inc,0,0,0
20000620,49433,CATHE',OTC,4,4,0,0,Cathayone Inc,0,0,0
20000621,49433,CATHE',OTC,4,4,0,0,Cathayone Inc,0,0,0
20000622,49433,CATHE',OTC,4,4,0,0,Cathayone Inc,0,0,0
20000623,49433,CATHE',OTC,4,4,0,0,Cathayone Inc,0,0,0
20000626,49433,CATHE',OTC,4,4,0,0,Cathayone Inc,0,0,0
20000627,49433,CATHE',OTC,4,4,0,0,Cathayone Inc,0,0,0
20000628,49433,CATHE',OTC,4,4,0,0,Cathayone Inc,0,0,0
20000629,49433,CATHE',OTC,4,4,0,0,Cathayone Inc,0,0,0
20000630,49433,CATHE',OTC,4,4,0,0,Cathayone Inc,0,0,0
20000703,49433,CATHE',OTC,4,4,0,0,Cathayone Inc,0,0,0
20000705,49433,CATHE',OTC,4,4,0,0,Cathayone Inc,0,0,0
20000706,49433,CATHE',OTC,4,4,0,0,Cathayone Inc,0,0,0
20000707,49433,CATHE',OTC,4,4,0,0,Cathayone Inc,0,0,0
20000710,49433,CATHE',OTC,4,4,0,0,Cathayone Inc,0,0,0
20000711,49433,CATHE',OTC,4,4,0,0,Cathayone Inc,0,0,0
20000712,49433,CATHE',OTC,4,4,0,0,Cathayone Inc,0,0,0
20000713,49433,CATHE',OTC,4,4,0,0,Cathayone Inc,0,0,0
20000714,49433,CATHE',OTC,3,3,25,0,Cathayone Inc,0,0,0
20000717,49433,CATHE',OTC,4.06,4.06,55,0,Cathayone Inc,0,0,0
20000718,49433,CATHE',OTC,5.12,5.12,75,0,Cathayone Inc,0,0,0
20000719,49433,CATHE',OTC,5.62,5.62,101,0,Cathayone Inc,0,0,0
20000720,49433,CATHE',OTC,5.62,5.62,145,0,Cathayone Inc,0,0,0
20000721,49433,CATHE',OTC,5.68,5.68,35,0,Cathayone Inc,0,0,0
20000724,49433,CATHE',OTC,5.75,5.75,45,0,Cathayone Inc,0,0,0
20000725,49433,CATHE',OTC,5.18,5.18,430,0,Cathayone Inc,0,0,0
20000726,49433,CATHE',OTC,5.18,5.18,0,0,Cathayone Inc,0,0,0
20000727,49433,CATHE',OTC,5.65,5.65,35,0,Cathayone Inc,0,0,0
20000728,49433,CATHE',OTC,5.5,5.5,65,0,Cathayone Inc,0,0,0
20000731,49433,CATHE',OTC,5.9,5.9,145,0,Cathayone Inc,0,0,0
20000801,49433,CATHE',OTC,7,7,25,0,Cathayone Inc,0,0,0
20000802,49433,CATHE',OTC,7.437,7.437,75,0,Cathayone Inc,0,0,0
20000803,49433,CATHE',OTC,7.468,7.468,10,0,Cathayone Inc,0,0,0
20000804,49433,CATHE',OTC,7.468,7.468,0,0,Cathayone Inc,0,0,0
20000807,49433,CATHE',OTC,7.468,7.468,0,0,Cathayone Inc,0,0,0
20000808,49433,CATHE',OTC,7.468,7.468,0,0,Cathayone Inc,0,0,0
20000809,49433,CATHE',OTC,7.468,7.468,0,0,Cathayone Inc,0,0,0
20000810,49433,CATHE',OTC,7.468,7.468,0,0,Cathayone Inc,0,0,0
20000811,49433,CATHE',OTC,7.468,7.468,0,0,Cathayone Inc,0,0,0
20000814,49433,CATHE',OTC,7.468,7.468,0,0,Cathayone Inc,0,0,0
20000815,49433,CATHE',OTC,7.375,7.375,25,0,Cathayone Inc,0,0,0
20000816,49433,CATHE',OTC,7.375,7.375,5,0,Cathayone Inc,0,0,0
20000817,49433,CATHE',OTC,7.25,7.25,5,0,Cathayone Inc,0,0,0
20000818,49433,CATHE',OTC,7.25,7.25,0,0,Cathayone Inc,0,0,0
20000821,49433,CATHE',OTC,7.25,7.25,0,0,Cathayone Inc,0,0,0
20000822,49433,CATHE',OTC,7.25,7.25,0,0,Cathayone Inc,0,0,0
20000823,49433,CATHE',OTC,7.25,7.25,0,0,Cathayone Inc,0,0,0
20000824,49433,CATHE',OTC,7.25,7.25,0,0,Cathayone Inc,0,0,0
20000825,49433,CATHE',OTC,7.25,7.25,0,0,Cathayone Inc,0,0,0
20000828,49433,CATHE',OTC,7,7,25,0,Cathayone Inc,0,0,0
20000829,49433,CATHE',OTC,7,7,15,0,Cathayone Inc,0,0,0
20000830,49433,CATHE',OTC,7,7,0,0,Cathayone Inc,0,0,0
20000831,49433,CATHE',OTC,7.5,7.5,20,0,Cathayone Inc,0,0,0
20000901,49433,CATHE',OTC,7.312,7.312,40,0,Cathayone Inc,0,0,0
20000905,49433,CATHE',OTC,6.718,6.718,10,0,Cathayone Inc,0,0,0
20000906,49433,CATHE',OTC,6.5,6.5,30,0,Cathayone Inc,0,0,0
20000907,49433,CATHE',OTC,7.375,7.375,165,0,Cathayone Inc,0,0,0
20000908,49433,CATHE',OTC,7,7,10,0,Cathayone Inc,0,0,0
20000911,49433,CATHE',OTC,7.18,7.18,175,0,Cathayone Inc,0,0,0
20000912,49433,CATHE',OTC,7.25,7.25,35,0,Cathayone Inc,0,0,0
20000913,49433,CATHE',OTC,7.187,7.187,25,0,Cathayone Inc,0,0,0
20000914,49433,CATHE',OTC,6.5,6.5,180,0,Cathayone Inc,0,0,0
20000915,49433,CATHE',OTC,6.5,6.5,0,0,Cathayone Inc,0,0,0
20000918,49433,CATHE',OTC,6.75,6.75,10,0,Cathayone Inc,0,0,0
20000919,49433,CATHE',OTC,6.75,6.75,0,0,Cathayone Inc,0,0,0
20000920,49433,CATHE',OTC,6.468,6.468,20,0,Cathayone Inc,0,0,0
20000921,49433,CATHE',OTC,6.562,6.562,45,0,Cathayone Inc,0,0,0
20000922,49433,CATHE',OTC,6.156,6.156,45,0,Cathayone Inc,0,0,0
20000925,49433,CATHE',OTC,5.937,5.937,20,0,Cathayone Inc,0,0,0
20000926,49433,CATHE',OTC,5.843,5.843,40,0,Cathayone Inc,0,0,0
20000927,49433,CATHE',OTC,5.9,5.9,40,0,Cathayone Inc,0,0,0
20000928,49433,CATHE',OTC,6.375,6.375,131,0,Cathayone Inc,0,0,0
20000929,49433,CATHE',OTC,6.375,6.375,15,0,Cathayone Inc,0,0,0
20001002,49433,CATHE',OTC,6.625,6.625,10,0,Cathayone Inc,0,0,0
20001003,49433,CATHE',OTC,6.531,6.531,5,0,Cathayone Inc,0,0,0
20001004,49433,CATHE',OTC,7.125,7.125,41,0,Cathayone Inc,0,0,0
20001005,49433,CATHE',OTC,7.312,7.312,105,0,Cathayone Inc,0,0,0
20001006,49433,CATHE',OTC,6.937,6.937,60,0,Cathayone Inc,0,0,0
20001009,49433,CATHE',OTC,6.937,6.937,15,0,Cathayone Inc,0,0,0
20001010,49433,CATHE',OTC,6.937,6.937,0,0,Cathayone Inc,0,0,0
20001011,49433,CATHE',OTC,6,6,45,0,Cathayone Inc,0,0,0
20001012,49433,CATHE',OTC,6.375,6.375,11,0,Cathayone Inc,0,0,0
20001013,49433,CATHE',OTC,6.125,6.125,5,0,Cathayone Inc,0,0,0
20001016,49433,CATHE',OTC,6.18,6.18,7,0,Cathayone Inc,0,0,0
20001017,49433,CATHE',OTC,6.18,6.18,0,0,Cathayone Inc,0,0,0
20001018,49433,CATHE',OTC,6.5,6.5,8,0,Cathayone Inc,0,0,0
20001019,49433,CATHE',OTC,5,5,4,0,Cathayone Inc,0,0,0
20001020,49433,CATHE',OTC,5,5,5,0,Cathayone Inc,0,0,0
20001023,49433,CATHE',OTC,5,5,0,0,Cathayone Inc,0,0,0
20001024,49433,CATHE',OTC,5,5,0,0,Cathayone Inc,0,0,0
20001025,49433,CATHE',OTC,5.968,5.968,116,0,Cathayone Inc,0,0,0
20001026,49433,CATHE',OTC,6.031,6.031,58,0,Cathayone Inc,0,0,0
20001027,49433,CATHE',OTC,4.875,4.875,71,0,Cathayone Inc,0,0,0
20001030,49433,CATHE',OTC,4.875,4.875,5,0,Cathayone Inc,0,0,0
20001031,49433,CATHE',OTC,4.125,4.125,81,0,Cathayone Inc,0,0,0
20001101,49433,CATHE',OTC,4.437,4.437,5,0,Cathayone Inc,0,0,0
20001102,49433,CATHE',OTC,4,4,25,0,Cathayone Inc,0,0,0
20001103,49433,CATHE',OTC,4.687,4.687,15,0,Cathayone Inc,0,0,0
20001106,49433,CATHE',OTC,4.75,4.75,28,0,Cathayone Inc,0,0,0
20001107,49433,CATHE',OTC,4.875,4.875,5,0,Cathayone Inc,0,0,0
20001108,49433,CATHE',OTC,4.968,4.968,105,0,Cathayone Inc,0,0,0
20001109,49433,CATHE',OTC,4.968,4.968,110,0,Cathayone Inc,0,0,0
20001110,49433,CATHE',OTC,4.92,4.92,247,0,Cathayone Inc,0,0,0
20001113,49433,CATHE',OTC,4.937,4.937,80,0,Cathayone Inc,0,0,0
20001114,49433,CATHE',OTC,4.937,4.937,0,0,Cathayone Inc,0,0,0
20001115,49433,CATHE',OTC,4.73,4.73,10,0,Cathayone Inc,0,0,0
20001116,49433,CATHE',OTC,4.781,4.781,5,0,Cathayone Inc,0,0,0
20001117,49433,CATHE',OTC,4,4,250,0,Cathayone Inc,0,0,0
20001120,49433,CATHE',OTC,4,4,52,0,Cathayone Inc,0,0,0
20001121,49433,CATHE',OTC,2.375,2.375,621,0,Cathayone Inc,0,0,0
20001122,49433,CATHE',OTC,3.031,3.031,40,0,Cathayone Inc,0,0,0
20001124,49433,CATHE',OTC,3.25,3.25,15,0,Cathayone Inc,0,0,0
20001127,49433,CATHE',OTC,3.5,3.5,50,0,Cathayone Inc,0,0,0
20001128,49433,CATHE',OTC,3,3,248,0,Cathayone Inc,0,0,0
20001129,49433,CATHE',OTC,2.125,2.125,375,0,Cathayone Inc,0,0,0
20001130,49433,CATHE',OTC,1.5,1.5,107,0,Cathayone Inc,0,0,0
20001201,49433,CATHE',OTC,2.5,2.5,15,0,Cathayone Inc,0,0,0
20001204,49433,CATHE',OTC,2.5,2.5,0,0,Cathayone Inc,0,0,0
20001205,49433,CATHE',OTC,2.062,2.062,16,0,Cathayone Inc,0,0,0
20001206,49433,CATHE',OTC,2.062,2.062,0,0,Cathayone Inc,0,0,0
20001207,49433,CATHE',OTC,2.125,2.125,96,0,Cathayone Inc,0,0,0
20001208,49433,CATHE',OTC,2.125,2.125,0,0,Cathayone Inc,0,0,0
20001211,49433,CATHE',OTC,2.125,2.125,0,0,Cathayone Inc,0,0,0
20001212,49433,CATHE',OTC,2.125,2.125,0,0,Cathayone Inc,0,0,0
20001213,49433,CATHE',OTC,2.062,2.062,83,0,Cathayone Inc,0,0,0
20001214,49433,CATHE',OTC,2.062,2.062,0,0,Cathayone Inc,0,0,0
20001215,49433,CATHE',OTC,2.062,2.062,0,0,Cathayone Inc,0,0,0
20001218,49433,CATHE',OTC,2.062,2.062,0,0,Cathayone Inc,0,0,0
20001219,49433,CATHE',OTC,2.25,2.25,480,0,Cathayone Inc,0,0,0
20001220,49433,CATHE',OTC,2.375,2.375,1,0,Cathayone Inc,0,0,0
20001221,49433,CATHE',OTC,2.375,2.375,0,0,Cathayone Inc,0,0,0
20001222,49433,CATHE',OTC,2.375,2.375,0,0,Cathayone Inc,0,0,0
20001226,49433,CATHE',OTC,2.375,2.375,0,0,Cathayone Inc,0,0,0
20001227,49433,CATHE',OTC,2.375,2.375,0,0,Cathayone Inc,0,0,0
20001228,49433,CATHE',OTC,2.375,2.375,0,0,Cathayone Inc,0,0,0
20001229,49433,CATHE',OTC,2.375,2.375,0,0,Cathayone Inc,0,0,0
20010102,49433,CATHE',OTC,2.375,2.375,0,0,Cathayone Inc,0,0,0
20010103,49433,CATHE',OTC,2.25,2.25,6,0,Cathayone Inc,0,0,0
20010104,49433,CATHE',OTC,2.25,2.25,0,0,Cathayone Inc,0,0,0
20010105,49433,CATHE',OTC,2.25,2.25,0,0,Cathayone Inc,0,0,0
20010108,49433,CATHE',OTC,2.125,2.125,1,0,Cathayone Inc,0,0,0
20010109,49433,CATHE',OTC,2.125,2.125,0,0,Cathayone Inc,0,0,0
20010110,49433,CATHE',OTC,2.125,2.125,0,0,Cathayone Inc,0,0,0
20010111,49433,CATHE',OTC,2.125,2.125,0,0,Cathayone Inc,0,0,0
20010112,49433,CATHE',OTC,2.125,2.125,0,0,Cathayone Inc,0,0,0
20010116,49433,CATHE',OTC,2.125,2.125,0,0,Cathayone Inc,0,0,0
20010117,49433,CATHE',OTC,2.125,2.125,0,0,Cathayone Inc,0,0,0
20010118,49433,CATHE',OTC,2.125,2.125,0,0,Cathayone Inc,0,0,0
20010119,49433,CATHE',OTC,2.125,2.125,0,0,Cathayone Inc,0,0,0
20010122,49433,CATHE',OTC,2.125,2.125,0,0,Cathayone Inc,0,0,0
20010123,49433,CATHE',OTC,2.125,2.125,0,0,Cathayone Inc,0,0,0
20010124,49433,CATHE',OTC,2.125,2.125,0,0,Cathayone Inc,0,0,0
20010125,49433,CATHE',OTC,2.125,2.125,0,0,Cathayone Inc,0,0,0
20010126,49433,CATHE',OTC,2.125,2.125,0,0,Cathayone Inc,0,0,0
20010129,49433,CATHE',OTC,2.125,2.125,0,0,Cathayone Inc,0,0,0
20010130,49433,CATHE',OTC,2.5,2.5,78,0,Cathayone Inc,0,0,0
20010131,49433,CATHE',OTC,2.312,2.312,2,0,Cathayone Inc,0,0,0
20010201,49433,CATHE',OTC,2.312,2.312,0,0,Cathayone Inc,0,0,0
20010202,49433,CATHE',OTC,2.312,2.312,0,0,Cathayone Inc,0,0,0
20010205,49433,CATHE',OTC,2.312,2.312,0,0,Cathayone Inc,0,0,0
20010206,49433,CATHE',OTC,2.312,2.312,0,0,Cathayone Inc,0,0,0
20010207,49433,CATHE',OTC,2.312,2.312,0,0,Cathayone Inc,0,0,0
20010208,49433,CATHE',OTC,2.312,2.312,0,0,Cathayone Inc,0,0,0
20010209,49433,CATHE',OTC,2.312,2.312,0,0,Cathayone Inc,0,0,0
20010212,49433,CATHE',OTC,2.312,2.312,0,0,Cathayone Inc,0,0,0
20010213,49433,CATHE',OTC,2.312,2.312,0,0,Cathayone Inc,0,0,0
20010214,49433,CATHE',OTC,2.312,2.312,0,0,Cathayone Inc,0,0,0
20010215,49433,CATHE',OTC,2.312,2.312,0,0,Cathayone Inc,0,0,0
20010216,49433,CATHE',OTC,2.312,2.312,0,0,Cathayone Inc,0,0,0
20010220,49433,CATHE',OTC,2.312,2.312,0,0,Cathayone Inc,0,0,0
20010221,49433,CATHE',OTC,2.312,2.312,10,0,Cathayone Inc,0,0,0
20010222,49433,CATHE',OTC,2.312,2.312,0,0,Cathayone Inc,0,0,0
20010223,49433,CATHE',OTC,2.375,2.375,2,0,Cathayone Inc,0,0,0
20010226,49433,CATHE',OTC,2.375,2.375,0,0,Cathayone Inc,0,0,0
20010227,49433,CATHE',OTC,2,2,48,0,Cathayone Inc,0,0,0
20010228,49433,CATHE',OTC,2.187,2.187,4,0,Cathayone Inc,0,0,0
20010301,49433,CATHE',OTC,2.187,2.187,0,0,Cathayone Inc,0,0,0
20010302,49433,CATHE',OTC,2.187,2.187,0,0,Cathayone Inc,0,0,0
20010305,49433,CATHE',OTC,2.187,2.187,0,0,Cathayone Inc,0,0,0
20010306,49433,CATHE',OTC,2.625,2.625,65,0,Cathayone Inc,0,0,0
20010307,49433,CATHE',OTC,2.343,2.343,5,0,Cathayone Inc,0,0,0
20010308,49433,CATHE',OTC,2.125,2.125,35,0,Cathayone Inc,0,0,0
20010309,49433,CATHE',OTC,2,2,25,0,Cathayone Inc,0,0,0
20010312,49433,CATHE',OTC,2,2,0,0,Cathayone Inc,0,0,0
20010313,49433,CATHE',OTC,1.875,1.875,5,0,Cathayone Inc,0,0,0
20010314,49433,CATHE',OTC,1.875,1.875,0,0,Cathayone Inc,0,0,0
20010315,49433,CATHE',OTC,1.875,1.875,0,0,Cathayone Inc,0,0,0
20010316,49433,CATHE',OTC,1.75,1.75,5,0,Cathayone Inc,0,0,0
20010319,49433,CATHE',OTC,1.75,1.75,0,0,Cathayone Inc,0,0,0
20010320,49433,CATHE',OTC,1.75,1.75,0,0,Cathayone Inc,0,0,0
20010321,49433,CATHE',OTC,1.437,1.437,70,0,Cathayone Inc,0,0,0
20010322,49433,CATHE',OTC,1.375,1.375,10,0,Cathayone Inc,0,0,0
20010323,49433,CATHE',OTC,1.25,1.25,90,0,Cathayone Inc,0,0,0
20010326,49433,CATHE',OTC,1.125,1.125,57,0,Cathayone Inc,0,0,0
20010327,49433,CATHE',OTC,1.125,1.125,0,0,Cathayone Inc,0,0,0
20010328,49433,CATHE',OTC,1.125,1.125,0,0,Cathayone Inc,0,0,0
20010329,49433,CATHE',OTC,1.125,1.125,0,0,Cathayone Inc,0,0,0
20010330,49433,CATHE',OTC,1.125,1.125,1,0,Cathayone Inc,0,0,0
20010402,49433,CATHE',OTC,1.062,1.062,20,0,Cathayone Inc,0,0,0
20010403,49433,CATHE',OTC,1.062,1.062,0,0,Cathayone Inc,0,0,0
20010404,49433,CATHE',OTC,1.062,1.062,0,0,Cathayone Inc,0,0,0
20010405,49433,CATHE',OTC,1.062,1.062,0,0,Cathayone Inc,0,0,0
20010406,49433,CATHE',OTC,0.937,0.937,78,0,Cathayone Inc,0,0,0
20010409,49433,CATHE',OTC,0.937,0.937,0,0,Cathayone Inc,0,0,0
20010410,49433,CATHE',OTC,0.937,0.937,0,0,Cathayone Inc,0,0,0
20010411,49433,CATHE',OTC,0.937,0.937,0,0,Cathayone Inc,0,0,0
20010412,49433,CATHE',OTC,1.2,1.2,45,0,Cathayone Inc,0,0,0
20010416,49433,CATHE',OTC,1.2,1.2,0,0,Cathayone Inc,0,0,0
20010417,49433,CATHE',OTC,1.12,1.12,115,0,Cathayone Inc,0,0,0
20010418,49433,CATHE',OTC,1.15,1.15,70,0,Cathayone Inc,0,0,0
20010419,49433,CATHE',OTC,1.2,1.2,314,0,Cathayone Inc,0,0,0
20010420,49433,CATHE',OTC,1.45,1.45,19,0,Cathayone Inc,0,0,0
20010423,49433,CATHE',OTC,1.55,1.55,12,0,Cathayone Inc,0,0,0
20010424,49433,CATHE',OTC,1.45,1.45,15,0,Cathayone Inc,0,0,0
20010425,49433,CATHE',OTC,1.4,1.4,70,0,Cathayone Inc,0,0,0
20010426,49433,CATHE',OTC,1.45,1.45,455,0,Cathayone Inc,0,0,0
20010427,49433,CATHE',OTC,1.42,1.42,215,0,Cathayone Inc,0,0,0
20010430,49433,CATHE',OTC,1.25,1.25,380,0,Cathayone Inc,0,0,0
20010501,49433,CATHE',OTC,1.25,1.25,0,0,Cathayone Inc,0,0,0
20010502,49433,CATHE',OTC,1.25,1.25,0,0,Cathayone Inc,0,0,0
20010503,49433,CATHE',OTC,1.25,1.25,0,0,Cathayone Inc,0,0,0
20010504,49433,CATHE',OTC,1.25,1.25,0,0,Cathayone Inc,0,0,0
20010507,49433,CATHE',OTC,1.25,1.25,0,0,Cathayone Inc,0,0,0
20010508,49433,CATHE',OTC,1.25,1.25,0,0,Cathayone Inc,0,0,0
20010509,49433,CATHE',OTC,1.25,1.25,0,0,Cathayone Inc,0,0,0
20010510,49433,CATHE',OTC,1.25,1.25,114,0,Cathayone Inc,0,0,0
20010511,49433,CATHE',OTC,1.25,1.25,0,0,Cathayone Inc,0,0,0
20010514,49433,CATHE',OTC,1.25,1.25,0,0,Cathayone Inc,0,0,0
20010515,49433,CATHE',OTC,1.25,1.25,0,0,Cathayone Inc,0,0,0
20010516,49433,CATHE',OTC,1.25,1.25,0,0,Cathayone Inc,0,0,0
20010517,49433,CATHE',OTC,1.25,1.25,0,0,Cathayone Inc,0,0,0
20010518,49433,CATHE',OTC,1.4,1.4,330,0,Cathayone Inc,0,0,0
20010521,49433,CATHE',OTC,0.53,0.53,1020,0,Cathayone Inc,0,0,0
20010522,49433,CATHE',OTC,0.4,0.4,65,0,Cathayone Inc,0,0,0
20010523,49433,CATHE',OTC,0.2,0.2,180,0,Cathayone Inc,0,0,0
20010524,49433,CATHE',OTC,0.2,0.2,0,0,Cathayone Inc,0,0,0
20010525,49433,CATHE',OTC,0.2,0.2,0,0,Cathayone Inc,0,0,0
20010529,49433,CATHE',OTC,0.2,0.2,0,0,Cathayone Inc,0,0,0
20010530,49433,CATHE',OTC,0.16,0.16,360,0,Cathayone Inc,0,0,0
20010531,49433,CATHE',OTC,0.16,0.16,0,0,Cathayone Inc,0,0,0
20010601,49433,CATHE',OTC,0.16,0.16,0,0,Cathayone Inc,0,0,0
20010604,49433,CATHE',OTC,0.16,0.16,0,0,Cathayone Inc,0,0,0
20010605,49433,CATHE',OTC,0.16,0.16,0,0,Cathayone Inc,0,0,0
20010606,49433,CATHE',OTC,0.16,0.16,0,0,Cathayone Inc,0,0,0
20010607,49433,CATHE',OTC,0.11,0.11,5,0,Cathayone Inc,0,0,0
20010608,49433,CATHE',OTC,0.11,0.11,0,0,Cathayone Inc,0,0,0
20010611,49433,CATHE',OTC,0.055,0.055,8255,0,Cathayone Inc,0,0,0
20010612,49433,CATHE',OTC,0.045,0.045,336,0,Cathayone Inc,0,0,0
20010613,49433,CATHE',OTC,0.04,0.04,230,0,Cathayone Inc,0,0,0
20010614,49433,CATHE',OTC,0.04,0.04,385,0,Cathayone Inc,0,0,0
20010615,49433,CATHE',OTC,0.04,0.04,0,0,Cathayone Inc,0,0,0
20010618,49433,CATHE',OTC,0.04,0.04,0,0,Cathayone Inc,0,0,0
20010619,49433,CATHE',OTC,0.04,0.04,230,0,Cathayone Inc,0,0,0
20010620,49433,CATHE',OTC,0.04,0.04,145,0,Cathayone Inc,0,0,0
20010621,49433,CATHE',OTC,0.04,0.04,0,0,Cathayone Inc,0,0,0
20010622,49433,CATHE',OTC,0.04,0.04,0,0,Cathayone Inc,0,0,0
20010625,49433,CATHE',OTC,0.04,0.04,0,0,Cathayone Inc,0,0,0
20010626,49433,CATHE',OTC,0.04,0.04,0,0,Cathayone Inc,0,0,0
20010627,49433,CATHE',OTC,0.045,0.045,20,0,Cathayone Inc,0,0,0
20010628,49433,CATHE',OTC,0.045,0.045,1,0,Cathayone Inc,0,0,0
20010629,49433,CATHE',OTC,0.03,0.03,1720,0,Cathayone Inc,0,0,0
20010702,49433,CATHE',OTC,0.03,0.03,0,0,Cathayone Inc,0,0,0
20010703,49433,CATHE',OTC,0.03,0.03,0,0,Cathayone Inc,0,0,0
20010705,49433,CATHE',OTC,0.03,0.03,0,0,Cathayone Inc,0,0,0
20010706,49433,CATHE',OTC,0.03,0.03,0,0,Cathayone Inc,0,0,0
20010709,49433,CATHE',OTC,0.03,0.03,0,0,Cathayone Inc,0,0,0
20010710,49433,CATHE',OTC,0.03,0.03,0,0,Cathayone Inc,0,0,0
20010711,49433,CATHE',OTC,0.03,0.03,0,0,Cathayone Inc,0,0,0
20010712,49433,CATHE',OTC,0.03,0.03,0,0,Cathayone Inc,0,0,0
20010713,49433,CATHE',OTC,0.03,0.03,0,0,Cathayone Inc,0,0,0
20010716,49433,CATHE',OTC,0.03,0.03,20,0,Cathayone Inc,0,0,0
20010717,49433,CATHE',OTC,0.035,0.035,2,0,Cathayone Inc,0,0,0
20010718,49433,CATHE',OTC,0.04,0.04,100,0,Cathayone Inc,0,0,0
20010719,49433,CATHE',OTC,0.04,0.04,0,0,Cathayone Inc,0,0,0
20010720,49433,CATHE',OTC,0.05,0.05,17,0,Cathayone Inc,0,0,0
20010723,49433,CATHE',OTC,0.05,0.05,0,0,Cathayone Inc,0,0,0
20010724,49433,CATHE',OTC,0.05,0.05,0,0,Cathayone Inc,0,0,0
20010725,49433,CATHE',OTC,0.05,0.05,0,0,Cathayone Inc,0,0,0
20010726,49433,CATHE',OTC,0.05,0.05,0,0,Cathayone Inc,0,0,0
20010727,49433,CATHE',OTC,0.05,0.05,0,0,Cathayone Inc,0,0,0
20010730,49433,CATHE',OTC,0.03,0.03,100,0,Cathayone Inc,0,0,0
20010731,49433,CATHE',OTC,0.03,0.03,150,0,Cathayone Inc,0,0,0
20010801,49433,CATHE',OTC,0.035,0.035,150,0,Cathayone Inc,0,0,0
20010802,49433,CATHE',OTC,0.035,0.035,0,0,Cathayone Inc,0,0,0
20010803,49433,CATHE',OTC,0.035,0.035,0,0,Cathayone Inc,0,0,0
20010806,49433,CATHE',OTC,0.035,0.035,0,0,Cathayone Inc,0,0,0
20010807,49433,CATHE',OTC,0.035,0.035,0,0,Cathayone Inc,0,0,0
20010808,49433,CATHE',OTC,0.035,0.035,0,0,Cathayone Inc,0,0,0
20010809,49433,CATHE',OTC,0.035,0.035,0,0,Cathayone Inc,0,0,0
20010810,49433,CATHE',OTC,0.035,0.035,0,0,Cathayone Inc,0,0,0
20010813,49433,CATHE',OTC,0.015,0.015,1000,0,Cathayone Inc,0,0,0
20010814,49433,CATHE',OTC,0.012,0.012,2968,0,Cathayone Inc,0,0,0
20010815,49433,CATHE',OTC,0.02,0.02,5,0,Cathayone Inc,0,0,0
20010816,49433,CATHE',OTC,0.02,0.02,0,0,Cathayone Inc,0,0,0
20010817,49433,CATHE',OTC,0.02,0.02,0,0,Cathayone Inc,0,0,0
20010820,49433,CATHE',OTC,0.02,0.02,0,0,Cathayone Inc,0,0,0
20010821,49433,CATHE',OTC,0.02,0.02,50,0,Cathayone Inc,0,0,0
20010822,49433,CATHE',OTC,0.02,0.02,0,0,Cathayone Inc,0,0,0
20010823,49433,CATHE',OTC,0.02,0.02,0,0,Cathayone Inc,0,0,0
20010824,49433,CATHE',OTC,0.02,0.02,0,0,Cathayone Inc,0,0,0
20010827,49433,CATHE',OTC,0.02,0.02,0,0,Cathayone Inc,0,0,0
20010828,49433,CATHE',OTC,0.02,0.02,0,0,Cathayone Inc,0,0,0
20010829,49433,CATHE',OTC,0.02,0.02,0,0,Cathayone Inc,0,0,0
20010830,49433,CATHE',OTC,0.02,0.02,0,0,Cathayone Inc,0,0,0
20010831,49433,CATHE',OTC,0.02,0.02,0,0,Cathayone Inc,0,0,0
20010904,49433,CATHE',OTC,0.02,0.02,0,0,Cathayone Inc,0,0,0
20010905,49433,CATHE',OTC,0.02,0.02,0,0,Cathayone Inc,0,0,0
20010906,49433,CATHE',OTC,0.02,0.02,0,0,Cathayone Inc,0,0,0
20010907,49433,CATHE',OTC,0.02,0.02,0,0,Cathayone Inc,0,0,0
20010910,49433,CATHE',OTC,0.02,0.02,0,0,Cathayone Inc,0,0,0
20010917,49433,CATHE',OTC,0.02,0.02,0,0,Cathayone Inc,0,0,0
20010918,49433,CATHE',OTC,0.02,0.02,0,0,Cathayone Inc,0,0,0
20010919,49433,CATHE',OTC,0.02,0.02,0,0,Cathayone Inc,0,0,0
20010920,49433,CATHE',OTC,0.016,0.016,70,0,Cathayone Inc,0,0,0
20010921,49433,CATHE',OTC,0.016,0.016,0,0,Cathayone Inc,0,0,0
20010924,49433,CATHE',OTC,0.016,0.016,0,0,Cathayone Inc,0,0,0
20010925,49433,CATHE',OTC,0.016,0.016,0,0,Cathayone Inc,0,0,0
20010926,49433,CATHE',OTC,0.012,0.012,30,0,Cathayone Inc,0,0,0
20010927,49433,CATHE',OTC,0.012,0.012,14,0,Cathayone Inc,0,0,0
20010928,49433,CATHE',OTC,0.012,0.012,0,0,Cathayone Inc,0,0,0
20011001,49433,CATHE',OTC,0.012,0.012,0,0,Cathayone Inc,0,0,0
20011002,49433,CATHE',OTC,0.012,0.012,0,0,Cathayone Inc,0,0,0
20011003,49433,CATHE',OTC,0.012,0.012,0,0,Cathayone Inc,0,0,0
20011004,49433,CATHE',OTC,0.012,0.012,0,0,Cathayone Inc,0,0,0
20011005,49433,CATHE',OTC,0.012,0.012,0,0,Cathayone Inc,0,0,0
20011008,49433,CATHE',OTC,0.012,0.012,0,0,Cathayone Inc,0,0,0
20011009,49433,CATHE',OTC,0.012,0.012,0,0,Cathayone Inc,0,0,0
20011010,49433,CATHE',OTC,0.012,0.012,0,0,Cathayone Inc,0,0,0
20011011,49433,CATHE',OTC,0.012,0.012,0,0,Cathayone Inc,0,0,0
20011012,49433,CATHE',OTC,0.012,0.012,0,0,Cathayone Inc,0,0,0
20011015,49433,CATHE',OTC,0.012,0.012,0,0,Cathayone Inc,0,0,0
20011016,49433,CATHE',OTC,0.012,0.012,115,0,Cathayone Inc,0,0,0
20011017,49433,CATHE',OTC,0.012,0.012,0,0,Cathayone Inc,0,0,0
20011018,49433,CATHE',OTC,0.012,0.012,0,0,Cathayone Inc,0,0,0
20011019,49433,CATHE',OTC,0.012,0.012,0,0,Cathayone Inc,0,0,0
20011022,49433,CATHE',OTC,0.012,0.012,0,0,Cathayone Inc,0,0,0
20011023,49433,CATHE',OTC,0.012,0.012,0,0,Cathayone Inc,0,0,0
20011024,49433,CATHE',OTC,0.012,0.012,0,0,Cathayone Inc,0,0,0
20011025,49433,CATHE',OTC,0.012,0.012,0,0,Cathayone Inc,0,0,0
20011026,49433,CATHE',OTC,0.012,0.012,0,0,Cathayone Inc,0,0,0
20011029,49433,CATHE',OTC,0.012,0.012,0,0,Cathayone Inc,0,0,0
20011030,49433,CATHE',OTC,0.012,0.012,0,0,Cathayone Inc,0,0,0
20011031,49433,CATHE',OTC,0.012,0.012,0,0,Cathayone Inc,0,0,0
20011101,49433,CATHE',OTC,0.012,0.012,0,0,Cathayone Inc,0,0,0
20011102,49433,CATHE',OTC,0.014,0.014,14,0,Cathayone Inc,0,0,0
20011105,49433,CATHE',OTC,0.014,0.014,0,0,Cathayone Inc,0,0,0
20011106,49433,CATHE',OTC,0.014,0.014,0,0,Cathayone Inc,0,0,0
20011107,49433,CATHE',OTC,0.014,0.014,0,0,Cathayone Inc,0,0,0
20011108,49433,CATHE',OTC,0.014,0.014,0,0,Cathayone Inc,0,0,0
20011109,49433,CATHE',OTC,0.014,0.014,0,0,Cathayone Inc,0,0,0
20011112,49433,CATHE',OTC,0.01,0.01,400,0,Cathayone Inc,0,0,0
20011113,49433,CATHE',OTC,0.01,0.01,0,0,Cathayone Inc,0,0,0
20011114,49433,CATHE',OTC,0.01,0.01,0,0,Cathayone Inc,0,0,0
20011115,49433,CATHE',OTC,0.01,0.01,0,0,Cathayone Inc,0,0,0
20011116,49433,CATHE',OTC,0.01,0.01,0,0,Cathayone Inc,0,0,0
20011119,49433,CATHE',OTC,0.01,0.01,0,0,Cathayone Inc,0,0,0
20011120,49433,CATHE',OTC,0.01,0.01,0,0,Cathayone Inc,0,0,0
20011121,49433,CATHE',OTC,0.01,0.01,150,0,Cathayone Inc,0,0,0
20011123,49433,CATHE',OTC,0.01,0.01,0,0,Cathayone Inc,0,0,0
20011126,49433,CATHE',OTC,0.01,0.01,0,0,Cathayone Inc,0,0,0
20011127,49433,CATHE',OTC,0.01,0.01,415,0,Cathayone Inc,0,0,0
20011128,49433,CATHE',OTC,0.01,0.01,0,0,Cathayone Inc,0,0,0
20011129,49433,CATHE',OTC,0.01,0.01,0,0,Cathayone Inc,0,0,0
20011130,49433,CATHE',OTC,0.01,0.01,0,0,Cathayone Inc,0,0,0
20011203,49433,CATHE',OTC,0.01,0.01,0,0,Cathayone Inc,0,0,0
20011204,49433,CATHE',OTC,0.01,0.01,0,0,Cathayone Inc,0,0,0
20011205,49433,CATHE',OTC,0.01,0.01,0,0,Cathayone Inc,0,0,0
20011206,49433,CATHE',OTC,0.01,0.01,0,0,Cathayone Inc,0,0,0
20011207,49433,CATHE',OTC,0.01,0.01,0,0,Cathayone Inc,0,0,0
20011210,49433,CATHE',OTC,0.009,0.009,300,0,Cathayone Inc,0,0,0
20011211,49433,CATHE',OTC,0.009,0.009,0,0,Cathayone Inc,0,0,0
20011212,49433,CATHE',OTC,0.009,0.009,0,0,Cathayone Inc,0,0,0
20011213,49433,CATHE',OTC,0.009,0.009,0,0,Cathayone Inc,0,0,0
20011214,49433,CATHE',OTC,0.007,0.007,139,0,Cathayone Inc,0,0,0
20011217,49433,CATHE',OTC,0.007,0.007,0,0,Cathayone Inc,0,0,0
20011218,49433,CATHE',OTC,0.007,0.007,30,0,Cathayone Inc,0,0,0
20011219,49433,CATHE',OTC,0.007,0.007,0,0,Cathayone Inc,0,0,0
20011220,49433,CATHE',OTC,0.007,0.007,0,0,Cathayone Inc,0,0,0
20011221,49433,CATHE',OTC,0.009,0.009,24,0,Cathayone Inc,0,0,0
20011224,49433,CATHE',OTC,0.009,0.009,0,0,Cathayone Inc,0,0,0
20011226,49433,CATHE',OTC,0.009,0.009,0,0,Cathayone Inc,0,0,0
20011227,49433,CATHE',OTC,0.007,0.007,250,0,Cathayone Inc,0,0,0
