DDate,CSINumber,Symbol,Exchange,DClose,UnAdjustedClose,TotalVolume,Cash,MarketName,PTB,PSR,DPS
20021120,49695,IMPC',OTC,17.72,17.72,9613,0,Impac Medical Systems Inc. Common Stock,0,0,0
20021121,49695,IMPC',OTC,18.45,18.45,5524,0,Impac Medical Systems Inc. Common Stock,0,0,0
20021122,49695,IMPC',OTC,18.75,18.75,1992,0,Impac Medical Systems Inc. Common Stock,0,0,0
20021125,49695,IMPC',OTC,18.7,18.7,1106,0,Impac Medical Systems Inc. Common Stock,0,0,0
20021126,49695,IMPC',OTC,17.9,17.9,1803,0,Impac Medical Systems Inc. Common Stock,0,0,0
20021127,49695,IMPC',OTC,17.9,17.9,1926,0,Impac Medical Systems Inc. Common Stock,0,0,0
20021129,49695,IMPC',OTC,18.85,18.85,615,0,Impac Medical Systems Inc. Common Stock,0,0,0
20021202,49695,IMPC',OTC,18.7,18.7,291,0,Impac Medical Systems Inc. Common Stock,0,0,0
20021203,49695,IMPC',OTC,18.68,18.68,94,0,Impac Medical Systems Inc. Common Stock,0,0,0
20021204,49695,IMPC',OTC,18.64,18.64,369,0,Impac Medical Systems Inc. Common Stock,0,0,0
20021205,49695,IMPC',OTC,18.85,18.85,822,0,Impac Medical Systems Inc. Common Stock,0,0,0
20021206,49695,IMPC',OTC,18.05,18.05,626,0,Impac Medical Systems Inc. Common Stock,0,0,0
20021209,49695,IMPC',OTC,17.9,17.9,271,0,Impac Medical Systems Inc. Common Stock,0,0,0
20021210,49695,IMPC',OTC,17.95,17.95,266,0,Impac Medical Systems Inc. Common Stock,0,0,0
20021211,49695,IMPC',OTC,17.78,17.78,665,0,Impac Medical Systems Inc. Common Stock,0,0,0
20021212,49695,IMPC',OTC,17.71,17.71,368,0,Impac Medical Systems Inc. Common Stock,0,0,0
20021213,49695,IMPC',OTC,17.65,17.65,146,0,Impac Medical Systems Inc. Common Stock,0,0,0
20021216,49695,IMPC',OTC,17.86,17.86,35,0,Impac Medical Systems Inc. Common Stock,0,0,0
20021217,49695,IMPC',OTC,18.04,18.04,153,0,Impac Medical Systems Inc. Common Stock,0,0,0
20021218,49695,IMPC',OTC,17.99,17.99,383,0,Impac Medical Systems Inc. Common Stock,0,0,0
20021219,49695,IMPC',OTC,18.01,18.01,53,0,Impac Medical Systems Inc. Common Stock,0,0,0
20021220,49695,IMPC',OTC,17.75,17.75,169,0,Impac Medical Systems Inc. Common Stock,0,0,0
20021223,49695,IMPC',OTC,17.43,17.43,102,0,Impac Medical Systems Inc. Common Stock,0,0,0
20021224,49695,IMPC',OTC,17.6,17.6,19,0,Impac Medical Systems Inc. Common Stock,0,0,0
20021226,49695,IMPC',OTC,17.5,17.5,178,0,Impac Medical Systems Inc. Common Stock,0,0,0
20021227,49695,IMPC',OTC,18.12,18.12,428,0,Impac Medical Systems Inc. Common Stock,0,0,0
20021230,49695,IMPC',OTC,17.64,17.64,395,0,Impac Medical Systems Inc. Common Stock,0,0,0
20021231,49695,IMPC',OTC,18.52,18.52,422,0,Impac Medical Systems Inc. Common Stock,0,0,0
20030102,49695,IMPC',OTC,18.65,18.65,528,0,Impac Medical Systems Inc. Common Stock,0,0,0
20030103,49695,IMPC',OTC,18.7,18.7,172,0,Impac Medical Systems Inc. Common Stock,0,0,0
20030106,49695,IMPC',OTC,18.2,18.2,268,0,Impac Medical Systems Inc. Common Stock,0,0,0
20030107,49695,IMPC',OTC,17.95,17.95,115,0,Impac Medical Systems Inc. Common Stock,0,0,0
20030108,49695,IMPC',OTC,17.3,17.3,585,0,Impac Medical Systems Inc. Common Stock,0,0,0
20030109,49695,IMPC',OTC,17.1,17.1,445,0,Impac Medical Systems Inc. Common Stock,0,0,0
20030110,49695,IMPC',OTC,17.25,17.25,620,0,Impac Medical Systems Inc. Common Stock,0,0,0
20030113,49695,IMPC',OTC,17.35,17.35,452,0,Impac Medical Systems Inc. Common Stock,0,0,0
20030114,49695,IMPC',OTC,17.26,17.26,77,0,Impac Medical Systems Inc. Common Stock,0,0,0
20030115,49695,IMPC',OTC,17.01,17.01,186,0,Impac Medical Systems Inc. Common Stock,0,0,0
20030116,49695,IMPC',OTC,16.6,16.6,388,0,Impac Medical Systems Inc. Common Stock,0,0,0
20030117,49695,IMPC',OTC,16.15,16.15,547,0,Impac Medical Systems Inc. Common Stock,0,0,0
20030121,49695,IMPC',OTC,16.6,16.6,1314,0,Impac Medical Systems Inc. Common Stock,0,0,0
20030122,49695,IMPC',OTC,16.4,16.4,608,0,Impac Medical Systems Inc. Common Stock,0,0,0
20030123,49695,IMPC',OTC,16.8,16.8,307,0,Impac Medical Systems Inc. Common Stock,0,0,0
20030124,49695,IMPC',OTC,17.31,17.31,1095,0,Impac Medical Systems Inc. Common Stock,0,0,0
20030127,49695,IMPC',OTC,17.3,17.3,379,0,Impac Medical Systems Inc. Common Stock,0,0,0
20030128,49695,IMPC',OTC,17.85,17.85,511,0,Impac Medical Systems Inc. Common Stock,0,0,0
20030129,49695,IMPC',OTC,17.6,17.6,263,0,Impac Medical Systems Inc. Common Stock,0,0,0
20030130,49695,IMPC',OTC,17.4,17.4,242,0,Impac Medical Systems Inc. Common Stock,0,0,0
20030131,49695,IMPC',OTC,18,18,1170,0,Impac Medical Systems Inc. Common Stock,0,0,0
20030203,49695,IMPC',OTC,18.42,18.42,372,0,Impac Medical Systems Inc. Common Stock,0,0,0
20030204,49695,IMPC',OTC,19.06,19.06,399,0,Impac Medical Systems Inc. Common Stock,0,0,0
20030205,49695,IMPC',OTC,21,21,1489,0,Impac Medical Systems Inc. Common Stock,0,0,0
20030206,49695,IMPC',OTC,20.57,20.57,2415,0,Impac Medical Systems Inc. Common Stock,0,0,0
20030207,49695,IMPC',OTC,20,20,1139,0,Impac Medical Systems Inc. Common Stock,0,0,0
20030210,49695,IMPC',OTC,19.85,19.85,1027,0,Impac Medical Systems Inc. Common Stock,0,0,0
20030211,49695,IMPC',OTC,19.69,19.69,540,0,Impac Medical Systems Inc. Common Stock,0,0,0
20030212,49695,IMPC',OTC,19.78,19.78,81,0,Impac Medical Systems Inc. Common Stock,0,0,0
20030213,49695,IMPC',OTC,18.8,18.8,404,0,Impac Medical Systems Inc. Common Stock,0,0,0
20030214,49695,IMPC',OTC,18.91,18.91,259,0,Impac Medical Systems Inc. Common Stock,0,0,0
20030218,49695,IMPC',OTC,19.42,19.42,82,0,Impac Medical Systems Inc. Common Stock,0,0,0
20030219,49695,IMPC',OTC,19.85,19.85,237,0,Impac Medical Systems Inc. Common Stock,0,0,0
20030220,49695,IMPC',OTC,19.85,19.85,96,0,Impac Medical Systems Inc. Common Stock,0,0,0
20030221,49695,IMPC',OTC,19.7,19.7,214,0,Impac Medical Systems Inc. Common Stock,0,0,0
20030224,49695,IMPC',OTC,20.04,20.04,1224,0,Impac Medical Systems Inc. Common Stock,0,0,0
20030225,49695,IMPC',OTC,19.6,19.6,1062,0,Impac Medical Systems Inc. Common Stock,0,0,0
20030226,49695,IMPC',OTC,19.15,19.15,92,0,Impac Medical Systems Inc. Common Stock,0,0,0
20030227,49695,IMPC',OTC,19.93,19.93,1179,0,Impac Medical Systems Inc. Common Stock,0,0,0
20030228,49695,IMPC',OTC,19.65,19.65,197,0,Impac Medical Systems Inc. Common Stock,0,0,0
20030303,49695,IMPC',OTC,20,20,1307,0,Impac Medical Systems Inc. Common Stock,0,0,0
20030304,49695,IMPC',OTC,19.3,19.3,904,0,Impac Medical Systems Inc. Common Stock,0,0,0
20030305,49695,IMPC',OTC,18.7,18.7,183,0,Impac Medical Systems Inc. Common Stock,0,0,0
20030306,49695,IMPC',OTC,19.05,19.05,277,0,Impac Medical Systems Inc. Common Stock,0,0,0
20030307,49695,IMPC',OTC,19.1,19.1,234,0,Impac Medical Systems Inc. Common Stock,0,0,0
20030310,49695,IMPC',OTC,19.55,19.55,178,0,Impac Medical Systems Inc. Common Stock,0,0,0
20030311,49695,IMPC',OTC,19.6,19.6,365,0,Impac Medical Systems Inc. Common Stock,0,0,0
20030312,49695,IMPC',OTC,19.35,19.35,687,0,Impac Medical Systems Inc. Common Stock,0,0,0
20030313,49695,IMPC',OTC,19.3,19.3,399,0,Impac Medical Systems Inc. Common Stock,0,0,0
20030314,49695,IMPC',OTC,19.3,19.3,141,0,Impac Medical Systems Inc. Common Stock,0,0,0
20030317,49695,IMPC',OTC,19.27,19.27,1106,0,Impac Medical Systems Inc. Common Stock,0,0,0
20030318,49695,IMPC',OTC,19.29,19.29,818,0,Impac Medical Systems Inc. Common Stock,0,0,0
20030319,49695,IMPC',OTC,19.05,19.05,809,0,Impac Medical Systems Inc. Common Stock,0,0,0
20030320,49695,IMPC',OTC,19.6,19.6,1491,0,Impac Medical Systems Inc. Common Stock,0,0,0
20030321,49695,IMPC',OTC,21.7,21.7,1963,0,Impac Medical Systems Inc. Common Stock,0,0,0
20030324,49695,IMPC',OTC,21.2,21.2,660,0,Impac Medical Systems Inc. Common Stock,0,0,0
20030325,49695,IMPC',OTC,20.79,20.79,288,0,Impac Medical Systems Inc. Common Stock,0,0,0
20030326,49695,IMPC',OTC,20.75,20.75,113,0,Impac Medical Systems Inc. Common Stock,0,0,0
20030327,49695,IMPC',OTC,21.12,21.12,443,0,Impac Medical Systems Inc. Common Stock,0,0,0
20030328,49695,IMPC',OTC,21.04,21.04,165,0,Impac Medical Systems Inc. Common Stock,0,0,0
20030331,49695,IMPC',OTC,22.28,22.28,1254,0,Impac Medical Systems Inc. Common Stock,0,0,0
20030401,49695,IMPC',OTC,22.6,22.6,698,0,Impac Medical Systems Inc. Common Stock,0,0,0
20030402,49695,IMPC',OTC,23.25,23.25,443,0,Impac Medical Systems Inc. Common Stock,0,0,0
20030403,49695,IMPC',OTC,21.91,21.91,755,0,Impac Medical Systems Inc. Common Stock,0,0,0
20030404,49695,IMPC',OTC,19.65,19.65,3173,0,Impac Medical Systems Inc. Common Stock,0,0,0
20030407,49695,IMPC',OTC,18.66,18.66,930,0,Impac Medical Systems Inc. Common Stock,0,0,0
20030408,49695,IMPC',OTC,19.49,19.49,1203,0,Impac Medical Systems Inc. Common Stock,0,0,0
20030409,49695,IMPC',OTC,19.55,19.55,528,0,Impac Medical Systems Inc. Common Stock,0,0,0
20030410,49695,IMPC',OTC,19.31,19.31,220,0,Impac Medical Systems Inc. Common Stock,0,0,0
20030411,49695,IMPC',OTC,19.27,19.27,384,0,Impac Medical Systems Inc. Common Stock,0,0,0
20030414,49695,IMPC',OTC,19.1,19.1,247,0,Impac Medical Systems Inc. Common Stock,0,0,0
20030415,49695,IMPC',OTC,18.65,18.65,652,0,Impac Medical Systems Inc. Common Stock,0,0,0
20030416,49695,IMPC',OTC,19.05,19.05,878,0,Impac Medical Systems Inc. Common Stock,0,0,0
20030417,49695,IMPC',OTC,19,19,278,0,Impac Medical Systems Inc. Common Stock,0,0,0
20030421,49695,IMPC',OTC,18.99,18.99,158,0,Impac Medical Systems Inc. Common Stock,0,0,0
20030422,49695,IMPC',OTC,18.58,18.58,584,0,Impac Medical Systems Inc. Common Stock,0,0,0
20030423,49695,IMPC',OTC,17.81,17.81,2043,0,Impac Medical Systems Inc. Common Stock,0,0,0
20030424,49695,IMPC',OTC,19,19,1145,0,Impac Medical Systems Inc. Common Stock,0,0,0
20030425,49695,IMPC',OTC,16.99,16.99,1425,0,Impac Medical Systems Inc. Common Stock,0,0,0
20030428,49695,IMPC',OTC,16.99,16.99,863,0,Impac Medical Systems Inc. Common Stock,0,0,0
20030429,49695,IMPC',OTC,18.2,18.2,1201,0,Impac Medical Systems Inc. Common Stock,0,0,0
20030430,49695,IMPC',OTC,17.82,17.82,1251,0,Impac Medical Systems Inc. Common Stock,0,0,0
20030501,49695,IMPC',OTC,18.4,18.4,1223,0,Impac Medical Systems Inc. Common Stock,0,0,0
20030502,49695,IMPC',OTC,18.16,18.16,80,0,Impac Medical Systems Inc. Common Stock,0,0,0
20030505,49695,IMPC',OTC,18.6,18.6,1013,0,Impac Medical Systems Inc. Common Stock,0,0,0
20030506,49695,IMPC',OTC,18.65,18.65,167,0,Impac Medical Systems Inc. Common Stock,0,0,0
20030507,49695,IMPC',OTC,18.73,18.73,189,0,Impac Medical Systems Inc. Common Stock,0,0,0
20030508,49695,IMPC',OTC,18.5,18.5,1142,0,Impac Medical Systems Inc. Common Stock,0,0,0
20030509,49695,IMPC',OTC,19.07,19.07,250,0,Impac Medical Systems Inc. Common Stock,0,0,0
20030512,49695,IMPC',OTC,19.5,19.5,550,0,Impac Medical Systems Inc. Common Stock,0,0,0
20030513,49695,IMPC',OTC,20.51,20.51,9742,0,Impac Medical Systems Inc. Common Stock,0,0,0
20030514,49695,IMPC',OTC,20.36,20.36,968,0,Impac Medical Systems Inc. Common Stock,0,0,0
20030515,49695,IMPC',OTC,20.53,20.53,472,0,Impac Medical Systems Inc. Common Stock,0,0,0
20030516,49695,IMPC',OTC,20.4,20.4,668,0,Impac Medical Systems Inc. Common Stock,0,0,0
20030519,49695,IMPC',OTC,20.34,20.34,391,0,Impac Medical Systems Inc. Common Stock,0,0,0
20030520,49695,IMPC',OTC,20.39,20.39,597,0,Impac Medical Systems Inc. Common Stock,0,0,0
20030521,49695,IMPC',OTC,21.2,21.2,1197,0,Impac Medical Systems Inc. Common Stock,0,0,0
20030522,49695,IMPC',OTC,21.3,21.3,663,0,Impac Medical Systems Inc. Common Stock,0,0,0
20030523,49695,IMPC',OTC,21.52,21.52,445,0,Impac Medical Systems Inc. Common Stock,0,0,0
20030527,49695,IMPC',OTC,21.46,21.46,1989,0,Impac Medical Systems Inc. Common Stock,0,0,0
20030528,49695,IMPC',OTC,22.69,22.69,773,0,Impac Medical Systems Inc. Common Stock,0,0,0
20030529,49695,IMPC',OTC,23.35,23.35,1330,0,Impac Medical Systems Inc. Common Stock,0,0,0
20030530,49695,IMPC',OTC,23.29,23.29,897,0,Impac Medical Systems Inc. Common Stock,0,0,0
20030602,49695,IMPC',OTC,22.2,22.2,640,0,Impac Medical Systems Inc. Common Stock,0,0,0
20030603,49695,IMPC',OTC,21.66,21.66,465,0,Impac Medical Systems Inc. Common Stock,0,0,0
20030604,49695,IMPC',OTC,21.07,21.07,1189,0,Impac Medical Systems Inc. Common Stock,0,0,0
20030605,49695,IMPC',OTC,22.56,22.56,1110,0,Impac Medical Systems Inc. Common Stock,0,0,0
20030606,49695,IMPC',OTC,21.89,21.89,1194,0,Impac Medical Systems Inc. Common Stock,0,0,0
20030609,49695,IMPC',OTC,22,22,203,0,Impac Medical Systems Inc. Common Stock,0,0,0
20030610,49695,IMPC',OTC,21.89,21.89,547,0,Impac Medical Systems Inc. Common Stock,0,0,0
20030611,49695,IMPC',OTC,21.63,21.63,364,0,Impac Medical Systems Inc. Common Stock,0,0,0
20030612,49695,IMPC',OTC,21.99,21.99,743,0,Impac Medical Systems Inc. Common Stock,0,0,0
20030613,49695,IMPC',OTC,22.12,22.12,672,0,Impac Medical Systems Inc. Common Stock,0,0,0
20030616,49695,IMPC',OTC,21.91,21.91,510,0,Impac Medical Systems Inc. Common Stock,0,0,0
20030617,49695,IMPC',OTC,22.2,22.2,1060,0,Impac Medical Systems Inc. Common Stock,0,0,0
20030618,49695,IMPC',OTC,22.92,22.92,454,0,Impac Medical Systems Inc. Common Stock,0,0,0
20030619,49695,IMPC',OTC,22.85,22.85,644,0,Impac Medical Systems Inc. Common Stock,0,0,0
20030620,49695,IMPC',OTC,21.68,21.68,1023,0,Impac Medical Systems Inc. Common Stock,0,0,0
20030623,49695,IMPC',OTC,20.22,20.22,1435,0,Impac Medical Systems Inc. Common Stock,0,0,0
20030624,49695,IMPC',OTC,20.4,20.4,680,0,Impac Medical Systems Inc. Common Stock,0,0,0
20030625,49695,IMPC',OTC,20.31,20.31,554,0,Impac Medical Systems Inc. Common Stock,0,0,0
20030626,49695,IMPC',OTC,20.64,20.64,403,0,Impac Medical Systems Inc. Common Stock,0,0,0
20030627,49695,IMPC',OTC,22,22,1332,0,Impac Medical Systems Inc. Common Stock,0,0,0
20030630,49695,IMPC',OTC,21.19,21.19,2238,0,Impac Medical Systems Inc. Common Stock,0,0,0
20030701,49695,IMPC',OTC,20.39,20.39,454,0,Impac Medical Systems Inc. Common Stock,0,0,0
20030702,49695,IMPC',OTC,21,21,403,0,Impac Medical Systems Inc. Common Stock,0,0,0
20030703,49695,IMPC',OTC,20.68,20.68,160,0,Impac Medical Systems Inc. Common Stock,0,0,0
20030707,49695,IMPC',OTC,20.09,20.09,1008,0,Impac Medical Systems Inc. Common Stock,0,0,0
20030708,49695,IMPC',OTC,20,20,2083,0,Impac Medical Systems Inc. Common Stock,0,0,0
20030709,49695,IMPC',OTC,20.85,20.85,684,0,Impac Medical Systems Inc. Common Stock,0,0,0
20030710,49695,IMPC',OTC,21.34,21.34,460,0,Impac Medical Systems Inc. Common Stock,0,0,0
20030711,49695,IMPC',OTC,22.63,22.63,290,0,Impac Medical Systems Inc. Common Stock,0,0,0
20030714,49695,IMPC',OTC,22.72,22.72,493,0,Impac Medical Systems Inc. Common Stock,0,0,0
20030715,49695,IMPC',OTC,24.1,24.1,328,0,Impac Medical Systems Inc. Common Stock,0,0,0
20030716,49695,IMPC',OTC,24.23,24.23,423,0,Impac Medical Systems Inc. Common Stock,0,0,0
20030717,49695,IMPC',OTC,23.9,23.9,301,0,Impac Medical Systems Inc. Common Stock,0,0,0
20030718,49695,IMPC',OTC,23.04,23.04,271,0,Impac Medical Systems Inc. Common Stock,0,0,0
20030721,49695,IMPC',OTC,21.8,21.8,176,0,Impac Medical Systems Inc. Common Stock,0,0,0
20030722,49695,IMPC',OTC,23.25,23.25,491,0,Impac Medical Systems Inc. Common Stock,0,0,0
20030723,49695,IMPC',OTC,23.21,23.21,120,0,Impac Medical Systems Inc. Common Stock,0,0,0
20030724,49695,IMPC',OTC,22.42,22.42,174,0,Impac Medical Systems Inc. Common Stock,0,0,0
20030725,49695,IMPC',OTC,22.79,22.79,200,0,Impac Medical Systems Inc. Common Stock,0,0,0
20030728,49695,IMPC',OTC,23.43,23.43,414,0,Impac Medical Systems Inc. Common Stock,0,0,0
20030729,49695,IMPC',OTC,25.29,25.29,724,0,Impac Medical Systems Inc. Common Stock,0,0,0
20030730,49695,IMPC',OTC,24.62,24.62,284,0,Impac Medical Systems Inc. Common Stock,0,0,0
20030731,49695,IMPC',OTC,24.4,24.4,293,0,Impac Medical Systems Inc. Common Stock,0,0,0
20030801,49695,IMPC',OTC,23.51,23.51,126,0,Impac Medical Systems Inc. Common Stock,0,0,0
20030804,49695,IMPC',OTC,24.03,24.03,306,0,Impac Medical Systems Inc. Common Stock,0,0,0
20030805,49695,IMPC',OTC,24.1,24.1,147,0,Impac Medical Systems Inc. Common Stock,0,0,0
20030806,49695,IMPC',OTC,24.33,24.33,354,0,Impac Medical Systems Inc. Common Stock,0,0,0
20030807,49695,IMPC',OTC,23.47,23.47,522,0,Impac Medical Systems Inc. Common Stock,0,0,0
20030808,49695,IMPC',OTC,20.85,20.85,2053,0,Impac Medical Systems Inc. Common Stock,0,0,0
20030811,49695,IMPC',OTC,20,20,1143,0,Impac Medical Systems Inc. Common Stock,0,0,0
20030812,49695,IMPC',OTC,21.05,21.05,420,0,Impac Medical Systems Inc. Common Stock,0,0,0
20030813,49695,IMPC',OTC,21.51,21.51,114,0,Impac Medical Systems Inc. Common Stock,0,0,0
20030814,49695,IMPC',OTC,20.86,20.86,1445,0,Impac Medical Systems Inc. Common Stock,0,0,0
20030815,49695,IMPC',OTC,20.5,20.5,264,0,Impac Medical Systems Inc. Common Stock,0,0,0
20030818,49695,IMPC',OTC,20.7,20.7,537,0,Impac Medical Systems Inc. Common Stock,0,0,0
20030819,49695,IMPC',OTC,21.08,21.08,542,0,Impac Medical Systems Inc. Common Stock,0,0,0
20030820,49695,IMPC',OTC,21,21,331,0,Impac Medical Systems Inc. Common Stock,0,0,0
20030821,49695,IMPC',OTC,20.75,20.75,244,0,Impac Medical Systems Inc. Common Stock,0,0,0
20030822,49695,IMPC',OTC,19.9,19.9,1439,0,Impac Medical Systems Inc. Common Stock,0,0,0
20030825,49695,IMPC',OTC,19.43,19.43,581,0,Impac Medical Systems Inc. Common Stock,0,0,0
20030826,49695,IMPC',OTC,19.41,19.41,205,0,Impac Medical Systems Inc. Common Stock,0,0,0
20030827,49695,IMPC',OTC,19.55,19.55,275,0,Impac Medical Systems Inc. Common Stock,0,0,0
20030828,49695,IMPC',OTC,19.35,19.35,374,0,Impac Medical Systems Inc. Common Stock,0,0,0
20030829,49695,IMPC',OTC,19.35,19.35,207,0,Impac Medical Systems Inc. Common Stock,0,0,0
20030902,49695,IMPC',OTC,19.3,19.3,433,0,Impac Medical Systems Inc. Common Stock,0,0,0
20030903,49695,IMPC',OTC,18.63,18.63,1014,0,Impac Medical Systems Inc. Common Stock,0,0,0
20030904,49695,IMPC',OTC,18.71,18.71,796,0,Impac Medical Systems Inc. Common Stock,0,0,0
20030905,49695,IMPC',OTC,18.6,18.6,236,0,Impac Medical Systems Inc. Common Stock,0,0,0
20030908,49695,IMPC',OTC,19.7,19.7,1863,0,Impac Medical Systems Inc. Common Stock,0,0,0
20030909,49695,IMPC',OTC,20.35,20.35,827,0,Impac Medical Systems Inc. Common Stock,0,0,0
20030910,49695,IMPC',OTC,20.15,20.15,399,0,Impac Medical Systems Inc. Common Stock,0,0,0
20030911,49695,IMPC',OTC,20.8,20.8,131,0,Impac Medical Systems Inc. Common Stock,0,0,0
20030912,49695,IMPC',OTC,20.39,20.39,261,0,Impac Medical Systems Inc. Common Stock,0,0,0
20030915,49695,IMPC',OTC,19.91,19.91,288,0,Impac Medical Systems Inc. Common Stock,0,0,0
20030916,49695,IMPC',OTC,20.05,20.05,188,0,Impac Medical Systems Inc. Common Stock,0,0,0
20030917,49695,IMPC',OTC,19.91,19.91,369,0,Impac Medical Systems Inc. Common Stock,0,0,0
20030918,49695,IMPC',OTC,19.5,19.5,328,0,Impac Medical Systems Inc. Common Stock,0,0,0
20030919,49695,IMPC',OTC,19.35,19.35,244,0,Impac Medical Systems Inc. Common Stock,0,0,0
20030922,49695,IMPC',OTC,19,19,236,0,Impac Medical Systems Inc. Common Stock,0,0,0
20030923,49695,IMPC',OTC,18.97,18.97,303,0,Impac Medical Systems Inc. Common Stock,0,0,0
20030924,49695,IMPC',OTC,18.49,18.49,3733,0,Impac Medical Systems Inc. Common Stock,0,0,0
20030925,49695,IMPC',OTC,18.06,18.06,560,0,Impac Medical Systems Inc. Common Stock,0,0,0
20030926,49695,IMPC',OTC,17.82,17.82,1048,0,Impac Medical Systems Inc. Common Stock,0,0,0
20030929,49695,IMPC',OTC,17.76,17.76,1505,0,Impac Medical Systems Inc. Common Stock,0,0,0
20030930,49695,IMPC',OTC,17.89,17.89,346,0,Impac Medical Systems Inc. Common Stock,0,0,0
20031001,49695,IMPC',OTC,17.96,17.96,374,0,Impac Medical Systems Inc. Common Stock,0,0,0
20031002,49695,IMPC',OTC,18.09,18.09,191,0,Impac Medical Systems Inc. Common Stock,0,0,0
20031003,49695,IMPC',OTC,18.2,18.2,230,0,Impac Medical Systems Inc. Common Stock,0,0,0
20031006,49695,IMPC',OTC,18.3,18.3,1184,0,Impac Medical Systems Inc. Common Stock,0,0,0
20031007,49695,IMPC',OTC,18.14,18.14,1595,0,Impac Medical Systems Inc. Common Stock,0,0,0
20031008,49695,IMPC',OTC,17.95,17.95,1750,0,Impac Medical Systems Inc. Common Stock,0,0,0
20031009,49695,IMPC',OTC,18,18,2154,0,Impac Medical Systems Inc. Common Stock,0,0,0
20031010,49695,IMPC',OTC,18,18,454,0,Impac Medical Systems Inc. Common Stock,0,0,0
20031013,49695,IMPC',OTC,17.99,17.99,1207,0,Impac Medical Systems Inc. Common Stock,0,0,0
20031014,49695,IMPC',OTC,18.11,18.11,2787,0,Impac Medical Systems Inc. Common Stock,0,0,0
20031015,49695,IMPC',OTC,18.15,18.15,568,0,Impac Medical Systems Inc. Common Stock,0,0,0
20031016,49695,IMPC',OTC,17.84,17.84,2695,0,Impac Medical Systems Inc. Common Stock,0,0,0
20031017,49695,IMPC',OTC,17.83,17.83,377,0,Impac Medical Systems Inc. Common Stock,0,0,0
20031020,49695,IMPC',OTC,17.87,17.87,164,0,Impac Medical Systems Inc. Common Stock,0,0,0
20031021,49695,IMPC',OTC,18.07,18.07,583,0,Impac Medical Systems Inc. Common Stock,0,0,0
20031022,49695,IMPC',OTC,17.95,17.95,464,0,Impac Medical Systems Inc. Common Stock,0,0,0
20031023,49695,IMPC',OTC,18.57,18.57,568,0,Impac Medical Systems Inc. Common Stock,0,0,0
20031024,49695,IMPC',OTC,18,18,129,0,Impac Medical Systems Inc. Common Stock,0,0,0
20031027,49695,IMPC',OTC,18.26,18.26,224,0,Impac Medical Systems Inc. Common Stock,0,0,0
20031028,49695,IMPC',OTC,18.48,18.48,321,0,Impac Medical Systems Inc. Common Stock,0,0,0
20031029,49695,IMPC',OTC,18.53,18.53,1119,0,Impac Medical Systems Inc. Common Stock,0,0,0
20031030,49695,IMPC',OTC,19.9,19.9,346,0,Impac Medical Systems Inc. Common Stock,0,0,0
20031031,49695,IMPC',OTC,23.54,23.54,7570,0,Impac Medical Systems Inc. Common Stock,0,0,0
20031103,49695,IMPC',OTC,24.1,24.1,3536,0,Impac Medical Systems Inc. Common Stock,0,0,0
20031104,49695,IMPC',OTC,24.23,24.23,2258,0,Impac Medical Systems Inc. Common Stock,0,0,0
20031105,49695,IMPC',OTC,23.9,23.9,1530,0,Impac Medical Systems Inc. Common Stock,0,0,0
20031106,49695,IMPC',OTC,23.99,23.99,1702,0,Impac Medical Systems Inc. Common Stock,0,0,0
20031107,49695,IMPC',OTC,24.12,24.12,1471,0,Impac Medical Systems Inc. Common Stock,0,0,0
20031110,49695,IMPC',OTC,23.88,23.88,1038,0,Impac Medical Systems Inc. Common Stock,0,0,0
20031111,49695,IMPC',OTC,23.6,23.6,904,0,Impac Medical Systems Inc. Common Stock,0,0,0
20031112,49695,IMPC',OTC,23.8,23.8,953,0,Impac Medical Systems Inc. Common Stock,0,0,0
20031113,49695,IMPC',OTC,23.49,23.49,773,0,Impac Medical Systems Inc. Common Stock,0,0,0
20031114,49695,IMPC',OTC,23.51,23.51,431,0,Impac Medical Systems Inc. Common Stock,0,0,0
20031117,49695,IMPC',OTC,23.09,23.09,1269,0,Impac Medical Systems Inc. Common Stock,0,0,0
20031118,49695,IMPC',OTC,23.28,23.28,416,0,Impac Medical Systems Inc. Common Stock,0,0,0
20031119,49695,IMPC',OTC,22.38,22.38,294,0,Impac Medical Systems Inc. Common Stock,0,0,0
20031120,49695,IMPC',OTC,23.09,23.09,361,0,Impac Medical Systems Inc. Common Stock,0,0,0
20031121,49695,IMPC',OTC,22.74,22.74,389,0,Impac Medical Systems Inc. Common Stock,0,0,0
20031124,49695,IMPC',OTC,23.8,23.8,812,0,Impac Medical Systems Inc. Common Stock,0,0,0
20031125,49695,IMPC',OTC,24.77,24.77,806,0,Impac Medical Systems Inc. Common Stock,0,0,0
20031126,49695,IMPC',OTC,24.7,24.7,487,0,Impac Medical Systems Inc. Common Stock,0,0,0
20031128,49695,IMPC',OTC,24.65,24.65,44,0,Impac Medical Systems Inc. Common Stock,0,0,0
20031201,49695,IMPC',OTC,25.2,25.2,637,0,Impac Medical Systems Inc. Common Stock,0,0,0
20031202,49695,IMPC',OTC,26.12,26.12,1518,0,Impac Medical Systems Inc. Common Stock,0,0,0
20031203,49695,IMPC',OTC,27.1,27.1,1174,0,Impac Medical Systems Inc. Common Stock,0,0,0
20031204,49695,IMPC',OTC,26.44,26.44,1296,0,Impac Medical Systems Inc. Common Stock,0,0,0
20031205,49695,IMPC',OTC,26.73,26.73,442,0,Impac Medical Systems Inc. Common Stock,0,0,0
20031208,49695,IMPC',OTC,26.7,26.7,415,0,Impac Medical Systems Inc. Common Stock,0,0,0
20031209,49695,IMPC',OTC,26.75,26.75,149,0,Impac Medical Systems Inc. Common Stock,0,0,0
20031210,49695,IMPC',OTC,26.41,26.41,145,0,Impac Medical Systems Inc. Common Stock,0,0,0
20031211,49695,IMPC',OTC,26.1,26.1,476,0,Impac Medical Systems Inc. Common Stock,0,0,0
20031212,49695,IMPC',OTC,26.05,26.05,271,0,Impac Medical Systems Inc. Common Stock,0,0,0
20031215,49695,IMPC',OTC,26.27,26.27,343,0,Impac Medical Systems Inc. Common Stock,0,0,0
20031216,49695,IMPC',OTC,25.84,25.84,379,0,Impac Medical Systems Inc. Common Stock,0,0,0
20031217,49695,IMPC',OTC,25.56,25.56,163,0,Impac Medical Systems Inc. Common Stock,0,0,0
20031218,49695,IMPC',OTC,25.6,25.6,289,0,Impac Medical Systems Inc. Common Stock,0,0,0
20031219,49695,IMPC',OTC,25.49,25.49,806,0,Impac Medical Systems Inc. Common Stock,0,0,0
20031222,49695,IMPC',OTC,25.75,25.75,433,0,Impac Medical Systems Inc. Common Stock,0,0,0
20031223,49695,IMPC',OTC,25.7,25.7,312,0,Impac Medical Systems Inc. Common Stock,0,0,0
20031224,49695,IMPC',OTC,26,26,52,0,Impac Medical Systems Inc. Common Stock,0,0,0
20031226,49695,IMPC',OTC,26.1,26.1,140,0,Impac Medical Systems Inc. Common Stock,0,0,0
20031229,49695,IMPC',OTC,26,26,225,0,Impac Medical Systems Inc. Common Stock,0,0,0
20031230,49695,IMPC',OTC,25.99,25.99,242,0,Impac Medical Systems Inc. Common Stock,0,0,0
20031231,49695,IMPC',OTC,25.56,25.56,390,0,Impac Medical Systems Inc. Common Stock,0,0,0
20040102,49695,IMPC',OTC,25.69,25.69,630,0,Impac Medical Systems Inc. Common Stock,0,0,0
20040105,49695,IMPC',OTC,25.96,25.96,608,0,Impac Medical Systems Inc. Common Stock,0,0,0
20040106,49695,IMPC',OTC,25.52,25.52,923,0,Impac Medical Systems Inc. Common Stock,0,0,0
20040107,49695,IMPC',OTC,25.93,25.93,778,0,Impac Medical Systems Inc. Common Stock,0,0,0
20040108,49695,IMPC',OTC,25.93,25.93,300,0,Impac Medical Systems Inc. Common Stock,0,0,0
20040109,49695,IMPC',OTC,25.58,25.58,2021,0,Impac Medical Systems Inc. Common Stock,0,0,0
20040112,49695,IMPC',OTC,25.92,25.92,428,0,Impac Medical Systems Inc. Common Stock,0,0,0
20040113,49695,IMPC',OTC,24.57,24.57,1817,0,Impac Medical Systems Inc. Common Stock,0,0,0
20040114,49695,IMPC',OTC,26.04,26.04,1228,0,Impac Medical Systems Inc. Common Stock,0,0,0
20040115,49695,IMPC',OTC,27.88,27.88,1982,0,Impac Medical Systems Inc. Common Stock,0,0,0
20040116,49695,IMPC',OTC,27.85,27.85,1588,0,Impac Medical Systems Inc. Common Stock,0,0,0
20040120,49695,IMPC',OTC,27.04,27.04,624,0,Impac Medical Systems Inc. Common Stock,0,0,0
20040121,49695,IMPC',OTC,26.78,26.78,289,0,Impac Medical Systems Inc. Common Stock,0,0,0
20040122,49695,IMPC',OTC,26.59,26.59,78,0,Impac Medical Systems Inc. Common Stock,0,0,0
20040123,49695,IMPC',OTC,26.99,26.99,78,0,Impac Medical Systems Inc. Common Stock,0,0,0
20040126,49695,IMPC',OTC,27.04,27.04,212,0,Impac Medical Systems Inc. Common Stock,0,0,0
20040127,49695,IMPC',OTC,26,26,471,0,Impac Medical Systems Inc. Common Stock,0,0,0
20040128,49695,IMPC',OTC,26,26,406,0,Impac Medical Systems Inc. Common Stock,0,0,0
20040129,49695,IMPC',OTC,24.5,24.5,478,0,Impac Medical Systems Inc. Common Stock,0,0,0
20040130,49695,IMPC',OTC,25.97,25.97,996,0,Impac Medical Systems Inc. Common Stock,0,0,0
20040202,49695,IMPC',OTC,26.22,26.22,341,0,Impac Medical Systems Inc. Common Stock,0,0,0
20040203,49695,IMPC',OTC,25.18,25.18,392,0,Impac Medical Systems Inc. Common Stock,0,0,0
20040204,49695,IMPC',OTC,25.25,25.25,278,0,Impac Medical Systems Inc. Common Stock,0,0,0
20040205,49695,IMPC',OTC,25.9,25.9,502,0,Impac Medical Systems Inc. Common Stock,0,0,0
20040206,49695,IMPC',OTC,24.99,24.99,5432,0,Impac Medical Systems Inc. Common Stock,0,0,0
20040209,49695,IMPC',OTC,24.39,24.39,504,0,Impac Medical Systems Inc. Common Stock,0,0,0
20040210,49695,IMPC',OTC,24.93,24.93,314,0,Impac Medical Systems Inc. Common Stock,0,0,0
20040211,49695,IMPC',OTC,25.59,25.59,244,0,Impac Medical Systems Inc. Common Stock,0,0,0
20040212,49695,IMPC',OTC,25.74,25.74,228,0,Impac Medical Systems Inc. Common Stock,0,0,0
20040213,49695,IMPC',OTC,25.87,25.87,228,0,Impac Medical Systems Inc. Common Stock,0,0,0
20040217,49695,IMPC',OTC,26.33,26.33,845,0,Impac Medical Systems Inc. Common Stock,0,0,0
20040218,49695,IMPC',OTC,26.41,26.41,206,0,Impac Medical Systems Inc. Common Stock,0,0,0
20040219,49695,IMPC',OTC,25.94,25.94,130,0,Impac Medical Systems Inc. Common Stock,0,0,0
20040220,49695,IMPC',OTC,25.71,25.71,76,0,Impac Medical Systems Inc. Common Stock,0,0,0
20040223,49695,IMPC',OTC,23.93,23.93,508,0,Impac Medical Systems Inc. Common Stock,0,0,0
20040224,49695,IMPC',OTC,24.11,24.11,893,0,Impac Medical Systems Inc. Common Stock,0,0,0
20040225,49695,IMPC',OTC,24.54,24.54,65,0,Impac Medical Systems Inc. Common Stock,0,0,0
20040226,49695,IMPC',OTC,24.71,24.71,49,0,Impac Medical Systems Inc. Common Stock,0,0,0
20040227,49695,IMPC',OTC,24.91,24.91,72,0,Impac Medical Systems Inc. Common Stock,0,0,0
20040301,49695,IMPC',OTC,24.29,24.29,183,0,Impac Medical Systems Inc. Common Stock,0,0,0
20040302,49695,IMPC',OTC,21.96,21.96,3064,0,Impac Medical Systems Inc. Common Stock,0,0,0
20040303,49695,IMPC',OTC,22.61,22.61,518,0,Impac Medical Systems Inc. Common Stock,0,0,0
20040304,49695,IMPC',OTC,24.2,24.2,356,0,Impac Medical Systems Inc. Common Stock,0,0,0
20040305,49695,IMPC',OTC,24.41,24.41,160,0,Impac Medical Systems Inc. Common Stock,0,0,0
20040308,49695,IMPC',OTC,23.9,23.9,175,0,Impac Medical Systems Inc. Common Stock,0,0,0
20040309,49695,IMPC',OTC,23.95,23.95,231,0,Impac Medical Systems Inc. Common Stock,0,0,0
20040310,49695,IMPC',OTC,22.4,22.4,749,0,Impac Medical Systems Inc. Common Stock,0,0,0
20040311,49695,IMPC',OTC,22.25,22.25,266,0,Impac Medical Systems Inc. Common Stock,0,0,0
20040312,49695,IMPC',OTC,22.22,22.22,422,0,Impac Medical Systems Inc. Common Stock,0,0,0
20040315,49695,IMPC',OTC,21.83,21.83,387,0,Impac Medical Systems Inc. Common Stock,0,0,0
20040316,49695,IMPC',OTC,21.94,21.94,199,0,Impac Medical Systems Inc. Common Stock,0,0,0
20040317,49695,IMPC',OTC,22.33,22.33,322,0,Impac Medical Systems Inc. Common Stock,0,0,0
20040318,49695,IMPC',OTC,22.03,22.03,188,0,Impac Medical Systems Inc. Common Stock,0,0,0
20040319,49695,IMPC',OTC,24.16,24.16,393,0,Impac Medical Systems Inc. Common Stock,0,0,0
20040322,49695,IMPC',OTC,23.71,23.71,289,0,Impac Medical Systems Inc. Common Stock,0,0,0
20040323,49695,IMPC',OTC,22.78,22.78,49,0,Impac Medical Systems Inc. Common Stock,0,0,0
20040324,49695,IMPC',OTC,22.1,22.1,404,0,Impac Medical Systems Inc. Common Stock,0,0,0
20040325,49695,IMPC',OTC,22.33,22.33,106,0,Impac Medical Systems Inc. Common Stock,0,0,0
20040326,49695,IMPC',OTC,22.1,22.1,91,0,Impac Medical Systems Inc. Common Stock,0,0,0
20040329,49695,IMPC',OTC,22.35,22.35,114,0,Impac Medical Systems Inc. Common Stock,0,0,0
20040330,49695,IMPC',OTC,22.1,22.1,238,0,Impac Medical Systems Inc. Common Stock,0,0,0
20040331,49695,IMPC',OTC,22.5,22.5,255,0,Impac Medical Systems Inc. Common Stock,0,0,0
20040401,49695,IMPC',OTC,22.64,22.64,201,0,Impac Medical Systems Inc. Common Stock,0,0,0
20040402,49695,IMPC',OTC,22.91,22.91,46,0,Impac Medical Systems Inc. Common Stock,0,0,0
20040405,49695,IMPC',OTC,23.72,23.72,137,0,Impac Medical Systems Inc. Common Stock,0,0,0
20040406,49695,IMPC',OTC,22.91,22.91,63,0,Impac Medical Systems Inc. Common Stock,0,0,0
20040407,49695,IMPC',OTC,23.58,23.58,82,0,Impac Medical Systems Inc. Common Stock,0,0,0
20040408,49695,IMPC',OTC,23.71,23.71,32,0,Impac Medical Systems Inc. Common Stock,0,0,0
20040412,49695,IMPC',OTC,24,24,269,0,Impac Medical Systems Inc. Common Stock,0,0,0
20040413,49695,IMPC',OTC,23.7,23.7,259,0,Impac Medical Systems Inc. Common Stock,0,0,0
20040414,49695,IMPC',OTC,23.39,23.39,282,0,Impac Medical Systems Inc. Common Stock,0,0,0
20040415,49695,IMPC',OTC,23.39,23.39,49,0,Impac Medical Systems Inc. Common Stock,0,0,0
20040416,49695,IMPC',OTC,23.3,23.3,75,0,Impac Medical Systems Inc. Common Stock,0,0,0
20040419,49695,IMPC',OTC,25.33,25.33,778,0,Impac Medical Systems Inc. Common Stock,0,0,0
20040420,49695,IMPC',OTC,24.03,24.03,122,0,Impac Medical Systems Inc. Common Stock,0,0,0
20040421,49695,IMPC',OTC,24.75,24.75,197,0,Impac Medical Systems Inc. Common Stock,0,0,0
20040422,49695,IMPC',OTC,26.73,26.73,167,0,Impac Medical Systems Inc. Common Stock,0,0,0
20040423,49695,IMPC',OTC,26.58,26.58,104,0,Impac Medical Systems Inc. Common Stock,0,0,0
20040426,49695,IMPC',OTC,26.81,26.81,89,0,Impac Medical Systems Inc. Common Stock,0,0,0
20040427,49695,IMPC',OTC,26.05,26.05,128,0,Impac Medical Systems Inc. Common Stock,0,0,0
20040428,49695,IMPC',OTC,24.9,24.9,758,0,Impac Medical Systems Inc. Common Stock,0,0,0
20040429,49695,IMPC',OTC,24.66,24.66,193,0,Impac Medical Systems Inc. Common Stock,0,0,0
20040430,49695,IMPC',OTC,24.38,24.38,197,0,Impac Medical Systems Inc. Common Stock,0,0,0
20040503,49695,IMPC',OTC,25.62,25.62,95,0,Impac Medical Systems Inc. Common Stock,0,0,0
20040504,49695,IMPC',OTC,25.8,25.8,73,0,Impac Medical Systems Inc. Common Stock,0,0,0
20040505,49695,IMPC',OTC,25.79,25.79,82,0,Impac Medical Systems Inc. Common Stock,0,0,0
20040506,49695,IMPC',OTC,24.9,24.9,104,0,Impac Medical Systems Inc. Common Stock,0,0,0
20040507,49695,IMPC',OTC,23.8,23.8,196,0,Impac Medical Systems Inc. Common Stock,0,0,0
20040510,49695,IMPC',OTC,23.55,23.55,144,0,Impac Medical Systems Inc. Common Stock,0,0,0
20040511,49695,IMPC',OTC,23.96,23.96,80,0,Impac Medical Systems Inc. Common Stock,0,0,0
20040512,49695,IMPC',OTC,25.01,25.01,270,0,Impac Medical Systems Inc. Common Stock,0,0,0
20040513,49695,IMPC',OTC,24.85,24.85,40,0,Impac Medical Systems Inc. Common Stock,0,0,0
20040514,49695,IMPC',OTC,14.62,14.62,13300,0,Impac Medical Systems Inc. Common Stock,0,0,0
20040517,49695,IMPC',OTC,13.9,13.9,2651,0,Impac Medical Systems Inc. Common Stock,0,0,0
20040518,49695,IMPC',OTC,13.75,13.75,1309,0,Impac Medical Systems Inc. Common Stock,0,0,0
20040519,49695,IMPC',OTC,13.6,13.6,751,0,Impac Medical Systems Inc. Common Stock,0,0,0
20040520,49695,IMPC',OTC,12.8,12.8,1067,0,Impac Medical Systems Inc. Common Stock,0,0,0
20040521,49695,IMPC',OTC,12.74,12.74,597,0,Impac Medical Systems Inc. Common Stock,0,0,0
20040524,49695,IMPC',OTC,11.87,11.87,902,0,Impac Medical Systems Inc. Common Stock,0,0,0
20040525,49695,IMPC',OTC,12.15,12.15,1213,0,Impac Medical Systems Inc. Common Stock,0,0,0
20040526,49695,IMPC',OTC,11.89,11.89,837,0,Impac Medical Systems Inc. Common Stock,0,0,0
20040527,49695,IMPC',OTC,11.64,11.64,1394,0,Impac Medical Systems Inc. Common Stock,0,0,0
20040528,49695,IMPC',OTC,11.68,11.68,560,0,Impac Medical Systems Inc. Common Stock,0,0,0
20040601,49695,IMPC',OTC,12.05,12.05,1172,0,Impac Medical Systems Inc. Common Stock,0,0,0
20040602,49695,IMPC',OTC,12.2,12.2,875,0,Impac Medical Systems Inc. Common Stock,0,0,0
20040603,49695,IMPC',OTC,12.8,12.8,949,0,Impac Medical Systems Inc. Common Stock,0,0,0
20040604,49695,IMPC',OTC,13.17,13.17,1164,0,Impac Medical Systems Inc. Common Stock,0,0,0
20040607,49695,IMPC',OTC,13.09,13.09,954,0,Impac Medical Systems Inc. Common Stock,0,0,0
20040608,49695,IMPC',OTC,13.1,13.1,617,0,Impac Medical Systems Inc. Common Stock,0,0,0
20040609,49695,IMPC',OTC,13.1,13.1,567,0,Impac Medical Systems Inc. Common Stock,0,0,0
20040610,49695,IMPC',OTC,13.01,13.01,1170,0,Impac Medical Systems Inc. Common Stock,0,0,0
20040614,49695,IMPC',OTC,13.66,13.66,4257,0,Impac Medical Systems Inc. Common Stock,0,0,0
20040615,49695,IMPC',OTC,13.86,13.86,636,0,Impac Medical Systems Inc. Common Stock,0,0,0
20040616,49695,IMPC',OTC,14.3,14.3,1329,0,Impac Medical Systems Inc. Common Stock,0,0,0
20040617,49695,IMPC',OTC,14.55,14.55,1147,0,Impac Medical Systems Inc. Common Stock,0,0,0
20040618,49695,IMPC',OTC,14.68,14.68,694,0,Impac Medical Systems Inc. Common Stock,0,0,0
20040621,49695,IMPC',OTC,14.6,14.6,283,0,Impac Medical Systems Inc. Common Stock,0,0,0
20040622,49695,IMPC',OTC,14.6,14.6,280,0,Impac Medical Systems Inc. Common Stock,0,0,0
20040623,49695,IMPC',OTC,14.6,14.6,425,0,Impac Medical Systems Inc. Common Stock,0,0,0
20040624,49695,IMPC',OTC,14.6,14.6,118,0,Impac Medical Systems Inc. Common Stock,0,0,0
20040625,49695,IMPC',OTC,14.65,14.65,5813,0,Impac Medical Systems Inc. Common Stock,0,0,0
20040628,49695,IMPC',OTC,14.63,14.63,1110,0,Impac Medical Systems Inc. Common Stock,0,0,0
20040629,49695,IMPC',OTC,14.5,14.5,594,0,Impac Medical Systems Inc. Common Stock,0,0,0
20040630,49695,IMPC',OTC,14.63,14.63,392,0,Impac Medical Systems Inc. Common Stock,0,0,0
20040701,49695,IMPC',OTC,14.61,14.61,249,0,Impac Medical Systems Inc. Common Stock,0,0,0
20040702,49695,IMPC',OTC,14.61,14.61,316,0,Impac Medical Systems Inc. Common Stock,0,0,0
20040706,49695,IMPC',OTC,14.63,14.63,295,0,Impac Medical Systems Inc. Common Stock,0,0,0
20040707,49695,IMPC',OTC,14.55,14.55,441,0,Impac Medical Systems Inc. Common Stock,0,0,0
20040708,49695,IMPC',OTC,14.68,14.68,429,0,Impac Medical Systems Inc. Common Stock,0,0,0
20040709,49695,IMPC',OTC,14.8,14.8,181,0,Impac Medical Systems Inc. Common Stock,0,0,0
20040712,49695,IMPC',OTC,15.04,15.04,194,0,Impac Medical Systems Inc. Common Stock,0,0,0
20040713,49695,IMPC',OTC,14.95,14.95,309,0,Impac Medical Systems Inc. Common Stock,0,0,0
20040714,49695,IMPC',OTC,14.96,14.96,168,0,Impac Medical Systems Inc. Common Stock,0,0,0
20040715,49695,IMPC',OTC,15.14,15.14,128,0,Impac Medical Systems Inc. Common Stock,0,0,0
20040716,49695,IMPC',OTC,15.09,15.09,584,0,Impac Medical Systems Inc. Common Stock,0,0,0
20040719,49695,IMPC',OTC,15,15,217,0,Impac Medical Systems Inc. Common Stock,0,0,0
20040720,49695,IMPC',OTC,15,15,535,0,Impac Medical Systems Inc. Common Stock,0,0,0
20040721,49695,IMPC',OTC,14.95,14.95,284,0,Impac Medical Systems Inc. Common Stock,0,0,0
20040722,49695,IMPC',OTC,15,15,356,0,Impac Medical Systems Inc. Common Stock,0,0,0
20040723,49695,IMPC',OTC,14.92,14.92,1005,0,Impac Medical Systems Inc. Common Stock,0,0,0
20040726,49695,IMPC',OTC,14.73,14.73,80,0,Impac Medical Systems Inc. Common Stock,0,0,0
20040727,49695,IMPC',OTC,14.87,14.87,797,0,Impac Medical Systems Inc. Common Stock,0,0,0
20040728,49695,IMPC',OTC,14.61,14.61,194,0,Impac Medical Systems Inc. Common Stock,0,0,0
20040729,49695,IMPC',OTC,14.93,14.93,273,0,Impac Medical Systems Inc. Common Stock,0,0,0
20040730,49695,IMPC',OTC,14.81,14.81,9,0,Impac Medical Systems Inc. Common Stock,0,0,0
20040802,49695,IMPC',OTC,14.85,14.85,60,0,Impac Medical Systems Inc. Common Stock,0,0,0
20040803,49695,IMPC',OTC,14.73,14.73,30,0,Impac Medical Systems Inc. Common Stock,0,0,0
20040804,49695,IMPC',OTC,14.22,14.22,1769,0,Impac Medical Systems Inc. Common Stock,0,0,0
20040805,49695,IMPC',OTC,14.3,14.3,281,0,Impac Medical Systems Inc. Common Stock,0,0,0
20040806,49695,IMPC',OTC,13.92,13.92,435,0,Impac Medical Systems Inc. Common Stock,0,0,0
20040809,49695,IMPC',OTC,13.6,13.6,31,0,Impac Medical Systems Inc. Common Stock,0,0,0
20040810,49695,IMPC',OTC,12.5,12.5,961,0,Impac Medical Systems Inc. Common Stock,0,0,0
20040811,49695,IMPC',OTC,12.55,12.55,609,0,Impac Medical Systems Inc. Common Stock,0,0,0
20040812,49695,IMPC',OTC,12.47,12.47,145,0,Impac Medical Systems Inc. Common Stock,0,0,0
20040813,49695,IMPC',OTC,12.42,12.42,8497,0,Impac Medical Systems Inc. Common Stock,0,0,0
20040816,49695,IMPC',OTC,12.26,12.26,339,0,Impac Medical Systems Inc. Common Stock,0,0,0
20040817,49695,IMPC',OTC,11.88,11.88,482,0,Impac Medical Systems Inc. Common Stock,0,0,0
20040818,49695,IMPC',OTC,12.92,12.92,13334,0,Impac Medical Systems Inc. Common Stock,0,0,0
20040819,49695,IMPC',OTC,11.73,11.73,1968,0,Impac Medical Systems Inc. Common Stock,0,0,0
20040820,49695,IMPC',OTC,12.65,12.65,440,0,Impac Medical Systems Inc. Common Stock,0,0,0
20040823,49695,IMPC',OTC,12.1,12.1,721,0,Impac Medical Systems Inc. Common Stock,0,0,0
20040824,49695,IMPC',OTC,12.17,12.17,219,0,Impac Medical Systems Inc. Common Stock,0,0,0
20040825,49695,IMPC',OTC,13.31,13.31,611,0,Impac Medical Systems Inc. Common Stock,0,0,0
20040826,49695,IMPC',OTC,12.6,12.6,256,0,Impac Medical Systems Inc. Common Stock,0,0,0
20040827,49695,IMPC',OTC,12.6,12.6,130,0,Impac Medical Systems Inc. Common Stock,0,0,0
20040830,49695,IMPC',OTC,12.5,12.5,106,0,Impac Medical Systems Inc. Common Stock,0,0,0
20040831,49695,IMPC',OTC,12.48,12.48,114,0,Impac Medical Systems Inc. Common Stock,0,0,0
20040901,49695,IMPC',OTC,12.45,12.45,38,0,Impac Medical Systems Inc. Common Stock,0,0,0
20040902,49695,IMPC',OTC,12.39,12.39,81,0,Impac Medical Systems Inc. Common Stock,0,0,0
20040903,49695,IMPC',OTC,12.5,12.5,210,0,Impac Medical Systems Inc. Common Stock,0,0,0
20040907,49695,IMPC',OTC,12.25,12.25,99,0,Impac Medical Systems Inc. Common Stock,0,0,0
20040908,49695,IMPC',OTC,12.48,12.48,113,0,Impac Medical Systems Inc. Common Stock,0,0,0
20040909,49695,IMPC',OTC,12.31,12.31,472,0,Impac Medical Systems Inc. Common Stock,0,0,0
20040910,49695,IMPC',OTC,13.28,13.28,257,0,Impac Medical Systems Inc. Common Stock,0,0,0
20040913,49695,IMPC',OTC,13.09,13.09,41,0,Impac Medical Systems Inc. Common Stock,0,0,0
20040914,49695,IMPC',OTC,13.24,13.24,70,0,Impac Medical Systems Inc. Common Stock,0,0,0
20040915,49695,IMPC',OTC,12.94,12.94,16,0,Impac Medical Systems Inc. Common Stock,0,0,0
20040916,49695,IMPC',OTC,13.19,13.19,17,0,Impac Medical Systems Inc. Common Stock,0,0,0
20040917,49695,IMPC',OTC,12.84,12.84,167,0,Impac Medical Systems Inc. Common Stock,0,0,0
20040920,49695,IMPC',OTC,12.31,12.31,80,0,Impac Medical Systems Inc. Common Stock,0,0,0
20040921,49695,IMPC',OTC,12.24,12.24,53,0,Impac Medical Systems Inc. Common Stock,0,0,0
20040922,49695,IMPC',OTC,12.62,12.62,142,0,Impac Medical Systems Inc. Common Stock,0,0,0
20040923,49695,IMPC',OTC,12.44,12.44,53,0,Impac Medical Systems Inc. Common Stock,0,0,0
20040924,49695,IMPC',OTC,12.47,12.47,17,0,Impac Medical Systems Inc. Common Stock,0,0,0
20040927,49695,IMPC',OTC,12.5,12.5,30,0,Impac Medical Systems Inc. Common Stock,0,0,0
20040928,49695,IMPC',OTC,13,13,2768,0,Impac Medical Systems Inc. Common Stock,0,0,0
20040929,49695,IMPC',OTC,13.02,13.02,231,0,Impac Medical Systems Inc. Common Stock,0,0,0
20040930,49695,IMPC',OTC,13.37,13.37,535,0,Impac Medical Systems Inc. Common Stock,0,0,0
20041001,49695,IMPC',OTC,13.53,13.53,54,0,Impac Medical Systems Inc. Common Stock,0,0,0
20041004,49695,IMPC',OTC,14.03,14.03,1155,0,Impac Medical Systems Inc. Common Stock,0,0,0
20041005,49695,IMPC',OTC,14.12,14.12,1126,0,Impac Medical Systems Inc. Common Stock,0,0,0
20041006,49695,IMPC',OTC,14.08,14.08,2190,0,Impac Medical Systems Inc. Common Stock,0,0,0
20041007,49695,IMPC',OTC,14.4,14.4,602,0,Impac Medical Systems Inc. Common Stock,0,0,0
20041008,49695,IMPC',OTC,14.5,14.5,156,0,Impac Medical Systems Inc. Common Stock,0,0,0
20041011,49695,IMPC',OTC,14.25,14.25,961,0,Impac Medical Systems Inc. Common Stock,0,0,0
20041012,49695,IMPC',OTC,14.21,14.21,1792,0,Impac Medical Systems Inc. Common Stock,0,0,0
20041013,49695,IMPC',OTC,14.16,14.16,26,0,Impac Medical Systems Inc. Common Stock,0,0,0
20041014,49695,IMPC',OTC,14.33,14.33,78,0,Impac Medical Systems Inc. Common Stock,0,0,0
20041015,49695,IMPC',OTC,14.44,14.44,64,0,Impac Medical Systems Inc. Common Stock,0,0,0
20041018,49695,IMPC',OTC,14.5,14.5,64,0,Impac Medical Systems Inc. Common Stock,0,0,0
20041019,49695,IMPC',OTC,14.75,14.75,52,0,Impac Medical Systems Inc. Common Stock,0,0,0
20041020,49695,IMPC',OTC,14.81,14.81,58,0,Impac Medical Systems Inc. Common Stock,0,0,0
20041021,49695,IMPC',OTC,15.05,15.05,68,0,Impac Medical Systems Inc. Common Stock,0,0,0
20041022,49695,IMPC',OTC,14.51,14.51,20,0,Impac Medical Systems Inc. Common Stock,0,0,0
20041025,49695,IMPC',OTC,14.89,14.89,40,0,Impac Medical Systems Inc. Common Stock,0,0,0
20041026,49695,IMPC',OTC,14.9,14.9,137,0,Impac Medical Systems Inc. Common Stock,0,0,0
20041027,49695,IMPC',OTC,15.44,15.44,88,0,Impac Medical Systems Inc. Common Stock,0,0,0
20041028,49695,IMPC',OTC,15.6,15.6,95,0,Impac Medical Systems Inc. Common Stock,0,0,0
20041029,49695,IMPC',OTC,15.5,15.5,118,0,Impac Medical Systems Inc. Common Stock,0,0,0
20041101,49695,IMPC',OTC,15.2,15.2,214,0,Impac Medical Systems Inc. Common Stock,0,0,0
20041102,49695,IMPC',OTC,15.24,15.24,88,0,Impac Medical Systems Inc. Common Stock,0,0,0
20041103,49695,IMPC',OTC,14.91,14.91,159,0,Impac Medical Systems Inc. Common Stock,0,0,0
20041104,49695,IMPC',OTC,14.36,14.36,131,0,Impac Medical Systems Inc. Common Stock,0,0,0
20041105,49695,IMPC',OTC,14.7,14.7,163,0,Impac Medical Systems Inc. Common Stock,0,0,0
20041108,49695,IMPC',OTC,15.5,15.5,81,0,Impac Medical Systems Inc. Common Stock,0,0,0
20041109,49695,IMPC',OTC,15.6,15.6,291,0,Impac Medical Systems Inc. Common Stock,0,0,0
20041110,49695,IMPC',OTC,16.26,16.26,539,0,Impac Medical Systems Inc. Common Stock,0,0,0
20041111,49695,IMPC',OTC,16.18,16.18,46,0,Impac Medical Systems Inc. Common Stock,0,0,0
20041112,49695,IMPC',OTC,16.3,16.3,42,0,Impac Medical Systems Inc. Common Stock,0,0,0
20041115,49695,IMPC',OTC,16.08,16.08,27,0,Impac Medical Systems Inc. Common Stock,0,0,0
20041116,49695,IMPC',OTC,16.13,16.13,264,0,Impac Medical Systems Inc. Common Stock,0,0,0
20041117,49695,IMPC',OTC,16.4,16.4,35,0,Impac Medical Systems Inc. Common Stock,0,0,0
20041118,49695,IMPC',OTC,15.98,15.98,5,0,Impac Medical Systems Inc. Common Stock,0,0,0
20041119,49695,IMPC',OTC,16.02,16.02,182,0,Impac Medical Systems Inc. Common Stock,0,0,0
20041122,49695,IMPC',OTC,15.82,15.82,883,0,Impac Medical Systems Inc. Common Stock,0,0,0
20041123,49695,IMPC',OTC,16.09,16.09,306,0,Impac Medical Systems Inc. Common Stock,0,0,0
20041124,49695,IMPC',OTC,16.4,16.4,775,0,Impac Medical Systems Inc. Common Stock,0,0,0
20041126,49695,IMPC',OTC,16.77,16.77,105,0,Impac Medical Systems Inc. Common Stock,0,0,0
20041129,49695,IMPC',OTC,16.77,16.77,315,0,Impac Medical Systems Inc. Common Stock,0,0,0
20041130,49695,IMPC',OTC,16.88,16.88,90,0,Impac Medical Systems Inc. Common Stock,0,0,0
20041201,49695,IMPC',OTC,16.87,16.87,121,0,Impac Medical Systems Inc. Common Stock,0,0,0
20041202,49695,IMPC',OTC,16.94,16.94,50,0,Impac Medical Systems Inc. Common Stock,0,0,0
20041203,49695,IMPC',OTC,17.13,17.13,810,0,Impac Medical Systems Inc. Common Stock,0,0,0
20041206,49695,IMPC',OTC,17.17,17.17,121,0,Impac Medical Systems Inc. Common Stock,0,0,0
20041207,49695,IMPC',OTC,17.05,17.05,47,0,Impac Medical Systems Inc. Common Stock,0,0,0
20041208,49695,IMPC',OTC,17,17,40,0,Impac Medical Systems Inc. Common Stock,0,0,0
20041209,49695,IMPC',OTC,17.19,17.19,93,0,Impac Medical Systems Inc. Common Stock,0,0,0
20041210,49695,IMPC',OTC,17.21,17.21,310,0,Impac Medical Systems Inc. Common Stock,0,0,0
20041213,49695,IMPC',OTC,17.45,17.45,354,0,Impac Medical Systems Inc. Common Stock,0,0,0
20041214,49695,IMPC',OTC,17.58,17.58,120,0,Impac Medical Systems Inc. Common Stock,0,0,0
20041215,49695,IMPC',OTC,18.13,18.13,480,0,Impac Medical Systems Inc. Common Stock,0,0,0
20041216,49695,IMPC',OTC,18.35,18.35,156,0,Impac Medical Systems Inc. Common Stock,0,0,0
20041217,49695,IMPC',OTC,19.1,19.1,2923,0,Impac Medical Systems Inc. Common Stock,0,0,0
20041220,49695,IMPC',OTC,20.39,20.39,369,0,Impac Medical Systems Inc. Common Stock,0,0,0
20041221,49695,IMPC',OTC,20.28,20.28,120,0,Impac Medical Systems Inc. Common Stock,0,0,0
20041222,49695,IMPC',OTC,19.71,19.71,80,0,Impac Medical Systems Inc. Common Stock,0,0,0
20041223,49695,IMPC',OTC,19.72,19.72,1054,0,Impac Medical Systems Inc. Common Stock,0,0,0
20041227,49695,IMPC',OTC,19.9,19.9,62,0,Impac Medical Systems Inc. Common Stock,0,0,0
20041228,49695,IMPC',OTC,21.3,21.3,530,0,Impac Medical Systems Inc. Common Stock,0,0,0
20041229,49695,IMPC',OTC,21.3,21.3,262,0,Impac Medical Systems Inc. Common Stock,0,0,0
20041230,49695,IMPC',OTC,20.98,20.98,572,0,Impac Medical Systems Inc. Common Stock,0,0,0
20041231,49695,IMPC',OTC,20.49,20.49,1118,0,Impac Medical Systems Inc. Common Stock,0,0,0
20050103,49695,IMPC',OTC,20.56,20.56,154,0,Impac Medical Systems Inc. Common Stock,0,0,0
20050104,49695,IMPC',OTC,20.56,20.56,144,0,Impac Medical Systems Inc. Common Stock,0,0,0
20050105,49695,IMPC',OTC,20.75,20.75,212,0,Impac Medical Systems Inc. Common Stock,0,0,0
20050106,49695,IMPC',OTC,19.94,19.94,143,0,Impac Medical Systems Inc. Common Stock,0,0,0
20050107,49695,IMPC',OTC,19.76,19.76,151,0,Impac Medical Systems Inc. Common Stock,0,0,0
20050110,49695,IMPC',OTC,19.8,19.8,349,0,Impac Medical Systems Inc. Common Stock,0,0,0
20050111,49695,IMPC',OTC,19.95,19.95,1404,0,Impac Medical Systems Inc. Common Stock,0,0,0
20050112,49695,IMPC',OTC,20.05,20.05,272,0,Impac Medical Systems Inc. Common Stock,0,0,0
20050113,49695,IMPC',OTC,20.05,20.05,0,0,Impac Medical Systems Inc. Common Stock,0,0,0
20050114,49695,IMPC',OTC,19.75,19.75,44,0,Impac Medical Systems Inc. Common Stock,0,0,0
20050118,49695,IMPC',OTC,23.59,23.59,10173,0,Impac Medical Systems Inc. Common Stock,0,0,0
20050119,49695,IMPC',OTC,23.61,23.61,14444,0,Impac Medical Systems Inc. Common Stock,0,0,0
20050120,49695,IMPC',OTC,23.65,23.65,749,0,Impac Medical Systems Inc. Common Stock,0,0,0
20050121,49695,IMPC',OTC,23.65,23.65,897,0,Impac Medical Systems Inc. Common Stock,0,0,0
20050124,49695,IMPC',OTC,23.62,23.62,886,0,Impac Medical Systems Inc. Common Stock,0,0,0
20050125,49695,IMPC',OTC,23.62,23.62,908,0,Impac Medical Systems Inc. Common Stock,0,0,0
20050126,49695,IMPC',OTC,23.61,23.61,195,0,Impac Medical Systems Inc. Common Stock,0,0,0
20050127,49695,IMPC',OTC,23.63,23.63,1618,0,Impac Medical Systems Inc. Common Stock,0,0,0
20050128,49695,IMPC',OTC,23.62,23.62,308,0,Impac Medical Systems Inc. Common Stock,0,0,0
20050131,49695,IMPC',OTC,23.7,23.7,532,0,Impac Medical Systems Inc. Common Stock,0,0,0
20050201,49695,IMPC',OTC,23.75,23.75,190,0,Impac Medical Systems Inc. Common Stock,0,0,0
20050202,49695,IMPC',OTC,23.81,23.81,242,0,Impac Medical Systems Inc. Common Stock,0,0,0
20050203,49695,IMPC',OTC,23.75,23.75,563,0,Impac Medical Systems Inc. Common Stock,0,0,0
20050204,49695,IMPC',OTC,23.78,23.78,68,0,Impac Medical Systems Inc. Common Stock,0,0,0
20050207,49695,IMPC',OTC,23.79,23.79,201,0,Impac Medical Systems Inc. Common Stock,0,0,0
20050208,49695,IMPC',OTC,23.79,23.79,228,0,Impac Medical Systems Inc. Common Stock,0,0,0
20050209,49695,IMPC',OTC,23.8,23.8,211,0,Impac Medical Systems Inc. Common Stock,0,0,0
20050210,49695,IMPC',OTC,23.74,23.74,527,0,Impac Medical Systems Inc. Common Stock,0,0,0
20050211,49695,IMPC',OTC,23.72,23.72,909,0,Impac Medical Systems Inc. Common Stock,0,0,0
20050214,49695,IMPC',OTC,23.75,23.75,196,0,Impac Medical Systems Inc. Common Stock,0,0,0
20050215,49695,IMPC',OTC,23.76,23.76,240,0,Impac Medical Systems Inc. Common Stock,0,0,0
20050216,49695,IMPC',OTC,23.72,23.72,590,0,Impac Medical Systems Inc. Common Stock,0,0,0
20050217,49695,IMPC',OTC,23.72,23.72,623,0,Impac Medical Systems Inc. Common Stock,0,0,0
20050218,49695,IMPC',OTC,23.71,23.71,1001,0,Impac Medical Systems Inc. Common Stock,0,0,0
20050222,49695,IMPC',OTC,23.72,23.72,75,0,Impac Medical Systems Inc. Common Stock,0,0,0
20050223,49695,IMPC',OTC,23.75,23.75,88,0,Impac Medical Systems Inc. Common Stock,0,0,0
20050224,49695,IMPC',OTC,23.75,23.75,3753,0,Impac Medical Systems Inc. Common Stock,0,0,0
20050225,49695,IMPC',OTC,23.73,23.73,1590,0,Impac Medical Systems Inc. Common Stock,0,0,0
20050228,49695,IMPC',OTC,23.7,23.7,1180,0,Impac Medical Systems Inc. Common Stock,0,0,0
20050301,49695,IMPC',OTC,23.72,23.72,1900,0,Impac Medical Systems Inc. Common Stock,0,0,0
20050302,49695,IMPC',OTC,23.74,23.74,2118,0,Impac Medical Systems Inc. Common Stock,0,0,0
20050303,49695,IMPC',OTC,23.75,23.75,2287,0,Impac Medical Systems Inc. Common Stock,0,0,0
20050304,49695,IMPC',OTC,23.76,23.76,108,0,Impac Medical Systems Inc. Common Stock,0,0,0
20050307,49695,IMPC',OTC,23.75,23.75,1562,0,Impac Medical Systems Inc. Common Stock,0,0,0
20050308,49695,IMPC',OTC,23.77,23.77,662,0,Impac Medical Systems Inc. Common Stock,0,0,0
20050309,49695,IMPC',OTC,23.77,23.77,538,0,Impac Medical Systems Inc. Common Stock,0,0,0
20050310,49695,IMPC',OTC,23.78,23.78,201,0,Impac Medical Systems Inc. Common Stock,0,0,0
20050311,49695,IMPC',OTC,23.76,23.76,333,0,Impac Medical Systems Inc. Common Stock,0,0,0
20050314,49695,IMPC',OTC,23.76,23.76,378,0,Impac Medical Systems Inc. Common Stock,0,0,0
20050315,49695,IMPC',OTC,23.77,23.77,243,0,Impac Medical Systems Inc. Common Stock,0,0,0
20050316,49695,IMPC',OTC,23.76,23.76,278,0,Impac Medical Systems Inc. Common Stock,0,0,0
20050317,49695,IMPC',OTC,23.76,23.76,398,0,Impac Medical Systems Inc. Common Stock,0,0,0
20050318,49695,IMPC',OTC,23.74,23.74,11,0,Impac Medical Systems Inc. Common Stock,0,0,0
20050321,49695,IMPC',OTC,23.72,23.72,506,0,Impac Medical Systems Inc. Common Stock,0,0,0
20050322,49695,IMPC',OTC,23.73,23.73,848,0,Impac Medical Systems Inc. Common Stock,0,0,0
20050323,49695,IMPC',OTC,23.7,23.7,808,0,Impac Medical Systems Inc. Common Stock,0,0,0
20050324,49695,IMPC',OTC,23.76,23.76,18,0,Impac Medical Systems Inc. Common Stock,0,0,0
20050328,49695,IMPC',OTC,23.76,23.76,420,0,Impac Medical Systems Inc. Common Stock,0,0,0
20050329,49695,IMPC',OTC,23.75,23.75,335,0,Impac Medical Systems Inc. Common Stock,0,0,0
20050330,49695,IMPC',OTC,23.8,23.8,1118,0,Impac Medical Systems Inc. Common Stock,0,0,0
20050331,49695,IMPC',OTC,23.83,23.83,509,0,Impac Medical Systems Inc. Common Stock,0,0,0
20050401,49695,IMPC',OTC,24.11,24.11,4872,0,Impac Medical Systems Inc. Common Stock,0,0,0
20050404,49695,IMPC',OTC,23.99,23.99,6352,0,Impac Medical Systems Inc. Common Stock,0,0,0
