DDate,CSINumber,Symbol,Exchange,DClose,UnAdjustedClose,TotalVolume,Cash,MarketName,PTB,PSR,DPS
20031007,55057,AVNU',OTC,0.62,0.62,378,0,Avenue Group Inc,0,0,0
20031008,55057,AVNU',OTC,0.63,0.63,6,0,Avenue Group Inc,0,0,0
20031009,55057,AVNU',OTC,0.6,0.6,190,0,Avenue Group Inc,0,0,0
20031010,55057,AVNU',OTC,0.63,0.63,172,0,Avenue Group Inc,0,0,0
20031013,55057,AVNU',OTC,0.63,0.63,0,0,Avenue Group Inc,0,0,0
20031014,55057,AVNU',OTC,0.6,0.6,227,0,Avenue Group Inc,0,0,0
20031015,55057,AVNU',OTC,0.62,0.62,800,0,Avenue Group Inc,0,0,0
20031016,55057,AVNU',OTC,0.6,0.6,328,0,Avenue Group Inc,0,0,0
20031017,55057,AVNU',OTC,0.6,0.6,0,0,Avenue Group Inc,0,0,0
20031020,55057,AVNU',OTC,0.6,0.6,0,0,Avenue Group Inc,0,0,0
20031021,55057,AVNU',OTC,0.58,0.58,120,0,Avenue Group Inc,0,0,0
20031022,55057,AVNU',OTC,0.57,0.57,120,0,Avenue Group Inc,0,0,0
20031023,55057,AVNU',OTC,0.56,0.56,201,0,Avenue Group Inc,0,0,0
20031024,55057,AVNU',OTC,0.58,0.58,70,0,Avenue Group Inc,0,0,0
20031027,55057,AVNU',OTC,0.58,0.58,637,0,Avenue Group Inc,0,0,0
20031028,55057,AVNU',OTC,0.56,0.56,240,0,Avenue Group Inc,0,0,0
20031029,55057,AVNU',OTC,0.57,0.57,70,0,Avenue Group Inc,0,0,0
20031030,55057,AVNU',OTC,0.56,0.56,338,0,Avenue Group Inc,0,0,0
20031031,55057,AVNU',OTC,0.52,0.52,240,0,Avenue Group Inc,0,0,0
20031103,55057,AVNU',OTC,0.49,0.49,625,0,Avenue Group Inc,0,0,0
20031104,55057,AVNU',OTC,0.49,0.49,0,0,Avenue Group Inc,0,0,0
20031105,55057,AVNU',OTC,0.51,0.51,45,0,Avenue Group Inc,0,0,0
20031106,55057,AVNU',OTC,0.51,0.51,0,0,Avenue Group Inc,0,0,0
20031107,55057,AVNU',OTC,0.51,0.51,515,0,Avenue Group Inc,0,0,0
20031110,55057,AVNU',OTC,0.51,0.51,400,0,Avenue Group Inc,0,0,0
20031111,55057,AVNU',OTC,0.51,0.51,112,0,Avenue Group Inc,0,0,0
20031112,55057,AVNU',OTC,0.51,0.51,150,0,Avenue Group Inc,0,0,0
20031113,55057,AVNU',OTC,0.5,0.5,1067,0,Avenue Group Inc,0,0,0
20031114,55057,AVNU',OTC,0.5,0.5,62,0,Avenue Group Inc,0,0,0
20031117,55057,AVNU',OTC,0.51,0.51,35,0,Avenue Group Inc,0,0,0
20031118,55057,AVNU',OTC,0.49,0.49,30,0,Avenue Group Inc,0,0,0
20031119,55057,AVNU',OTC,0.49,0.49,0,0,Avenue Group Inc,0,0,0
20031120,55057,AVNU',OTC,0.49,0.49,0,0,Avenue Group Inc,0,0,0
20031121,55057,AVNU',OTC,0.49,0.49,0,0,Avenue Group Inc,0,0,0
20031124,55057,AVNU',OTC,0.49,0.49,190,0,Avenue Group Inc,0,0,0
20031125,55057,AVNU',OTC,0.5,0.5,195,0,Avenue Group Inc,0,0,0
20031126,55057,AVNU',OTC,0.5,0.5,0,0,Avenue Group Inc,0,0,0
20031128,55057,AVNU',OTC,0.5,0.5,0,0,Avenue Group Inc,0,0,0
20031201,55057,AVNU',OTC,0.48,0.48,135,0,Avenue Group Inc,0,0,0
20031202,55057,AVNU',OTC,0.5,0.5,80,0,Avenue Group Inc,0,0,0
20031203,55057,AVNU',OTC,0.45,0.45,1247,0,Avenue Group Inc,0,0,0
20031204,55057,AVNU',OTC,0.43,0.43,4683,0,Avenue Group Inc,0,0,0
20031205,55057,AVNU',OTC,0.39,0.39,220,0,Avenue Group Inc,0,0,0
20031208,55057,AVNU',OTC,0.38,0.38,140,0,Avenue Group Inc,0,0,0
20031209,55057,AVNU',OTC,0.39,0.39,220,0,Avenue Group Inc,0,0,0
20031210,55057,AVNU',OTC,0.39,0.39,0,0,Avenue Group Inc,0,0,0
20031211,55057,AVNU',OTC,0.39,0.39,0,0,Avenue Group Inc,0,0,0
20031212,55057,AVNU',OTC,0.39,0.39,0,0,Avenue Group Inc,0,0,0
20031215,55057,AVNU',OTC,0.39,0.39,0,0,Avenue Group Inc,0,0,0
20031216,55057,AVNU',OTC,0.4,0.4,375,0,Avenue Group Inc,0,0,0
20031217,55057,AVNU',OTC,0.41,0.41,10,0,Avenue Group Inc,0,0,0
20031218,55057,AVNU',OTC,0.38,0.38,988,0,Avenue Group Inc,0,0,0
20031219,55057,AVNU',OTC,0.37,0.37,275,0,Avenue Group Inc,0,0,0
20031222,55057,AVNU',OTC,0.33,0.33,572,0,Avenue Group Inc,0,0,0
20031223,55057,AVNU',OTC,0.3,0.3,650,0,Avenue Group Inc,0,0,0
20031224,55057,AVNU',OTC,0.3,0.3,290,0,Avenue Group Inc,0,0,0
20031226,55057,AVNU',OTC,0.3,0.3,848,0,Avenue Group Inc,0,0,0
20031229,55057,AVNU',OTC,0.41,0.41,3999,0,Avenue Group Inc,0,0,0
20031230,55057,AVNU',OTC,0.42,0.42,963,0,Avenue Group Inc,0,0,0
20031231,55057,AVNU',OTC,0.42,0.42,356,0,Avenue Group Inc,0,0,0
20040102,55057,AVNU',OTC,0.41,0.41,662,0,Avenue Group Inc,0,0,0
20040105,55057,AVNU',OTC,0.38,0.38,60,0,Avenue Group Inc,0,0,0
20040106,55057,AVNU',OTC,0.38,0.38,565,0,Avenue Group Inc,0,0,0
20040107,55057,AVNU',OTC,0.35,0.35,155,0,Avenue Group Inc,0,0,0
20040108,55057,AVNU',OTC,0.33,0.33,430,0,Avenue Group Inc,0,0,0
20040109,55057,AVNU',OTC,0.25,0.25,1366,0,Avenue Group Inc,0,0,0
20040112,55057,AVNU',OTC,0.3,0.3,736,0,Avenue Group Inc,0,0,0
20040113,55057,AVNU',OTC,0.25,0.25,290,0,Avenue Group Inc,0,0,0
20040114,55057,AVNU',OTC,0.27,0.27,555,0,Avenue Group Inc,0,0,0
20040115,55057,AVNU',OTC,0.31,0.31,324,0,Avenue Group Inc,0,0,0
20040116,55057,AVNU',OTC,0.35,0.35,448,0,Avenue Group Inc,0,0,0
20040120,55057,AVNU',OTC,0.34,0.34,35,0,Avenue Group Inc,0,0,0
20040121,55057,AVNU',OTC,0.34,0.34,412,0,Avenue Group Inc,0,0,0
20040122,55057,AVNU',OTC,0.3,0.3,465,0,Avenue Group Inc,0,0,0
20040123,55057,AVNU',OTC,0.31,0.31,25,0,Avenue Group Inc,0,0,0
20040126,55057,AVNU',OTC,0.35,0.35,256,0,Avenue Group Inc,0,0,0
20040127,55057,AVNU',OTC,0.36,0.36,315,0,Avenue Group Inc,0,0,0
20040128,55057,AVNU',OTC,0.4,0.4,620,0,Avenue Group Inc,0,0,0
20040129,55057,AVNU',OTC,0.4,0.4,696,0,Avenue Group Inc,0,0,0
20040130,55057,AVNU',OTC,0.4,0.4,570,0,Avenue Group Inc,0,0,0
20040202,55057,AVNU',OTC,0.4,0.4,415,0,Avenue Group Inc,0,0,0
20040203,55057,AVNU',OTC,0.36,0.36,245,0,Avenue Group Inc,0,0,0
20040204,55057,AVNU',OTC,0.39,0.39,90,0,Avenue Group Inc,0,0,0
20040205,55057,AVNU',OTC,0.36,0.36,50,0,Avenue Group Inc,0,0,0
20040206,55057,AVNU',OTC,0.35,0.35,100,0,Avenue Group Inc,0,0,0
20040209,55057,AVNU',OTC,0.35,0.35,0,0,Avenue Group Inc,0,0,0
20040210,55057,AVNU',OTC,0.34,0.34,100,0,Avenue Group Inc,0,0,0
20040211,55057,AVNU',OTC,0.34,0.34,0,0,Avenue Group Inc,0,0,0
20040212,55057,AVNU',OTC,0.37,0.37,16,0,Avenue Group Inc,0,0,0
20040213,55057,AVNU',OTC,0.37,0.37,0,0,Avenue Group Inc,0,0,0
20040217,55057,AVNU',OTC,0.33,0.33,30,0,Avenue Group Inc,0,0,0
20040218,55057,AVNU',OTC,0.34,0.34,25,0,Avenue Group Inc,0,0,0
20040219,55057,AVNU',OTC,0.34,0.34,0,0,Avenue Group Inc,0,0,0
20040220,55057,AVNU',OTC,0.39,0.39,100,0,Avenue Group Inc,0,0,0
20040223,55057,AVNU',OTC,0.39,0.39,0,0,Avenue Group Inc,0,0,0
20040224,55057,AVNU',OTC,0.42,0.42,20,0,Avenue Group Inc,0,0,0
20040225,55057,AVNU',OTC,0.34,0.34,253,0,Avenue Group Inc,0,0,0
20040226,55057,AVNU',OTC,0.33,0.33,100,0,Avenue Group Inc,0,0,0
20040227,55057,AVNU',OTC,0.33,0.33,60,0,Avenue Group Inc,0,0,0
20040301,55057,AVNU',OTC,0.33,0.33,150,0,Avenue Group Inc,0,0,0
20040302,55057,AVNU',OTC,0.36,0.36,300,0,Avenue Group Inc,0,0,0
20040303,55057,AVNU',OTC,0.36,0.36,150,0,Avenue Group Inc,0,0,0
20040304,55057,AVNU',OTC,0.36,0.36,760,0,Avenue Group Inc,0,0,0
20040305,55057,AVNU',OTC,0.32,0.32,205,0,Avenue Group Inc,0,0,0
20040308,55057,AVNU',OTC,0.3,0.3,300,0,Avenue Group Inc,0,0,0
20040309,55057,AVNU',OTC,0.3,0.3,0,0,Avenue Group Inc,0,0,0
20040310,55057,AVNU',OTC,0.32,0.32,80,0,Avenue Group Inc,0,0,0
20040311,55057,AVNU',OTC,0.32,0.32,0,0,Avenue Group Inc,0,0,0
20040312,55057,AVNU',OTC,0.32,0.32,376,0,Avenue Group Inc,0,0,0
20040315,55057,AVNU',OTC,0.39,0.39,530,0,Avenue Group Inc,0,0,0
20040316,55057,AVNU',OTC,0.4,0.4,1037,0,Avenue Group Inc,0,0,0
20040317,55057,AVNU',OTC,0.4,0.4,1185,0,Avenue Group Inc,0,0,0
20040318,55057,AVNU',OTC,0.4,0.4,1419,0,Avenue Group Inc,0,0,0
20040319,55057,AVNU',OTC,0.4,0.4,1800,0,Avenue Group Inc,0,0,0
20040322,55057,AVNU',OTC,0.4,0.4,1050,0,Avenue Group Inc,0,0,0
20040323,55057,AVNU',OTC,0.38,0.38,1480,0,Avenue Group Inc,0,0,0
20040324,55057,AVNU',OTC,0.38,0.38,1055,0,Avenue Group Inc,0,0,0
20040325,55057,AVNU',OTC,0.4,0.4,309,0,Avenue Group Inc,0,0,0
20040326,55057,AVNU',OTC,0.37,0.37,400,0,Avenue Group Inc,0,0,0
20040329,55057,AVNU',OTC,0.38,0.38,694,0,Avenue Group Inc,0,0,0
20040330,55057,AVNU',OTC,0.37,0.37,55,0,Avenue Group Inc,0,0,0
20040331,55057,AVNU',OTC,0.38,0.38,223,0,Avenue Group Inc,0,0,0
20040401,55057,AVNU',OTC,0.38,0.38,20,0,Avenue Group Inc,0,0,0
20040402,55057,AVNU',OTC,0.37,0.37,105,0,Avenue Group Inc,0,0,0
20040405,55057,AVNU',OTC,0.35,0.35,58,0,Avenue Group Inc,0,0,0
20040406,55057,AVNU',OTC,0.35,0.35,15,0,Avenue Group Inc,0,0,0
20040407,55057,AVNU',OTC,0.35,0.35,1690,0,Avenue Group Inc,0,0,0
20040408,55057,AVNU',OTC,0.37,0.37,545,0,Avenue Group Inc,0,0,0
20040412,55057,AVNU',OTC,0.37,0.37,0,0,Avenue Group Inc,0,0,0
20040413,55057,AVNU',OTC,0.35,0.35,15,0,Avenue Group Inc,0,0,0
20040414,55057,AVNU',OTC,0.31,0.31,170,0,Avenue Group Inc,0,0,0
20040415,55057,AVNU',OTC,0.3,0.3,428,0,Avenue Group Inc,0,0,0
20040416,55057,AVNU',OTC,0.34,0.34,175,0,Avenue Group Inc,0,0,0
20040419,55057,AVNU',OTC,0.35,0.35,551,0,Avenue Group Inc,0,0,0
20040420,55057,AVNU',OTC,0.36,0.36,2445,0,Avenue Group Inc,0,0,0
20040421,55057,AVNU',OTC,0.34,0.34,1550,0,Avenue Group Inc,0,0,0
20040422,55057,AVNU',OTC,0.29,0.29,2892,0,Avenue Group Inc,0,0,0
20040423,55057,AVNU',OTC,0.23,0.23,3228,0,Avenue Group Inc,0,0,0
20040426,55057,AVNU',OTC,0.24,0.24,638,0,Avenue Group Inc,0,0,0
20040427,55057,AVNU',OTC,0.24,0.24,1409,0,Avenue Group Inc,0,0,0
20040428,55057,AVNU',OTC,0.27,0.27,1307,0,Avenue Group Inc,0,0,0
20040429,55057,AVNU',OTC,0.27,0.27,955,0,Avenue Group Inc,0,0,0
20040430,55057,AVNU',OTC,0.26,0.26,971,0,Avenue Group Inc,0,0,0
20040503,55057,AVNU',OTC,0.26,0.26,3490,0,Avenue Group Inc,0,0,0
20040504,55057,AVNU',OTC,0.25,0.25,1500,0,Avenue Group Inc,0,0,0
20040505,55057,AVNU',OTC,0.3,0.3,4094,0,Avenue Group Inc,0,0,0
20040506,55057,AVNU',OTC,0.3,0.3,1341,0,Avenue Group Inc,0,0,0
20040507,55057,AVNU',OTC,0.3,0.3,3532,0,Avenue Group Inc,0,0,0
20040510,55057,AVNU',OTC,0.3,0.3,2039,0,Avenue Group Inc,0,0,0
20040511,55057,AVNU',OTC,0.3,0.3,250,0,Avenue Group Inc,0,0,0
20040512,55057,AVNU',OTC,0.31,0.31,310,0,Avenue Group Inc,0,0,0
20040513,55057,AVNU',OTC,0.3,0.3,220,0,Avenue Group Inc,0,0,0
20040514,55057,AVNU',OTC,0.27,0.27,552,0,Avenue Group Inc,0,0,0
20040517,55057,AVNU',OTC,0.28,0.28,2400,0,Avenue Group Inc,0,0,0
20040518,55057,AVNU',OTC,0.29,0.29,750,0,Avenue Group Inc,0,0,0
20040519,55057,AVNU',OTC,0.27,0.27,450,0,Avenue Group Inc,0,0,0
20040520,55057,AVNU',OTC,0.29,0.29,600,0,Avenue Group Inc,0,0,0
20040521,55057,AVNU',OTC,0.27,0.27,150,0,Avenue Group Inc,0,0,0
20040524,55057,AVNU',OTC,0.26,0.26,350,0,Avenue Group Inc,0,0,0
20040525,55057,AVNU',OTC,0.26,0.26,200,0,Avenue Group Inc,0,0,0
20040526,55057,AVNU',OTC,0.25,0.25,10,0,Avenue Group Inc,0,0,0
20040527,55057,AVNU',OTC,0.25,0.25,325,0,Avenue Group Inc,0,0,0
20040528,55057,AVNU',OTC,0.26,0.26,50,0,Avenue Group Inc,0,0,0
20040601,55057,AVNU',OTC,0.27,0.27,1204,0,Avenue Group Inc,0,0,0
20040602,55057,AVNU',OTC,0.27,0.27,76,0,Avenue Group Inc,0,0,0
20040603,55057,AVNU',OTC,0.26,0.26,49,0,Avenue Group Inc,0,0,0
20040604,55057,AVNU',OTC,0.26,0.26,100,0,Avenue Group Inc,0,0,0
20040607,55057,AVNU',OTC,0.27,0.27,1685,0,Avenue Group Inc,0,0,0
20040608,55057,AVNU',OTC,0.26,0.26,1720,0,Avenue Group Inc,0,0,0
20040609,55057,AVNU',OTC,0.27,0.27,150,0,Avenue Group Inc,0,0,0
20040610,55057,AVNU',OTC,0.27,0.27,1800,0,Avenue Group Inc,0,0,0
20040614,55057,AVNU',OTC,0.27,0.27,2450,0,Avenue Group Inc,0,0,0
20040615,55057,AVNU',OTC,0.27,0.27,700,0,Avenue Group Inc,0,0,0
20040616,55057,AVNU',OTC,0.27,0.27,1441,0,Avenue Group Inc,0,0,0
20040617,55057,AVNU',OTC,0.28,0.28,2965,0,Avenue Group Inc,0,0,0
20040618,55057,AVNU',OTC,0.3,0.3,2820,0,Avenue Group Inc,0,0,0
20040621,55057,AVNU',OTC,0.32,0.32,3640,0,Avenue Group Inc,0,0,0
20040622,55057,AVNU',OTC,0.32,0.32,4301,0,Avenue Group Inc,0,0,0
20040623,55057,AVNU',OTC,0.31,0.31,3527,0,Avenue Group Inc,0,0,0
20040624,55057,AVNU',OTC,0.31,0.31,3096,0,Avenue Group Inc,0,0,0
20040625,55057,AVNU',OTC,0.31,0.31,2144,0,Avenue Group Inc,0,0,0
20040628,55057,AVNU',OTC,0.31,0.31,300,0,Avenue Group Inc,0,0,0
20040629,55057,AVNU',OTC,0.31,0.31,1300,0,Avenue Group Inc,0,0,0
20040630,55057,AVNU',OTC,0.3,0.3,300,0,Avenue Group Inc,0,0,0
20040701,55057,AVNU',OTC,0.3,0.3,615,0,Avenue Group Inc,0,0,0
20040702,55057,AVNU',OTC,0.3,0.3,160,0,Avenue Group Inc,0,0,0
20040706,55057,AVNU',OTC,0.3,0.3,700,0,Avenue Group Inc,0,0,0
20040707,55057,AVNU',OTC,0.29,0.29,150,0,Avenue Group Inc,0,0,0
20040708,55057,AVNU',OTC,0.27,0.27,1700,0,Avenue Group Inc,0,0,0
20040709,55057,AVNU',OTC,0.27,0.27,50,0,Avenue Group Inc,0,0,0
20040712,55057,AVNU',OTC,0.25,0.25,2200,0,Avenue Group Inc,0,0,0
20040713,55057,AVNU',OTC,0.25,0.25,100,0,Avenue Group Inc,0,0,0
20040714,55057,AVNU',OTC,0.25,0.25,6,0,Avenue Group Inc,0,0,0
20040715,55057,AVNU',OTC,0.25,0.25,50,0,Avenue Group Inc,0,0,0
20040716,55057,AVNU',OTC,0.25,0.25,400,0,Avenue Group Inc,0,0,0
20040719,55057,AVNU',OTC,0.25,0.25,274,0,Avenue Group Inc,0,0,0
20040720,55057,AVNU',OTC,0.25,0.25,0,0,Avenue Group Inc,0,0,0
20040721,55057,AVNU',OTC,0.23,0.23,70,0,Avenue Group Inc,0,0,0
20040722,55057,AVNU',OTC,0.23,0.23,0,0,Avenue Group Inc,0,0,0
20040723,55057,AVNU',OTC,0.23,0.23,0,0,Avenue Group Inc,0,0,0
20040726,55057,AVNU',OTC,0.23,0.23,0,0,Avenue Group Inc,0,0,0
20040727,55057,AVNU',OTC,0.23,0.23,120,0,Avenue Group Inc,0,0,0
20040728,55057,AVNU',OTC,0.23,0.23,20,0,Avenue Group Inc,0,0,0
20040729,55057,AVNU',OTC,0.22,0.22,1382,0,Avenue Group Inc,0,0,0
20040730,55057,AVNU',OTC,0.2,0.2,650,0,Avenue Group Inc,0,0,0
20040802,55057,AVNU',OTC,0.2,0.2,400,0,Avenue Group Inc,0,0,0
20040803,55057,AVNU',OTC,0.21,0.21,200,0,Avenue Group Inc,0,0,0
20040804,55057,AVNU',OTC,0.2,0.2,936,0,Avenue Group Inc,0,0,0
20040805,55057,AVNU',OTC,0.21,0.21,250,0,Avenue Group Inc,0,0,0
20040806,55057,AVNU',OTC,0.21,0.21,0,0,Avenue Group Inc,0,0,0
20040809,55057,AVNU',OTC,0.21,0.21,250,0,Avenue Group Inc,0,0,0
20040810,55057,AVNU',OTC,0.21,0.21,0,0,Avenue Group Inc,0,0,0
20040811,55057,AVNU',OTC,0.21,0.21,125,0,Avenue Group Inc,0,0,0
20040812,55057,AVNU',OTC,0.2,0.2,10,0,Avenue Group Inc,0,0,0
20040813,55057,AVNU',OTC,0.2,0.2,0,0,Avenue Group Inc,0,0,0
20040816,55057,AVNU',OTC,0.2,0.2,0,0,Avenue Group Inc,0,0,0
20040817,55057,AVNU',OTC,0.2,0.2,0,0,Avenue Group Inc,0,0,0
20040818,55057,AVNU',OTC,0.2,0.2,0,0,Avenue Group Inc,0,0,0
20040819,55057,AVNU',OTC,0.23,0.23,800,0,Avenue Group Inc,0,0,0
20040820,55057,AVNU',OTC,0.2,0.2,100,0,Avenue Group Inc,0,0,0
20040823,55057,AVNU',OTC,0.2,0.2,0,0,Avenue Group Inc,0,0,0
20040824,55057,AVNU',OTC,0.22,0.22,11,0,Avenue Group Inc,0,0,0
20040825,55057,AVNU',OTC,0.2,0.2,203,0,Avenue Group Inc,0,0,0
20040826,55057,AVNU',OTC,0.2,0.2,0,0,Avenue Group Inc,0,0,0
20040827,55057,AVNU',OTC,0.2,0.2,0,0,Avenue Group Inc,0,0,0
20040830,55057,AVNU',OTC,0.2,0.2,0,0,Avenue Group Inc,0,0,0
20040831,55057,AVNU',OTC,0.18,0.18,450,0,Avenue Group Inc,0,0,0
20040901,55057,AVNU',OTC,0.17,0.17,115,0,Avenue Group Inc,0,0,0
20040902,55057,AVNU',OTC,0.15,0.15,882,0,Avenue Group Inc,0,0,0
20040903,55057,AVNU',OTC,0.16,0.16,20,0,Avenue Group Inc,0,0,0
20040907,55057,AVNU',OTC,0.16,0.16,0,0,Avenue Group Inc,0,0,0
20040908,55057,AVNU',OTC,0.16,0.16,0,0,Avenue Group Inc,0,0,0
20040909,55057,AVNU',OTC,0.13,0.13,150,0,Avenue Group Inc,0,0,0
20040910,55057,AVNU',OTC,0.14,0.14,69,0,Avenue Group Inc,0,0,0
20040913,55057,AVNU',OTC,0.15,0.15,330,0,Avenue Group Inc,0,0,0
20040914,55057,AVNU',OTC,0.15,0.15,0,0,Avenue Group Inc,0,0,0
20040915,55057,AVNU',OTC,0.15,0.15,50,0,Avenue Group Inc,0,0,0
20040916,55057,AVNU',OTC,0.15,0.15,0,0,Avenue Group Inc,0,0,0
20040917,55057,AVNU',OTC,0.13,0.13,10,0,Avenue Group Inc,0,0,0
20040920,55057,AVNU',OTC,0.13,0.13,100,0,Avenue Group Inc,0,0,0
20040921,55057,AVNU',OTC,0.12,0.12,695,0,Avenue Group Inc,0,0,0
20040922,55057,AVNU',OTC,0.12,0.12,0,0,Avenue Group Inc,0,0,0
20040923,55057,AVNU',OTC,0.12,0.12,0,0,Avenue Group Inc,0,0,0
20040924,55057,AVNU',OTC,0.12,0.12,0,0,Avenue Group Inc,0,0,0
20040927,55057,AVNU',OTC,0.12,0.12,209,0,Avenue Group Inc,0,0,0
20040928,55057,AVNU',OTC,0.12,0.12,0,0,Avenue Group Inc,0,0,0
20040929,55057,AVNU',OTC,0.12,0.12,0,0,Avenue Group Inc,0,0,0
20040930,55057,AVNU',OTC,0.12,0.12,0,0,Avenue Group Inc,0,0,0
20041001,55057,AVNU',OTC,0.12,0.12,50,0,Avenue Group Inc,0,0,0
20041004,55057,AVNU',OTC,0.12,0.12,40,0,Avenue Group Inc,0,0,0
20041005,55057,AVNU',OTC,0.12,0.12,50,0,Avenue Group Inc,0,0,0
20041006,55057,AVNU',OTC,0.12,0.12,0,0,Avenue Group Inc,0,0,0
20041007,55057,AVNU',OTC,0.1,0.1,870,0,Avenue Group Inc,0,0,0
20041008,55057,AVNU',OTC,0.1,0.1,50,0,Avenue Group Inc,0,0,0
20041011,55057,AVNU',OTC,0.11,0.11,1805,0,Avenue Group Inc,0,0,0
20041012,55057,AVNU',OTC,0.12,0.12,200,0,Avenue Group Inc,0,0,0
20041013,55057,AVNU',OTC,0.13,0.13,100,0,Avenue Group Inc,0,0,0
20041014,55057,AVNU',OTC,0.13,0.13,50,0,Avenue Group Inc,0,0,0
20041015,55057,AVNU',OTC,0.14,0.14,170,0,Avenue Group Inc,0,0,0
20041018,55057,AVNU',OTC,0.15,0.15,155,0,Avenue Group Inc,0,0,0
20041019,55057,AVNU',OTC,0.13,0.13,1350,0,Avenue Group Inc,0,0,0
20041020,55057,AVNU',OTC,0.12,0.12,520,0,Avenue Group Inc,0,0,0
20041021,55057,AVNU',OTC,0.12,0.12,0,0,Avenue Group Inc,0,0,0
20041022,55057,AVNU',OTC,0.12,0.12,10,0,Avenue Group Inc,0,0,0
20041025,55057,AVNU',OTC,0.12,0.12,104,0,Avenue Group Inc,0,0,0
20041026,55057,AVNU',OTC,0.11,0.11,496,0,Avenue Group Inc,0,0,0
20041027,55057,AVNU',OTC,0.11,0.11,100,0,Avenue Group Inc,0,0,0
20041028,55057,AVNU',OTC,0.11,0.11,0,0,Avenue Group Inc,0,0,0
20041029,55057,AVNU',OTC,0.1,0.1,150,0,Avenue Group Inc,0,0,0
20041101,55057,AVNU',OTC,0.13,0.13,5,0,Avenue Group Inc,0,0,0
20041102,55057,AVNU',OTC,0.13,0.13,0,0,Avenue Group Inc,0,0,0
20041103,55057,AVNU',OTC,0.13,0.13,2508,0,Avenue Group Inc,0,0,0
20041104,55057,AVNU',OTC,0.13,0.13,0,0,Avenue Group Inc,0,0,0
20041105,55057,AVNU',OTC,0.13,0.13,0,0,Avenue Group Inc,0,0,0
20041108,55057,AVNU',OTC,0.12,0.12,54,0,Avenue Group Inc,0,0,0
20041109,55057,AVNU',OTC,0.14,0.14,1803,0,Avenue Group Inc,0,0,0
20041110,55057,AVNU',OTC,0.13,0.13,6,0,Avenue Group Inc,0,0,0
20041111,55057,AVNU',OTC,0.13,0.13,0,0,Avenue Group Inc,0,0,0
20041112,55057,AVNU',OTC,0.13,0.13,180,0,Avenue Group Inc,0,0,0
20041115,55057,AVNU',OTC,0.13,0.13,0,0,Avenue Group Inc,0,0,0
20041116,55057,AVNU',OTC,0.13,0.13,100,0,Avenue Group Inc,0,0,0
20041117,55057,AVNU',OTC,0.1,0.1,3040,0,Avenue Group Inc,0,0,0
20041118,55057,AVNU',OTC,0.11,0.11,50,0,Avenue Group Inc,0,0,0
20041119,55057,AVNU',OTC,0.09,0.09,35,0,Avenue Group Inc,0,0,0
20041122,55057,AVNU',OTC,0.09,0.09,150,0,Avenue Group Inc,0,0,0
20041123,55057,AVNU',OTC,0.09,0.09,0,0,Avenue Group Inc,0,0,0
20041124,55057,AVNU',OTC,0.09,0.09,0,0,Avenue Group Inc,0,0,0
20041126,55057,AVNU',OTC,0.09,0.09,0,0,Avenue Group Inc,0,0,0
20041129,55057,AVNU',OTC,0.09,0.09,0,0,Avenue Group Inc,0,0,0
20041130,55057,AVNU',OTC,0.09,0.09,100,0,Avenue Group Inc,0,0,0
20041201,55057,AVNU',OTC,0.09,0.09,700,0,Avenue Group Inc,0,0,0
20041202,55057,AVNU',OTC,0.08,0.08,300,0,Avenue Group Inc,0,0,0
20041203,55057,AVNU',OTC,0.08,0.08,370,0,Avenue Group Inc,0,0,0
20041206,55057,AVNU',OTC,0.07,0.07,1037,0,Avenue Group Inc,0,0,0
20041207,55057,AVNU',OTC,0.06,0.06,1365,0,Avenue Group Inc,0,0,0
20041208,55057,AVNU',OTC,0.06,0.06,0,0,Avenue Group Inc,0,0,0
20041209,55057,AVNU',OTC,0.06,0.06,0,0,Avenue Group Inc,0,0,0
20041210,55057,AVNU',OTC,0.06,0.06,270,0,Avenue Group Inc,0,0,0
20041213,55057,AVNU',OTC,0.05,0.05,530,0,Avenue Group Inc,0,0,0
20041214,55057,AVNU',OTC,0.05,0.05,40,0,Avenue Group Inc,0,0,0
20041215,55057,AVNU',OTC,0.06,0.06,1810,0,Avenue Group Inc,0,0,0
20041216,55057,AVNU',OTC,0.06,0.06,30,0,Avenue Group Inc,0,0,0
20041217,55057,AVNU',OTC,0.05,0.05,200,0,Avenue Group Inc,0,0,0
20041220,55057,AVNU',OTC,0.05,0.05,850,0,Avenue Group Inc,0,0,0
20041221,55057,AVNU',OTC,0.05,0.05,205,0,Avenue Group Inc,0,0,0
20041222,55057,AVNU',OTC,0.05,0.05,1,0,Avenue Group Inc,0,0,0
20041223,55057,AVNU',OTC,0.05,0.05,30,0,Avenue Group Inc,0,0,0
20041227,55057,AVNU',OTC,0.05,0.05,10,0,Avenue Group Inc,0,0,0
20041228,55057,AVNU',OTC,0.05,0.05,0,0,Avenue Group Inc,0,0,0
20041229,55057,AVNU',OTC,0.05,0.05,50,0,Avenue Group Inc,0,0,0
20041230,55057,AVNU',OTC,0.05,0.05,200,0,Avenue Group Inc,0,0,0
20041231,55057,AVNU',OTC,0.05,0.05,262,0,Avenue Group Inc,0,0,0
20050103,55057,AVNU',OTC,0.06,0.06,100,0,Avenue Group Inc,0,0,0
20050104,55057,AVNU',OTC,0.06,0.06,0,0,Avenue Group Inc,0,0,0
20050105,55057,AVNU',OTC,0.06,0.06,90,0,Avenue Group Inc,0,0,0
20050106,55057,AVNU',OTC,0.06,0.06,0,0,Avenue Group Inc,0,0,0
20050107,55057,AVNU',OTC,0.06,0.06,0,0,Avenue Group Inc,0,0,0
20050110,55057,AVNU',OTC,0.06,0.06,0,0,Avenue Group Inc,0,0,0
20050111,55057,AVNU',OTC,0.08,0.08,410,0,Avenue Group Inc,0,0,0
20050112,55057,AVNU',OTC,0.13,0.13,860,0,Avenue Group Inc,0,0,0
20050113,55057,AVNU',OTC,0.13,0.13,1175,0,Avenue Group Inc,0,0,0
20050114,55057,AVNU',OTC,0.11,0.11,1220,0,Avenue Group Inc,0,0,0
20050118,55057,AVNU',OTC,0.08,0.08,1460,0,Avenue Group Inc,0,0,0
20050119,55057,AVNU',OTC,0.09,0.09,5,0,Avenue Group Inc,0,0,0
20050120,55057,AVNU',OTC,0.09,0.09,10,0,Avenue Group Inc,0,0,0
20050121,55057,AVNU',OTC,0.1,0.1,189,0,Avenue Group Inc,0,0,0
20050124,55057,AVNU',OTC,0.08,0.08,450,0,Avenue Group Inc,0,0,0
20050125,55057,AVNU',OTC,0.07,0.07,250,0,Avenue Group Inc,0,0,0
20050126,55057,AVNU',OTC,0.08,0.08,50,0,Avenue Group Inc,0,0,0
20050127,55057,AVNU',OTC,0.07,0.07,50,0,Avenue Group Inc,0,0,0
20050128,55057,AVNU',OTC,0.07,0.07,0,0,Avenue Group Inc,0,0,0
20050131,55057,AVNU',OTC,0.07,0.07,50,0,Avenue Group Inc,0,0,0
20050201,55057,AVNU',OTC,0.07,0.07,75,0,Avenue Group Inc,0,0,0
20050202,55057,AVNU',OTC,0.07,0.07,0,0,Avenue Group Inc,0,0,0
20050203,55057,AVNU',OTC,0.07,0.07,0,0,Avenue Group Inc,0,0,0
20050204,55057,AVNU',OTC,0.07,0.07,0,0,Avenue Group Inc,0,0,0
20050207,55057,AVNU',OTC,0.08,0.08,750,0,Avenue Group Inc,0,0,0
20050208,55057,AVNU',OTC,0.08,0.08,20,0,Avenue Group Inc,0,0,0
20050209,55057,AVNU',OTC,0.07,0.07,100,0,Avenue Group Inc,0,0,0
20050210,55057,AVNU',OTC,0.07,0.07,150,0,Avenue Group Inc,0,0,0
20050211,55057,AVNU',OTC,0.06,0.06,150,0,Avenue Group Inc,0,0,0
20050214,55057,AVNU',OTC,0.06,0.06,7525,0,Avenue Group Inc,0,0,0
20050215,55057,AVNU',OTC,0.06,0.06,3792,0,Avenue Group Inc,0,0,0
20050216,55057,AVNU',OTC,0.06,0.06,2000,0,Avenue Group Inc,0,0,0
20050217,55057,AVNU',OTC,0.07,0.07,5405,0,Avenue Group Inc,0,0,0
20050218,55057,AVNU',OTC,0.08,0.08,1239,0,Avenue Group Inc,0,0,0
20050222,55057,AVNU',OTC,0.09,0.09,2873,0,Avenue Group Inc,0,0,0
20050223,55057,AVNU',OTC,0.09,0.09,2500,0,Avenue Group Inc,0,0,0
20050224,55057,AVNU',OTC,0.09,0.09,1250,0,Avenue Group Inc,0,0,0
20050225,55057,AVNU',OTC,0.09,0.09,150,0,Avenue Group Inc,0,0,0
20050228,55057,AVNU',OTC,0.07,0.07,853,0,Avenue Group Inc,0,0,0
20050301,55057,AVNU',OTC,0.07,0.07,0,0,Avenue Group Inc,0,0,0
20050302,55057,AVNU',OTC,0.07,0.07,0,0,Avenue Group Inc,0,0,0
20050303,55057,AVNU',OTC,0.07,0.07,0,0,Avenue Group Inc,0,0,0
20050304,55057,AVNU',OTC,0.07,0.07,50,0,Avenue Group Inc,0,0,0
20050307,55057,AVNU',OTC,0.07,0.07,0,0,Avenue Group Inc,0,0,0
20050308,55057,AVNU',OTC,0.07,0.07,0,0,Avenue Group Inc,0,0,0
20050309,55057,AVNU',OTC,0.07,0.07,0,0,Avenue Group Inc,0,0,0
20050310,55057,AVNU',OTC,0.07,0.07,0,0,Avenue Group Inc,0,0,0
20050311,55057,AVNU',OTC,0.07,0.07,10,0,Avenue Group Inc,0,0,0
20050314,55057,AVNU',OTC,0.07,0.07,0,0,Avenue Group Inc,0,0,0
20050315,55057,AVNU',OTC,0.07,0.07,0,0,Avenue Group Inc,0,0,0
20050316,55057,AVNU',OTC,0.08,0.08,200,0,Avenue Group Inc,0,0,0
20050317,55057,AVNU',OTC,0.08,0.08,100,0,Avenue Group Inc,0,0,0
20050318,55057,AVNU',OTC,0.08,0.08,0,0,Avenue Group Inc,0,0,0
20050321,55057,AVNU',OTC,0.08,0.08,1020,0,Avenue Group Inc,0,0,0
20050322,55057,AVNU',OTC,0.09,0.09,20,0,Avenue Group Inc,0,0,0
20050323,55057,AVNU',OTC,0.06,0.06,3578,0,Avenue Group Inc,0,0,0
20050324,55057,AVNU',OTC,0.06,0.06,3730,0,Avenue Group Inc,0,0,0
20050328,55057,AVNU',OTC,0.06,0.06,5707,0,Avenue Group Inc,0,0,0
20050329,55057,AVNU',OTC,0.08,0.08,350,0,Avenue Group Inc,0,0,0
20050330,55057,AVNU',OTC,0.07,0.07,100,0,Avenue Group Inc,0,0,0
20050331,55057,AVNU',OTC,0.06,0.06,270,0,Avenue Group Inc,0,0,0
20050401,55057,AVNU',OTC,0.06,0.06,0,0,Avenue Group Inc,0,0,0
20050404,55057,AVNU',OTC,0.06,0.06,0,0,Avenue Group Inc,0,0,0
20050405,55057,AVNU',OTC,0.06,0.06,0,0,Avenue Group Inc,0,0,0
20050406,55057,AVNU',OTC,0.07,0.07,265,0,Avenue Group Inc,0,0,0
20050407,55057,AVNU',OTC,0.07,0.07,4625,0,Avenue Group Inc,0,0,0
20050408,55057,AVNU',OTC,0.07,0.07,0,0,Avenue Group Inc,0,0,0
20050411,55057,AVNU',OTC,0.07,0.07,100,0,Avenue Group Inc,0,0,0
20050412,55057,AVNU',OTC,0.07,0.07,0,0,Avenue Group Inc,0,0,0
20050413,55057,AVNU',OTC,0.07,0.07,4200,0,Avenue Group Inc,0,0,0
20050414,55057,AVNU',OTC,0.07,0.07,825,0,Avenue Group Inc,0,0,0
20050415,55057,AVNU',OTC,0.07,0.07,130,0,Avenue Group Inc,0,0,0
20050418,55057,AVNU',OTC,0.07,0.07,0,0,Avenue Group Inc,0,0,0
20050419,55057,AVNU',OTC,0.07,0.07,25,0,Avenue Group Inc,0,0,0
20050420,55057,AVNU',OTC,0.07,0.07,100,0,Avenue Group Inc,0,0,0
20050421,55057,AVNU',OTC,0.07,0.07,0,0,Avenue Group Inc,0,0,0
20050422,55057,AVNU',OTC,0.07,0.07,36,0,Avenue Group Inc,0,0,0
20050425,55057,AVNU',OTC,0.06,0.06,800,0,Avenue Group Inc,0,0,0
20050426,55057,AVNU',OTC,0.06,0.06,15,0,Avenue Group Inc,0,0,0
20050427,55057,AVNU',OTC,0.06,0.06,0,0,Avenue Group Inc,0,0,0
20050428,55057,AVNU',OTC,0.06,0.06,0,0,Avenue Group Inc,0,0,0
20050429,55057,AVNU',OTC,0.06,0.06,11,0,Avenue Group Inc,0,0,0
20050502,55057,AVNU',OTC,0.06,0.06,0,0,Avenue Group Inc,0,0,0
20050503,55057,AVNU',OTC,0.06,0.06,0,0,Avenue Group Inc,0,0,0
20050504,55057,AVNU',OTC,0.06,0.06,0,0,Avenue Group Inc,0,0,0
20050505,55057,AVNU',OTC,0.06,0.06,0,0,Avenue Group Inc,0,0,0
20050506,55057,AVNU',OTC,0.06,0.06,0,0,Avenue Group Inc,0,0,0
20050509,55057,AVNU',OTC,0.06,0.06,0,0,Avenue Group Inc,0,0,0
20050510,55057,AVNU',OTC,0.06,0.06,0,0,Avenue Group Inc,0,0,0
20050511,55057,AVNU',OTC,0.06,0.06,0,0,Avenue Group Inc,0,0,0
20050512,55057,AVNU',OTC,0.06,0.06,0,0,Avenue Group Inc,0,0,0
20050513,55057,AVNU',OTC,0.06,0.06,0,0,Avenue Group Inc,0,0,0
20050516,55057,AVNU',OTC,0.06,0.06,10,0,Avenue Group Inc,0,0,0
20050517,55057,AVNU',OTC,0.06,0.06,0,0,Avenue Group Inc,0,0,0
20050518,55057,AVNU',OTC,0.06,0.06,0,0,Avenue Group Inc,0,0,0
20050519,55057,AVNU',OTC,0.06,0.06,40,0,Avenue Group Inc,0,0,0
20050520,55057,AVNU',OTC,0.06,0.06,0,0,Avenue Group Inc,0,0,0
20050523,55057,AVNU',OTC,0.04,0.04,1000,0,Avenue Group Inc,0,0,0
20050524,55057,AVNU',OTC,0.04,0.04,0,0,Avenue Group Inc,0,0,0
20050525,55057,AVNU',OTC,0.04,0.04,100,0,Avenue Group Inc,0,0,0
20050526,55057,AVNU',OTC,0.04,0.04,0,0,Avenue Group Inc,0,0,0
20050527,55057,AVNU',OTC,0.04,0.04,0,0,Avenue Group Inc,0,0,0
20050531,55057,AVNU',OTC,0.04,0.04,0,0,Avenue Group Inc,0,0,0
20050601,55057,AVNU',OTC,0.04,0.04,0,0,Avenue Group Inc,0,0,0
20050602,55057,AVNU',OTC,0.04,0.04,0,0,Avenue Group Inc,0,0,0
20050603,55057,AVNU',OTC,0.04,0.04,0,0,Avenue Group Inc,0,0,0
20050606,55057,AVNU',OTC,0.04,0.04,0,0,Avenue Group Inc,0,0,0
20050607,55057,AVNU',OTC,0.04,0.04,44,0,Avenue Group Inc,0,0,0
20050608,55057,AVNU',OTC,0.04,0.04,0,0,Avenue Group Inc,0,0,0
20050609,55057,AVNU',OTC,0.04,0.04,0,0,Avenue Group Inc,0,0,0
20050610,55057,AVNU',OTC,0.04,0.04,0,0,Avenue Group Inc,0,0,0
20050613,55057,AVNU',OTC,0.04,0.04,0,0,Avenue Group Inc,0,0,0
20050614,55057,AVNU',OTC,0.05,0.05,64,0,Avenue Group Inc,0,0,0
20050615,55057,AVNU',OTC,0.05,0.05,0,0,Avenue Group Inc,0,0,0
20050616,55057,AVNU',OTC,0.05,0.05,0,0,Avenue Group Inc,0,0,0
20050617,55057,AVNU',OTC,0.05,0.05,0,0,Avenue Group Inc,0,0,0
20050620,55057,AVNU',OTC,0.05,0.05,120,0,Avenue Group Inc,0,0,0
20050621,55057,AVNU',OTC,0.05,0.05,0,0,Avenue Group Inc,0,0,0
20050622,55057,AVNU',OTC,0.05,0.05,0,0,Avenue Group Inc,0,0,0
20050623,55057,AVNU',OTC,0.05,0.05,0,0,Avenue Group Inc,0,0,0
20050624,55057,AVNU',OTC,0.05,0.05,850,0,Avenue Group Inc,0,0,0
20050627,55057,AVNU',OTC,0.05,0.05,0,0,Avenue Group Inc,0,0,0
20050628,55057,AVNU',OTC,0.05,0.05,0,0,Avenue Group Inc,0,0,0
20050629,55057,AVNU',OTC,0.05,0.05,50,0,Avenue Group Inc,0,0,0
20050630,55057,AVNU',OTC,0.05,0.05,0,0,Avenue Group Inc,0,0,0
20050701,55057,AVNU',OTC,0.04,0.04,24,0,Avenue Group Inc,0,0,0
20050705,55057,AVNU',OTC,0.04,0.04,85,0,Avenue Group Inc,0,0,0
20050706,55057,AVNU',OTC,0.04,0.04,0,0,Avenue Group Inc,0,0,0
20050707,55057,AVNU',OTC,0.05,0.05,80,0,Avenue Group Inc,0,0,0
20050708,55057,AVNU',OTC,0.05,0.05,0,0,Avenue Group Inc,0,0,0
20050711,55057,AVNU',OTC,0.05,0.05,0,0,Avenue Group Inc,0,0,0
20050712,55057,AVNU',OTC,0.05,0.05,0,0,Avenue Group Inc,0,0,0
20050713,55057,AVNU',OTC,0.05,0.05,0,0,Avenue Group Inc,0,0,0
20050714,55057,AVNU',OTC,0.05,0.05,0,0,Avenue Group Inc,0,0,0
20050715,55057,AVNU',OTC,0.05,0.05,0,0,Avenue Group Inc,0,0,0
20050718,55057,AVNU',OTC,0.05,0.05,0,0,Avenue Group Inc,0,0,0
20050719,55057,AVNU',OTC,0.05,0.05,0,0,Avenue Group Inc,0,0,0
20050720,55057,AVNU',OTC,0.05,0.05,4,0,Avenue Group Inc,0,0,0
20050721,55057,AVNU',OTC,0.05,0.05,0,0,Avenue Group Inc,0,0,0
20050722,55057,AVNU',OTC,0.04,0.04,45,0,Avenue Group Inc,0,0,0
20050725,55057,AVNU',OTC,0.04,0.04,0,0,Avenue Group Inc,0,0,0
20050726,55057,AVNU',OTC,0.04,0.04,0,0,Avenue Group Inc,0,0,0
20050727,55057,AVNU',OTC,0.04,0.04,50,0,Avenue Group Inc,0,0,0
20050728,55057,AVNU',OTC,0.04,0.04,0,0,Avenue Group Inc,0,0,0
20050729,55057,AVNU',OTC,0.04,0.04,0,0,Avenue Group Inc,0,0,0
20050801,55057,AVNU',OTC,0.03,0.03,550,0,Avenue Group Inc,0,0,0
20050802,55057,AVNU',OTC,0.03,0.03,0,0,Avenue Group Inc,0,0,0
20050803,55057,AVNU',OTC,0.03,0.03,600,0,Avenue Group Inc,0,0,0
20050804,55057,AVNU',OTC,0.03,0.03,0,0,Avenue Group Inc,0,0,0
20050805,55057,AVNU',OTC,0.03,0.03,0,0,Avenue Group Inc,0,0,0
20050808,55057,AVNU',OTC,0.03,0.03,0,0,Avenue Group Inc,0,0,0
20050809,55057,AVNU',OTC,0.03,0.03,0,0,Avenue Group Inc,0,0,0
20050810,55057,AVNU',OTC,0.03,0.03,0,0,Avenue Group Inc,0,0,0
20050811,55057,AVNU',OTC,0.03,0.03,0,0,Avenue Group Inc,0,0,0
20050812,55057,AVNU',OTC,0.03,0.03,0,0,Avenue Group Inc,0,0,0
20050815,55057,AVNU',OTC,0.03,0.03,30,0,Avenue Group Inc,0,0,0
20050816,55057,AVNU',OTC,0.02,0.02,250,0,Avenue Group Inc,0,0,0
20050817,55057,AVNU',OTC,0.02,0.02,0,0,Avenue Group Inc,0,0,0
20050818,55057,AVNU',OTC,0.02,0.02,0,0,Avenue Group Inc,0,0,0
20050819,55057,AVNU',OTC,0.02,0.02,0,0,Avenue Group Inc,0,0,0
20050822,55057,AVNU',OTC,0.02,0.02,0,0,Avenue Group Inc,0,0,0
20050823,55057,AVNU',OTC,0.02,0.02,0,0,Avenue Group Inc,0,0,0
20050824,55057,AVNU',OTC,0.02,0.02,0,0,Avenue Group Inc,0,0,0
20050825,55057,AVNU',OTC,0.02,0.02,0,0,Avenue Group Inc,0,0,0
20050826,55057,AVNU',OTC,0.02,0.02,0,0,Avenue Group Inc,0,0,0
20050829,55057,AVNU',OTC,0.02,0.02,0,0,Avenue Group Inc,0,0,0
20050830,55057,AVNU',OTC,0.02,0.02,140,0,Avenue Group Inc,0,0,0
20050831,55057,AVNU',OTC,0.02,0.02,0,0,Avenue Group Inc,0,0,0
20050901,55057,AVNU',OTC,0.02,0.02,0,0,Avenue Group Inc,0,0,0
20050902,55057,AVNU',OTC,0.03,0.03,200,0,Avenue Group Inc,0,0,0
20050906,55057,AVNU',OTC,0.03,0.03,0,0,Avenue Group Inc,0,0,0
20050907,55057,AVNU',OTC,0.03,0.03,0,0,Avenue Group Inc,0,0,0
20050908,55057,AVNU',OTC,0.03,0.03,0,0,Avenue Group Inc,0,0,0
20050909,55057,AVNU',OTC,0.03,0.03,0,0,Avenue Group Inc,0,0,0
20050912,55057,AVNU',OTC,0.03,0.03,25,0,Avenue Group Inc,0,0,0
20050913,55057,AVNU',OTC,0.03,0.03,0,0,Avenue Group Inc,0,0,0
20050914,55057,AVNU',OTC,0.03,0.03,0,0,Avenue Group Inc,0,0,0
20050915,55057,AVNU',OTC,0.03,0.03,0,0,Avenue Group Inc,0,0,0
20050916,55057,AVNU',OTC,0.03,0.03,0,0,Avenue Group Inc,0,0,0
20050919,55057,AVNU',OTC,0.03,0.03,1650,0,Avenue Group Inc,0,0,0
20050920,55057,AVNU',OTC,0.03,0.03,225,0,Avenue Group Inc,0,0,0
20050921,55057,AVNU',OTC,0.03,0.03,0,0,Avenue Group Inc,0,0,0
20050922,55057,AVNU',OTC,0.03,0.03,0,0,Avenue Group Inc,0,0,0
20050923,55057,AVNU',OTC,0.03,0.03,35,0,Avenue Group Inc,0,0,0
20050926,55057,AVNU',OTC,0.03,0.03,0,0,Avenue Group Inc,0,0,0
20050927,55057,AVNU',OTC,0.03,0.03,0,0,Avenue Group Inc,0,0,0
20050928,55057,AVNU',OTC,0.03,0.03,0,0,Avenue Group Inc,0,0,0
20050929,55057,AVNU',OTC,0.03,0.03,500,0,Avenue Group Inc,0,0,0
20050930,55057,AVNU',OTC,0.03,0.03,0,0,Avenue Group Inc,0,0,0
20051003,55057,AVNU',OTC,0.03,0.03,50,0,Avenue Group Inc,0,0,0
20051004,55057,AVNU',OTC,0.03,0.03,10,0,Avenue Group Inc,0,0,0
20051005,55057,AVNU',OTC,0.03,0.03,100,0,Avenue Group Inc,0,0,0
20051006,55057,AVNU',OTC,0.02,0.02,105,0,Avenue Group Inc,0,0,0
20051007,55057,AVNU',OTC,0.02,0.02,0,0,Avenue Group Inc,0,0,0
20051010,55057,AVNU',OTC,0.02,0.02,0,0,Avenue Group Inc,0,0,0
20051011,55057,AVNU',OTC,0.03,0.03,30,0,Avenue Group Inc,0,0,0
20051012,55057,AVNU',OTC,0.03,0.03,0,0,Avenue Group Inc,0,0,0
20051013,55057,AVNU',OTC,0.03,0.03,0,0,Avenue Group Inc,0,0,0
20051014,55057,AVNU',OTC,0.03,0.03,0,0,Avenue Group Inc,0,0,0
20051017,55057,AVNU',OTC,0.03,0.03,0,0,Avenue Group Inc,0,0,0
20051018,55057,AVNU',OTC,0.03,0.03,50,0,Avenue Group Inc,0,0,0
20051019,55057,AVNU',OTC,0.03,0.03,0,0,Avenue Group Inc,0,0,0
20051020,55057,AVNU',OTC,0.03,0.03,0,0,Avenue Group Inc,0,0,0
20051021,55057,AVNU',OTC,0.03,0.03,0,0,Avenue Group Inc,0,0,0
20051024,55057,AVNU',OTC,0.03,0.03,0,0,Avenue Group Inc,0,0,0
20051025,55057,AVNU',OTC,0.03,0.03,0,0,Avenue Group Inc,0,0,0
20051026,55057,AVNU',OTC,0.03,0.03,0,0,Avenue Group Inc,0,0,0
20051027,55057,AVNU',OTC,0.03,0.03,0,0,Avenue Group Inc,0,0,0
20051028,55057,AVNU',OTC,0.03,0.03,26,0,Avenue Group Inc,0,0,0
20051031,55057,AVNU',OTC,0.03,0.03,72,0,Avenue Group Inc,0,0,0
20051101,55057,AVNU',OTC,0.03,0.03,50,0,Avenue Group Inc,0,0,0
20051102,55057,AVNU',OTC,0.03,0.03,0,0,Avenue Group Inc,0,0,0
20051103,55057,AVNU',OTC,0.03,0.03,200,0,Avenue Group Inc,0,0,0
20051104,55057,AVNU',OTC,0.04,0.04,11375,0,Avenue Group Inc,0,0,0
20051107,55057,AVNU',OTC,0.04,0.04,3635,0,Avenue Group Inc,0,0,0
20051108,55057,AVNU',OTC,0.03,0.03,901,0,Avenue Group Inc,0,0,0
20051109,55057,AVNU',OTC,0.03,0.03,403,0,Avenue Group Inc,0,0,0
20051110,55057,AVNU',OTC,0.03,0.03,60,0,Avenue Group Inc,0,0,0
20051111,55057,AVNU',OTC,0.03,0.03,100,0,Avenue Group Inc,0,0,0
20051114,55057,AVNU',OTC,0.03,0.03,2000,0,Avenue Group Inc,0,0,0
20051115,55057,AVNU',OTC,0.04,0.04,124,0,Avenue Group Inc,0,0,0
20051116,55057,AVNU',OTC,0.04,0.04,2300,0,Avenue Group Inc,0,0,0
20051117,55057,AVNU',OTC,0.04,0.04,190,0,Avenue Group Inc,0,0,0
20051118,55057,AVNU',OTC,0.04,0.04,150,0,Avenue Group Inc,0,0,0
20051121,55057,AVNU',OTC,0.07,0.07,5301,0,Avenue Group Inc,0,0,0
20051122,55057,AVNU',OTC,0.06,0.06,1025,0,Avenue Group Inc,0,0,0
20051123,55057,AVNU',OTC,0.06,0.06,381,0,Avenue Group Inc,0,0,0
20051125,55057,AVNU',OTC,0.06,0.06,15,0,Avenue Group Inc,0,0,0
20051128,55057,AVNU',OTC,0.07,0.07,386,0,Avenue Group Inc,0,0,0
20051129,55057,AVNU',OTC,0.07,0.07,3396,0,Avenue Group Inc,0,0,0
20051130,55057,AVNU',OTC,0.07,0.07,505,0,Avenue Group Inc,0,0,0
20051201,55057,AVNU',OTC,0.07,0.07,1584,0,Avenue Group Inc,0,0,0
20051202,55057,AVNU',OTC,0.06,0.06,380,0,Avenue Group Inc,0,0,0
20051205,55057,AVNU',OTC,0.06,0.06,1657,0,Avenue Group Inc,0,0,0
20051206,55057,AVNU',OTC,0.06,0.06,0,0,Avenue Group Inc,0,0,0
20051207,55057,AVNU',OTC,0.06,0.06,607,0,Avenue Group Inc,0,0,0
20051208,55057,AVNU',OTC,0.06,0.06,755,0,Avenue Group Inc,0,0,0
20051209,55057,AVNU',OTC,0.06,0.06,0,0,Avenue Group Inc,0,0,0
20051212,55057,AVNU',OTC,0.06,0.06,100,0,Avenue Group Inc,0,0,0
20051213,55057,AVNU',OTC,0.06,0.06,0,0,Avenue Group Inc,0,0,0
20051214,55057,AVNU',OTC,0.06,0.06,145,0,Avenue Group Inc,0,0,0
20051215,55057,AVNU',OTC,0.06,0.06,2045,0,Avenue Group Inc,0,0,0
20051216,55057,AVNU',OTC,0.06,0.06,0,0,Avenue Group Inc,0,0,0
20051219,55057,AVNU',OTC,0.06,0.06,1920,0,Avenue Group Inc,0,0,0
20051220,55057,AVNU',OTC,0.06,0.06,1035,0,Avenue Group Inc,0,0,0
20051221,55057,AVNU',OTC,0.06,0.06,10,0,Avenue Group Inc,0,0,0
20051222,55057,AVNU',OTC,0.06,0.06,45,0,Avenue Group Inc,0,0,0
20051223,55057,AVNU',OTC,0.06,0.06,50,0,Avenue Group Inc,0,0,0
20051227,55057,AVNU',OTC,0.05,0.05,198,0,Avenue Group Inc,0,0,0
20051228,55057,AVNU',OTC,0.05,0.05,0,0,Avenue Group Inc,0,0,0
20051229,55057,AVNU',OTC,0.05,0.05,110,0,Avenue Group Inc,0,0,0
20051230,55057,AVNU',OTC,0.05,0.05,1440,0,Avenue Group Inc,0,0,0
20060103,55057,AVNU',OTC,0.06,0.06,312,0,Avenue Group Inc,0,0,0
20060104,55057,AVNU',OTC,0.06,0.06,0,0,Avenue Group Inc,0,0,0
20060105,55057,AVNU',OTC,0.06,0.06,40,0,Avenue Group Inc,0,0,0
20060106,55057,AVNU',OTC,0.06,0.06,10,0,Avenue Group Inc,0,0,0
20060109,55057,AVNU',OTC,0.06,0.06,60,0,Avenue Group Inc,0,0,0
20060110,55057,AVNU',OTC,0.06,0.06,10,0,Avenue Group Inc,0,0,0
20060111,55057,AVNU',OTC,0.06,0.06,0,0,Avenue Group Inc,0,0,0
20060112,55057,AVNU',OTC,0.05,0.05,1107,0,Avenue Group Inc,0,0,0
20060113,55057,AVNU',OTC,0.05,0.05,420,0,Avenue Group Inc,0,0,0
20060117,55057,AVNU',OTC,0.05,0.05,91,0,Avenue Group Inc,0,0,0
20060118,55057,AVNU',OTC,0.05,0.05,45,0,Avenue Group Inc,0,0,0
20060119,55057,AVNU',OTC,0.05,0.05,2812,0,Avenue Group Inc,0,0,0
20060120,55057,AVNU',OTC,0.05,0.05,50,0,Avenue Group Inc,0,0,0
20060123,55057,AVNU',OTC,0.05,0.05,148,0,Avenue Group Inc,0,0,0
20060124,55057,AVNU',OTC,0.04,0.04,400,0,Avenue Group Inc,0,0,0
20060125,55057,AVNU',OTC,0.04,0.04,15,0,Avenue Group Inc,0,0,0
20060126,55057,AVNU',OTC,0.04,0.04,0,0,Avenue Group Inc,0,0,0
20060127,55057,AVNU',OTC,0.04,0.04,0,0,Avenue Group Inc,0,0,0
20060130,55057,AVNU',OTC,0.03,0.03,443,0,Avenue Group Inc,0,0,0
20060131,55057,AVNU',OTC,0.03,0.03,0,0,Avenue Group Inc,0,0,0
20060201,55057,AVNU',OTC,0.04,0.04,50,0,Avenue Group Inc,0,0,0
20060202,55057,AVNU',OTC,0.04,0.04,0,0,Avenue Group Inc,0,0,0
20060203,55057,AVNU',OTC,0.04,0.04,50,0,Avenue Group Inc,0,0,0
20060206,55057,AVNU',OTC,0.05,0.05,444,0,Avenue Group Inc,0,0,0
20060207,55057,AVNU',OTC,0.05,0.05,0,0,Avenue Group Inc,0,0,0
20060208,55057,AVNU',OTC,0.04,0.04,10,0,Avenue Group Inc,0,0,0
20060209,55057,AVNU',OTC,0.04,0.04,10,0,Avenue Group Inc,0,0,0
20060210,55057,AVNU',OTC,0.04,0.04,0,0,Avenue Group Inc,0,0,0
20060213,55057,AVNU',OTC,0.04,0.04,0,0,Avenue Group Inc,0,0,0
20060214,55057,AVNU',OTC,0.04,0.04,0,0,Avenue Group Inc,0,0,0
20060215,55057,AVNU',OTC,0.04,0.04,0,0,Avenue Group Inc,0,0,0
20060216,55057,AVNU',OTC,0.04,0.04,0,0,Avenue Group Inc,0,0,0
20060217,55057,AVNU',OTC,0.04,0.04,30,0,Avenue Group Inc,0,0,0
20060221,55057,AVNU',OTC,0.04,0.04,70,0,Avenue Group Inc,0,0,0
20060222,55057,AVNU',OTC,0.04,0.04,156,0,Avenue Group Inc,0,0,0
20060223,55057,AVNU',OTC,0.04,0.04,0,0,Avenue Group Inc,0,0,0
20060224,55057,AVNU',OTC,0.04,0.04,30,0,Avenue Group Inc,0,0,0
20060227,55057,AVNU',OTC,0.04,0.04,0,0,Avenue Group Inc,0,0,0
20060228,55057,AVNU',OTC,0.04,0.04,0,0,Avenue Group Inc,0,0,0
20060301,55057,AVNU',OTC,0.04,0.04,29,0,Avenue Group Inc,0,0,0
20060302,55057,AVNU',OTC,0.04,0.04,0,0,Avenue Group Inc,0,0,0
20060303,55057,AVNU',OTC,0.04,0.04,0,0,Avenue Group Inc,0,0,0
20060306,55057,AVNU',OTC,0.04,0.04,43,0,Avenue Group Inc,0,0,0
20060307,55057,AVNU',OTC,0.04,0.04,0,0,Avenue Group Inc,0,0,0
20060308,55057,AVNU',OTC,0.04,0.04,0,0,Avenue Group Inc,0,0,0
20060309,55057,AVNU',OTC,0.04,0.04,0,0,Avenue Group Inc,0,0,0
20060310,55057,AVNU',OTC,0.04,0.04,20,0,Avenue Group Inc,0,0,0
20060313,55057,AVNU',OTC,0.04,0.04,30,0,Avenue Group Inc,0,0,0
20060314,55057,AVNU',OTC,0.04,0.04,40,0,Avenue Group Inc,0,0,0
20060315,55057,AVNU',OTC,0.04,0.04,20,0,Avenue Group Inc,0,0,0
20060316,55057,AVNU',OTC,0.04,0.04,40,0,Avenue Group Inc,0,0,0
20060317,55057,AVNU',OTC,0.04,0.04,0,0,Avenue Group Inc,0,0,0
20060320,55057,AVNU',OTC,0.04,0.04,54,0,Avenue Group Inc,0,0,0
20060321,55057,AVNU',OTC,0.04,0.04,0,0,Avenue Group Inc,0,0,0
20060322,55057,AVNU',OTC,0.04,0.04,0,0,Avenue Group Inc,0,0,0
20060323,55057,AVNU',OTC,0.04,0.04,0,0,Avenue Group Inc,0,0,0
20060324,55057,AVNU',OTC,0.04,0.04,0,0,Avenue Group Inc,0,0,0
20060327,55057,AVNU',OTC,0.04,0.04,0,0,Avenue Group Inc,0,0,0
20060328,55057,AVNU',OTC,0.05,0.05,250,0,Avenue Group Inc,0,0,0
20060329,55057,AVNU',OTC,0.05,0.05,1,0,Avenue Group Inc,0,0,0
20060330,55057,AVNU',OTC,0.05,0.05,0,0,Avenue Group Inc,0,0,0
20060331,55057,AVNU',OTC,0.05,0.05,55,0,Avenue Group Inc,0,0,0
20060403,55057,AVNU',OTC,0.05,0.05,0,0,Avenue Group Inc,0,0,0
20060404,55057,AVNU',OTC,0.04,0.04,20,0,Avenue Group Inc,0,0,0
20060405,55057,AVNU',OTC,0.03,0.03,710,0,Avenue Group Inc,0,0,0
20060406,55057,AVNU',OTC,0.03,0.03,0,0,Avenue Group Inc,0,0,0
20060407,55057,AVNU',OTC,0.03,0.03,67,0,Avenue Group Inc,0,0,0
20060410,55057,AVNU',OTC,0.03,0.03,0,0,Avenue Group Inc,0,0,0
20060411,55057,AVNU',OTC,0.03,0.03,200,0,Avenue Group Inc,0,0,0
20060412,55057,AVNU',OTC,0.03,0.03,1600,0,Avenue Group Inc,0,0,0
20060413,55057,AVNU',OTC,0.03,0.03,0,0,Avenue Group Inc,0,0,0
20060417,55057,AVNU',OTC,0.04,0.04,803,0,Avenue Group Inc,0,0,0
20060418,55057,AVNU',OTC,0.04,0.04,0,0,Avenue Group Inc,0,0,0
20060419,55057,AVNU',OTC,0.04,0.04,10,0,Avenue Group Inc,0,0,0
20060420,55057,AVNU',OTC,0.03,0.03,500,0,Avenue Group Inc,0,0,0
20060421,55057,AVNU',OTC,0.03,0.03,0,0,Avenue Group Inc,0,0,0
20060424,55057,AVNU',OTC,0.03,0.03,150,0,Avenue Group Inc,0,0,0
20060425,55057,AVNU',OTC,0.03,0.03,0,0,Avenue Group Inc,0,0,0
20060426,55057,AVNU',OTC,0.03,0.03,0,0,Avenue Group Inc,0,0,0
20060427,55057,AVNU',OTC,0.03,0.03,0,0,Avenue Group Inc,0,0,0
20060428,55057,AVNU',OTC,0.02,0.02,8,0,Avenue Group Inc,0,0,0
20060501,55057,AVNU',OTC,0.02,0.02,111,0,Avenue Group Inc,0,0,0
20060502,55057,AVNU',OTC,0.02,0.02,0,0,Avenue Group Inc,0,0,0
20060503,55057,AVNU',OTC,0.06,0.06,165,0,Avenue Group Inc,0,0,0
20060504,55057,AVNU',OTC,0.05,0.05,18,0,Avenue Group Inc,0,0,0
20060505,55057,AVNU',OTC,0.04,0.04,400,0,Avenue Group Inc,0,0,0
20060508,55057,AVNU',OTC,0.04,0.04,10,0,Avenue Group Inc,0,0,0
20060509,55057,AVNU',OTC,0.05,0.05,500,0,Avenue Group Inc,0,0,0
20060510,55057,AVNU',OTC,0.04,0.04,2080,0,Avenue Group Inc,0,0,0
20060511,55057,AVNU',OTC,0.04,0.04,265,0,Avenue Group Inc,0,0,0
20060512,55057,AVNU',OTC,0.04,0.04,125,0,Avenue Group Inc,0,0,0
20060515,55057,AVNU',OTC,0.04,0.04,500,0,Avenue Group Inc,0,0,0
20060516,55057,AVNU',OTC,0.03,0.03,180,0,Avenue Group Inc,0,0,0
20060517,55057,AVNU',OTC,0.03,0.03,200,0,Avenue Group Inc,0,0,0
20060518,55057,AVNU',OTC,0.03,0.03,17,0,Avenue Group Inc,0,0,0
20060519,55057,AVNU',OTC,0.03,0.03,300,0,Avenue Group Inc,0,0,0
20060522,55057,AVNU',OTC,0.04,0.04,10,0,Avenue Group Inc,0,0,0
20060523,55057,AVNU',OTC,0.03,0.03,1000,0,Avenue Group Inc,0,0,0
20060524,55057,AVNU',OTC,0.03,0.03,510,0,Avenue Group Inc,0,0,0
20060525,55057,AVNU',OTC,0.03,0.03,990,0,Avenue Group Inc,0,0,0
20060526,55057,AVNU',OTC,0.03,0.03,500,0,Avenue Group Inc,0,0,0
20060530,55057,AVNU',OTC,0.03,0.03,0,0,Avenue Group Inc,0,0,0
20060531,55057,AVNU',OTC,0.03,0.03,420,0,Avenue Group Inc,0,0,0
20060601,55057,AVNU',OTC,0.03,0.03,0,0,Avenue Group Inc,0,0,0
20060602,55057,AVNU',OTC,0.03,0.03,0,0,Avenue Group Inc,0,0,0
20060605,55057,AVNU',OTC,0.03,0.03,0,0,Avenue Group Inc,0,0,0
20060606,55057,AVNU',OTC,0.03,0.03,0,0,Avenue Group Inc,0,0,0
20060607,55057,AVNU',OTC,0.03,0.03,80,0,Avenue Group Inc,0,0,0
20060608,55057,AVNU',OTC,0.03,0.03,0,0,Avenue Group Inc,0,0,0
20060609,55057,AVNU',OTC,0.03,0.03,232,0,Avenue Group Inc,0,0,0
20060612,55057,AVNU',OTC,0.03,0.03,0,0,Avenue Group Inc,0,0,0
20060613,55057,AVNU',OTC,0.03,0.03,0,0,Avenue Group Inc,0,0,0
20060614,55057,AVNU',OTC,0.03,0.03,0,0,Avenue Group Inc,0,0,0
20060615,55057,AVNU',OTC,0.03,0.03,0,0,Avenue Group Inc,0,0,0
20060616,55057,AVNU',OTC,0.03,0.03,0,0,Avenue Group Inc,0,0,0
20060619,55057,AVNU',OTC,0.03,0.03,0,0,Avenue Group Inc,0,0,0
20060620,55057,AVNU',OTC,0.03,0.03,0,0,Avenue Group Inc,0,0,0
20060621,55057,AVNU',OTC,0.03,0.03,0,0,Avenue Group Inc,0,0,0
20060622,55057,AVNU',OTC,0.04,0.04,150,0,Avenue Group Inc,0,0,0
20060623,55057,AVNU',OTC,0.04,0.04,848,0,Avenue Group Inc,0,0,0
20060626,55057,AVNU',OTC,0.03,0.03,370,0,Avenue Group Inc,0,0,0
20060627,55057,AVNU',OTC,0.03,0.03,300,0,Avenue Group Inc,0,0,0
20060628,55057,AVNU',OTC,0.03,0.03,0,0,Avenue Group Inc,0,0,0
20060629,55057,AVNU',OTC,0.03,0.03,0,0,Avenue Group Inc,0,0,0
20060630,55057,AVNU',OTC,0.03,0.03,10,0,Avenue Group Inc,0,0,0
20060703,55057,AVNU',OTC,0.03,0.03,0,0,Avenue Group Inc,0,0,0
20060705,55057,AVNU',OTC,0.03,0.03,0,0,Avenue Group Inc,0,0,0
20060706,55057,AVNU',OTC,0.03,0.03,0,0,Avenue Group Inc,0,0,0
20060707,55057,AVNU',OTC,0.03,0.03,0,0,Avenue Group Inc,0,0,0
20060710,55057,AVNU',OTC,0.03,0.03,0,0,Avenue Group Inc,0,0,0
20060711,55057,AVNU',OTC,0.03,0.03,100,0,Avenue Group Inc,0,0,0
20060712,55057,AVNU',OTC,0.03,0.03,0,0,Avenue Group Inc,0,0,0
20060713,55057,AVNU',OTC,0.03,0.03,7,0,Avenue Group Inc,0,0,0
20060714,55057,AVNU',OTC,0.04,0.04,1053,0,Avenue Group Inc,0,0,0
20060717,55057,AVNU',OTC,0.04,0.04,0,0,Avenue Group Inc,0,0,0
20060718,55057,AVNU',OTC,0.04,0.04,10,0,Avenue Group Inc,0,0,0
20060719,55057,AVNU',OTC,0.04,0.04,0,0,Avenue Group Inc,0,0,0
20060720,55057,AVNU',OTC,0.04,0.04,285,0,Avenue Group Inc,0,0,0
20060721,55057,AVNU',OTC,0.03,0.03,310,0,Avenue Group Inc,0,0,0
20060724,55057,AVNU',OTC,0.03,0.03,0,0,Avenue Group Inc,0,0,0
20060725,55057,AVNU',OTC,0.03,0.03,0,0,Avenue Group Inc,0,0,0
20060726,55057,AVNU',OTC,0.03,0.03,0,0,Avenue Group Inc,0,0,0
20060727,55057,AVNU',OTC,0.03,0.03,0,0,Avenue Group Inc,0,0,0
20060728,55057,AVNU',OTC,0.03,0.03,0,0,Avenue Group Inc,0,0,0
20060731,55057,AVNU',OTC,0.03,0.03,0,0,Avenue Group Inc,0,0,0
20060801,55057,AVNU',OTC,0.03,0.03,400,0,Avenue Group Inc,0,0,0
20060802,55057,AVNU',OTC,0.03,0.03,0,0,Avenue Group Inc,0,0,0
20060803,55057,AVNU',OTC,0.03,0.03,0,0,Avenue Group Inc,0,0,0
20060804,55057,AVNU',OTC,0.03,0.03,50,0,Avenue Group Inc,0,0,0
20060807,55057,AVNU',OTC,0.03,0.03,0,0,Avenue Group Inc,0,0,0
20060808,55057,AVNU',OTC,0.03,0.03,185,0,Avenue Group Inc,0,0,0
20060809,55057,AVNU',OTC,0.03,0.03,0,0,Avenue Group Inc,0,0,0
20060810,55057,AVNU',OTC,0.03,0.03,0,0,Avenue Group Inc,0,0,0
20060811,55057,AVNU',OTC,0.03,0.03,0,0,Avenue Group Inc,0,0,0
20060814,55057,AVNU',OTC,0.03,0.03,0,0,Avenue Group Inc,0,0,0
20060815,55057,AVNU',OTC,0.03,0.03,0,0,Avenue Group Inc,0,0,0
20060816,55057,AVNU',OTC,0.03,0.03,0,0,Avenue Group Inc,0,0,0
20060817,55057,AVNU',OTC,0.03,0.03,0,0,Avenue Group Inc,0,0,0
20060818,55057,AVNU',OTC,0.03,0.03,0,0,Avenue Group Inc,0,0,0
20060821,55057,AVNU',OTC,0.03,0.03,0,0,Avenue Group Inc,0,0,0
20060822,55057,AVNU',OTC,0.03,0.03,0,0,Avenue Group Inc,0,0,0
20060823,55057,AVNU',OTC,0.03,0.03,0,0,Avenue Group Inc,0,0,0
20060824,55057,AVNU',OTC,0.04,0.04,740,0,Avenue Group Inc,0,0,0
20060825,55057,AVNU',OTC,0.03,0.03,42,0,Avenue Group Inc,0,0,0
20060828,55057,AVNU',OTC,0.03,0.03,2,0,Avenue Group Inc,0,0,0
20060829,55057,AVNU',OTC,0.03,0.03,100,0,Avenue Group Inc,0,0,0
20060830,55057,AVNU',OTC,0.03,0.03,100,0,Avenue Group Inc,0,0,0
20060831,55057,AVNU',OTC,0.03,0.03,0,0,Avenue Group Inc,0,0,0
20060901,55057,AVNU',OTC,0.03,0.03,50,0,Avenue Group Inc,0,0,0
20060905,55057,AVNU',OTC,0.03,0.03,0,0,Avenue Group Inc,0,0,0
20060906,55057,AVNU',OTC,0.03,0.03,0,0,Avenue Group Inc,0,0,0
20060907,55057,AVNU',OTC,0.03,0.03,0,0,Avenue Group Inc,0,0,0
20060908,55057,AVNU',OTC,0.03,0.03,0,0,Avenue Group Inc,0,0,0
20060911,55057,AVNU',OTC,0.03,0.03,80,0,Avenue Group Inc,0,0,0
20060912,55057,AVNU',OTC,0.03,0.03,0,0,Avenue Group Inc,0,0,0
20060913,55057,AVNU',OTC,0.03,0.03,0,0,Avenue Group Inc,0,0,0
20060914,55057,AVNU',OTC,0.03,0.03,0,0,Avenue Group Inc,0,0,0
20060915,55057,AVNU',OTC,0.03,0.03,0,0,Avenue Group Inc,0,0,0
20060918,55057,AVNU',OTC,0.03,0.03,50,0,Avenue Group Inc,0,0,0
20060919,55057,AVNU',OTC,0.03,0.03,0,0,Avenue Group Inc,0,0,0
20060920,55057,AVNU',OTC,0.03,0.03,0,0,Avenue Group Inc,0,0,0
20060921,55057,AVNU',OTC,0.03,0.03,0,0,Avenue Group Inc,0,0,0
20060922,55057,AVNU',OTC,0.03,0.03,0,0,Avenue Group Inc,0,0,0
20060925,55057,AVNU',OTC,0.03,0.03,0,0,Avenue Group Inc,0,0,0
20060926,55057,AVNU',OTC,0.03,0.03,0,0,Avenue Group Inc,0,0,0
20060927,55057,AVNU',OTC,0.03,0.03,0,0,Avenue Group Inc,0,0,0
20060928,55057,AVNU',OTC,0.03,0.03,0,0,Avenue Group Inc,0,0,0
20060929,55057,AVNU',OTC,0.03,0.03,90,0,Avenue Group Inc,0,0,0
20061002,55057,AVNU',OTC,0.03,0.03,0,0,Avenue Group Inc,0,0,0
20061003,55057,AVNU',OTC,0.03,0.03,157,0,Avenue Group Inc,0,0,0
20061004,55057,AVNU',OTC,0.03,0.03,3,0,Avenue Group Inc,0,0,0
20061005,55057,AVNU',OTC,0.03,0.03,0,0,Avenue Group Inc,0,0,0
20061006,55057,AVNU',OTC,0.03,0.03,50,0,Avenue Group Inc,0,0,0
20061009,55057,AVNU',OTC,0.02,0.02,1100,0,Avenue Group Inc,0,0,0
20061010,55057,AVNU',OTC,0.02,0.02,0,0,Avenue Group Inc,0,0,0
20061011,55057,AVNU',OTC,0.02,0.02,0,0,Avenue Group Inc,0,0,0
20061012,55057,AVNU',OTC,0.02,0.02,0,0,Avenue Group Inc,0,0,0
20061013,55057,AVNU',OTC,0.02,0.02,0,0,Avenue Group Inc,0,0,0
20061016,55057,AVNU',OTC,0.02,0.02,0,0,Avenue Group Inc,0,0,0
20061017,55057,AVNU',OTC,0.02,0.02,0,0,Avenue Group Inc,0,0,0
20061018,55057,AVNU',OTC,0.03,0.03,919,0,Avenue Group Inc,0,0,0
20061019,55057,AVNU',OTC,0.03,0.03,0,0,Avenue Group Inc,0,0,0
20061020,55057,AVNU',OTC,0.03,0.03,165,0,Avenue Group Inc,0,0,0
20061023,55057,AVNU',OTC,0.03,0.03,128,0,Avenue Group Inc,0,0,0
20061024,55057,AVNU',OTC,0.03,0.03,0,0,Avenue Group Inc,0,0,0
20061025,55057,AVNU',OTC,0.03,0.03,0,0,Avenue Group Inc,0,0,0
20061026,55057,AVNU',OTC,0.03,0.03,572,0,Avenue Group Inc,0,0,0
20061027,55057,AVNU',OTC,0.03,0.03,60,0,Avenue Group Inc,0,0,0
20061030,55057,AVNU',OTC,0.02,0.02,5,0,Avenue Group Inc,0,0,0
20061031,55057,AVNU',OTC,0.02,0.02,10,0,Avenue Group Inc,0,0,0
20061101,55057,AVNU',OTC,0.02,0.02,0,0,Avenue Group Inc,0,0,0
20061102,55057,AVNU',OTC,0.02,0.02,0,0,Avenue Group Inc,0,0,0
20061103,55057,AVNU',OTC,0.02,0.02,0,0,Avenue Group Inc,0,0,0
20061106,55057,AVNU',OTC,0.02,0.02,0,0,Avenue Group Inc,0,0,0
20061107,55057,AVNU',OTC,0.02,0.02,0,0,Avenue Group Inc,0,0,0
20061108,55057,AVNU',OTC,0.02,0.02,0,0,Avenue Group Inc,0,0,0
20061109,55057,AVNU',OTC,0.02,0.02,0,0,Avenue Group Inc,0,0,0
20061110,55057,AVNU',OTC,0.02,0.02,20,0,Avenue Group Inc,0,0,0
20061113,55057,AVNU',OTC,0.02,0.02,0,0,Avenue Group Inc,0,0,0
20061114,55057,AVNU',OTC,0.02,0.02,0,0,Avenue Group Inc,0,0,0
20061115,55057,AVNU',OTC,0.02,0.02,0,0,Avenue Group Inc,0,0,0
20061116,55057,AVNU',OTC,0.02,0.02,0,0,Avenue Group Inc,0,0,0
20061117,55057,AVNU',OTC,0.02,0.02,0,0,Avenue Group Inc,0,0,0
20061120,55057,AVNU',OTC,0.02,0.02,25,0,Avenue Group Inc,0,0,0
20061121,55057,AVNU',OTC,0.02,0.02,0,0,Avenue Group Inc,0,0,0
20061122,55057,AVNU',OTC,0.02,0.02,0,0,Avenue Group Inc,0,0,0
20061124,55057,AVNU',OTC,0.02,0.02,0,0,Avenue Group Inc,0,0,0
20061127,55057,AVNU',OTC,0.02,0.02,0,0,Avenue Group Inc,0,0,0
20061128,55057,AVNU',OTC,0.02,0.02,0,0,Avenue Group Inc,0,0,0
20061129,55057,AVNU',OTC,0.02,0.02,0,0,Avenue Group Inc,0,0,0
20061130,55057,AVNU',OTC,0.02,0.02,50,0,Avenue Group Inc,0,0,0
20061201,55057,AVNU',OTC,0.02,0.02,0,0,Avenue Group Inc,0,0,0
20061204,55057,AVNU',OTC,0.02,0.02,50,0,Avenue Group Inc,0,0,0
20061205,55057,AVNU',OTC,0.02,0.02,0,0,Avenue Group Inc,0,0,0
20061206,55057,AVNU',OTC,0.02,0.02,0,0,Avenue Group Inc,0,0,0
20061207,55057,AVNU',OTC,0.02,0.02,116,0,Avenue Group Inc,0,0,0
20061208,55057,AVNU',OTC,0.02,0.02,10,0,Avenue Group Inc,0,0,0
20061211,55057,AVNU',OTC,0.02,0.02,10,0,Avenue Group Inc,0,0,0
20061212,55057,AVNU',OTC,0.02,0.02,853,0,Avenue Group Inc,0,0,0
20061213,55057,AVNU',OTC,0.02,0.02,0,0,Avenue Group Inc,0,0,0
20061214,55057,AVNU',OTC,0.02,0.02,0,0,Avenue Group Inc,0,0,0
20061215,55057,AVNU',OTC,0.02,0.02,0,0,Avenue Group Inc,0,0,0
20061218,55057,AVNU',OTC,0.02,0.02,11,0,Avenue Group Inc,0,0,0
20061219,55057,AVNU',OTC,0.03,0.03,31,0,Avenue Group Inc,0,0,0
20061220,55057,AVNU',OTC,0.02,0.02,40,0,Avenue Group Inc,0,0,0
20061221,55057,AVNU',OTC,0.02,0.02,20,0,Avenue Group Inc,0,0,0
20061222,55057,AVNU',OTC,0.02,0.02,20,0,Avenue Group Inc,0,0,0
20061226,55057,AVNU',OTC,0.02,0.02,30,0,Avenue Group Inc,0,0,0
20061227,55057,AVNU',OTC,0.02,0.02,0,0,Avenue Group Inc,0,0,0
20061228,55057,AVNU',OTC,0.02,0.02,387,0,Avenue Group Inc,0,0,0
20061229,55057,AVNU',OTC,0.02,0.02,736,0,Avenue Group Inc,0,0,0
20070103,55057,AVNU',OTC,0.02,0.02,0,0,Avenue Group Inc,0,0,0
20070104,55057,AVNU',OTC,0.02,0.02,0,0,Avenue Group Inc,0,0,0
20070105,55057,AVNU',OTC,0.02,0.02,55,0,Avenue Group Inc,0,0,0
20070108,55057,AVNU',OTC,0.02,0.02,0,0,Avenue Group Inc,0,0,0
20070109,55057,AVNU',OTC,0.02,0.02,50,0,Avenue Group Inc,0,0,0
20070110,55057,AVNU',OTC,0.02,0.02,50,0,Avenue Group Inc,0,0,0
20070111,55057,AVNU',OTC,0.02,0.02,0,0,Avenue Group Inc,0,0,0
20070112,55057,AVNU',OTC,0.02,0.02,400,0,Avenue Group Inc,0,0,0
20070116,55057,AVNU',OTC,0.02,0.02,0,0,Avenue Group Inc,0,0,0
20070117,55057,AVNU',OTC,0.02,0.02,120,0,Avenue Group Inc,0,0,0
20070118,55057,AVNU',OTC,0.02,0.02,0,0,Avenue Group Inc,0,0,0
20070119,55057,AVNU',OTC,0.02,0.02,0,0,Avenue Group Inc,0,0,0
20070122,55057,AVNU',OTC,0.02,0.02,0,0,Avenue Group Inc,0,0,0
20070123,55057,AVNU',OTC,0.02,0.02,0,0,Avenue Group Inc,0,0,0
20070124,55057,AVNU',OTC,0.02,0.02,0,0,Avenue Group Inc,0,0,0
20070125,55057,AVNU',OTC,0.02,0.02,120,0,Avenue Group Inc,0,0,0
20070126,55057,AVNU',OTC,0.02,0.02,0,0,Avenue Group Inc,0,0,0
20070129,55057,AVNU',OTC,0.02,0.02,0,0,Avenue Group Inc,0,0,0
20070130,55057,AVNU',OTC,0.02,0.02,0,0,Avenue Group Inc,0,0,0
20070131,55057,AVNU',OTC,0.02,0.02,0,0,Avenue Group Inc,0,0,0
20070201,55057,AVNU',OTC,0.02,0.02,0,0,Avenue Group Inc,0,0,0
20070202,55057,AVNU',OTC,0.02,0.02,56,0,Avenue Group Inc,0,0,0
20070205,55057,AVNU',OTC,0.02,0.02,0,0,Avenue Group Inc,0,0,0
20070206,55057,AVNU',OTC,0.02,0.02,0,0,Avenue Group Inc,0,0,0
20070207,55057,AVNU',OTC,0.02,0.02,0,0,Avenue Group Inc,0,0,0
20070208,55057,AVNU',OTC,0.02,0.02,100,0,Avenue Group Inc,0,0,0
20070209,55057,AVNU',OTC,0.02,0.02,0,0,Avenue Group Inc,0,0,0
20070212,55057,AVNU',OTC,0.02,0.02,300,0,Avenue Group Inc,0,0,0
20070213,55057,AVNU',OTC,0.02,0.02,0,0,Avenue Group Inc,0,0,0
20070214,55057,AVNU',OTC,0.02,0.02,0,0,Avenue Group Inc,0,0,0
20070215,55057,AVNU',OTC,0.02,0.02,0,0,Avenue Group Inc,0,0,0
20070216,55057,AVNU',OTC,0.02,0.02,0,0,Avenue Group Inc,0,0,0
20070220,55057,AVNU',OTC,0.02,0.02,0,0,Avenue Group Inc,0,0,0
20070221,55057,AVNU',OTC,0.02,0.02,0,0,Avenue Group Inc,0,0,0
20070222,55057,AVNU',OTC,0.02,0.02,0,0,Avenue Group Inc,0,0,0
20070223,55057,AVNU',OTC,0.02,0.02,0,0,Avenue Group Inc,0,0,0
20070226,55057,AVNU',OTC,0.02,0.02,0,0,Avenue Group Inc,0,0,0
20070227,55057,AVNU',OTC,0.02,0.02,239,0,Avenue Group Inc,0,0,0
20070228,55057,AVNU',OTC,0.02,0.02,0,0,Avenue Group Inc,0,0,0
20070301,55057,AVNU',OTC,0.02,0.02,35,0,Avenue Group Inc,0,0,0
20070302,55057,AVNU',OTC,0.02,0.02,0,0,Avenue Group Inc,0,0,0
20070305,55057,AVNU',OTC,0.02,0.02,0,0,Avenue Group Inc,0,0,0
20070306,55057,AVNU',OTC,0.02,0.02,0,0,Avenue Group Inc,0,0,0
20070307,55057,AVNU',OTC,0.02,0.02,145,0,Avenue Group Inc,0,0,0
20070308,55057,AVNU',OTC,0.01,0.01,470,0,Avenue Group Inc,0,0,0
20070309,55057,AVNU',OTC,0.01,0.01,319,0,Avenue Group Inc,0,0,0
20070312,55057,AVNU',OTC,0.02,0.02,500,0,Avenue Group Inc,0,0,0
20070313,55057,AVNU',OTC,0.01,0.01,50,0,Avenue Group Inc,0,0,0
20070314,55057,AVNU',OTC,0.01,0.01,200,0,Avenue Group Inc,0,0,0
20070315,55057,AVNU',OTC,0.01,0.01,364,0,Avenue Group Inc,0,0,0
20070316,55057,AVNU',OTC,0.01,0.01,0,0,Avenue Group Inc,0,0,0
20070319,55057,AVNU',OTC,0.01,0.01,0,0,Avenue Group Inc,0,0,0
20070320,55057,AVNU',OTC,0.01,0.01,650,0,Avenue Group Inc,0,0,0
20070321,55057,AVNU',OTC,0.01,0.01,0,0,Avenue Group Inc,0,0,0
20070322,55057,AVNU',OTC,0.01,0.01,0,0,Avenue Group Inc,0,0,0
20070323,55057,AVNU',OTC,0.01,0.01,1000,0,Avenue Group Inc,0,0,0
20070326,55057,AVNU',OTC,0.01,0.01,0,0,Avenue Group Inc,0,0,0
20070327,55057,AVNU',OTC,0.01,0.01,0,0,Avenue Group Inc,0,0,0
20070328,55057,AVNU',OTC,0.01,0.01,0,0,Avenue Group Inc,0,0,0
20070329,55057,AVNU',OTC,0.01,0.01,120,0,Avenue Group Inc,0,0,0
20070330,55057,AVNU',OTC,0.01,0.01,0,0,Avenue Group Inc,0,0,0
20070402,55057,AVNU',OTC,0.01,0.01,0,0,Avenue Group Inc,0,0,0
20070403,55057,AVNU',OTC,0.01,0.01,40,0,Avenue Group Inc,0,0,0
20070404,55057,AVNU',OTC,0.01,0.01,0,0,Avenue Group Inc,0,0,0
20070405,55057,AVNU',OTC,0.01,0.01,66,0,Avenue Group Inc,0,0,0
20070409,55057,AVNU',OTC,0.01,0.01,50,0,Avenue Group Inc,0,0,0
20070410,55057,AVNU',OTC,0.01,0.01,98,0,Avenue Group Inc,0,0,0
20070411,55057,AVNU',OTC,0.01,0.01,0,0,Avenue Group Inc,0,0,0
20070412,55057,AVNU',OTC,0.01,0.01,3252,0,Avenue Group Inc,0,0,0
20070413,55057,AVNU',OTC,0.01,0.01,440,0,Avenue Group Inc,0,0,0
20070416,55057,AVNU',OTC,0.01,0.01,200,0,Avenue Group Inc,0,0,0
20070417,55057,AVNU',OTC,0.01,0.01,65,0,Avenue Group Inc,0,0,0
20070418,55057,AVNU',OTC,0.01,0.01,100,0,Avenue Group Inc,0,0,0
20070419,55057,AVNU',OTC,0.01,0.01,130,0,Avenue Group Inc,0,0,0
20070420,55057,AVNU',OTC,0.01,0.01,0,0,Avenue Group Inc,0,0,0
20070423,55057,AVNU',OTC,0.01,0.01,0,0,Avenue Group Inc,0,0,0
20070424,55057,AVNU',OTC,0.01,0.01,0,0,Avenue Group Inc,0,0,0
20070425,55057,AVNU',OTC,0.01,0.01,567,0,Avenue Group Inc,0,0,0
20070426,55057,AVNU',OTC,0.01,0.01,0,0,Avenue Group Inc,0,0,0
20070427,55057,AVNU',OTC,0.01,0.01,0,0,Avenue Group Inc,0,0,0
20070430,55057,AVNU',OTC,0.01,0.01,0,0,Avenue Group Inc,0,0,0
20070501,55057,AVNU',OTC,0.01,0.01,0,0,Avenue Group Inc,0,0,0
20070502,55057,AVNU',OTC,0.01,0.01,50,0,Avenue Group Inc,0,0,0
20070503,55057,AVNU',OTC,0.01,0.01,0,0,Avenue Group Inc,0,0,0
20070504,55057,AVNU',OTC,0.01,0.01,0,0,Avenue Group Inc,0,0,0
20070507,55057,AVNU',OTC,0.01,0.01,100,0,Avenue Group Inc,0,0,0
20070508,55057,AVNU',OTC,0.01,0.01,500,0,Avenue Group Inc,0,0,0
20070509,55057,AVNU',OTC,0.01,0.01,0,0,Avenue Group Inc,0,0,0
20070510,55057,AVNU',OTC,0.01,0.01,0,0,Avenue Group Inc,0,0,0
20070511,55057,AVNU',OTC,0.01,0.01,0,0,Avenue Group Inc,0,0,0
20070514,55057,AVNU',OTC,0.01,0.01,0,0,Avenue Group Inc,0,0,0
20070515,55057,AVNU',OTC,0.01,0.01,0,0,Avenue Group Inc,0,0,0
20070516,55057,AVNU',OTC,0.01,0.01,320,0,Avenue Group Inc,0,0,0
20070517,55057,AVNU',OTC,0.01,0.01,0,0,Avenue Group Inc,0,0,0
20070518,55057,AVNU',OTC,0.01,0.01,0,0,Avenue Group Inc,0,0,0
20070521,55057,AVNU',OTC,0.01,0.01,0,0,Avenue Group Inc,0,0,0
20070522,55057,AVNU',OTC,0.01,0.01,0,0,Avenue Group Inc,0,0,0
20070523,55057,AVNU',OTC,0.01,0.01,390,0,Avenue Group Inc,0,0,0
20070524,55057,AVNU',OTC,0.01,0.01,1280,0,Avenue Group Inc,0,0,0
20070525,55057,AVNU',OTC,0.01,0.01,0,0,Avenue Group Inc,0,0,0
20070529,55057,AVNU',OTC,0.01,0.01,0,0,Avenue Group Inc,0,0,0
20070530,55057,AVNU',OTC,0.01,0.01,172,0,Avenue Group Inc,0,0,0
20070531,55057,AVNU',OTC,0.01,0.01,0,0,Avenue Group Inc,0,0,0
20070601,55057,AVNU',OTC,0.01,0.01,0,0,Avenue Group Inc,0,0,0
20070604,55057,AVNU',OTC,0.01,0.01,1592,0,Avenue Group Inc,0,0,0
20070605,55057,AVNU',OTC,0.01,0.01,1237,0,Avenue Group Inc,0,0,0
20070606,55057,AVNU',OTC,0.02,0.02,190,0,Avenue Group Inc,0,0,0
20070607,55057,AVNU',OTC,0.02,0.02,0,0,Avenue Group Inc,0,0,0
20070608,55057,AVNU',OTC,0.02,0.02,0,0,Avenue Group Inc,0,0,0
20070611,55057,AVNU',OTC,0.02,0.02,0,0,Avenue Group Inc,0,0,0
20070612,55057,AVNU',OTC,0.02,0.02,0,0,Avenue Group Inc,0,0,0
20070613,55057,AVNU',OTC,0.02,0.02,0,0,Avenue Group Inc,0,0,0
20070614,55057,AVNU',OTC,0.02,0.02,0,0,Avenue Group Inc,0,0,0
20070615,55057,AVNU',OTC,0.02,0.02,0,0,Avenue Group Inc,0,0,0
20070618,55057,AVNU',OTC,0.02,0.02,40,0,Avenue Group Inc,0,0,0
20070619,55057,AVNU',OTC,0.02,0.02,40,0,Avenue Group Inc,0,0,0
20070620,55057,AVNU',OTC,0.02,0.02,0,0,Avenue Group Inc,0,0,0
20070621,55057,AVNU',OTC,0.02,0.02,62,0,Avenue Group Inc,0,0,0
20070622,55057,AVNU',OTC,0.02,0.02,0,0,Avenue Group Inc,0,0,0
20070625,55057,AVNU',OTC,0.02,0.02,0,0,Avenue Group Inc,0,0,0
20070626,55057,AVNU',OTC,0.02,0.02,10,0,Avenue Group Inc,0,0,0
20070627,55057,AVNU',OTC,0.02,0.02,0,0,Avenue Group Inc,0,0,0
20070628,55057,AVNU',OTC,0.02,0.02,0,0,Avenue Group Inc,0,0,0
20070629,55057,AVNU',OTC,0.02,0.02,0,0,Avenue Group Inc,0,0,0
20070702,55057,AVNU',OTC,0.02,0.02,0,0,Avenue Group Inc,0,0,0
20070703,55057,AVNU',OTC,0.02,0.02,0,0,Avenue Group Inc,0,0,0
20070705,55057,AVNU',OTC,0.02,0.02,110,0,Avenue Group Inc,0,0,0
20070706,55057,AVNU',OTC,0.02,0.02,1433,0,Avenue Group Inc,0,0,0
20070709,55057,AVNU',OTC,0.02,0.02,0,0,Avenue Group Inc,0,0,0
20070710,55057,AVNU',OTC,0.02,0.02,0,0,Avenue Group Inc,0,0,0
20070711,55057,AVNU',OTC,0.02,0.02,0,0,Avenue Group Inc,0,0,0
20070712,55057,AVNU',OTC,0.02,0.02,0,0,Avenue Group Inc,0,0,0
20070713,55057,AVNU',OTC,0.02,0.02,0,0,Avenue Group Inc,0,0,0
20070716,55057,AVNU',OTC,0.03,0.03,510,0,Avenue Group Inc,0,0,0
20070717,55057,AVNU',OTC,0.02,0.02,1157,0,Avenue Group Inc,0,0,0
20070718,55057,AVNU',OTC,0.02,0.02,540,0,Avenue Group Inc,0,0,0
20070719,55057,AVNU',OTC,0.02,0.02,480,0,Avenue Group Inc,0,0,0
20070720,55057,AVNU',OTC,0.02,0.02,0,0,Avenue Group Inc,0,0,0
20070723,55057,AVNU',OTC,0.01,0.01,533,0,Avenue Group Inc,0,0,0
20070724,55057,AVNU',OTC,0.01,0.01,0,0,Avenue Group Inc,0,0,0
20070725,55057,AVNU',OTC,0.01,0.01,0,0,Avenue Group Inc,0,0,0
20070726,55057,AVNU',OTC,0.01,0.01,0,0,Avenue Group Inc,0,0,0
20070727,55057,AVNU',OTC,0.01,0.01,0,0,Avenue Group Inc,0,0,0
20070730,55057,AVNU',OTC,0.01,0.01,0,0,Avenue Group Inc,0,0,0
20070731,55057,AVNU',OTC,0.01,0.01,0,0,Avenue Group Inc,0,0,0
20070801,55057,AVNU',OTC,0.01,0.01,0,0,Avenue Group Inc,0,0,0
20070802,55057,AVNU',OTC,0.01,0.01,0,0,Avenue Group Inc,0,0,0
20070803,55057,AVNU',OTC,0.01,0.01,200,0,Avenue Group Inc,0,0,0
20070806,55057,AVNU',OTC,0.01,0.01,0,0,Avenue Group Inc,0,0,0
20070807,55057,AVNU',OTC,0.01,0.01,0,0,Avenue Group Inc,0,0,0
20070808,55057,AVNU',OTC,0.01,0.01,0,0,Avenue Group Inc,0,0,0
20070809,55057,AVNU',OTC,0.01,0.01,0,0,Avenue Group Inc,0,0,0
20070810,55057,AVNU',OTC,0.01,0.01,0,0,Avenue Group Inc,0,0,0
20070813,55057,AVNU',OTC,0.01,0.01,0,0,Avenue Group Inc,0,0,0
20070814,55057,AVNU',OTC,0.01,0.01,0,0,Avenue Group Inc,0,0,0
20070815,55057,AVNU',OTC,0.01,0.01,0,0,Avenue Group Inc,0,0,0
20070816,55057,AVNU',OTC,0.01,0.01,0,0,Avenue Group Inc,0,0,0
20070817,55057,AVNU',OTC,0.01,0.01,0,0,Avenue Group Inc,0,0,0
20070820,55057,AVNU',OTC,0.01,0.01,0,0,Avenue Group Inc,0,0,0
20070821,55057,AVNU',OTC,0.01,0.01,100,0,Avenue Group Inc,0,0,0
20070822,55057,AVNU',OTC,0.01,0.01,0,0,Avenue Group Inc,0,0,0
20070823,55057,AVNU',OTC,0.01,0.01,0,0,Avenue Group Inc,0,0,0
20070824,55057,AVNU',OTC,0.01,0.01,0,0,Avenue Group Inc,0,0,0
20070827,55057,AVNU',OTC,0.01,0.01,0,0,Avenue Group Inc,0,0,0
20070828,55057,AVNU',OTC,0.01,0.01,0,0,Avenue Group Inc,0,0,0
20070829,55057,AVNU',OTC,0.01,0.01,0,0,Avenue Group Inc,0,0,0
20070830,55057,AVNU',OTC,0.01,0.01,0,0,Avenue Group Inc,0,0,0
20070831,55057,AVNU',OTC,0.01,0.01,0,0,Avenue Group Inc,0,0,0
20070904,55057,AVNU',OTC,0.01,0.01,1602,0,Avenue Group Inc,0,0,0
20070905,55057,AVNU',OTC,0.01,0.01,5146,0,Avenue Group Inc,0,0,0
20070906,55057,AVNU',OTC,0.01,0.01,4,0,Avenue Group Inc,0,0,0
20070907,55057,AVNU',OTC,0.01,0.01,0,0,Avenue Group Inc,0,0,0
20070910,55057,AVNU',OTC,0.01,0.01,0,0,Avenue Group Inc,0,0,0
20070911,55057,AVNU',OTC,0.01,0.01,0,0,Avenue Group Inc,0,0,0
20070912,55057,AVNU',OTC,0.01,0.01,0,0,Avenue Group Inc,0,0,0
20070913,55057,AVNU',OTC,0.01,0.01,10,0,Avenue Group Inc,0,0,0
20070914,55057,AVNU',OTC,0.01,0.01,140,0,Avenue Group Inc,0,0,0
20070917,55057,AVNU',OTC,0.01,0.01,50,0,Avenue Group Inc,0,0,0
20070918,55057,AVNU',OTC,0.01,0.01,110,0,Avenue Group Inc,0,0,0
20070919,55057,AVNU',OTC,0.01,0.01,150,0,Avenue Group Inc,0,0,0
20070920,55057,AVNU',OTC,0.01,0.01,1051,0,Avenue Group Inc,0,0,0
20070921,55057,AVNU',OTC,0.01,0.01,0,0,Avenue Group Inc,0,0,0
20070924,55057,AVNU',OTC,0.01,0.01,0,0,Avenue Group Inc,0,0,0
20070925,55057,AVNU',OTC,0.02,0.02,3824,0,Avenue Group Inc,0,0,0
20070926,55057,AVNU',OTC,0.02,0.02,105,0,Avenue Group Inc,0,0,0
20070927,55057,AVNU',OTC,0.02,0.02,327,0,Avenue Group Inc,0,0,0
20070928,55057,AVNU',OTC,0.02,0.02,0,0,Avenue Group Inc,0,0,0
20071001,55057,AVNU',OTC,0.02,0.02,0,0,Avenue Group Inc,0,0,0
20071002,55057,AVNU',OTC,0.02,0.02,1,0,Avenue Group Inc,0,0,0
20071003,55057,AVNU',OTC,0.02,0.02,250,0,Avenue Group Inc,0,0,0
20071004,55057,AVNU',OTC,0.02,0.02,0,0,Avenue Group Inc,0,0,0
20071005,55057,AVNU',OTC,0.02,0.02,0,0,Avenue Group Inc,0,0,0
20071008,55057,AVNU',OTC,0.02,0.02,2070,0,Avenue Group Inc,0,0,0
20071009,55057,AVNU',OTC,0.03,0.03,50,0,Avenue Group Inc,0,0,0
20071010,55057,AVNU',OTC,0.03,0.03,228,0,Avenue Group Inc,0,0,0
20071011,55057,AVNU',OTC,0.03,0.03,50,0,Avenue Group Inc,0,0,0
20071012,55057,AVNU',OTC,0.03,0.03,0,0,Avenue Group Inc,0,0,0
20071015,55057,AVNU',OTC,0.03,0.03,305,0,Avenue Group Inc,0,0,0
20071016,55057,AVNU',OTC,0.03,0.03,40,0,Avenue Group Inc,0,0,0
20071017,55057,AVNU',OTC,0.03,0.03,0,0,Avenue Group Inc,0,0,0
20071018,55057,AVNU',OTC,0.03,0.03,1150,0,Avenue Group Inc,0,0,0
20071019,55057,AVNU',OTC,0.03,0.03,1650,0,Avenue Group Inc,0,0,0
20071022,55057,AVNU',OTC,0.03,0.03,251,0,Avenue Group Inc,0,0,0
20071023,55057,AVNU',OTC,0.03,0.03,14,0,Avenue Group Inc,0,0,0
20071024,55057,AVNU',OTC,0.03,0.03,451,0,Avenue Group Inc,0,0,0
20071025,55057,AVNU',OTC,0.03,0.03,0,0,Avenue Group Inc,0,0,0
20071026,55057,AVNU',OTC,0.03,0.03,0,0,Avenue Group Inc,0,0,0
20071029,55057,AVNU',OTC,0.03,0.03,250,0,Avenue Group Inc,0,0,0
20071030,55057,AVNU',OTC,0.03,0.03,0,0,Avenue Group Inc,0,0,0
20071031,55057,AVNU',OTC,0.03,0.03,380,0,Avenue Group Inc,0,0,0
20071101,55057,AVNU',OTC,0.03,0.03,660,0,Avenue Group Inc,0,0,0
20071102,55057,AVNU',OTC,0.03,0.03,50,0,Avenue Group Inc,0,0,0
20071105,55057,AVNU',OTC,0.03,0.03,120,0,Avenue Group Inc,0,0,0
20071106,55057,AVNU',OTC,0.03,0.03,100,0,Avenue Group Inc,0,0,0
20071107,55057,AVNU',OTC,0.03,0.03,65,0,Avenue Group Inc,0,0,0
20071108,55057,AVNU',OTC,0.03,0.03,65,0,Avenue Group Inc,0,0,0
20071109,55057,AVNU',OTC,0.03,0.03,22,0,Avenue Group Inc,0,0,0
20071112,55057,AVNU',OTC,0.03,0.03,50,0,Avenue Group Inc,0,0,0
20071113,55057,AVNU',OTC,0.03,0.03,0,0,Avenue Group Inc,0,0,0
20071114,55057,AVNU',OTC,0.03,0.03,55,0,Avenue Group Inc,0,0,0
20071115,55057,AVNU',OTC,0.03,0.03,0,0,Avenue Group Inc,0,0,0
20071116,55057,AVNU',OTC,0.03,0.03,0,0,Avenue Group Inc,0,0,0
20071119,55057,AVNU',OTC,0.03,0.03,0,0,Avenue Group Inc,0,0,0
20071120,55057,AVNU',OTC,0.03,0.03,150,0,Avenue Group Inc,0,0,0
20071121,55057,AVNU',OTC,0.03,0.03,0,0,Avenue Group Inc,0,0,0
20071123,55057,AVNU',OTC,0.03,0.03,0,0,Avenue Group Inc,0,0,0
20071126,55057,AVNU',OTC,0.03,0.03,0,0,Avenue Group Inc,0,0,0
20071127,55057,AVNU',OTC,0.03,0.03,0,0,Avenue Group Inc,0,0,0
20071128,55057,AVNU',OTC,0.03,0.03,0,0,Avenue Group Inc,0,0,0
20071129,55057,AVNU',OTC,0.03,0.03,0,0,Avenue Group Inc,0,0,0
20071130,55057,AVNU',OTC,0.03,0.03,0,0,Avenue Group Inc,0,0,0
20071203,55057,AVNU',OTC,0.03,0.03,0,0,Avenue Group Inc,0,0,0
20071204,55057,AVNU',OTC,0.03,0.03,0,0,Avenue Group Inc,0,0,0
20071205,55057,AVNU',OTC,0.03,0.03,0,0,Avenue Group Inc,0,0,0
20071206,55057,AVNU',OTC,0.02,0.02,450,0,Avenue Group Inc,0,0,0
20071207,55057,AVNU',OTC,0.03,0.03,6,0,Avenue Group Inc,0,0,0
20071210,55057,AVNU',OTC,0.02,0.02,12,0,Avenue Group Inc,0,0,0
20071211,55057,AVNU',OTC,0.02,0.02,0,0,Avenue Group Inc,0,0,0
20071212,55057,AVNU',OTC,0.02,0.02,0,0,Avenue Group Inc,0,0,0
20071213,55057,AVNU',OTC,0.02,0.02,10,0,Avenue Group Inc,0,0,0
20071214,55057,AVNU',OTC,0.02,0.02,0,0,Avenue Group Inc,0,0,0
20071217,55057,AVNU',OTC,0.02,0.02,10,0,Avenue Group Inc,0,0,0
20071218,55057,AVNU',OTC,0.03,0.03,48,0,Avenue Group Inc,0,0,0
20071219,55057,AVNU',OTC,0.03,0.03,0,0,Avenue Group Inc,0,0,0
20071220,55057,AVNU',OTC,0.03,0.03,0,0,Avenue Group Inc,0,0,0
20071221,55057,AVNU',OTC,0.02,0.02,25,0,Avenue Group Inc,0,0,0
20071224,55057,AVNU',OTC,0.02,0.02,0,0,Avenue Group Inc,0,0,0
20071226,55057,AVNU',OTC,0.02,0.02,0,0,Avenue Group Inc,0,0,0
20071227,55057,AVNU',OTC,0.02,0.02,0,0,Avenue Group Inc,0,0,0
20071228,55057,AVNU',OTC,0.02,0.02,50,0,Avenue Group Inc,0,0,0
20071231,55057,AVNU',OTC,0.02,0.02,10,0,Avenue Group Inc,0,0,0
20080102,55057,AVNU',OTC,0.02,0.02,0,0,Avenue Group Inc,0,0,0
20080103,55057,AVNU',OTC,0.02,0.02,0,0,Avenue Group Inc,0,0,0
20080104,55057,AVNU',OTC,0.02,0.02,0,0,Avenue Group Inc,0,0,0
20080107,55057,AVNU',OTC,0.02,0.02,0,0,Avenue Group Inc,0,0,0
20080108,55057,AVNU',OTC,0.02,0.02,0,0,Avenue Group Inc,0,0,0
20080109,55057,AVNU',OTC,0.02,0.02,0,0,Avenue Group Inc,0,0,0
20080110,55057,AVNU',OTC,0.02,0.02,0,0,Avenue Group Inc,0,0,0
20080111,55057,AVNU',OTC,0.02,0.02,0,0,Avenue Group Inc,0,0,0
20080114,55057,AVNU',OTC,0.02,0.02,200,0,Avenue Group Inc,0,0,0
20080115,55057,AVNU',OTC,0.02,0.02,115,0,Avenue Group Inc,0,0,0
20080116,55057,AVNU',OTC,0.03,0.03,32,0,Avenue Group Inc,0,0,0
20080117,55057,AVNU',OTC,0.03,0.03,0,0,Avenue Group Inc,0,0,0
20080118,55057,AVNU',OTC,0.02,0.02,10,0,Avenue Group Inc,0,0,0
20080122,55057,AVNU',OTC,0.02,0.02,100,0,Avenue Group Inc,0,0,0
20080123,55057,AVNU',OTC,0.02,0.02,0,0,Avenue Group Inc,0,0,0
20080124,55057,AVNU',OTC,0.02,0.02,0,0,Avenue Group Inc,0,0,0
20080125,55057,AVNU',OTC,0.02,0.02,0,0,Avenue Group Inc,0,0,0
20080128,55057,AVNU',OTC,0.02,0.02,0,0,Avenue Group Inc,0,0,0
20080129,55057,AVNU',OTC,0.02,0.02,0,0,Avenue Group Inc,0,0,0
20080130,55057,AVNU',OTC,0.02,0.02,253,0,Avenue Group Inc,0,0,0
20080131,55057,AVNU',OTC,0.02,0.02,0,0,Avenue Group Inc,0,0,0
20080201,55057,AVNU',OTC,0.02,0.02,0,0,Avenue Group Inc,0,0,0
20080204,55057,AVNU',OTC,0.02,0.02,0,0,Avenue Group Inc,0,0,0
20080205,55057,AVNU',OTC,0.02,0.02,135,0,Avenue Group Inc,0,0,0
20080206,55057,AVNU',OTC,0.02,0.02,0,0,Avenue Group Inc,0,0,0
20080207,55057,AVNU',OTC,0.02,0.02,0,0,Avenue Group Inc,0,0,0
20080208,55057,AVNU',OTC,0.02,0.02,0,0,Avenue Group Inc,0,0,0
20080211,55057,AVNU',OTC,0.02,0.02,0,0,Avenue Group Inc,0,0,0
20080212,55057,AVNU',OTC,0.02,0.02,10,0,Avenue Group Inc,0,0,0
20080213,55057,AVNU',OTC,0.02,0.02,0,0,Avenue Group Inc,0,0,0
20080214,55057,AVNU',OTC,0.02,0.02,0,0,Avenue Group Inc,0,0,0
20080215,55057,AVNU',OTC,0.02,0.02,50,0,Avenue Group Inc,0,0,0
20080219,55057,AVNU',OTC,0.02,0.02,0,0,Avenue Group Inc,0,0,0
20080220,55057,AVNU',OTC,0.02,0.02,0,0,Avenue Group Inc,0,0,0
20080221,55057,AVNU',OTC,0.02,0.02,14,0,Avenue Group Inc,0,0,0
20080222,55057,AVNU',OTC,0.02,0.02,1,0,Avenue Group Inc,0,0,0
20080225,55057,AVNU',OTC,0.02,0.02,0,0,Avenue Group Inc,0,0,0
20080226,55057,AVNU',OTC,0.02,0.02,0,0,Avenue Group Inc,0,0,0
20080227,55057,AVNU',OTC,0.02,0.02,0,0,Avenue Group Inc,0,0,0
20080228,55057,AVNU',OTC,0.02,0.02,0,0,Avenue Group Inc,0,0,0
20080229,55057,AVNU',OTC,0.02,0.02,0,0,Avenue Group Inc,0,0,0
20080303,55057,AVNU',OTC,0.02,0.02,300,0,Avenue Group Inc,0,0,0
20080304,55057,AVNU',OTC,0.02,0.02,0,0,Avenue Group Inc,0,0,0
20080305,55057,AVNU',OTC,0.01,0.01,250,0,Avenue Group Inc,0,0,0
20080306,55057,AVNU',OTC,0.01,0.01,300,0,Avenue Group Inc,0,0,0
20080307,55057,AVNU',OTC,0.01,0.01,0,0,Avenue Group Inc,0,0,0
20080310,55057,AVNU',OTC,0.01,0.01,0,0,Avenue Group Inc,0,0,0
20080311,55057,AVNU',OTC,0.01,0.01,0,0,Avenue Group Inc,0,0,0
20080312,55057,AVNU',OTC,0.01,0.01,0,0,Avenue Group Inc,0,0,0
20080313,55057,AVNU',OTC,0.01,0.01,0,0,Avenue Group Inc,0,0,0
20080314,55057,AVNU',OTC,0.01,0.01,150,0,Avenue Group Inc,0,0,0
20080317,55057,AVNU',OTC,0.01,0.01,390,0,Avenue Group Inc,0,0,0
20080318,55057,AVNU',OTC,0.01,0.01,0,0,Avenue Group Inc,0,0,0
20080319,55057,AVNU',OTC,0.01,0.01,114,0,Avenue Group Inc,0,0,0
20080320,55057,AVNU',OTC,0.01,0.01,11429,0,Avenue Group Inc,0,0,0
