DDate,CSINumber,Symbol,Exchange,DClose,UnAdjustedClose,TotalVolume,Cash,MarketName,PTB,PSR,DPS
20031007,55092,CNTU',OTC,22.07292438,24.76,274,0,Merril Lynch & Co Inc Strides,0,0,0
20031008,55092,CNTU',OTC,22.06400963,24.75,57,0,Merril Lynch & Co Inc Strides,0,0,0
20031009,55092,CNTU',OTC,22.06400963,24.75,222,0,Merril Lynch & Co Inc Strides,0,0,0
20031010,55092,CNTU',OTC,22.05509488,24.74,38,0,Merril Lynch & Co Inc Strides,0,0,0
20031013,55092,CNTU',OTC,22.07292438,24.76,71,0,Merril Lynch & Co Inc Strides,0,0,0
20031014,55092,CNTU',OTC,22.24230466,24.95,75,0,Merril Lynch & Co Inc Strides,0,0,0
20031015,55092,CNTU',OTC,22.18881615,24.89,29,0,Merril Lynch & Co Inc Strides,0,0,0
20031016,55092,CNTU',OTC,22.18881615,24.89,108,0,Merril Lynch & Co Inc Strides,0,0,0
20031017,55092,CNTU',OTC,22.22447516,24.93,30,0,Merril Lynch & Co Inc Strides,0,0,0
20031020,55092,CNTU',OTC,22.25121941,24.96,18,0,Merril Lynch & Co Inc Strides,0,0,0
20031021,55092,CNTU',OTC,22.28687842,25,48,0,Merril Lynch & Co Inc Strides,0,0,0
20031022,55092,CNTU',OTC,22.06400963,24.75,40,0,Merril Lynch & Co Inc Strides,0,0,0
20031023,55092,CNTU',OTC,22.27796367,24.99,9,0,Merril Lynch & Co Inc Strides,0,0,0
20031024,55092,CNTU',OTC,22.27796367,24.99,21,0,Merril Lynch & Co Inc Strides,0,0,0
20031027,55092,CNTU',OTC,21.71633433,24.36,49,0,Merril Lynch & Co Inc Strides,0,0,0
20031028,55092,CNTU',OTC,22.27796367,24.99,20,0,Merril Lynch & Co Inc Strides,0,0,0
20031029,55092,CNTU',OTC,22.27796367,24.99,334,0,Merril Lynch & Co Inc Strides,0,0,0
20031030,55092,CNTU',OTC,22.26904891,24.98,18,0,Merril Lynch & Co Inc Strides,0,0,0
20031031,55092,CNTU',OTC,22.28687842,25,126,0,Merril Lynch & Co Inc Strides,0,0,0
20031103,55092,CNTU',OTC,22.28687842,25,123,0,Merril Lynch & Co Inc Strides,0,0,0
20031104,55092,CNTU',OTC,22.27796367,24.99,57,0,Merril Lynch & Co Inc Strides,0,0,0
20031105,55092,CNTU',OTC,22.48300295,25.22,26,0,Merril Lynch & Co Inc Strides,0,0,0
20031106,55092,CNTU',OTC,22.27796367,24.99,28,0,Merril Lynch & Co Inc Strides,0,0,0
20031107,55092,CNTU',OTC,22.28687842,25,27,0,Merril Lynch & Co Inc Strides,0,0,0
20031110,55092,CNTU',OTC,22.28687842,25,2,0,Merril Lynch & Co Inc Strides,0,0,0
20031111,55092,CNTU',OTC,22.28687842,25,0,0,Merril Lynch & Co Inc Strides,0,0,0
20031112,55092,CNTU',OTC,22.28687842,25,34,0,Merril Lynch & Co Inc Strides,0,0,0
20031113,55092,CNTU',OTC,22.37602593,25.1,21,0,Merril Lynch & Co Inc Strides,0,0,0
20031114,55092,CNTU',OTC,22.27796367,24.99,58,0,Merril Lynch & Co Inc Strides,0,0,0
20031117,55092,CNTU',OTC,22.27796367,24.99,0,0,Merril Lynch & Co Inc Strides,0,0,0
20031118,55092,CNTU',OTC,22.06400963,24.75,25,0,Merril Lynch & Co Inc Strides,0,0,0
20031119,55092,CNTU',OTC,22.06400963,24.75,38,0,Merril Lynch & Co Inc Strides,0,0,0
20031120,55092,CNTU',OTC,22.27796367,24.99,27,0,Merril Lynch & Co Inc Strides,0,0,0
20031121,55092,CNTU',OTC,22.28687842,25,79,0,Merril Lynch & Co Inc Strides,0,0,0
20031124,55092,CNTU',OTC,22.28687842,25,55,0,Merril Lynch & Co Inc Strides,0,0,0
20031125,55092,CNTU',OTC,22.42059969,25.15,120,0,Merril Lynch & Co Inc Strides,0,0,0
20031126,55092,CNTU',OTC,22.4919177,25.23,64,0,Merril Lynch & Co Inc Strides,0,0,0
20031128,55092,CNTU',OTC,22.70587173,25.47,17,0,Merril Lynch & Co Inc Strides,0,0,0
20031201,55092,CNTU',OTC,22.4740882,25.21,76,0,Merril Lynch & Co Inc Strides,0,0,0
20031202,55092,CNTU',OTC,22.55432096,25.3,39,0,Merril Lynch & Co Inc Strides,0,0,0
20031203,55092,CNTU',OTC,22.59889472,25.35,22,0,Merril Lynch & Co Inc Strides,0,0,0
20031204,55092,CNTU',OTC,22.68804223,25.45,42,0,Merril Lynch & Co Inc Strides,0,0,0
20031205,55092,CNTU',OTC,22.73261599,25.5,45,0,Merril Lynch & Co Inc Strides,0,0,0
20031208,55092,CNTU',OTC,22.73261599,25.5,26,0,Merril Lynch & Co Inc Strides,0,0,0
20031209,55092,CNTU',OTC,22.73261599,25.5,49,0,Merril Lynch & Co Inc Strides,0,0,0
20031210,55092,CNTU',OTC,23.08920604,25.9,99,0,Merril Lynch & Co Inc Strides,0,0,0
20031211,55092,CNTU',OTC,23.31207482,26.15,71,0,Merril Lynch & Co Inc Strides,0,0,0
20031212,55092,CNTU',OTC,23.22292731,26.05,160,0,Merril Lynch & Co Inc Strides,0,0,0
20031215,55092,CNTU',OTC,23.28533057,26.12,19,0,Merril Lynch & Co Inc Strides,0,0,0
20031216,55092,CNTU',OTC,23.51711411,26.38,36,0,Merril Lynch & Co Inc Strides,0,0,0
20031217,55092,CNTU',OTC,23.54065476,26,68,0,Merril Lynch & Co Inc Strides,0,0,0
20031218,55092,CNTU',OTC,23.54065476,26,14,0,Merril Lynch & Co Inc Strides,0,0,0
20031219,55092,CNTU',OTC,23.48633017,25.94,27,0,Merril Lynch & Co Inc Strides,0,0,0
20031222,55092,CNTU',OTC,23.31430231,25.75,4,0,Merril Lynch & Co Inc Strides,0,0,0
20031223,55092,CNTU',OTC,23.31430231,25.75,3,0,Merril Lynch & Co Inc Strides,0,0,0
20031224,55092,CNTU',OTC,23.3595728,25.8,25,0,Merril Lynch & Co Inc Strides,0,0,0
20031226,55092,CNTU',OTC,23.3595728,25.8,0,0,Merril Lynch & Co Inc Strides,0,0,0
20031229,55092,CNTU',OTC,23.20565314,25.63,22,0,Merril Lynch & Co Inc Strides,0,0,0
20031230,55092,CNTU',OTC,23.54065476,26,6,0,Merril Lynch & Co Inc Strides,0,0,0
20031231,55092,CNTU',OTC,23.8213318,26.31,18,0,Merril Lynch & Co Inc Strides,0,0,0
20040102,55092,CNTU',OTC,23.67646623,26.15,2,0,Merril Lynch & Co Inc Strides,0,0,0
20040105,55092,CNTU',OTC,23.60403345,26.07,22,0,Merril Lynch & Co Inc Strides,0,0,0
20040106,55092,CNTU',OTC,23.75795311,26.24,160,0,Merril Lynch & Co Inc Strides,0,0,0
20040107,55092,CNTU',OTC,23.3505187,25.79,66,0,Merril Lynch & Co Inc Strides,0,0,0
20040108,55092,CNTU',OTC,23.52254656,25.98,2,0,Merril Lynch & Co Inc Strides,0,0,0
20040109,55092,CNTU',OTC,23.38673509,25.83,23,0,Merril Lynch & Co Inc Strides,0,0,0
20040112,55092,CNTU',OTC,23.23281543,25.66,14,0,Merril Lynch & Co Inc Strides,0,0,0
20040113,55092,CNTU',OTC,23.10605806,25.52,33,0,Merril Lynch & Co Inc Strides,0,0,0
20040114,55092,CNTU',OTC,23.23281543,25.66,10,0,Merril Lynch & Co Inc Strides,0,0,0
20040115,55092,CNTU',OTC,23.24186953,25.67,54,0,Merril Lynch & Co Inc Strides,0,0,0
20040116,55092,CNTU',OTC,23.31430231,25.75,71,0,Merril Lynch & Co Inc Strides,0,0,0
20040120,55092,CNTU',OTC,23.53160066,25.99,15,0,Merril Lynch & Co Inc Strides,0,0,0
20040121,55092,CNTU',OTC,23.47727607,25.93,13,0,Merril Lynch & Co Inc Strides,0,0,0
20040122,55092,CNTU',OTC,23.52254656,25.98,21,0,Merril Lynch & Co Inc Strides,0,0,0
20040123,55092,CNTU',OTC,23.3414646,25.78,60,0,Merril Lynch & Co Inc Strides,0,0,0
20040126,55092,CNTU',OTC,23.3505187,25.79,45,0,Merril Lynch & Co Inc Strides,0,0,0
20040127,55092,CNTU',OTC,23.3414646,25.78,87,0,Merril Lynch & Co Inc Strides,0,0,0
20040128,55092,CNTU',OTC,23.51349247,25.97,21,0,Merril Lynch & Co Inc Strides,0,0,0
20040129,55092,CNTU',OTC,23.45011378,25.9,155,0,Merril Lynch & Co Inc Strides,0,0,0
20040130,55092,CNTU',OTC,23.71268262,26.19,81,0,Merril Lynch & Co Inc Strides,0,0,0
20040202,55092,CNTU',OTC,23.67646623,26.15,107,0,Merril Lynch & Co Inc Strides,0,0,0
20040203,55092,CNTU',OTC,23.60403345,26.07,118,0,Merril Lynch & Co Inc Strides,0,0,0
20040204,55092,CNTU',OTC,23.26903182,25.7,87,0,Merril Lynch & Co Inc Strides,0,0,0
20040205,55092,CNTU',OTC,23.58592525,26.05,12,0,Merril Lynch & Co Inc Strides,0,0,0
20040206,55092,CNTU',OTC,23.66741213,26.14,101,0,Merril Lynch & Co Inc Strides,0,0,0
20040209,55092,CNTU',OTC,23.66741213,26.14,60,0,Merril Lynch & Co Inc Strides,0,0,0
20040210,55092,CNTU',OTC,23.32335641,25.76,27,0,Merril Lynch & Co Inc Strides,0,0,0
20040211,55092,CNTU',OTC,23.76700721,26.25,10,0,Merril Lynch & Co Inc Strides,0,0,0
20040212,55092,CNTU',OTC,23.45011378,25.9,86,0,Merril Lynch & Co Inc Strides,0,0,0
20040213,55092,CNTU',OTC,23.45011378,25.9,4,0,Merril Lynch & Co Inc Strides,0,0,0
20040217,55092,CNTU',OTC,23.75795311,26.24,18,0,Merril Lynch & Co Inc Strides,0,0,0
20040218,55092,CNTU',OTC,23.76700721,26.25,56,0,Merril Lynch & Co Inc Strides,0,0,0
20040219,55092,CNTU',OTC,22.85254331,25.24,105,0,Merril Lynch & Co Inc Strides,0,0,0
20040220,55092,CNTU',OTC,23.44105968,25.89,13,0,Merril Lynch & Co Inc Strides,0,0,0
20040223,55092,CNTU',OTC,23.43200558,25.88,11,0,Merril Lynch & Co Inc Strides,0,0,0
20040224,55092,CNTU',OTC,23.42295149,25.87,128,0,Merril Lynch & Co Inc Strides,0,0,0
20040225,55092,CNTU',OTC,22.63524496,25,47,0,Merril Lynch & Co Inc Strides,0,0,0
20040226,55092,CNTU',OTC,22.73484004,25.11,29,0,Merril Lynch & Co Inc Strides,0,0,0
20040227,55092,CNTU',OTC,22.58997447,24.95,21,0,Merril Lynch & Co Inc Strides,0,0,0
20040301,55092,CNTU',OTC,22.98835478,25.39,36,0,Merril Lynch & Co Inc Strides,0,0,0
20040302,55092,CNTU',OTC,22.915922,25.31,22,0,Merril Lynch & Co Inc Strides,0,0,0
20040303,55092,CNTU',OTC,22.65335316,25.02,7,0,Merril Lynch & Co Inc Strides,0,0,0
20040304,55092,CNTU',OTC,22.98835478,25.39,17,0,Merril Lynch & Co Inc Strides,0,0,0
20040305,55092,CNTU',OTC,22.56281218,24.92,281,0,Merril Lynch & Co Inc Strides,0,0,0
20040308,55092,CNTU',OTC,22.42700071,24.77,298,0,Merril Lynch & Co Inc Strides,0,0,0
20040309,55092,CNTU',OTC,22.33645973,24.67,3,0,Merril Lynch & Co Inc Strides,0,0,0
20040310,55092,CNTU',OTC,22.52659579,24.88,80,0,Merril Lynch & Co Inc Strides,0,0,0
20040311,55092,CNTU',OTC,22.0376745,24.34,19,0,Merril Lynch & Co Inc Strides,0,0,0
20040312,55092,CNTU',OTC,22.05578269,24.36,902,0,Merril Lynch & Co Inc Strides,0,0,0
20040315,55092,CNTU',OTC,21.94713352,24.24,437,0,Merril Lynch & Co Inc Strides,0,0,0
20040316,55092,CNTU',OTC,21.82943024,24.11,127,0,Merril Lynch & Co Inc Strides,0,0,0
20040317,55092,CNTU',OTC,21.82574657,23.7,0,0,Merril Lynch & Co Inc Strides,0,0,0
20040318,55092,CNTU',OTC,21.8902108,23.77,81,0,Merril Lynch & Co Inc Strides,0,0,0
20040319,55092,CNTU',OTC,22.26778701,24.18,3,0,Merril Lynch & Co Inc Strides,0,0,0
20040322,55092,CNTU',OTC,22.07439432,23.97,11,0,Merril Lynch & Co Inc Strides,0,0,0
20040323,55092,CNTU',OTC,22.26778701,24.18,16,0,Merril Lynch & Co Inc Strides,0,0,0
20040324,55092,CNTU',OTC,22.26778701,24.18,0,0,Merril Lynch & Co Inc Strides,0,0,0
20040325,55092,CNTU',OTC,22.424343,24.35,5,0,Merril Lynch & Co Inc Strides,0,0,0
20040326,55092,CNTU',OTC,22.60852651,24.55,12,0,Merril Lynch & Co Inc Strides,0,0,0
20040329,55092,CNTU',OTC,22.84796508,24.81,42,0,Merril Lynch & Co Inc Strides,0,0,0
20040330,55092,CNTU',OTC,22.93084766,24.9,22,0,Merril Lynch & Co Inc Strides,0,0,0
20040331,55092,CNTU',OTC,22.88480178,24.85,8,0,Merril Lynch & Co Inc Strides,0,0,0
20040401,55092,CNTU',OTC,23.11503118,25.1,5,0,Merril Lynch & Co Inc Strides,0,0,0
20040402,55092,CNTU',OTC,23.20712294,25.2,34,0,Merril Lynch & Co Inc Strides,0,0,0
20040405,55092,CNTU',OTC,23.39130645,25.4,45,0,Merril Lynch & Co Inc Strides,0,0,0
20040406,55092,CNTU',OTC,23.02293942,25,25,0,Merril Lynch & Co Inc Strides,0,0,0
20040407,55092,CNTU',OTC,23.02293942,25,14,0,Merril Lynch & Co Inc Strides,0,0,0
20040408,55092,CNTU',OTC,22.70061827,24.65,233,0,Merril Lynch & Co Inc Strides,0,0,0
20040412,55092,CNTU',OTC,22.91242931,24.88,33,0,Merril Lynch & Co Inc Strides,0,0,0
20040413,55092,CNTU',OTC,22.78350085,24.74,29,0,Merril Lynch & Co Inc Strides,0,0,0
20040414,55092,CNTU',OTC,22.93084766,24.9,1,0,Merril Lynch & Co Inc Strides,0,0,0
20040415,55092,CNTU',OTC,22.54406228,24.48,61,0,Merril Lynch & Co Inc Strides,0,0,0
20040416,55092,CNTU',OTC,22.34146041,24.26,64,0,Merril Lynch & Co Inc Strides,0,0,0
20040419,55092,CNTU',OTC,22.10202184,24,83,0,Merril Lynch & Co Inc Strides,0,0,0
20040420,55092,CNTU',OTC,22.24936866,24.16,34,0,Merril Lynch & Co Inc Strides,0,0,0
20040421,55092,CNTU',OTC,22.45197052,24.38,4,0,Merril Lynch & Co Inc Strides,0,0,0
20040422,55092,CNTU',OTC,23.02293942,25,5,0,Merril Lynch & Co Inc Strides,0,0,0
20040423,55092,CNTU',OTC,22.93084766,24.9,11,0,Merril Lynch & Co Inc Strides,0,0,0
20040426,55092,CNTU',OTC,22.68219992,24.63,31,0,Merril Lynch & Co Inc Strides,0,0,0
20040427,55092,CNTU',OTC,22.68219992,24.63,0,0,Merril Lynch & Co Inc Strides,0,0,0
20040428,55092,CNTU',OTC,22.8019192,24.76,2,0,Merril Lynch & Co Inc Strides,0,0,0
20040429,55092,CNTU',OTC,22.70061827,24.65,12,0,Merril Lynch & Co Inc Strides,0,0,0
20040430,55092,CNTU',OTC,22.58089898,24.52,18,0,Merril Lynch & Co Inc Strides,0,0,0
20040503,55092,CNTU',OTC,22.58089898,24.52,0,0,Merril Lynch & Co Inc Strides,0,0,0
20040504,55092,CNTU',OTC,22.47038887,24.4,9,0,Merril Lynch & Co Inc Strides,0,0,0
20040505,55092,CNTU',OTC,22.47038887,24.4,0,0,Merril Lynch & Co Inc Strides,0,0,0
20040506,55092,CNTU',OTC,22.47038887,24.4,0,0,Merril Lynch & Co Inc Strides,0,0,0
20040507,55092,CNTU',OTC,21.77970069,23.65,11,0,Merril Lynch & Co Inc Strides,0,0,0
20040510,55092,CNTU',OTC,21.77970069,23.65,0,0,Merril Lynch & Co Inc Strides,0,0,0
20040511,55092,CNTU',OTC,22.20332278,24.11,64,0,Merril Lynch & Co Inc Strides,0,0,0
20040512,55092,CNTU',OTC,22.25857783,24.17,87,0,Merril Lynch & Co Inc Strides,0,0,0
20040513,55092,CNTU',OTC,22.64536321,24.59,3,0,Merril Lynch & Co Inc Strides,0,0,0
20040514,55092,CNTU',OTC,22.64536321,24.59,0,0,Merril Lynch & Co Inc Strides,0,0,0
20040517,55092,CNTU',OTC,22.64536321,24.59,0,0,Merril Lynch & Co Inc Strides,0,0,0
20040518,55092,CNTU',OTC,22.64536321,24.59,0,0,Merril Lynch & Co Inc Strides,0,0,0
20040519,55092,CNTU',OTC,22.4980164,24.43,177,0,Merril Lynch & Co Inc Strides,0,0,0
20040520,55092,CNTU',OTC,20.82194641,22.61,22,0,Merril Lynch & Co Inc Strides,0,0,0
20040521,55092,CNTU',OTC,20.6745996,22.45,37,0,Merril Lynch & Co Inc Strides,0,0,0
20040524,55092,CNTU',OTC,20.44437021,22.2,50,0,Merril Lynch & Co Inc Strides,0,0,0
20040525,55092,CNTU',OTC,20.6377629,22.41,14,0,Merril Lynch & Co Inc Strides,0,0,0
20040526,55092,CNTU',OTC,21.10743086,22.92,5,0,Merril Lynch & Co Inc Strides,0,0,0
20040527,55092,CNTU',OTC,21.17189509,22.99,23,0,Merril Lynch & Co Inc Strides,0,0,0
20040528,55092,CNTU',OTC,21.17189509,22.99,11,0,Merril Lynch & Co Inc Strides,0,0,0
20040601,55092,CNTU',OTC,21.17189509,22.99,0,0,Merril Lynch & Co Inc Strides,0,0,0
20040602,55092,CNTU',OTC,21.3192419,23.15,12,0,Merril Lynch & Co Inc Strides,0,0,0
20040603,55092,CNTU',OTC,21.44817036,23.29,1,0,Merril Lynch & Co Inc Strides,0,0,0
20040604,55092,CNTU',OTC,21.82574657,23.7,2,0,Merril Lynch & Co Inc Strides,0,0,0
20040607,55092,CNTU',OTC,22.05597597,23.95,29,0,Merril Lynch & Co Inc Strides,0,0,0
20040608,55092,CNTU',OTC,22.13885855,24.04,26,0,Merril Lynch & Co Inc Strides,0,0,0
20040609,55092,CNTU',OTC,21.91783833,23.8,11,0,Merril Lynch & Co Inc Strides,0,0,0
20040610,55092,CNTU',OTC,21.83495575,23.71,13,0,Merril Lynch & Co Inc Strides,0,0,0
20040614,55092,CNTU',OTC,21.83495575,23.71,0,0,Merril Lynch & Co Inc Strides,0,0,0
20040615,55092,CNTU',OTC,21.86258327,23.74,2,0,Merril Lynch & Co Inc Strides,0,0,0
20040616,55092,CNTU',OTC,21.85883551,23.33,0,0,Merril Lynch & Co Inc Strides,0,0,0
20040617,55092,CNTU',OTC,21.39036497,22.83,7,0,Merril Lynch & Co Inc Strides,0,0,0
20040618,55092,CNTU',OTC,21.5027979,22.95,13,0,Merril Lynch & Co Inc Strides,0,0,0
20040621,55092,CNTU',OTC,21.69955553,23.16,2,0,Merril Lynch & Co Inc Strides,0,0,0
20040622,55092,CNTU',OTC,21.48405908,22.93,91,0,Merril Lynch & Co Inc Strides,0,0,0
20040623,55092,CNTU',OTC,21.43721202,22.88,4,0,Merril Lynch & Co Inc Strides,0,0,0
20040624,55092,CNTU',OTC,21.59649201,23.05,1,0,Merril Lynch & Co Inc Strides,0,0,0
20040625,55092,CNTU',OTC,21.59649201,23.05,0,0,Merril Lynch & Co Inc Strides,0,0,0
20040628,55092,CNTU',OTC,20.87504737,22.28,35,0,Merril Lynch & Co Inc Strides,0,0,0
20040629,55092,CNTU',OTC,20.84693914,22.25,15,0,Merril Lynch & Co Inc Strides,0,0,0
20040630,55092,CNTU',OTC,20.68765915,22.08,37,0,Merril Lynch & Co Inc Strides,0,0,0
20040701,55092,CNTU',OTC,20.68765915,22.08,0,0,Merril Lynch & Co Inc Strides,0,0,0
20040702,55092,CNTU',OTC,20.68765915,22.08,0,0,Merril Lynch & Co Inc Strides,0,0,0
20040706,55092,CNTU',OTC,20.61270387,22,2,0,Merril Lynch & Co Inc Strides,0,0,0
20040707,55092,CNTU',OTC,20.38783801,21.76,16,0,Merril Lynch & Co Inc Strides,0,0,0
20040708,55092,CNTU',OTC,20.14423332,21.5,14,0,Merril Lynch & Co Inc Strides,0,0,0
20040709,55092,CNTU',OTC,20.31288272,21.68,22,0,Merril Lynch & Co Inc Strides,0,0,0
20040712,55092,CNTU',OTC,20.34099095,21.71,7,0,Merril Lynch & Co Inc Strides,0,0,0
20040713,55092,CNTU',OTC,20.40657683,21.78,30,0,Merril Lynch & Co Inc Strides,0,0,0
20040714,55092,CNTU',OTC,20.01306157,21.36,7,0,Merril Lynch & Co Inc Strides,0,0,0
20040715,55092,CNTU',OTC,20.30351331,21.67,4,0,Merril Lynch & Co Inc Strides,0,0,0
20040716,55092,CNTU',OTC,19.90999805,21.25,11,0,Merril Lynch & Co Inc Strides,0,0,0
20040719,55092,CNTU',OTC,20.06927804,21.42,14,0,Merril Lynch & Co Inc Strides,0,0,0
20040720,55092,CNTU',OTC,20.25666625,21.62,7,0,Merril Lynch & Co Inc Strides,0,0,0
20040721,55092,CNTU',OTC,20.25666625,21.62,0,0,Merril Lynch & Co Inc Strides,0,0,0
20040722,55092,CNTU',OTC,20.25666625,21.62,0,0,Merril Lynch & Co Inc Strides,0,0,0
20040723,55092,CNTU',OTC,20.2098192,21.57,12,0,Merril Lynch & Co Inc Strides,0,0,0
20040726,55092,CNTU',OTC,20.35972977,21.73,31,0,Merril Lynch & Co Inc Strides,0,0,0
20040727,55092,CNTU',OTC,20.25666625,21.62,3,0,Merril Lynch & Co Inc Strides,0,0,0
20040728,55092,CNTU',OTC,20.24729684,21.61,2,0,Merril Lynch & Co Inc Strides,0,0,0
20040729,55092,CNTU',OTC,20.24729684,21.61,0,0,Merril Lynch & Co Inc Strides,0,0,0
20040730,55092,CNTU',OTC,20.5564874,21.94,25,0,Merril Lynch & Co Inc Strides,0,0,0
20040802,55092,CNTU',OTC,20.5564874,21.94,0,0,Merril Lynch & Co Inc Strides,0,0,0
20040803,55092,CNTU',OTC,20.62207328,22.01,54,0,Merril Lynch & Co Inc Strides,0,0,0
20040804,55092,CNTU',OTC,20.65018151,22.04,65,0,Merril Lynch & Co Inc Strides,0,0,0
20040805,55092,CNTU',OTC,20.65018151,22.04,0,0,Merril Lynch & Co Inc Strides,0,0,0
20040806,55092,CNTU',OTC,20.63144269,22.02,14,0,Merril Lynch & Co Inc Strides,0,0,0
20040809,55092,CNTU',OTC,20.5564874,21.94,37,0,Merril Lynch & Co Inc Strides,0,0,0
20040810,55092,CNTU',OTC,20.61270387,22,23,0,Merril Lynch & Co Inc Strides,0,0,0
20040811,55092,CNTU',OTC,20.86567796,22.27,6,0,Merril Lynch & Co Inc Strides,0,0,0
20040812,55092,CNTU',OTC,20.94063325,22.35,4,0,Merril Lynch & Co Inc Strides,0,0,0
20040813,55092,CNTU',OTC,21.03432736,22.45,2,0,Merril Lynch & Co Inc Strides,0,0,0
20040816,55092,CNTU',OTC,20.7251368,22.12,3,0,Merril Lynch & Co Inc Strides,0,0,0
20040817,55092,CNTU',OTC,21.45595084,22.9,3,0,Merril Lynch & Co Inc Strides,0,0,0
20040818,55092,CNTU',OTC,21.4184732,22.86,1,0,Merril Lynch & Co Inc Strides,0,0,0
20040819,55092,CNTU',OTC,22.05559314,23.54,4,0,Merril Lynch & Co Inc Strides,0,0,0
20040820,55092,CNTU',OTC,22.35541428,23.86,18,0,Merril Lynch & Co Inc Strides,0,0,0
20040823,55092,CNTU',OTC,22.25235077,23.75,6,0,Merril Lynch & Co Inc Strides,0,0,0
20040824,55092,CNTU',OTC,22.41163075,23.92,13,0,Merril Lynch & Co Inc Strides,0,0,0
20040825,55092,CNTU',OTC,22.63649661,24.16,7,0,Merril Lynch & Co Inc Strides,0,0,0
20040826,55092,CNTU',OTC,22.85199306,24.39,18,0,Merril Lynch & Co Inc Strides,0,0,0
20040827,55092,CNTU',OTC,22.86136247,24.4,10,0,Merril Lynch & Co Inc Strides,0,0,0
20040830,55092,CNTU',OTC,22.86136247,24.4,0,0,Merril Lynch & Co Inc Strides,0,0,0
20040831,55092,CNTU',OTC,22.56154132,24.08,16,0,Merril Lynch & Co Inc Strides,0,0,0
20040901,55092,CNTU',OTC,22.95505658,24.5,43,0,Merril Lynch & Co Inc Strides,0,0,0
20040902,55092,CNTU',OTC,22.84262365,24.38,1,0,Merril Lynch & Co Inc Strides,0,0,0
20040903,55092,CNTU',OTC,22.93631776,24.48,28,0,Merril Lynch & Co Inc Strides,0,0,0
20040907,55092,CNTU',OTC,23.17055303,24.73,14,0,Merril Lynch & Co Inc Strides,0,0,0
20040908,55092,CNTU',OTC,22.93631776,24.48,12,0,Merril Lynch & Co Inc Strides,0,0,0
20040909,55092,CNTU',OTC,23.06748951,24.62,5,0,Merril Lynch & Co Inc Strides,0,0,0
20040910,55092,CNTU',OTC,23.65776239,25.25,274,0,Merril Lynch & Co Inc Strides,0,0,0
20040913,55092,CNTU',OTC,23.55469887,25.14,44,0,Merril Lynch & Co Inc Strides,0,0,0
20040914,55092,CNTU',OTC,23.49848241,25.08,10,0,Merril Lynch & Co Inc Strides,0,0,0
20040915,55092,CNTU',OTC,23.49848241,25.08,0,0,Merril Lynch & Co Inc Strides,0,0,0
20040916,55092,CNTU',OTC,23.65657384,24.84,34,0,Merril Lynch & Co Inc Strides,0,0,0
20040917,55092,CNTU',OTC,23.81847471,25.01,27,0,Merril Lynch & Co Inc Strides,0,0,0
20040920,55092,CNTU',OTC,23.74228607,24.93,32,0,Merril Lynch & Co Inc Strides,0,0,0
20040921,55092,CNTU',OTC,23.84704545,25.04,21,0,Merril Lynch & Co Inc Strides,0,0,0
20040922,55092,CNTU',OTC,23.5327673,24.71,35,0,Merril Lynch & Co Inc Strides,0,0,0
20040923,55092,CNTU',OTC,23.68514459,24.87,24,0,Merril Lynch & Co Inc Strides,0,0,0
20040924,55092,CNTU',OTC,23.78990397,24.98,38,0,Merril Lynch & Co Inc Strides,0,0,0
20040927,55092,CNTU',OTC,23.33277211,24.5,35,0,Merril Lynch & Co Inc Strides,0,0,0
20040928,55092,CNTU',OTC,23.52324372,24.7,33,0,Merril Lynch & Co Inc Strides,0,0,0
20040929,55092,CNTU',OTC,23.59943236,24.78,28,0,Merril Lynch & Co Inc Strides,0,0,0
20040930,55092,CNTU',OTC,24.22798867,25.44,56,0,Merril Lynch & Co Inc Strides,0,0,0
20041001,55092,CNTU',OTC,24.54226683,25.77,66,0,Merril Lynch & Co Inc Strides,0,0,0
20041004,55092,CNTU',OTC,24.47560176,25.7,44,0,Merril Lynch & Co Inc Strides,0,0,0
20041005,55092,CNTU',OTC,24.18989435,25.4,37,0,Merril Lynch & Co Inc Strides,0,0,0
20041006,55092,CNTU',OTC,24.18989435,25.4,14,0,Merril Lynch & Co Inc Strides,0,0,0
20041007,55092,CNTU',OTC,24.08513496,25.29,6,0,Merril Lynch & Co Inc Strides,0,0,0
20041008,55092,CNTU',OTC,23.80895113,25,1,0,Merril Lynch & Co Inc Strides,0,0,0
20041011,55092,CNTU',OTC,23.63752668,24.82,3,0,Merril Lynch & Co Inc Strides,0,0,0
20041012,55092,CNTU',OTC,23.675621,24.86,4,0,Merril Lynch & Co Inc Strides,0,0,0
20041013,55092,CNTU',OTC,23.675621,24.86,12,0,Merril Lynch & Co Inc Strides,0,0,0
20041014,55092,CNTU',OTC,23.675621,24.86,0,0,Merril Lynch & Co Inc Strides,0,0,0
20041015,55092,CNTU',OTC,23.98989916,25.19,23,0,Merril Lynch & Co Inc Strides,0,0,0
20041018,55092,CNTU',OTC,23.98989916,25.19,0,0,Merril Lynch & Co Inc Strides,0,0,0
20041019,55092,CNTU',OTC,24.26608299,25.48,9,0,Merril Lynch & Co Inc Strides,0,0,0
20041020,55092,CNTU',OTC,23.90418694,25.1,15,0,Merril Lynch & Co Inc Strides,0,0,0
20041021,55092,CNTU',OTC,24.02799348,25.23,12,0,Merril Lynch & Co Inc Strides,0,0,0
20041022,55092,CNTU',OTC,23.79942755,24.99,12,0,Merril Lynch & Co Inc Strides,0,0,0
20041025,55092,CNTU',OTC,23.49467298,24.67,4,0,Merril Lynch & Co Inc Strides,0,0,0
20041026,55092,CNTU',OTC,23.59943236,24.78,12,0,Merril Lynch & Co Inc Strides,0,0,0
20041027,55092,CNTU',OTC,23.59943236,24.78,0,0,Merril Lynch & Co Inc Strides,0,0,0
20041028,55092,CNTU',OTC,24.20894151,25.42,1,0,Merril Lynch & Co Inc Strides,0,0,0
20041029,55092,CNTU',OTC,23.95180484,25.15,20,0,Merril Lynch & Co Inc Strides,0,0,0
20041101,55092,CNTU',OTC,24.59940831,25.83,19,0,Merril Lynch & Co Inc Strides,0,0,0
20041102,55092,CNTU',OTC,24.28513015,25.5,61,0,Merril Lynch & Co Inc Strides,0,0,0
20041103,55092,CNTU',OTC,24.26608299,25.48,19,0,Merril Lynch & Co Inc Strides,0,0,0
20041104,55092,CNTU',OTC,24.43750744,25.66,23,0,Merril Lynch & Co Inc Strides,0,0,0
20041105,55092,CNTU',OTC,23.37086643,24.54,48,0,Merril Lynch & Co Inc Strides,0,0,0
20041108,55092,CNTU',OTC,23.65657384,24.84,3,0,Merril Lynch & Co Inc Strides,0,0,0
20041109,55092,CNTU',OTC,23.65657384,24.84,19,0,Merril Lynch & Co Inc Strides,0,0,0
20041110,55092,CNTU',OTC,23.34229569,24.51,11,0,Merril Lynch & Co Inc Strides,0,0,0
20041111,55092,CNTU',OTC,23.5803852,24.76,40,0,Merril Lynch & Co Inc Strides,0,0,0
20041112,55092,CNTU',OTC,23.30420137,24.47,7,0,Merril Lynch & Co Inc Strides,0,0,0
20041115,55092,CNTU',OTC,23.57086162,24.75,15,0,Merril Lynch & Co Inc Strides,0,0,0
20041116,55092,CNTU',OTC,23.70419175,24.89,5,0,Merril Lynch & Co Inc Strides,0,0,0
20041117,55092,CNTU',OTC,23.6280031,24.81,6,0,Merril Lynch & Co Inc Strides,0,0,0
20041118,55092,CNTU',OTC,23.5327673,24.71,7,0,Merril Lynch & Co Inc Strides,0,0,0
20041119,55092,CNTU',OTC,23.5803852,24.76,25,0,Merril Lynch & Co Inc Strides,0,0,0
20041122,55092,CNTU',OTC,23.42800791,24.6,9,0,Merril Lynch & Co Inc Strides,0,0,0
20041123,55092,CNTU',OTC,23.46610223,24.64,7,0,Merril Lynch & Co Inc Strides,0,0,0
20041124,55092,CNTU',OTC,23.46610223,24.64,6,0,Merril Lynch & Co Inc Strides,0,0,0
20041126,55092,CNTU',OTC,23.46610223,24.64,0,0,Merril Lynch & Co Inc Strides,0,0,0
20041129,55092,CNTU',OTC,23.24705988,24.41,29,0,Merril Lynch & Co Inc Strides,0,0,0
20041130,55092,CNTU',OTC,22.93278173,24.08,9,0,Merril Lynch & Co Inc Strides,0,0,0
20041201,55092,CNTU',OTC,23.40896075,24.58,5,0,Merril Lynch & Co Inc Strides,0,0,0
20041202,55092,CNTU',OTC,23.49467298,24.67,17,0,Merril Lynch & Co Inc Strides,0,0,0
20041203,55092,CNTU',OTC,23.1423005,24.3,2,0,Merril Lynch & Co Inc Strides,0,0,0
20041206,55092,CNTU',OTC,23.59943236,24.78,45,0,Merril Lynch & Co Inc Strides,0,0,0
20041207,55092,CNTU',OTC,23.44705507,24.62,33,0,Merril Lynch & Co Inc Strides,0,0,0
20041208,55092,CNTU',OTC,23.38991359,24.56,28,0,Merril Lynch & Co Inc Strides,0,0,0
20041209,55092,CNTU',OTC,23.61847952,24.8,3,0,Merril Lynch & Co Inc Strides,0,0,0
20041210,55092,CNTU',OTC,23.73276249,24.92,11,0,Merril Lynch & Co Inc Strides,0,0,0
20041213,55092,CNTU',OTC,23.76133323,24.95,15,0,Merril Lynch & Co Inc Strides,0,0,0
20041214,55092,CNTU',OTC,23.79942755,24.99,6,0,Merril Lynch & Co Inc Strides,0,0,0
20041215,55092,CNTU',OTC,24.09465854,25.3,12,0,Merril Lynch & Co Inc Strides,0,0,0
20041216,55092,CNTU',OTC,23.98431906,24.78,24,0,Merril Lynch & Co Inc Strides,0,0,0
20041217,55092,CNTU',OTC,24.03271357,24.83,14,0,Merril Lynch & Co Inc Strides,0,0,0
20041220,55092,CNTU',OTC,23.81977773,24.61,13,0,Merril Lynch & Co Inc Strides,0,0,0
20041221,55092,CNTU',OTC,23.90688785,24.7,20,0,Merril Lynch & Co Inc Strides,0,0,0
20041222,55092,CNTU',OTC,24.09078698,24.89,14,0,Merril Lynch & Co Inc Strides,0,0,0
20041223,55092,CNTU',OTC,24.19725491,25,15,0,Merril Lynch & Co Inc Strides,0,0,0
20041227,55092,CNTU',OTC,24.1585393,24.96,15,0,Merril Lynch & Co Inc Strides,0,0,0
20041228,55092,CNTU',OTC,24.39083294,25.2,12,0,Merril Lynch & Co Inc Strides,0,0,0
20041229,55092,CNTU',OTC,24.37147514,25.18,22,0,Merril Lynch & Co Inc Strides,0,0,0
20041230,55092,CNTU',OTC,24.33275953,25.14,15,0,Merril Lynch & Co Inc Strides,0,0,0
20041231,55092,CNTU',OTC,24.06175028,24.86,30,0,Merril Lynch & Co Inc Strides,0,0,0
20050103,55092,CNTU',OTC,23.32615373,24.1,21,0,Merril Lynch & Co Inc Strides,0,0,0
20050104,55092,CNTU',OTC,22.95835545,23.72,40,0,Merril Lynch & Co Inc Strides,0,0,0
20050105,55092,CNTU',OTC,22.77445632,23.53,13,0,Merril Lynch & Co Inc Strides,0,0,0
20050106,55092,CNTU',OTC,22.6970251,23.45,8,0,Merril Lynch & Co Inc Strides,0,0,0
20050107,55092,CNTU',OTC,22.49376816,23.24,6,0,Merril Lynch & Co Inc Strides,0,0,0
20050110,55092,CNTU',OTC,23.07450228,23.84,3,0,Merril Lynch & Co Inc Strides,0,0,0
20050111,55092,CNTU',OTC,22.56152047,23.31,18,0,Merril Lynch & Co Inc Strides,0,0,0
20050112,55092,CNTU',OTC,22.31954792,23.06,11,0,Merril Lynch & Co Inc Strides,0,0,0
20050113,55092,CNTU',OTC,21.80656612,22.53,7,0,Merril Lynch & Co Inc Strides,0,0,0
20050114,55092,CNTU',OTC,22.14532769,22.88,3,0,Merril Lynch & Co Inc Strides,0,0,0
20050118,55092,CNTU',OTC,21.85496063,22.58,7,0,Merril Lynch & Co Inc Strides,0,0,0
20050119,55092,CNTU',OTC,21.30326322,22.01,5,0,Merril Lynch & Co Inc Strides,0,0,0
20050120,55092,CNTU',OTC,21.65170369,22.37,3,0,Merril Lynch & Co Inc Strides,0,0,0
20050121,55092,CNTU',OTC,21.55491467,22.27,2,0,Merril Lynch & Co Inc Strides,0,0,0
20050124,55092,CNTU',OTC,21.50652016,22.22,3,0,Merril Lynch & Co Inc Strides,0,0,0
20050125,55092,CNTU',OTC,21.33229992,22.04,12,0,Merril Lynch & Co Inc Strides,0,0,0
20050126,55092,CNTU',OTC,21.7097771,22.43,8,0,Merril Lynch & Co Inc Strides,0,0,0
20050127,55092,CNTU',OTC,21.58395138,22.3,1,0,Merril Lynch & Co Inc Strides,0,0,0
20050128,55092,CNTU',OTC,21.42908894,22.14,13,0,Merril Lynch & Co Inc Strides,0,0,0
20050131,55092,CNTU',OTC,21.7000982,22.42,2,0,Merril Lynch & Co Inc Strides,0,0,0
20050201,55092,CNTU',OTC,21.66138259,22.38,2,0,Merril Lynch & Co Inc Strides,0,0,0
20050202,55092,CNTU',OTC,21.34197883,22.05,40,0,Merril Lynch & Co Inc Strides,0,0,0
20050203,55092,CNTU',OTC,21.13872189,21.84,5,0,Merril Lynch & Co Inc Strides,0,0,0
20050204,55092,CNTU',OTC,21.42908894,22.14,3,0,Merril Lynch & Co Inc Strides,0,0,0
20050207,55092,CNTU',OTC,21.6904193,22.41,6,0,Merril Lynch & Co Inc Strides,0,0,0
20050208,55092,CNTU',OTC,21.1967953,21.9,21,0,Merril Lynch & Co Inc Strides,0,0,0
20050209,55092,CNTU',OTC,21.03225396,21.73,34,0,Merril Lynch & Co Inc Strides,0,0,0
20050210,55092,CNTU',OTC,21.719456,22.44,37,0,Merril Lynch & Co Inc Strides,0,0,0
20050211,55092,CNTU',OTC,22.33890573,23.08,9,0,Merril Lynch & Co Inc Strides,0,0,0
20050214,55092,CNTU',OTC,22.28083232,23.02,55,0,Merril Lynch & Co Inc Strides,0,0,0
20050215,55092,CNTU',OTC,22.75509851,23.51,113,0,Merril Lynch & Co Inc Strides,0,0,0
20050216,55092,CNTU',OTC,22.32922683,23.07,60,0,Merril Lynch & Co Inc Strides,0,0,0
20050217,55092,CNTU',OTC,22.35826353,23.1,42,0,Merril Lynch & Co Inc Strides,0,0,0
20050218,55092,CNTU',OTC,22.90996094,23.67,4,0,Merril Lynch & Co Inc Strides,0,0,0
20050222,55092,CNTU',OTC,22.51312596,23.26,9,0,Merril Lynch & Co Inc Strides,0,0,0
20050223,55092,CNTU',OTC,22.48408926,23.23,1,0,Merril Lynch & Co Inc Strides,0,0,0
20050224,55092,CNTU',OTC,22.60991498,23.36,2,0,Merril Lynch & Co Inc Strides,0,0,0
20050225,55092,CNTU',OTC,23.21000691,23.98,19,0,Merril Lynch & Co Inc Strides,0,0,0
20050228,55092,CNTU',OTC,23.32615373,24.1,4,0,Merril Lynch & Co Inc Strides,0,0,0
20050301,55092,CNTU',OTC,23.84881443,24.64,17,0,Merril Lynch & Co Inc Strides,0,0,0
20050302,55092,CNTU',OTC,23.96496126,24.76,9,0,Merril Lynch & Co Inc Strides,0,0,0
20050303,55092,CNTU',OTC,24.11014479,24.91,4,0,Merril Lynch & Co Inc Strides,0,0,0
20050304,55092,CNTU',OTC,24.31340173,25.12,44,0,Merril Lynch & Co Inc Strides,0,0,0
20050307,55092,CNTU',OTC,24.54569538,25.36,9,0,Merril Lynch & Co Inc Strides,0,0,0
20050308,55092,CNTU',OTC,24.29404393,25.1,8,0,Merril Lynch & Co Inc Strides,0,0,0
20050309,55092,CNTU',OTC,24.28436502,25.09,21,0,Merril Lynch & Co Inc Strides,0,0,0
20050310,55092,CNTU',OTC,24.42954855,25.24,14,0,Merril Lynch & Co Inc Strides,0,0,0
20050311,55092,CNTU',OTC,24.38115404,25.19,23,0,Merril Lynch & Co Inc Strides,0,0,0
20050314,55092,CNTU',OTC,24.56505318,25.38,95,0,Merril Lynch & Co Inc Strides,0,0,0
20050315,55092,CNTU',OTC,23.89720894,24.69,31,0,Merril Lynch & Co Inc Strides,0,0,0
20050316,55092,CNTU',OTC,23.8243876,24.21,75,0,Merril Lynch & Co Inc Strides,0,0,0
20050317,55092,CNTU',OTC,24.15897215,24.55,18,0,Merril Lynch & Co Inc Strides,0,0,0
20050318,55092,CNTU',OTC,24.18849431,24.58,15,0,Merril Lynch & Co Inc Strides,0,0,0
20050321,55092,CNTU',OTC,24.4541938,24.85,13,0,Merril Lynch & Co Inc Strides,0,0,0
20050322,55092,CNTU',OTC,24.3656273,24.76,14,0,Merril Lynch & Co Inc Strides,0,0,0
20050323,55092,CNTU',OTC,24.56244174,24.96,1,0,Merril Lynch & Co Inc Strides,0,0,0
20050324,55092,CNTU',OTC,24.66084896,25.06,3,0,Merril Lynch & Co Inc Strides,0,0,0
20050328,55092,CNTU',OTC,24.60180463,25,39,0,Merril Lynch & Co Inc Strides,0,0,0
20050329,55092,CNTU',OTC,24.17865359,24.57,13,0,Merril Lynch & Co Inc Strides,0,0,0
20050330,55092,CNTU',OTC,24.57228246,24.97,13,0,Merril Lynch & Co Inc Strides,0,0,0
20050331,55092,CNTU',OTC,24.29674225,24.69,26,0,Merril Lynch & Co Inc Strides,0,0,0
20050401,55092,CNTU',OTC,24.04088348,24.43,40,0,Merril Lynch & Co Inc Strides,0,0,0
20050404,55092,CNTU',OTC,24.08024637,24.47,4,0,Merril Lynch & Co Inc Strides,0,0,0
20050405,55092,CNTU',OTC,23.63741389,24.02,4,0,Merril Lynch & Co Inc Strides,0,0,0
20050406,55092,CNTU',OTC,23.61773244,24,8,0,Merril Lynch & Co Inc Strides,0,0,0
20050407,55092,CNTU',OTC,23.76534327,24.15,6,0,Merril Lynch & Co Inc Strides,0,0,0
20050408,55092,CNTU',OTC,24.01136132,24.4,5,0,Merril Lynch & Co Inc Strides,0,0,0
20050411,55092,CNTU',OTC,23.84406905,24.23,12,0,Merril Lynch & Co Inc Strides,0,0,0
20050412,55092,CNTU',OTC,24.01136132,24.4,25,0,Merril Lynch & Co Inc Strides,0,0,0
20050413,55092,CNTU',OTC,23.47012162,23.85,16,0,Merril Lynch & Co Inc Strides,0,0,0
20050414,55092,CNTU',OTC,23.57836956,23.96,8,0,Merril Lynch & Co Inc Strides,0,0,0
20050415,55092,CNTU',OTC,23.58821028,23.97,15,0,Merril Lynch & Co Inc Strides,0,0,0
20050418,55092,CNTU',OTC,22.86983758,23.24,11,0,Merril Lynch & Co Inc Strides,0,0,0
20050419,55092,CNTU',OTC,23.20442213,23.58,206,0,Merril Lynch & Co Inc Strides,0,0,0
20050420,55092,CNTU',OTC,23.22410357,23.6,4,0,Merril Lynch & Co Inc Strides,0,0,0
20050421,55092,CNTU',OTC,23.77518399,24.16,8,0,Merril Lynch & Co Inc Strides,0,0,0
20050422,55092,CNTU',OTC,23.65709533,24.04,17,0,Merril Lynch & Co Inc Strides,0,0,0
20050425,55092,CNTU',OTC,23.38155512,23.76,1,0,Merril Lynch & Co Inc Strides,0,0,0
20050426,55092,CNTU',OTC,23.09617419,23.47,28,0,Merril Lynch & Co Inc Strides,0,0,0
20050427,55092,CNTU',OTC,23.09617419,23.47,0,0,Merril Lynch & Co Inc Strides,0,0,0
20050428,55092,CNTU',OTC,22.31875716,22.68,14,0,Merril Lynch & Co Inc Strides,0,0,0
20050429,55092,CNTU',OTC,22.41716438,22.78,42,0,Merril Lynch & Co Inc Strides,0,0,0
20050502,55092,CNTU',OTC,22.86983758,23.24,37,0,Merril Lynch & Co Inc Strides,0,0,0
20050503,55092,CNTU',OTC,22.9682448,23.34,17,0,Merril Lynch & Co Inc Strides,0,0,0
20050504,55092,CNTU',OTC,23.1945814,23.57,5,0,Merril Lynch & Co Inc Strides,0,0,0
20050505,55092,CNTU',OTC,23.36187368,23.74,4,0,Merril Lynch & Co Inc Strides,0,0,0
20050506,55092,CNTU',OTC,23.0568113,23.43,14,0,Merril Lynch & Co Inc Strides,0,0,0
20050509,55092,CNTU',OTC,23.51932523,23.9,12,0,Merril Lynch & Co Inc Strides,0,0,0
20050510,55092,CNTU',OTC,23.42091801,23.8,1,0,Merril Lynch & Co Inc Strides,0,0,0
20050511,55092,CNTU',OTC,23.42091801,23.8,21,0,Merril Lynch & Co Inc Strides,0,0,0
20050512,55092,CNTU',OTC,23.60789172,23.99,41,0,Merril Lynch & Co Inc Strides,0,0,0
20050513,55092,CNTU',OTC,24.20817576,24.6,11,0,Merril Lynch & Co Inc Strides,0,0,0
20050516,55092,CNTU',OTC,24.28690153,24.68,18,0,Merril Lynch & Co Inc Strides,0,0,0
20050517,55092,CNTU',OTC,24.50339741,24.9,61,0,Merril Lynch & Co Inc Strides,0,0,0
20050518,55092,CNTU',OTC,24.60180463,25,105,0,Merril Lynch & Co Inc Strides,0,0,0
20050519,55092,CNTU',OTC,24.23769792,24.63,21,0,Merril Lynch & Co Inc Strides,0,0,0
20050520,55092,CNTU',OTC,24.19833503,24.59,10,0,Merril Lynch & Co Inc Strides,0,0,0
20050523,55092,CNTU',OTC,24.17865359,24.57,15,0,Merril Lynch & Co Inc Strides,0,0,0
20050524,55092,CNTU',OTC,23.80470616,24.19,4,0,Merril Lynch & Co Inc Strides,0,0,0
20050525,55092,CNTU',OTC,24.05072421,24.44,2,0,Merril Lynch & Co Inc Strides,0,0,0
20050526,55092,CNTU',OTC,24.11960926,24.51,1,0,Merril Lynch & Co Inc Strides,0,0,0
20050527,55092,CNTU',OTC,24.14913142,24.54,11,0,Merril Lynch & Co Inc Strides,0,0,0
20050531,55092,CNTU',OTC,24.27706081,24.67,11,0,Merril Lynch & Co Inc Strides,0,0,0
20050601,55092,CNTU',OTC,24.51323813,24.91,62,0,Merril Lynch & Co Inc Strides,0,0,0
20050602,55092,CNTU',OTC,24.50339741,24.9,2,0,Merril Lynch & Co Inc Strides,0,0,0
20050603,55092,CNTU',OTC,24.0015206,24.39,19,0,Merril Lynch & Co Inc Strides,0,0,0
20050606,55092,CNTU',OTC,24.39514947,24.79,18,0,Merril Lynch & Co Inc Strides,0,0,0
20050607,55092,CNTU',OTC,24.44435308,24.84,44,0,Merril Lynch & Co Inc Strides,0,0,0
20050608,55092,CNTU',OTC,24.79861907,25.2,8,0,Merril Lynch & Co Inc Strides,0,0,0
20050609,55092,CNTU',OTC,24.95607062,25.36,62,0,Merril Lynch & Co Inc Strides,0,0,0
20050610,55092,CNTU',OTC,24.77893762,25.18,11,0,Merril Lynch & Co Inc Strides,0,0,0
20050613,55092,CNTU',OTC,25.33001805,25.74,310,0,Merril Lynch & Co Inc Strides,0,0,0
20050614,55092,CNTU',OTC,24.97575206,25.38,4,0,Merril Lynch & Co Inc Strides,0,0,0
20050615,55092,CNTU',OTC,25.084,25.49,34,0,Merril Lynch & Co Inc Strides,0,0,0
20050616,55092,CNTU',OTC,25.5,25.5,26,0,Merril Lynch & Co Inc Strides,0,0,0
20050617,55092,CNTU',OTC,25.59,25.59,35,0,Merril Lynch & Co Inc Strides,0,0,0
20050620,55092,CNTU',OTC,25.29,25.29,54,0,Merril Lynch & Co Inc Strides,0,0,0
20050621,55092,CNTU',OTC,25.18,25.18,109,0,Merril Lynch & Co Inc Strides,0,0,0
20050622,55092,CNTU',OTC,25.37,25.37,33,0,Merril Lynch & Co Inc Strides,0,0,0
20050623,55092,CNTU',OTC,24.92,24.92,28,0,Merril Lynch & Co Inc Strides,0,0,0
20050624,55092,CNTU',OTC,25.2,25.2,47,0,Merril Lynch & Co Inc Strides,0,0,0
20050627,55092,CNTU',OTC,25.18,25.18,44,0,Merril Lynch & Co Inc Strides,0,0,0
20050628,55092,CNTU',OTC,25.41,25.41,30,0,Merril Lynch & Co Inc Strides,0,0,0
20050629,55092,CNTU',OTC,25.31,25.31,22,0,Merril Lynch & Co Inc Strides,0,0,0
20050630,55092,CNTU',OTC,25.57,25.57,108,0,Merril Lynch & Co Inc Strides,0,0,0
20050701,55092,CNTU',OTC,25.5,25.5,46,0,Merril Lynch & Co Inc Strides,0,0,0
20050705,55092,CNTU',OTC,25.06,25.06,30,0,Merril Lynch & Co Inc Strides,0,0,0
