DDate,CSINumber,Symbol,Exchange,DClose,UnAdjustedClose,TotalVolume,Cash,MarketName,PTB,PSR,DPS
20040303,55859,IGDC',OTC,0.63,0.63,610,0,Indigenous Glbl Dev Corp,0,0,0
20040304,55859,IGDC',OTC,0.57,0.57,1786,0,Indigenous Glbl Dev Corp,0,0,0
20040305,55859,IGDC',OTC,0.57,0.57,360,0,Indigenous Glbl Dev Corp,0,0,0
20040308,55859,IGDC',OTC,0.61,0.61,660,0,Indigenous Glbl Dev Corp,0,0,0
20040309,55859,IGDC',OTC,0.59,0.59,1100,0,Indigenous Glbl Dev Corp,0,0,0
20040310,55859,IGDC',OTC,0.55,0.55,800,0,Indigenous Glbl Dev Corp,0,0,0
20040311,55859,IGDC',OTC,0.54,0.54,601,0,Indigenous Glbl Dev Corp,0,0,0
20040312,55859,IGDC',OTC,0.5,0.5,2241,0,Indigenous Glbl Dev Corp,0,0,0
20040315,55859,IGDC',OTC,0.47,0.47,250,0,Indigenous Glbl Dev Corp,0,0,0
20040316,55859,IGDC',OTC,0.53,0.53,2087,0,Indigenous Glbl Dev Corp,0,0,0
20040317,55859,IGDC',OTC,0.54,0.54,105,0,Indigenous Glbl Dev Corp,0,0,0
20040318,55859,IGDC',OTC,0.4,0.4,9285,0,Indigenous Glbl Dev Corp,0,0,0
20040319,55859,IGDC',OTC,0.34,0.34,2434,0,Indigenous Glbl Dev Corp,0,0,0
20040322,55859,IGDC',OTC,0.38,0.38,504,0,Indigenous Glbl Dev Corp,0,0,0
20040323,55859,IGDC',OTC,0.33,0.33,2053,0,Indigenous Glbl Dev Corp,0,0,0
20040324,55859,IGDC',OTC,0.45,0.45,805,0,Indigenous Glbl Dev Corp,0,0,0
20040325,55859,IGDC',OTC,0.54,0.54,4184,0,Indigenous Glbl Dev Corp,0,0,0
20040326,55859,IGDC',OTC,0.65,0.65,5225,0,Indigenous Glbl Dev Corp,0,0,0
20040329,55859,IGDC',OTC,0.74,0.74,1283,0,Indigenous Glbl Dev Corp,0,0,0
20040330,55859,IGDC',OTC,0.65,0.65,879,0,Indigenous Glbl Dev Corp,0,0,0
20040331,55859,IGDC',OTC,0.65,0.65,468,0,Indigenous Glbl Dev Corp,0,0,0
20040401,55859,IGDC',OTC,0.64,0.64,290,0,Indigenous Glbl Dev Corp,0,0,0
20040402,55859,IGDC',OTC,0.69,0.69,1298,0,Indigenous Glbl Dev Corp,0,0,0
20040405,55859,IGDC',OTC,0.65,0.65,73,0,Indigenous Glbl Dev Corp,0,0,0
20040406,55859,IGDC',OTC,0.63,0.63,187,0,Indigenous Glbl Dev Corp,0,0,0
20040407,55859,IGDC',OTC,0.52,0.52,1136,0,Indigenous Glbl Dev Corp,0,0,0
20040408,55859,IGDC',OTC,0.51,0.51,530,0,Indigenous Glbl Dev Corp,0,0,0
20040412,55859,IGDC',OTC,0.55,0.55,91,0,Indigenous Glbl Dev Corp,0,0,0
20040413,55859,IGDC',OTC,0.55,0.55,693,0,Indigenous Glbl Dev Corp,0,0,0
20040414,55859,IGDC',OTC,0.5,0.5,12389,0,Indigenous Glbl Dev Corp,0,0,0
20040415,55859,IGDC',OTC,0.51,0.51,421,0,Indigenous Glbl Dev Corp,0,0,0
20040416,55859,IGDC',OTC,0.5,0.5,565,0,Indigenous Glbl Dev Corp,0,0,0
20040419,55859,IGDC',OTC,0.47,0.47,516,0,Indigenous Glbl Dev Corp,0,0,0
20040420,55859,IGDC',OTC,0.45,0.45,930,0,Indigenous Glbl Dev Corp,0,0,0
20040421,55859,IGDC',OTC,0.45,0.45,40,0,Indigenous Glbl Dev Corp,0,0,0
20040422,55859,IGDC',OTC,0.5,0.5,68,0,Indigenous Glbl Dev Corp,0,0,0
20040423,55859,IGDC',OTC,0.47,0.47,105,0,Indigenous Glbl Dev Corp,0,0,0
20040426,55859,IGDC',OTC,0.55,0.55,1441,0,Indigenous Glbl Dev Corp,0,0,0
20040427,55859,IGDC',OTC,0.51,0.51,339,0,Indigenous Glbl Dev Corp,0,0,0
20040428,55859,IGDC',OTC,0.48,0.48,326,0,Indigenous Glbl Dev Corp,0,0,0
20040429,55859,IGDC',OTC,0.48,0.48,0,0,Indigenous Glbl Dev Corp,0,0,0
20040430,55859,IGDC',OTC,0.53,0.53,280,0,Indigenous Glbl Dev Corp,0,0,0
20040503,55859,IGDC',OTC,0.45,0.45,250,0,Indigenous Glbl Dev Corp,0,0,0
20040504,55859,IGDC',OTC,0.45,0.45,914,0,Indigenous Glbl Dev Corp,0,0,0
20040505,55859,IGDC',OTC,0.46,0.46,38,0,Indigenous Glbl Dev Corp,0,0,0
20040506,55859,IGDC',OTC,0.4,0.4,1555,0,Indigenous Glbl Dev Corp,0,0,0
20040507,55859,IGDC',OTC,0.4,0.4,70,0,Indigenous Glbl Dev Corp,0,0,0
20040510,55859,IGDC',OTC,0.4,0.4,183,0,Indigenous Glbl Dev Corp,0,0,0
20040511,55859,IGDC',OTC,0.4,0.4,175,0,Indigenous Glbl Dev Corp,0,0,0
20040512,55859,IGDC',OTC,0.4,0.4,0,0,Indigenous Glbl Dev Corp,0,0,0
20040513,55859,IGDC',OTC,0.4,0.4,205,0,Indigenous Glbl Dev Corp,0,0,0
20040514,55859,IGDC',OTC,0.42,0.42,34,0,Indigenous Glbl Dev Corp,0,0,0
20040517,55859,IGDC',OTC,0.36,0.36,857,0,Indigenous Glbl Dev Corp,0,0,0
20040518,55859,IGDC',OTC,0.37,0.37,128,0,Indigenous Glbl Dev Corp,0,0,0
20040519,55859,IGDC',OTC,0.37,0.37,70,0,Indigenous Glbl Dev Corp,0,0,0
20040520,55859,IGDC',OTC,0.4,0.4,1108,0,Indigenous Glbl Dev Corp,0,0,0
20040521,55859,IGDC',OTC,0.4,0.4,66,0,Indigenous Glbl Dev Corp,0,0,0
20040524,55859,IGDC',OTC,0.39,0.39,170,0,Indigenous Glbl Dev Corp,0,0,0
20040525,55859,IGDC',OTC,0.39,0.39,191,0,Indigenous Glbl Dev Corp,0,0,0
20040526,55859,IGDC',OTC,0.39,0.39,52,0,Indigenous Glbl Dev Corp,0,0,0
20040527,55859,IGDC',OTC,0.32,0.32,150,0,Indigenous Glbl Dev Corp,0,0,0
20040528,55859,IGDC',OTC,0.39,0.39,316,0,Indigenous Glbl Dev Corp,0,0,0
20040601,55859,IGDC',OTC,0.36,0.36,202,0,Indigenous Glbl Dev Corp,0,0,0
20040602,55859,IGDC',OTC,0.38,0.38,252,0,Indigenous Glbl Dev Corp,0,0,0
20040603,55859,IGDC',OTC,0.36,0.36,150,0,Indigenous Glbl Dev Corp,0,0,0
20040604,55859,IGDC',OTC,0.37,0.37,73,0,Indigenous Glbl Dev Corp,0,0,0
20040607,55859,IGDC',OTC,0.4,0.4,257,0,Indigenous Glbl Dev Corp,0,0,0
20040608,55859,IGDC',OTC,0.37,0.37,61,0,Indigenous Glbl Dev Corp,0,0,0
20040609,55859,IGDC',OTC,0.37,0.37,988,0,Indigenous Glbl Dev Corp,0,0,0
20040610,55859,IGDC',OTC,0.37,0.37,98,0,Indigenous Glbl Dev Corp,0,0,0
20040614,55859,IGDC',OTC,0.39,0.39,592,0,Indigenous Glbl Dev Corp,0,0,0
20040615,55859,IGDC',OTC,0.39,0.39,100,0,Indigenous Glbl Dev Corp,0,0,0
20040616,55859,IGDC',OTC,0.32,0.32,235,0,Indigenous Glbl Dev Corp,0,0,0
20040617,55859,IGDC',OTC,0.33,0.33,200,0,Indigenous Glbl Dev Corp,0,0,0
20040618,55859,IGDC',OTC,0.33,0.33,123,0,Indigenous Glbl Dev Corp,0,0,0
20040621,55859,IGDC',OTC,0.35,0.35,155,0,Indigenous Glbl Dev Corp,0,0,0
20040622,55859,IGDC',OTC,0.36,0.36,120,0,Indigenous Glbl Dev Corp,0,0,0
20040623,55859,IGDC',OTC,0.36,0.36,0,0,Indigenous Glbl Dev Corp,0,0,0
20040624,55859,IGDC',OTC,0.34,0.34,558,0,Indigenous Glbl Dev Corp,0,0,0
20040625,55859,IGDC',OTC,0.33,0.33,852,0,Indigenous Glbl Dev Corp,0,0,0
20040628,55859,IGDC',OTC,0.33,0.33,120,0,Indigenous Glbl Dev Corp,0,0,0
20040629,55859,IGDC',OTC,0.35,0.35,749,0,Indigenous Glbl Dev Corp,0,0,0
20040630,55859,IGDC',OTC,0.35,0.35,2477,0,Indigenous Glbl Dev Corp,0,0,0
20040701,55859,IGDC',OTC,0.34,0.34,333,0,Indigenous Glbl Dev Corp,0,0,0
20040702,55859,IGDC',OTC,0.35,0.35,180,0,Indigenous Glbl Dev Corp,0,0,0
20040706,55859,IGDC',OTC,0.36,0.36,1055,0,Indigenous Glbl Dev Corp,0,0,0
20040707,55859,IGDC',OTC,0.37,0.37,36,0,Indigenous Glbl Dev Corp,0,0,0
20040708,55859,IGDC',OTC,0.35,0.35,367,0,Indigenous Glbl Dev Corp,0,0,0
20040709,55859,IGDC',OTC,0.35,0.35,180,0,Indigenous Glbl Dev Corp,0,0,0
20040712,55859,IGDC',OTC,0.35,0.35,296,0,Indigenous Glbl Dev Corp,0,0,0
20040713,55859,IGDC',OTC,0.33,0.33,264,0,Indigenous Glbl Dev Corp,0,0,0
20040714,55859,IGDC',OTC,0.34,0.34,4,0,Indigenous Glbl Dev Corp,0,0,0
20040715,55859,IGDC',OTC,0.34,0.34,0,0,Indigenous Glbl Dev Corp,0,0,0
20040716,55859,IGDC',OTC,0.31,0.31,964,0,Indigenous Glbl Dev Corp,0,0,0
20040719,55859,IGDC',OTC,0.3,0.3,755,0,Indigenous Glbl Dev Corp,0,0,0
20040720,55859,IGDC',OTC,0.31,0.31,555,0,Indigenous Glbl Dev Corp,0,0,0
20040721,55859,IGDC',OTC,0.29,0.29,745,0,Indigenous Glbl Dev Corp,0,0,0
20040722,55859,IGDC',OTC,0.27,0.27,358,0,Indigenous Glbl Dev Corp,0,0,0
20040723,55859,IGDC',OTC,0.28,0.28,284,0,Indigenous Glbl Dev Corp,0,0,0
20040726,55859,IGDC',OTC,0.27,0.27,111,0,Indigenous Glbl Dev Corp,0,0,0
20040727,55859,IGDC',OTC,0.31,0.31,3445,0,Indigenous Glbl Dev Corp,0,0,0
20040728,55859,IGDC',OTC,0.33,0.33,297,0,Indigenous Glbl Dev Corp,0,0,0
20040729,55859,IGDC',OTC,0.33,0.33,0,0,Indigenous Glbl Dev Corp,0,0,0
20040730,55859,IGDC',OTC,0.32,0.32,914,0,Indigenous Glbl Dev Corp,0,0,0
20040802,55859,IGDC',OTC,0.29,0.29,153,0,Indigenous Glbl Dev Corp,0,0,0
20040803,55859,IGDC',OTC,0.33,0.33,10,0,Indigenous Glbl Dev Corp,0,0,0
20040804,55859,IGDC',OTC,0.33,0.33,387,0,Indigenous Glbl Dev Corp,0,0,0
20040805,55859,IGDC',OTC,0.37,0.37,515,0,Indigenous Glbl Dev Corp,0,0,0
20040806,55859,IGDC',OTC,0.31,0.31,110,0,Indigenous Glbl Dev Corp,0,0,0
20040809,55859,IGDC',OTC,0.31,0.31,0,0,Indigenous Glbl Dev Corp,0,0,0
20040810,55859,IGDC',OTC,0.3,0.3,879,0,Indigenous Glbl Dev Corp,0,0,0
20040811,55859,IGDC',OTC,0.35,0.35,252,0,Indigenous Glbl Dev Corp,0,0,0
20040812,55859,IGDC',OTC,0.35,0.35,560,0,Indigenous Glbl Dev Corp,0,0,0
20040813,55859,IGDC',OTC,0.35,0.35,125,0,Indigenous Glbl Dev Corp,0,0,0
20040816,55859,IGDC',OTC,0.32,0.32,1448,0,Indigenous Glbl Dev Corp,0,0,0
20040817,55859,IGDC',OTC,0.32,0.32,869,0,Indigenous Glbl Dev Corp,0,0,0
20040818,55859,IGDC',OTC,0.3,0.3,140,0,Indigenous Glbl Dev Corp,0,0,0
20040819,55859,IGDC',OTC,0.31,0.31,86,0,Indigenous Glbl Dev Corp,0,0,0
20040820,55859,IGDC',OTC,0.28,0.28,370,0,Indigenous Glbl Dev Corp,0,0,0
20040823,55859,IGDC',OTC,0.31,0.31,20,0,Indigenous Glbl Dev Corp,0,0,0
20040824,55859,IGDC',OTC,0.32,0.32,730,0,Indigenous Glbl Dev Corp,0,0,0
20040825,55859,IGDC',OTC,0.3,0.3,112,0,Indigenous Glbl Dev Corp,0,0,0
20040826,55859,IGDC',OTC,0.3,0.3,0,0,Indigenous Glbl Dev Corp,0,0,0
20040827,55859,IGDC',OTC,0.3,0.3,0,0,Indigenous Glbl Dev Corp,0,0,0
20040830,55859,IGDC',OTC,0.3,0.3,0,0,Indigenous Glbl Dev Corp,0,0,0
20040831,55859,IGDC',OTC,0.32,0.32,2938,0,Indigenous Glbl Dev Corp,0,0,0
20040901,55859,IGDC',OTC,0.31,0.31,160,0,Indigenous Glbl Dev Corp,0,0,0
20040902,55859,IGDC',OTC,0.3,0.3,210,0,Indigenous Glbl Dev Corp,0,0,0
20040903,55859,IGDC',OTC,0.27,0.27,50,0,Indigenous Glbl Dev Corp,0,0,0
20040907,55859,IGDC',OTC,0.29,0.29,924,0,Indigenous Glbl Dev Corp,0,0,0
20040908,55859,IGDC',OTC,0.3,0.3,670,0,Indigenous Glbl Dev Corp,0,0,0
20040909,55859,IGDC',OTC,0.3,0.3,100,0,Indigenous Glbl Dev Corp,0,0,0
20040910,55859,IGDC',OTC,0.32,0.32,64,0,Indigenous Glbl Dev Corp,0,0,0
20040913,55859,IGDC',OTC,0.3,0.3,110,0,Indigenous Glbl Dev Corp,0,0,0
20040914,55859,IGDC',OTC,0.3,0.3,0,0,Indigenous Glbl Dev Corp,0,0,0
20040915,55859,IGDC',OTC,0.27,0.27,28,0,Indigenous Glbl Dev Corp,0,0,0
20040916,55859,IGDC',OTC,0.3,0.3,260,0,Indigenous Glbl Dev Corp,0,0,0
20040917,55859,IGDC',OTC,0.3,0.3,0,0,Indigenous Glbl Dev Corp,0,0,0
20040920,55859,IGDC',OTC,0.28,0.28,108,0,Indigenous Glbl Dev Corp,0,0,0
20040921,55859,IGDC',OTC,0.27,0.27,291,0,Indigenous Glbl Dev Corp,0,0,0
20040922,55859,IGDC',OTC,0.26,0.26,164,0,Indigenous Glbl Dev Corp,0,0,0
20040923,55859,IGDC',OTC,0.23,0.23,685,0,Indigenous Glbl Dev Corp,0,0,0
20040924,55859,IGDC',OTC,0.24,0.24,898,0,Indigenous Glbl Dev Corp,0,0,0
20040927,55859,IGDC',OTC,0.22,0.22,2138,0,Indigenous Glbl Dev Corp,0,0,0
20040928,55859,IGDC',OTC,0.2,0.2,160,0,Indigenous Glbl Dev Corp,0,0,0
20040929,55859,IGDC',OTC,0.2,0.2,0,0,Indigenous Glbl Dev Corp,0,0,0
20040930,55859,IGDC',OTC,0.22,0.22,85,0,Indigenous Glbl Dev Corp,0,0,0
20041001,55859,IGDC',OTC,0.2,0.2,1054,0,Indigenous Glbl Dev Corp,0,0,0
20041004,55859,IGDC',OTC,0.22,0.22,258,0,Indigenous Glbl Dev Corp,0,0,0
20041005,55859,IGDC',OTC,0.22,0.22,887,0,Indigenous Glbl Dev Corp,0,0,0
20041006,55859,IGDC',OTC,0.23,0.23,3914,0,Indigenous Glbl Dev Corp,0,0,0
20041007,55859,IGDC',OTC,0.21,0.21,1379,0,Indigenous Glbl Dev Corp,0,0,0
20041008,55859,IGDC',OTC,0.22,0.22,411,0,Indigenous Glbl Dev Corp,0,0,0
20041011,55859,IGDC',OTC,0.25,0.25,65,0,Indigenous Glbl Dev Corp,0,0,0
20041012,55859,IGDC',OTC,0.23,0.23,791,0,Indigenous Glbl Dev Corp,0,0,0
20041013,55859,IGDC',OTC,0.25,0.25,470,0,Indigenous Glbl Dev Corp,0,0,0
20041014,55859,IGDC',OTC,0.23,0.23,220,0,Indigenous Glbl Dev Corp,0,0,0
20041015,55859,IGDC',OTC,0.23,0.23,0,0,Indigenous Glbl Dev Corp,0,0,0
20041018,55859,IGDC',OTC,0.24,0.24,172,0,Indigenous Glbl Dev Corp,0,0,0
20041019,55859,IGDC',OTC,0.24,0.24,0,0,Indigenous Glbl Dev Corp,0,0,0
20041020,55859,IGDC',OTC,0.21,0.21,343,0,Indigenous Glbl Dev Corp,0,0,0
20041021,55859,IGDC',OTC,0.2,0.2,300,0,Indigenous Glbl Dev Corp,0,0,0
20041022,55859,IGDC',OTC,0.2,0.2,1036,0,Indigenous Glbl Dev Corp,0,0,0
20041025,55859,IGDC',OTC,0.2,0.2,10262,0,Indigenous Glbl Dev Corp,0,0,0
20041026,55859,IGDC',OTC,0.2,0.2,1432,0,Indigenous Glbl Dev Corp,0,0,0
20041027,55859,IGDC',OTC,0.2,0.2,0,0,Indigenous Glbl Dev Corp,0,0,0
20041028,55859,IGDC',OTC,0.2,0.2,0,0,Indigenous Glbl Dev Corp,0,0,0
20041029,55859,IGDC',OTC,0.21,0.21,299,0,Indigenous Glbl Dev Corp,0,0,0
20041101,55859,IGDC',OTC,0.19,0.19,455,0,Indigenous Glbl Dev Corp,0,0,0
20041102,55859,IGDC',OTC,0.22,0.22,1529,0,Indigenous Glbl Dev Corp,0,0,0
20041103,55859,IGDC',OTC,0.2,0.2,28,0,Indigenous Glbl Dev Corp,0,0,0
20041104,55859,IGDC',OTC,0.2,0.2,0,0,Indigenous Glbl Dev Corp,0,0,0
20041105,55859,IGDC',OTC,0.21,0.21,1875,0,Indigenous Glbl Dev Corp,0,0,0
20041108,55859,IGDC',OTC,0.24,0.24,370,0,Indigenous Glbl Dev Corp,0,0,0
20041109,55859,IGDC',OTC,0.23,0.23,535,0,Indigenous Glbl Dev Corp,0,0,0
20041110,55859,IGDC',OTC,0.25,0.25,328,0,Indigenous Glbl Dev Corp,0,0,0
20041111,55859,IGDC',OTC,0.25,0.25,0,0,Indigenous Glbl Dev Corp,0,0,0
20041112,55859,IGDC',OTC,0.27,0.27,349,0,Indigenous Glbl Dev Corp,0,0,0
20041115,55859,IGDC',OTC,0.3,0.3,2000,0,Indigenous Glbl Dev Corp,0,0,0
20041116,55859,IGDC',OTC,0.4,0.4,4809,0,Indigenous Glbl Dev Corp,0,0,0
20041117,55859,IGDC',OTC,0.37,0.37,2051,0,Indigenous Glbl Dev Corp,0,0,0
20041118,55859,IGDC',OTC,0.37,0.37,790,0,Indigenous Glbl Dev Corp,0,0,0
20041119,55859,IGDC',OTC,0.44,0.44,2918,0,Indigenous Glbl Dev Corp,0,0,0
20041122,55859,IGDC',OTC,0.47,0.47,3486,0,Indigenous Glbl Dev Corp,0,0,0
20041123,55859,IGDC',OTC,0.49,0.49,592,0,Indigenous Glbl Dev Corp,0,0,0
20041124,55859,IGDC',OTC,0.49,0.49,489,0,Indigenous Glbl Dev Corp,0,0,0
20041126,55859,IGDC',OTC,0.49,0.49,0,0,Indigenous Glbl Dev Corp,0,0,0
20041129,55859,IGDC',OTC,0.48,0.48,598,0,Indigenous Glbl Dev Corp,0,0,0
20041130,55859,IGDC',OTC,0.47,0.47,120,0,Indigenous Glbl Dev Corp,0,0,0
20041201,55859,IGDC',OTC,0.48,0.48,40,0,Indigenous Glbl Dev Corp,0,0,0
20041202,55859,IGDC',OTC,0.45,0.45,712,0,Indigenous Glbl Dev Corp,0,0,0
20041203,55859,IGDC',OTC,0.35,0.35,2416,0,Indigenous Glbl Dev Corp,0,0,0
20041206,55859,IGDC',OTC,0.35,0.35,402,0,Indigenous Glbl Dev Corp,0,0,0
20041207,55859,IGDC',OTC,0.33,0.33,280,0,Indigenous Glbl Dev Corp,0,0,0
20041208,55859,IGDC',OTC,0.33,0.33,117,0,Indigenous Glbl Dev Corp,0,0,0
20041209,55859,IGDC',OTC,0.31,0.31,467,0,Indigenous Glbl Dev Corp,0,0,0
20041210,55859,IGDC',OTC,0.32,0.32,135,0,Indigenous Glbl Dev Corp,0,0,0
20041213,55859,IGDC',OTC,0.33,0.33,131,0,Indigenous Glbl Dev Corp,0,0,0
20041214,55859,IGDC',OTC,0.3,0.3,348,0,Indigenous Glbl Dev Corp,0,0,0
20041215,55859,IGDC',OTC,0.32,0.32,379,0,Indigenous Glbl Dev Corp,0,0,0
20041216,55859,IGDC',OTC,0.28,0.28,838,0,Indigenous Glbl Dev Corp,0,0,0
20041217,55859,IGDC',OTC,0.3,0.3,223,0,Indigenous Glbl Dev Corp,0,0,0
20041220,55859,IGDC',OTC,0.25,0.25,859,0,Indigenous Glbl Dev Corp,0,0,0
20041221,55859,IGDC',OTC,0.27,0.27,520,0,Indigenous Glbl Dev Corp,0,0,0
20041222,55859,IGDC',OTC,0.22,0.22,1976,0,Indigenous Glbl Dev Corp,0,0,0
20041223,55859,IGDC',OTC,0.22,0.22,10,0,Indigenous Glbl Dev Corp,0,0,0
20041227,55859,IGDC',OTC,0.24,0.24,210,0,Indigenous Glbl Dev Corp,0,0,0
20041228,55859,IGDC',OTC,0.27,0.27,195,0,Indigenous Glbl Dev Corp,0,0,0
20041229,55859,IGDC',OTC,0.31,0.31,560,0,Indigenous Glbl Dev Corp,0,0,0
20041230,55859,IGDC',OTC,0.33,0.33,1528,0,Indigenous Glbl Dev Corp,0,0,0
20041231,55859,IGDC',OTC,0.31,0.31,480,0,Indigenous Glbl Dev Corp,0,0,0
20050103,55859,IGDC',OTC,0.31,0.31,596,0,Indigenous Glbl Dev Corp,0,0,0
20050104,55859,IGDC',OTC,0.29,0.29,90,0,Indigenous Glbl Dev Corp,0,0,0
20050105,55859,IGDC',OTC,0.27,0.27,53,0,Indigenous Glbl Dev Corp,0,0,0
20050106,55859,IGDC',OTC,0.28,0.28,2119,0,Indigenous Glbl Dev Corp,0,0,0
20050107,55859,IGDC',OTC,0.25,0.25,1045,0,Indigenous Glbl Dev Corp,0,0,0
20050110,55859,IGDC',OTC,0.29,0.29,1359,0,Indigenous Glbl Dev Corp,0,0,0
20050111,55859,IGDC',OTC,0.29,0.29,257,0,Indigenous Glbl Dev Corp,0,0,0
20050112,55859,IGDC',OTC,0.28,0.28,668,0,Indigenous Glbl Dev Corp,0,0,0
20050113,55859,IGDC',OTC,0.29,0.29,263,0,Indigenous Glbl Dev Corp,0,0,0
20050114,55859,IGDC',OTC,0.3,0.3,545,0,Indigenous Glbl Dev Corp,0,0,0
20050118,55859,IGDC',OTC,0.34,0.34,204,0,Indigenous Glbl Dev Corp,0,0,0
20050119,55859,IGDC',OTC,0.28,0.28,666,0,Indigenous Glbl Dev Corp,0,0,0
20050120,55859,IGDC',OTC,0.3,0.3,100,0,Indigenous Glbl Dev Corp,0,0,0
20050121,55859,IGDC',OTC,0.26,0.26,542,0,Indigenous Glbl Dev Corp,0,0,0
20050124,55859,IGDC',OTC,0.26,0.26,117,0,Indigenous Glbl Dev Corp,0,0,0
20050125,55859,IGDC',OTC,0.27,0.27,140,0,Indigenous Glbl Dev Corp,0,0,0
20050126,55859,IGDC',OTC,0.28,0.28,233,0,Indigenous Glbl Dev Corp,0,0,0
20050127,55859,IGDC',OTC,0.27,0.27,50,0,Indigenous Glbl Dev Corp,0,0,0
20050128,55859,IGDC',OTC,0.27,0.27,0,0,Indigenous Glbl Dev Corp,0,0,0
20050131,55859,IGDC',OTC,0.28,0.28,415,0,Indigenous Glbl Dev Corp,0,0,0
20050201,55859,IGDC',OTC,0.25,0.25,1027,0,Indigenous Glbl Dev Corp,0,0,0
20050202,55859,IGDC',OTC,0.26,0.26,324,0,Indigenous Glbl Dev Corp,0,0,0
20050203,55859,IGDC',OTC,0.25,0.25,205,0,Indigenous Glbl Dev Corp,0,0,0
20050204,55859,IGDC',OTC,0.25,0.25,100,0,Indigenous Glbl Dev Corp,0,0,0
20050207,55859,IGDC',OTC,0.23,0.23,465,0,Indigenous Glbl Dev Corp,0,0,0
20050208,55859,IGDC',OTC,0.23,0.23,344,0,Indigenous Glbl Dev Corp,0,0,0
20050209,55859,IGDC',OTC,0.23,0.23,270,0,Indigenous Glbl Dev Corp,0,0,0
20050210,55859,IGDC',OTC,0.22,0.22,901,0,Indigenous Glbl Dev Corp,0,0,0
20050211,55859,IGDC',OTC,0.2,0.2,1425,0,Indigenous Glbl Dev Corp,0,0,0
20050214,55859,IGDC',OTC,0.2,0.2,596,0,Indigenous Glbl Dev Corp,0,0,0
20050215,55859,IGDC',OTC,0.2,0.2,1244,0,Indigenous Glbl Dev Corp,0,0,0
20050216,55859,IGDC',OTC,0.19,0.19,1582,0,Indigenous Glbl Dev Corp,0,0,0
20050217,55859,IGDC',OTC,0.18,0.18,643,0,Indigenous Glbl Dev Corp,0,0,0
20050218,55859,IGDC',OTC,0.18,0.18,149,0,Indigenous Glbl Dev Corp,0,0,0
20050222,55859,IGDC',OTC,0.21,0.21,1694,0,Indigenous Glbl Dev Corp,0,0,0
20050223,55859,IGDC',OTC,0.19,0.19,34,0,Indigenous Glbl Dev Corp,0,0,0
20050224,55859,IGDC',OTC,0.2,0.2,79,0,Indigenous Glbl Dev Corp,0,0,0
20050225,55859,IGDC',OTC,0.18,0.18,688,0,Indigenous Glbl Dev Corp,0,0,0
20050228,55859,IGDC',OTC,0.18,0.18,765,0,Indigenous Glbl Dev Corp,0,0,0
20050301,55859,IGDC',OTC,0.15,0.15,403,0,Indigenous Glbl Dev Corp,0,0,0
20050302,55859,IGDC',OTC,0.18,0.18,1433,0,Indigenous Glbl Dev Corp,0,0,0
20050303,55859,IGDC',OTC,0.18,0.18,1391,0,Indigenous Glbl Dev Corp,0,0,0
20050304,55859,IGDC',OTC,0.17,0.17,48,0,Indigenous Glbl Dev Corp,0,0,0
20050307,55859,IGDC',OTC,0.2,0.2,527,0,Indigenous Glbl Dev Corp,0,0,0
20050308,55859,IGDC',OTC,0.22,0.22,1597,0,Indigenous Glbl Dev Corp,0,0,0
20050309,55859,IGDC',OTC,0.23,0.23,1499,0,Indigenous Glbl Dev Corp,0,0,0
20050310,55859,IGDC',OTC,0.24,0.24,650,0,Indigenous Glbl Dev Corp,0,0,0
20050311,55859,IGDC',OTC,0.19,0.19,265,0,Indigenous Glbl Dev Corp,0,0,0
20050314,55859,IGDC',OTC,0.19,0.19,63,0,Indigenous Glbl Dev Corp,0,0,0
20050315,55859,IGDC',OTC,0.19,0.19,648,0,Indigenous Glbl Dev Corp,0,0,0
20050316,55859,IGDC',OTC,0.17,0.17,869,0,Indigenous Glbl Dev Corp,0,0,0
20050317,55859,IGDC',OTC,0.17,0.17,150,0,Indigenous Glbl Dev Corp,0,0,0
20050318,55859,IGDC',OTC,0.17,0.17,388,0,Indigenous Glbl Dev Corp,0,0,0
20050321,55859,IGDC',OTC,0.17,0.17,1053,0,Indigenous Glbl Dev Corp,0,0,0
20050322,55859,IGDC',OTC,0.2,0.2,216,0,Indigenous Glbl Dev Corp,0,0,0
20050323,55859,IGDC',OTC,0.19,0.19,410,0,Indigenous Glbl Dev Corp,0,0,0
20050324,55859,IGDC',OTC,0.17,0.17,275,0,Indigenous Glbl Dev Corp,0,0,0
20050328,55859,IGDC',OTC,0.18,0.18,232,0,Indigenous Glbl Dev Corp,0,0,0
20050329,55859,IGDC',OTC,0.18,0.18,527,0,Indigenous Glbl Dev Corp,0,0,0
20050330,55859,IGDC',OTC,0.18,0.18,600,0,Indigenous Glbl Dev Corp,0,0,0
20050331,55859,IGDC',OTC,0.17,0.17,200,0,Indigenous Glbl Dev Corp,0,0,0
20050401,55859,IGDC',OTC,0.17,0.17,250,0,Indigenous Glbl Dev Corp,0,0,0
20050404,55859,IGDC',OTC,0.17,0.17,1750,0,Indigenous Glbl Dev Corp,0,0,0
20050405,55859,IGDC',OTC,0.17,0.17,116,0,Indigenous Glbl Dev Corp,0,0,0
20050406,55859,IGDC',OTC,0.17,0.17,190,0,Indigenous Glbl Dev Corp,0,0,0
20050407,55859,IGDC',OTC,0.17,0.17,110,0,Indigenous Glbl Dev Corp,0,0,0
20050408,55859,IGDC',OTC,0.17,0.17,0,0,Indigenous Glbl Dev Corp,0,0,0
20050411,55859,IGDC',OTC,0.17,0.17,204,0,Indigenous Glbl Dev Corp,0,0,0
20050412,55859,IGDC',OTC,0.17,0.17,672,0,Indigenous Glbl Dev Corp,0,0,0
20050413,55859,IGDC',OTC,0.17,0.17,0,0,Indigenous Glbl Dev Corp,0,0,0
20050414,55859,IGDC',OTC,0.17,0.17,0,0,Indigenous Glbl Dev Corp,0,0,0
20050415,55859,IGDC',OTC,0.17,0.17,260,0,Indigenous Glbl Dev Corp,0,0,0
20050418,55859,IGDC',OTC,0.17,0.17,100,0,Indigenous Glbl Dev Corp,0,0,0
20050419,55859,IGDC',OTC,0.17,0.17,280,0,Indigenous Glbl Dev Corp,0,0,0
20050420,55859,IGDC',OTC,0.16,0.16,149,0,Indigenous Glbl Dev Corp,0,0,0
20050421,55859,IGDC',OTC,0.16,0.16,52,0,Indigenous Glbl Dev Corp,0,0,0
20050422,55859,IGDC',OTC,0.19,0.19,3536,0,Indigenous Glbl Dev Corp,0,0,0
20050425,55859,IGDC',OTC,0.18,0.18,803,0,Indigenous Glbl Dev Corp,0,0,0
20050426,55859,IGDC',OTC,0.2,0.2,475,0,Indigenous Glbl Dev Corp,0,0,0
20050427,55859,IGDC',OTC,0.18,0.18,85,0,Indigenous Glbl Dev Corp,0,0,0
20050428,55859,IGDC',OTC,0.16,0.16,252,0,Indigenous Glbl Dev Corp,0,0,0
20050429,55859,IGDC',OTC,0.15,0.15,1132,0,Indigenous Glbl Dev Corp,0,0,0
20050502,55859,IGDC',OTC,0.16,0.16,553,0,Indigenous Glbl Dev Corp,0,0,0
20050503,55859,IGDC',OTC,0.15,0.15,450,0,Indigenous Glbl Dev Corp,0,0,0
20050504,55859,IGDC',OTC,0.16,0.16,130,0,Indigenous Glbl Dev Corp,0,0,0
20050505,55859,IGDC',OTC,0.17,0.17,980,0,Indigenous Glbl Dev Corp,0,0,0
20050506,55859,IGDC',OTC,0.17,0.17,319,0,Indigenous Glbl Dev Corp,0,0,0
20050509,55859,IGDC',OTC,0.16,0.16,210,0,Indigenous Glbl Dev Corp,0,0,0
20050510,55859,IGDC',OTC,0.12,0.12,695,0,Indigenous Glbl Dev Corp,0,0,0
20050511,55859,IGDC',OTC,0.15,0.15,899,0,Indigenous Glbl Dev Corp,0,0,0
20050512,55859,IGDC',OTC,0.18,0.18,713,0,Indigenous Glbl Dev Corp,0,0,0
20050513,55859,IGDC',OTC,0.16,0.16,242,0,Indigenous Glbl Dev Corp,0,0,0
20050516,55859,IGDC',OTC,0.17,0.17,357,0,Indigenous Glbl Dev Corp,0,0,0
20050517,55859,IGDC',OTC,0.17,0.17,1285,0,Indigenous Glbl Dev Corp,0,0,0
20050518,55859,IGDC',OTC,0.18,0.18,377,0,Indigenous Glbl Dev Corp,0,0,0
20050519,55859,IGDC',OTC,0.15,0.15,590,0,Indigenous Glbl Dev Corp,0,0,0
20050520,55859,IGDC',OTC,0.14,0.14,75,0,Indigenous Glbl Dev Corp,0,0,0
20050523,55859,IGDC',OTC,0.13,0.13,125,0,Indigenous Glbl Dev Corp,0,0,0
20050524,55859,IGDC',OTC,0.13,0.13,140,0,Indigenous Glbl Dev Corp,0,0,0
20050525,55859,IGDC',OTC,0.12,0.12,1348,0,Indigenous Glbl Dev Corp,0,0,0
20050526,55859,IGDC',OTC,0.13,0.13,719,0,Indigenous Glbl Dev Corp,0,0,0
20050527,55859,IGDC',OTC,0.14,0.14,358,0,Indigenous Glbl Dev Corp,0,0,0
20050531,55859,IGDC',OTC,0.14,0.14,200,0,Indigenous Glbl Dev Corp,0,0,0
20050601,55859,IGDC',OTC,0.12,0.12,359,0,Indigenous Glbl Dev Corp,0,0,0
20050602,55859,IGDC',OTC,0.11,0.11,1361,0,Indigenous Glbl Dev Corp,0,0,0
20050603,55859,IGDC',OTC,0.1,0.1,1830,0,Indigenous Glbl Dev Corp,0,0,0
20050606,55859,IGDC',OTC,0.08,0.08,2205,0,Indigenous Glbl Dev Corp,0,0,0
20050607,55859,IGDC',OTC,0.11,0.11,2947,0,Indigenous Glbl Dev Corp,0,0,0
20050608,55859,IGDC',OTC,0.08,0.08,1015,0,Indigenous Glbl Dev Corp,0,0,0
20050609,55859,IGDC',OTC,0.08,0.08,0,0,Indigenous Glbl Dev Corp,0,0,0
20050610,55859,IGDC',OTC,0.09,0.09,1111,0,Indigenous Glbl Dev Corp,0,0,0
20050613,55859,IGDC',OTC,0.1,0.1,1367,0,Indigenous Glbl Dev Corp,0,0,0
20050614,55859,IGDC',OTC,0.11,0.11,1411,0,Indigenous Glbl Dev Corp,0,0,0
20050615,55859,IGDC',OTC,0.09,0.09,612,0,Indigenous Glbl Dev Corp,0,0,0
20050616,55859,IGDC',OTC,0.1,0.1,529,0,Indigenous Glbl Dev Corp,0,0,0
20050617,55859,IGDC',OTC,0.1,0.1,1230,0,Indigenous Glbl Dev Corp,0,0,0
20050620,55859,IGDC',OTC,0.12,0.12,5102,0,Indigenous Glbl Dev Corp,0,0,0
20050621,55859,IGDC',OTC,0.11,0.11,973,0,Indigenous Glbl Dev Corp,0,0,0
20050622,55859,IGDC',OTC,0.1,0.1,2595,0,Indigenous Glbl Dev Corp,0,0,0
20050623,55859,IGDC',OTC,0.09,0.09,623,0,Indigenous Glbl Dev Corp,0,0,0
20050624,55859,IGDC',OTC,0.09,0.09,2750,0,Indigenous Glbl Dev Corp,0,0,0
20050627,55859,IGDC',OTC,0.11,0.11,1261,0,Indigenous Glbl Dev Corp,0,0,0
20050628,55859,IGDC',OTC,0.11,0.11,4451,0,Indigenous Glbl Dev Corp,0,0,0
20050629,55859,IGDC',OTC,0.11,0.11,1000,0,Indigenous Glbl Dev Corp,0,0,0
20050630,55859,IGDC',OTC,0.09,0.09,980,0,Indigenous Glbl Dev Corp,0,0,0
20050701,55859,IGDC',OTC,0.09,0.09,490,0,Indigenous Glbl Dev Corp,0,0,0
20050705,55859,IGDC',OTC,0.1,0.1,2190,0,Indigenous Glbl Dev Corp,0,0,0
20050706,55859,IGDC',OTC,0.09,0.09,512,0,Indigenous Glbl Dev Corp,0,0,0
20050707,55859,IGDC',OTC,0.09,0.09,280,0,Indigenous Glbl Dev Corp,0,0,0
20050708,55859,IGDC',OTC,0.08,0.08,390,0,Indigenous Glbl Dev Corp,0,0,0
20050711,55859,IGDC',OTC,0.09,0.09,670,0,Indigenous Glbl Dev Corp,0,0,0
20050712,55859,IGDC',OTC,0.09,0.09,885,0,Indigenous Glbl Dev Corp,0,0,0
20050713,55859,IGDC',OTC,0.09,0.09,360,0,Indigenous Glbl Dev Corp,0,0,0
20050714,55859,IGDC',OTC,0.08,0.08,1852,0,Indigenous Glbl Dev Corp,0,0,0
20050715,55859,IGDC',OTC,0.09,0.09,2590,0,Indigenous Glbl Dev Corp,0,0,0
20050718,55859,IGDC',OTC,0.1,0.1,418,0,Indigenous Glbl Dev Corp,0,0,0
20050719,55859,IGDC',OTC,0.09,0.09,350,0,Indigenous Glbl Dev Corp,0,0,0
20050720,55859,IGDC',OTC,0.09,0.09,60,0,Indigenous Glbl Dev Corp,0,0,0
20050721,55859,IGDC',OTC,0.08,0.08,1370,0,Indigenous Glbl Dev Corp,0,0,0
20050722,55859,IGDC',OTC,0.09,0.09,915,0,Indigenous Glbl Dev Corp,0,0,0
20050725,55859,IGDC',OTC,0.09,0.09,1334,0,Indigenous Glbl Dev Corp,0,0,0
20050726,55859,IGDC',OTC,0.09,0.09,1475,0,Indigenous Glbl Dev Corp,0,0,0
20050727,55859,IGDC',OTC,0.07,0.07,3731,0,Indigenous Glbl Dev Corp,0,0,0
20050728,55859,IGDC',OTC,0.07,0.07,816,0,Indigenous Glbl Dev Corp,0,0,0
20050729,55859,IGDC',OTC,0.07,0.07,1200,0,Indigenous Glbl Dev Corp,0,0,0
20050801,55859,IGDC',OTC,0.07,0.07,0,0,Indigenous Glbl Dev Corp,0,0,0
20050802,55859,IGDC',OTC,0.07,0.07,325,0,Indigenous Glbl Dev Corp,0,0,0
20050803,55859,IGDC',OTC,0.08,0.08,1370,0,Indigenous Glbl Dev Corp,0,0,0
20050804,55859,IGDC',OTC,0.08,0.08,400,0,Indigenous Glbl Dev Corp,0,0,0
20050805,55859,IGDC',OTC,0.06,0.06,4372,0,Indigenous Glbl Dev Corp,0,0,0
20050808,55859,IGDC',OTC,0.06,0.06,1517,0,Indigenous Glbl Dev Corp,0,0,0
20050809,55859,IGDC',OTC,0.07,0.07,860,0,Indigenous Glbl Dev Corp,0,0,0
20050810,55859,IGDC',OTC,0.07,0.07,950,0,Indigenous Glbl Dev Corp,0,0,0
20050811,55859,IGDC',OTC,0.07,0.07,3066,0,Indigenous Glbl Dev Corp,0,0,0
20050812,55859,IGDC',OTC,0.07,0.07,440,0,Indigenous Glbl Dev Corp,0,0,0
20050815,55859,IGDC',OTC,0.07,0.07,329,0,Indigenous Glbl Dev Corp,0,0,0
20050816,55859,IGDC',OTC,0.07,0.07,0,0,Indigenous Glbl Dev Corp,0,0,0
20050817,55859,IGDC',OTC,0.06,0.06,430,0,Indigenous Glbl Dev Corp,0,0,0
20050818,55859,IGDC',OTC,0.06,0.06,0,0,Indigenous Glbl Dev Corp,0,0,0
20050819,55859,IGDC',OTC,0.07,0.07,1060,0,Indigenous Glbl Dev Corp,0,0,0
20050822,55859,IGDC',OTC,0.08,0.08,3757,0,Indigenous Glbl Dev Corp,0,0,0
20050823,55859,IGDC',OTC,0.1,0.1,2508,0,Indigenous Glbl Dev Corp,0,0,0
20050824,55859,IGDC',OTC,0.1,0.1,696,0,Indigenous Glbl Dev Corp,0,0,0
20050825,55859,IGDC',OTC,0.1,0.1,200,0,Indigenous Glbl Dev Corp,0,0,0
20050826,55859,IGDC',OTC,0.09,0.09,23,0,Indigenous Glbl Dev Corp,0,0,0
20050829,55859,IGDC',OTC,0.09,0.09,254,0,Indigenous Glbl Dev Corp,0,0,0
20050830,55859,IGDC',OTC,0.08,0.08,1918,0,Indigenous Glbl Dev Corp,0,0,0
20050831,55859,IGDC',OTC,0.08,0.08,1056,0,Indigenous Glbl Dev Corp,0,0,0
20050901,55859,IGDC',OTC,0.08,0.08,292,0,Indigenous Glbl Dev Corp,0,0,0
20050902,55859,IGDC',OTC,0.08,0.08,390,0,Indigenous Glbl Dev Corp,0,0,0
20050906,55859,IGDC',OTC,0.08,0.08,0,0,Indigenous Glbl Dev Corp,0,0,0
20050907,55859,IGDC',OTC,0.09,0.09,460,0,Indigenous Glbl Dev Corp,0,0,0
20050908,55859,IGDC',OTC,0.09,0.09,370,0,Indigenous Glbl Dev Corp,0,0,0
20050909,55859,IGDC',OTC,0.08,0.08,397,0,Indigenous Glbl Dev Corp,0,0,0
20050912,55859,IGDC',OTC,0.08,0.08,357,0,Indigenous Glbl Dev Corp,0,0,0
20050913,55859,IGDC',OTC,0.07,0.07,200,0,Indigenous Glbl Dev Corp,0,0,0
20050914,55859,IGDC',OTC,0.07,0.07,2137,0,Indigenous Glbl Dev Corp,0,0,0
20050915,55859,IGDC',OTC,0.08,0.08,1069,0,Indigenous Glbl Dev Corp,0,0,0
20050916,55859,IGDC',OTC,0.14,0.14,4004,0,Indigenous Glbl Dev Corp,0,0,0
20050919,55859,IGDC',OTC,0.18,0.18,6483,0,Indigenous Glbl Dev Corp,0,0,0
20050920,55859,IGDC',OTC,0.2,0.2,2876,0,Indigenous Glbl Dev Corp,0,0,0
20050921,55859,IGDC',OTC,0.18,0.18,8983,0,Indigenous Glbl Dev Corp,0,0,0
20050922,55859,IGDC',OTC,0.18,0.18,1541,0,Indigenous Glbl Dev Corp,0,0,0
20050923,55859,IGDC',OTC,0.2,0.2,406,0,Indigenous Glbl Dev Corp,0,0,0
20050926,55859,IGDC',OTC,0.17,0.17,215,0,Indigenous Glbl Dev Corp,0,0,0
20050927,55859,IGDC',OTC,0.15,0.15,579,0,Indigenous Glbl Dev Corp,0,0,0
20050928,55859,IGDC',OTC,0.15,0.15,600,0,Indigenous Glbl Dev Corp,0,0,0
20050929,55859,IGDC',OTC,0.17,0.17,779,0,Indigenous Glbl Dev Corp,0,0,0
20050930,55859,IGDC',OTC,0.17,0.17,765,0,Indigenous Glbl Dev Corp,0,0,0
20051003,55859,IGDC',OTC,0.16,0.16,220,0,Indigenous Glbl Dev Corp,0,0,0
20051004,55859,IGDC',OTC,0.15,0.15,845,0,Indigenous Glbl Dev Corp,0,0,0
20051005,55859,IGDC',OTC,0.15,0.15,80,0,Indigenous Glbl Dev Corp,0,0,0
20051006,55859,IGDC',OTC,0.13,0.13,257,0,Indigenous Glbl Dev Corp,0,0,0
20051007,55859,IGDC',OTC,0.15,0.15,642,0,Indigenous Glbl Dev Corp,0,0,0
20051010,55859,IGDC',OTC,0.14,0.14,125,0,Indigenous Glbl Dev Corp,0,0,0
20051011,55859,IGDC',OTC,0.18,0.18,550,0,Indigenous Glbl Dev Corp,0,0,0
20051012,55859,IGDC',OTC,0.17,0.17,1186,0,Indigenous Glbl Dev Corp,0,0,0
20051013,55859,IGDC',OTC,0.2,0.2,668,0,Indigenous Glbl Dev Corp,0,0,0
20051014,55859,IGDC',OTC,0.19,0.19,2516,0,Indigenous Glbl Dev Corp,0,0,0
20051017,55859,IGDC',OTC,0.19,0.19,0,0,Indigenous Glbl Dev Corp,0,0,0
20051018,55859,IGDC',OTC,0.18,0.18,470,0,Indigenous Glbl Dev Corp,0,0,0
20051019,55859,IGDC',OTC,0.15,0.15,120,0,Indigenous Glbl Dev Corp,0,0,0
20051020,55859,IGDC',OTC,0.16,0.16,180,0,Indigenous Glbl Dev Corp,0,0,0
20051021,55859,IGDC',OTC,0.15,0.15,125,0,Indigenous Glbl Dev Corp,0,0,0
20051024,55859,IGDC',OTC,0.13,0.13,512,0,Indigenous Glbl Dev Corp,0,0,0
20051025,55859,IGDC',OTC,0.13,0.13,0,0,Indigenous Glbl Dev Corp,0,0,0
20051026,55859,IGDC',OTC,0.13,0.13,0,0,Indigenous Glbl Dev Corp,0,0,0
20051027,55859,IGDC',OTC,0.13,0.13,0,0,Indigenous Glbl Dev Corp,0,0,0
20051028,55859,IGDC',OTC,0.14,0.14,551,0,Indigenous Glbl Dev Corp,0,0,0
20051031,55859,IGDC',OTC,0.14,0.14,497,0,Indigenous Glbl Dev Corp,0,0,0
20051101,55859,IGDC',OTC,0.14,0.14,100,0,Indigenous Glbl Dev Corp,0,0,0
20051102,55859,IGDC',OTC,0.15,0.15,350,0,Indigenous Glbl Dev Corp,0,0,0
20051103,55859,IGDC',OTC,0.15,0.15,1164,0,Indigenous Glbl Dev Corp,0,0,0
20051104,55859,IGDC',OTC,0.16,0.16,605,0,Indigenous Glbl Dev Corp,0,0,0
20051107,55859,IGDC',OTC,0.17,0.17,540,0,Indigenous Glbl Dev Corp,0,0,0
20051108,55859,IGDC',OTC,0.16,0.16,100,0,Indigenous Glbl Dev Corp,0,0,0
20051109,55859,IGDC',OTC,0.14,0.14,972,0,Indigenous Glbl Dev Corp,0,0,0
20051110,55859,IGDC',OTC,0.09,0.09,1515,0,Indigenous Glbl Dev Corp,0,0,0
20051111,55859,IGDC',OTC,0.08,0.08,3055,0,Indigenous Glbl Dev Corp,0,0,0
20051114,55859,IGDC',OTC,0.06,0.06,515,0,Indigenous Glbl Dev Corp,0,0,0
20051115,55859,IGDC',OTC,0.07,0.07,10,0,Indigenous Glbl Dev Corp,0,0,0
20051116,55859,IGDC',OTC,0.07,0.07,285,0,Indigenous Glbl Dev Corp,0,0,0
20051117,55859,IGDC',OTC,0.08,0.08,461,0,Indigenous Glbl Dev Corp,0,0,0
20051118,55859,IGDC',OTC,0.07,0.07,220,0,Indigenous Glbl Dev Corp,0,0,0
20051121,55859,IGDC',OTC,0.09,0.09,990,0,Indigenous Glbl Dev Corp,0,0,0
20051122,55859,IGDC',OTC,0.08,0.08,1063,0,Indigenous Glbl Dev Corp,0,0,0
20051123,55859,IGDC',OTC,0.08,0.08,30,0,Indigenous Glbl Dev Corp,0,0,0
20051125,55859,IGDC',OTC,0.06,0.06,240,0,Indigenous Glbl Dev Corp,0,0,0
20051128,55859,IGDC',OTC,0.08,0.08,1190,0,Indigenous Glbl Dev Corp,0,0,0
20051129,55859,IGDC',OTC,0.09,0.09,615,0,Indigenous Glbl Dev Corp,0,0,0
20051130,55859,IGDC',OTC,0.09,0.09,120,0,Indigenous Glbl Dev Corp,0,0,0
20051201,55859,IGDC',OTC,0.08,0.08,420,0,Indigenous Glbl Dev Corp,0,0,0
20051202,55859,IGDC',OTC,0.09,0.09,220,0,Indigenous Glbl Dev Corp,0,0,0
20051205,55859,IGDC',OTC,0.07,0.07,323,0,Indigenous Glbl Dev Corp,0,0,0
20051206,55859,IGDC',OTC,0.08,0.08,1467,0,Indigenous Glbl Dev Corp,0,0,0
20051207,55859,IGDC',OTC,0.07,0.07,310,0,Indigenous Glbl Dev Corp,0,0,0
20051208,55859,IGDC',OTC,0.07,0.07,0,0,Indigenous Glbl Dev Corp,0,0,0
20051209,55859,IGDC',OTC,0.09,0.09,780,0,Indigenous Glbl Dev Corp,0,0,0
20051212,55859,IGDC',OTC,0.08,0.08,2341,0,Indigenous Glbl Dev Corp,0,0,0
20051213,55859,IGDC',OTC,0.1,0.1,175,0,Indigenous Glbl Dev Corp,0,0,0
20051214,55859,IGDC',OTC,0.09,0.09,680,0,Indigenous Glbl Dev Corp,0,0,0
20051215,55859,IGDC',OTC,0.09,0.09,2411,0,Indigenous Glbl Dev Corp,0,0,0
20051216,55859,IGDC',OTC,0.09,0.09,400,0,Indigenous Glbl Dev Corp,0,0,0
20051219,55859,IGDC',OTC,0.08,0.08,2209,0,Indigenous Glbl Dev Corp,0,0,0
20051220,55859,IGDC',OTC,0.09,0.09,890,0,Indigenous Glbl Dev Corp,0,0,0
20051221,55859,IGDC',OTC,0.08,0.08,7,0,Indigenous Glbl Dev Corp,0,0,0
20051222,55859,IGDC',OTC,0.08,0.08,10,0,Indigenous Glbl Dev Corp,0,0,0
20051223,55859,IGDC',OTC,0.08,0.08,340,0,Indigenous Glbl Dev Corp,0,0,0
20051227,55859,IGDC',OTC,0.08,0.08,2460,0,Indigenous Glbl Dev Corp,0,0,0
20051228,55859,IGDC',OTC,0.07,0.07,403,0,Indigenous Glbl Dev Corp,0,0,0
20051229,55859,IGDC',OTC,0.07,0.07,1709,0,Indigenous Glbl Dev Corp,0,0,0
20051230,55859,IGDC',OTC,0.07,0.07,830,0,Indigenous Glbl Dev Corp,0,0,0
20060103,55859,IGDC',OTC,0.07,0.07,70,0,Indigenous Glbl Dev Corp,0,0,0
20060104,55859,IGDC',OTC,0.07,0.07,150,0,Indigenous Glbl Dev Corp,0,0,0
20060105,55859,IGDC',OTC,0.07,0.07,841,0,Indigenous Glbl Dev Corp,0,0,0
20060106,55859,IGDC',OTC,0.07,0.07,4807,0,Indigenous Glbl Dev Corp,0,0,0
20060109,55859,IGDC',OTC,0.07,0.07,310,0,Indigenous Glbl Dev Corp,0,0,0
20060110,55859,IGDC',OTC,0.07,0.07,152,0,Indigenous Glbl Dev Corp,0,0,0
20060111,55859,IGDC',OTC,0.06,0.06,5233,0,Indigenous Glbl Dev Corp,0,0,0
20060112,55859,IGDC',OTC,0.06,0.06,953,0,Indigenous Glbl Dev Corp,0,0,0
20060113,55859,IGDC',OTC,0.06,0.06,685,0,Indigenous Glbl Dev Corp,0,0,0
20060117,55859,IGDC',OTC,0.05,0.05,1600,0,Indigenous Glbl Dev Corp,0,0,0
20060118,55859,IGDC',OTC,0.05,0.05,5002,0,Indigenous Glbl Dev Corp,0,0,0
20060119,55859,IGDC',OTC,0.05,0.05,0,0,Indigenous Glbl Dev Corp,0,0,0
20060120,55859,IGDC',OTC,0.04,0.04,1358,0,Indigenous Glbl Dev Corp,0,0,0
20060123,55859,IGDC',OTC,0.04,0.04,1003,0,Indigenous Glbl Dev Corp,0,0,0
20060124,55859,IGDC',OTC,0.04,0.04,809,0,Indigenous Glbl Dev Corp,0,0,0
20060125,55859,IGDC',OTC,0.04,0.04,1428,0,Indigenous Glbl Dev Corp,0,0,0
20060126,55859,IGDC',OTC,0.05,0.05,3697,0,Indigenous Glbl Dev Corp,0,0,0
20060127,55859,IGDC',OTC,0.05,0.05,1180,0,Indigenous Glbl Dev Corp,0,0,0
20060130,55859,IGDC',OTC,0.05,0.05,0,0,Indigenous Glbl Dev Corp,0,0,0
20060131,55859,IGDC',OTC,0.04,0.04,1800,0,Indigenous Glbl Dev Corp,0,0,0
20060201,55859,IGDC',OTC,0.04,0.04,282,0,Indigenous Glbl Dev Corp,0,0,0
20060202,55859,IGDC',OTC,0.05,0.05,330,0,Indigenous Glbl Dev Corp,0,0,0
20060203,55859,IGDC',OTC,0.04,0.04,700,0,Indigenous Glbl Dev Corp,0,0,0
20060206,55859,IGDC',OTC,0.04,0.04,500,0,Indigenous Glbl Dev Corp,0,0,0
20060207,55859,IGDC',OTC,0.04,0.04,25,0,Indigenous Glbl Dev Corp,0,0,0
20060208,55859,IGDC',OTC,0.04,0.04,0,0,Indigenous Glbl Dev Corp,0,0,0
20060209,55859,IGDC',OTC,0.04,0.04,950,0,Indigenous Glbl Dev Corp,0,0,0
20060210,55859,IGDC',OTC,0.04,0.04,1150,0,Indigenous Glbl Dev Corp,0,0,0
20060213,55859,IGDC',OTC,0.04,0.04,785,0,Indigenous Glbl Dev Corp,0,0,0
20060214,55859,IGDC',OTC,0.05,0.05,1700,0,Indigenous Glbl Dev Corp,0,0,0
20060215,55859,IGDC',OTC,0.05,0.05,500,0,Indigenous Glbl Dev Corp,0,0,0
20060216,55859,IGDC',OTC,0.05,0.05,1000,0,Indigenous Glbl Dev Corp,0,0,0
20060217,55859,IGDC',OTC,0.04,0.04,20,0,Indigenous Glbl Dev Corp,0,0,0
20060221,55859,IGDC',OTC,0.04,0.04,305,0,Indigenous Glbl Dev Corp,0,0,0
20060222,55859,IGDC',OTC,0.04,0.04,689,0,Indigenous Glbl Dev Corp,0,0,0
20060223,55859,IGDC',OTC,0.04,0.04,366,0,Indigenous Glbl Dev Corp,0,0,0
20060224,55859,IGDC',OTC,0.04,0.04,150,0,Indigenous Glbl Dev Corp,0,0,0
20060227,55859,IGDC',OTC,0.04,0.04,200,0,Indigenous Glbl Dev Corp,0,0,0
20060228,55859,IGDC',OTC,0.04,0.04,200,0,Indigenous Glbl Dev Corp,0,0,0
20060301,55859,IGDC',OTC,0.04,0.04,1227,0,Indigenous Glbl Dev Corp,0,0,0
20060302,55859,IGDC',OTC,0.04,0.04,900,0,Indigenous Glbl Dev Corp,0,0,0
20060303,55859,IGDC',OTC,0.04,0.04,800,0,Indigenous Glbl Dev Corp,0,0,0
20060306,55859,IGDC',OTC,0.04,0.04,800,0,Indigenous Glbl Dev Corp,0,0,0
20060307,55859,IGDC',OTC,0.04,0.04,800,0,Indigenous Glbl Dev Corp,0,0,0
20060308,55859,IGDC',OTC,0.05,0.05,1300,0,Indigenous Glbl Dev Corp,0,0,0
20060309,55859,IGDC',OTC,0.05,0.05,20,0,Indigenous Glbl Dev Corp,0,0,0
20060310,55859,IGDC',OTC,0.05,0.05,0,0,Indigenous Glbl Dev Corp,0,0,0
20060313,55859,IGDC',OTC,0.04,0.04,2430,0,Indigenous Glbl Dev Corp,0,0,0
20060314,55859,IGDC',OTC,0.04,0.04,0,0,Indigenous Glbl Dev Corp,0,0,0
20060315,55859,IGDC',OTC,0.04,0.04,1350,0,Indigenous Glbl Dev Corp,0,0,0
20060316,55859,IGDC',OTC,0.04,0.04,1000,0,Indigenous Glbl Dev Corp,0,0,0
20060317,55859,IGDC',OTC,0.04,0.04,900,0,Indigenous Glbl Dev Corp,0,0,0
20060320,55859,IGDC',OTC,0.03,0.03,800,0,Indigenous Glbl Dev Corp,0,0,0
20060321,55859,IGDC',OTC,0.03,0.03,946,0,Indigenous Glbl Dev Corp,0,0,0
20060322,55859,IGDC',OTC,0.03,0.03,710,0,Indigenous Glbl Dev Corp,0,0,0
20060323,55859,IGDC',OTC,0.04,0.04,3150,0,Indigenous Glbl Dev Corp,0,0,0
20060324,55859,IGDC',OTC,0.04,0.04,0,0,Indigenous Glbl Dev Corp,0,0,0
20060327,55859,IGDC',OTC,0.04,0.04,956,0,Indigenous Glbl Dev Corp,0,0,0
20060328,55859,IGDC',OTC,0.03,0.03,600,0,Indigenous Glbl Dev Corp,0,0,0
20060329,55859,IGDC',OTC,0.03,0.03,0,0,Indigenous Glbl Dev Corp,0,0,0
20060330,55859,IGDC',OTC,0.03,0.03,228,0,Indigenous Glbl Dev Corp,0,0,0
20060331,55859,IGDC',OTC,0.03,0.03,225,0,Indigenous Glbl Dev Corp,0,0,0
20060403,55859,IGDC',OTC,0.03,0.03,75,0,Indigenous Glbl Dev Corp,0,0,0
20060404,55859,IGDC',OTC,0.03,0.03,195,0,Indigenous Glbl Dev Corp,0,0,0
20060405,55859,IGDC',OTC,0.04,0.04,145,0,Indigenous Glbl Dev Corp,0,0,0
20060406,55859,IGDC',OTC,0.04,0.04,50,0,Indigenous Glbl Dev Corp,0,0,0
20060407,55859,IGDC',OTC,0.04,0.04,350,0,Indigenous Glbl Dev Corp,0,0,0
20060410,55859,IGDC',OTC,0.03,0.03,790,0,Indigenous Glbl Dev Corp,0,0,0
20060411,55859,IGDC',OTC,0.04,0.04,110,0,Indigenous Glbl Dev Corp,0,0,0
20060412,55859,IGDC',OTC,0.04,0.04,0,0,Indigenous Glbl Dev Corp,0,0,0
20060413,55859,IGDC',OTC,0.04,0.04,10,0,Indigenous Glbl Dev Corp,0,0,0
20060417,55859,IGDC',OTC,0.03,0.03,1210,0,Indigenous Glbl Dev Corp,0,0,0
20060418,55859,IGDC',OTC,0.04,0.04,24,0,Indigenous Glbl Dev Corp,0,0,0
20060419,55859,IGDC',OTC,0.04,0.04,15,0,Indigenous Glbl Dev Corp,0,0,0
20060420,55859,IGDC',OTC,0.03,0.03,220,0,Indigenous Glbl Dev Corp,0,0,0
20060421,55859,IGDC',OTC,0.03,0.03,230,0,Indigenous Glbl Dev Corp,0,0,0
20060424,55859,IGDC',OTC,0.03,0.03,50,0,Indigenous Glbl Dev Corp,0,0,0
20060425,55859,IGDC',OTC,0.05,0.05,2517,0,Indigenous Glbl Dev Corp,0,0,0
20060426,55859,IGDC',OTC,0.04,0.04,1220,0,Indigenous Glbl Dev Corp,0,0,0
20060427,55859,IGDC',OTC,0.04,0.04,265,0,Indigenous Glbl Dev Corp,0,0,0
20060428,55859,IGDC',OTC,0.03,0.03,1514,0,Indigenous Glbl Dev Corp,0,0,0
20060501,55859,IGDC',OTC,0.04,0.04,1018,0,Indigenous Glbl Dev Corp,0,0,0
20060502,55859,IGDC',OTC,0.04,0.04,1934,0,Indigenous Glbl Dev Corp,0,0,0
20060503,55859,IGDC',OTC,0.05,0.05,690,0,Indigenous Glbl Dev Corp,0,0,0
20060504,55859,IGDC',OTC,0.04,0.04,9,0,Indigenous Glbl Dev Corp,0,0,0
20060505,55859,IGDC',OTC,0.05,0.05,2314,0,Indigenous Glbl Dev Corp,0,0,0
20060508,55859,IGDC',OTC,0.05,0.05,0,0,Indigenous Glbl Dev Corp,0,0,0
20060509,55859,IGDC',OTC,0.05,0.05,2650,0,Indigenous Glbl Dev Corp,0,0,0
20060510,55859,IGDC',OTC,0.05,0.05,0,0,Indigenous Glbl Dev Corp,0,0,0
20060511,55859,IGDC',OTC,0.05,0.05,534,0,Indigenous Glbl Dev Corp,0,0,0
20060512,55859,IGDC',OTC,0.03,0.03,2010,0,Indigenous Glbl Dev Corp,0,0,0
20060515,55859,IGDC',OTC,0.04,0.04,778,0,Indigenous Glbl Dev Corp,0,0,0
20060516,55859,IGDC',OTC,0.04,0.04,450,0,Indigenous Glbl Dev Corp,0,0,0
20060517,55859,IGDC',OTC,0.04,0.04,0,0,Indigenous Glbl Dev Corp,0,0,0
20060518,55859,IGDC',OTC,0.04,0.04,500,0,Indigenous Glbl Dev Corp,0,0,0
20060519,55859,IGDC',OTC,0.03,0.03,106,0,Indigenous Glbl Dev Corp,0,0,0
20060522,55859,IGDC',OTC,0.04,0.04,350,0,Indigenous Glbl Dev Corp,0,0,0
20060523,55859,IGDC',OTC,0.04,0.04,0,0,Indigenous Glbl Dev Corp,0,0,0
20060524,55859,IGDC',OTC,0.04,0.04,250,0,Indigenous Glbl Dev Corp,0,0,0
20060525,55859,IGDC',OTC,0.04,0.04,1000,0,Indigenous Glbl Dev Corp,0,0,0
20060526,55859,IGDC',OTC,0.04,0.04,1888,0,Indigenous Glbl Dev Corp,0,0,0
20060530,55859,IGDC',OTC,0.04,0.04,617,0,Indigenous Glbl Dev Corp,0,0,0
20060531,55859,IGDC',OTC,0.05,0.05,2250,0,Indigenous Glbl Dev Corp,0,0,0
20060601,55859,IGDC',OTC,0.04,0.04,100,0,Indigenous Glbl Dev Corp,0,0,0
20060602,55859,IGDC',OTC,0.03,0.03,275,0,Indigenous Glbl Dev Corp,0,0,0
20060605,55859,IGDC',OTC,0.03,0.03,0,0,Indigenous Glbl Dev Corp,0,0,0
20060606,55859,IGDC',OTC,0.04,0.04,550,0,Indigenous Glbl Dev Corp,0,0,0
20060607,55859,IGDC',OTC,0.04,0.04,500,0,Indigenous Glbl Dev Corp,0,0,0
20060608,55859,IGDC',OTC,0.04,0.04,430,0,Indigenous Glbl Dev Corp,0,0,0
20060609,55859,IGDC',OTC,0.04,0.04,1350,0,Indigenous Glbl Dev Corp,0,0,0
20060612,55859,IGDC',OTC,0.04,0.04,0,0,Indigenous Glbl Dev Corp,0,0,0
20060613,55859,IGDC',OTC,0.04,0.04,0,0,Indigenous Glbl Dev Corp,0,0,0
20060614,55859,IGDC',OTC,0.04,0.04,0,0,Indigenous Glbl Dev Corp,0,0,0
20060615,55859,IGDC',OTC,0.04,0.04,150,0,Indigenous Glbl Dev Corp,0,0,0
20060616,55859,IGDC',OTC,0.04,0.04,0,0,Indigenous Glbl Dev Corp,0,0,0
20060619,55859,IGDC',OTC,0.04,0.04,0,0,Indigenous Glbl Dev Corp,0,0,0
20060620,55859,IGDC',OTC,0.03,0.03,1700,0,Indigenous Glbl Dev Corp,0,0,0
20060621,55859,IGDC',OTC,0.03,0.03,0,0,Indigenous Glbl Dev Corp,0,0,0
20060622,55859,IGDC',OTC,0.03,0.03,39,0,Indigenous Glbl Dev Corp,0,0,0
20060623,55859,IGDC',OTC,0.03,0.03,650,0,Indigenous Glbl Dev Corp,0,0,0
20060626,55859,IGDC',OTC,0.03,0.03,50,0,Indigenous Glbl Dev Corp,0,0,0
20060627,55859,IGDC',OTC,0.03,0.03,800,0,Indigenous Glbl Dev Corp,0,0,0
20060628,55859,IGDC',OTC,0.03,0.03,65,0,Indigenous Glbl Dev Corp,0,0,0
20060629,55859,IGDC',OTC,0.03,0.03,0,0,Indigenous Glbl Dev Corp,0,0,0
20060630,55859,IGDC',OTC,0.03,0.03,0,0,Indigenous Glbl Dev Corp,0,0,0
20060703,55859,IGDC',OTC,0.03,0.03,0,0,Indigenous Glbl Dev Corp,0,0,0
20060705,55859,IGDC',OTC,0.03,0.03,0,0,Indigenous Glbl Dev Corp,0,0,0
20060706,55859,IGDC',OTC,0.03,0.03,0,0,Indigenous Glbl Dev Corp,0,0,0
20060707,55859,IGDC',OTC,0.02,0.02,2137,0,Indigenous Glbl Dev Corp,0,0,0
20060710,55859,IGDC',OTC,0.03,0.03,500,0,Indigenous Glbl Dev Corp,0,0,0
20060711,55859,IGDC',OTC,0.03,0.03,1492,0,Indigenous Glbl Dev Corp,0,0,0
20060712,55859,IGDC',OTC,0.03,0.03,954,0,Indigenous Glbl Dev Corp,0,0,0
20060713,55859,IGDC',OTC,0.03,0.03,56,0,Indigenous Glbl Dev Corp,0,0,0
20060714,55859,IGDC',OTC,0.03,0.03,106,0,Indigenous Glbl Dev Corp,0,0,0
20060717,55859,IGDC',OTC,0.03,0.03,0,0,Indigenous Glbl Dev Corp,0,0,0
20060718,55859,IGDC',OTC,0.03,0.03,35,0,Indigenous Glbl Dev Corp,0,0,0
20060719,55859,IGDC',OTC,0.03,0.03,0,0,Indigenous Glbl Dev Corp,0,0,0
20060720,55859,IGDC',OTC,0.03,0.03,0,0,Indigenous Glbl Dev Corp,0,0,0
20060721,55859,IGDC',OTC,0.03,0.03,0,0,Indigenous Glbl Dev Corp,0,0,0
20060724,55859,IGDC',OTC,0.03,0.03,488,0,Indigenous Glbl Dev Corp,0,0,0
20060725,55859,IGDC',OTC,0.03,0.03,0,0,Indigenous Glbl Dev Corp,0,0,0
20060726,55859,IGDC',OTC,0.03,0.03,50,0,Indigenous Glbl Dev Corp,0,0,0
20060727,55859,IGDC',OTC,0.03,0.03,0,0,Indigenous Glbl Dev Corp,0,0,0
20060728,55859,IGDC',OTC,0.03,0.03,0,0,Indigenous Glbl Dev Corp,0,0,0
20060731,55859,IGDC',OTC,0.03,0.03,1060,0,Indigenous Glbl Dev Corp,0,0,0
20060801,55859,IGDC',OTC,0.02,0.02,50,0,Indigenous Glbl Dev Corp,0,0,0
20060802,55859,IGDC',OTC,0.02,0.02,0,0,Indigenous Glbl Dev Corp,0,0,0
20060803,55859,IGDC',OTC,0.03,0.03,100,0,Indigenous Glbl Dev Corp,0,0,0
20060804,55859,IGDC',OTC,0.02,0.02,10,0,Indigenous Glbl Dev Corp,0,0,0
20060807,55859,IGDC',OTC,0.03,0.03,800,0,Indigenous Glbl Dev Corp,0,0,0
20060808,55859,IGDC',OTC,0.03,0.03,0,0,Indigenous Glbl Dev Corp,0,0,0
20060809,55859,IGDC',OTC,0.03,0.03,0,0,Indigenous Glbl Dev Corp,0,0,0
20060810,55859,IGDC',OTC,0.02,0.02,6,0,Indigenous Glbl Dev Corp,0,0,0
20060811,55859,IGDC',OTC,0.02,0.02,0,0,Indigenous Glbl Dev Corp,0,0,0
20060814,55859,IGDC',OTC,0.02,0.02,0,0,Indigenous Glbl Dev Corp,0,0,0
20060815,55859,IGDC',OTC,0.02,0.02,0,0,Indigenous Glbl Dev Corp,0,0,0
20060816,55859,IGDC',OTC,0.03,0.03,160,0,Indigenous Glbl Dev Corp,0,0,0
20060817,55859,IGDC',OTC,0.03,0.03,33,0,Indigenous Glbl Dev Corp,0,0,0
20060818,55859,IGDC',OTC,0.03,0.03,100,0,Indigenous Glbl Dev Corp,0,0,0
20060821,55859,IGDC',OTC,0.03,0.03,600,0,Indigenous Glbl Dev Corp,0,0,0
20060822,55859,IGDC',OTC,0.03,0.03,150,0,Indigenous Glbl Dev Corp,0,0,0
20060823,55859,IGDC',OTC,0.03,0.03,0,0,Indigenous Glbl Dev Corp,0,0,0
20060824,55859,IGDC',OTC,0.03,0.03,0,0,Indigenous Glbl Dev Corp,0,0,0
20060825,55859,IGDC',OTC,0.03,0.03,100,0,Indigenous Glbl Dev Corp,0,0,0
20060828,55859,IGDC',OTC,0.02,0.02,224,0,Indigenous Glbl Dev Corp,0,0,0
20060829,55859,IGDC',OTC,0.02,0.02,0,0,Indigenous Glbl Dev Corp,0,0,0
20060830,55859,IGDC',OTC,0.02,0.02,0,0,Indigenous Glbl Dev Corp,0,0,0
20060831,55859,IGDC',OTC,0.02,0.02,0,0,Indigenous Glbl Dev Corp,0,0,0
20060901,55859,IGDC',OTC,0.02,0.02,0,0,Indigenous Glbl Dev Corp,0,0,0
20060905,55859,IGDC',OTC,0.02,0.02,0,0,Indigenous Glbl Dev Corp,0,0,0
20060906,55859,IGDC',OTC,0.02,0.02,0,0,Indigenous Glbl Dev Corp,0,0,0
20060907,55859,IGDC',OTC,0.02,0.02,0,0,Indigenous Glbl Dev Corp,0,0,0
20060908,55859,IGDC',OTC,0.02,0.02,0,0,Indigenous Glbl Dev Corp,0,0,0
20060911,55859,IGDC',OTC,0.02,0.02,250,0,Indigenous Glbl Dev Corp,0,0,0
20060912,55859,IGDC',OTC,0.02,0.02,252,0,Indigenous Glbl Dev Corp,0,0,0
20060913,55859,IGDC',OTC,0.02,0.02,0,0,Indigenous Glbl Dev Corp,0,0,0
20060914,55859,IGDC',OTC,0.02,0.02,0,0,Indigenous Glbl Dev Corp,0,0,0
20060915,55859,IGDC',OTC,0.02,0.02,0,0,Indigenous Glbl Dev Corp,0,0,0
20060918,55859,IGDC',OTC,0.02,0.02,0,0,Indigenous Glbl Dev Corp,0,0,0
20060919,55859,IGDC',OTC,0.02,0.02,0,0,Indigenous Glbl Dev Corp,0,0,0
20060920,55859,IGDC',OTC,0.02,0.02,0,0,Indigenous Glbl Dev Corp,0,0,0
20060921,55859,IGDC',OTC,0.02,0.02,0,0,Indigenous Glbl Dev Corp,0,0,0
20060922,55859,IGDC',OTC,0.02,0.02,0,0,Indigenous Glbl Dev Corp,0,0,0
20060925,55859,IGDC',OTC,0.02,0.02,0,0,Indigenous Glbl Dev Corp,0,0,0
20060926,55859,IGDC',OTC,0.02,0.02,0,0,Indigenous Glbl Dev Corp,0,0,0
20060927,55859,IGDC',OTC,0.01,0.01,400,0,Indigenous Glbl Dev Corp,0,0,0
20060928,55859,IGDC',OTC,0.01,0.01,0,0,Indigenous Glbl Dev Corp,0,0,0
20060929,55859,IGDC',OTC,0.01,0.01,0,0,Indigenous Glbl Dev Corp,0,0,0
20061002,55859,IGDC',OTC,0.01,0.01,0,0,Indigenous Glbl Dev Corp,0,0,0
20061003,55859,IGDC',OTC,0.01,0.01,0,0,Indigenous Glbl Dev Corp,0,0,0
20061004,55859,IGDC',OTC,0.01,0.01,0,0,Indigenous Glbl Dev Corp,0,0,0
20061005,55859,IGDC',OTC,0.01,0.01,870,0,Indigenous Glbl Dev Corp,0,0,0
20061006,55859,IGDC',OTC,0.01,0.01,0,0,Indigenous Glbl Dev Corp,0,0,0
20061009,55859,IGDC',OTC,0.01,0.01,1140,0,Indigenous Glbl Dev Corp,0,0,0
