DDate,CSINumber,Symbol,Exchange,DClose,UnAdjustedClose,TotalVolume,Cash,MarketName,PTB,PSR,DPS
20040330,55951,SLPCF',OTC,10.55,10.55,11,0,Sleep Country Canada Inc,0,0,0
20040331,55951,SLPCF',OTC,10.55,10.55,0,0,Sleep Country Canada Inc,0,0,0
20040401,55951,SLPCF',OTC,10.63,10.63,61,0,Sleep Country Canada Inc,0,0,0
20040402,55951,SLPCF',OTC,10.64,10.64,10,0,Sleep Country Canada Inc,0,0,0
20040405,55951,SLPCF',OTC,10.64,10.64,0,0,Sleep Country Canada Inc,0,0,0
20040406,55951,SLPCF',OTC,10.64,10.64,0,0,Sleep Country Canada Inc,0,0,0
20040407,55951,SLPCF',OTC,10.74,10.74,21,0,Sleep Country Canada Inc,0,0,0
20040408,55951,SLPCF',OTC,10.74,10.74,0,0,Sleep Country Canada Inc,0,0,0
20040412,55951,SLPCF',OTC,10.74,10.74,0,0,Sleep Country Canada Inc,0,0,0
20040413,55951,SLPCF',OTC,10.74,10.74,0,0,Sleep Country Canada Inc,0,0,0
20040414,55951,SLPCF',OTC,10.25,10.25,10,0,Sleep Country Canada Inc,0,0,0
20040415,55951,SLPCF',OTC,9.9,9.9,150,0,Sleep Country Canada Inc,0,0,0
20040416,55951,SLPCF',OTC,10.01,10.01,35,0,Sleep Country Canada Inc,0,0,0
20040419,55951,SLPCF',OTC,10,10,50,0,Sleep Country Canada Inc,0,0,0
20040420,55951,SLPCF',OTC,10.12,10.12,30,0,Sleep Country Canada Inc,0,0,0
20040421,55951,SLPCF',OTC,9.75,9.75,10,0,Sleep Country Canada Inc,0,0,0
20040422,55951,SLPCF',OTC,9.75,9.75,0,0,Sleep Country Canada Inc,0,0,0
20040423,55951,SLPCF',OTC,9.75,9.75,0,0,Sleep Country Canada Inc,0,0,0
20040426,55951,SLPCF',OTC,9.75,9.75,0,0,Sleep Country Canada Inc,0,0,0
20040427,55951,SLPCF',OTC,9.75,9.75,0,0,Sleep Country Canada Inc,0,0,0
20040428,55951,SLPCF',OTC,9.75,9.75,0,0,Sleep Country Canada Inc,0,0,0
20040429,55951,SLPCF',OTC,9.75,9.75,0,0,Sleep Country Canada Inc,0,0,0
20040430,55951,SLPCF',OTC,10.41,10.41,55,0,Sleep Country Canada Inc,0,0,0
20040503,55951,SLPCF',OTC,10.41,10.41,0,0,Sleep Country Canada Inc,0,0,0
20040504,55951,SLPCF',OTC,10.16,10.16,41,0,Sleep Country Canada Inc,0,0,0
20040505,55951,SLPCF',OTC,10.1,10.1,33,0,Sleep Country Canada Inc,0,0,0
20040506,55951,SLPCF',OTC,9.95,9.95,102,0,Sleep Country Canada Inc,0,0,0
20040507,55951,SLPCF',OTC,9.8,9.8,3,0,Sleep Country Canada Inc,0,0,0
20040510,55951,SLPCF',OTC,9.8,9.8,0,0,Sleep Country Canada Inc,0,0,0
20040511,55951,SLPCF',OTC,9.91,9.91,35,0,Sleep Country Canada Inc,0,0,0
20040512,55951,SLPCF',OTC,9.91,9.91,0,0,Sleep Country Canada Inc,0,0,0
20040513,55951,SLPCF',OTC,9.64,9.64,10,0,Sleep Country Canada Inc,0,0,0
20040514,55951,SLPCF',OTC,9.64,9.64,0,0,Sleep Country Canada Inc,0,0,0
20040517,55951,SLPCF',OTC,9.68,9.68,12,0,Sleep Country Canada Inc,0,0,0
20040518,55951,SLPCF',OTC,9.47,9.47,5,0,Sleep Country Canada Inc,0,0,0
20040519,55951,SLPCF',OTC,10.15,10.15,174,0,Sleep Country Canada Inc,0,0,0
20040520,55951,SLPCF',OTC,10.15,10.15,0,0,Sleep Country Canada Inc,0,0,0
20040521,55951,SLPCF',OTC,10.25,10.25,380,0,Sleep Country Canada Inc,0,0,0
20040524,55951,SLPCF',OTC,10.25,10.25,0,0,Sleep Country Canada Inc,0,0,0
20040525,55951,SLPCF',OTC,10.25,10.25,0,0,Sleep Country Canada Inc,0,0,0
20040526,55951,SLPCF',OTC,10.45,10.45,3,0,Sleep Country Canada Inc,0,0,0
20040527,55951,SLPCF',OTC,10.45,10.45,0,0,Sleep Country Canada Inc,0,0,0
20040528,55951,SLPCF',OTC,10.45,10.45,0,0,Sleep Country Canada Inc,0,0,0
20040601,55951,SLPCF',OTC,10.45,10.45,0,0,Sleep Country Canada Inc,0,0,0
20040602,55951,SLPCF',OTC,10.45,10.45,0,0,Sleep Country Canada Inc,0,0,0
20040603,55951,SLPCF',OTC,10.7,10.7,11,0,Sleep Country Canada Inc,0,0,0
20040604,55951,SLPCF',OTC,10.7,10.7,0,0,Sleep Country Canada Inc,0,0,0
20040607,55951,SLPCF',OTC,10.7,10.7,0,0,Sleep Country Canada Inc,0,0,0
20040608,55951,SLPCF',OTC,10.53,10.53,2,0,Sleep Country Canada Inc,0,0,0
20040609,55951,SLPCF',OTC,10.53,10.53,0,0,Sleep Country Canada Inc,0,0,0
20040610,55951,SLPCF',OTC,10.53,10.53,0,0,Sleep Country Canada Inc,0,0,0
20040614,55951,SLPCF',OTC,10.35,10.35,8,0,Sleep Country Canada Inc,0,0,0
20040615,55951,SLPCF',OTC,10.35,10.35,0,0,Sleep Country Canada Inc,0,0,0
20040616,55951,SLPCF',OTC,10.35,10.35,0,0,Sleep Country Canada Inc,0,0,0
20040617,55951,SLPCF',OTC,10.34,10.34,5,0,Sleep Country Canada Inc,0,0,0
20040618,55951,SLPCF',OTC,10.34,10.34,0,0,Sleep Country Canada Inc,0,0,0
20040621,55951,SLPCF',OTC,10.34,10.34,0,0,Sleep Country Canada Inc,0,0,0
20040622,55951,SLPCF',OTC,10.34,10.34,0,0,Sleep Country Canada Inc,0,0,0
20040623,55951,SLPCF',OTC,10.34,10.34,0,0,Sleep Country Canada Inc,0,0,0
20040624,55951,SLPCF',OTC,10.34,10.34,0,0,Sleep Country Canada Inc,0,0,0
20040625,55951,SLPCF',OTC,10.34,10.34,0,0,Sleep Country Canada Inc,0,0,0
20040628,55951,SLPCF',OTC,10.34,10.34,0,0,Sleep Country Canada Inc,0,0,0
20040629,55951,SLPCF',OTC,10.34,10.34,0,0,Sleep Country Canada Inc,0,0,0
20040630,55951,SLPCF',OTC,10.34,10.34,0,0,Sleep Country Canada Inc,0,0,0
20040701,55951,SLPCF',OTC,10.34,10.34,0,0,Sleep Country Canada Inc,0,0,0
20040702,55951,SLPCF',OTC,10.75,10.75,30,0,Sleep Country Canada Inc,0,0,0
20040706,55951,SLPCF',OTC,10.85,10.85,1,0,Sleep Country Canada Inc,0,0,0
20040707,55951,SLPCF',OTC,10.85,10.85,0,0,Sleep Country Canada Inc,0,0,0
20040708,55951,SLPCF',OTC,10.85,10.85,0,0,Sleep Country Canada Inc,0,0,0
20040709,55951,SLPCF',OTC,10.85,10.85,0,0,Sleep Country Canada Inc,0,0,0
20040712,55951,SLPCF',OTC,11.08,11.08,5,0,Sleep Country Canada Inc,0,0,0
20040713,55951,SLPCF',OTC,11.08,11.08,0,0,Sleep Country Canada Inc,0,0,0
20040714,55951,SLPCF',OTC,11.08,11.08,0,0,Sleep Country Canada Inc,0,0,0
20040715,55951,SLPCF',OTC,11.08,11.08,0,0,Sleep Country Canada Inc,0,0,0
20040716,55951,SLPCF',OTC,11.08,11.08,0,0,Sleep Country Canada Inc,0,0,0
20040719,55951,SLPCF',OTC,11.08,11.08,0,0,Sleep Country Canada Inc,0,0,0
20040720,55951,SLPCF',OTC,11.08,11.08,0,0,Sleep Country Canada Inc,0,0,0
20040721,55951,SLPCF',OTC,11.08,11.08,0,0,Sleep Country Canada Inc,0,0,0
20040722,55951,SLPCF',OTC,11.08,11.08,0,0,Sleep Country Canada Inc,0,0,0
20040723,55951,SLPCF',OTC,11.08,11.08,0,0,Sleep Country Canada Inc,0,0,0
20040726,55951,SLPCF',OTC,11.08,11.08,0,0,Sleep Country Canada Inc,0,0,0
20040727,55951,SLPCF',OTC,11.08,11.08,0,0,Sleep Country Canada Inc,0,0,0
20040728,55951,SLPCF',OTC,11.08,11.08,0,0,Sleep Country Canada Inc,0,0,0
20040729,55951,SLPCF',OTC,11.08,11.08,0,0,Sleep Country Canada Inc,0,0,0
20040730,55951,SLPCF',OTC,11.08,11.08,0,0,Sleep Country Canada Inc,0,0,0
20040802,55951,SLPCF',OTC,11.08,11.08,0,0,Sleep Country Canada Inc,0,0,0
20040803,55951,SLPCF',OTC,11.08,11.08,0,0,Sleep Country Canada Inc,0,0,0
20040804,55951,SLPCF',OTC,12.06,12.06,30,0,Sleep Country Canada Inc,0,0,0
20040805,55951,SLPCF',OTC,12.06,12.06,0,0,Sleep Country Canada Inc,0,0,0
20040806,55951,SLPCF',OTC,12.06,12.06,0,0,Sleep Country Canada Inc,0,0,0
20040809,55951,SLPCF',OTC,12.13,12.13,3,0,Sleep Country Canada Inc,0,0,0
20040810,55951,SLPCF',OTC,12.12,12.12,13,0,Sleep Country Canada Inc,0,0,0
20040811,55951,SLPCF',OTC,12.12,12.12,0,0,Sleep Country Canada Inc,0,0,0
20040812,55951,SLPCF',OTC,12.12,12.12,0,0,Sleep Country Canada Inc,0,0,0
20040813,55951,SLPCF',OTC,12.12,12.12,0,0,Sleep Country Canada Inc,0,0,0
20040816,55951,SLPCF',OTC,12.12,12.12,0,0,Sleep Country Canada Inc,0,0,0
20040817,55951,SLPCF',OTC,12.57,12.57,10,0,Sleep Country Canada Inc,0,0,0
20040818,55951,SLPCF',OTC,12.47,12.47,7,0,Sleep Country Canada Inc,0,0,0
20040819,55951,SLPCF',OTC,12.47,12.47,0,0,Sleep Country Canada Inc,0,0,0
20040820,55951,SLPCF',OTC,12.47,12.47,0,0,Sleep Country Canada Inc,0,0,0
20040823,55951,SLPCF',OTC,12.47,12.47,0,0,Sleep Country Canada Inc,0,0,0
20040824,55951,SLPCF',OTC,12.47,12.47,0,0,Sleep Country Canada Inc,0,0,0
20040825,55951,SLPCF',OTC,12.69,12.69,10,0,Sleep Country Canada Inc,0,0,0
20040826,55951,SLPCF',OTC,12.69,12.69,0,0,Sleep Country Canada Inc,0,0,0
20040827,55951,SLPCF',OTC,12.69,12.69,0,0,Sleep Country Canada Inc,0,0,0
20040830,55951,SLPCF',OTC,12.69,12.69,0,0,Sleep Country Canada Inc,0,0,0
20040831,55951,SLPCF',OTC,12.69,12.69,0,0,Sleep Country Canada Inc,0,0,0
20040901,55951,SLPCF',OTC,12.69,12.69,0,0,Sleep Country Canada Inc,0,0,0
20040902,55951,SLPCF',OTC,12.69,12.69,0,0,Sleep Country Canada Inc,0,0,0
20040903,55951,SLPCF',OTC,12.69,12.69,0,0,Sleep Country Canada Inc,0,0,0
20040907,55951,SLPCF',OTC,12.69,12.69,0,0,Sleep Country Canada Inc,0,0,0
20040908,55951,SLPCF',OTC,12.69,12.69,0,0,Sleep Country Canada Inc,0,0,0
20040909,55951,SLPCF',OTC,12.69,12.69,0,0,Sleep Country Canada Inc,0,0,0
20040910,55951,SLPCF',OTC,12.69,12.69,0,0,Sleep Country Canada Inc,0,0,0
20040913,55951,SLPCF',OTC,12.69,12.69,0,0,Sleep Country Canada Inc,0,0,0
20040914,55951,SLPCF',OTC,12.69,12.69,0,0,Sleep Country Canada Inc,0,0,0
20040915,55951,SLPCF',OTC,12.69,12.69,0,0,Sleep Country Canada Inc,0,0,0
20040916,55951,SLPCF',OTC,12.69,12.69,0,0,Sleep Country Canada Inc,0,0,0
20040917,55951,SLPCF',OTC,13.7,13.7,5,0,Sleep Country Canada Inc,0,0,0
20040920,55951,SLPCF',OTC,13.7,13.7,0,0,Sleep Country Canada Inc,0,0,0
20040921,55951,SLPCF',OTC,13.7,13.7,0,0,Sleep Country Canada Inc,0,0,0
20040922,55951,SLPCF',OTC,13.7,13.7,0,0,Sleep Country Canada Inc,0,0,0
20040923,55951,SLPCF',OTC,14.97,14.97,41,0,Sleep Country Canada Inc,0,0,0
20040924,55951,SLPCF',OTC,14.95,14.95,50,0,Sleep Country Canada Inc,0,0,0
20040927,55951,SLPCF',OTC,14.95,14.95,0,0,Sleep Country Canada Inc,0,0,0
20040928,55951,SLPCF',OTC,14.95,14.95,0,0,Sleep Country Canada Inc,0,0,0
20040929,55951,SLPCF',OTC,14.95,14.95,0,0,Sleep Country Canada Inc,0,0,0
20040930,55951,SLPCF',OTC,14.7,14.7,10,0,Sleep Country Canada Inc,0,0,0
20041001,55951,SLPCF',OTC,14.7,14.7,0,0,Sleep Country Canada Inc,0,0,0
20041004,55951,SLPCF',OTC,14.7,14.7,0,0,Sleep Country Canada Inc,0,0,0
20041005,55951,SLPCF',OTC,14.7,14.7,0,0,Sleep Country Canada Inc,0,0,0
20041006,55951,SLPCF',OTC,14.7,14.7,0,0,Sleep Country Canada Inc,0,0,0
20041007,55951,SLPCF',OTC,14.7,14.7,0,0,Sleep Country Canada Inc,0,0,0
20041008,55951,SLPCF',OTC,14.89,14.89,100,0,Sleep Country Canada Inc,0,0,0
20041011,55951,SLPCF',OTC,14.89,14.89,0,0,Sleep Country Canada Inc,0,0,0
20041012,55951,SLPCF',OTC,14.89,14.89,0,0,Sleep Country Canada Inc,0,0,0
20041013,55951,SLPCF',OTC,14.89,14.89,2,0,Sleep Country Canada Inc,0,0,0
20041014,55951,SLPCF',OTC,14.89,14.89,0,0,Sleep Country Canada Inc,0,0,0
20041015,55951,SLPCF',OTC,14.89,14.89,0,0,Sleep Country Canada Inc,0,0,0
20041018,55951,SLPCF',OTC,14.89,14.89,0,0,Sleep Country Canada Inc,0,0,0
20041019,55951,SLPCF',OTC,14.89,14.89,0,0,Sleep Country Canada Inc,0,0,0
20041020,55951,SLPCF',OTC,15.51,15.51,180,0,Sleep Country Canada Inc,0,0,0
20041021,55951,SLPCF',OTC,15.27,15.27,48,0,Sleep Country Canada Inc,0,0,0
20041022,55951,SLPCF',OTC,15.37,15.37,158,0,Sleep Country Canada Inc,0,0,0
20041025,55951,SLPCF',OTC,15.37,15.37,0,0,Sleep Country Canada Inc,0,0,0
20041026,55951,SLPCF',OTC,15.37,15.37,0,0,Sleep Country Canada Inc,0,0,0
20041027,55951,SLPCF',OTC,15.37,15.37,0,0,Sleep Country Canada Inc,0,0,0
20041028,55951,SLPCF',OTC,15.37,15.37,0,0,Sleep Country Canada Inc,0,0,0
20041029,55951,SLPCF',OTC,15.82,15.82,20,0,Sleep Country Canada Inc,0,0,0
20041101,55951,SLPCF',OTC,15.82,15.82,0,0,Sleep Country Canada Inc,0,0,0
20041102,55951,SLPCF',OTC,15.82,15.82,0,0,Sleep Country Canada Inc,0,0,0
20041103,55951,SLPCF',OTC,15.82,15.82,0,0,Sleep Country Canada Inc,0,0,0
20041104,55951,SLPCF',OTC,15.82,15.82,0,0,Sleep Country Canada Inc,0,0,0
20041105,55951,SLPCF',OTC,17.51,17.51,100,0,Sleep Country Canada Inc,0,0,0
20041108,55951,SLPCF',OTC,17.51,17.51,0,0,Sleep Country Canada Inc,0,0,0
20041109,55951,SLPCF',OTC,17.51,17.51,0,0,Sleep Country Canada Inc,0,0,0
20041110,55951,SLPCF',OTC,17.85,17.85,100,0,Sleep Country Canada Inc,0,0,0
20041111,55951,SLPCF',OTC,17.85,17.85,0,0,Sleep Country Canada Inc,0,0,0
20041112,55951,SLPCF',OTC,18.31,18.31,100,0,Sleep Country Canada Inc,0,0,0
20041115,55951,SLPCF',OTC,18.31,18.31,0,0,Sleep Country Canada Inc,0,0,0
20041116,55951,SLPCF',OTC,18.01,18.01,3,0,Sleep Country Canada Inc,0,0,0
20041117,55951,SLPCF',OTC,18.04,18.04,3,0,Sleep Country Canada Inc,0,0,0
20041118,55951,SLPCF',OTC,18.04,18.04,0,0,Sleep Country Canada Inc,0,0,0
20041119,55951,SLPCF',OTC,18.1,18.1,17,0,Sleep Country Canada Inc,0,0,0
20041122,55951,SLPCF',OTC,18.1,18.1,0,0,Sleep Country Canada Inc,0,0,0
20041123,55951,SLPCF',OTC,18.5,18.5,42,0,Sleep Country Canada Inc,0,0,0
20041124,55951,SLPCF',OTC,18.5,18.5,0,0,Sleep Country Canada Inc,0,0,0
20041126,55951,SLPCF',OTC,18.5,18.5,0,0,Sleep Country Canada Inc,0,0,0
20041129,55951,SLPCF',OTC,18.5,18.5,0,0,Sleep Country Canada Inc,0,0,0
20041130,55951,SLPCF',OTC,18.5,18.5,0,0,Sleep Country Canada Inc,0,0,0
20041201,55951,SLPCF',OTC,18.5,18.5,0,0,Sleep Country Canada Inc,0,0,0
20041202,55951,SLPCF',OTC,18.5,18.5,0,0,Sleep Country Canada Inc,0,0,0
20041203,55951,SLPCF',OTC,18.5,18.5,0,0,Sleep Country Canada Inc,0,0,0
20041206,55951,SLPCF',OTC,18.5,18.5,0,0,Sleep Country Canada Inc,0,0,0
20041207,55951,SLPCF',OTC,18.5,18.5,0,0,Sleep Country Canada Inc,0,0,0
20041208,55951,SLPCF',OTC,18.5,18.5,0,0,Sleep Country Canada Inc,0,0,0
20041209,55951,SLPCF',OTC,18.5,18.5,0,0,Sleep Country Canada Inc,0,0,0
20041210,55951,SLPCF',OTC,18.5,18.5,0,0,Sleep Country Canada Inc,0,0,0
20041213,55951,SLPCF',OTC,18.5,18.5,0,0,Sleep Country Canada Inc,0,0,0
20041214,55951,SLPCF',OTC,18.75,18.75,39,0,Sleep Country Canada Inc,0,0,0
20041215,55951,SLPCF',OTC,18.75,18.75,0,0,Sleep Country Canada Inc,0,0,0
20041216,55951,SLPCF',OTC,18.75,18.75,0,0,Sleep Country Canada Inc,0,0,0
20041217,55951,SLPCF',OTC,18.75,18.75,0,0,Sleep Country Canada Inc,0,0,0
20041220,55951,SLPCF',OTC,19.33,19.33,0,0,Sleep Country Canada Inc,0,0,0
20041221,55951,SLPCF',OTC,19.33,19.33,0,0,Sleep Country Canada Inc,0,0,0
20041222,55951,SLPCF',OTC,19.33,19.33,0,0,Sleep Country Canada Inc,0,0,0
20041223,55951,SLPCF',OTC,19.33,19.33,0,0,Sleep Country Canada Inc,0,0,0
20041227,55951,SLPCF',OTC,19.33,19.33,0,0,Sleep Country Canada Inc,0,0,0
20041228,55951,SLPCF',OTC,19.33,19.33,0,0,Sleep Country Canada Inc,0,0,0
20041229,55951,SLPCF',OTC,19.33,19.33,0,0,Sleep Country Canada Inc,0,0,0
20041230,55951,SLPCF',OTC,19.33,19.33,0,0,Sleep Country Canada Inc,0,0,0
20041231,55951,SLPCF',OTC,19.33,19.33,0,0,Sleep Country Canada Inc,0,0,0
20050103,55951,SLPCF',OTC,19.33,19.33,0,0,Sleep Country Canada Inc,0,0,0
20050104,55951,SLPCF',OTC,19.42,19.42,75,0,Sleep Country Canada Inc,0,0,0
20050105,55951,SLPCF',OTC,19.22,19.22,64,0,Sleep Country Canada Inc,0,0,0
20050106,55951,SLPCF',OTC,19.22,19.22,0,0,Sleep Country Canada Inc,0,0,0
20050107,55951,SLPCF',OTC,19.1,19.1,100,0,Sleep Country Canada Inc,0,0,0
20050110,55951,SLPCF',OTC,19.1,19.1,0,0,Sleep Country Canada Inc,0,0,0
20050111,55951,SLPCF',OTC,19.1,19.1,0,0,Sleep Country Canada Inc,0,0,0
20050112,55951,SLPCF',OTC,19.1,19.1,35,0,Sleep Country Canada Inc,0,0,0
20050113,55951,SLPCF',OTC,18.96,18.96,50,0,Sleep Country Canada Inc,0,0,0
20050114,55951,SLPCF',OTC,18.96,18.96,0,0,Sleep Country Canada Inc,0,0,0
20050118,55951,SLPCF',OTC,18.15,18.15,74,0,Sleep Country Canada Inc,0,0,0
20050119,55951,SLPCF',OTC,18.15,18.15,0,0,Sleep Country Canada Inc,0,0,0
20050120,55951,SLPCF',OTC,18.15,18.15,0,0,Sleep Country Canada Inc,0,0,0
20050121,55951,SLPCF',OTC,18.15,18.15,0,0,Sleep Country Canada Inc,0,0,0
20050124,55951,SLPCF',OTC,18.15,18.15,0,0,Sleep Country Canada Inc,0,0,0
20050125,55951,SLPCF',OTC,18.15,18.15,0,0,Sleep Country Canada Inc,0,0,0
20050126,55951,SLPCF',OTC,18.15,18.15,0,0,Sleep Country Canada Inc,0,0,0
20050127,55951,SLPCF',OTC,17.5,17.5,0,0,Sleep Country Canada Inc,0,0,0
20050128,55951,SLPCF',OTC,17.5,17.5,25,0,Sleep Country Canada Inc,0,0,0
20050131,55951,SLPCF',OTC,17.5,17.5,25,0,Sleep Country Canada Inc,0,0,0
20050201,55951,SLPCF',OTC,17.38,17.38,29,0,Sleep Country Canada Inc,0,0,0
20050202,55951,SLPCF',OTC,17.38,17.38,29,0,Sleep Country Canada Inc,0,0,0
20050203,55951,SLPCF',OTC,17.46,17.46,19,0,Sleep Country Canada Inc,0,0,0
20050204,55951,SLPCF',OTC,17.46,17.46,19,0,Sleep Country Canada Inc,0,0,0
20050207,55951,SLPCF',OTC,17.46,17.46,19,0,Sleep Country Canada Inc,0,0,0
20050208,55951,SLPCF',OTC,17.46,17.46,19,0,Sleep Country Canada Inc,0,0,0
20050209,55951,SLPCF',OTC,17.46,17.46,19,0,Sleep Country Canada Inc,0,0,0
20050210,55951,SLPCF',OTC,17.57,17.57,13,0,Sleep Country Canada Inc,0,0,0
20050211,55951,SLPCF',OTC,17.57,17.57,13,0,Sleep Country Canada Inc,0,0,0
20050214,55951,SLPCF',OTC,17.57,17.57,0,0,Sleep Country Canada Inc,0,0,0
20050215,55951,SLPCF',OTC,17.57,17.57,0,0,Sleep Country Canada Inc,0,0,0
20050216,55951,SLPCF',OTC,18.49,18.49,15,0,Sleep Country Canada Inc,0,0,0
20050217,55951,SLPCF',OTC,18.49,18.49,0,0,Sleep Country Canada Inc,0,0,0
20050218,55951,SLPCF',OTC,18.49,18.49,0,0,Sleep Country Canada Inc,0,0,0
20050222,55951,SLPCF',OTC,18.49,18.49,0,0,Sleep Country Canada Inc,0,0,0
20050223,55951,SLPCF',OTC,18.53,18.53,200,0,Sleep Country Canada Inc,0,0,0
20050224,55951,SLPCF',OTC,18.53,18.53,0,0,Sleep Country Canada Inc,0,0,0
20050225,55951,SLPCF',OTC,18.53,18.53,0,0,Sleep Country Canada Inc,0,0,0
20050228,55951,SLPCF',OTC,18.53,18.53,0,0,Sleep Country Canada Inc,0,0,0
20050301,55951,SLPCF',OTC,18.55,18.55,100,0,Sleep Country Canada Inc,0,0,0
20050302,55951,SLPCF',OTC,18.33,18.33,436,0,Sleep Country Canada Inc,0,0,0
20050303,55951,SLPCF',OTC,18.26,18.26,45,0,Sleep Country Canada Inc,0,0,0
20050304,55951,SLPCF',OTC,18.26,18.26,0,0,Sleep Country Canada Inc,0,0,0
20050307,55951,SLPCF',OTC,18.26,18.26,0,0,Sleep Country Canada Inc,0,0,0
20050308,55951,SLPCF',OTC,18.26,18.26,0,0,Sleep Country Canada Inc,0,0,0
20050309,55951,SLPCF',OTC,18.26,18.26,0,0,Sleep Country Canada Inc,0,0,0
20050310,55951,SLPCF',OTC,18.26,18.26,0,0,Sleep Country Canada Inc,0,0,0
20050311,55951,SLPCF',OTC,18.26,18.26,0,0,Sleep Country Canada Inc,0,0,0
20050314,55951,SLPCF',OTC,18.26,18.26,0,0,Sleep Country Canada Inc,0,0,0
20050315,55951,SLPCF',OTC,18.26,18.26,0,0,Sleep Country Canada Inc,0,0,0
20050316,55951,SLPCF',OTC,19.09,19.09,50,0,Sleep Country Canada Inc,0,0,0
20050317,55951,SLPCF',OTC,19.09,19.09,0,0,Sleep Country Canada Inc,0,0,0
20050318,55951,SLPCF',OTC,19.09,19.09,0,0,Sleep Country Canada Inc,0,0,0
20050321,55951,SLPCF',OTC,19.12,19.12,12,0,Sleep Country Canada Inc,0,0,0
20050322,55951,SLPCF',OTC,19.12,19.12,0,0,Sleep Country Canada Inc,0,0,0
20050323,55951,SLPCF',OTC,19.12,19.12,0,0,Sleep Country Canada Inc,0,0,0
20050324,55951,SLPCF',OTC,19.12,19.12,0,0,Sleep Country Canada Inc,0,0,0
20050328,55951,SLPCF',OTC,19.12,19.12,0,0,Sleep Country Canada Inc,0,0,0
20050329,55951,SLPCF',OTC,19.12,19.12,0,0,Sleep Country Canada Inc,0,0,0
20050330,55951,SLPCF',OTC,19.12,19.12,0,0,Sleep Country Canada Inc,0,0,0
20050331,55951,SLPCF',OTC,19.12,19.12,0,0,Sleep Country Canada Inc,0,0,0
20050401,55951,SLPCF',OTC,19.12,19.12,0,0,Sleep Country Canada Inc,0,0,0
20050404,55951,SLPCF',OTC,19.12,19.12,0,0,Sleep Country Canada Inc,0,0,0
20050405,55951,SLPCF',OTC,19.12,19.12,0,0,Sleep Country Canada Inc,0,0,0
20050406,55951,SLPCF',OTC,19.12,19.12,0,0,Sleep Country Canada Inc,0,0,0
20050407,55951,SLPCF',OTC,19.12,19.12,0,0,Sleep Country Canada Inc,0,0,0
20050408,55951,SLPCF',OTC,19.12,19.12,0,0,Sleep Country Canada Inc,0,0,0
20050411,55951,SLPCF',OTC,19.12,19.12,0,0,Sleep Country Canada Inc,0,0,0
20050412,55951,SLPCF',OTC,14.75,14.75,10,0,Sleep Country Canada Inc,0,0,0
20050413,55951,SLPCF',OTC,14.75,14.75,0,0,Sleep Country Canada Inc,0,0,0
20050414,55951,SLPCF',OTC,14.75,14.75,0,0,Sleep Country Canada Inc,0,0,0
20050415,55951,SLPCF',OTC,14.75,14.75,0,0,Sleep Country Canada Inc,0,0,0
20050418,55951,SLPCF',OTC,15,15,20,0,Sleep Country Canada Inc,0,0,0
20050419,55951,SLPCF',OTC,15,15,0,0,Sleep Country Canada Inc,0,0,0
20050420,55951,SLPCF',OTC,15,15,0,0,Sleep Country Canada Inc,0,0,0
20050421,55951,SLPCF',OTC,15,15,0,0,Sleep Country Canada Inc,0,0,0
20050422,55951,SLPCF',OTC,15,15,0,0,Sleep Country Canada Inc,0,0,0
20050425,55951,SLPCF',OTC,15,15,0,0,Sleep Country Canada Inc,0,0,0
20050426,55951,SLPCF',OTC,15,15,0,0,Sleep Country Canada Inc,0,0,0
20050427,55951,SLPCF',OTC,14.58,14.58,0,0,Sleep Country Canada Inc,0,0,0
20050428,55951,SLPCF',OTC,14.58,14.58,0,0,Sleep Country Canada Inc,0,0,0
20050429,55951,SLPCF',OTC,14.58,14.58,0,0,Sleep Country Canada Inc,0,0,0
20050502,55951,SLPCF',OTC,14.58,14.58,0,0,Sleep Country Canada Inc,0,0,0
20050503,55951,SLPCF',OTC,14.58,14.58,0,0,Sleep Country Canada Inc,0,0,0
20050504,55951,SLPCF',OTC,14.58,14.58,0,0,Sleep Country Canada Inc,0,0,0
20050505,55951,SLPCF',OTC,14.58,14.58,0,0,Sleep Country Canada Inc,0,0,0
20050506,55951,SLPCF',OTC,14.58,14.58,0,0,Sleep Country Canada Inc,0,0,0
20050509,55951,SLPCF',OTC,14.58,14.58,0,0,Sleep Country Canada Inc,0,0,0
20050510,55951,SLPCF',OTC,14.58,14.58,0,0,Sleep Country Canada Inc,0,0,0
20050511,55951,SLPCF',OTC,14.58,14.58,0,0,Sleep Country Canada Inc,0,0,0
20050512,55951,SLPCF',OTC,14.58,14.58,0,0,Sleep Country Canada Inc,0,0,0
20050513,55951,SLPCF',OTC,14.58,14.58,0,0,Sleep Country Canada Inc,0,0,0
20050516,55951,SLPCF',OTC,14.58,14.58,0,0,Sleep Country Canada Inc,0,0,0
20050517,55951,SLPCF',OTC,14.58,14.58,0,0,Sleep Country Canada Inc,0,0,0
20050518,55951,SLPCF',OTC,14.58,14.58,0,0,Sleep Country Canada Inc,0,0,0
20050519,55951,SLPCF',OTC,14.58,14.58,0,0,Sleep Country Canada Inc,0,0,0
20050520,55951,SLPCF',OTC,14.58,14.58,0,0,Sleep Country Canada Inc,0,0,0
20050523,55951,SLPCF',OTC,14.58,14.58,0,0,Sleep Country Canada Inc,0,0,0
20050524,55951,SLPCF',OTC,14.58,14.58,0,0,Sleep Country Canada Inc,0,0,0
20050525,55951,SLPCF',OTC,14.58,14.58,0,0,Sleep Country Canada Inc,0,0,0
20050526,55951,SLPCF',OTC,14.58,14.58,0,0,Sleep Country Canada Inc,0,0,0
20050527,55951,SLPCF',OTC,14.58,14.58,0,0,Sleep Country Canada Inc,0,0,0
20050531,55951,SLPCF',OTC,14.58,14.58,0,0,Sleep Country Canada Inc,0,0,0
20050601,55951,SLPCF',OTC,14.58,14.58,0,0,Sleep Country Canada Inc,0,0,0
20050602,55951,SLPCF',OTC,14.58,14.58,0,0,Sleep Country Canada Inc,0,0,0
20050603,55951,SLPCF',OTC,14.58,14.58,0,0,Sleep Country Canada Inc,0,0,0
20050606,55951,SLPCF',OTC,14.58,14.58,0,0,Sleep Country Canada Inc,0,0,0
20050607,55951,SLPCF',OTC,15.35,15.35,1,0,Sleep Country Canada Inc,0,0,0
20050608,55951,SLPCF',OTC,15.3,15.3,40,0,Sleep Country Canada Inc,0,0,0
20050609,55951,SLPCF',OTC,15.35,15.35,45,0,Sleep Country Canada Inc,0,0,0
20050610,55951,SLPCF',OTC,15.75,15.75,2,0,Sleep Country Canada Inc,0,0,0
20050613,55951,SLPCF',OTC,15.75,15.75,0,0,Sleep Country Canada Inc,0,0,0
20050614,55951,SLPCF',OTC,15.41,15.41,2,0,Sleep Country Canada Inc,0,0,0
20050615,55951,SLPCF',OTC,15.41,15.41,0,0,Sleep Country Canada Inc,0,0,0
20050616,55951,SLPCF',OTC,15.54,15.54,6,0,Sleep Country Canada Inc,0,0,0
20050617,55951,SLPCF',OTC,15.53,15.53,2,0,Sleep Country Canada Inc,0,0,0
20050620,55951,SLPCF',OTC,15.53,15.53,0,0,Sleep Country Canada Inc,0,0,0
20050621,55951,SLPCF',OTC,15.53,15.53,0,0,Sleep Country Canada Inc,0,0,0
20050622,55951,SLPCF',OTC,15.53,15.53,0,0,Sleep Country Canada Inc,0,0,0
20050623,55951,SLPCF',OTC,15.85,15.85,1,0,Sleep Country Canada Inc,0,0,0
20050624,55951,SLPCF',OTC,15.85,15.85,0,0,Sleep Country Canada Inc,0,0,0
20050627,55951,SLPCF',OTC,16.12,16.12,2,0,Sleep Country Canada Inc,0,0,0
20050628,55951,SLPCF',OTC,16.09,16.09,2,0,Sleep Country Canada Inc,0,0,0
20050629,55951,SLPCF',OTC,15.95,15.95,141,0,Sleep Country Canada Inc,0,0,0
20050630,55951,SLPCF',OTC,15.95,15.95,0,0,Sleep Country Canada Inc,0,0,0
20050701,55951,SLPCF',OTC,15.95,15.95,0,0,Sleep Country Canada Inc,0,0,0
20050705,55951,SLPCF',OTC,15.95,15.95,0,0,Sleep Country Canada Inc,0,0,0
20050706,55951,SLPCF',OTC,15.95,15.95,0,0,Sleep Country Canada Inc,0,0,0
20050707,55951,SLPCF',OTC,15.95,15.95,0,0,Sleep Country Canada Inc,0,0,0
20050708,55951,SLPCF',OTC,15.95,15.95,0,0,Sleep Country Canada Inc,0,0,0
20050711,55951,SLPCF',OTC,16.85,16.85,2,0,Sleep Country Canada Inc,0,0,0
20050712,55951,SLPCF',OTC,17.01,17.01,608,0,Sleep Country Canada Inc,0,0,0
20050713,55951,SLPCF',OTC,17.01,17.01,0,0,Sleep Country Canada Inc,0,0,0
20050714,55951,SLPCF',OTC,17.01,17.01,0,0,Sleep Country Canada Inc,0,0,0
20050715,55951,SLPCF',OTC,16.61,16.61,56,0,Sleep Country Canada Inc,0,0,0
20050718,55951,SLPCF',OTC,16.58,16.58,48,0,Sleep Country Canada Inc,0,0,0
20050719,55951,SLPCF',OTC,16.63,16.63,66,0,Sleep Country Canada Inc,0,0,0
20050720,55951,SLPCF',OTC,16.63,16.63,0,0,Sleep Country Canada Inc,0,0,0
20050721,55951,SLPCF',OTC,16.63,16.63,0,0,Sleep Country Canada Inc,0,0,0
20050722,55951,SLPCF',OTC,16.63,16.63,0,0,Sleep Country Canada Inc,0,0,0
20050725,55951,SLPCF',OTC,16.63,16.63,0,0,Sleep Country Canada Inc,0,0,0
20050726,55951,SLPCF',OTC,16.24,16.24,2,0,Sleep Country Canada Inc,0,0,0
20050727,55951,SLPCF',OTC,16.24,16.24,0,0,Sleep Country Canada Inc,0,0,0
20050728,55951,SLPCF',OTC,16.24,16.24,0,0,Sleep Country Canada Inc,0,0,0
20050729,55951,SLPCF',OTC,16.24,16.24,0,0,Sleep Country Canada Inc,0,0,0
20050801,55951,SLPCF',OTC,16.24,16.24,0,0,Sleep Country Canada Inc,0,0,0
20050802,55951,SLPCF',OTC,16.24,16.24,0,0,Sleep Country Canada Inc,0,0,0
20050803,55951,SLPCF',OTC,16.38,16.38,10,0,Sleep Country Canada Inc,0,0,0
20050804,55951,SLPCF',OTC,16.38,16.38,0,0,Sleep Country Canada Inc,0,0,0
20050805,55951,SLPCF',OTC,16.38,16.38,0,0,Sleep Country Canada Inc,0,0,0
20050808,55951,SLPCF',OTC,16.38,16.38,0,0,Sleep Country Canada Inc,0,0,0
20050809,55951,SLPCF',OTC,16.38,16.38,0,0,Sleep Country Canada Inc,0,0,0
20050810,55951,SLPCF',OTC,15.67,15.67,10,0,Sleep Country Canada Inc,0,0,0
20050811,55951,SLPCF',OTC,15.67,15.67,0,0,Sleep Country Canada Inc,0,0,0
20050812,55951,SLPCF',OTC,15.45,15.45,7,0,Sleep Country Canada Inc,0,0,0
20050815,55951,SLPCF',OTC,15.45,15.45,0,0,Sleep Country Canada Inc,0,0,0
20050816,55951,SLPCF',OTC,15.45,15.45,0,0,Sleep Country Canada Inc,0,0,0
20050817,55951,SLPCF',OTC,15.45,15.45,6,0,Sleep Country Canada Inc,0,0,0
20050818,55951,SLPCF',OTC,15.45,15.45,6,0,Sleep Country Canada Inc,0,0,0
20050819,55951,SLPCF',OTC,14.55,14.55,4,0,Sleep Country Canada Inc,0,0,0
20050822,55951,SLPCF',OTC,14.24,14.24,1,0,Sleep Country Canada Inc,0,0,0
20050823,55951,SLPCF',OTC,14.24,14.24,1,0,Sleep Country Canada Inc,0,0,0
20050824,55951,SLPCF',OTC,14.8,14.8,6,0,Sleep Country Canada Inc,0,0,0
20050825,55951,SLPCF',OTC,14.8,14.8,6,0,Sleep Country Canada Inc,0,0,0
20050826,55951,SLPCF',OTC,14.78,14.78,23,0,Sleep Country Canada Inc,0,0,0
20050829,55951,SLPCF',OTC,15.84,15.84,50,0,Sleep Country Canada Inc,0,0,0
20050830,55951,SLPCF',OTC,15.62,15.62,20,0,Sleep Country Canada Inc,0,0,0
20050831,55951,SLPCF',OTC,15.77,15.77,30,0,Sleep Country Canada Inc,0,0,0
20050901,55951,SLPCF',OTC,15.77,15.77,30,0,Sleep Country Canada Inc,0,0,0
20050902,55951,SLPCF',OTC,15.51,15.51,2,0,Sleep Country Canada Inc,0,0,0
20050906,55951,SLPCF',OTC,15.51,15.51,2,0,Sleep Country Canada Inc,0,0,0
20050907,55951,SLPCF',OTC,15.27,15.27,38,0,Sleep Country Canada Inc,0,0,0
20050908,55951,SLPCF',OTC,15.35,15.35,28,0,Sleep Country Canada Inc,0,0,0
20050909,55951,SLPCF',OTC,15.35,15.35,28,0,Sleep Country Canada Inc,0,0,0
20050912,55951,SLPCF',OTC,15.57,15.57,68,0,Sleep Country Canada Inc,0,0,0
20050913,55951,SLPCF',OTC,15.57,15.57,116,0,Sleep Country Canada Inc,0,0,0
20050914,55951,SLPCF',OTC,15.57,15.57,116,0,Sleep Country Canada Inc,0,0,0
20050915,55951,SLPCF',OTC,15.57,15.57,0,0,Sleep Country Canada Inc,0,0,0
20050916,55951,SLPCF',OTC,15.57,15.57,0,0,Sleep Country Canada Inc,0,0,0
20050919,55951,SLPCF',OTC,15.57,15.57,0,0,Sleep Country Canada Inc,0,0,0
20050920,55951,SLPCF',OTC,15.57,15.57,116,0,Sleep Country Canada Inc,0,0,0
20050921,55951,SLPCF',OTC,15.57,15.57,0,0,Sleep Country Canada Inc,0,0,0
20050922,55951,SLPCF',OTC,15.57,15.57,116,0,Sleep Country Canada Inc,0,0,0
20050923,55951,SLPCF',OTC,15.57,15.57,0,0,Sleep Country Canada Inc,0,0,0
20050926,55951,SLPCF',OTC,15.55,15.55,10,0,Sleep Country Canada Inc,0,0,0
20050927,55951,SLPCF',OTC,15.55,15.55,10,0,Sleep Country Canada Inc,0,0,0
20050928,55951,SLPCF',OTC,15.92,15.92,10,0,Sleep Country Canada Inc,0,0,0
20050929,55951,SLPCF',OTC,15.92,15.92,10,0,Sleep Country Canada Inc,0,0,0
20050930,55951,SLPCF',OTC,15.92,15.92,10,0,Sleep Country Canada Inc,0,0,0
20051003,55951,SLPCF',OTC,15.65,15.65,26,0,Sleep Country Canada Inc,0,0,0
20051004,55951,SLPCF',OTC,15.5,15.5,4,0,Sleep Country Canada Inc,0,0,0
20051005,55951,SLPCF',OTC,14.35,14.35,15,0,Sleep Country Canada Inc,0,0,0
20051006,55951,SLPCF',OTC,14.51,14.51,10,0,Sleep Country Canada Inc,0,0,0
20051007,55951,SLPCF',OTC,15.23,15.23,10,0,Sleep Country Canada Inc,0,0,0
20051010,55951,SLPCF',OTC,15.23,15.23,10,0,Sleep Country Canada Inc,0,0,0
20051011,55951,SLPCF',OTC,15.23,15.23,10,0,Sleep Country Canada Inc,0,0,0
20051012,55951,SLPCF',OTC,15.2,15.2,3,0,Sleep Country Canada Inc,0,0,0
20051013,55951,SLPCF',OTC,15.2,15.2,3,0,Sleep Country Canada Inc,0,0,0
20051014,55951,SLPCF',OTC,15.2,15.2,0,0,Sleep Country Canada Inc,0,0,0
20051017,55951,SLPCF',OTC,15.2,15.2,3,0,Sleep Country Canada Inc,0,0,0
20051018,55951,SLPCF',OTC,15.2,15.2,3,0,Sleep Country Canada Inc,0,0,0
20051019,55951,SLPCF',OTC,15.2,15.2,3,0,Sleep Country Canada Inc,0,0,0
20051020,55951,SLPCF',OTC,15.1,15.1,2,0,Sleep Country Canada Inc,0,0,0
20051021,55951,SLPCF',OTC,15.1,15.1,2,0,Sleep Country Canada Inc,0,0,0
20051024,55951,SLPCF',OTC,14.68,14.68,356,0,Sleep Country Canada Inc,0,0,0
20051025,55951,SLPCF',OTC,14.68,14.68,0,0,Sleep Country Canada Inc,0,0,0
20051026,55951,SLPCF',OTC,14.8,14.8,102,0,Sleep Country Canada Inc,0,0,0
20051027,55951,SLPCF',OTC,15.16,15.16,98,0,Sleep Country Canada Inc,0,0,0
20051028,55951,SLPCF',OTC,15.3,15.3,60,0,Sleep Country Canada Inc,0,0,0
20051031,55951,SLPCF',OTC,15.42,15.42,50,0,Sleep Country Canada Inc,0,0,0
20051101,55951,SLPCF',OTC,15.42,15.42,50,0,Sleep Country Canada Inc,0,0,0
20051102,55951,SLPCF',OTC,15.6,15.6,1,0,Sleep Country Canada Inc,0,0,0
20051103,55951,SLPCF',OTC,15.65,15.65,235,0,Sleep Country Canada Inc,0,0,0
20051104,55951,SLPCF',OTC,15.65,15.65,0,0,Sleep Country Canada Inc,0,0,0
20051107,55951,SLPCF',OTC,15.51,15.51,2,0,Sleep Country Canada Inc,0,0,0
20051108,55951,SLPCF',OTC,15.51,15.51,2,0,Sleep Country Canada Inc,0,0,0
20051109,55951,SLPCF',OTC,15.51,15.51,2,0,Sleep Country Canada Inc,0,0,0
20051110,55951,SLPCF',OTC,15.51,15.51,2,0,Sleep Country Canada Inc,0,0,0
20051111,55951,SLPCF',OTC,15.51,15.51,0,0,Sleep Country Canada Inc,0,0,0
20051114,55951,SLPCF',OTC,15.51,15.51,2,0,Sleep Country Canada Inc,0,0,0
20051115,55951,SLPCF',OTC,15.87,15.87,8,0,Sleep Country Canada Inc,0,0,0
20051116,55951,SLPCF',OTC,15.87,15.87,8,0,Sleep Country Canada Inc,0,0,0
20051117,55951,SLPCF',OTC,15.87,15.87,8,0,Sleep Country Canada Inc,0,0,0
20051118,55951,SLPCF',OTC,15.87,15.87,8,0,Sleep Country Canada Inc,0,0,0
20051121,55951,SLPCF',OTC,15.96,15.96,30,0,Sleep Country Canada Inc,0,0,0
20051122,55951,SLPCF',OTC,15.96,15.96,30,0,Sleep Country Canada Inc,0,0,0
20051123,55951,SLPCF',OTC,15.96,15.96,30,0,Sleep Country Canada Inc,0,0,0
20051125,55951,SLPCF',OTC,15.96,15.96,30,0,Sleep Country Canada Inc,0,0,0
20051128,55951,SLPCF',OTC,15.87,15.87,84,0,Sleep Country Canada Inc,0,0,0
20051129,55951,SLPCF',OTC,15.87,15.87,84,0,Sleep Country Canada Inc,0,0,0
20051130,55951,SLPCF',OTC,16.11,16.11,6,0,Sleep Country Canada Inc,0,0,0
20051201,55951,SLPCF',OTC,16.11,16.11,6,0,Sleep Country Canada Inc,0,0,0
20051202,55951,SLPCF',OTC,16.11,16.11,6,0,Sleep Country Canada Inc,0,0,0
20051205,55951,SLPCF',OTC,16.11,16.11,6,0,Sleep Country Canada Inc,0,0,0
20051206,55951,SLPCF',OTC,16.11,16.11,6,0,Sleep Country Canada Inc,0,0,0
20051207,55951,SLPCF',OTC,16.11,16.11,6,0,Sleep Country Canada Inc,0,0,0
20051208,55951,SLPCF',OTC,16.11,16.11,6,0,Sleep Country Canada Inc,0,0,0
20051209,55951,SLPCF',OTC,16.11,16.11,6,0,Sleep Country Canada Inc,0,0,0
20051212,55951,SLPCF',OTC,16.11,16.11,6,0,Sleep Country Canada Inc,0,0,0
20051213,55951,SLPCF',OTC,16.11,16.11,6,0,Sleep Country Canada Inc,0,0,0
20051214,55951,SLPCF',OTC,16.11,16.11,6,0,Sleep Country Canada Inc,0,0,0
20051215,55951,SLPCF',OTC,16.11,16.11,6,0,Sleep Country Canada Inc,0,0,0
20051216,55951,SLPCF',OTC,16.11,16.11,6,0,Sleep Country Canada Inc,0,0,0
20051219,55951,SLPCF',OTC,15.91,15.91,32,0,Sleep Country Canada Inc,0,0,0
20051220,55951,SLPCF',OTC,15.91,15.91,32,0,Sleep Country Canada Inc,0,0,0
20051221,55951,SLPCF',OTC,15.91,15.91,32,0,Sleep Country Canada Inc,0,0,0
20051222,55951,SLPCF',OTC,15.91,15.91,32,0,Sleep Country Canada Inc,0,0,0
20051223,55951,SLPCF',OTC,17.6,17.6,30,0,Sleep Country Canada Inc,0,0,0
20051227,55951,SLPCF',OTC,17.6,17.6,30,0,Sleep Country Canada Inc,0,0,0
20051228,55951,SLPCF',OTC,17.6,17.6,30,0,Sleep Country Canada Inc,0,0,0
20051229,55951,SLPCF',OTC,17.6,17.6,30,0,Sleep Country Canada Inc,0,0,0
20051230,55951,SLPCF',OTC,17.6,17.6,30,0,Sleep Country Canada Inc,0,0,0
20060103,55951,SLPCF',OTC,17.6,17.6,30,0,Sleep Country Canada Inc,0,0,0
20060104,55951,SLPCF',OTC,17.6,17.6,30,0,Sleep Country Canada Inc,0,0,0
20060105,55951,SLPCF',OTC,17.6,17.6,30,0,Sleep Country Canada Inc,0,0,0
20060106,55951,SLPCF',OTC,17.6,17.6,30,0,Sleep Country Canada Inc,0,0,0
20060109,55951,SLPCF',OTC,17.6,17.6,30,0,Sleep Country Canada Inc,0,0,0
20060110,55951,SLPCF',OTC,17.6,17.6,30,0,Sleep Country Canada Inc,0,0,0
20060111,55951,SLPCF',OTC,17.6,17.6,30,0,Sleep Country Canada Inc,0,0,0
20060112,55951,SLPCF',OTC,17.6,17.6,30,0,Sleep Country Canada Inc,0,0,0
20060113,55951,SLPCF',OTC,17.6,17.6,30,0,Sleep Country Canada Inc,0,0,0
20060117,55951,SLPCF',OTC,17.6,17.6,30,0,Sleep Country Canada Inc,0,0,0
20060118,55951,SLPCF',OTC,17.25,17.25,2,0,Sleep Country Canada Inc,0,0,0
20060119,55951,SLPCF',OTC,17.4,17.4,20,0,Sleep Country Canada Inc,0,0,0
20060120,55951,SLPCF',OTC,17.4,17.4,0,0,Sleep Country Canada Inc,0,0,0
20060123,55951,SLPCF',OTC,17.4,17.4,0,0,Sleep Country Canada Inc,0,0,0
20060124,55951,SLPCF',OTC,17.4,17.4,0,0,Sleep Country Canada Inc,0,0,0
20060125,55951,SLPCF',OTC,17.4,17.4,0,0,Sleep Country Canada Inc,0,0,0
20060126,55951,SLPCF',OTC,17.4,17.4,0,0,Sleep Country Canada Inc,0,0,0
20060127,55951,SLPCF',OTC,17.4,17.4,0,0,Sleep Country Canada Inc,0,0,0
20060130,55951,SLPCF',OTC,17.4,17.4,0,0,Sleep Country Canada Inc,0,0,0
20060131,55951,SLPCF',OTC,17.4,17.4,20,0,Sleep Country Canada Inc,0,0,0
20060201,55951,SLPCF',OTC,17.4,17.4,0,0,Sleep Country Canada Inc,0,0,0
20060202,55951,SLPCF',OTC,17.4,17.4,0,0,Sleep Country Canada Inc,0,0,0
20060203,55951,SLPCF',OTC,17.4,17.4,0,0,Sleep Country Canada Inc,0,0,0
20060206,55951,SLPCF',OTC,19.09,19.09,1,0,Sleep Country Canada Inc,0,0,0
20060207,55951,SLPCF',OTC,19.09,19.09,0,0,Sleep Country Canada Inc,0,0,0
20060208,55951,SLPCF',OTC,19.09,19.09,0,0,Sleep Country Canada Inc,0,0,0
20060209,55951,SLPCF',OTC,19.39,19.39,10,0,Sleep Country Canada Inc,0,0,0
20060210,55951,SLPCF',OTC,19.66,19.66,20,0,Sleep Country Canada Inc,0,0,0
20060213,55951,SLPCF',OTC,19.66,19.66,0,0,Sleep Country Canada Inc,0,0,0
20060214,55951,SLPCF',OTC,19.66,19.66,0,0,Sleep Country Canada Inc,0,0,0
20060215,55951,SLPCF',OTC,19.66,19.66,0,0,Sleep Country Canada Inc,0,0,0
20060216,55951,SLPCF',OTC,19.68,19.68,1,0,Sleep Country Canada Inc,0,0,0
20060217,55951,SLPCF',OTC,19.68,19.68,0,0,Sleep Country Canada Inc,0,0,0
20060221,55951,SLPCF',OTC,19.68,19.68,0,0,Sleep Country Canada Inc,0,0,0
20060222,55951,SLPCF',OTC,19.68,19.68,0,0,Sleep Country Canada Inc,0,0,0
20060223,55951,SLPCF',OTC,20.83,20.83,12,0,Sleep Country Canada Inc,0,0,0
20060224,55951,SLPCF',OTC,20.83,20.83,0,0,Sleep Country Canada Inc,0,0,0
20060227,55951,SLPCF',OTC,20.83,20.83,0,0,Sleep Country Canada Inc,0,0,0
20060228,55951,SLPCF',OTC,20.83,20.83,0,0,Sleep Country Canada Inc,0,0,0
20060301,55951,SLPCF',OTC,21.39,21.39,10,0,Sleep Country Canada Inc,0,0,0
20060302,55951,SLPCF',OTC,21.39,21.39,0,0,Sleep Country Canada Inc,0,0,0
20060303,55951,SLPCF',OTC,21.07,21.07,2,0,Sleep Country Canada Inc,0,0,0
20060306,55951,SLPCF',OTC,21.04,21.04,1,0,Sleep Country Canada Inc,0,0,0
20060307,55951,SLPCF',OTC,21.04,21.04,0,0,Sleep Country Canada Inc,0,0,0
20060308,55951,SLPCF',OTC,20.49,20.49,2,0,Sleep Country Canada Inc,0,0,0
20060309,55951,SLPCF',OTC,21.34,21.34,27,0,Sleep Country Canada Inc,0,0,0
20060310,55951,SLPCF',OTC,21.34,21.34,0,0,Sleep Country Canada Inc,0,0,0
20060313,55951,SLPCF',OTC,21.34,21.34,0,0,Sleep Country Canada Inc,0,0,0
20060314,55951,SLPCF',OTC,21.01,21.01,20,0,Sleep Country Canada Inc,0,0,0
20060315,55951,SLPCF',OTC,21.01,21.01,0,0,Sleep Country Canada Inc,0,0,0
20060316,55951,SLPCF',OTC,21.03,21.03,30,0,Sleep Country Canada Inc,0,0,0
20060317,55951,SLPCF',OTC,21.03,21.03,0,0,Sleep Country Canada Inc,0,0,0
20060320,55951,SLPCF',OTC,21.03,21.03,0,0,Sleep Country Canada Inc,0,0,0
20060321,55951,SLPCF',OTC,21.03,21.03,0,0,Sleep Country Canada Inc,0,0,0
20060322,55951,SLPCF',OTC,21,21,10,0,Sleep Country Canada Inc,0,0,0
20060323,55951,SLPCF',OTC,20.77,20.77,3,0,Sleep Country Canada Inc,0,0,0
20060324,55951,SLPCF',OTC,21,21,13,0,Sleep Country Canada Inc,0,0,0
20060327,55951,SLPCF',OTC,21,21,0,0,Sleep Country Canada Inc,0,0,0
20060328,55951,SLPCF',OTC,21.25,21.25,13,0,Sleep Country Canada Inc,0,0,0
20060329,55951,SLPCF',OTC,21.25,21.25,0,0,Sleep Country Canada Inc,0,0,0
20060330,55951,SLPCF',OTC,21.25,21.25,0,0,Sleep Country Canada Inc,0,0,0
20060331,55951,SLPCF',OTC,23.98,23.98,20,0,Sleep Country Canada Inc,0,0,0
20060403,55951,SLPCF',OTC,23.98,23.98,0,0,Sleep Country Canada Inc,0,0,0
20060404,55951,SLPCF',OTC,23.98,23.98,0,0,Sleep Country Canada Inc,0,0,0
20060405,55951,SLPCF',OTC,23.98,23.98,0,0,Sleep Country Canada Inc,0,0,0
20060406,55951,SLPCF',OTC,23.98,23.98,0,0,Sleep Country Canada Inc,0,0,0
20060407,55951,SLPCF',OTC,23.98,23.98,0,0,Sleep Country Canada Inc,0,0,0
20060410,55951,SLPCF',OTC,23.98,23.98,0,0,Sleep Country Canada Inc,0,0,0
20060411,55951,SLPCF',OTC,23.98,23.98,0,0,Sleep Country Canada Inc,0,0,0
20060412,55951,SLPCF',OTC,23.98,23.98,0,0,Sleep Country Canada Inc,0,0,0
20060413,55951,SLPCF',OTC,23.98,23.98,0,0,Sleep Country Canada Inc,0,0,0
20060417,55951,SLPCF',OTC,23.98,23.98,0,0,Sleep Country Canada Inc,0,0,0
20060418,55951,SLPCF',OTC,22.55,22.55,4,0,Sleep Country Canada Inc,0,0,0
20060419,55951,SLPCF',OTC,22.55,22.55,0,0,Sleep Country Canada Inc,0,0,0
20060420,55951,SLPCF',OTC,22.55,22.55,0,0,Sleep Country Canada Inc,0,0,0
20060421,55951,SLPCF',OTC,22.55,22.55,0,0,Sleep Country Canada Inc,0,0,0
20060424,55951,SLPCF',OTC,22.55,22.55,10,0,Sleep Country Canada Inc,0,0,0
20060425,55951,SLPCF',OTC,22.55,22.55,0,0,Sleep Country Canada Inc,0,0,0
20060426,55951,SLPCF',OTC,22.55,22.55,0,0,Sleep Country Canada Inc,0,0,0
20060427,55951,SLPCF',OTC,23.5,23.5,128,0,Sleep Country Canada Inc,0,0,0
20060428,55951,SLPCF',OTC,23.5,23.5,0,0,Sleep Country Canada Inc,0,0,0
20060501,55951,SLPCF',OTC,23.5,23.5,0,0,Sleep Country Canada Inc,0,0,0
20060502,55951,SLPCF',OTC,23.5,23.5,0,0,Sleep Country Canada Inc,0,0,0
20060503,55951,SLPCF',OTC,24.66,24.66,10,0,Sleep Country Canada Inc,0,0,0
20060504,55951,SLPCF',OTC,24.66,24.66,0,0,Sleep Country Canada Inc,0,0,0
20060505,55951,SLPCF',OTC,24.66,24.66,0,0,Sleep Country Canada Inc,0,0,0
20060508,55951,SLPCF',OTC,24.52,24.52,7,0,Sleep Country Canada Inc,0,0,0
20060509,55951,SLPCF',OTC,24.52,24.52,0,0,Sleep Country Canada Inc,0,0,0
20060510,55951,SLPCF',OTC,24.52,24.52,0,0,Sleep Country Canada Inc,0,0,0
20060511,55951,SLPCF',OTC,24.52,24.52,0,0,Sleep Country Canada Inc,0,0,0
20060512,55951,SLPCF',OTC,24.52,24.52,0,0,Sleep Country Canada Inc,0,0,0
20060515,55951,SLPCF',OTC,24.52,24.52,0,0,Sleep Country Canada Inc,0,0,0
20060516,55951,SLPCF',OTC,24.52,24.52,0,0,Sleep Country Canada Inc,0,0,0
20060517,55951,SLPCF',OTC,24.52,24.52,0,0,Sleep Country Canada Inc,0,0,0
20060518,55951,SLPCF',OTC,24.52,24.52,0,0,Sleep Country Canada Inc,0,0,0
20060519,55951,SLPCF',OTC,24.52,24.52,0,0,Sleep Country Canada Inc,0,0,0
20060522,55951,SLPCF',OTC,24.52,24.52,0,0,Sleep Country Canada Inc,0,0,0
20060523,55951,SLPCF',OTC,24.52,24.52,0,0,Sleep Country Canada Inc,0,0,0
20060524,55951,SLPCF',OTC,24.52,24.52,0,0,Sleep Country Canada Inc,0,0,0
20060525,55951,SLPCF',OTC,24.52,24.52,0,0,Sleep Country Canada Inc,0,0,0
20060526,55951,SLPCF',OTC,24.52,24.52,0,0,Sleep Country Canada Inc,0,0,0
20060530,55951,SLPCF',OTC,24.52,24.52,0,0,Sleep Country Canada Inc,0,0,0
20060531,55951,SLPCF',OTC,24.52,24.52,0,0,Sleep Country Canada Inc,0,0,0
20060601,55951,SLPCF',OTC,24.52,24.52,0,0,Sleep Country Canada Inc,0,0,0
20060602,55951,SLPCF',OTC,24.52,24.52,0,0,Sleep Country Canada Inc,0,0,0
20060605,55951,SLPCF',OTC,24.52,24.52,0,0,Sleep Country Canada Inc,0,0,0
20060606,55951,SLPCF',OTC,24.52,24.52,0,0,Sleep Country Canada Inc,0,0,0
20060607,55951,SLPCF',OTC,24.52,24.52,0,0,Sleep Country Canada Inc,0,0,0
20060608,55951,SLPCF',OTC,23.8,23.8,15,0,Sleep Country Canada Inc,0,0,0
20060609,55951,SLPCF',OTC,23.8,23.8,0,0,Sleep Country Canada Inc,0,0,0
20060612,55951,SLPCF',OTC,23.8,23.8,0,0,Sleep Country Canada Inc,0,0,0
20060613,55951,SLPCF',OTC,23.8,23.8,0,0,Sleep Country Canada Inc,0,0,0
20060614,55951,SLPCF',OTC,23.8,23.8,0,0,Sleep Country Canada Inc,0,0,0
20060615,55951,SLPCF',OTC,23.8,23.8,0,0,Sleep Country Canada Inc,0,0,0
20060616,55951,SLPCF',OTC,22.76,22.76,6,0,Sleep Country Canada Inc,0,0,0
20060619,55951,SLPCF',OTC,22.76,22.76,0,0,Sleep Country Canada Inc,0,0,0
20060620,55951,SLPCF',OTC,22.76,22.76,0,0,Sleep Country Canada Inc,0,0,0
20060621,55951,SLPCF',OTC,22.76,22.76,0,0,Sleep Country Canada Inc,0,0,0
20060622,55951,SLPCF',OTC,22.76,22.76,0,0,Sleep Country Canada Inc,0,0,0
20060623,55951,SLPCF',OTC,22.03,22.03,5,0,Sleep Country Canada Inc,0,0,0
20060626,55951,SLPCF',OTC,22.03,22.03,0,0,Sleep Country Canada Inc,0,0,0
20060627,55951,SLPCF',OTC,22.03,22.03,0,0,Sleep Country Canada Inc,0,0,0
20060628,55951,SLPCF',OTC,22.03,22.03,0,0,Sleep Country Canada Inc,0,0,0
20060629,55951,SLPCF',OTC,22.03,22.03,0,0,Sleep Country Canada Inc,0,0,0
20060630,55951,SLPCF',OTC,22.03,22.03,0,0,Sleep Country Canada Inc,0,0,0
20060703,55951,SLPCF',OTC,22.03,22.03,0,0,Sleep Country Canada Inc,0,0,0
20060705,55951,SLPCF',OTC,22.03,22.03,0,0,Sleep Country Canada Inc,0,0,0
20060706,55951,SLPCF',OTC,22.03,22.03,0,0,Sleep Country Canada Inc,0,0,0
20060707,55951,SLPCF',OTC,22.03,22.03,0,0,Sleep Country Canada Inc,0,0,0
20060710,55951,SLPCF',OTC,22.03,22.03,0,0,Sleep Country Canada Inc,0,0,0
20060711,55951,SLPCF',OTC,22.03,22.03,0,0,Sleep Country Canada Inc,0,0,0
20060712,55951,SLPCF',OTC,22.03,22.03,0,0,Sleep Country Canada Inc,0,0,0
20060713,55951,SLPCF',OTC,22.03,22.03,0,0,Sleep Country Canada Inc,0,0,0
20060714,55951,SLPCF',OTC,22.03,22.03,0,0,Sleep Country Canada Inc,0,0,0
20060717,55951,SLPCF',OTC,22.03,22.03,0,0,Sleep Country Canada Inc,0,0,0
20060718,55951,SLPCF',OTC,22.03,22.03,0,0,Sleep Country Canada Inc,0,0,0
20060719,55951,SLPCF',OTC,22.03,22.03,0,0,Sleep Country Canada Inc,0,0,0
20060720,55951,SLPCF',OTC,22.03,22.03,0,0,Sleep Country Canada Inc,0,0,0
20060721,55951,SLPCF',OTC,22.03,22.03,0,0,Sleep Country Canada Inc,0,0,0
20060724,55951,SLPCF',OTC,22.03,22.03,0,0,Sleep Country Canada Inc,0,0,0
20060725,55951,SLPCF',OTC,22.03,22.03,0,0,Sleep Country Canada Inc,0,0,0
20060726,55951,SLPCF',OTC,22.03,22.03,0,0,Sleep Country Canada Inc,0,0,0
20060727,55951,SLPCF',OTC,22.03,22.03,0,0,Sleep Country Canada Inc,0,0,0
20060728,55951,SLPCF',OTC,22.03,22.03,0,0,Sleep Country Canada Inc,0,0,0
20060731,55951,SLPCF',OTC,22.03,22.03,0,0,Sleep Country Canada Inc,0,0,0
20060801,55951,SLPCF',OTC,22.03,22.03,0,0,Sleep Country Canada Inc,0,0,0
20060802,55951,SLPCF',OTC,22.03,22.03,0,0,Sleep Country Canada Inc,0,0,0
20060803,55951,SLPCF',OTC,22.03,22.03,0,0,Sleep Country Canada Inc,0,0,0
20060804,55951,SLPCF',OTC,22.03,22.03,0,0,Sleep Country Canada Inc,0,0,0
20060807,55951,SLPCF',OTC,22.03,22.03,0,0,Sleep Country Canada Inc,0,0,0
20060808,55951,SLPCF',OTC,22.03,22.03,0,0,Sleep Country Canada Inc,0,0,0
20060809,55951,SLPCF',OTC,22.03,22.03,0,0,Sleep Country Canada Inc,0,0,0
20060810,55951,SLPCF',OTC,22.03,22.03,0,0,Sleep Country Canada Inc,0,0,0
20060811,55951,SLPCF',OTC,22.03,22.03,0,0,Sleep Country Canada Inc,0,0,0
20060814,55951,SLPCF',OTC,22.03,22.03,0,0,Sleep Country Canada Inc,0,0,0
20060815,55951,SLPCF',OTC,22.03,22.03,0,0,Sleep Country Canada Inc,0,0,0
20060816,55951,SLPCF',OTC,22.03,22.03,0,0,Sleep Country Canada Inc,0,0,0
20060817,55951,SLPCF',OTC,22.45,22.45,10,0,Sleep Country Canada Inc,0,0,0
20060818,55951,SLPCF',OTC,22.45,22.45,0,0,Sleep Country Canada Inc,0,0,0
20060821,55951,SLPCF',OTC,22.45,22.45,0,0,Sleep Country Canada Inc,0,0,0
20060822,55951,SLPCF',OTC,22.45,22.45,0,0,Sleep Country Canada Inc,0,0,0
20060823,55951,SLPCF',OTC,22.95,22.95,10,0,Sleep Country Canada Inc,0,0,0
20060824,55951,SLPCF',OTC,22.95,22.95,0,0,Sleep Country Canada Inc,0,0,0
20060825,55951,SLPCF',OTC,22.95,22.95,0,0,Sleep Country Canada Inc,0,0,0
20060828,55951,SLPCF',OTC,22.95,22.95,0,0,Sleep Country Canada Inc,0,0,0
20060829,55951,SLPCF',OTC,22.95,22.95,0,0,Sleep Country Canada Inc,0,0,0
20060830,55951,SLPCF',OTC,22.95,22.95,0,0,Sleep Country Canada Inc,0,0,0
20060831,55951,SLPCF',OTC,22.95,22.95,0,0,Sleep Country Canada Inc,0,0,0
20060901,55951,SLPCF',OTC,22.95,22.95,0,0,Sleep Country Canada Inc,0,0,0
20060905,55951,SLPCF',OTC,22.95,22.95,0,0,Sleep Country Canada Inc,0,0,0
20060906,55951,SLPCF',OTC,22.95,22.95,0,0,Sleep Country Canada Inc,0,0,0
20060907,55951,SLPCF',OTC,22.95,22.95,0,0,Sleep Country Canada Inc,0,0,0
20060908,55951,SLPCF',OTC,22.95,22.95,0,0,Sleep Country Canada Inc,0,0,0
20060911,55951,SLPCF',OTC,22.95,22.95,0,0,Sleep Country Canada Inc,0,0,0
20060912,55951,SLPCF',OTC,22.95,22.95,0,0,Sleep Country Canada Inc,0,0,0
20060913,55951,SLPCF',OTC,22.95,22.95,0,0,Sleep Country Canada Inc,0,0,0
20060914,55951,SLPCF',OTC,22.95,22.95,0,0,Sleep Country Canada Inc,0,0,0
20060915,55951,SLPCF',OTC,22.95,22.95,0,0,Sleep Country Canada Inc,0,0,0
20060918,55951,SLPCF',OTC,22.95,22.95,0,0,Sleep Country Canada Inc,0,0,0
20060919,55951,SLPCF',OTC,22.95,22.95,0,0,Sleep Country Canada Inc,0,0,0
20060920,55951,SLPCF',OTC,22.95,22.95,0,0,Sleep Country Canada Inc,0,0,0
20060921,55951,SLPCF',OTC,22.95,22.95,0,0,Sleep Country Canada Inc,0,0,0
20060922,55951,SLPCF',OTC,22.95,22.95,0,0,Sleep Country Canada Inc,0,0,0
20060925,55951,SLPCF',OTC,22.95,22.95,0,0,Sleep Country Canada Inc,0,0,0
20060926,55951,SLPCF',OTC,22.95,22.95,0,0,Sleep Country Canada Inc,0,0,0
20060927,55951,SLPCF',OTC,22.95,22.95,0,0,Sleep Country Canada Inc,0,0,0
20060928,55951,SLPCF',OTC,22.95,22.95,0,0,Sleep Country Canada Inc,0,0,0
20060929,55951,SLPCF',OTC,22.95,22.95,0,0,Sleep Country Canada Inc,0,0,0
20061002,55951,SLPCF',OTC,22.95,22.95,0,0,Sleep Country Canada Inc,0,0,0
20061003,55951,SLPCF',OTC,20.54,20.54,3,0,Sleep Country Canada Inc,0,0,0
20061004,55951,SLPCF',OTC,19.64,19.64,46,0,Sleep Country Canada Inc,0,0,0
20061005,55951,SLPCF',OTC,19.64,19.64,0,0,Sleep Country Canada Inc,0,0,0
20061006,55951,SLPCF',OTC,19.64,19.64,0,0,Sleep Country Canada Inc,0,0,0
20061009,55951,SLPCF',OTC,19.64,19.64,0,0,Sleep Country Canada Inc,0,0,0
20061010,55951,SLPCF',OTC,21.19,21.19,11,0,Sleep Country Canada Inc,0,0,0
20061011,55951,SLPCF',OTC,21.19,21.19,0,0,Sleep Country Canada Inc,0,0,0
20061012,55951,SLPCF',OTC,21.11,21.11,2,0,Sleep Country Canada Inc,0,0,0
20061013,55951,SLPCF',OTC,21.24,21.24,2,0,Sleep Country Canada Inc,0,0,0
20061016,55951,SLPCF',OTC,21.24,21.24,0,0,Sleep Country Canada Inc,0,0,0
20061017,55951,SLPCF',OTC,21.24,21.24,0,0,Sleep Country Canada Inc,0,0,0
20061018,55951,SLPCF',OTC,21.24,21.24,0,0,Sleep Country Canada Inc,0,0,0
20061019,55951,SLPCF',OTC,21.24,21.24,0,0,Sleep Country Canada Inc,0,0,0
20061020,55951,SLPCF',OTC,21.61,21.61,2,0,Sleep Country Canada Inc,0,0,0
20061023,55951,SLPCF',OTC,21.61,21.61,0,0,Sleep Country Canada Inc,0,0,0
20061024,55951,SLPCF',OTC,21.61,21.61,0,0,Sleep Country Canada Inc,0,0,0
20061025,55951,SLPCF',OTC,21.59,21.59,4,0,Sleep Country Canada Inc,0,0,0
20061026,55951,SLPCF',OTC,21.59,21.59,0,0,Sleep Country Canada Inc,0,0,0
20061027,55951,SLPCF',OTC,22.4,22.4,10,0,Sleep Country Canada Inc,0,0,0
20061030,55951,SLPCF',OTC,22.4,22.4,0,0,Sleep Country Canada Inc,0,0,0
20061031,55951,SLPCF',OTC,22.4,22.4,0,0,Sleep Country Canada Inc,0,0,0
20061101,55951,SLPCF',OTC,20.65,20.65,43,0,Sleep Country Canada Inc,0,0,0
20061102,55951,SLPCF',OTC,20.21,20.21,20,0,Sleep Country Canada Inc,0,0,0
20061103,55951,SLPCF',OTC,20.21,20.21,0,0,Sleep Country Canada Inc,0,0,0
20061106,55951,SLPCF',OTC,20.21,20.21,0,0,Sleep Country Canada Inc,0,0,0
20061107,55951,SLPCF',OTC,20.21,20.21,0,0,Sleep Country Canada Inc,0,0,0
20061108,55951,SLPCF',OTC,20.21,20.21,0,0,Sleep Country Canada Inc,0,0,0
20061109,55951,SLPCF',OTC,20.21,20.21,0,0,Sleep Country Canada Inc,0,0,0
20061110,55951,SLPCF',OTC,21.7,21.7,1,0,Sleep Country Canada Inc,0,0,0
20061113,55951,SLPCF',OTC,21.7,21.7,0,0,Sleep Country Canada Inc,0,0,0
20061114,55951,SLPCF',OTC,21.7,21.7,0,0,Sleep Country Canada Inc,0,0,0
20061115,55951,SLPCF',OTC,21.7,21.7,0,0,Sleep Country Canada Inc,0,0,0
20061116,55951,SLPCF',OTC,21.7,21.7,0,0,Sleep Country Canada Inc,0,0,0
20061117,55951,SLPCF',OTC,21.7,21.7,0,0,Sleep Country Canada Inc,0,0,0
20061120,55951,SLPCF',OTC,21.7,21.7,0,0,Sleep Country Canada Inc,0,0,0
20061121,55951,SLPCF',OTC,23.01,23.01,8,0,Sleep Country Canada Inc,0,0,0
20061122,55951,SLPCF',OTC,23.13,23.13,2,0,Sleep Country Canada Inc,0,0,0
20061124,55951,SLPCF',OTC,23.13,23.13,0,0,Sleep Country Canada Inc,0,0,0
20061127,55951,SLPCF',OTC,23.13,23.13,0,0,Sleep Country Canada Inc,0,0,0
20061128,55951,SLPCF',OTC,23.13,23.13,0,0,Sleep Country Canada Inc,0,0,0
20061129,55951,SLPCF',OTC,23.13,23.13,0,0,Sleep Country Canada Inc,0,0,0
20061130,55951,SLPCF',OTC,23.13,23.13,0,0,Sleep Country Canada Inc,0,0,0
20061201,55951,SLPCF',OTC,23.13,23.13,0,0,Sleep Country Canada Inc,0,0,0
20061204,55951,SLPCF',OTC,23.13,23.13,0,0,Sleep Country Canada Inc,0,0,0
20061205,55951,SLPCF',OTC,23.13,23.13,0,0,Sleep Country Canada Inc,0,0,0
20061206,55951,SLPCF',OTC,23.13,23.13,0,0,Sleep Country Canada Inc,0,0,0
20061207,55951,SLPCF',OTC,23.13,23.13,0,0,Sleep Country Canada Inc,0,0,0
20061208,55951,SLPCF',OTC,23.13,23.13,0,0,Sleep Country Canada Inc,0,0,0
20061211,55951,SLPCF',OTC,23.13,23.13,0,0,Sleep Country Canada Inc,0,0,0
20061212,55951,SLPCF',OTC,23.13,23.13,0,0,Sleep Country Canada Inc,0,0,0
20061213,55951,SLPCF',OTC,23.13,23.13,0,0,Sleep Country Canada Inc,0,0,0
20061214,55951,SLPCF',OTC,23.13,23.13,0,0,Sleep Country Canada Inc,0,0,0
20061215,55951,SLPCF',OTC,23.13,23.13,0,0,Sleep Country Canada Inc,0,0,0
20061218,55951,SLPCF',OTC,23.13,23.13,0,0,Sleep Country Canada Inc,0,0,0
20061219,55951,SLPCF',OTC,23.13,23.13,0,0,Sleep Country Canada Inc,0,0,0
20061220,55951,SLPCF',OTC,23.13,23.13,0,0,Sleep Country Canada Inc,0,0,0
20061221,55951,SLPCF',OTC,23.13,23.13,0,0,Sleep Country Canada Inc,0,0,0
20061222,55951,SLPCF',OTC,23.13,23.13,0,0,Sleep Country Canada Inc,0,0,0
20061226,55951,SLPCF',OTC,23.13,23.13,0,0,Sleep Country Canada Inc,0,0,0
20061227,55951,SLPCF',OTC,22.72,22.72,3,0,Sleep Country Canada Inc,0,0,0
20061228,55951,SLPCF',OTC,22.72,22.72,0,0,Sleep Country Canada Inc,0,0,0
20061229,55951,SLPCF',OTC,22.72,22.72,0,0,Sleep Country Canada Inc,0,0,0
20070103,55951,SLPCF',OTC,22.72,22.72,0,0,Sleep Country Canada Inc,0,0,0
20070104,55951,SLPCF',OTC,23.68,23.68,11,0,Sleep Country Canada Inc,0,0,0
20070105,55951,SLPCF',OTC,23.68,23.68,0,0,Sleep Country Canada Inc,0,0,0
20070108,55951,SLPCF',OTC,23.68,23.68,0,0,Sleep Country Canada Inc,0,0,0
20070109,55951,SLPCF',OTC,23.68,23.68,0,0,Sleep Country Canada Inc,0,0,0
20070110,55951,SLPCF',OTC,23.68,23.68,0,0,Sleep Country Canada Inc,0,0,0
20070111,55951,SLPCF',OTC,23.68,23.68,0,0,Sleep Country Canada Inc,0,0,0
20070112,55951,SLPCF',OTC,23.68,23.68,0,0,Sleep Country Canada Inc,0,0,0
20070116,55951,SLPCF',OTC,23.68,23.68,0,0,Sleep Country Canada Inc,0,0,0
20070117,55951,SLPCF',OTC,23.68,23.68,0,0,Sleep Country Canada Inc,0,0,0
20070118,55951,SLPCF',OTC,23.68,23.68,0,0,Sleep Country Canada Inc,0,0,0
20070119,55951,SLPCF',OTC,23.43,23.43,4,0,Sleep Country Canada Inc,0,0,0
20070122,55951,SLPCF',OTC,23.43,23.43,0,0,Sleep Country Canada Inc,0,0,0
20070123,55951,SLPCF',OTC,23.43,23.43,0,0,Sleep Country Canada Inc,0,0,0
20070124,55951,SLPCF',OTC,23.43,23.43,0,0,Sleep Country Canada Inc,0,0,0
20070125,55951,SLPCF',OTC,23.43,23.43,0,0,Sleep Country Canada Inc,0,0,0
20070126,55951,SLPCF',OTC,23.43,23.43,0,0,Sleep Country Canada Inc,0,0,0
20070129,55951,SLPCF',OTC,23.43,23.43,0,0,Sleep Country Canada Inc,0,0,0
20070130,55951,SLPCF',OTC,23.43,23.43,0,0,Sleep Country Canada Inc,0,0,0
20070131,55951,SLPCF',OTC,23.43,23.43,0,0,Sleep Country Canada Inc,0,0,0
20070201,55951,SLPCF',OTC,23.43,23.43,0,0,Sleep Country Canada Inc,0,0,0
20070202,55951,SLPCF',OTC,23.43,23.43,0,0,Sleep Country Canada Inc,0,0,0
20070205,55951,SLPCF',OTC,23.43,23.43,0,0,Sleep Country Canada Inc,0,0,0
20070206,55951,SLPCF',OTC,23.43,23.43,0,0,Sleep Country Canada Inc,0,0,0
20070207,55951,SLPCF',OTC,23.43,23.43,0,0,Sleep Country Canada Inc,0,0,0
20070208,55951,SLPCF',OTC,23.43,23.43,0,0,Sleep Country Canada Inc,0,0,0
20070209,55951,SLPCF',OTC,23.43,23.43,0,0,Sleep Country Canada Inc,0,0,0
20070212,55951,SLPCF',OTC,23.43,23.43,0,0,Sleep Country Canada Inc,0,0,0
20070213,55951,SLPCF',OTC,23.43,23.43,0,0,Sleep Country Canada Inc,0,0,0
20070214,55951,SLPCF',OTC,23.43,23.43,0,0,Sleep Country Canada Inc,0,0,0
20070215,55951,SLPCF',OTC,23.58,23.58,4,0,Sleep Country Canada Inc,0,0,0
20070216,55951,SLPCF',OTC,23.58,23.58,0,0,Sleep Country Canada Inc,0,0,0
20070220,55951,SLPCF',OTC,23.58,23.58,0,0,Sleep Country Canada Inc,0,0,0
20070221,55951,SLPCF',OTC,23.58,23.58,0,0,Sleep Country Canada Inc,0,0,0
20070222,55951,SLPCF',OTC,22.63,22.63,1,0,Sleep Country Canada Inc,0,0,0
20070223,55951,SLPCF',OTC,22.64,22.64,5,0,Sleep Country Canada Inc,0,0,0
20070226,55951,SLPCF',OTC,22.49,22.49,1,0,Sleep Country Canada Inc,0,0,0
20070227,55951,SLPCF',OTC,22.49,22.49,0,0,Sleep Country Canada Inc,0,0,0
20070228,55951,SLPCF',OTC,22.49,22.49,0,0,Sleep Country Canada Inc,0,0,0
20070301,55951,SLPCF',OTC,22.49,22.49,0,0,Sleep Country Canada Inc,0,0,0
20070302,55951,SLPCF',OTC,22.31,22.31,1,0,Sleep Country Canada Inc,0,0,0
20070305,55951,SLPCF',OTC,22.31,22.31,0,0,Sleep Country Canada Inc,0,0,0
20070306,55951,SLPCF',OTC,22.31,22.31,0,0,Sleep Country Canada Inc,0,0,0
20070307,55951,SLPCF',OTC,21.34,21.34,18,0,Sleep Country Canada Inc,0,0,0
20070308,55951,SLPCF',OTC,21.34,21.34,0,0,Sleep Country Canada Inc,0,0,0
20070309,55951,SLPCF',OTC,21.2,21.2,22,0,Sleep Country Canada Inc,0,0,0
20070312,55951,SLPCF',OTC,21.2,21.2,0,0,Sleep Country Canada Inc,0,0,0
20070313,55951,SLPCF',OTC,21.2,21.2,0,0,Sleep Country Canada Inc,0,0,0
20070314,55951,SLPCF',OTC,21.2,21.2,0,0,Sleep Country Canada Inc,0,0,0
20070315,55951,SLPCF',OTC,20.24,20.24,30,0,Sleep Country Canada Inc,0,0,0
20070316,55951,SLPCF',OTC,20.27,20.27,1,0,Sleep Country Canada Inc,0,0,0
20070319,55951,SLPCF',OTC,20.4,20.4,124,0,Sleep Country Canada Inc,0,0,0
20070320,55951,SLPCF',OTC,20.4,20.4,0,0,Sleep Country Canada Inc,0,0,0
20070321,55951,SLPCF',OTC,20.63,20.63,3,0,Sleep Country Canada Inc,0,0,0
20070322,55951,SLPCF',OTC,20.63,20.63,0,0,Sleep Country Canada Inc,0,0,0
20070323,55951,SLPCF',OTC,20.63,20.63,0,0,Sleep Country Canada Inc,0,0,0
20070326,55951,SLPCF',OTC,20.63,20.63,0,0,Sleep Country Canada Inc,0,0,0
20070327,55951,SLPCF',OTC,20.63,20.63,0,0,Sleep Country Canada Inc,0,0,0
20070328,55951,SLPCF',OTC,20.63,20.63,0,0,Sleep Country Canada Inc,0,0,0
20070329,55951,SLPCF',OTC,20.63,20.63,0,0,Sleep Country Canada Inc,0,0,0
20070330,55951,SLPCF',OTC,20.63,20.63,0,0,Sleep Country Canada Inc,0,0,0
20070402,55951,SLPCF',OTC,20.63,20.63,0,0,Sleep Country Canada Inc,0,0,0
20070403,55951,SLPCF',OTC,20.63,20.63,0,0,Sleep Country Canada Inc,0,0,0
20070404,55951,SLPCF',OTC,20.51,20.51,80,0,Sleep Country Canada Inc,0,0,0
20070405,55951,SLPCF',OTC,20.51,20.51,0,0,Sleep Country Canada Inc,0,0,0
20070409,55951,SLPCF',OTC,20.51,20.51,0,0,Sleep Country Canada Inc,0,0,0
20070410,55951,SLPCF',OTC,20.64,20.64,2,0,Sleep Country Canada Inc,0,0,0
20070411,55951,SLPCF',OTC,20.63,20.63,1,0,Sleep Country Canada Inc,0,0,0
20070412,55951,SLPCF',OTC,20.7,20.7,19,0,Sleep Country Canada Inc,0,0,0
20070413,55951,SLPCF',OTC,20.7,20.7,0,0,Sleep Country Canada Inc,0,0,0
20070416,55951,SLPCF',OTC,20.69,20.69,12,0,Sleep Country Canada Inc,0,0,0
20070417,55951,SLPCF',OTC,20.78,20.78,1,0,Sleep Country Canada Inc,0,0,0
20070418,55951,SLPCF',OTC,20.81,20.81,4,0,Sleep Country Canada Inc,0,0,0
20070419,55951,SLPCF',OTC,20.81,20.81,0,0,Sleep Country Canada Inc,0,0,0
20070420,55951,SLPCF',OTC,21.4,21.4,2,0,Sleep Country Canada Inc,0,0,0
20070423,55951,SLPCF',OTC,21.54,21.54,5,0,Sleep Country Canada Inc,0,0,0
20070424,55951,SLPCF',OTC,22.16,22.16,4,0,Sleep Country Canada Inc,0,0,0
20070425,55951,SLPCF',OTC,22.16,22.16,0,0,Sleep Country Canada Inc,0,0,0
20070426,55951,SLPCF',OTC,22.25,22.25,95,0,Sleep Country Canada Inc,0,0,0
20070427,55951,SLPCF',OTC,21.46,21.46,1,0,Sleep Country Canada Inc,0,0,0
20070430,55951,SLPCF',OTC,21.46,21.46,0,0,Sleep Country Canada Inc,0,0,0
20070501,55951,SLPCF',OTC,21.46,21.46,0,0,Sleep Country Canada Inc,0,0,0
20070502,55951,SLPCF',OTC,22.56,22.56,3,0,Sleep Country Canada Inc,0,0,0
20070503,55951,SLPCF',OTC,22.56,22.56,0,0,Sleep Country Canada Inc,0,0,0
20070504,55951,SLPCF',OTC,21.9,21.9,1,0,Sleep Country Canada Inc,0,0,0
20070507,55951,SLPCF',OTC,21.9,21.9,0,0,Sleep Country Canada Inc,0,0,0
20070508,55951,SLPCF',OTC,22.12,22.12,3,0,Sleep Country Canada Inc,0,0,0
20070509,55951,SLPCF',OTC,22.2,22.2,7,0,Sleep Country Canada Inc,0,0,0
20070510,55951,SLPCF',OTC,22.2,22.2,0,0,Sleep Country Canada Inc,0,0,0
20070511,55951,SLPCF',OTC,22.2,22.2,0,0,Sleep Country Canada Inc,0,0,0
20070514,55951,SLPCF',OTC,22.2,22.2,0,0,Sleep Country Canada Inc,0,0,0
20070515,55951,SLPCF',OTC,22.2,22.2,0,0,Sleep Country Canada Inc,0,0,0
20070516,55951,SLPCF',OTC,22.2,22.2,0,0,Sleep Country Canada Inc,0,0,0
20070517,55951,SLPCF',OTC,22.33,22.33,10,0,Sleep Country Canada Inc,0,0,0
20070518,55951,SLPCF',OTC,22.33,22.33,0,0,Sleep Country Canada Inc,0,0,0
20070521,55951,SLPCF',OTC,22.33,22.33,0,0,Sleep Country Canada Inc,0,0,0
20070522,55951,SLPCF',OTC,22.33,22.33,0,0,Sleep Country Canada Inc,0,0,0
20070523,55951,SLPCF',OTC,22.33,22.33,0,0,Sleep Country Canada Inc,0,0,0
20070524,55951,SLPCF',OTC,22.3,22.3,5,0,Sleep Country Canada Inc,0,0,0
20070525,55951,SLPCF',OTC,22.22,22.22,4,0,Sleep Country Canada Inc,0,0,0
20070529,55951,SLPCF',OTC,22.75,22.75,19,0,Sleep Country Canada Inc,0,0,0
20070530,55951,SLPCF',OTC,22.75,22.75,0,0,Sleep Country Canada Inc,0,0,0
20070531,55951,SLPCF',OTC,22.75,22.75,0,0,Sleep Country Canada Inc,0,0,0
20070601,55951,SLPCF',OTC,22.75,22.75,0,0,Sleep Country Canada Inc,0,0,0
20070604,55951,SLPCF',OTC,22.75,22.75,0,0,Sleep Country Canada Inc,0,0,0
20070605,55951,SLPCF',OTC,22.75,22.75,0,0,Sleep Country Canada Inc,0,0,0
20070606,55951,SLPCF',OTC,23.86,23.86,5,0,Sleep Country Canada Inc,0,0,0
20070607,55951,SLPCF',OTC,23.86,23.86,0,0,Sleep Country Canada Inc,0,0,0
20070608,55951,SLPCF',OTC,23.86,23.86,0,0,Sleep Country Canada Inc,0,0,0
20070611,55951,SLPCF',OTC,23.86,23.86,0,0,Sleep Country Canada Inc,0,0,0
20070612,55951,SLPCF',OTC,23.86,23.86,0,0,Sleep Country Canada Inc,0,0,0
20070613,55951,SLPCF',OTC,23.86,23.86,0,0,Sleep Country Canada Inc,0,0,0
20070614,55951,SLPCF',OTC,23.86,23.86,0,0,Sleep Country Canada Inc,0,0,0
20070615,55951,SLPCF',OTC,23.86,23.86,0,0,Sleep Country Canada Inc,0,0,0
20070618,55951,SLPCF',OTC,23.86,23.86,0,0,Sleep Country Canada Inc,0,0,0
20070619,55951,SLPCF',OTC,23.86,23.86,0,0,Sleep Country Canada Inc,0,0,0
20070620,55951,SLPCF',OTC,23.86,23.86,0,0,Sleep Country Canada Inc,0,0,0
20070621,55951,SLPCF',OTC,23.86,23.86,0,0,Sleep Country Canada Inc,0,0,0
20070622,55951,SLPCF',OTC,22.04,22.04,10,0,Sleep Country Canada Inc,0,0,0
20070625,55951,SLPCF',OTC,22.04,22.04,0,0,Sleep Country Canada Inc,0,0,0
20070626,55951,SLPCF',OTC,21.6,21.6,3,0,Sleep Country Canada Inc,0,0,0
20070627,55951,SLPCF',OTC,21.6,21.6,0,0,Sleep Country Canada Inc,0,0,0
20070628,55951,SLPCF',OTC,21.8,21.8,1,0,Sleep Country Canada Inc,0,0,0
20070629,55951,SLPCF',OTC,21.8,21.8,0,0,Sleep Country Canada Inc,0,0,0
20070702,55951,SLPCF',OTC,21.8,21.8,0,0,Sleep Country Canada Inc,0,0,0
20070703,55951,SLPCF',OTC,21.8,21.8,0,0,Sleep Country Canada Inc,0,0,0
20070705,55951,SLPCF',OTC,21.8,21.8,0,0,Sleep Country Canada Inc,0,0,0
20070706,55951,SLPCF',OTC,21.8,21.8,0,0,Sleep Country Canada Inc,0,0,0
20070709,55951,SLPCF',OTC,21.8,21.8,0,0,Sleep Country Canada Inc,0,0,0
20070710,55951,SLPCF',OTC,21.8,21.8,0,0,Sleep Country Canada Inc,0,0,0
20070711,55951,SLPCF',OTC,21.8,21.8,0,0,Sleep Country Canada Inc,0,0,0
20070712,55951,SLPCF',OTC,22.14,22.14,5,0,Sleep Country Canada Inc,0,0,0
20070713,55951,SLPCF',OTC,22.14,22.14,0,0,Sleep Country Canada Inc,0,0,0
20070716,55951,SLPCF',OTC,22.14,22.14,0,0,Sleep Country Canada Inc,0,0,0
20070717,55951,SLPCF',OTC,22.14,22.14,0,0,Sleep Country Canada Inc,0,0,0
20070718,55951,SLPCF',OTC,22.14,22.14,0,0,Sleep Country Canada Inc,0,0,0
20070719,55951,SLPCF',OTC,22.05,22.05,25,0,Sleep Country Canada Inc,0,0,0
20070720,55951,SLPCF',OTC,22.23,22.23,15,0,Sleep Country Canada Inc,0,0,0
20070723,55951,SLPCF',OTC,22.23,22.23,0,0,Sleep Country Canada Inc,0,0,0
20070724,55951,SLPCF',OTC,22.23,22.23,0,0,Sleep Country Canada Inc,0,0,0
20070725,55951,SLPCF',OTC,22.23,22.23,0,0,Sleep Country Canada Inc,0,0,0
20070726,55951,SLPCF',OTC,22.23,22.23,0,0,Sleep Country Canada Inc,0,0,0
20070727,55951,SLPCF',OTC,22.23,22.23,0,0,Sleep Country Canada Inc,0,0,0
20070730,55951,SLPCF',OTC,22.23,22.23,0,0,Sleep Country Canada Inc,0,0,0
20070731,55951,SLPCF',OTC,22.23,22.23,0,0,Sleep Country Canada Inc,0,0,0
20070801,55951,SLPCF',OTC,22.23,22.23,0,0,Sleep Country Canada Inc,0,0,0
20070802,55951,SLPCF',OTC,21.81,21.81,2,0,Sleep Country Canada Inc,0,0,0
20070803,55951,SLPCF',OTC,21.81,21.81,0,0,Sleep Country Canada Inc,0,0,0
20070806,55951,SLPCF',OTC,21.81,21.81,0,0,Sleep Country Canada Inc,0,0,0
20070807,55951,SLPCF',OTC,21.81,21.81,0,0,Sleep Country Canada Inc,0,0,0
20070808,55951,SLPCF',OTC,21.81,21.81,0,0,Sleep Country Canada Inc,0,0,0
20070809,55951,SLPCF',OTC,21.81,21.81,0,0,Sleep Country Canada Inc,0,0,0
20070810,55951,SLPCF',OTC,21.81,21.81,0,0,Sleep Country Canada Inc,0,0,0
20070813,55951,SLPCF',OTC,21.81,21.81,0,0,Sleep Country Canada Inc,0,0,0
20070814,55951,SLPCF',OTC,20.8,20.8,5,0,Sleep Country Canada Inc,0,0,0
20070815,55951,SLPCF',OTC,20.8,20.8,0,0,Sleep Country Canada Inc,0,0,0
20070816,55951,SLPCF',OTC,20.8,20.8,0,0,Sleep Country Canada Inc,0,0,0
20070817,55951,SLPCF',OTC,20.8,20.8,0,0,Sleep Country Canada Inc,0,0,0
20070820,55951,SLPCF',OTC,20.8,20.8,0,0,Sleep Country Canada Inc,0,0,0
20070821,55951,SLPCF',OTC,20.8,20.8,0,0,Sleep Country Canada Inc,0,0,0
20070822,55951,SLPCF',OTC,20.8,20.8,0,0,Sleep Country Canada Inc,0,0,0
20070823,55951,SLPCF',OTC,20.8,20.8,0,0,Sleep Country Canada Inc,0,0,0
20070824,55951,SLPCF',OTC,20.8,20.8,0,0,Sleep Country Canada Inc,0,0,0
20070827,55951,SLPCF',OTC,20.8,20.8,0,0,Sleep Country Canada Inc,0,0,0
20070828,55951,SLPCF',OTC,20.43,20.43,4,0,Sleep Country Canada Inc,0,0,0
20070829,55951,SLPCF',OTC,20.43,20.43,0,0,Sleep Country Canada Inc,0,0,0
20070830,55951,SLPCF',OTC,20.43,20.43,0,0,Sleep Country Canada Inc,0,0,0
20070831,55951,SLPCF',OTC,20.43,20.43,0,0,Sleep Country Canada Inc,0,0,0
20070904,55951,SLPCF',OTC,20.43,20.43,0,0,Sleep Country Canada Inc,0,0,0
20070905,55951,SLPCF',OTC,20.43,20.43,0,0,Sleep Country Canada Inc,0,0,0
20070906,55951,SLPCF',OTC,20.43,20.43,0,0,Sleep Country Canada Inc,0,0,0
20070907,55951,SLPCF',OTC,20.43,20.43,0,0,Sleep Country Canada Inc,0,0,0
20070910,55951,SLPCF',OTC,20.43,20.43,0,0,Sleep Country Canada Inc,0,0,0
20070911,55951,SLPCF',OTC,20.43,20.43,0,0,Sleep Country Canada Inc,0,0,0
20070912,55951,SLPCF',OTC,20.43,20.43,0,0,Sleep Country Canada Inc,0,0,0
20070913,55951,SLPCF',OTC,20.43,20.43,0,0,Sleep Country Canada Inc,0,0,0
20070914,55951,SLPCF',OTC,20.43,20.43,0,0,Sleep Country Canada Inc,0,0,0
20070917,55951,SLPCF',OTC,21.35,21.35,1,0,Sleep Country Canada Inc,0,0,0
20070918,55951,SLPCF',OTC,21.35,21.35,0,0,Sleep Country Canada Inc,0,0,0
20070919,55951,SLPCF',OTC,21.35,21.35,0,0,Sleep Country Canada Inc,0,0,0
20070920,55951,SLPCF',OTC,21.4,21.4,74,0,Sleep Country Canada Inc,0,0,0
20070921,55951,SLPCF',OTC,21.49,21.49,10,0,Sleep Country Canada Inc,0,0,0
20070924,55951,SLPCF',OTC,21.49,21.49,0,0,Sleep Country Canada Inc,0,0,0
20070925,55951,SLPCF',OTC,21.49,21.49,0,0,Sleep Country Canada Inc,0,0,0
20070926,55951,SLPCF',OTC,21.49,21.49,0,0,Sleep Country Canada Inc,0,0,0
20070927,55951,SLPCF',OTC,21.49,21.49,0,0,Sleep Country Canada Inc,0,0,0
20070928,55951,SLPCF',OTC,21.71,21.71,13,0,Sleep Country Canada Inc,0,0,0
20071001,55951,SLPCF',OTC,21.71,21.71,0,0,Sleep Country Canada Inc,0,0,0
20071002,55951,SLPCF',OTC,21.51,21.51,1,0,Sleep Country Canada Inc,0,0,0
20071003,55951,SLPCF',OTC,21.51,21.51,0,0,Sleep Country Canada Inc,0,0,0
20071004,55951,SLPCF',OTC,21.51,21.51,0,0,Sleep Country Canada Inc,0,0,0
20071005,55951,SLPCF',OTC,21.84,21.84,30,0,Sleep Country Canada Inc,0,0,0
20071008,55951,SLPCF',OTC,21.84,21.84,0,0,Sleep Country Canada Inc,0,0,0
20071009,55951,SLPCF',OTC,21.84,21.84,0,0,Sleep Country Canada Inc,0,0,0
20071010,55951,SLPCF',OTC,21.84,21.84,0,0,Sleep Country Canada Inc,0,0,0
20071011,55951,SLPCF',OTC,21.84,21.84,0,0,Sleep Country Canada Inc,0,0,0
20071012,55951,SLPCF',OTC,21.84,21.84,0,0,Sleep Country Canada Inc,0,0,0
20071015,55951,SLPCF',OTC,22.39,22.39,15,0,Sleep Country Canada Inc,0,0,0
20071016,55951,SLPCF',OTC,22.39,22.39,0,0,Sleep Country Canada Inc,0,0,0
20071017,55951,SLPCF',OTC,22.39,22.39,0,0,Sleep Country Canada Inc,0,0,0
20071018,55951,SLPCF',OTC,22.39,22.39,0,0,Sleep Country Canada Inc,0,0,0
20071019,55951,SLPCF',OTC,22.39,22.39,0,0,Sleep Country Canada Inc,0,0,0
20071022,55951,SLPCF',OTC,22.39,22.39,0,0,Sleep Country Canada Inc,0,0,0
20071023,55951,SLPCF',OTC,22.39,22.39,0,0,Sleep Country Canada Inc,0,0,0
20071024,55951,SLPCF',OTC,22.39,22.39,0,0,Sleep Country Canada Inc,0,0,0
20071025,55951,SLPCF',OTC,22.39,22.39,0,0,Sleep Country Canada Inc,0,0,0
20071026,55951,SLPCF',OTC,22.39,22.39,0,0,Sleep Country Canada Inc,0,0,0
20071029,55951,SLPCF',OTC,23.79,23.79,30,0,Sleep Country Canada Inc,0,0,0
20071030,55951,SLPCF',OTC,23.55,23.55,15,0,Sleep Country Canada Inc,0,0,0
20071031,55951,SLPCF',OTC,23.55,23.55,0,0,Sleep Country Canada Inc,0,0,0
20071101,55951,SLPCF',OTC,23.55,23.55,0,0,Sleep Country Canada Inc,0,0,0
20071102,55951,SLPCF',OTC,23.55,23.55,0,0,Sleep Country Canada Inc,0,0,0
20071105,55951,SLPCF',OTC,23.55,23.55,0,0,Sleep Country Canada Inc,0,0,0
20071106,55951,SLPCF',OTC,23.55,23.55,0,0,Sleep Country Canada Inc,0,0,0
20071107,55951,SLPCF',OTC,25.56,25.56,5,0,Sleep Country Canada Inc,0,0,0
20071108,55951,SLPCF',OTC,24.58,24.58,25,0,Sleep Country Canada Inc,0,0,0
20071109,55951,SLPCF',OTC,24.53,24.53,7,0,Sleep Country Canada Inc,0,0,0
20071112,55951,SLPCF',OTC,24.53,24.53,0,0,Sleep Country Canada Inc,0,0,0
20071113,55951,SLPCF',OTC,24.53,24.53,0,0,Sleep Country Canada Inc,0,0,0
20071114,55951,SLPCF',OTC,24.53,24.53,0,0,Sleep Country Canada Inc,0,0,0
20071115,55951,SLPCF',OTC,24.53,24.53,0,0,Sleep Country Canada Inc,0,0,0
20071116,55951,SLPCF',OTC,24.53,24.53,0,0,Sleep Country Canada Inc,0,0,0
20071119,55951,SLPCF',OTC,24.53,24.53,0,0,Sleep Country Canada Inc,0,0,0
20071120,55951,SLPCF',OTC,24.53,24.53,0,0,Sleep Country Canada Inc,0,0,0
20071121,55951,SLPCF',OTC,24.53,24.53,0,0,Sleep Country Canada Inc,0,0,0
20071123,55951,SLPCF',OTC,24.53,24.53,0,0,Sleep Country Canada Inc,0,0,0
20071126,55951,SLPCF',OTC,24.53,24.53,0,0,Sleep Country Canada Inc,0,0,0
20071127,55951,SLPCF',OTC,24.53,24.53,0,0,Sleep Country Canada Inc,0,0,0
20071128,55951,SLPCF',OTC,24.53,24.53,0,0,Sleep Country Canada Inc,0,0,0
20071129,55951,SLPCF',OTC,24.53,24.53,0,0,Sleep Country Canada Inc,0,0,0
20071130,55951,SLPCF',OTC,24.53,24.53,0,0,Sleep Country Canada Inc,0,0,0
20071203,55951,SLPCF',OTC,24.53,24.53,0,0,Sleep Country Canada Inc,0,0,0
20071204,55951,SLPCF',OTC,24.53,24.53,0,0,Sleep Country Canada Inc,0,0,0
20071205,55951,SLPCF',OTC,24.53,24.53,0,0,Sleep Country Canada Inc,0,0,0
20071206,55951,SLPCF',OTC,24.53,24.53,0,0,Sleep Country Canada Inc,0,0,0
20071207,55951,SLPCF',OTC,24.53,24.53,0,0,Sleep Country Canada Inc,0,0,0
20071210,55951,SLPCF',OTC,24.53,24.53,0,0,Sleep Country Canada Inc,0,0,0
20071211,55951,SLPCF',OTC,24.53,24.53,0,0,Sleep Country Canada Inc,0,0,0
20071212,55951,SLPCF',OTC,24.53,24.53,0,0,Sleep Country Canada Inc,0,0,0
20071213,55951,SLPCF',OTC,24.53,24.53,0,0,Sleep Country Canada Inc,0,0,0
20071214,55951,SLPCF',OTC,20.12,20.12,10,0,Sleep Country Canada Inc,0,0,0
20071217,55951,SLPCF',OTC,20.12,20.12,0,0,Sleep Country Canada Inc,0,0,0
20071218,55951,SLPCF',OTC,20.12,20.12,0,0,Sleep Country Canada Inc,0,0,0
20071219,55951,SLPCF',OTC,21.9,21.9,10,0,Sleep Country Canada Inc,0,0,0
20071220,55951,SLPCF',OTC,21.9,21.9,0,0,Sleep Country Canada Inc,0,0,0
20071221,55951,SLPCF',OTC,21.9,21.9,0,0,Sleep Country Canada Inc,0,0,0
20071224,55951,SLPCF',OTC,21.9,21.9,0,0,Sleep Country Canada Inc,0,0,0
20071226,55951,SLPCF',OTC,21.9,21.9,0,0,Sleep Country Canada Inc,0,0,0
20071227,55951,SLPCF',OTC,21.9,21.9,0,0,Sleep Country Canada Inc,0,0,0
20071228,55951,SLPCF',OTC,23.54,23.54,2,0,Sleep Country Canada Inc,0,0,0
20071231,55951,SLPCF',OTC,23.54,23.54,0,0,Sleep Country Canada Inc,0,0,0
20080102,55951,SLPCF',OTC,23.5,23.5,29,0,Sleep Country Canada Inc,0,0,0
20080103,55951,SLPCF',OTC,23.5,23.5,0,0,Sleep Country Canada Inc,0,0,0
20080104,55951,SLPCF',OTC,23.15,23.15,165,0,Sleep Country Canada Inc,0,0,0
20080107,55951,SLPCF',OTC,23.15,23.15,0,0,Sleep Country Canada Inc,0,0,0
20080108,55951,SLPCF',OTC,23.3,23.3,150,0,Sleep Country Canada Inc,0,0,0
20080109,55951,SLPCF',OTC,23.3,23.3,0,0,Sleep Country Canada Inc,0,0,0
20080110,55951,SLPCF',OTC,23.3,23.3,0,0,Sleep Country Canada Inc,0,0,0
20080111,55951,SLPCF',OTC,23.3,23.3,0,0,Sleep Country Canada Inc,0,0,0
20080114,55951,SLPCF',OTC,23.3,23.3,0,0,Sleep Country Canada Inc,0,0,0
20080115,55951,SLPCF',OTC,23.3,23.3,0,0,Sleep Country Canada Inc,0,0,0
20080116,55951,SLPCF',OTC,21.98,21.98,124,0,Sleep Country Canada Inc,0,0,0
20080117,55951,SLPCF',OTC,21.98,21.98,0,0,Sleep Country Canada Inc,0,0,0
20080118,55951,SLPCF',OTC,21.98,21.98,76,0,Sleep Country Canada Inc,0,0,0
20080122,55951,SLPCF',OTC,21.69,21.69,206,0,Sleep Country Canada Inc,0,0,0
20080123,55951,SLPCF',OTC,21.69,21.69,0,0,Sleep Country Canada Inc,0,0,0
20080124,55951,SLPCF',OTC,21.69,21.69,0,0,Sleep Country Canada Inc,0,0,0
20080125,55951,SLPCF',OTC,21.69,21.69,0,0,Sleep Country Canada Inc,0,0,0
20080128,55951,SLPCF',OTC,21.69,21.69,0,0,Sleep Country Canada Inc,0,0,0
20080129,55951,SLPCF',OTC,21.69,21.69,0,0,Sleep Country Canada Inc,0,0,0
20080130,55951,SLPCF',OTC,21.69,21.69,0,0,Sleep Country Canada Inc,0,0,0
20080131,55951,SLPCF',OTC,21.43,21.43,6,0,Sleep Country Canada Inc,0,0,0
20080201,55951,SLPCF',OTC,21.43,21.43,0,0,Sleep Country Canada Inc,0,0,0
20080204,55951,SLPCF',OTC,21.43,21.43,0,0,Sleep Country Canada Inc,0,0,0
20080205,55951,SLPCF',OTC,21.43,21.43,0,0,Sleep Country Canada Inc,0,0,0
20080206,55951,SLPCF',OTC,21.43,21.43,0,0,Sleep Country Canada Inc,0,0,0
20080207,55951,SLPCF',OTC,21.43,21.43,0,0,Sleep Country Canada Inc,0,0,0
20080208,55951,SLPCF',OTC,20.51,20.51,2,0,Sleep Country Canada Inc,0,0,0
20080211,55951,SLPCF',OTC,20.51,20.51,0,0,Sleep Country Canada Inc,0,0,0
20080212,55951,SLPCF',OTC,20.51,20.51,0,0,Sleep Country Canada Inc,0,0,0
20080213,55951,SLPCF',OTC,20.51,20.51,0,0,Sleep Country Canada Inc,0,0,0
20080214,55951,SLPCF',OTC,20,20,1,0,Sleep Country Canada Inc,0,0,0
20080215,55951,SLPCF',OTC,20,20,0,0,Sleep Country Canada Inc,0,0,0
20080219,55951,SLPCF',OTC,20,20,0,0,Sleep Country Canada Inc,0,0,0
20080220,55951,SLPCF',OTC,20,20,0,0,Sleep Country Canada Inc,0,0,0
20080221,55951,SLPCF',OTC,20,20,0,0,Sleep Country Canada Inc,0,0,0
20080222,55951,SLPCF',OTC,20,20,0,0,Sleep Country Canada Inc,0,0,0
20080225,55951,SLPCF',OTC,20,20,0,0,Sleep Country Canada Inc,0,0,0
20080226,55951,SLPCF',OTC,22.72,22.72,2,0,Sleep Country Canada Inc,0,0,0
20080227,55951,SLPCF',OTC,22.72,22.72,0,0,Sleep Country Canada Inc,0,0,0
20080228,55951,SLPCF',OTC,23.2,23.2,6,0,Sleep Country Canada Inc,0,0,0
20080229,55951,SLPCF',OTC,23.2,23.2,0,0,Sleep Country Canada Inc,0,0,0
20080303,55951,SLPCF',OTC,23.2,23.2,0,0,Sleep Country Canada Inc,0,0,0
20080304,55951,SLPCF',OTC,23.2,23.2,0,0,Sleep Country Canada Inc,0,0,0
20080305,55951,SLPCF',OTC,23.2,23.2,0,0,Sleep Country Canada Inc,0,0,0
20080306,55951,SLPCF',OTC,23.2,23.2,0,0,Sleep Country Canada Inc,0,0,0
20080307,55951,SLPCF',OTC,23.2,23.2,0,0,Sleep Country Canada Inc,0,0,0
20080310,55951,SLPCF',OTC,23.2,23.2,0,0,Sleep Country Canada Inc,0,0,0
20080311,55951,SLPCF',OTC,23.2,23.2,0,0,Sleep Country Canada Inc,0,0,0
20080312,55951,SLPCF',OTC,23.2,23.2,0,0,Sleep Country Canada Inc,0,0,0
20080313,55951,SLPCF',OTC,23.2,23.2,0,0,Sleep Country Canada Inc,0,0,0
20080314,55951,SLPCF',OTC,20.02,20.02,2,0,Sleep Country Canada Inc,0,0,0
20080317,55951,SLPCF',OTC,20.02,20.02,0,0,Sleep Country Canada Inc,0,0,0
20080318,55951,SLPCF',OTC,18.5,18.5,9,0,Sleep Country Canada Inc,0,0,0
20080319,55951,SLPCF',OTC,18.5,18.5,0,0,Sleep Country Canada Inc,0,0,0
20080320,55951,SLPCF',OTC,18.5,18.5,0,0,Sleep Country Canada Inc,0,0,0
20080324,55951,SLPCF',OTC,18.21,18.21,5,0,Sleep Country Canada Inc,0,0,0
20080325,55951,SLPCF',OTC,18.21,18.21,0,0,Sleep Country Canada Inc,0,0,0
20080326,55951,SLPCF',OTC,18.21,18.21,0,0,Sleep Country Canada Inc,0,0,0
20080327,55951,SLPCF',OTC,18.21,18.21,0,0,Sleep Country Canada Inc,0,0,0
20080328,55951,SLPCF',OTC,18.21,18.21,0,0,Sleep Country Canada Inc,0,0,0
20080331,55951,SLPCF',OTC,18.21,18.21,0,0,Sleep Country Canada Inc,0,0,0
20080401,55951,SLPCF',OTC,18.21,18.21,0,0,Sleep Country Canada Inc,0,0,0
20080402,55951,SLPCF',OTC,18.21,18.21,0,0,Sleep Country Canada Inc,0,0,0
20080403,55951,SLPCF',OTC,18.92,18.92,2,0,Sleep Country Canada Inc,0,0,0
20080404,55951,SLPCF',OTC,18.92,18.92,0,0,Sleep Country Canada Inc,0,0,0
20080407,55951,SLPCF',OTC,18.92,18.92,0,0,Sleep Country Canada Inc,0,0,0
20080408,55951,SLPCF',OTC,18.92,18.92,0,0,Sleep Country Canada Inc,0,0,0
20080409,55951,SLPCF',OTC,20.49,20.49,8,0,Sleep Country Canada Inc,0,0,0
20080410,55951,SLPCF',OTC,20.49,20.49,0,0,Sleep Country Canada Inc,0,0,0
20080411,55951,SLPCF',OTC,20.49,20.49,0,0,Sleep Country Canada Inc,0,0,0
20080414,55951,SLPCF',OTC,20.49,20.49,0,0,Sleep Country Canada Inc,0,0,0
20080415,55951,SLPCF',OTC,20.49,20.49,0,0,Sleep Country Canada Inc,0,0,0
20080416,55951,SLPCF',OTC,20.49,20.49,0,0,Sleep Country Canada Inc,0,0,0
20080417,55951,SLPCF',OTC,20.49,20.49,0,0,Sleep Country Canada Inc,0,0,0
20080418,55951,SLPCF',OTC,20.49,20.49,0,0,Sleep Country Canada Inc,0,0,0
20080421,55951,SLPCF',OTC,20.49,20.49,0,0,Sleep Country Canada Inc,0,0,0
20080422,55951,SLPCF',OTC,20.49,20.49,0,0,Sleep Country Canada Inc,0,0,0
20080423,55951,SLPCF',OTC,19.61,19.61,7,0,Sleep Country Canada Inc,0,0,0
20080424,55951,SLPCF',OTC,19.61,19.61,0,0,Sleep Country Canada Inc,0,0,0
20080425,55951,SLPCF',OTC,19.61,19.61,0,0,Sleep Country Canada Inc,0,0,0
20080428,55951,SLPCF',OTC,19.61,19.61,0,0,Sleep Country Canada Inc,0,0,0
20080429,55951,SLPCF',OTC,19.61,19.61,0,0,Sleep Country Canada Inc,0,0,0
20080430,55951,SLPCF',OTC,19.61,19.61,0,0,Sleep Country Canada Inc,0,0,0
20080501,55951,SLPCF',OTC,19.61,19.61,0,0,Sleep Country Canada Inc,0,0,0
20080502,55951,SLPCF',OTC,19.61,19.61,0,0,Sleep Country Canada Inc,0,0,0
20080505,55951,SLPCF',OTC,19.61,19.61,0,0,Sleep Country Canada Inc,0,0,0
20080506,55951,SLPCF',OTC,19.04,19.04,0,0,Sleep Country Canada Inc,0,0,0
20080507,55951,SLPCF',OTC,19.04,19.04,0,0,Sleep Country Canada Inc,0,0,0
20080508,55951,SLPCF',OTC,19.04,19.04,0,0,Sleep Country Canada Inc,0,0,0
20080509,55951,SLPCF',OTC,19.04,19.04,0,0,Sleep Country Canada Inc,0,0,0
20080512,55951,SLPCF',OTC,19.04,19.04,0,0,Sleep Country Canada Inc,0,0,0
20080513,55951,SLPCF',OTC,19.04,19.04,0,0,Sleep Country Canada Inc,0,0,0
20080514,55951,SLPCF',OTC,19.04,19.04,0,0,Sleep Country Canada Inc,0,0,0
20080515,55951,SLPCF',OTC,19.04,19.04,0,0,Sleep Country Canada Inc,0,0,0
20080516,55951,SLPCF',OTC,19.04,19.04,0,0,Sleep Country Canada Inc,0,0,0
20080519,55951,SLPCF',OTC,19.04,19.04,0,0,Sleep Country Canada Inc,0,0,0
20080520,55951,SLPCF',OTC,19.26,19.26,10,0,Sleep Country Canada Inc,0,0,0
20080521,55951,SLPCF',OTC,19.26,19.26,0,0,Sleep Country Canada Inc,0,0,0
20080522,55951,SLPCF',OTC,19.34,19.34,20,0,Sleep Country Canada Inc,0,0,0
20080523,55951,SLPCF',OTC,19.34,19.34,0,0,Sleep Country Canada Inc,0,0,0
20080527,55951,SLPCF',OTC,19.34,19.34,0,0,Sleep Country Canada Inc,0,0,0
20080528,55951,SLPCF',OTC,19.34,19.34,0,0,Sleep Country Canada Inc,0,0,0
20080529,55951,SLPCF',OTC,19.34,19.34,0,0,Sleep Country Canada Inc,0,0,0
20080530,55951,SLPCF',OTC,19.34,19.34,0,0,Sleep Country Canada Inc,0,0,0
20080602,55951,SLPCF',OTC,19.34,19.34,0,0,Sleep Country Canada Inc,0,0,0
20080603,55951,SLPCF',OTC,19.43,19.43,6,0,Sleep Country Canada Inc,0,0,0
20080604,55951,SLPCF',OTC,19.43,19.43,0,0,Sleep Country Canada Inc,0,0,0
20080605,55951,SLPCF',OTC,19.43,19.43,0,0,Sleep Country Canada Inc,0,0,0
20080606,55951,SLPCF',OTC,19.62,19.62,5,0,Sleep Country Canada Inc,0,0,0
20080609,55951,SLPCF',OTC,19.62,19.62,0,0,Sleep Country Canada Inc,0,0,0
20080610,55951,SLPCF',OTC,19.29,19.29,173,0,Sleep Country Canada Inc,0,0,0
20080611,55951,SLPCF',OTC,19.35,19.35,209,0,Sleep Country Canada Inc,0,0,0
20080612,55951,SLPCF',OTC,19.27,19.27,25,0,Sleep Country Canada Inc,0,0,0
20080613,55951,SLPCF',OTC,19.27,19.27,0,0,Sleep Country Canada Inc,0,0,0
20080616,55951,SLPCF',OTC,19.27,19.27,0,0,Sleep Country Canada Inc,0,0,0
20080617,55951,SLPCF',OTC,19.28,19.28,169,0,Sleep Country Canada Inc,0,0,0
20080618,55951,SLPCF',OTC,19.15,19.15,30,0,Sleep Country Canada Inc,0,0,0
20080619,55951,SLPCF',OTC,19.02,19.02,30,0,Sleep Country Canada Inc,0,0,0
20080620,55951,SLPCF',OTC,18.03,18.03,30,0,Sleep Country Canada Inc,0,0,0
20080623,55951,SLPCF',OTC,18.03,18.03,0,0,Sleep Country Canada Inc,0,0,0
20080624,55951,SLPCF',OTC,18.03,18.03,0,0,Sleep Country Canada Inc,0,0,0
20080625,55951,SLPCF',OTC,18.03,18.03,0,0,Sleep Country Canada Inc,0,0,0
20080626,55951,SLPCF',OTC,18.03,18.03,0,0,Sleep Country Canada Inc,0,0,0
20080627,55951,SLPCF',OTC,18.03,18.03,0,0,Sleep Country Canada Inc,0,0,0
20080630,55951,SLPCF',OTC,18.03,18.03,0,0,Sleep Country Canada Inc,0,0,0
20080701,55951,SLPCF',OTC,18.03,18.03,0,0,Sleep Country Canada Inc,0,0,0
20080702,55951,SLPCF',OTC,18.03,18.03,0,0,Sleep Country Canada Inc,0,0,0
20080703,55951,SLPCF',OTC,18.03,18.03,0,0,Sleep Country Canada Inc,0,0,0
20080707,55951,SLPCF',OTC,18.03,18.03,0,0,Sleep Country Canada Inc,0,0,0
20080708,55951,SLPCF',OTC,18.03,18.03,0,0,Sleep Country Canada Inc,0,0,0
20080709,55951,SLPCF',OTC,18.03,18.03,0,0,Sleep Country Canada Inc,0,0,0
20080710,55951,SLPCF',OTC,18.03,18.03,0,0,Sleep Country Canada Inc,0,0,0
20080711,55951,SLPCF',OTC,18.03,18.03,0,0,Sleep Country Canada Inc,0,0,0
20080714,55951,SLPCF',OTC,18.03,18.03,0,0,Sleep Country Canada Inc,0,0,0
20080715,55951,SLPCF',OTC,18.03,18.03,0,0,Sleep Country Canada Inc,0,0,0
20080716,55951,SLPCF',OTC,18.03,18.03,0,0,Sleep Country Canada Inc,0,0,0
20080717,55951,SLPCF',OTC,18.03,18.03,0,0,Sleep Country Canada Inc,0,0,0
20080718,55951,SLPCF',OTC,18.03,18.03,0,0,Sleep Country Canada Inc,0,0,0
20080721,55951,SLPCF',OTC,18.03,18.03,0,0,Sleep Country Canada Inc,0,0,0
20080722,55951,SLPCF',OTC,18.03,18.03,0,0,Sleep Country Canada Inc,0,0,0
20080723,55951,SLPCF',OTC,16.05,16.05,5,0,Sleep Country Canada Inc,0,0,0
20080724,55951,SLPCF',OTC,16.05,16.05,0,0,Sleep Country Canada Inc,0,0,0
20080725,55951,SLPCF',OTC,16.05,16.05,0,0,Sleep Country Canada Inc,0,0,0
20080728,55951,SLPCF',OTC,15.74,15.74,10,0,Sleep Country Canada Inc,0,0,0
20080729,55951,SLPCF',OTC,15.61,15.61,8,0,Sleep Country Canada Inc,0,0,0
20080730,55951,SLPCF',OTC,15.61,15.61,0,0,Sleep Country Canada Inc,0,0,0
20080731,55951,SLPCF',OTC,15.61,15.61,0,0,Sleep Country Canada Inc,0,0,0
20080801,55951,SLPCF',OTC,15.61,15.61,0,0,Sleep Country Canada Inc,0,0,0
20080804,55951,SLPCF',OTC,15.61,15.61,0,0,Sleep Country Canada Inc,0,0,0
20080805,55951,SLPCF',OTC,15.61,15.61,0,0,Sleep Country Canada Inc,0,0,0
20080806,55951,SLPCF',OTC,15.61,15.61,0,0,Sleep Country Canada Inc,0,0,0
20080807,55951,SLPCF',OTC,15.61,15.61,0,0,Sleep Country Canada Inc,0,0,0
20080808,55951,SLPCF',OTC,15.61,15.61,0,0,Sleep Country Canada Inc,0,0,0
20080811,55951,SLPCF',OTC,15.61,15.61,0,0,Sleep Country Canada Inc,0,0,0
20080812,55951,SLPCF',OTC,15.61,15.61,0,0,Sleep Country Canada Inc,0,0,0
20080813,55951,SLPCF',OTC,15.61,15.61,0,0,Sleep Country Canada Inc,0,0,0
20080814,55951,SLPCF',OTC,20.52,20.52,54,0,Sleep Country Canada Inc,0,0,0
20080815,55951,SLPCF',OTC,20.52,20.52,0,0,Sleep Country Canada Inc,0,0,0
20080818,55951,SLPCF',OTC,20.52,20.52,0,0,Sleep Country Canada Inc,0,0,0
20080819,55951,SLPCF',OTC,20.63,20.63,50,0,Sleep Country Canada Inc,0,0,0
20080820,55951,SLPCF',OTC,20.63,20.63,0,0,Sleep Country Canada Inc,0,0,0
20080821,55951,SLPCF',OTC,20.63,20.63,0,0,Sleep Country Canada Inc,0,0,0
20080822,55951,SLPCF',OTC,20.63,20.63,0,0,Sleep Country Canada Inc,0,0,0
20080825,55951,SLPCF',OTC,20.63,20.63,0,0,Sleep Country Canada Inc,0,0,0
20080826,55951,SLPCF',OTC,21,21,71,0,Sleep Country Canada Inc,0,0,0
20080827,55951,SLPCF',OTC,21,21,0,0,Sleep Country Canada Inc,0,0,0
20080828,55951,SLPCF',OTC,21,21,0,0,Sleep Country Canada Inc,0,0,0
20080829,55951,SLPCF',OTC,21,21,0,0,Sleep Country Canada Inc,0,0,0
20080902,55951,SLPCF',OTC,21,21,0,0,Sleep Country Canada Inc,0,0,0
20080903,55951,SLPCF',OTC,21,21,0,0,Sleep Country Canada Inc,0,0,0
20080904,55951,SLPCF',OTC,21,21,0,0,Sleep Country Canada Inc,0,0,0
20080905,55951,SLPCF',OTC,21,21,0,0,Sleep Country Canada Inc,0,0,0
20080908,55951,SLPCF',OTC,20.48,20.48,3,0,Sleep Country Canada Inc,0,0,0
20080909,55951,SLPCF',OTC,20.48,20.48,0,0,Sleep Country Canada Inc,0,0,0
20080910,55951,SLPCF',OTC,20.48,20.48,0,0,Sleep Country Canada Inc,0,0,0
20080911,55951,SLPCF',OTC,20.48,20.48,0,0,Sleep Country Canada Inc,0,0,0
20080912,55951,SLPCF',OTC,20.48,20.48,0,0,Sleep Country Canada Inc,0,0,0
20080915,55951,SLPCF',OTC,20.48,20.48,0,0,Sleep Country Canada Inc,0,0,0
20080916,55951,SLPCF',OTC,20.48,20.48,0,0,Sleep Country Canada Inc,0,0,0
20080917,55951,SLPCF',OTC,20.48,20.48,0,0,Sleep Country Canada Inc,0,0,0
20080918,55951,SLPCF',OTC,20.48,20.48,0,0,Sleep Country Canada Inc,0,0,0
20080919,55951,SLPCF',OTC,20.76,20.76,5,0,Sleep Country Canada Inc,0,0,0
20080922,55951,SLPCF',OTC,20.76,20.76,0,0,Sleep Country Canada Inc,0,0,0
20080923,55951,SLPCF',OTC,21.03,21.03,100,0,Sleep Country Canada Inc,0,0,0
20080924,55951,SLPCF',OTC,21.03,21.03,0,0,Sleep Country Canada Inc,0,0,0
20080925,55951,SLPCF',OTC,21.03,21.03,0,0,Sleep Country Canada Inc,0,0,0
20080926,55951,SLPCF',OTC,21.03,21.03,0,0,Sleep Country Canada Inc,0,0,0
20080929,55951,SLPCF',OTC,21.03,21.03,0,0,Sleep Country Canada Inc,0,0,0
20080930,55951,SLPCF',OTC,21.03,21.03,0,0,Sleep Country Canada Inc,0,0,0
20081001,55951,SLPCF',OTC,21.03,21.03,0,0,Sleep Country Canada Inc,0,0,0
20081002,55951,SLPCF',OTC,21.03,21.03,0,0,Sleep Country Canada Inc,0,0,0
20081003,55951,SLPCF',OTC,21.03,21.03,0,0,Sleep Country Canada Inc,0,0,0
20081006,55951,SLPCF',OTC,21.03,21.03,0,0,Sleep Country Canada Inc,0,0,0
20081007,55951,SLPCF',OTC,21.03,21.03,0,0,Sleep Country Canada Inc,0,0,0
20081008,55951,SLPCF',OTC,21.03,21.03,0,0,Sleep Country Canada Inc,0,0,0
20081009,55951,SLPCF',OTC,21.03,21.03,0,0,Sleep Country Canada Inc,0,0,0
20081010,55951,SLPCF',OTC,21.03,21.03,0,0,Sleep Country Canada Inc,0,0,0
20081013,55951,SLPCF',OTC,21.03,21.03,0,0,Sleep Country Canada Inc,0,0,0
20081014,55951,SLPCF',OTC,21.03,21.03,0,0,Sleep Country Canada Inc,0,0,0
20081015,55951,SLPCF',OTC,21.03,21.03,0,0,Sleep Country Canada Inc,0,0,0
20081016,55951,SLPCF',OTC,21.03,21.03,0,0,Sleep Country Canada Inc,0,0,0
20081017,55951,SLPCF',OTC,21.03,21.03,0,0,Sleep Country Canada Inc,0,0,0
20081020,55951,SLPCF',OTC,21.03,21.03,0,0,Sleep Country Canada Inc,0,0,0
20081021,55951,SLPCF',OTC,21.03,21.03,0,0,Sleep Country Canada Inc,0,0,0
20081022,55951,SLPCF',OTC,21.03,21.03,0,0,Sleep Country Canada Inc,0,0,0
20081023,55951,SLPCF',OTC,21.03,21.03,0,0,Sleep Country Canada Inc,0,0,0
20081024,55951,SLPCF',OTC,21.03,21.03,0,0,Sleep Country Canada Inc,0,0,0
20081027,55951,SLPCF',OTC,21.03,21.03,0,0,Sleep Country Canada Inc,0,0,0
20081028,55951,SLPCF',OTC,21.03,21.03,0,0,Sleep Country Canada Inc,0,0,0
20081029,55951,SLPCF',OTC,21.03,21.03,0,0,Sleep Country Canada Inc,0,0,0
20081030,55951,SLPCF',OTC,21.03,21.03,0,0,Sleep Country Canada Inc,0,0,0
20081031,55951,SLPCF',OTC,21.03,21.03,0,0,Sleep Country Canada Inc,0,0,0
20081103,55951,SLPCF',OTC,21.03,21.03,0,0,Sleep Country Canada Inc,0,0,0
20081104,55951,SLPCF',OTC,21.03,21.03,0,0,Sleep Country Canada Inc,0,0,0
20081105,55951,SLPCF',OTC,21.03,21.03,0,0,Sleep Country Canada Inc,0,0,0
20081106,55951,SLPCF',OTC,21.03,21.03,0,0,Sleep Country Canada Inc,0,0,0
20081107,55951,SLPCF',OTC,21.03,21.03,0,0,Sleep Country Canada Inc,0,0,0
20081110,55951,SLPCF',OTC,21.03,21.03,0,0,Sleep Country Canada Inc,0,0,0
20081111,55951,SLPCF',OTC,21.03,21.03,0,0,Sleep Country Canada Inc,0,0,0
20081112,55951,SLPCF',OTC,21.03,21.03,0,0,Sleep Country Canada Inc,0,0,0
20081113,55951,SLPCF',OTC,21.03,21.03,0,0,Sleep Country Canada Inc,0,0,0
20081114,55951,SLPCF',OTC,21.03,21.03,0,0,Sleep Country Canada Inc,0,0,0
20081117,55951,SLPCF',OTC,21.03,21.03,0,0,Sleep Country Canada Inc,0,0,0
20081118,55951,SLPCF',OTC,21.03,21.03,0,0,Sleep Country Canada Inc,0,0,0
20081119,55951,SLPCF',OTC,21.03,21.03,0,0,Sleep Country Canada Inc,0,0,0
20081120,55951,SLPCF',OTC,21.03,21.03,0,0,Sleep Country Canada Inc,0,0,0
20081121,55951,SLPCF',OTC,21.03,21.03,0,0,Sleep Country Canada Inc,0,0,0
20081124,55951,SLPCF',OTC,21.03,21.03,0,0,Sleep Country Canada Inc,0,0,0
20081125,55951,SLPCF',OTC,21.03,21.03,0,0,Sleep Country Canada Inc,0,0,0
20081126,55951,SLPCF',OTC,21.03,21.03,0,0,Sleep Country Canada Inc,0,0,0
