DDate,CSINumber,Symbol,Exchange,DClose,UnAdjustedClose,TotalVolume,Cash,MarketName,PTB,PSR,DPS
20050701,56446,HEM',AMEX,5.55,5.55,195,0,Hemosense Inc,0,0,0
20050705,56446,HEM',AMEX,5.51,5.51,182,0,Hemosense Inc,0,0,0
20050706,56446,HEM',AMEX,5.54,5.54,1286,0,Hemosense Inc,0,0,0
20050707,56446,HEM',AMEX,5.55,5.55,904,0,Hemosense Inc,0,0,0
20050708,56446,HEM',AMEX,5.65,5.65,1078,0,Hemosense Inc,0,0,0
20050711,56446,HEM',AMEX,5.75,5.75,825,0,Hemosense Inc,0,0,0
20050712,56446,HEM',AMEX,7.4,7.4,2554,0,Hemosense Inc,0,0,0
20050713,56446,HEM',AMEX,6.98,6.98,714,0,Hemosense Inc,0,0,0
20050714,56446,HEM',AMEX,6.2,6.2,463,0,Hemosense Inc,0,0,0
20050715,56446,HEM',AMEX,6.15,6.15,209,0,Hemosense Inc,0,0,0
20050718,56446,HEM',AMEX,6.15,6.15,289,0,Hemosense Inc,0,0,0
20050719,56446,HEM',AMEX,6.3,6.3,226,0,Hemosense Inc,0,0,0
20050720,56446,HEM',AMEX,6.85,6.85,342,0,Hemosense Inc,0,0,0
20050721,56446,HEM',AMEX,7.29,7.29,194,0,Hemosense Inc,0,0,0
20050722,56446,HEM',AMEX,7.02,7.02,395,0,Hemosense Inc,0,0,0
20050725,56446,HEM',AMEX,7.15,7.15,118,0,Hemosense Inc,0,0,0
20050726,56446,HEM',AMEX,7.25,7.25,125,0,Hemosense Inc,0,0,0
20050727,56446,HEM',AMEX,8.95,8.95,1514,0,Hemosense Inc,0,0,0
20050728,56446,HEM',AMEX,8.4,8.4,780,0,Hemosense Inc,0,0,0
20050729,56446,HEM',AMEX,7.82,7.82,707,0,Hemosense Inc,0,0,0
20050801,56446,HEM',AMEX,7.94,7.94,202,0,Hemosense Inc,0,0,0
20050802,56446,HEM',AMEX,8,8,151,0,Hemosense Inc,0,0,0
20050803,56446,HEM',AMEX,7.93,7.93,53,0,Hemosense Inc,0,0,0
20050804,56446,HEM',AMEX,7.55,7.55,136,0,Hemosense Inc,0,0,0
20050805,56446,HEM',AMEX,7.97,7.97,74,0,Hemosense Inc,0,0,0
20050808,56446,HEM',AMEX,8.25,8.25,1396,0,Hemosense Inc,0,0,0
20050809,56446,HEM',AMEX,8,8,147,0,Hemosense Inc,0,0,0
20050810,56446,HEM',AMEX,7.1,7.1,718,0,Hemosense Inc,0,0,0
20050811,56446,HEM',AMEX,6.7,6.7,597,0,Hemosense Inc,0,0,0
20050812,56446,HEM',AMEX,6.5,6.5,122,0,Hemosense Inc,0,0,0
20050815,56446,HEM',AMEX,6.68,6.68,605,0,Hemosense Inc,0,0,0
20050816,56446,HEM',AMEX,7.2,7.2,307,0,Hemosense Inc,0,0,0
20050817,56446,HEM',AMEX,7.4,7.4,107,0,Hemosense Inc,0,0,0
20050818,56446,HEM',AMEX,7.45,7.45,122,0,Hemosense Inc,0,0,0
20050819,56446,HEM',AMEX,7.45,7.45,35,0,Hemosense Inc,0,0,0
20050822,56446,HEM',AMEX,7.7,7.7,281,0,Hemosense Inc,0,0,0
20050823,56446,HEM',AMEX,8.35,8.35,524,0,Hemosense Inc,0,0,0
20050824,56446,HEM',AMEX,8.78,8.78,333,0,Hemosense Inc,0,0,0
20050825,56446,HEM',AMEX,8.6,8.6,313,0,Hemosense Inc,0,0,0
20050826,56446,HEM',AMEX,8.7,8.7,96,0,Hemosense Inc,0,0,0
20050829,56446,HEM',AMEX,8.35,8.35,94,0,Hemosense Inc,0,0,0
20050830,56446,HEM',AMEX,8.1,8.1,145,0,Hemosense Inc,0,0,0
20050831,56446,HEM',AMEX,8.95,8.95,267,0,Hemosense Inc,0,0,0
20050901,56446,HEM',AMEX,8.5,8.5,40,0,Hemosense Inc,0,0,0
20050902,56446,HEM',AMEX,8.7,8.7,34,0,Hemosense Inc,0,0,0
20050906,56446,HEM',AMEX,8.58,8.58,46,0,Hemosense Inc,0,0,0
20050907,56446,HEM',AMEX,8.34,8.34,48,0,Hemosense Inc,0,0,0
20050908,56446,HEM',AMEX,8.25,8.25,239,0,Hemosense Inc,0,0,0
20050909,56446,HEM',AMEX,8.4,8.4,426,0,Hemosense Inc,0,0,0
20050912,56446,HEM',AMEX,8.45,8.45,238,0,Hemosense Inc,0,0,0
20050913,56446,HEM',AMEX,8.44,8.44,180,0,Hemosense Inc,0,0,0
20050914,56446,HEM',AMEX,8.36,8.36,45,0,Hemosense Inc,0,0,0
20050915,56446,HEM',AMEX,8.35,8.35,3,0,Hemosense Inc,0,0,0
20050916,56446,HEM',AMEX,8.35,8.35,5,0,Hemosense Inc,0,0,0
20050919,56446,HEM',AMEX,7.9,7.9,375,0,Hemosense Inc,0,0,0
20050920,56446,HEM',AMEX,7.5,7.5,37,0,Hemosense Inc,0,0,0
20050921,56446,HEM',AMEX,7.45,7.45,6,0,Hemosense Inc,0,0,0
20050922,56446,HEM',AMEX,7.15,7.15,28,0,Hemosense Inc,0,0,0
20050923,56446,HEM',AMEX,7.25,7.25,249,0,Hemosense Inc,0,0,0
20050926,56446,HEM',AMEX,7,7,86,0,Hemosense Inc,0,0,0
20050927,56446,HEM',AMEX,6.99,6.99,77,0,Hemosense Inc,0,0,0
20050928,56446,HEM',AMEX,6.95,6.95,74,0,Hemosense Inc,0,0,0
20050929,56446,HEM',AMEX,7.3,7.3,116,0,Hemosense Inc,0,0,0
20050930,56446,HEM',AMEX,8.25,8.25,232,0,Hemosense Inc,0,0,0
20051003,56446,HEM',AMEX,8.5,8.5,138,0,Hemosense Inc,0,0,0
20051004,56446,HEM',AMEX,8.6,8.6,75,0,Hemosense Inc,0,0,0
20051005,56446,HEM',AMEX,8.7,8.7,95,0,Hemosense Inc,0,0,0
20051006,56446,HEM',AMEX,8.5,8.5,214,0,Hemosense Inc,0,0,0
20051007,56446,HEM',AMEX,8.4,8.4,76,0,Hemosense Inc,0,0,0
20051010,56446,HEM',AMEX,8.6,8.6,59,0,Hemosense Inc,0,0,0
20051011,56446,HEM',AMEX,8.7,8.7,71,0,Hemosense Inc,0,0,0
20051012,56446,HEM',AMEX,8.5,8.5,8,0,Hemosense Inc,0,0,0
20051013,56446,HEM',AMEX,8,8,245,0,Hemosense Inc,0,0,0
20051014,56446,HEM',AMEX,7.5,7.5,527,0,Hemosense Inc,0,0,0
20051017,56446,HEM',AMEX,7.42,7.42,78,0,Hemosense Inc,0,0,0
20051018,56446,HEM',AMEX,7.1,7.1,63,0,Hemosense Inc,0,0,0
20051019,56446,HEM',AMEX,6.75,6.75,46,0,Hemosense Inc,0,0,0
20051020,56446,HEM',AMEX,6.9,6.9,46,0,Hemosense Inc,0,0,0
20051021,56446,HEM',AMEX,7.5,7.5,31,0,Hemosense Inc,0,0,0
20051024,56446,HEM',AMEX,7.8,7.8,113,0,Hemosense Inc,0,0,0
20051025,56446,HEM',AMEX,7.92,7.92,176,0,Hemosense Inc,0,0,0
20051026,56446,HEM',AMEX,7.6,7.6,73,0,Hemosense Inc,0,0,0
20051027,56446,HEM',AMEX,7.25,7.25,11,0,Hemosense Inc,0,0,0
20051028,56446,HEM',AMEX,7,7,24,0,Hemosense Inc,0,0,0
20051031,56446,HEM',AMEX,7.1,7.1,28,0,Hemosense Inc,0,0,0
20051101,56446,HEM',AMEX,7,7,16,0,Hemosense Inc,0,0,0
20051102,56446,HEM',AMEX,7.5,7.5,329,0,Hemosense Inc,0,0,0
20051103,56446,HEM',AMEX,7.45,7.45,73,0,Hemosense Inc,0,0,0
20051104,56446,HEM',AMEX,7.5,7.5,21,0,Hemosense Inc,0,0,0
20051107,56446,HEM',AMEX,7.5,7.5,21,0,Hemosense Inc,0,0,0
20051108,56446,HEM',AMEX,7.5,7.5,55,0,Hemosense Inc,0,0,0
20051109,56446,HEM',AMEX,7.6,7.6,46,0,Hemosense Inc,0,0,0
20051110,56446,HEM',AMEX,7.6,7.6,23,0,Hemosense Inc,0,0,0
20051111,56446,HEM',AMEX,7.48,7.48,67,0,Hemosense Inc,0,0,0
20051114,56446,HEM',AMEX,7.49,7.49,242,0,Hemosense Inc,0,0,0
20051115,56446,HEM',AMEX,7.6,7.6,577,0,Hemosense Inc,0,0,0
20051116,56446,HEM',AMEX,7.7,7.7,39,0,Hemosense Inc,0,0,0
20051117,56446,HEM',AMEX,7.7,7.7,3,0,Hemosense Inc,0,0,0
20051118,56446,HEM',AMEX,7.88,7.88,34,0,Hemosense Inc,0,0,0
20051121,56446,HEM',AMEX,7.88,7.88,28,0,Hemosense Inc,0,0,0
20051122,56446,HEM',AMEX,8.1,8.1,80,0,Hemosense Inc,0,0,0
20051123,56446,HEM',AMEX,8.06,8.06,106,0,Hemosense Inc,0,0,0
20051125,56446,HEM',AMEX,8.09,8.09,75,0,Hemosense Inc,0,0,0
20051128,56446,HEM',AMEX,8.1,8.1,130,0,Hemosense Inc,0,0,0
20051129,56446,HEM',AMEX,8.05,8.05,124,0,Hemosense Inc,0,0,0
20051130,56446,HEM',AMEX,8.08,8.08,83,0,Hemosense Inc,0,0,0
20051201,56446,HEM',AMEX,7.93,7.93,22,0,Hemosense Inc,0,0,0
20051202,56446,HEM',AMEX,8,8,198,0,Hemosense Inc,0,0,0
20051205,56446,HEM',AMEX,7.87,7.87,50,0,Hemosense Inc,0,0,0
20051206,56446,HEM',AMEX,7.58,7.58,101,0,Hemosense Inc,0,0,0
20051207,56446,HEM',AMEX,7.5,7.5,29,0,Hemosense Inc,0,0,0
20051208,56446,HEM',AMEX,7.01,7.01,74,0,Hemosense Inc,0,0,0
20051209,56446,HEM',AMEX,7.2,7.2,80,0,Hemosense Inc,0,0,0
20051212,56446,HEM',AMEX,7.14,7.14,140,0,Hemosense Inc,0,0,0
20051213,56446,HEM',AMEX,8,8,213,0,Hemosense Inc,0,0,0
20051214,56446,HEM',AMEX,7.65,7.65,39,0,Hemosense Inc,0,0,0
20051215,56446,HEM',AMEX,7.75,7.75,28,0,Hemosense Inc,0,0,0
20051216,56446,HEM',AMEX,7.84,7.84,56,0,Hemosense Inc,0,0,0
20051219,56446,HEM',AMEX,7.73,7.73,7,0,Hemosense Inc,0,0,0
20051220,56446,HEM',AMEX,7.05,7.05,526,0,Hemosense Inc,0,0,0
20051221,56446,HEM',AMEX,7.08,7.08,582,0,Hemosense Inc,0,0,0
20051222,56446,HEM',AMEX,7.09,7.09,31,0,Hemosense Inc,0,0,0
20051223,56446,HEM',AMEX,7.1,7.1,76,0,Hemosense Inc,0,0,0
20051227,56446,HEM',AMEX,6.44,6.44,287,0,Hemosense Inc,0,0,0
20051228,56446,HEM',AMEX,6.2,6.2,1976,0,Hemosense Inc,0,0,0
20051229,56446,HEM',AMEX,6,6,212,0,Hemosense Inc,0,0,0
20051230,56446,HEM',AMEX,5.86,5.86,1814,0,Hemosense Inc,0,0,0
20060103,56446,HEM',AMEX,5.59,5.59,1445,0,Hemosense Inc,0,0,0
20060104,56446,HEM',AMEX,5.34,5.34,307,0,Hemosense Inc,0,0,0
20060105,56446,HEM',AMEX,5.4,5.4,502,0,Hemosense Inc,0,0,0
20060106,56446,HEM',AMEX,5.45,5.45,57,0,Hemosense Inc,0,0,0
20060109,56446,HEM',AMEX,5.9,5.9,191,0,Hemosense Inc,0,0,0
20060110,56446,HEM',AMEX,5.92,5.92,75,0,Hemosense Inc,0,0,0
20060111,56446,HEM',AMEX,6.2,6.2,170,0,Hemosense Inc,0,0,0
20060112,56446,HEM',AMEX,6,6,202,0,Hemosense Inc,0,0,0
20060113,56446,HEM',AMEX,6.1,6.1,48,0,Hemosense Inc,0,0,0
20060117,56446,HEM',AMEX,6,6,95,0,Hemosense Inc,0,0,0
20060118,56446,HEM',AMEX,5.99,5.99,53,0,Hemosense Inc,0,0,0
20060119,56446,HEM',AMEX,6.07,6.07,196,0,Hemosense Inc,0,0,0
20060120,56446,HEM',AMEX,5.9,5.9,946,0,Hemosense Inc,0,0,0
20060123,56446,HEM',AMEX,5.99,5.99,103,0,Hemosense Inc,0,0,0
20060124,56446,HEM',AMEX,6,6,874,0,Hemosense Inc,0,0,0
20060125,56446,HEM',AMEX,6.06,6.06,104,0,Hemosense Inc,0,0,0
20060126,56446,HEM',AMEX,6.1,6.1,59,0,Hemosense Inc,0,0,0
20060127,56446,HEM',AMEX,6.17,6.17,175,0,Hemosense Inc,0,0,0
20060130,56446,HEM',AMEX,6.19,6.19,50,0,Hemosense Inc,0,0,0
20060131,56446,HEM',AMEX,6.24,6.24,54,0,Hemosense Inc,0,0,0
20060201,56446,HEM',AMEX,6.05,6.05,424,0,Hemosense Inc,0,0,0
20060202,56446,HEM',AMEX,6.1,6.1,298,0,Hemosense Inc,0,0,0
20060203,56446,HEM',AMEX,6.09,6.09,49,0,Hemosense Inc,0,0,0
20060206,56446,HEM',AMEX,6.23,6.23,1322,0,Hemosense Inc,0,0,0
20060207,56446,HEM',AMEX,6.34,6.34,122,0,Hemosense Inc,0,0,0
20060208,56446,HEM',AMEX,6.35,6.35,53,0,Hemosense Inc,0,0,0
20060209,56446,HEM',AMEX,6.3,6.3,148,0,Hemosense Inc,0,0,0
20060210,56446,HEM',AMEX,6.1,6.1,1305,0,Hemosense Inc,0,0,0
20060213,56446,HEM',AMEX,6,6,157,0,Hemosense Inc,0,0,0
20060214,56446,HEM',AMEX,6.09,6.09,17,0,Hemosense Inc,0,0,0
20060215,56446,HEM',AMEX,6.15,6.15,97,0,Hemosense Inc,0,0,0
20060216,56446,HEM',AMEX,6.15,6.15,31,0,Hemosense Inc,0,0,0
20060217,56446,HEM',AMEX,6.03,6.03,98,0,Hemosense Inc,0,0,0
20060221,56446,HEM',AMEX,6.19,6.19,40,0,Hemosense Inc,0,0,0
20060222,56446,HEM',AMEX,6.2,6.2,6,0,Hemosense Inc,0,0,0
20060223,56446,HEM',AMEX,6.2,6.2,9,0,Hemosense Inc,0,0,0
20060224,56446,HEM',AMEX,6.2,6.2,45,0,Hemosense Inc,0,0,0
20060227,56446,HEM',AMEX,6.01,6.01,353,0,Hemosense Inc,0,0,0
20060228,56446,HEM',AMEX,6,6,329,0,Hemosense Inc,0,0,0
20060301,56446,HEM',AMEX,5.85,5.85,33,0,Hemosense Inc,0,0,0
20060302,56446,HEM',AMEX,5.88,5.88,80,0,Hemosense Inc,0,0,0
20060303,56446,HEM',AMEX,5.86,5.86,11,0,Hemosense Inc,0,0,0
20060306,56446,HEM',AMEX,5.64,5.64,112,0,Hemosense Inc,0,0,0
20060307,56446,HEM',AMEX,5.8,5.8,76,0,Hemosense Inc,0,0,0
20060308,56446,HEM',AMEX,5.8,5.8,485,0,Hemosense Inc,0,0,0
20060309,56446,HEM',AMEX,5.77,5.77,128,0,Hemosense Inc,0,0,0
20060310,56446,HEM',AMEX,5.78,5.78,1,0,Hemosense Inc,0,0,0
20060313,56446,HEM',AMEX,5.55,5.55,250,0,Hemosense Inc,0,0,0
20060314,56446,HEM',AMEX,5.6,5.6,71,0,Hemosense Inc,0,0,0
20060315,56446,HEM',AMEX,5.75,5.75,39,0,Hemosense Inc,0,0,0
20060316,56446,HEM',AMEX,5.68,5.68,511,0,Hemosense Inc,0,0,0
20060317,56446,HEM',AMEX,5.6,5.6,481,0,Hemosense Inc,0,0,0
20060320,56446,HEM',AMEX,5.33,5.33,40,0,Hemosense Inc,0,0,0
20060321,56446,HEM',AMEX,5.24,5.24,339,0,Hemosense Inc,0,0,0
20060322,56446,HEM',AMEX,5.25,5.25,728,0,Hemosense Inc,0,0,0
20060323,56446,HEM',AMEX,5.35,5.35,30,0,Hemosense Inc,0,0,0
20060324,56446,HEM',AMEX,5.5,5.5,134,0,Hemosense Inc,0,0,0
20060327,56446,HEM',AMEX,5.25,5.25,50,0,Hemosense Inc,0,0,0
20060328,56446,HEM',AMEX,5.22,5.22,183,0,Hemosense Inc,0,0,0
20060329,56446,HEM',AMEX,5.22,5.22,59,0,Hemosense Inc,0,0,0
20060330,56446,HEM',AMEX,5.34,5.34,12,0,Hemosense Inc,0,0,0
20060331,56446,HEM',AMEX,5.25,5.25,70,0,Hemosense Inc,0,0,0
20060403,56446,HEM',AMEX,5.35,5.35,88,0,Hemosense Inc,0,0,0
20060404,56446,HEM',AMEX,5.3,5.3,96,0,Hemosense Inc,0,0,0
20060405,56446,HEM',AMEX,5.4,5.4,81,0,Hemosense Inc,0,0,0
20060406,56446,HEM',AMEX,5.85,5.85,392,0,Hemosense Inc,0,0,0
20060407,56446,HEM',AMEX,6,6,477,0,Hemosense Inc,0,0,0
20060410,56446,HEM',AMEX,6.15,6.15,95,0,Hemosense Inc,0,0,0
20060411,56446,HEM',AMEX,5.95,5.95,14,0,Hemosense Inc,0,0,0
20060412,56446,HEM',AMEX,6,6,24,0,Hemosense Inc,0,0,0
20060413,56446,HEM',AMEX,6,6,71,0,Hemosense Inc,0,0,0
20060417,56446,HEM',AMEX,6,6,149,0,Hemosense Inc,0,0,0
20060418,56446,HEM',AMEX,6,6,314,0,Hemosense Inc,0,0,0
20060419,56446,HEM',AMEX,6,6,43,0,Hemosense Inc,0,0,0
20060420,56446,HEM',AMEX,5.85,5.85,3,0,Hemosense Inc,0,0,0
20060421,56446,HEM',AMEX,6,6,66,0,Hemosense Inc,0,0,0
20060424,56446,HEM',AMEX,6.1,6.1,38,0,Hemosense Inc,0,0,0
20060425,56446,HEM',AMEX,6.1,6.1,36,0,Hemosense Inc,0,0,0
20060426,56446,HEM',AMEX,6.38,6.38,120,0,Hemosense Inc,0,0,0
20060427,56446,HEM',AMEX,6.2,6.2,39,0,Hemosense Inc,0,0,0
20060428,56446,HEM',AMEX,6.25,6.25,63,0,Hemosense Inc,0,0,0
20060501,56446,HEM',AMEX,6.25,6.25,0,0,Hemosense Inc,0,0,0
20060502,56446,HEM',AMEX,6.31,6.31,128,0,Hemosense Inc,0,0,0
20060503,56446,HEM',AMEX,6.25,6.25,117,0,Hemosense Inc,0,0,0
20060504,56446,HEM',AMEX,6.3,6.3,102,0,Hemosense Inc,0,0,0
20060505,56446,HEM',AMEX,6.4,6.4,47,0,Hemosense Inc,0,0,0
20060508,56446,HEM',AMEX,6.3,6.3,115,0,Hemosense Inc,0,0,0
20060509,56446,HEM',AMEX,6.35,6.35,1,0,Hemosense Inc,0,0,0
20060510,56446,HEM',AMEX,6.25,6.25,132,0,Hemosense Inc,0,0,0
20060511,56446,HEM',AMEX,6.3,6.3,146,0,Hemosense Inc,0,0,0
20060512,56446,HEM',AMEX,6.3,6.3,103,0,Hemosense Inc,0,0,0
20060515,56446,HEM',AMEX,6.15,6.15,120,0,Hemosense Inc,0,0,0
20060516,56446,HEM',AMEX,6.13,6.13,124,0,Hemosense Inc,0,0,0
20060517,56446,HEM',AMEX,6.25,6.25,211,0,Hemosense Inc,0,0,0
20060518,56446,HEM',AMEX,5.88,5.88,171,0,Hemosense Inc,0,0,0
20060519,56446,HEM',AMEX,6.05,6.05,41,0,Hemosense Inc,0,0,0
20060522,56446,HEM',AMEX,6.14,6.14,270,0,Hemosense Inc,0,0,0
20060523,56446,HEM',AMEX,6.09,6.09,304,0,Hemosense Inc,0,0,0
20060524,56446,HEM',AMEX,6.1,6.1,394,0,Hemosense Inc,0,0,0
20060525,56446,HEM',AMEX,6.1,6.1,195,0,Hemosense Inc,0,0,0
20060526,56446,HEM',AMEX,6.1,6.1,224,0,Hemosense Inc,0,0,0
20060530,56446,HEM',AMEX,6.05,6.05,280,0,Hemosense Inc,0,0,0
20060531,56446,HEM',AMEX,6.04,6.04,224,0,Hemosense Inc,0,0,0
20060601,56446,HEM',AMEX,6.05,6.05,381,0,Hemosense Inc,0,0,0
20060602,56446,HEM',AMEX,6.05,6.05,347,0,Hemosense Inc,0,0,0
20060605,56446,HEM',AMEX,6,6,255,0,Hemosense Inc,0,0,0
20060606,56446,HEM',AMEX,6,6,219,0,Hemosense Inc,0,0,0
20060607,56446,HEM',AMEX,5.96,5.96,25,0,Hemosense Inc,0,0,0
20060608,56446,HEM',AMEX,5.7,5.7,16,0,Hemosense Inc,0,0,0
20060609,56446,HEM',AMEX,5.61,5.61,12,0,Hemosense Inc,0,0,0
20060612,56446,HEM',AMEX,5.6,5.6,10,0,Hemosense Inc,0,0,0
20060613,56446,HEM',AMEX,5.5,5.5,766,0,Hemosense Inc,0,0,0
20060614,56446,HEM',AMEX,5.47,5.47,1100,0,Hemosense Inc,0,0,0
20060615,56446,HEM',AMEX,5.58,5.58,64,0,Hemosense Inc,0,0,0
20060616,56446,HEM',AMEX,5.58,5.58,26,0,Hemosense Inc,0,0,0
20060619,56446,HEM',AMEX,5.58,5.58,5,0,Hemosense Inc,0,0,0
20060620,56446,HEM',AMEX,5.58,5.58,2,0,Hemosense Inc,0,0,0
20060621,56446,HEM',AMEX,5.5,5.5,44,0,Hemosense Inc,0,0,0
20060622,56446,HEM',AMEX,5.48,5.48,3,0,Hemosense Inc,0,0,0
20060623,56446,HEM',AMEX,5.43,5.43,1,0,Hemosense Inc,0,0,0
20060626,56446,HEM',AMEX,5.46,5.46,1,0,Hemosense Inc,0,0,0
20060627,56446,HEM',AMEX,5.4,5.4,2,0,Hemosense Inc,0,0,0
20060628,56446,HEM',AMEX,5.35,5.35,11,0,Hemosense Inc,0,0,0
20060629,56446,HEM',AMEX,5.25,5.25,8,0,Hemosense Inc,0,0,0
20060630,56446,HEM',AMEX,5.3,5.3,18,0,Hemosense Inc,0,0,0
20060703,56446,HEM',AMEX,4.9,4.9,157,0,Hemosense Inc,0,0,0
20060705,56446,HEM',AMEX,5,5,5,0,Hemosense Inc,0,0,0
20060706,56446,HEM',AMEX,4.9,4.9,4,0,Hemosense Inc,0,0,0
20060707,56446,HEM',AMEX,4.88,4.88,5,0,Hemosense Inc,0,0,0
20060710,56446,HEM',AMEX,4.85,4.85,7,0,Hemosense Inc,0,0,0
20060711,56446,HEM',AMEX,4.8,4.8,9,0,Hemosense Inc,0,0,0
20060712,56446,HEM',AMEX,4.7,4.7,116,0,Hemosense Inc,0,0,0
20060713,56446,HEM',AMEX,4.7,4.7,50,0,Hemosense Inc,0,0,0
20060714,56446,HEM',AMEX,4.65,4.65,3,0,Hemosense Inc,0,0,0
20060717,56446,HEM',AMEX,4.6,4.6,4,0,Hemosense Inc,0,0,0
20060718,56446,HEM',AMEX,4.35,4.35,16,0,Hemosense Inc,0,0,0
20060719,56446,HEM',AMEX,4.26,4.26,18,0,Hemosense Inc,0,0,0
20060720,56446,HEM',AMEX,4.3,4.3,6,0,Hemosense Inc,0,0,0
20060721,56446,HEM',AMEX,4.28,4.28,2,0,Hemosense Inc,0,0,0
20060724,56446,HEM',AMEX,4.26,4.26,12,0,Hemosense Inc,0,0,0
20060725,56446,HEM',AMEX,4.4,4.4,25,0,Hemosense Inc,0,0,0
20060726,56446,HEM',AMEX,4.4,4.4,0,0,Hemosense Inc,0,0,0
20060727,56446,HEM',AMEX,4.86,4.86,175,0,Hemosense Inc,0,0,0
20060728,56446,HEM',AMEX,4.87,4.87,227,0,Hemosense Inc,0,0,0
20060731,56446,HEM',AMEX,4.7,4.7,583,0,Hemosense Inc,0,0,0
20060801,56446,HEM',AMEX,4.65,4.65,374,0,Hemosense Inc,0,0,0
20060802,56446,HEM',AMEX,4.7,4.7,117,0,Hemosense Inc,0,0,0
20060803,56446,HEM',AMEX,4.5,4.5,170,0,Hemosense Inc,0,0,0
20060804,56446,HEM',AMEX,4.55,4.55,20,0,Hemosense Inc,0,0,0
20060807,56446,HEM',AMEX,4.6,4.6,121,0,Hemosense Inc,0,0,0
20060808,56446,HEM',AMEX,4.65,4.65,131,0,Hemosense Inc,0,0,0
20060809,56446,HEM',AMEX,4.55,4.55,111,0,Hemosense Inc,0,0,0
20060810,56446,HEM',AMEX,4.55,4.55,205,0,Hemosense Inc,0,0,0
20060811,56446,HEM',AMEX,4.5,4.5,5,0,Hemosense Inc,0,0,0
20060814,56446,HEM',AMEX,4.5,4.5,0,0,Hemosense Inc,0,0,0
20060815,56446,HEM',AMEX,4.4,4.4,23,0,Hemosense Inc,0,0,0
20060816,56446,HEM',AMEX,4.4,4.4,6,0,Hemosense Inc,0,0,0
20060817,56446,HEM',AMEX,4.01,4.01,842,0,Hemosense Inc,0,0,0
20060818,56446,HEM',AMEX,4.15,4.15,34,0,Hemosense Inc,0,0,0
20060821,56446,HEM',AMEX,4.25,4.25,85,0,Hemosense Inc,0,0,0
20060822,56446,HEM',AMEX,4.21,4.21,88,0,Hemosense Inc,0,0,0
20060823,56446,HEM',AMEX,4.15,4.15,359,0,Hemosense Inc,0,0,0
20060824,56446,HEM',AMEX,4.1,4.1,36,0,Hemosense Inc,0,0,0
20060825,56446,HEM',AMEX,4.05,4.05,4,0,Hemosense Inc,0,0,0
20060828,56446,HEM',AMEX,4.05,4.05,0,0,Hemosense Inc,0,0,0
20060829,56446,HEM',AMEX,4,4,12,0,Hemosense Inc,0,0,0
20060830,56446,HEM',AMEX,3.95,3.95,31,0,Hemosense Inc,0,0,0
20060831,56446,HEM',AMEX,3.9,3.9,41,0,Hemosense Inc,0,0,0
20060901,56446,HEM',AMEX,3.85,3.85,7,0,Hemosense Inc,0,0,0
20060905,56446,HEM',AMEX,3.8,3.8,18,0,Hemosense Inc,0,0,0
20060906,56446,HEM',AMEX,3.62,3.62,17,0,Hemosense Inc,0,0,0
20060907,56446,HEM',AMEX,3.71,3.71,168,0,Hemosense Inc,0,0,0
20060908,56446,HEM',AMEX,3.7,3.7,58,0,Hemosense Inc,0,0,0
20060911,56446,HEM',AMEX,3.7,3.7,7,0,Hemosense Inc,0,0,0
20060912,56446,HEM',AMEX,3.3,3.3,95,0,Hemosense Inc,0,0,0
20060913,56446,HEM',AMEX,3.23,3.23,228,0,Hemosense Inc,0,0,0
20060914,56446,HEM',AMEX,3.16,3.16,130,0,Hemosense Inc,0,0,0
20060915,56446,HEM',AMEX,3.02,3.02,268,0,Hemosense Inc,0,0,0
20060918,56446,HEM',AMEX,3,3,101,0,Hemosense Inc,0,0,0
20060919,56446,HEM',AMEX,3.02,3.02,42,0,Hemosense Inc,0,0,0
20060920,56446,HEM',AMEX,3,3,35,0,Hemosense Inc,0,0,0
20060921,56446,HEM',AMEX,3,3,52,0,Hemosense Inc,0,0,0
20060922,56446,HEM',AMEX,2.87,2.87,40,0,Hemosense Inc,0,0,0
20060925,56446,HEM',AMEX,2.85,2.85,47,0,Hemosense Inc,0,0,0
20060926,56446,HEM',AMEX,2.72,2.72,48,0,Hemosense Inc,0,0,0
20060927,56446,HEM',AMEX,2.5,2.5,319,0,Hemosense Inc,0,0,0
20060928,56446,HEM',AMEX,2.5,2.5,85,0,Hemosense Inc,0,0,0
20060929,56446,HEM',AMEX,2.3,2.3,359,0,Hemosense Inc,0,0,0
20061002,56446,HEM',AMEX,2.3,2.3,227,0,Hemosense Inc,0,0,0
20061003,56446,HEM',AMEX,2.42,2.42,194,0,Hemosense Inc,0,0,0
20061004,56446,HEM',AMEX,2.9,2.9,578,0,Hemosense Inc,0,0,0
20061005,56446,HEM',AMEX,3.95,3.95,440,0,Hemosense Inc,0,0,0
20061006,56446,HEM',AMEX,4.12,4.12,253,0,Hemosense Inc,0,0,0
20061009,56446,HEM',AMEX,4.5,4.5,356,0,Hemosense Inc,0,0,0
20061010,56446,HEM',AMEX,4.36,4.36,42,0,Hemosense Inc,0,0,0
20061011,56446,HEM',AMEX,4.5,4.5,57,0,Hemosense Inc,0,0,0
20061012,56446,HEM',AMEX,5.68,5.68,1341,0,Hemosense Inc,0,0,0
20061013,56446,HEM',AMEX,5.56,5.56,532,0,Hemosense Inc,0,0,0
20061016,56446,HEM',AMEX,4.63,4.63,403,0,Hemosense Inc,0,0,0
20061017,56446,HEM',AMEX,4.71,4.71,243,0,Hemosense Inc,0,0,0
20061018,56446,HEM',AMEX,4.73,4.73,96,0,Hemosense Inc,0,0,0
20061019,56446,HEM',AMEX,4.76,4.76,93,0,Hemosense Inc,0,0,0
20061020,56446,HEM',AMEX,4.75,4.75,29,0,Hemosense Inc,0,0,0
20061023,56446,HEM',AMEX,4.9,4.9,102,0,Hemosense Inc,0,0,0
20061024,56446,HEM',AMEX,4.7,4.7,84,0,Hemosense Inc,0,0,0
20061025,56446,HEM',AMEX,4.7,4.7,41,0,Hemosense Inc,0,0,0
20061026,56446,HEM',AMEX,4.25,4.25,115,0,Hemosense Inc,0,0,0
20061027,56446,HEM',AMEX,4.05,4.05,184,0,Hemosense Inc,0,0,0
20061030,56446,HEM',AMEX,3.85,3.85,549,0,Hemosense Inc,0,0,0
20061031,56446,HEM',AMEX,3.85,3.85,1275,0,Hemosense Inc,0,0,0
20061101,56446,HEM',AMEX,4,4,420,0,Hemosense Inc,0,0,0
20061102,56446,HEM',AMEX,4.09,4.09,201,0,Hemosense Inc,0,0,0
20061103,56446,HEM',AMEX,4.15,4.15,43,0,Hemosense Inc,0,0,0
20061106,56446,HEM',AMEX,4.01,4.01,253,0,Hemosense Inc,0,0,0
20061107,56446,HEM',AMEX,4.17,4.17,115,0,Hemosense Inc,0,0,0
20061108,56446,HEM',AMEX,4.3,4.3,29,0,Hemosense Inc,0,0,0
20061109,56446,HEM',AMEX,4.3,4.3,39,0,Hemosense Inc,0,0,0
20061110,56446,HEM',AMEX,4.37,4.37,25,0,Hemosense Inc,0,0,0
20061113,56446,HEM',AMEX,4.33,4.33,13,0,Hemosense Inc,0,0,0
20061114,56446,HEM',AMEX,4.2,4.2,50,0,Hemosense Inc,0,0,0
20061115,56446,HEM',AMEX,4.05,4.05,593,0,Hemosense Inc,0,0,0
20061116,56446,HEM',AMEX,4.03,4.03,296,0,Hemosense Inc,0,0,0
20061117,56446,HEM',AMEX,4.21,4.21,142,0,Hemosense Inc,0,0,0
20061120,56446,HEM',AMEX,4.25,4.25,362,0,Hemosense Inc,0,0,0
20061121,56446,HEM',AMEX,4,4,119,0,Hemosense Inc,0,0,0
20061122,56446,HEM',AMEX,3.95,3.95,16,0,Hemosense Inc,0,0,0
20061124,56446,HEM',AMEX,3.85,3.85,44,0,Hemosense Inc,0,0,0
20061127,56446,HEM',AMEX,3.75,3.75,117,0,Hemosense Inc,0,0,0
20061128,56446,HEM',AMEX,3.87,3.87,58,0,Hemosense Inc,0,0,0
20061129,56446,HEM',AMEX,3.86,3.86,19,0,Hemosense Inc,0,0,0
20061130,56446,HEM',AMEX,3.8,3.8,62,0,Hemosense Inc,0,0,0
20061201,56446,HEM',AMEX,3.9,3.9,533,0,Hemosense Inc,0,0,0
20061204,56446,HEM',AMEX,4.05,4.05,386,0,Hemosense Inc,0,0,0
20061205,56446,HEM',AMEX,4.25,4.25,250,0,Hemosense Inc,0,0,0
20061206,56446,HEM',AMEX,4.2,4.2,99,0,Hemosense Inc,0,0,0
20061207,56446,HEM',AMEX,4.25,4.25,163,0,Hemosense Inc,0,0,0
20061208,56446,HEM',AMEX,4.16,4.16,235,0,Hemosense Inc,0,0,0
20061211,56446,HEM',AMEX,4.09,4.09,56,0,Hemosense Inc,0,0,0
20061212,56446,HEM',AMEX,4.07,4.07,3,0,Hemosense Inc,0,0,0
20061213,56446,HEM',AMEX,4.05,4.05,352,0,Hemosense Inc,0,0,0
20061214,56446,HEM',AMEX,3.93,3.93,499,0,Hemosense Inc,0,0,0
20061215,56446,HEM',AMEX,4.03,4.03,105,0,Hemosense Inc,0,0,0
20061218,56446,HEM',AMEX,4,4,136,0,Hemosense Inc,0,0,0
20061219,56446,HEM',AMEX,4.01,4.01,12,0,Hemosense Inc,0,0,0
20061220,56446,HEM',AMEX,4.1,4.1,109,0,Hemosense Inc,0,0,0
20061221,56446,HEM',AMEX,4.2,4.2,132,0,Hemosense Inc,0,0,0
20061222,56446,HEM',AMEX,4.25,4.25,107,0,Hemosense Inc,0,0,0
20061226,56446,HEM',AMEX,4.2,4.2,90,0,Hemosense Inc,0,0,0
20061227,56446,HEM',AMEX,4.35,4.35,68,0,Hemosense Inc,0,0,0
20061228,56446,HEM',AMEX,4.3,4.3,45,0,Hemosense Inc,0,0,0
20061229,56446,HEM',AMEX,4.2,4.2,54,0,Hemosense Inc,0,0,0
20070103,56446,HEM',AMEX,4.25,4.25,9,0,Hemosense Inc,0,0,0
20070104,56446,HEM',AMEX,4.11,4.11,16,0,Hemosense Inc,0,0,0
20070105,56446,HEM',AMEX,4.1,4.1,11,0,Hemosense Inc,0,0,0
20070108,56446,HEM',AMEX,4.15,4.15,53,0,Hemosense Inc,0,0,0
20070109,56446,HEM',AMEX,4.15,4.15,3,0,Hemosense Inc,0,0,0
20070110,56446,HEM',AMEX,4.15,4.15,31,0,Hemosense Inc,0,0,0
20070111,56446,HEM',AMEX,4.16,4.16,64,0,Hemosense Inc,0,0,0
20070112,56446,HEM',AMEX,4.16,4.16,17,0,Hemosense Inc,0,0,0
20070116,56446,HEM',AMEX,4.1,4.1,632,0,Hemosense Inc,0,0,0
20070117,56446,HEM',AMEX,4.1,4.1,428,0,Hemosense Inc,0,0,0
20070118,56446,HEM',AMEX,4.1,4.1,1626,0,Hemosense Inc,0,0,0
20070119,56446,HEM',AMEX,4.35,4.35,67,0,Hemosense Inc,0,0,0
20070122,56446,HEM',AMEX,4.11,4.11,55,0,Hemosense Inc,0,0,0
20070123,56446,HEM',AMEX,4.34,4.34,45,0,Hemosense Inc,0,0,0
20070124,56446,HEM',AMEX,4.25,4.25,94,0,Hemosense Inc,0,0,0
20070125,56446,HEM',AMEX,4.25,4.25,16,0,Hemosense Inc,0,0,0
20070126,56446,HEM',AMEX,4.25,4.25,0,0,Hemosense Inc,0,0,0
20070129,56446,HEM',AMEX,4.21,4.21,126,0,Hemosense Inc,0,0,0
20070130,56446,HEM',AMEX,4.45,4.45,1882,0,Hemosense Inc,0,0,0
20070131,56446,HEM',AMEX,4.43,4.43,165,0,Hemosense Inc,0,0,0
20070201,56446,HEM',AMEX,4.53,4.53,203,0,Hemosense Inc,0,0,0
20070202,56446,HEM',AMEX,5.1,5.1,1399,0,Hemosense Inc,0,0,0
20070205,56446,HEM',AMEX,4.66,4.66,487,0,Hemosense Inc,0,0,0
20070206,56446,HEM',AMEX,4.85,4.85,90,0,Hemosense Inc,0,0,0
20070207,56446,HEM',AMEX,5.05,5.05,480,0,Hemosense Inc,0,0,0
20070208,56446,HEM',AMEX,5.39,5.39,905,0,Hemosense Inc,0,0,0
20070209,56446,HEM',AMEX,5.64,5.64,244,0,Hemosense Inc,0,0,0
20070212,56446,HEM',AMEX,5.5,5.5,298,0,Hemosense Inc,0,0,0
20070213,56446,HEM',AMEX,5.6,5.6,120,0,Hemosense Inc,0,0,0
20070214,56446,HEM',AMEX,5.6,5.6,0,0,Hemosense Inc,0,0,0
20070215,56446,HEM',AMEX,5.51,5.51,161,0,Hemosense Inc,0,0,0
20070216,56446,HEM',AMEX,5.48,5.48,260,0,Hemosense Inc,0,0,0
20070220,56446,HEM',AMEX,5.31,5.31,39,0,Hemosense Inc,0,0,0
20070221,56446,HEM',AMEX,5.7,5.7,278,0,Hemosense Inc,0,0,0
20070222,56446,HEM',AMEX,5.75,5.75,17,0,Hemosense Inc,0,0,0
20070223,56446,HEM',AMEX,5.55,5.55,93,0,Hemosense Inc,0,0,0
20070226,56446,HEM',AMEX,5.26,5.26,83,0,Hemosense Inc,0,0,0
20070227,56446,HEM',AMEX,5,5,213,0,Hemosense Inc,0,0,0
20070228,56446,HEM',AMEX,5.33,5.33,127,0,Hemosense Inc,0,0,0
20070301,56446,HEM',AMEX,5.11,5.11,11,0,Hemosense Inc,0,0,0
20070302,56446,HEM',AMEX,4.9,4.9,125,0,Hemosense Inc,0,0,0
20070305,56446,HEM',AMEX,4.89,4.89,10,0,Hemosense Inc,0,0,0
20070306,56446,HEM',AMEX,5.2,5.2,22,0,Hemosense Inc,0,0,0
20070307,56446,HEM',AMEX,4.95,4.95,210,0,Hemosense Inc,0,0,0
20070308,56446,HEM',AMEX,5.2,5.2,174,0,Hemosense Inc,0,0,0
20070309,56446,HEM',AMEX,5.15,5.15,168,0,Hemosense Inc,0,0,0
20070312,56446,HEM',AMEX,5,5,84,0,Hemosense Inc,0,0,0
20070313,56446,HEM',AMEX,4.98,4.98,18,0,Hemosense Inc,0,0,0
20070314,56446,HEM',AMEX,5.04,5.04,85,0,Hemosense Inc,0,0,0
20070315,56446,HEM',AMEX,4.96,4.96,70,0,Hemosense Inc,0,0,0
20070316,56446,HEM',AMEX,5,5,62,0,Hemosense Inc,0,0,0
20070319,56446,HEM',AMEX,5.18,5.18,123,0,Hemosense Inc,0,0,0
20070320,56446,HEM',AMEX,5.1,5.1,42,0,Hemosense Inc,0,0,0
20070321,56446,HEM',AMEX,4.91,4.91,72,0,Hemosense Inc,0,0,0
20070322,56446,HEM',AMEX,4.97,4.97,49,0,Hemosense Inc,0,0,0
20070323,56446,HEM',AMEX,5,5,1,0,Hemosense Inc,0,0,0
20070326,56446,HEM',AMEX,5.05,5.05,24,0,Hemosense Inc,0,0,0
20070327,56446,HEM',AMEX,5.11,5.11,11,0,Hemosense Inc,0,0,0
20070328,56446,HEM',AMEX,5,5,1,0,Hemosense Inc,0,0,0
20070329,56446,HEM',AMEX,4.95,4.95,5,0,Hemosense Inc,0,0,0
20070330,56446,HEM',AMEX,5,5,6,0,Hemosense Inc,0,0,0
20070402,56446,HEM',AMEX,4.95,4.95,8,0,Hemosense Inc,0,0,0
20070403,56446,HEM',AMEX,5,5,160,0,Hemosense Inc,0,0,0
20070404,56446,HEM',AMEX,5.13,5.13,83,0,Hemosense Inc,0,0,0
20070405,56446,HEM',AMEX,5.07,5.07,41,0,Hemosense Inc,0,0,0
20070409,56446,HEM',AMEX,5.25,5.25,145,0,Hemosense Inc,0,0,0
20070410,56446,HEM',AMEX,5.16,5.16,99,0,Hemosense Inc,0,0,0
20070411,56446,HEM',AMEX,5.08,5.08,65,0,Hemosense Inc,0,0,0
20070412,56446,HEM',AMEX,5,5,50,0,Hemosense Inc,0,0,0
20070413,56446,HEM',AMEX,4.99,4.99,60,0,Hemosense Inc,0,0,0
20070416,56446,HEM',AMEX,4.95,4.95,111,0,Hemosense Inc,0,0,0
20070417,56446,HEM',AMEX,4.97,4.97,176,0,Hemosense Inc,0,0,0
20070418,56446,HEM',AMEX,5.06,5.06,26,0,Hemosense Inc,0,0,0
20070419,56446,HEM',AMEX,5.03,5.03,21,0,Hemosense Inc,0,0,0
20070420,56446,HEM',AMEX,5,5,48,0,Hemosense Inc,0,0,0
20070423,56446,HEM',AMEX,5.34,5.34,757,0,Hemosense Inc,0,0,0
20070424,56446,HEM',AMEX,5.5,5.5,421,0,Hemosense Inc,0,0,0
20070425,56446,HEM',AMEX,5.54,5.54,184,0,Hemosense Inc,0,0,0
20070426,56446,HEM',AMEX,5.6,5.6,81,0,Hemosense Inc,0,0,0
20070427,56446,HEM',AMEX,5.65,5.65,132,0,Hemosense Inc,0,0,0
20070430,56446,HEM',AMEX,5.85,5.85,253,0,Hemosense Inc,0,0,0
20070501,56446,HEM',AMEX,5.8,5.8,141,0,Hemosense Inc,0,0,0
20070502,56446,HEM',AMEX,6.35,6.35,926,0,Hemosense Inc,0,0,0
20070503,56446,HEM',AMEX,6.35,6.35,343,0,Hemosense Inc,0,0,0
20070504,56446,HEM',AMEX,6.35,6.35,185,0,Hemosense Inc,0,0,0
20070507,56446,HEM',AMEX,6.35,6.35,37,0,Hemosense Inc,0,0,0
20070508,56446,HEM',AMEX,6.4,6.4,196,0,Hemosense Inc,0,0,0
20070509,56446,HEM',AMEX,6.35,6.35,131,0,Hemosense Inc,0,0,0
20070510,56446,HEM',AMEX,6.42,6.42,182,0,Hemosense Inc,0,0,0
20070511,56446,HEM',AMEX,6.49,6.49,92,0,Hemosense Inc,0,0,0
20070514,56446,HEM',AMEX,6.4,6.4,222,0,Hemosense Inc,0,0,0
20070515,56446,HEM',AMEX,6.92,6.92,1335,0,Hemosense Inc,0,0,0
20070516,56446,HEM',AMEX,6.6,6.6,278,0,Hemosense Inc,0,0,0
20070517,56446,HEM',AMEX,7.39,7.39,690,0,Hemosense Inc,0,0,0
20070518,56446,HEM',AMEX,7.45,7.45,350,0,Hemosense Inc,0,0,0
20070521,56446,HEM',AMEX,7.85,7.85,535,0,Hemosense Inc,0,0,0
20070522,56446,HEM',AMEX,8.4,8.4,1366,0,Hemosense Inc,0,0,0
20070523,56446,HEM',AMEX,8.95,8.95,771,0,Hemosense Inc,0,0,0
20070524,56446,HEM',AMEX,8.6,8.6,740,0,Hemosense Inc,0,0,0
20070525,56446,HEM',AMEX,7.85,7.85,1027,0,Hemosense Inc,0,0,0
20070529,56446,HEM',AMEX,8.61,8.61,564,0,Hemosense Inc,0,0,0
20070530,56446,HEM',AMEX,8.56,8.56,140,0,Hemosense Inc,0,0,0
20070531,56446,HEM',AMEX,8.68,8.68,228,0,Hemosense Inc,0,0,0
20070601,56446,HEM',AMEX,8.7,8.7,197,0,Hemosense Inc,0,0,0
20070604,56446,HEM',AMEX,8.8,8.8,441,0,Hemosense Inc,0,0,0
20070605,56446,HEM',AMEX,9,9,2281,0,Hemosense Inc,0,0,0
20070606,56446,HEM',AMEX,9.1,9.1,361,0,Hemosense Inc,0,0,0
20070607,56446,HEM',AMEX,9.2,9.2,488,0,Hemosense Inc,0,0,0
20070608,56446,HEM',AMEX,8.43,8.43,469,0,Hemosense Inc,0,0,0
20070611,56446,HEM',AMEX,7.88,7.88,881,0,Hemosense Inc,0,0,0
20070612,56446,HEM',AMEX,7.92,7.92,405,0,Hemosense Inc,0,0,0
20070613,56446,HEM',AMEX,8.29,8.29,441,0,Hemosense Inc,0,0,0
20070614,56446,HEM',AMEX,8.02,8.02,208,0,Hemosense Inc,0,0,0
20070615,56446,HEM',AMEX,8,8,181,0,Hemosense Inc,0,0,0
20070618,56446,HEM',AMEX,8,8,148,0,Hemosense Inc,0,0,0
20070619,56446,HEM',AMEX,8.11,8.11,128,0,Hemosense Inc,0,0,0
20070620,56446,HEM',AMEX,8.15,8.15,405,0,Hemosense Inc,0,0,0
20070621,56446,HEM',AMEX,8.06,8.06,315,0,Hemosense Inc,0,0,0
20070622,56446,HEM',AMEX,8,8,62,0,Hemosense Inc,0,0,0
20070625,56446,HEM',AMEX,8.03,8.03,74,0,Hemosense Inc,0,0,0
20070626,56446,HEM',AMEX,8.12,8.12,258,0,Hemosense Inc,0,0,0
20070627,56446,HEM',AMEX,8.25,8.25,27,0,Hemosense Inc,0,0,0
20070628,56446,HEM',AMEX,8.35,8.35,113,0,Hemosense Inc,0,0,0
20070629,56446,HEM',AMEX,8.97,8.97,417,0,Hemosense Inc,0,0,0
20070702,56446,HEM',AMEX,8.76,8.76,77,0,Hemosense Inc,0,0,0
20070703,56446,HEM',AMEX,8.85,8.85,401,0,Hemosense Inc,0,0,0
20070705,56446,HEM',AMEX,8.81,8.81,48,0,Hemosense Inc,0,0,0
20070706,56446,HEM',AMEX,9.17,9.17,1374,0,Hemosense Inc,0,0,0
20070709,56446,HEM',AMEX,9.47,9.47,1288,0,Hemosense Inc,0,0,0
20070710,56446,HEM',AMEX,9.65,9.65,288,0,Hemosense Inc,0,0,0
20070711,56446,HEM',AMEX,9.61,9.61,184,0,Hemosense Inc,0,0,0
20070712,56446,HEM',AMEX,9.96,9.96,728,0,Hemosense Inc,0,0,0
20070713,56446,HEM',AMEX,9.85,9.85,350,0,Hemosense Inc,0,0,0
20070716,56446,HEM',AMEX,9.91,9.91,232,0,Hemosense Inc,0,0,0
20070717,56446,HEM',AMEX,10.03,10.03,108,0,Hemosense Inc,0,0,0
20070718,56446,HEM',AMEX,10.08,10.08,134,0,Hemosense Inc,0,0,0
20070719,56446,HEM',AMEX,10.2,10.2,643,0,Hemosense Inc,0,0,0
20070720,56446,HEM',AMEX,10.34,10.34,121,0,Hemosense Inc,0,0,0
20070723,56446,HEM',AMEX,9.65,9.65,433,0,Hemosense Inc,0,0,0
20070724,56446,HEM',AMEX,10,10,214,0,Hemosense Inc,0,0,0
20070725,56446,HEM',AMEX,9.9,9.9,598,0,Hemosense Inc,0,0,0
20070726,56446,HEM',AMEX,9.32,9.32,231,0,Hemosense Inc,0,0,0
20070727,56446,HEM',AMEX,9.22,9.22,474,0,Hemosense Inc,0,0,0
20070730,56446,HEM',AMEX,9.46,9.46,322,0,Hemosense Inc,0,0,0
20070731,56446,HEM',AMEX,9.3,9.3,167,0,Hemosense Inc,0,0,0
20070801,56446,HEM',AMEX,9.5,9.5,78,0,Hemosense Inc,0,0,0
20070802,56446,HEM',AMEX,9.56,9.56,27,0,Hemosense Inc,0,0,0
20070803,56446,HEM',AMEX,9.45,9.45,162,0,Hemosense Inc,0,0,0
20070806,56446,HEM',AMEX,9.27,9.27,801,0,Hemosense Inc,0,0,0
20070807,56446,HEM',AMEX,12.4,12.4,4836,0,Hemosense Inc,0,0,0
20070808,56446,HEM',AMEX,12.55,12.55,3868,0,Hemosense Inc,0,0,0
20070809,56446,HEM',AMEX,12.84,12.84,2944,0,Hemosense Inc,0,0,0
20070810,56446,HEM',AMEX,12.7,12.7,1431,0,Hemosense Inc,0,0,0
20070813,56446,HEM',AMEX,12.7,12.7,1155,0,Hemosense Inc,0,0,0
20070814,56446,HEM',AMEX,12.52,12.52,1501,0,Hemosense Inc,0,0,0
20070815,56446,HEM',AMEX,12.5,12.5,750,0,Hemosense Inc,0,0,0
20070816,56446,HEM',AMEX,12.5,12.5,1225,0,Hemosense Inc,0,0,0
20070817,56446,HEM',AMEX,12.65,12.65,879,0,Hemosense Inc,0,0,0
20070820,56446,HEM',AMEX,12.7,12.7,873,0,Hemosense Inc,0,0,0
20070821,56446,HEM',AMEX,12.6,12.6,467,0,Hemosense Inc,0,0,0
20070822,56446,HEM',AMEX,12.5,12.5,1130,0,Hemosense Inc,0,0,0
20070823,56446,HEM',AMEX,12.54,12.54,562,0,Hemosense Inc,0,0,0
20070824,56446,HEM',AMEX,12.38,12.38,1943,0,Hemosense Inc,0,0,0
20070827,56446,HEM',AMEX,12.5,12.5,1897,0,Hemosense Inc,0,0,0
20070828,56446,HEM',AMEX,12.54,12.54,915,0,Hemosense Inc,0,0,0
20070829,56446,HEM',AMEX,12.55,12.55,315,0,Hemosense Inc,0,0,0
20070830,56446,HEM',AMEX,12.73,12.73,637,0,Hemosense Inc,0,0,0
20070831,56446,HEM',AMEX,12.95,12.95,1820,0,Hemosense Inc,0,0,0
20070904,56446,HEM',AMEX,12.9,12.9,1129,0,Hemosense Inc,0,0,0
20070905,56446,HEM',AMEX,12.85,12.85,1501,0,Hemosense Inc,0,0,0
20070906,56446,HEM',AMEX,12.87,12.87,2704,0,Hemosense Inc,0,0,0
20070907,56446,HEM',AMEX,12.84,12.84,1303,0,Hemosense Inc,0,0,0
20070910,56446,HEM',AMEX,12.5,12.5,567,0,Hemosense Inc,0,0,0
20070911,56446,HEM',AMEX,12.65,12.65,1198,0,Hemosense Inc,0,0,0
20070912,56446,HEM',AMEX,12.8,12.8,4820,0,Hemosense Inc,0,0,0
20070913,56446,HEM',AMEX,12.85,12.85,4317,0,Hemosense Inc,0,0,0
20070914,56446,HEM',AMEX,12.75,12.75,1653,0,Hemosense Inc,0,0,0
20070917,56446,HEM',AMEX,12.7,12.7,501,0,Hemosense Inc,0,0,0
20070918,56446,HEM',AMEX,12.9,12.9,961,0,Hemosense Inc,0,0,0
20070919,56446,HEM',AMEX,13.4,13.4,1402,0,Hemosense Inc,0,0,0
20070920,56446,HEM',AMEX,13.45,13.45,1413,0,Hemosense Inc,0,0,0
20070921,56446,HEM',AMEX,13.77,13.77,1064,0,Hemosense Inc,0,0,0
20070924,56446,HEM',AMEX,13.85,13.85,706,0,Hemosense Inc,0,0,0
20070925,56446,HEM',AMEX,14.16,14.16,839,0,Hemosense Inc,0,0,0
20070926,56446,HEM',AMEX,14.61,14.61,547,0,Hemosense Inc,0,0,0
20070927,56446,HEM',AMEX,15,15,2072,0,Hemosense Inc,0,0,0
20070928,56446,HEM',AMEX,14.96,14.96,1644,0,Hemosense Inc,0,0,0
20071001,56446,HEM',AMEX,14.86,14.86,1095,0,Hemosense Inc,0,0,0
20071002,56446,HEM',AMEX,14.8,14.8,3071,0,Hemosense Inc,0,0,0
20071003,56446,HEM',AMEX,14.82,14.82,586,0,Hemosense Inc,0,0,0
20071004,56446,HEM',AMEX,14.72,14.72,326,0,Hemosense Inc,0,0,0
20071005,56446,HEM',AMEX,15.31,15.31,816,0,Hemosense Inc,0,0,0
20071008,56446,HEM',AMEX,15.45,15.45,631,0,Hemosense Inc,0,0,0
20071009,56446,HEM',AMEX,15.33,15.33,264,0,Hemosense Inc,0,0,0
20071010,56446,HEM',AMEX,15.44,15.44,179,0,Hemosense Inc,0,0,0
20071011,56446,HEM',AMEX,15.6,15.6,365,0,Hemosense Inc,0,0,0
20071012,56446,HEM',AMEX,15.87,15.87,148,0,Hemosense Inc,0,0,0
20071015,56446,HEM',AMEX,15.54,15.54,213,0,Hemosense Inc,0,0,0
20071016,56446,HEM',AMEX,15.44,15.44,781,0,Hemosense Inc,0,0,0
20071017,56446,HEM',AMEX,16.01,16.01,541,0,Hemosense Inc,0,0,0
20071018,56446,HEM',AMEX,16.4,16.4,590,0,Hemosense Inc,0,0,0
20071019,56446,HEM',AMEX,16.18,16.18,2814,0,Hemosense Inc,0,0,0
20071022,56446,HEM',AMEX,16.22,16.22,486,0,Hemosense Inc,0,0,0
20071023,56446,HEM',AMEX,16.24,16.24,321,0,Hemosense Inc,0,0,0
20071024,56446,HEM',AMEX,15.95,15.95,2163,0,Hemosense Inc,0,0,0
20071025,56446,HEM',AMEX,15.46,15.46,1436,0,Hemosense Inc,0,0,0
20071026,56446,HEM',AMEX,15.27,15.27,228,0,Hemosense Inc,0,0,0
20071029,56446,HEM',AMEX,15.16,15.16,568,0,Hemosense Inc,0,0,0
20071030,56446,HEM',AMEX,15.1,15.1,291,0,Hemosense Inc,0,0,0
20071031,56446,HEM',AMEX,16.3,16.3,919,0,Hemosense Inc,0,0,0
20071101,56446,HEM',AMEX,16.81,16.81,2403,0,Hemosense Inc,0,0,0
20071102,56446,HEM',AMEX,17.94,17.94,766,0,Hemosense Inc,0,0,0
20071105,56446,HEM',AMEX,17.55,17.55,553,0,Hemosense Inc,0,0,0
20071106,56446,HEM',AMEX,17.55,17.55,890,0,Hemosense Inc,0,0,0
20071107,56446,HEM',AMEX,17.55,17.55,0,0,Hemosense Inc,0,0,0
20071108,56446,HEM',AMEX,17.55,17.55,0,0,Hemosense Inc,0,0,0
20071109,56446,HEM',AMEX,17.55,17.55,0,0,Hemosense Inc,0,0,0
20071112,56446,HEM',AMEX,17.55,17.55,0,0,Hemosense Inc,0,0,0
20071113,56446,HEM',AMEX,17.13,17.13,0,0,Hemosense Inc,0,0,0
20071114,56446,HEM',AMEX,17.13,17.13,0,0,Hemosense Inc,0,0,0
20071115,56446,HEM',AMEX,17.13,17.13,0,0,Hemosense Inc,0,0,0
20071116,56446,HEM',AMEX,17.13,17.13,0,0,Hemosense Inc,0,0,0
