DDate,CSINumber,Symbol,Exchange,DClose,UnAdjustedClose,TotalVolume,Cash,MarketName,PTB,PSR,DPS
20070402,56755,TVH',AMEX,7.23,7.23,7901,0,Media & Entertainment Holdings Inc,0,0,0
20070403,56755,TVH',AMEX,7.21,7.21,809,0,Media & Entertainment Holdings Inc,0,0,0
20070404,56755,TVH',AMEX,7.28,7.28,452,0,Media & Entertainment Holdings Inc,0,0,0
20070405,56755,TVH',AMEX,7.22,7.22,41,0,Media & Entertainment Holdings Inc,0,0,0
20070409,56755,TVH',AMEX,7.22,7.22,1391,0,Media & Entertainment Holdings Inc,0,0,0
20070410,56755,TVH',AMEX,7.24,7.24,446,0,Media & Entertainment Holdings Inc,0,0,0
20070411,56755,TVH',AMEX,7.25,7.25,544,0,Media & Entertainment Holdings Inc,0,0,0
20070412,56755,TVH',AMEX,7.25,7.25,645,0,Media & Entertainment Holdings Inc,0,0,0
20070413,56755,TVH',AMEX,7.25,7.25,45,0,Media & Entertainment Holdings Inc,0,0,0
20070416,56755,TVH',AMEX,7.26,7.26,117,0,Media & Entertainment Holdings Inc,0,0,0
20070417,56755,TVH',AMEX,7.25,7.25,1982,0,Media & Entertainment Holdings Inc,0,0,0
20070418,56755,TVH',AMEX,7.25,7.25,1093,0,Media & Entertainment Holdings Inc,0,0,0
20070419,56755,TVH',AMEX,7.25,7.25,38,0,Media & Entertainment Holdings Inc,0,0,0
20070420,56755,TVH',AMEX,7.25,7.25,291,0,Media & Entertainment Holdings Inc,0,0,0
20070423,56755,TVH',AMEX,7.27,7.27,637,0,Media & Entertainment Holdings Inc,0,0,0
20070424,56755,TVH',AMEX,7.25,7.25,1441,0,Media & Entertainment Holdings Inc,0,0,0
20070425,56755,TVH',AMEX,7.27,7.27,682,0,Media & Entertainment Holdings Inc,0,0,0
20070426,56755,TVH',AMEX,7.25,7.25,78,0,Media & Entertainment Holdings Inc,0,0,0
20070427,56755,TVH',AMEX,7.26,7.26,85,0,Media & Entertainment Holdings Inc,0,0,0
20070430,56755,TVH',AMEX,7.29,7.29,79,0,Media & Entertainment Holdings Inc,0,0,0
20070501,56755,TVH',AMEX,7.28,7.28,935,0,Media & Entertainment Holdings Inc,0,0,0
20070502,56755,TVH',AMEX,7.27,7.27,301,0,Media & Entertainment Holdings Inc,0,0,0
20070503,56755,TVH',AMEX,7.25,7.25,10,0,Media & Entertainment Holdings Inc,0,0,0
20070504,56755,TVH',AMEX,7.27,7.27,13,0,Media & Entertainment Holdings Inc,0,0,0
20070507,56755,TVH',AMEX,7.32,7.32,761,0,Media & Entertainment Holdings Inc,0,0,0
20070508,56755,TVH',AMEX,7.28,7.28,41,0,Media & Entertainment Holdings Inc,0,0,0
20070509,56755,TVH',AMEX,7.29,7.29,5,0,Media & Entertainment Holdings Inc,0,0,0
20070510,56755,TVH',AMEX,7.27,7.27,71,0,Media & Entertainment Holdings Inc,0,0,0
20070511,56755,TVH',AMEX,7.27,7.27,0,0,Media & Entertainment Holdings Inc,0,0,0
20070514,56755,TVH',AMEX,7.28,7.28,469,0,Media & Entertainment Holdings Inc,0,0,0
20070515,56755,TVH',AMEX,7.28,7.28,526,0,Media & Entertainment Holdings Inc,0,0,0
20070516,56755,TVH',AMEX,7.28,7.28,0,0,Media & Entertainment Holdings Inc,0,0,0
20070517,56755,TVH',AMEX,7.28,7.28,0,0,Media & Entertainment Holdings Inc,0,0,0
20070518,56755,TVH',AMEX,7.41,7.41,222,0,Media & Entertainment Holdings Inc,0,0,0
20070521,56755,TVH',AMEX,7.37,7.37,361,0,Media & Entertainment Holdings Inc,0,0,0
20070522,56755,TVH',AMEX,7.48,7.48,916,0,Media & Entertainment Holdings Inc,0,0,0
20070523,56755,TVH',AMEX,7.46,7.46,5,0,Media & Entertainment Holdings Inc,0,0,0
20070524,56755,TVH',AMEX,7.46,7.46,0,0,Media & Entertainment Holdings Inc,0,0,0
20070525,56755,TVH',AMEX,7.45,7.45,33,0,Media & Entertainment Holdings Inc,0,0,0
20070529,56755,TVH',AMEX,7.45,7.45,55,0,Media & Entertainment Holdings Inc,0,0,0
20070530,56755,TVH',AMEX,7.45,7.45,3353,0,Media & Entertainment Holdings Inc,0,0,0
20070531,56755,TVH',AMEX,7.32,7.32,6170,0,Media & Entertainment Holdings Inc,0,0,0
20070601,56755,TVH',AMEX,7.43,7.43,52,0,Media & Entertainment Holdings Inc,0,0,0
20070604,56755,TVH',AMEX,7.5,7.5,10,0,Media & Entertainment Holdings Inc,0,0,0
20070605,56755,TVH',AMEX,7.44,7.44,59,0,Media & Entertainment Holdings Inc,0,0,0
20070606,56755,TVH',AMEX,7.43,7.43,2,0,Media & Entertainment Holdings Inc,0,0,0
20070607,56755,TVH',AMEX,7.43,7.43,0,0,Media & Entertainment Holdings Inc,0,0,0
20070608,56755,TVH',AMEX,7.36,7.36,1037,0,Media & Entertainment Holdings Inc,0,0,0
20070611,56755,TVH',AMEX,7.36,7.36,0,0,Media & Entertainment Holdings Inc,0,0,0
20070612,56755,TVH',AMEX,7.35,7.35,591,0,Media & Entertainment Holdings Inc,0,0,0
20070613,56755,TVH',AMEX,7.33,7.33,590,0,Media & Entertainment Holdings Inc,0,0,0
20070614,56755,TVH',AMEX,7.34,7.34,327,0,Media & Entertainment Holdings Inc,0,0,0
20070615,56755,TVH',AMEX,7.36,7.36,21,0,Media & Entertainment Holdings Inc,0,0,0
20070618,56755,TVH',AMEX,7.34,7.34,1093,0,Media & Entertainment Holdings Inc,0,0,0
20070619,56755,TVH',AMEX,7.33,7.33,587,0,Media & Entertainment Holdings Inc,0,0,0
20070620,56755,TVH',AMEX,7.34,7.34,970,0,Media & Entertainment Holdings Inc,0,0,0
20070621,56755,TVH',AMEX,7.41,7.41,28,0,Media & Entertainment Holdings Inc,0,0,0
20070622,56755,TVH',AMEX,7.38,7.38,90,0,Media & Entertainment Holdings Inc,0,0,0
20070625,56755,TVH',AMEX,7.4,7.4,640,0,Media & Entertainment Holdings Inc,0,0,0
20070626,56755,TVH',AMEX,7.4,7.4,0,0,Media & Entertainment Holdings Inc,0,0,0
20070627,56755,TVH',AMEX,7.39,7.39,8,0,Media & Entertainment Holdings Inc,0,0,0
20070628,56755,TVH',AMEX,7.4,7.4,22,0,Media & Entertainment Holdings Inc,0,0,0
20070629,56755,TVH',AMEX,7.4,7.4,33,0,Media & Entertainment Holdings Inc,0,0,0
20070702,56755,TVH',AMEX,7.46,7.46,4,0,Media & Entertainment Holdings Inc,0,0,0
20070703,56755,TVH',AMEX,7.46,7.46,0,0,Media & Entertainment Holdings Inc,0,0,0
20070705,56755,TVH',AMEX,7.5,7.5,1051,0,Media & Entertainment Holdings Inc,0,0,0
20070706,56755,TVH',AMEX,7.5,7.5,0,0,Media & Entertainment Holdings Inc,0,0,0
20070709,56755,TVH',AMEX,7.5,7.5,186,0,Media & Entertainment Holdings Inc,0,0,0
20070710,56755,TVH',AMEX,7.5,7.5,5,0,Media & Entertainment Holdings Inc,0,0,0
20070711,56755,TVH',AMEX,7.5,7.5,83,0,Media & Entertainment Holdings Inc,0,0,0
20070712,56755,TVH',AMEX,7.52,7.52,47,0,Media & Entertainment Holdings Inc,0,0,0
20070713,56755,TVH',AMEX,7.54,7.54,1,0,Media & Entertainment Holdings Inc,0,0,0
20070716,56755,TVH',AMEX,7.54,7.54,0,0,Media & Entertainment Holdings Inc,0,0,0
20070717,56755,TVH',AMEX,7.5,7.5,41,0,Media & Entertainment Holdings Inc,0,0,0
20070718,56755,TVH',AMEX,7.52,7.52,52,0,Media & Entertainment Holdings Inc,0,0,0
20070719,56755,TVH',AMEX,7.52,7.52,0,0,Media & Entertainment Holdings Inc,0,0,0
20070720,56755,TVH',AMEX,7.52,7.52,0,0,Media & Entertainment Holdings Inc,0,0,0
20070723,56755,TVH',AMEX,7.52,7.52,0,0,Media & Entertainment Holdings Inc,0,0,0
20070724,56755,TVH',AMEX,7.51,7.51,102,0,Media & Entertainment Holdings Inc,0,0,0
20070725,56755,TVH',AMEX,7.51,7.51,0,0,Media & Entertainment Holdings Inc,0,0,0
20070726,56755,TVH',AMEX,7.5,7.5,120,0,Media & Entertainment Holdings Inc,0,0,0
20070727,56755,TVH',AMEX,7.52,7.52,409,0,Media & Entertainment Holdings Inc,0,0,0
20070730,56755,TVH',AMEX,7.52,7.52,0,0,Media & Entertainment Holdings Inc,0,0,0
20070731,56755,TVH',AMEX,7.52,7.52,0,0,Media & Entertainment Holdings Inc,0,0,0
20070801,56755,TVH',AMEX,7.52,7.52,0,0,Media & Entertainment Holdings Inc,0,0,0
20070802,56755,TVH',AMEX,7.5,7.5,10,0,Media & Entertainment Holdings Inc,0,0,0
20070803,56755,TVH',AMEX,7.5,7.5,46,0,Media & Entertainment Holdings Inc,0,0,0
20070806,56755,TVH',AMEX,7.5,7.5,0,0,Media & Entertainment Holdings Inc,0,0,0
20070807,56755,TVH',AMEX,7.5,7.5,0,0,Media & Entertainment Holdings Inc,0,0,0
20070808,56755,TVH',AMEX,7.53,7.53,32,0,Media & Entertainment Holdings Inc,0,0,0
20070809,56755,TVH',AMEX,7.55,7.55,2781,0,Media & Entertainment Holdings Inc,0,0,0
20070810,56755,TVH',AMEX,7.5,7.5,1511,0,Media & Entertainment Holdings Inc,0,0,0
20070813,56755,TVH',AMEX,7.5,7.5,0,0,Media & Entertainment Holdings Inc,0,0,0
20070814,56755,TVH',AMEX,7.56,7.56,277,0,Media & Entertainment Holdings Inc,0,0,0
20070815,56755,TVH',AMEX,7.58,7.58,15,0,Media & Entertainment Holdings Inc,0,0,0
20070816,56755,TVH',AMEX,7.54,7.54,2370,0,Media & Entertainment Holdings Inc,0,0,0
20070817,56755,TVH',AMEX,7.56,7.56,260,0,Media & Entertainment Holdings Inc,0,0,0
20070820,56755,TVH',AMEX,7.56,7.56,44,0,Media & Entertainment Holdings Inc,0,0,0
20070821,56755,TVH',AMEX,7.56,7.56,0,0,Media & Entertainment Holdings Inc,0,0,0
20070822,56755,TVH',AMEX,7.5,7.5,6,0,Media & Entertainment Holdings Inc,0,0,0
20070823,56755,TVH',AMEX,7.5,7.5,0,0,Media & Entertainment Holdings Inc,0,0,0
20070824,56755,TVH',AMEX,7.45,7.45,10,0,Media & Entertainment Holdings Inc,0,0,0
20070827,56755,TVH',AMEX,7.45,7.45,0,0,Media & Entertainment Holdings Inc,0,0,0
20070828,56755,TVH',AMEX,7.45,7.45,0,0,Media & Entertainment Holdings Inc,0,0,0
20070829,56755,TVH',AMEX,7.45,7.45,0,0,Media & Entertainment Holdings Inc,0,0,0
20070830,56755,TVH',AMEX,7.4,7.4,19,0,Media & Entertainment Holdings Inc,0,0,0
20070831,56755,TVH',AMEX,7.4,7.4,0,0,Media & Entertainment Holdings Inc,0,0,0
20070904,56755,TVH',AMEX,7.42,7.42,1504,0,Media & Entertainment Holdings Inc,0,0,0
20070905,56755,TVH',AMEX,7.42,7.42,0,0,Media & Entertainment Holdings Inc,0,0,0
20070906,56755,TVH',AMEX,7.4,7.4,10,0,Media & Entertainment Holdings Inc,0,0,0
20070907,56755,TVH',AMEX,7.4,7.4,0,0,Media & Entertainment Holdings Inc,0,0,0
20070910,56755,TVH',AMEX,7.41,7.41,1257,0,Media & Entertainment Holdings Inc,0,0,0
20070911,56755,TVH',AMEX,7.41,7.41,0,0,Media & Entertainment Holdings Inc,0,0,0
20070912,56755,TVH',AMEX,7.33,7.33,329,0,Media & Entertainment Holdings Inc,0,0,0
20070913,56755,TVH',AMEX,7.33,7.33,0,0,Media & Entertainment Holdings Inc,0,0,0
20070914,56755,TVH',AMEX,7.42,7.42,333,0,Media & Entertainment Holdings Inc,0,0,0
20070917,56755,TVH',AMEX,7.4,7.4,213,0,Media & Entertainment Holdings Inc,0,0,0
20070918,56755,TVH',AMEX,7.4,7.4,14,0,Media & Entertainment Holdings Inc,0,0,0
20070919,56755,TVH',AMEX,7.45,7.45,109,0,Media & Entertainment Holdings Inc,0,0,0
20070920,56755,TVH',AMEX,7.4,7.4,5,0,Media & Entertainment Holdings Inc,0,0,0
20070921,56755,TVH',AMEX,7.41,7.41,21,0,Media & Entertainment Holdings Inc,0,0,0
20070924,56755,TVH',AMEX,7.35,7.35,9,0,Media & Entertainment Holdings Inc,0,0,0
20070925,56755,TVH',AMEX,7.35,7.35,0,0,Media & Entertainment Holdings Inc,0,0,0
20070926,56755,TVH',AMEX,7.35,7.35,450,0,Media & Entertainment Holdings Inc,0,0,0
20070927,56755,TVH',AMEX,7.35,7.35,0,0,Media & Entertainment Holdings Inc,0,0,0
20070928,56755,TVH',AMEX,7.39,7.39,10,0,Media & Entertainment Holdings Inc,0,0,0
20071001,56755,TVH',AMEX,7.39,7.39,0,0,Media & Entertainment Holdings Inc,0,0,0
20071002,56755,TVH',AMEX,7.39,7.39,20,0,Media & Entertainment Holdings Inc,0,0,0
20071003,56755,TVH',AMEX,7.42,7.42,145,0,Media & Entertainment Holdings Inc,0,0,0
20071004,56755,TVH',AMEX,7.42,7.42,0,0,Media & Entertainment Holdings Inc,0,0,0
20071005,56755,TVH',AMEX,7.5,7.5,8,0,Media & Entertainment Holdings Inc,0,0,0
20071008,56755,TVH',AMEX,7.5,7.5,40,0,Media & Entertainment Holdings Inc,0,0,0
20071009,56755,TVH',AMEX,7.52,7.52,10,0,Media & Entertainment Holdings Inc,0,0,0
20071010,56755,TVH',AMEX,7.52,7.52,0,0,Media & Entertainment Holdings Inc,0,0,0
20071011,56755,TVH',AMEX,7.52,7.52,0,0,Media & Entertainment Holdings Inc,0,0,0
20071012,56755,TVH',AMEX,7.52,7.52,0,0,Media & Entertainment Holdings Inc,0,0,0
20071015,56755,TVH',AMEX,7.52,7.52,0,0,Media & Entertainment Holdings Inc,0,0,0
20071016,56755,TVH',AMEX,7.42,7.42,17,0,Media & Entertainment Holdings Inc,0,0,0
20071017,56755,TVH',AMEX,7.42,7.42,0,0,Media & Entertainment Holdings Inc,0,0,0
20071018,56755,TVH',AMEX,7.42,7.42,0,0,Media & Entertainment Holdings Inc,0,0,0
20071019,56755,TVH',AMEX,7.46,7.46,1,0,Media & Entertainment Holdings Inc,0,0,0
20071022,56755,TVH',AMEX,7.4,7.4,217,0,Media & Entertainment Holdings Inc,0,0,0
20071023,56755,TVH',AMEX,7.4,7.4,0,0,Media & Entertainment Holdings Inc,0,0,0
20071024,56755,TVH',AMEX,7.37,7.37,2,0,Media & Entertainment Holdings Inc,0,0,0
20071025,56755,TVH',AMEX,7.42,7.42,34,0,Media & Entertainment Holdings Inc,0,0,0
20071026,56755,TVH',AMEX,7.42,7.42,156,0,Media & Entertainment Holdings Inc,0,0,0
20071029,56755,TVH',AMEX,7.42,7.42,0,0,Media & Entertainment Holdings Inc,0,0,0
20071030,56755,TVH',AMEX,7.42,7.42,0,0,Media & Entertainment Holdings Inc,0,0,0
20071031,56755,TVH',AMEX,7.42,7.42,0,0,Media & Entertainment Holdings Inc,0,0,0
20071101,56755,TVH',AMEX,7.45,7.45,3,0,Media & Entertainment Holdings Inc,0,0,0
20071102,56755,TVH',AMEX,7.4,7.4,136,0,Media & Entertainment Holdings Inc,0,0,0
20071105,56755,TVH',AMEX,7.4,7.4,0,0,Media & Entertainment Holdings Inc,0,0,0
20071106,56755,TVH',AMEX,7.4,7.4,0,0,Media & Entertainment Holdings Inc,0,0,0
20071107,56755,TVH',AMEX,7.4,7.4,90,0,Media & Entertainment Holdings Inc,0,0,0
20071108,56755,TVH',AMEX,7.38,7.38,626,0,Media & Entertainment Holdings Inc,0,0,0
20071109,56755,TVH',AMEX,7.38,7.38,0,0,Media & Entertainment Holdings Inc,0,0,0
20071112,56755,TVH',AMEX,7.38,7.38,0,0,Media & Entertainment Holdings Inc,0,0,0
20071113,56755,TVH',AMEX,7.39,7.39,1310,0,Media & Entertainment Holdings Inc,0,0,0
20071114,56755,TVH',AMEX,7.39,7.39,0,0,Media & Entertainment Holdings Inc,0,0,0
20071115,56755,TVH',AMEX,7.4,7.4,872,0,Media & Entertainment Holdings Inc,0,0,0
20071116,56755,TVH',AMEX,7.4,7.4,1011,0,Media & Entertainment Holdings Inc,0,0,0
20071119,56755,TVH',AMEX,7.4,7.4,553,0,Media & Entertainment Holdings Inc,0,0,0
20071120,56755,TVH',AMEX,7.4,7.4,0,0,Media & Entertainment Holdings Inc,0,0,0
20071121,56755,TVH',AMEX,7.4,7.4,0,0,Media & Entertainment Holdings Inc,0,0,0
20071123,56755,TVH',AMEX,7.4,7.4,0,0,Media & Entertainment Holdings Inc,0,0,0
20071126,56755,TVH',AMEX,7.4,7.4,0,0,Media & Entertainment Holdings Inc,0,0,0
20071127,56755,TVH',AMEX,7.4,7.4,0,0,Media & Entertainment Holdings Inc,0,0,0
20071128,56755,TVH',AMEX,7.4,7.4,1,0,Media & Entertainment Holdings Inc,0,0,0
20071129,56755,TVH',AMEX,7.4,7.4,0,0,Media & Entertainment Holdings Inc,0,0,0
20071130,56755,TVH',AMEX,7.5,7.5,20,0,Media & Entertainment Holdings Inc,0,0,0
20071203,56755,TVH',AMEX,7.5,7.5,0,0,Media & Entertainment Holdings Inc,0,0,0
20071204,56755,TVH',AMEX,7.5,7.5,0,0,Media & Entertainment Holdings Inc,0,0,0
20071205,56755,TVH',AMEX,7.36,7.36,15,0,Media & Entertainment Holdings Inc,0,0,0
20071206,56755,TVH',AMEX,7.37,7.37,600,0,Media & Entertainment Holdings Inc,0,0,0
20071207,56755,TVH',AMEX,7.37,7.37,0,0,Media & Entertainment Holdings Inc,0,0,0
20071210,56755,TVH',AMEX,7.36,7.36,59,0,Media & Entertainment Holdings Inc,0,0,0
20071211,56755,TVH',AMEX,7.36,7.36,120,0,Media & Entertainment Holdings Inc,0,0,0
20071212,56755,TVH',AMEX,7.36,7.36,1501,0,Media & Entertainment Holdings Inc,0,0,0
20071213,56755,TVH',AMEX,7.36,7.36,0,0,Media & Entertainment Holdings Inc,0,0,0
20071214,56755,TVH',AMEX,7.36,7.36,1000,0,Media & Entertainment Holdings Inc,0,0,0
20071217,56755,TVH',AMEX,7.36,7.36,503,0,Media & Entertainment Holdings Inc,0,0,0
20071218,56755,TVH',AMEX,7.36,7.36,2,0,Media & Entertainment Holdings Inc,0,0,0
20071219,56755,TVH',AMEX,7.36,7.36,100,0,Media & Entertainment Holdings Inc,0,0,0
20071220,56755,TVH',AMEX,7.36,7.36,7,0,Media & Entertainment Holdings Inc,0,0,0
20071221,56755,TVH',AMEX,7.36,7.36,0,0,Media & Entertainment Holdings Inc,0,0,0
20071224,56755,TVH',AMEX,7.36,7.36,0,0,Media & Entertainment Holdings Inc,0,0,0
20071226,56755,TVH',AMEX,7.36,7.36,0,0,Media & Entertainment Holdings Inc,0,0,0
20071227,56755,TVH',AMEX,7.36,7.36,0,0,Media & Entertainment Holdings Inc,0,0,0
20071228,56755,TVH',AMEX,7.39,7.39,500,0,Media & Entertainment Holdings Inc,0,0,0
20071231,56755,TVH',AMEX,7.39,7.39,0,0,Media & Entertainment Holdings Inc,0,0,0
20080102,56755,TVH',AMEX,7.39,7.39,0,0,Media & Entertainment Holdings Inc,0,0,0
20080103,56755,TVH',AMEX,7.39,7.39,0,0,Media & Entertainment Holdings Inc,0,0,0
20080104,56755,TVH',AMEX,7.43,7.43,12,0,Media & Entertainment Holdings Inc,0,0,0
20080107,56755,TVH',AMEX,7.43,7.43,0,0,Media & Entertainment Holdings Inc,0,0,0
20080108,56755,TVH',AMEX,7.43,7.43,0,0,Media & Entertainment Holdings Inc,0,0,0
20080109,56755,TVH',AMEX,7.39,7.39,10,0,Media & Entertainment Holdings Inc,0,0,0
20080110,56755,TVH',AMEX,7.39,7.39,11,0,Media & Entertainment Holdings Inc,0,0,0
20080111,56755,TVH',AMEX,7.39,7.39,0,0,Media & Entertainment Holdings Inc,0,0,0
20080114,56755,TVH',AMEX,7.39,7.39,0,0,Media & Entertainment Holdings Inc,0,0,0
20080115,56755,TVH',AMEX,7.4,7.4,9,0,Media & Entertainment Holdings Inc,0,0,0
20080116,56755,TVH',AMEX,7.45,7.45,5,0,Media & Entertainment Holdings Inc,0,0,0
20080117,56755,TVH',AMEX,7.45,7.45,0,0,Media & Entertainment Holdings Inc,0,0,0
20080118,56755,TVH',AMEX,7.4,7.4,116,0,Media & Entertainment Holdings Inc,0,0,0
20080122,56755,TVH',AMEX,7.4,7.4,10,0,Media & Entertainment Holdings Inc,0,0,0
20080123,56755,TVH',AMEX,7.38,7.38,1702,0,Media & Entertainment Holdings Inc,0,0,0
20080124,56755,TVH',AMEX,7.37,7.37,550,0,Media & Entertainment Holdings Inc,0,0,0
20080125,56755,TVH',AMEX,7.4,7.4,1223,0,Media & Entertainment Holdings Inc,0,0,0
20080128,56755,TVH',AMEX,7.4,7.4,0,0,Media & Entertainment Holdings Inc,0,0,0
20080129,56755,TVH',AMEX,7.4,7.4,0,0,Media & Entertainment Holdings Inc,0,0,0
20080130,56755,TVH',AMEX,7.37,7.37,13,0,Media & Entertainment Holdings Inc,0,0,0
20080131,56755,TVH',AMEX,7.37,7.37,0,0,Media & Entertainment Holdings Inc,0,0,0
20080201,56755,TVH',AMEX,7.48,7.48,1,0,Media & Entertainment Holdings Inc,0,0,0
20080204,56755,TVH',AMEX,7.48,7.48,0,0,Media & Entertainment Holdings Inc,0,0,0
20080205,56755,TVH',AMEX,7.48,7.48,0,0,Media & Entertainment Holdings Inc,0,0,0
20080206,56755,TVH',AMEX,7.48,7.48,0,0,Media & Entertainment Holdings Inc,0,0,0
20080207,56755,TVH',AMEX,7.48,7.48,0,0,Media & Entertainment Holdings Inc,0,0,0
20080208,56755,TVH',AMEX,7.48,7.48,0,0,Media & Entertainment Holdings Inc,0,0,0
20080211,56755,TVH',AMEX,7.48,7.48,0,0,Media & Entertainment Holdings Inc,0,0,0
20080212,56755,TVH',AMEX,7.48,7.48,0,0,Media & Entertainment Holdings Inc,0,0,0
20080213,56755,TVH',AMEX,7.47,7.47,34,0,Media & Entertainment Holdings Inc,0,0,0
20080214,56755,TVH',AMEX,7.47,7.47,0,0,Media & Entertainment Holdings Inc,0,0,0
20080215,56755,TVH',AMEX,7.4,7.4,10,0,Media & Entertainment Holdings Inc,0,0,0
20080219,56755,TVH',AMEX,7.4,7.4,0,0,Media & Entertainment Holdings Inc,0,0,0
20080220,56755,TVH',AMEX,7.4,7.4,0,0,Media & Entertainment Holdings Inc,0,0,0
20080221,56755,TVH',AMEX,7.4,7.4,52,0,Media & Entertainment Holdings Inc,0,0,0
20080222,56755,TVH',AMEX,7.4,7.4,0,0,Media & Entertainment Holdings Inc,0,0,0
20080225,56755,TVH',AMEX,7.42,7.42,1,0,Media & Entertainment Holdings Inc,0,0,0
20080226,56755,TVH',AMEX,7.42,7.42,0,0,Media & Entertainment Holdings Inc,0,0,0
20080227,56755,TVH',AMEX,7.44,7.44,2,0,Media & Entertainment Holdings Inc,0,0,0
20080228,56755,TVH',AMEX,7.48,7.48,10,0,Media & Entertainment Holdings Inc,0,0,0
20080229,56755,TVH',AMEX,7.48,7.48,1,0,Media & Entertainment Holdings Inc,0,0,0
20080303,56755,TVH',AMEX,7.42,7.42,73,0,Media & Entertainment Holdings Inc,0,0,0
20080304,56755,TVH',AMEX,7.42,7.42,0,0,Media & Entertainment Holdings Inc,0,0,0
20080305,56755,TVH',AMEX,7.48,7.48,2,0,Media & Entertainment Holdings Inc,0,0,0
20080306,56755,TVH',AMEX,7.48,7.48,0,0,Media & Entertainment Holdings Inc,0,0,0
20080307,56755,TVH',AMEX,7.47,7.47,1,0,Media & Entertainment Holdings Inc,0,0,0
20080310,56755,TVH',AMEX,7.47,7.47,0,0,Media & Entertainment Holdings Inc,0,0,0
20080311,56755,TVH',AMEX,7.47,7.47,0,0,Media & Entertainment Holdings Inc,0,0,0
20080312,56755,TVH',AMEX,7.49,7.49,762,0,Media & Entertainment Holdings Inc,0,0,0
20080313,56755,TVH',AMEX,7.49,7.49,0,0,Media & Entertainment Holdings Inc,0,0,0
20080314,56755,TVH',AMEX,7.49,7.49,0,0,Media & Entertainment Holdings Inc,0,0,0
20080317,56755,TVH',AMEX,7.48,7.48,215,0,Media & Entertainment Holdings Inc,0,0,0
20080318,56755,TVH',AMEX,7.48,7.48,0,0,Media & Entertainment Holdings Inc,0,0,0
20080319,56755,TVH',AMEX,7.48,7.48,0,0,Media & Entertainment Holdings Inc,0,0,0
20080320,56755,TVH',AMEX,7.49,7.49,250,0,Media & Entertainment Holdings Inc,0,0,0
20080324,56755,TVH',AMEX,7.5,7.5,366,0,Media & Entertainment Holdings Inc,0,0,0
20080325,56755,TVH',AMEX,7.5,7.5,0,0,Media & Entertainment Holdings Inc,0,0,0
20080326,56755,TVH',AMEX,7.5,7.5,28,0,Media & Entertainment Holdings Inc,0,0,0
20080327,56755,TVH',AMEX,7.4,7.4,9750,0,Media & Entertainment Holdings Inc,0,0,0
20080328,56755,TVH',AMEX,7.4,7.4,0,0,Media & Entertainment Holdings Inc,0,0,0
20080331,56755,TVH',AMEX,7.48,7.48,101,0,Media & Entertainment Holdings Inc,0,0,0
20080401,56755,TVH',AMEX,7.5,7.5,100,0,Media & Entertainment Holdings Inc,0,0,0
20080402,56755,TVH',AMEX,7.5,7.5,5,0,Media & Entertainment Holdings Inc,0,0,0
20080403,56755,TVH',AMEX,7.5,7.5,0,0,Media & Entertainment Holdings Inc,0,0,0
20080404,56755,TVH',AMEX,7.48,7.48,262,0,Media & Entertainment Holdings Inc,0,0,0
20080407,56755,TVH',AMEX,7.45,7.45,71,0,Media & Entertainment Holdings Inc,0,0,0
20080408,56755,TVH',AMEX,7.45,7.45,0,0,Media & Entertainment Holdings Inc,0,0,0
20080409,56755,TVH',AMEX,7.42,7.42,10,0,Media & Entertainment Holdings Inc,0,0,0
20080410,56755,TVH',AMEX,7.44,7.44,1400,0,Media & Entertainment Holdings Inc,0,0,0
20080411,56755,TVH',AMEX,7.44,7.44,4,0,Media & Entertainment Holdings Inc,0,0,0
20080414,56755,TVH',AMEX,7.45,7.45,15,0,Media & Entertainment Holdings Inc,0,0,0
20080415,56755,TVH',AMEX,7.44,7.44,51,0,Media & Entertainment Holdings Inc,0,0,0
20080416,56755,TVH',AMEX,7.44,7.44,6023,0,Media & Entertainment Holdings Inc,0,0,0
20080417,56755,TVH',AMEX,7.46,7.46,2,0,Media & Entertainment Holdings Inc,0,0,0
20080418,56755,TVH',AMEX,7.46,7.46,0,0,Media & Entertainment Holdings Inc,0,0,0
20080421,56755,TVH',AMEX,7.46,7.46,0,0,Media & Entertainment Holdings Inc,0,0,0
20080422,56755,TVH',AMEX,7.46,7.46,0,0,Media & Entertainment Holdings Inc,0,0,0
20080423,56755,TVH',AMEX,7.44,7.44,10,0,Media & Entertainment Holdings Inc,0,0,0
20080424,56755,TVH',AMEX,7.44,7.44,0,0,Media & Entertainment Holdings Inc,0,0,0
20080425,56755,TVH',AMEX,7.44,7.44,254,0,Media & Entertainment Holdings Inc,0,0,0
20080428,56755,TVH',AMEX,7.44,7.44,6,0,Media & Entertainment Holdings Inc,0,0,0
20080429,56755,TVH',AMEX,7.44,7.44,0,0,Media & Entertainment Holdings Inc,0,0,0
20080430,56755,TVH',AMEX,7.44,7.44,13,0,Media & Entertainment Holdings Inc,0,0,0
20080501,56755,TVH',AMEX,7.44,7.44,10,0,Media & Entertainment Holdings Inc,0,0,0
20080502,56755,TVH',AMEX,7.45,7.45,1100,0,Media & Entertainment Holdings Inc,0,0,0
20080505,56755,TVH',AMEX,7.45,7.45,0,0,Media & Entertainment Holdings Inc,0,0,0
20080506,56755,TVH',AMEX,7.44,7.44,21,0,Media & Entertainment Holdings Inc,0,0,0
20080507,56755,TVH',AMEX,7.44,7.44,1,0,Media & Entertainment Holdings Inc,0,0,0
20080508,56755,TVH',AMEX,7.45,7.45,5347,0,Media & Entertainment Holdings Inc,0,0,0
20080509,56755,TVH',AMEX,7.45,7.45,0,0,Media & Entertainment Holdings Inc,0,0,0
20080512,56755,TVH',AMEX,7.45,7.45,0,0,Media & Entertainment Holdings Inc,0,0,0
20080513,56755,TVH',AMEX,7.45,7.45,0,0,Media & Entertainment Holdings Inc,0,0,0
20080514,56755,TVH',AMEX,7.47,7.47,94,0,Media & Entertainment Holdings Inc,0,0,0
20080515,56755,TVH',AMEX,7.5,7.5,175,0,Media & Entertainment Holdings Inc,0,0,0
20080516,56755,TVH',AMEX,7.5,7.5,612,0,Media & Entertainment Holdings Inc,0,0,0
20080519,56755,TVH',AMEX,7.5,7.5,0,0,Media & Entertainment Holdings Inc,0,0,0
20080520,56755,TVH',AMEX,7.5,7.5,526,0,Media & Entertainment Holdings Inc,0,0,0
20080521,56755,TVH',AMEX,7.5,7.5,531,0,Media & Entertainment Holdings Inc,0,0,0
20080522,56755,TVH',AMEX,7.5,7.5,0,0,Media & Entertainment Holdings Inc,0,0,0
20080523,56755,TVH',AMEX,7.5,7.5,1092,0,Media & Entertainment Holdings Inc,0,0,0
20080527,56755,TVH',AMEX,7.55,7.55,20,0,Media & Entertainment Holdings Inc,0,0,0
20080528,56755,TVH',AMEX,7.52,7.52,1010,0,Media & Entertainment Holdings Inc,0,0,0
20080529,56755,TVH',AMEX,7.6,7.6,4,0,Media & Entertainment Holdings Inc,0,0,0
20080530,56755,TVH',AMEX,7.6,7.6,0,0,Media & Entertainment Holdings Inc,0,0,0
20080602,56755,TVH',AMEX,7.48,7.48,1,0,Media & Entertainment Holdings Inc,0,0,0
20080603,56755,TVH',AMEX,7.48,7.48,0,0,Media & Entertainment Holdings Inc,0,0,0
20080604,56755,TVH',AMEX,7.5,7.5,1017,0,Media & Entertainment Holdings Inc,0,0,0
20080605,56755,TVH',AMEX,7.5,7.5,1,0,Media & Entertainment Holdings Inc,0,0,0
20080606,56755,TVH',AMEX,7.5,7.5,0,0,Media & Entertainment Holdings Inc,0,0,0
20080609,56755,TVH',AMEX,7.52,7.52,1,0,Media & Entertainment Holdings Inc,0,0,0
20080610,56755,TVH',AMEX,7.53,7.53,90,0,Media & Entertainment Holdings Inc,0,0,0
20080611,56755,TVH',AMEX,7.53,7.53,70,0,Media & Entertainment Holdings Inc,0,0,0
20080612,56755,TVH',AMEX,7.53,7.53,0,0,Media & Entertainment Holdings Inc,0,0,0
20080613,56755,TVH',AMEX,7.53,7.53,32,0,Media & Entertainment Holdings Inc,0,0,0
20080616,56755,TVH',AMEX,7.53,7.53,1,0,Media & Entertainment Holdings Inc,0,0,0
20080617,56755,TVH',AMEX,7.59,7.59,3,0,Media & Entertainment Holdings Inc,0,0,0
20080618,56755,TVH',AMEX,7.59,7.59,19,0,Media & Entertainment Holdings Inc,0,0,0
20080619,56755,TVH',AMEX,7.59,7.59,8,0,Media & Entertainment Holdings Inc,0,0,0
20080620,56755,TVH',AMEX,7.59,7.59,3,0,Media & Entertainment Holdings Inc,0,0,0
20080623,56755,TVH',AMEX,7.59,7.59,1,0,Media & Entertainment Holdings Inc,0,0,0
20080624,56755,TVH',AMEX,7.59,7.59,1,0,Media & Entertainment Holdings Inc,0,0,0
20080625,56755,TVH',AMEX,7.62,7.62,20,0,Media & Entertainment Holdings Inc,0,0,0
20080626,56755,TVH',AMEX,7.66,7.66,1,0,Media & Entertainment Holdings Inc,0,0,0
20080627,56755,TVH',AMEX,7.62,7.62,18,0,Media & Entertainment Holdings Inc,0,0,0
20080630,56755,TVH',AMEX,7.6,7.6,250,0,Media & Entertainment Holdings Inc,0,0,0
20080701,56755,TVH',AMEX,7.59,7.59,20,0,Media & Entertainment Holdings Inc,0,0,0
20080702,56755,TVH',AMEX,7.59,7.59,25,0,Media & Entertainment Holdings Inc,0,0,0
20080703,56755,TVH',AMEX,7.59,7.59,0,0,Media & Entertainment Holdings Inc,0,0,0
20080707,56755,TVH',AMEX,7.55,7.55,901,0,Media & Entertainment Holdings Inc,0,0,0
20080708,56755,TVH',AMEX,7.59,7.59,513,0,Media & Entertainment Holdings Inc,0,0,0
20080709,56755,TVH',AMEX,7.6,7.6,200,0,Media & Entertainment Holdings Inc,0,0,0
20080710,56755,TVH',AMEX,7.6,7.6,204,0,Media & Entertainment Holdings Inc,0,0,0
20080711,56755,TVH',AMEX,7.61,7.61,2,0,Media & Entertainment Holdings Inc,0,0,0
20080714,56755,TVH',AMEX,7.6,7.6,453,0,Media & Entertainment Holdings Inc,0,0,0
20080715,56755,TVH',AMEX,7.57,7.57,1266,0,Media & Entertainment Holdings Inc,0,0,0
20080716,56755,TVH',AMEX,7.58,7.58,23,0,Media & Entertainment Holdings Inc,0,0,0
20080717,56755,TVH',AMEX,7.58,7.58,0,0,Media & Entertainment Holdings Inc,0,0,0
20080718,56755,TVH',AMEX,7.58,7.58,0,0,Media & Entertainment Holdings Inc,0,0,0
20080721,56755,TVH',AMEX,7.58,7.58,0,0,Media & Entertainment Holdings Inc,0,0,0
20080722,56755,TVH',AMEX,7.6,7.6,401,0,Media & Entertainment Holdings Inc,0,0,0
20080723,56755,TVH',AMEX,7.6,7.6,0,0,Media & Entertainment Holdings Inc,0,0,0
20080724,56755,TVH',AMEX,7.6,7.6,0,0,Media & Entertainment Holdings Inc,0,0,0
20080725,56755,TVH',AMEX,7.6,7.6,20,0,Media & Entertainment Holdings Inc,0,0,0
20080728,56755,TVH',AMEX,7.6,7.6,10,0,Media & Entertainment Holdings Inc,0,0,0
20080729,56755,TVH',AMEX,7.6,7.6,0,0,Media & Entertainment Holdings Inc,0,0,0
20080730,56755,TVH',AMEX,7.6,7.6,0,0,Media & Entertainment Holdings Inc,0,0,0
20080731,56755,TVH',AMEX,7.6,7.6,0,0,Media & Entertainment Holdings Inc,0,0,0
20080801,56755,TVH',AMEX,7.61,7.61,41,0,Media & Entertainment Holdings Inc,0,0,0
20080804,56755,TVH',AMEX,7.61,7.61,0,0,Media & Entertainment Holdings Inc,0,0,0
20080805,56755,TVH',AMEX,7.61,7.61,0,0,Media & Entertainment Holdings Inc,0,0,0
20080806,56755,TVH',AMEX,7.62,7.62,1,0,Media & Entertainment Holdings Inc,0,0,0
20080807,56755,TVH',AMEX,7.63,7.63,1,0,Media & Entertainment Holdings Inc,0,0,0
20080808,56755,TVH',AMEX,7.63,7.63,0,0,Media & Entertainment Holdings Inc,0,0,0
20080811,56755,TVH',AMEX,7.63,7.63,0,0,Media & Entertainment Holdings Inc,0,0,0
20080812,56755,TVH',AMEX,7.63,7.63,0,0,Media & Entertainment Holdings Inc,0,0,0
20080813,56755,TVH',AMEX,7.63,7.63,4,0,Media & Entertainment Holdings Inc,0,0,0
20080814,56755,TVH',AMEX,7.63,7.63,4,0,Media & Entertainment Holdings Inc,0,0,0
20080815,56755,TVH',AMEX,7.63,7.63,0,0,Media & Entertainment Holdings Inc,0,0,0
20080818,56755,TVH',AMEX,7.63,7.63,0,0,Media & Entertainment Holdings Inc,0,0,0
20080819,56755,TVH',AMEX,7.64,7.64,10,0,Media & Entertainment Holdings Inc,0,0,0
20080820,56755,TVH',AMEX,7.64,7.64,21,0,Media & Entertainment Holdings Inc,0,0,0
20080821,56755,TVH',AMEX,7.64,7.64,6,0,Media & Entertainment Holdings Inc,0,0,0
20080822,56755,TVH',AMEX,7.64,7.64,10,0,Media & Entertainment Holdings Inc,0,0,0
20080825,56755,TVH',AMEX,7.64,7.64,0,0,Media & Entertainment Holdings Inc,0,0,0
20080826,56755,TVH',AMEX,7.64,7.64,0,0,Media & Entertainment Holdings Inc,0,0,0
20080827,56755,TVH',AMEX,7.64,7.64,0,0,Media & Entertainment Holdings Inc,0,0,0
20080828,56755,TVH',AMEX,7.67,7.67,3,0,Media & Entertainment Holdings Inc,0,0,0
20080829,56755,TVH',AMEX,7.67,7.67,0,0,Media & Entertainment Holdings Inc,0,0,0
20080902,56755,TVH',AMEX,7.64,7.64,21,0,Media & Entertainment Holdings Inc,0,0,0
20080903,56755,TVH',AMEX,7.64,7.64,0,0,Media & Entertainment Holdings Inc,0,0,0
20080904,56755,TVH',AMEX,7.64,7.64,1,0,Media & Entertainment Holdings Inc,0,0,0
20080905,56755,TVH',AMEX,7.64,7.64,0,0,Media & Entertainment Holdings Inc,0,0,0
20080908,56755,TVH',AMEX,7.67,7.67,867,0,Media & Entertainment Holdings Inc,0,0,0
20080909,56755,TVH',AMEX,7.68,7.68,20,0,Media & Entertainment Holdings Inc,0,0,0
20080910,56755,TVH',AMEX,7.68,7.68,0,0,Media & Entertainment Holdings Inc,0,0,0
20080911,56755,TVH',AMEX,7.68,7.68,0,0,Media & Entertainment Holdings Inc,0,0,0
20080912,56755,TVH',AMEX,7.7,7.7,35,0,Media & Entertainment Holdings Inc,0,0,0
20080915,56755,TVH',AMEX,7.7,7.7,0,0,Media & Entertainment Holdings Inc,0,0,0
20080916,56755,TVH',AMEX,7.66,7.66,1,0,Media & Entertainment Holdings Inc,0,0,0
20080917,56755,TVH',AMEX,7.59,7.59,1441,0,Media & Entertainment Holdings Inc,0,0,0
20080918,56755,TVH',AMEX,7.63,7.63,10,0,Media & Entertainment Holdings Inc,0,0,0
20080919,56755,TVH',AMEX,7.65,7.65,100,0,Media & Entertainment Holdings Inc,0,0,0
20080922,56755,TVH',AMEX,7.65,7.65,772,0,Media & Entertainment Holdings Inc,0,0,0
20080923,56755,TVH',AMEX,7.62,7.62,555,0,Media & Entertainment Holdings Inc,0,0,0
20080924,56755,TVH',AMEX,7.6,7.6,13,0,Media & Entertainment Holdings Inc,0,0,0
20080925,56755,TVH',AMEX,7.54,7.54,1370,0,Media & Entertainment Holdings Inc,0,0,0
20080926,56755,TVH',AMEX,7.52,7.52,4,0,Media & Entertainment Holdings Inc,0,0,0
20080929,56755,TVH',AMEX,7.55,7.55,2,0,Media & Entertainment Holdings Inc,0,0,0
20080930,56755,TVH',AMEX,7.5,7.5,41,0,Media & Entertainment Holdings Inc,0,0,0
20081001,56755,TVH',AMEX,7.5,7.5,6,0,Media & Entertainment Holdings Inc,0,0,0
20081002,56755,TVH',AMEX,7.5,7.5,0,0,Media & Entertainment Holdings Inc,0,0,0
20081003,56755,TVH',AMEX,7.5,7.5,100,0,Media & Entertainment Holdings Inc,0,0,0
20081006,56755,TVH',AMEX,7.4,7.4,302,0,Media & Entertainment Holdings Inc,0,0,0
20081007,56755,TVH',AMEX,7.4,7.4,717,0,Media & Entertainment Holdings Inc,0,0,0
20081008,56755,TVH',AMEX,7.4,7.4,584,0,Media & Entertainment Holdings Inc,0,0,0
20081009,56755,TVH',AMEX,7.4,7.4,0,0,Media & Entertainment Holdings Inc,0,0,0
20081010,56755,TVH',AMEX,7.4,7.4,2432,0,Media & Entertainment Holdings Inc,0,0,0
20081013,56755,TVH',AMEX,7.4,7.4,179,0,Media & Entertainment Holdings Inc,0,0,0
20081014,56755,TVH',AMEX,7.46,7.46,8214,0,Media & Entertainment Holdings Inc,0,0,0
20081015,56755,TVH',AMEX,7.45,7.45,377,0,Media & Entertainment Holdings Inc,0,0,0
20081016,56755,TVH',AMEX,7.45,7.45,0,0,Media & Entertainment Holdings Inc,0,0,0
20081017,56755,TVH',AMEX,7.45,7.45,37,0,Media & Entertainment Holdings Inc,0,0,0
20081020,56755,TVH',AMEX,7.42,7.42,14,0,Media & Entertainment Holdings Inc,0,0,0
20081021,56755,TVH',AMEX,7.65,7.65,80,0,Media & Entertainment Holdings Inc,0,0,0
20081022,56755,TVH',AMEX,7.55,7.55,6,0,Media & Entertainment Holdings Inc,0,0,0
20081023,56755,TVH',AMEX,7.5,7.5,21,0,Media & Entertainment Holdings Inc,0,0,0
20081024,56755,TVH',AMEX,7.5,7.5,0,0,Media & Entertainment Holdings Inc,0,0,0
20081027,56755,TVH',AMEX,7.45,7.45,968,0,Media & Entertainment Holdings Inc,0,0,0
20081028,56755,TVH',AMEX,7.5,7.5,110,0,Media & Entertainment Holdings Inc,0,0,0
20081029,56755,TVH',AMEX,7.5,7.5,5,0,Media & Entertainment Holdings Inc,0,0,0
20081030,56755,TVH',AMEX,7.5,7.5,0,0,Media & Entertainment Holdings Inc,0,0,0
20081031,56755,TVH',AMEX,7.55,7.55,5,0,Media & Entertainment Holdings Inc,0,0,0
20081103,56755,TVH',AMEX,7.55,7.55,4,0,Media & Entertainment Holdings Inc,0,0,0
20081104,56755,TVH',AMEX,7.6,7.6,4,0,Media & Entertainment Holdings Inc,0,0,0
20081105,56755,TVH',AMEX,7.55,7.55,50,0,Media & Entertainment Holdings Inc,0,0,0
20081106,56755,TVH',AMEX,7.55,7.55,0,0,Media & Entertainment Holdings Inc,0,0,0
20081107,56755,TVH',AMEX,7.56,7.56,1009,0,Media & Entertainment Holdings Inc,0,0,0
20081110,56755,TVH',AMEX,7.56,7.56,0,0,Media & Entertainment Holdings Inc,0,0,0
20081111,56755,TVH',AMEX,7.61,7.61,12,0,Media & Entertainment Holdings Inc,0,0,0
20081112,56755,TVH',AMEX,7.55,7.55,2653,0,Media & Entertainment Holdings Inc,0,0,0
20081113,56755,TVH',AMEX,7.55,7.55,255,0,Media & Entertainment Holdings Inc,0,0,0
20081114,56755,TVH',AMEX,7.55,7.55,4,0,Media & Entertainment Holdings Inc,0,0,0
20081117,56755,TVH',AMEX,7.56,7.56,436,0,Media & Entertainment Holdings Inc,0,0,0
20081118,56755,TVH',AMEX,7.59,7.59,53,0,Media & Entertainment Holdings Inc,0,0,0
20081119,56755,TVH',AMEX,7.6,7.6,715,0,Media & Entertainment Holdings Inc,0,0,0
20081120,56755,TVH',AMEX,7.6,7.6,1,0,Media & Entertainment Holdings Inc,0,0,0
20081121,56755,TVH',AMEX,7.6,7.6,0,0,Media & Entertainment Holdings Inc,0,0,0
20081124,56755,TVH',AMEX,7.58,7.58,122,0,Media & Entertainment Holdings Inc,0,0,0
20081125,56755,TVH',AMEX,7.61,7.61,17,0,Media & Entertainment Holdings Inc,0,0,0
20081126,56755,TVH',AMEX,7.61,7.61,0,0,Media & Entertainment Holdings Inc,0,0,0
20081128,56755,TVH',AMEX,7.61,7.61,0,0,Media & Entertainment Holdings Inc,0,0,0
20081201,56755,TVH',AMEX,7.61,7.61,0,0,Media & Entertainment Holdings Inc,0,0,0
20081202,56755,TVH',AMEX,7.56,7.56,3,0,Media & Entertainment Holdings Inc,0,0,0
20081203,56755,TVH',AMEX,7.56,7.56,0,0,Media & Entertainment Holdings Inc,0,0,0
20081204,56755,TVH',AMEX,7.61,7.61,1577,0,Media & Entertainment Holdings Inc,0,0,0
20081205,56755,TVH',AMEX,7.63,7.63,13,0,Media & Entertainment Holdings Inc,0,0,0
20081208,56755,TVH',AMEX,7.63,7.63,0,0,Media & Entertainment Holdings Inc,0,0,0
20081209,56755,TVH',AMEX,7.63,7.63,0,0,Media & Entertainment Holdings Inc,0,0,0
20081210,56755,TVH',AMEX,7.64,7.64,3031,0,Media & Entertainment Holdings Inc,0,0,0
20081211,56755,TVH',AMEX,7.65,7.65,1518,0,Media & Entertainment Holdings Inc,0,0,0
20081212,56755,TVH',AMEX,7.64,7.64,1500,0,Media & Entertainment Holdings Inc,0,0,0
20081215,56755,TVH',AMEX,7.66,7.66,255,0,Media & Entertainment Holdings Inc,0,0,0
20081216,56755,TVH',AMEX,7.65,7.65,10,0,Media & Entertainment Holdings Inc,0,0,0
20081217,56755,TVH',AMEX,7.66,7.66,1,0,Media & Entertainment Holdings Inc,0,0,0
20081218,56755,TVH',AMEX,7.66,7.66,0,0,Media & Entertainment Holdings Inc,0,0,0
20081219,56755,TVH',AMEX,7.64,7.64,114,0,Media & Entertainment Holdings Inc,0,0,0
20081222,56755,TVH',AMEX,7.64,7.64,0,0,Media & Entertainment Holdings Inc,0,0,0
20081223,56755,TVH',AMEX,7.67,7.67,2,0,Media & Entertainment Holdings Inc,0,0,0
20081224,56755,TVH',AMEX,7.65,7.65,45,0,Media & Entertainment Holdings Inc,0,0,0
20081226,56755,TVH',AMEX,7.65,7.65,0,0,Media & Entertainment Holdings Inc,0,0,0
20081229,56755,TVH',AMEX,7.75,7.75,56,0,Media & Entertainment Holdings Inc,0,0,0
20081230,56755,TVH',AMEX,7.75,7.75,0,0,Media & Entertainment Holdings Inc,0,0,0
20081231,56755,TVH',AMEX,7.7,7.7,86,0,Media & Entertainment Holdings Inc,0,0,0
20090102,56755,TVH',AMEX,7.73,7.73,267,0,Media & Entertainment Holdings Inc,0,0,0
20090105,56755,TVH',AMEX,7.73,7.73,0,0,Media & Entertainment Holdings Inc,0,0,0
20090106,56755,TVH',AMEX,7.75,7.75,200,0,Media & Entertainment Holdings Inc,0,0,0
20090107,56755,TVH',AMEX,7.72,7.72,1198,0,Media & Entertainment Holdings Inc,0,0,0
20090108,56755,TVH',AMEX,7.72,7.72,523,0,Media & Entertainment Holdings Inc,0,0,0
20090109,56755,TVH',AMEX,7.71,7.71,16,0,Media & Entertainment Holdings Inc,0,0,0
20090112,56755,TVH',AMEX,7.74,7.74,397,0,Media & Entertainment Holdings Inc,0,0,0
20090113,56755,TVH',AMEX,7.74,7.74,2010,0,Media & Entertainment Holdings Inc,0,0,0
20090114,56755,TVH',AMEX,7.81,7.81,2163,0,Media & Entertainment Holdings Inc,0,0,0
20090115,56755,TVH',AMEX,7.81,7.81,2531,0,Media & Entertainment Holdings Inc,0,0,0
20090116,56755,TVH',AMEX,7.8,7.8,558,0,Media & Entertainment Holdings Inc,0,0,0
20090120,56755,TVH',AMEX,7.8,7.8,16,0,Media & Entertainment Holdings Inc,0,0,0
20090121,56755,TVH',AMEX,7.79,7.79,1,0,Media & Entertainment Holdings Inc,0,0,0
20090122,56755,TVH',AMEX,7.79,7.79,0,0,Media & Entertainment Holdings Inc,0,0,0
20090123,56755,TVH',AMEX,7.76,7.76,605,0,Media & Entertainment Holdings Inc,0,0,0
20090126,56755,TVH',AMEX,7.79,7.79,501,0,Media & Entertainment Holdings Inc,0,0,0
20090127,56755,TVH',AMEX,7.78,7.78,21,0,Media & Entertainment Holdings Inc,0,0,0
20090128,56755,TVH',AMEX,7.81,7.81,326,0,Media & Entertainment Holdings Inc,0,0,0
20090129,56755,TVH',AMEX,7.79,7.79,902,0,Media & Entertainment Holdings Inc,0,0,0
20090130,56755,TVH',AMEX,7.79,7.79,5,0,Media & Entertainment Holdings Inc,0,0,0
20090202,56755,TVH',AMEX,7.78,7.78,2,0,Media & Entertainment Holdings Inc,0,0,0
20090203,56755,TVH',AMEX,7.78,7.78,0,0,Media & Entertainment Holdings Inc,0,0,0
20090204,56755,TVH',AMEX,7.78,7.78,0,0,Media & Entertainment Holdings Inc,0,0,0
20090205,56755,TVH',AMEX,7.78,7.78,177,0,Media & Entertainment Holdings Inc,0,0,0
20090206,56755,TVH',AMEX,7.79,7.79,738,0,Media & Entertainment Holdings Inc,0,0,0
20090209,56755,TVH',AMEX,7.8,7.8,4,0,Media & Entertainment Holdings Inc,0,0,0
20090210,56755,TVH',AMEX,7.8,7.8,0,0,Media & Entertainment Holdings Inc,0,0,0
20090211,56755,TVH',AMEX,7.8,7.8,0,0,Media & Entertainment Holdings Inc,0,0,0
20090212,56755,TVH',AMEX,7.8,7.8,100,0,Media & Entertainment Holdings Inc,0,0,0
20090213,56755,TVH',AMEX,7.8,7.8,5,0,Media & Entertainment Holdings Inc,0,0,0
20090217,56755,TVH',AMEX,7.8,7.8,5,0,Media & Entertainment Holdings Inc,0,0,0
20090218,56755,TVH',AMEX,7.8,7.8,0,0,Media & Entertainment Holdings Inc,0,0,0
20090219,56755,TVH',AMEX,7.83,7.83,8,0,Media & Entertainment Holdings Inc,0,0,0
20090220,56755,TVH',AMEX,7.83,7.83,2000,0,Media & Entertainment Holdings Inc,0,0,0
20090223,56755,TVH',AMEX,7.83,7.83,0,0,Media & Entertainment Holdings Inc,0,0,0
20090224,56755,TVH',AMEX,7.83,7.83,0,0,Media & Entertainment Holdings Inc,0,0,0
20090225,56755,TVH',AMEX,7.82,7.82,53,0,Media & Entertainment Holdings Inc,0,0,0
20090226,56755,TVH',AMEX,7.83,7.83,20,0,Media & Entertainment Holdings Inc,0,0,0
20090227,56755,TVH',AMEX,7.83,7.83,0,0,Media & Entertainment Holdings Inc,0,0,0
20090302,56755,TVH',AMEX,7.8,7.8,15346,0,Media & Entertainment Holdings Inc,0,0,0
20090303,56755,TVH',AMEX,7.79,7.79,500,0,Media & Entertainment Holdings Inc,0,0,0
20090304,56755,TVH',AMEX,7.8,7.8,11481,0,Media & Entertainment Holdings Inc,0,0,0
20090305,56755,TVH',AMEX,7.8,7.8,200,0,Media & Entertainment Holdings Inc,0,0,0
20090306,56755,TVH',AMEX,7.8,7.8,2187,0,Media & Entertainment Holdings Inc,0,0,0
20090309,56755,TVH',AMEX,7.8,7.8,1675,0,Media & Entertainment Holdings Inc,0,0,0
20090310,56755,TVH',AMEX,7.8,7.8,0,0,Media & Entertainment Holdings Inc,0,0,0
20090311,56755,TVH',AMEX,7.83,7.83,20,0,Media & Entertainment Holdings Inc,0,0,0
20090312,56755,TVH',AMEX,7.83,7.83,0,0,Media & Entertainment Holdings Inc,0,0,0
20090313,56755,TVH',AMEX,7.82,7.82,60,0,Media & Entertainment Holdings Inc,0,0,0
20090316,56755,TVH',AMEX,7.82,7.82,13,0,Media & Entertainment Holdings Inc,0,0,0
20090317,56755,TVH',AMEX,7.83,7.83,4,0,Media & Entertainment Holdings Inc,0,0,0
20090318,56755,TVH',AMEX,7.81,7.81,6437,0,Media & Entertainment Holdings Inc,0,0,0
20090319,56755,TVH',AMEX,7.81,7.81,748,0,Media & Entertainment Holdings Inc,0,0,0
20090320,56755,TVH',AMEX,7.81,7.81,586,0,Media & Entertainment Holdings Inc,0,0,0
20090323,56755,TVH',AMEX,7.81,7.81,1534,0,Media & Entertainment Holdings Inc,0,0,0
20090324,56755,TVH',AMEX,7.81,7.81,165,0,Media & Entertainment Holdings Inc,0,0,0
20090325,56755,TVH',AMEX,7.81,7.81,102,0,Media & Entertainment Holdings Inc,0,0,0
20090326,56755,TVH',AMEX,7.81,7.81,50,0,Media & Entertainment Holdings Inc,0,0,0
20090327,56755,TVH',AMEX,7.81,7.81,20,0,Media & Entertainment Holdings Inc,0,0,0
20090330,56755,TVH',AMEX,7.81,7.81,132,0,Media & Entertainment Holdings Inc,0,0,0
20090331,56755,TVH',AMEX,7.81,7.81,30,0,Media & Entertainment Holdings Inc,0,0,0
20090401,56755,TVH',AMEX,7.8,7.8,248,0,Media & Entertainment Holdings Inc,0,0,0
20090402,56755,TVH',AMEX,7.8,7.8,10,0,Media & Entertainment Holdings Inc,0,0,0
20090403,56755,TVH',AMEX,7.8,7.8,52,0,Media & Entertainment Holdings Inc,0,0,0
20090406,56755,TVH',AMEX,7.78,7.78,12,0,Media & Entertainment Holdings Inc,0,0,0
20090407,56755,TVH',AMEX,7.81,7.81,50,0,Media & Entertainment Holdings Inc,0,0,0
20090408,56755,TVH',AMEX,7.81,7.81,22,0,Media & Entertainment Holdings Inc,0,0,0
20090409,56755,TVH',AMEX,7.8,7.8,2,0,Media & Entertainment Holdings Inc,0,0,0
20090413,56755,TVH',AMEX,7.8,7.8,0,0,Media & Entertainment Holdings Inc,0,0,0
20090414,56755,TVH',AMEX,7.8,7.8,0,0,Media & Entertainment Holdings Inc,0,0,0
20090415,56755,TVH',AMEX,7.8,7.8,0,0,Media & Entertainment Holdings Inc,0,0,0
20090416,56755,TVH',AMEX,7.81,7.81,610,0,Media & Entertainment Holdings Inc,0,0,0
20090417,56755,TVH',AMEX,7.81,7.81,0,0,Media & Entertainment Holdings Inc,0,0,0
20090420,56755,TVH',AMEX,7.8,7.8,20,0,Media & Entertainment Holdings Inc,0,0,0
20090421,56755,TVH',AMEX,7.81,7.81,10,0,Media & Entertainment Holdings Inc,0,0,0
20090422,56755,TVH',AMEX,7.82,7.82,8,0,Media & Entertainment Holdings Inc,0,0,0
20090423,56755,TVH',AMEX,7.8,7.8,38,0,Media & Entertainment Holdings Inc,0,0,0
20090424,56755,TVH',AMEX,7.8,7.8,1000,0,Media & Entertainment Holdings Inc,0,0,0
20090427,56755,TVH',AMEX,7.79,7.79,2,0,Media & Entertainment Holdings Inc,0,0,0
20090428,56755,TVH',AMEX,7.81,7.81,2,0,Media & Entertainment Holdings Inc,0,0,0
20090429,56755,TVH',AMEX,7.82,7.82,5,0,Media & Entertainment Holdings Inc,0,0,0
20090430,56755,TVH',AMEX,7.81,7.81,103,0,Media & Entertainment Holdings Inc,0,0,0
20090501,56755,TVH',AMEX,7.83,7.83,61,0,Media & Entertainment Holdings Inc,0,0,0
20090504,56755,TVH',AMEX,7.83,7.83,0,0,Media & Entertainment Holdings Inc,0,0,0
20090505,56755,TVH',AMEX,7.83,7.83,0,0,Media & Entertainment Holdings Inc,0,0,0
20090506,56755,TVH',AMEX,7.83,7.83,5,0,Media & Entertainment Holdings Inc,0,0,0
20090507,56755,TVH',AMEX,7.83,7.83,0,0,Media & Entertainment Holdings Inc,0,0,0
20090508,56755,TVH',AMEX,7.83,7.83,0,0,Media & Entertainment Holdings Inc,0,0,0
20090511,56755,TVH',AMEX,7.83,7.83,0,0,Media & Entertainment Holdings Inc,0,0,0
20090512,56755,TVH',AMEX,7.83,7.83,0,0,Media & Entertainment Holdings Inc,0,0,0
20090513,56755,TVH',AMEX,7.83,7.83,0,0,Media & Entertainment Holdings Inc,0,0,0
20090514,56755,TVH',AMEX,7.79,7.79,124,0,Media & Entertainment Holdings Inc,0,0,0
20090515,56755,TVH',AMEX,7.83,7.83,682,0,Media & Entertainment Holdings Inc,0,0,0
20090518,56755,TVH',AMEX,7.81,7.81,716,0,Media & Entertainment Holdings Inc,0,0,0
20090519,56755,TVH',AMEX,7.83,7.83,985,0,Media & Entertainment Holdings Inc,0,0,0
20090520,56755,TVH',AMEX,7.84,7.84,616,0,Media & Entertainment Holdings Inc,0,0,0
20090521,56755,TVH',AMEX,7.84,7.84,118,0,Media & Entertainment Holdings Inc,0,0,0
20090522,56755,TVH',AMEX,7.82,7.82,275,0,Media & Entertainment Holdings Inc,0,0,0
20090526,56755,TVH',AMEX,7.82,7.82,0,0,Media & Entertainment Holdings Inc,0,0,0
20090527,56755,TVH',AMEX,7.84,7.84,5,0,Media & Entertainment Holdings Inc,0,0,0
20090528,56755,TVH',AMEX,7.84,7.84,104,0,Media & Entertainment Holdings Inc,0,0,0
20090529,56755,TVH',AMEX,7.85,7.85,162,0,Media & Entertainment Holdings Inc,0,0,0
20090601,56755,TVH',AMEX,7.84,7.84,110,0,Media & Entertainment Holdings Inc,0,0,0
20090602,56755,TVH',AMEX,7.85,7.85,112,0,Media & Entertainment Holdings Inc,0,0,0
20090603,56755,TVH',AMEX,7.85,7.85,78,0,Media & Entertainment Holdings Inc,0,0,0
20090604,56755,TVH',AMEX,7.85,7.85,0,0,Media & Entertainment Holdings Inc,0,0,0
20090605,56755,TVH',AMEX,7.85,7.85,0,0,Media & Entertainment Holdings Inc,0,0,0
20090608,56755,TVH',AMEX,7.85,7.85,0,0,Media & Entertainment Holdings Inc,0,0,0
20090609,56755,TVH',AMEX,7.83,7.83,191,0,Media & Entertainment Holdings Inc,0,0,0
20090610,56755,TVH',AMEX,7.85,7.85,202,0,Media & Entertainment Holdings Inc,0,0,0
20090611,56755,TVH',AMEX,7.85,7.85,133,0,Media & Entertainment Holdings Inc,0,0,0
20090612,56755,TVH',AMEX,7.85,7.85,0,0,Media & Entertainment Holdings Inc,0,0,0
20090615,56755,TVH',AMEX,7.85,7.85,0,0,Media & Entertainment Holdings Inc,0,0,0
20090616,56755,TVH',AMEX,7.85,7.85,0,0,Media & Entertainment Holdings Inc,0,0,0
20090617,56755,TVH',AMEX,7.85,7.85,0,0,Media & Entertainment Holdings Inc,0,0,0
20090618,56755,TVH',AMEX,7.85,7.85,0,0,Media & Entertainment Holdings Inc,0,0,0
20090619,56755,TVH',AMEX,7.85,7.85,0,0,Media & Entertainment Holdings Inc,0,0,0
20090622,56755,TVH',AMEX,7.85,7.85,0,0,Media & Entertainment Holdings Inc,0,0,0
20090623,56755,TVH',AMEX,7.85,7.85,0,0,Media & Entertainment Holdings Inc,0,0,0
20090624,56755,TVH',AMEX,7.85,7.85,0,0,Media & Entertainment Holdings Inc,0,0,0
20090625,56755,TVH',AMEX,7.85,7.85,0,0,Media & Entertainment Holdings Inc,0,0,0
20090626,56755,TVH',AMEX,7.85,7.85,0,0,Media & Entertainment Holdings Inc,0,0,0
20090629,56755,TVH',AMEX,7.85,7.85,0,0,Media & Entertainment Holdings Inc,0,0,0
20090630,56755,TVH',AMEX,7.85,7.85,0,0,Media & Entertainment Holdings Inc,0,0,0
20090701,56755,TVH',AMEX,7.85,7.85,0,0,Media & Entertainment Holdings Inc,0,0,0
20090702,56755,TVH',AMEX,7.85,7.85,0,0,Media & Entertainment Holdings Inc,0,0,0
20090706,56755,TVH',AMEX,7.85,7.85,0,0,Media & Entertainment Holdings Inc,0,0,0
20090707,56755,TVH',AMEX,7.85,7.85,0,0,Media & Entertainment Holdings Inc,0,0,0
20090708,56755,TVH',AMEX,7.85,7.85,0,0,Media & Entertainment Holdings Inc,0,0,0
20090709,56755,TVH',AMEX,7.85,7.85,0,0,Media & Entertainment Holdings Inc,0,0,0
20090710,56755,TVH',AMEX,7.85,7.85,0,0,Media & Entertainment Holdings Inc,0,0,0
20090713,56755,TVH',AMEX,7.85,7.85,0,0,Media & Entertainment Holdings Inc,0,0,0
20090714,56755,TVH',AMEX,7.85,7.85,0,0,Media & Entertainment Holdings Inc,0,0,0
20090715,56755,TVH',AMEX,7.85,7.85,0,0,Media & Entertainment Holdings Inc,0,0,0
20090716,56755,TVH',AMEX,7.85,7.85,0,0,Media & Entertainment Holdings Inc,0,0,0
20090717,56755,TVH',AMEX,7.85,7.85,0,0,Media & Entertainment Holdings Inc,0,0,0
20090720,56755,TVH',AMEX,7.85,7.85,0,0,Media & Entertainment Holdings Inc,0,0,0
20090721,56755,TVH',AMEX,7.85,7.85,0,0,Media & Entertainment Holdings Inc,0,0,0
20090722,56755,TVH',AMEX,7.85,7.85,0,0,Media & Entertainment Holdings Inc,0,0,0
20090723,56755,TVH',AMEX,7.85,7.85,0,0,Media & Entertainment Holdings Inc,0,0,0
20090724,56755,TVH',AMEX,7.85,7.85,0,0,Media & Entertainment Holdings Inc,0,0,0
20090727,56755,TVH',AMEX,7.85,7.85,0,0,Media & Entertainment Holdings Inc,0,0,0
20090728,56755,TVH',AMEX,7.85,7.85,0,0,Media & Entertainment Holdings Inc,0,0,0
20090729,56755,TVH',AMEX,7.85,7.85,0,0,Media & Entertainment Holdings Inc,0,0,0
20090730,56755,TVH',AMEX,7.85,7.85,0,0,Media & Entertainment Holdings Inc,0,0,0
20090731,56755,TVH',AMEX,7.85,7.85,0,0,Media & Entertainment Holdings Inc,0,0,0
20090803,56755,TVH',AMEX,7.85,7.85,0,0,Media & Entertainment Holdings Inc,0,0,0
20090804,56755,TVH',AMEX,7.85,7.85,0,0,Media & Entertainment Holdings Inc,0,0,0
20090805,56755,TVH',AMEX,7.85,7.85,0,0,Media & Entertainment Holdings Inc,0,0,0
