DDate,CSINumber,Symbol,Exchange,DClose,UnAdjustedClose,TotalVolume,Cash,MarketName,PTB,PSR,DPS
20070730,56881,SJP',NYSE,9.8,9.8,100,0,Citigroup Funding Inc,0,0,0
20070731,56881,SJP',NYSE,9.9,9.9,100,0,Citigroup Funding Inc,0,0,0
20070801,56881,SJP',NYSE,9.9,9.9,0,0,Citigroup Funding Inc,0,0,0
20070802,56881,SJP',NYSE,9.9,9.9,0,0,Citigroup Funding Inc,0,0,0
20070803,56881,SJP',NYSE,9.9,9.9,0,0,Citigroup Funding Inc,0,0,0
20070806,56881,SJP',NYSE,9.9,9.9,0,0,Citigroup Funding Inc,0,0,0
20070807,56881,SJP',NYSE,9.9,9.9,0,0,Citigroup Funding Inc,0,0,0
20070808,56881,SJP',NYSE,9.9,9.9,0,0,Citigroup Funding Inc,0,0,0
20070809,56881,SJP',NYSE,9.9,9.9,0,0,Citigroup Funding Inc,0,0,0
20070810,56881,SJP',NYSE,9.9,9.9,0,0,Citigroup Funding Inc,0,0,0
20070813,56881,SJP',NYSE,9.9,9.9,0,0,Citigroup Funding Inc,0,0,0
20070814,56881,SJP',NYSE,9.9,9.9,0,0,Citigroup Funding Inc,0,0,0
20070815,56881,SJP',NYSE,9.9,9.9,0,0,Citigroup Funding Inc,0,0,0
20070816,56881,SJP',NYSE,9.25,9.25,74,0,Citigroup Funding Inc,0,0,0
20070817,56881,SJP',NYSE,9.25,9.25,0,0,Citigroup Funding Inc,0,0,0
20070820,56881,SJP',NYSE,9.25,9.25,0,0,Citigroup Funding Inc,0,0,0
20070821,56881,SJP',NYSE,9.2,9.2,20,0,Citigroup Funding Inc,0,0,0
20070822,56881,SJP',NYSE,9.2,9.2,0,0,Citigroup Funding Inc,0,0,0
20070823,56881,SJP',NYSE,9.2,9.2,0,0,Citigroup Funding Inc,0,0,0
20070824,56881,SJP',NYSE,9.2,9.2,0,0,Citigroup Funding Inc,0,0,0
20070827,56881,SJP',NYSE,9.3,9.3,20,0,Citigroup Funding Inc,0,0,0
20070828,56881,SJP',NYSE,9.3,9.3,0,0,Citigroup Funding Inc,0,0,0
20070829,56881,SJP',NYSE,9.3,9.3,0,0,Citigroup Funding Inc,0,0,0
20070830,56881,SJP',NYSE,9.3,9.3,0,0,Citigroup Funding Inc,0,0,0
20070831,56881,SJP',NYSE,9.45,9.45,4,0,Citigroup Funding Inc,0,0,0
20070904,56881,SJP',NYSE,9.45,9.45,0,0,Citigroup Funding Inc,0,0,0
20070905,56881,SJP',NYSE,9.45,9.45,0,0,Citigroup Funding Inc,0,0,0
20070906,56881,SJP',NYSE,9.45,9.45,0,0,Citigroup Funding Inc,0,0,0
20070907,56881,SJP',NYSE,9.45,9.45,0,0,Citigroup Funding Inc,0,0,0
20070910,56881,SJP',NYSE,9.2,9.2,6,0,Citigroup Funding Inc,0,0,0
20070911,56881,SJP',NYSE,9.2,9.2,4,0,Citigroup Funding Inc,0,0,0
20070912,56881,SJP',NYSE,9.2,9.2,0,0,Citigroup Funding Inc,0,0,0
20070913,56881,SJP',NYSE,9.15,9.15,20,0,Citigroup Funding Inc,0,0,0
20070914,56881,SJP',NYSE,9.15,9.15,0,0,Citigroup Funding Inc,0,0,0
20070917,56881,SJP',NYSE,9.4,9.4,6,0,Citigroup Funding Inc,0,0,0
20070918,56881,SJP',NYSE,9.45,9.45,20,0,Citigroup Funding Inc,0,0,0
20070919,56881,SJP',NYSE,9.55,9.55,40,0,Citigroup Funding Inc,0,0,0
20070920,56881,SJP',NYSE,9.4,9.4,10,0,Citigroup Funding Inc,0,0,0
20070921,56881,SJP',NYSE,9.4,9.4,25,0,Citigroup Funding Inc,0,0,0
20070924,56881,SJP',NYSE,9.4,9.4,23,0,Citigroup Funding Inc,0,0,0
20070925,56881,SJP',NYSE,9.4,9.4,44,0,Citigroup Funding Inc,0,0,0
20070926,56881,SJP',NYSE,9.4,9.4,0,0,Citigroup Funding Inc,0,0,0
20070927,56881,SJP',NYSE,9.4,9.4,0,0,Citigroup Funding Inc,0,0,0
20070928,56881,SJP',NYSE,9.45,9.45,25,0,Citigroup Funding Inc,0,0,0
20071001,56881,SJP',NYSE,9.45,9.45,0,0,Citigroup Funding Inc,0,0,0
20071002,56881,SJP',NYSE,9.65,9.65,20,0,Citigroup Funding Inc,0,0,0
20071003,56881,SJP',NYSE,9.6,9.6,20,0,Citigroup Funding Inc,0,0,0
20071004,56881,SJP',NYSE,9.6,9.6,0,0,Citigroup Funding Inc,0,0,0
20071005,56881,SJP',NYSE,9.65,9.65,72,0,Citigroup Funding Inc,0,0,0
20071008,56881,SJP',NYSE,9.65,9.65,0,0,Citigroup Funding Inc,0,0,0
20071009,56881,SJP',NYSE,9.75,9.75,30,0,Citigroup Funding Inc,0,0,0
20071010,56881,SJP',NYSE,9.75,9.75,0,0,Citigroup Funding Inc,0,0,0
20071011,56881,SJP',NYSE,9.6,9.6,20,0,Citigroup Funding Inc,0,0,0
20071012,56881,SJP',NYSE,9.6,9.6,0,0,Citigroup Funding Inc,0,0,0
20071015,56881,SJP',NYSE,9.6,9.6,8,0,Citigroup Funding Inc,0,0,0
20071016,56881,SJP',NYSE,9.6,9.6,0,0,Citigroup Funding Inc,0,0,0
20071017,56881,SJP',NYSE,9.55,9.55,50,0,Citigroup Funding Inc,0,0,0
20071018,56881,SJP',NYSE,9.55,9.55,0,0,Citigroup Funding Inc,0,0,0
20071019,56881,SJP',NYSE,9.45,9.45,10,0,Citigroup Funding Inc,0,0,0
20071022,56881,SJP',NYSE,9.35,9.35,70,0,Citigroup Funding Inc,0,0,0
20071023,56881,SJP',NYSE,9.55,9.55,10,0,Citigroup Funding Inc,0,0,0
20071024,56881,SJP',NYSE,9.55,9.55,0,0,Citigroup Funding Inc,0,0,0
20071025,56881,SJP',NYSE,9.55,9.55,0,0,Citigroup Funding Inc,0,0,0
20071026,56881,SJP',NYSE,9.55,9.55,0,0,Citigroup Funding Inc,0,0,0
20071029,56881,SJP',NYSE,9.35,9.35,60,0,Citigroup Funding Inc,0,0,0
20071030,56881,SJP',NYSE,9.35,9.35,0,0,Citigroup Funding Inc,0,0,0
20071031,56881,SJP',NYSE,9.55,9.55,40,0,Citigroup Funding Inc,0,0,0
20071101,56881,SJP',NYSE,9.55,9.55,0,0,Citigroup Funding Inc,0,0,0
20071102,56881,SJP',NYSE,9.25,9.25,5,0,Citigroup Funding Inc,0,0,0
20071105,56881,SJP',NYSE,9.25,9.25,30,0,Citigroup Funding Inc,0,0,0
20071106,56881,SJP',NYSE,9.2,9.2,10,0,Citigroup Funding Inc,0,0,0
20071107,56881,SJP',NYSE,9.2,9.2,0,0,Citigroup Funding Inc,0,0,0
20071108,56881,SJP',NYSE,9.2,9.2,0,0,Citigroup Funding Inc,0,0,0
20071109,56881,SJP',NYSE,9.2,9.2,0,0,Citigroup Funding Inc,0,0,0
20071112,56881,SJP',NYSE,9.2,9.2,0,0,Citigroup Funding Inc,0,0,0
20071113,56881,SJP',NYSE,9.2,9.2,0,0,Citigroup Funding Inc,0,0,0
20071114,56881,SJP',NYSE,9,9,74,0,Citigroup Funding Inc,0,0,0
20071115,56881,SJP',NYSE,9,9,0,0,Citigroup Funding Inc,0,0,0
20071116,56881,SJP',NYSE,9,9,0,0,Citigroup Funding Inc,0,0,0
20071119,56881,SJP',NYSE,9.1,9.1,11,0,Citigroup Funding Inc,0,0,0
20071120,56881,SJP',NYSE,9.1,9.1,0,0,Citigroup Funding Inc,0,0,0
20071121,56881,SJP',NYSE,9,9,9,0,Citigroup Funding Inc,0,0,0
20071123,56881,SJP',NYSE,9,9,0,0,Citigroup Funding Inc,0,0,0
20071126,56881,SJP',NYSE,9.01,9.01,17,0,Citigroup Funding Inc,0,0,0
20071127,56881,SJP',NYSE,8.9,8.9,2050,0,Citigroup Funding Inc,0,0,0
20071128,56881,SJP',NYSE,9,9,79,0,Citigroup Funding Inc,0,0,0
20071129,56881,SJP',NYSE,9.2,9.2,183,0,Citigroup Funding Inc,0,0,0
20071130,56881,SJP',NYSE,9.2,9.2,0,0,Citigroup Funding Inc,0,0,0
20071203,56881,SJP',NYSE,9.1,9.1,80,0,Citigroup Funding Inc,0,0,0
20071204,56881,SJP',NYSE,9.02,9.02,111,0,Citigroup Funding Inc,0,0,0
20071205,56881,SJP',NYSE,9.2,9.2,27,0,Citigroup Funding Inc,0,0,0
20071206,56881,SJP',NYSE,9.25,9.25,50,0,Citigroup Funding Inc,0,0,0
20071207,56881,SJP',NYSE,9.25,9.25,350,0,Citigroup Funding Inc,0,0,0
20071210,56881,SJP',NYSE,9.45,9.45,164,0,Citigroup Funding Inc,0,0,0
20071211,56881,SJP',NYSE,9.35,9.35,25,0,Citigroup Funding Inc,0,0,0
20071212,56881,SJP',NYSE,9.35,9.35,0,0,Citigroup Funding Inc,0,0,0
20071213,56881,SJP',NYSE,9.15,9.15,5,0,Citigroup Funding Inc,0,0,0
20071214,56881,SJP',NYSE,9.15,9.15,0,0,Citigroup Funding Inc,0,0,0
20071217,56881,SJP',NYSE,9.05,9.05,80,0,Citigroup Funding Inc,0,0,0
20071218,56881,SJP',NYSE,9.05,9.05,60,0,Citigroup Funding Inc,0,0,0
20071219,56881,SJP',NYSE,9.05,9.05,0,0,Citigroup Funding Inc,0,0,0
20071220,56881,SJP',NYSE,9.05,9.05,0,0,Citigroup Funding Inc,0,0,0
20071221,56881,SJP',NYSE,9.1,9.1,103,0,Citigroup Funding Inc,0,0,0
20071224,56881,SJP',NYSE,9.1,9.1,0,0,Citigroup Funding Inc,0,0,0
20071226,56881,SJP',NYSE,9.07,9.07,25,0,Citigroup Funding Inc,0,0,0
20071227,56881,SJP',NYSE,9.45,9.45,172,0,Citigroup Funding Inc,0,0,0
20071228,56881,SJP',NYSE,9.45,9.45,0,0,Citigroup Funding Inc,0,0,0
20071231,56881,SJP',NYSE,9.1,9.1,23,0,Citigroup Funding Inc,0,0,0
20080102,56881,SJP',NYSE,9.1,9.1,0,0,Citigroup Funding Inc,0,0,0
20080103,56881,SJP',NYSE,9.1,9.1,0,0,Citigroup Funding Inc,0,0,0
20080104,56881,SJP',NYSE,8.9,8.9,172,0,Citigroup Funding Inc,0,0,0
20080107,56881,SJP',NYSE,8.85,8.85,25,0,Citigroup Funding Inc,0,0,0
20080108,56881,SJP',NYSE,8.85,8.85,0,0,Citigroup Funding Inc,0,0,0
20080109,56881,SJP',NYSE,8.75,8.75,155,0,Citigroup Funding Inc,0,0,0
20080110,56881,SJP',NYSE,8.75,8.75,34,0,Citigroup Funding Inc,0,0,0
20080111,56881,SJP',NYSE,8.99,8.99,10,0,Citigroup Funding Inc,0,0,0
20080114,56881,SJP',NYSE,8.99,8.99,0,0,Citigroup Funding Inc,0,0,0
20080115,56881,SJP',NYSE,8.7,8.7,17,0,Citigroup Funding Inc,0,0,0
20080116,56881,SJP',NYSE,8.7,8.7,0,0,Citigroup Funding Inc,0,0,0
20080117,56881,SJP',NYSE,8.55,8.55,40,0,Citigroup Funding Inc,0,0,0
20080118,56881,SJP',NYSE,8.4,8.4,10,0,Citigroup Funding Inc,0,0,0
20080122,56881,SJP',NYSE,8,8,70,0,Citigroup Funding Inc,0,0,0
20080123,56881,SJP',NYSE,8,8,25,0,Citigroup Funding Inc,0,0,0
20080124,56881,SJP',NYSE,8,8,0,0,Citigroup Funding Inc,0,0,0
20080125,56881,SJP',NYSE,8.3,8.3,21,0,Citigroup Funding Inc,0,0,0
20080128,56881,SJP',NYSE,8.3,8.3,0,0,Citigroup Funding Inc,0,0,0
20080129,56881,SJP',NYSE,8.11,8.11,16,0,Citigroup Funding Inc,0,0,0
20080130,56881,SJP',NYSE,8.3,8.3,10,0,Citigroup Funding Inc,0,0,0
20080131,56881,SJP',NYSE,8.16,8.16,150,0,Citigroup Funding Inc,0,0,0
20080201,56881,SJP',NYSE,8.4,8.4,110,0,Citigroup Funding Inc,0,0,0
20080204,56881,SJP',NYSE,8.4,8.4,0,0,Citigroup Funding Inc,0,0,0
20080205,56881,SJP',NYSE,8.4,8.4,0,0,Citigroup Funding Inc,0,0,0
20080206,56881,SJP',NYSE,8.4,8.4,0,0,Citigroup Funding Inc,0,0,0
20080207,56881,SJP',NYSE,8.4,8.4,0,0,Citigroup Funding Inc,0,0,0
20080208,56881,SJP',NYSE,8.4,8.4,0,0,Citigroup Funding Inc,0,0,0
20080211,56881,SJP',NYSE,8.4,8.4,0,0,Citigroup Funding Inc,0,0,0
20080212,56881,SJP',NYSE,8.2,8.2,20,0,Citigroup Funding Inc,0,0,0
20080213,56881,SJP',NYSE,8.2,8.2,0,0,Citigroup Funding Inc,0,0,0
20080214,56881,SJP',NYSE,8.2,8.2,0,0,Citigroup Funding Inc,0,0,0
20080215,56881,SJP',NYSE,8.2,8.2,0,0,Citigroup Funding Inc,0,0,0
20080219,56881,SJP',NYSE,8.2,8.2,0,0,Citigroup Funding Inc,0,0,0
20080220,56881,SJP',NYSE,8.2,8.2,0,0,Citigroup Funding Inc,0,0,0
20080221,56881,SJP',NYSE,8.2,8.2,0,0,Citigroup Funding Inc,0,0,0
20080222,56881,SJP',NYSE,8.2,8.2,0,0,Citigroup Funding Inc,0,0,0
20080225,56881,SJP',NYSE,8.21,8.21,14,0,Citigroup Funding Inc,0,0,0
20080226,56881,SJP',NYSE,8.27,8.27,40,0,Citigroup Funding Inc,0,0,0
20080227,56881,SJP',NYSE,8.27,8.27,0,0,Citigroup Funding Inc,0,0,0
20080228,56881,SJP',NYSE,8.27,8.27,0,0,Citigroup Funding Inc,0,0,0
20080229,56881,SJP',NYSE,8.27,8.27,0,0,Citigroup Funding Inc,0,0,0
20080303,56881,SJP',NYSE,8.27,8.27,0,0,Citigroup Funding Inc,0,0,0
20080304,56881,SJP',NYSE,8.27,8.27,0,0,Citigroup Funding Inc,0,0,0
20080305,56881,SJP',NYSE,8.27,8.27,0,0,Citigroup Funding Inc,0,0,0
20080306,56881,SJP',NYSE,8.27,8.27,0,0,Citigroup Funding Inc,0,0,0
20080307,56881,SJP',NYSE,8.05,8.05,7,0,Citigroup Funding Inc,0,0,0
20080310,56881,SJP',NYSE,7.75,7.75,105,0,Citigroup Funding Inc,0,0,0
20080311,56881,SJP',NYSE,7.76,7.76,45,0,Citigroup Funding Inc,0,0,0
20080312,56881,SJP',NYSE,7.76,7.76,0,0,Citigroup Funding Inc,0,0,0
20080313,56881,SJP',NYSE,7.76,7.76,0,0,Citigroup Funding Inc,0,0,0
20080314,56881,SJP',NYSE,7.75,7.75,6,0,Citigroup Funding Inc,0,0,0
20080317,56881,SJP',NYSE,7.75,7.75,10,0,Citigroup Funding Inc,0,0,0
20080318,56881,SJP',NYSE,7.66,7.66,10,0,Citigroup Funding Inc,0,0,0
20080319,56881,SJP',NYSE,7.71,7.71,10,0,Citigroup Funding Inc,0,0,0
20080320,56881,SJP',NYSE,7.7,7.7,18,0,Citigroup Funding Inc,0,0,0
20080324,56881,SJP',NYSE,7.7,7.7,0,0,Citigroup Funding Inc,0,0,0
20080325,56881,SJP',NYSE,7.9,7.9,10,0,Citigroup Funding Inc,0,0,0
20080326,56881,SJP',NYSE,7.9,7.9,0,0,Citigroup Funding Inc,0,0,0
20080327,56881,SJP',NYSE,8,8,100,0,Citigroup Funding Inc,0,0,0
20080328,56881,SJP',NYSE,8,8,0,0,Citigroup Funding Inc,0,0,0
20080331,56881,SJP',NYSE,8.1,8.1,13,0,Citigroup Funding Inc,0,0,0
20080401,56881,SJP',NYSE,8.02,8.02,103,0,Citigroup Funding Inc,0,0,0
20080402,56881,SJP',NYSE,8.4,8.4,32,0,Citigroup Funding Inc,0,0,0
20080403,56881,SJP',NYSE,8.4,8.4,0,0,Citigroup Funding Inc,0,0,0
20080404,56881,SJP',NYSE,8.27,8.27,60,0,Citigroup Funding Inc,0,0,0
20080407,56881,SJP',NYSE,8.26,8.26,25,0,Citigroup Funding Inc,0,0,0
20080408,56881,SJP',NYSE,8.28,8.28,105,0,Citigroup Funding Inc,0,0,0
20080409,56881,SJP',NYSE,8.27,8.27,25,0,Citigroup Funding Inc,0,0,0
20080410,56881,SJP',NYSE,8.27,8.27,0,0,Citigroup Funding Inc,0,0,0
20080411,56881,SJP',NYSE,8.3,8.3,40,0,Citigroup Funding Inc,0,0,0
20080414,56881,SJP',NYSE,8.5,8.5,55,0,Citigroup Funding Inc,0,0,0
20080415,56881,SJP',NYSE,8.5,8.5,0,0,Citigroup Funding Inc,0,0,0
20080416,56881,SJP',NYSE,8.35,8.35,10,0,Citigroup Funding Inc,0,0,0
20080417,56881,SJP',NYSE,8.31,8.31,400,0,Citigroup Funding Inc,0,0,0
20080418,56881,SJP',NYSE,8.36,8.36,400,0,Citigroup Funding Inc,0,0,0
20080421,56881,SJP',NYSE,8.43,8.43,777,0,Citigroup Funding Inc,0,0,0
20080422,56881,SJP',NYSE,8.45,8.45,528,0,Citigroup Funding Inc,0,0,0
20080423,56881,SJP',NYSE,8.49,8.49,124,0,Citigroup Funding Inc,0,0,0
20080424,56881,SJP',NYSE,8.45,8.45,23,0,Citigroup Funding Inc,0,0,0
20080425,56881,SJP',NYSE,8.75,8.75,18,0,Citigroup Funding Inc,0,0,0
20080428,56881,SJP',NYSE,8.75,8.75,0,0,Citigroup Funding Inc,0,0,0
20080429,56881,SJP',NYSE,8.75,8.75,0,0,Citigroup Funding Inc,0,0,0
20080430,56881,SJP',NYSE,8.5,8.5,10,0,Citigroup Funding Inc,0,0,0
20080501,56881,SJP',NYSE,8.5,8.5,0,0,Citigroup Funding Inc,0,0,0
20080502,56881,SJP',NYSE,8.5,8.5,0,0,Citigroup Funding Inc,0,0,0
20080505,56881,SJP',NYSE,8.5,8.5,0,0,Citigroup Funding Inc,0,0,0
20080506,56881,SJP',NYSE,8.65,8.65,69,0,Citigroup Funding Inc,0,0,0
20080507,56881,SJP',NYSE,8.6,8.6,15,0,Citigroup Funding Inc,0,0,0
20080508,56881,SJP',NYSE,8.55,8.55,15,0,Citigroup Funding Inc,0,0,0
20080509,56881,SJP',NYSE,8.75,8.75,7,0,Citigroup Funding Inc,0,0,0
20080512,56881,SJP',NYSE,8.7,8.7,25,0,Citigroup Funding Inc,0,0,0
20080513,56881,SJP',NYSE,8.7,8.7,0,0,Citigroup Funding Inc,0,0,0
20080514,56881,SJP',NYSE,8.7,8.7,0,0,Citigroup Funding Inc,0,0,0
20080515,56881,SJP',NYSE,8.7,8.7,0,0,Citigroup Funding Inc,0,0,0
20080516,56881,SJP',NYSE,8.7,8.7,0,0,Citigroup Funding Inc,0,0,0
20080519,56881,SJP',NYSE,8.6,8.6,5,0,Citigroup Funding Inc,0,0,0
20080520,56881,SJP',NYSE,8.6,8.6,0,0,Citigroup Funding Inc,0,0,0
20080521,56881,SJP',NYSE,8.6,8.6,0,0,Citigroup Funding Inc,0,0,0
20080522,56881,SJP',NYSE,8.6,8.6,0,0,Citigroup Funding Inc,0,0,0
20080523,56881,SJP',NYSE,8.4,8.4,12,0,Citigroup Funding Inc,0,0,0
20080527,56881,SJP',NYSE,8.3,8.3,15,0,Citigroup Funding Inc,0,0,0
20080528,56881,SJP',NYSE,8.3,8.3,0,0,Citigroup Funding Inc,0,0,0
20080529,56881,SJP',NYSE,8.3,8.3,0,0,Citigroup Funding Inc,0,0,0
20080530,56881,SJP',NYSE,8.3,8.3,0,0,Citigroup Funding Inc,0,0,0
20080602,56881,SJP',NYSE,8.3,8.3,0,0,Citigroup Funding Inc,0,0,0
20080603,56881,SJP',NYSE,8.3,8.3,0,0,Citigroup Funding Inc,0,0,0
20080604,56881,SJP',NYSE,8.3,8.3,20,0,Citigroup Funding Inc,0,0,0
20080605,56881,SJP',NYSE,8.3,8.3,0,0,Citigroup Funding Inc,0,0,0
20080606,56881,SJP',NYSE,8.3,8.3,0,0,Citigroup Funding Inc,0,0,0
20080609,56881,SJP',NYSE,8.3,8.3,5,0,Citigroup Funding Inc,0,0,0
20080610,56881,SJP',NYSE,8.2,8.2,15,0,Citigroup Funding Inc,0,0,0
20080611,56881,SJP',NYSE,8.2,8.2,120,0,Citigroup Funding Inc,0,0,0
20080612,56881,SJP',NYSE,8.18,8.18,25,0,Citigroup Funding Inc,0,0,0
20080613,56881,SJP',NYSE,8.17,8.17,115,0,Citigroup Funding Inc,0,0,0
20080616,56881,SJP',NYSE,8.42,8.42,30,0,Citigroup Funding Inc,0,0,0
20080617,56881,SJP',NYSE,8.42,8.42,0,0,Citigroup Funding Inc,0,0,0
20080618,56881,SJP',NYSE,8.42,8.42,0,0,Citigroup Funding Inc,0,0,0
20080619,56881,SJP',NYSE,8.42,8.42,0,0,Citigroup Funding Inc,0,0,0
20080620,56881,SJP',NYSE,8.42,8.42,0,0,Citigroup Funding Inc,0,0,0
20080623,56881,SJP',NYSE,8.42,8.42,0,0,Citigroup Funding Inc,0,0,0
20080624,56881,SJP',NYSE,8.42,8.42,0,0,Citigroup Funding Inc,0,0,0
20080625,56881,SJP',NYSE,8.42,8.42,0,0,Citigroup Funding Inc,0,0,0
20080626,56881,SJP',NYSE,7.85,7.85,26,0,Citigroup Funding Inc,0,0,0
20080627,56881,SJP',NYSE,7.85,7.85,0,0,Citigroup Funding Inc,0,0,0
20080630,56881,SJP',NYSE,7.65,7.65,10,0,Citigroup Funding Inc,0,0,0
20080701,56881,SJP',NYSE,7.65,7.65,0,0,Citigroup Funding Inc,0,0,0
20080702,56881,SJP',NYSE,7.65,7.65,49,0,Citigroup Funding Inc,0,0,0
20080703,56881,SJP',NYSE,7.65,7.65,0,0,Citigroup Funding Inc,0,0,0
20080707,56881,SJP',NYSE,7.64,7.64,201,0,Citigroup Funding Inc,0,0,0
20080708,56881,SJP',NYSE,7.64,7.64,0,0,Citigroup Funding Inc,0,0,0
20080709,56881,SJP',NYSE,7.45,7.45,100,0,Citigroup Funding Inc,0,0,0
20080710,56881,SJP',NYSE,7.45,7.45,0,0,Citigroup Funding Inc,0,0,0
20080711,56881,SJP',NYSE,7.4,7.4,45,0,Citigroup Funding Inc,0,0,0
20080714,56881,SJP',NYSE,7.4,7.4,0,0,Citigroup Funding Inc,0,0,0
20080715,56881,SJP',NYSE,7.25,7.25,38,0,Citigroup Funding Inc,0,0,0
20080716,56881,SJP',NYSE,7.25,7.25,0,0,Citigroup Funding Inc,0,0,0
20080717,56881,SJP',NYSE,7.5,7.5,87,0,Citigroup Funding Inc,0,0,0
20080718,56881,SJP',NYSE,7.41,7.41,52,0,Citigroup Funding Inc,0,0,0
20080721,56881,SJP',NYSE,7.45,7.45,25,0,Citigroup Funding Inc,0,0,0
20080722,56881,SJP',NYSE,7.47,7.47,21,0,Citigroup Funding Inc,0,0,0
20080723,56881,SJP',NYSE,7.57,7.57,1,0,Citigroup Funding Inc,0,0,0
20080724,56881,SJP',NYSE,7.57,7.57,0,0,Citigroup Funding Inc,0,0,0
20080725,56881,SJP',NYSE,7.57,7.57,0,0,Citigroup Funding Inc,0,0,0
20080728,56881,SJP',NYSE,7.57,7.57,0,0,Citigroup Funding Inc,0,0,0
20080729,56881,SJP',NYSE,7.57,7.57,0,0,Citigroup Funding Inc,0,0,0
20080730,56881,SJP',NYSE,7.51,7.51,3,0,Citigroup Funding Inc,0,0,0
20080731,56881,SJP',NYSE,7.51,7.51,0,0,Citigroup Funding Inc,0,0,0
20080801,56881,SJP',NYSE,7.51,7.51,0,0,Citigroup Funding Inc,0,0,0
20080804,56881,SJP',NYSE,7.39,7.39,2,0,Citigroup Funding Inc,0,0,0
20080805,56881,SJP',NYSE,7.39,7.39,0,0,Citigroup Funding Inc,0,0,0
20080806,56881,SJP',NYSE,7.56,7.56,55,0,Citigroup Funding Inc,0,0,0
20080807,56881,SJP',NYSE,7.8,7.8,2,0,Citigroup Funding Inc,0,0,0
20080808,56881,SJP',NYSE,7.8,7.8,0,0,Citigroup Funding Inc,0,0,0
20080811,56881,SJP',NYSE,7.8,7.8,0,0,Citigroup Funding Inc,0,0,0
20080812,56881,SJP',NYSE,7.91,7.91,3,0,Citigroup Funding Inc,0,0,0
20080813,56881,SJP',NYSE,7.77,7.77,6,0,Citigroup Funding Inc,0,0,0
20080814,56881,SJP',NYSE,7.77,7.77,0,0,Citigroup Funding Inc,0,0,0
20080815,56881,SJP',NYSE,7.77,7.77,0,0,Citigroup Funding Inc,0,0,0
20080818,56881,SJP',NYSE,7.77,7.77,0,0,Citigroup Funding Inc,0,0,0
20080819,56881,SJP',NYSE,7.77,7.77,0,0,Citigroup Funding Inc,0,0,0
20080820,56881,SJP',NYSE,7.55,7.55,4,0,Citigroup Funding Inc,0,0,0
20080821,56881,SJP',NYSE,7.55,7.55,0,0,Citigroup Funding Inc,0,0,0
20080822,56881,SJP',NYSE,7.55,7.55,50,0,Citigroup Funding Inc,0,0,0
20080825,56881,SJP',NYSE,7.56,7.56,100,0,Citigroup Funding Inc,0,0,0
20080826,56881,SJP',NYSE,7.56,7.56,0,0,Citigroup Funding Inc,0,0,0
20080827,56881,SJP',NYSE,7.45,7.45,10,0,Citigroup Funding Inc,0,0,0
20080828,56881,SJP',NYSE,7.45,7.45,0,0,Citigroup Funding Inc,0,0,0
20080829,56881,SJP',NYSE,7.45,7.45,0,0,Citigroup Funding Inc,0,0,0
20080902,56881,SJP',NYSE,7.45,7.45,0,0,Citigroup Funding Inc,0,0,0
20080903,56881,SJP',NYSE,7.45,7.45,0,0,Citigroup Funding Inc,0,0,0
20080904,56881,SJP',NYSE,7.55,7.55,16,0,Citigroup Funding Inc,0,0,0
20080905,56881,SJP',NYSE,7.55,7.55,0,0,Citigroup Funding Inc,0,0,0
20080908,56881,SJP',NYSE,7.43,7.43,5,0,Citigroup Funding Inc,0,0,0
20080909,56881,SJP',NYSE,7.43,7.43,0,0,Citigroup Funding Inc,0,0,0
20080910,56881,SJP',NYSE,7.43,7.43,0,0,Citigroup Funding Inc,0,0,0
20080911,56881,SJP',NYSE,7.35,7.35,237,0,Citigroup Funding Inc,0,0,0
20080912,56881,SJP',NYSE,7.39,7.39,54,0,Citigroup Funding Inc,0,0,0
20080915,56881,SJP',NYSE,7.39,7.39,0,0,Citigroup Funding Inc,0,0,0
20080916,56881,SJP',NYSE,7.1,7.1,31,0,Citigroup Funding Inc,0,0,0
20080917,56881,SJP',NYSE,7.05,7.05,65,0,Citigroup Funding Inc,0,0,0
20080918,56881,SJP',NYSE,6.95,6.95,36,0,Citigroup Funding Inc,0,0,0
20080919,56881,SJP',NYSE,6.95,6.95,0,0,Citigroup Funding Inc,0,0,0
20080922,56881,SJP',NYSE,7.19,7.19,114,0,Citigroup Funding Inc,0,0,0
20080923,56881,SJP',NYSE,7.15,7.15,21,0,Citigroup Funding Inc,0,0,0
20080924,56881,SJP',NYSE,7.1,7.1,104,0,Citigroup Funding Inc,0,0,0
20080925,56881,SJP',NYSE,7.17,7.17,80,0,Citigroup Funding Inc,0,0,0
20080926,56881,SJP',NYSE,7.12,7.12,48,0,Citigroup Funding Inc,0,0,0
20080929,56881,SJP',NYSE,7.05,7.05,20,0,Citigroup Funding Inc,0,0,0
20080930,56881,SJP',NYSE,7,7,100,0,Citigroup Funding Inc,0,0,0
20081001,56881,SJP',NYSE,7.2,7.2,10,0,Citigroup Funding Inc,0,0,0
20081002,56881,SJP',NYSE,7.2,7.2,0,0,Citigroup Funding Inc,0,0,0
20081003,56881,SJP',NYSE,7.2,7.2,0,0,Citigroup Funding Inc,0,0,0
20081006,56881,SJP',NYSE,6.03,6.03,463,0,Citigroup Funding Inc,0,0,0
20081007,56881,SJP',NYSE,6,6,162,0,Citigroup Funding Inc,0,0,0
20081008,56881,SJP',NYSE,6,6,229,0,Citigroup Funding Inc,0,0,0
20081009,56881,SJP',NYSE,6,6,307,0,Citigroup Funding Inc,0,0,0
20081010,56881,SJP',NYSE,5.4,5.4,89,0,Citigroup Funding Inc,0,0,0
20081013,56881,SJP',NYSE,5.69,5.69,22,0,Citigroup Funding Inc,0,0,0
20081014,56881,SJP',NYSE,5.8,5.8,21,0,Citigroup Funding Inc,0,0,0
20081015,56881,SJP',NYSE,5.65,5.65,35,0,Citigroup Funding Inc,0,0,0
20081016,56881,SJP',NYSE,5.65,5.65,0,0,Citigroup Funding Inc,0,0,0
20081017,56881,SJP',NYSE,5.65,5.65,0,0,Citigroup Funding Inc,0,0,0
20081020,56881,SJP',NYSE,5.58,5.58,10,0,Citigroup Funding Inc,0,0,0
20081021,56881,SJP',NYSE,5.58,5.58,0,0,Citigroup Funding Inc,0,0,0
20081022,56881,SJP',NYSE,5.58,5.58,0,0,Citigroup Funding Inc,0,0,0
20081023,56881,SJP',NYSE,5.58,5.58,0,0,Citigroup Funding Inc,0,0,0
20081024,56881,SJP',NYSE,5.58,5.58,0,0,Citigroup Funding Inc,0,0,0
20081027,56881,SJP',NYSE,5.05,5.05,5,0,Citigroup Funding Inc,0,0,0
20081028,56881,SJP',NYSE,5.31,5.31,89,0,Citigroup Funding Inc,0,0,0
20081029,56881,SJP',NYSE,5.4,5.4,5,0,Citigroup Funding Inc,0,0,0
20081030,56881,SJP',NYSE,5.4,5.4,0,0,Citigroup Funding Inc,0,0,0
20081031,56881,SJP',NYSE,5.4,5.4,0,0,Citigroup Funding Inc,0,0,0
20081103,56881,SJP',NYSE,5.4,5.4,0,0,Citigroup Funding Inc,0,0,0
20081104,56881,SJP',NYSE,6,6,152,0,Citigroup Funding Inc,0,0,0
20081105,56881,SJP',NYSE,5.9,5.9,14,0,Citigroup Funding Inc,0,0,0
20081106,56881,SJP',NYSE,5.9,5.9,0,0,Citigroup Funding Inc,0,0,0
20081107,56881,SJP',NYSE,5.9,5.9,0,0,Citigroup Funding Inc,0,0,0
20081110,56881,SJP',NYSE,5.5,5.5,10,0,Citigroup Funding Inc,0,0,0
20081111,56881,SJP',NYSE,5.4,5.4,185,0,Citigroup Funding Inc,0,0,0
20081112,56881,SJP',NYSE,5.2,5.2,52,0,Citigroup Funding Inc,0,0,0
20081113,56881,SJP',NYSE,5.47,5.47,68,0,Citigroup Funding Inc,0,0,0
20081114,56881,SJP',NYSE,5.21,5.21,7,0,Citigroup Funding Inc,0,0,0
20081117,56881,SJP',NYSE,5.21,5.21,0,0,Citigroup Funding Inc,0,0,0
20081118,56881,SJP',NYSE,5.2,5.2,237,0,Citigroup Funding Inc,0,0,0
20081119,56881,SJP',NYSE,5.1,5.1,98,0,Citigroup Funding Inc,0,0,0
20081120,56881,SJP',NYSE,4.8,4.8,296,0,Citigroup Funding Inc,0,0,0
20081121,56881,SJP',NYSE,4.6,4.6,1595,0,Citigroup Funding Inc,0,0,0
20081124,56881,SJP',NYSE,4.92,4.92,349,0,Citigroup Funding Inc,0,0,0
20081125,56881,SJP',NYSE,5,5,556,0,Citigroup Funding Inc,0,0,0
20081126,56881,SJP',NYSE,5.37,5.37,40,0,Citigroup Funding Inc,0,0,0
20081128,56881,SJP',NYSE,5.41,5.41,1479,0,Citigroup Funding Inc,0,0,0
20081201,56881,SJP',NYSE,5.07,5.07,87,0,Citigroup Funding Inc,0,0,0
20081202,56881,SJP',NYSE,5.07,5.07,0,0,Citigroup Funding Inc,0,0,0
20081203,56881,SJP',NYSE,5.23,5.23,7,0,Citigroup Funding Inc,0,0,0
20081204,56881,SJP',NYSE,5.2,5.2,20,0,Citigroup Funding Inc,0,0,0
20081205,56881,SJP',NYSE,4.6,4.6,58,0,Citigroup Funding Inc,0,0,0
20081208,56881,SJP',NYSE,5.15,5.15,65,0,Citigroup Funding Inc,0,0,0
20081209,56881,SJP',NYSE,5.25,5.25,58,0,Citigroup Funding Inc,0,0,0
20081210,56881,SJP',NYSE,5.6,5.6,32,0,Citigroup Funding Inc,0,0,0
20081211,56881,SJP',NYSE,5.35,5.35,161,0,Citigroup Funding Inc,0,0,0
20081212,56881,SJP',NYSE,5.66,5.66,121,0,Citigroup Funding Inc,0,0,0
20081215,56881,SJP',NYSE,5.66,5.66,0,0,Citigroup Funding Inc,0,0,0
20081216,56881,SJP',NYSE,5.4,5.4,162,0,Citigroup Funding Inc,0,0,0
20081217,56881,SJP',NYSE,5.85,5.85,396,0,Citigroup Funding Inc,0,0,0
20081218,56881,SJP',NYSE,5.49,5.49,884,0,Citigroup Funding Inc,0,0,0
20081219,56881,SJP',NYSE,5.74,5.74,71,0,Citigroup Funding Inc,0,0,0
20081222,56881,SJP',NYSE,5.74,5.74,0,0,Citigroup Funding Inc,0,0,0
20081223,56881,SJP',NYSE,5.34,5.34,38,0,Citigroup Funding Inc,0,0,0
20081224,56881,SJP',NYSE,5.55,5.55,161,0,Citigroup Funding Inc,0,0,0
20081226,56881,SJP',NYSE,5.55,5.55,0,0,Citigroup Funding Inc,0,0,0
20081229,56881,SJP',NYSE,5.55,5.55,0,0,Citigroup Funding Inc,0,0,0
20081230,56881,SJP',NYSE,5.58,5.58,38,0,Citigroup Funding Inc,0,0,0
20081231,56881,SJP',NYSE,5.75,5.75,428,0,Citigroup Funding Inc,0,0,0
20090102,56881,SJP',NYSE,6.05,6.05,39,0,Citigroup Funding Inc,0,0,0
20090105,56881,SJP',NYSE,6.05,6.05,0,0,Citigroup Funding Inc,0,0,0
20090106,56881,SJP',NYSE,5.8,5.8,4,0,Citigroup Funding Inc,0,0,0
20090107,56881,SJP',NYSE,5.8,5.8,0,0,Citigroup Funding Inc,0,0,0
20090108,56881,SJP',NYSE,5.8,5.8,0,0,Citigroup Funding Inc,0,0,0
20090109,56881,SJP',NYSE,5.83,5.83,43,0,Citigroup Funding Inc,0,0,0
20090112,56881,SJP',NYSE,5.54,5.54,24,0,Citigroup Funding Inc,0,0,0
20090113,56881,SJP',NYSE,5.54,5.54,0,0,Citigroup Funding Inc,0,0,0
20090114,56881,SJP',NYSE,5.22,5.22,10,0,Citigroup Funding Inc,0,0,0
20090115,56881,SJP',NYSE,5.48,5.48,183,0,Citigroup Funding Inc,0,0,0
20090116,56881,SJP',NYSE,5.25,5.25,5,0,Citigroup Funding Inc,0,0,0
20090120,56881,SJP',NYSE,5.22,5.22,80,0,Citigroup Funding Inc,0,0,0
20090121,56881,SJP',NYSE,5.17,5.17,40,0,Citigroup Funding Inc,0,0,0
20090122,56881,SJP',NYSE,5.09,5.09,5,0,Citigroup Funding Inc,0,0,0
20090123,56881,SJP',NYSE,5.09,5.09,0,0,Citigroup Funding Inc,0,0,0
20090126,56881,SJP',NYSE,4.79,4.79,25,0,Citigroup Funding Inc,0,0,0
20090127,56881,SJP',NYSE,5.47,5.47,115,0,Citigroup Funding Inc,0,0,0
20090128,56881,SJP',NYSE,5.6,5.6,21,0,Citigroup Funding Inc,0,0,0
20090129,56881,SJP',NYSE,5.6,5.6,0,0,Citigroup Funding Inc,0,0,0
20090130,56881,SJP',NYSE,5.45,5.45,37,0,Citigroup Funding Inc,0,0,0
20090202,56881,SJP',NYSE,5.39,5.39,87,0,Citigroup Funding Inc,0,0,0
20090203,56881,SJP',NYSE,5.39,5.39,0,0,Citigroup Funding Inc,0,0,0
