DDate,CSINumber,Symbol,Exchange,DClose,UnAdjustedClose,TotalVolume,Cash,MarketName,PTB,PSR,DPS
20041216,61891,KMA',NYSE,10.8,10.8,80460,0,KMG America Corp,0,0,0
20041217,61891,KMA',NYSE,10.84,10.84,6764,0,KMG America Corp,0,0,0
20041220,61891,KMA',NYSE,10.9,10.9,7544,0,KMG America Corp,0,0,0
20041221,61891,KMA',NYSE,10.8,10.8,4878,0,KMG America Corp,0,0,0
20041222,61891,KMA',NYSE,10.85,10.85,3443,0,KMG America Corp,0,0,0
20041223,61891,KMA',NYSE,10.75,10.75,1400,0,KMG America Corp,0,0,0
20041227,61891,KMA',NYSE,10.6,10.6,839,0,KMG America Corp,0,0,0
20041228,61891,KMA',NYSE,10.6,10.6,1194,0,KMG America Corp,0,0,0
20041229,61891,KMA',NYSE,10.6,10.6,399,0,KMG America Corp,0,0,0
20041230,61891,KMA',NYSE,10.41,10.41,348,0,KMG America Corp,0,0,0
20041231,61891,KMA',NYSE,11,11,1755,0,KMG America Corp,0,0,0
20050103,61891,KMA',NYSE,10.65,10.65,1241,0,KMG America Corp,0,0,0
20050104,61891,KMA',NYSE,10.45,10.45,652,0,KMG America Corp,0,0,0
20050105,61891,KMA',NYSE,10.3,10.3,1602,0,KMG America Corp,0,0,0
20050106,61891,KMA',NYSE,10.08,10.08,3986,0,KMG America Corp,0,0,0
20050107,61891,KMA',NYSE,10.29,10.29,114,0,KMG America Corp,0,0,0
20050110,61891,KMA',NYSE,10.75,10.75,402,0,KMG America Corp,0,0,0
20050111,61891,KMA',NYSE,10.5,10.5,372,0,KMG America Corp,0,0,0
20050112,61891,KMA',NYSE,10.5,10.5,396,0,KMG America Corp,0,0,0
20050113,61891,KMA',NYSE,10.55,10.55,141,0,KMG America Corp,0,0,0
20050114,61891,KMA',NYSE,10.68,10.68,3245,0,KMG America Corp,0,0,0
20050118,61891,KMA',NYSE,10.75,10.75,913,0,KMG America Corp,0,0,0
20050119,61891,KMA',NYSE,10.55,10.55,697,0,KMG America Corp,0,0,0
20050120,61891,KMA',NYSE,10.35,10.35,1117,0,KMG America Corp,0,0,0
20050121,61891,KMA',NYSE,10.53,10.53,2752,0,KMG America Corp,0,0,0
20050124,61891,KMA',NYSE,10.45,10.45,106,0,KMG America Corp,0,0,0
20050125,61891,KMA',NYSE,10.7,10.7,2110,0,KMG America Corp,0,0,0
20050126,61891,KMA',NYSE,10.55,10.55,335,0,KMG America Corp,0,0,0
20050127,61891,KMA',NYSE,10.64,10.64,1061,0,KMG America Corp,0,0,0
20050128,61891,KMA',NYSE,10.51,10.51,119,0,KMG America Corp,0,0,0
20050131,61891,KMA',NYSE,11.3,11.3,3168,0,KMG America Corp,0,0,0
20050201,61891,KMA',NYSE,10.6,10.6,567,0,KMG America Corp,0,0,0
20050202,61891,KMA',NYSE,10.68,10.68,598,0,KMG America Corp,0,0,0
20050203,61891,KMA',NYSE,10.53,10.53,224,0,KMG America Corp,0,0,0
20050204,61891,KMA',NYSE,10.72,10.72,211,0,KMG America Corp,0,0,0
20050207,61891,KMA',NYSE,10.26,10.26,2594,0,KMG America Corp,0,0,0
20050208,61891,KMA',NYSE,10.31,10.31,2006,0,KMG America Corp,0,0,0
20050209,61891,KMA',NYSE,10.6,10.6,187,0,KMG America Corp,0,0,0
20050210,61891,KMA',NYSE,10.58,10.58,335,0,KMG America Corp,0,0,0
20050211,61891,KMA',NYSE,10.32,10.32,1124,0,KMG America Corp,0,0,0
20050214,61891,KMA',NYSE,10.21,10.21,644,0,KMG America Corp,0,0,0
20050215,61891,KMA',NYSE,10.2,10.2,238,0,KMG America Corp,0,0,0
20050216,61891,KMA',NYSE,10.15,10.15,114,0,KMG America Corp,0,0,0
20050217,61891,KMA',NYSE,9.9,9.9,2575,0,KMG America Corp,0,0,0
20050218,61891,KMA',NYSE,9.95,9.95,2261,0,KMG America Corp,0,0,0
20050222,61891,KMA',NYSE,9.9,9.9,184,0,KMG America Corp,0,0,0
20050223,61891,KMA',NYSE,9.77,9.77,1133,0,KMG America Corp,0,0,0
20050224,61891,KMA',NYSE,9.7,9.7,1135,0,KMG America Corp,0,0,0
20050225,61891,KMA',NYSE,9.32,9.32,2504,0,KMG America Corp,0,0,0
20050228,61891,KMA',NYSE,9.46,9.46,2291,0,KMG America Corp,0,0,0
20050301,61891,KMA',NYSE,9.6,9.6,1887,0,KMG America Corp,0,0,0
20050302,61891,KMA',NYSE,9.71,9.71,258,0,KMG America Corp,0,0,0
20050303,61891,KMA',NYSE,9.66,9.66,2203,0,KMG America Corp,0,0,0
20050304,61891,KMA',NYSE,9.83,9.83,8698,0,KMG America Corp,0,0,0
20050307,61891,KMA',NYSE,9.92,9.92,135,0,KMG America Corp,0,0,0
20050308,61891,KMA',NYSE,9.99,9.99,1230,0,KMG America Corp,0,0,0
20050309,61891,KMA',NYSE,9.75,9.75,2269,0,KMG America Corp,0,0,0
20050310,61891,KMA',NYSE,9.88,9.88,568,0,KMG America Corp,0,0,0
20050311,61891,KMA',NYSE,9.8,9.8,278,0,KMG America Corp,0,0,0
20050314,61891,KMA',NYSE,9.8,9.8,769,0,KMG America Corp,0,0,0
20050315,61891,KMA',NYSE,9.64,9.64,393,0,KMG America Corp,0,0,0
20050316,61891,KMA',NYSE,9.78,9.78,2442,0,KMG America Corp,0,0,0
20050317,61891,KMA',NYSE,9.81,9.81,214,0,KMG America Corp,0,0,0
20050318,61891,KMA',NYSE,9.78,9.78,253,0,KMG America Corp,0,0,0
20050321,61891,KMA',NYSE,10.04,10.04,205,0,KMG America Corp,0,0,0
20050322,61891,KMA',NYSE,9.99,9.99,319,0,KMG America Corp,0,0,0
20050323,61891,KMA',NYSE,9.77,9.77,384,0,KMG America Corp,0,0,0
20050324,61891,KMA',NYSE,9.77,9.77,39,0,KMG America Corp,0,0,0
20050328,61891,KMA',NYSE,9.77,9.77,165,0,KMG America Corp,0,0,0
20050329,61891,KMA',NYSE,9.73,9.73,214,0,KMG America Corp,0,0,0
20050330,61891,KMA',NYSE,9.77,9.77,134,0,KMG America Corp,0,0,0
20050331,61891,KMA',NYSE,9.75,9.75,214,0,KMG America Corp,0,0,0
20050401,61891,KMA',NYSE,9.93,9.93,370,0,KMG America Corp,0,0,0
20050404,61891,KMA',NYSE,9.65,9.65,484,0,KMG America Corp,0,0,0
20050405,61891,KMA',NYSE,9.66,9.66,356,0,KMG America Corp,0,0,0
20050406,61891,KMA',NYSE,9.5,9.5,552,0,KMG America Corp,0,0,0
20050407,61891,KMA',NYSE,9.35,9.35,159,0,KMG America Corp,0,0,0
20050408,61891,KMA',NYSE,9.06,9.06,616,0,KMG America Corp,0,0,0
20050411,61891,KMA',NYSE,9,9,188,0,KMG America Corp,0,0,0
20050412,61891,KMA',NYSE,8.95,8.95,90,0,KMG America Corp,0,0,0
20050413,61891,KMA',NYSE,9.02,9.02,72,0,KMG America Corp,0,0,0
20050414,61891,KMA',NYSE,9,9,1,0,KMG America Corp,0,0,0
20050415,61891,KMA',NYSE,8.8,8.8,103,0,KMG America Corp,0,0,0
20050418,61891,KMA',NYSE,8.81,8.81,304,0,KMG America Corp,0,0,0
20050419,61891,KMA',NYSE,8.7,8.7,377,0,KMG America Corp,0,0,0
20050420,61891,KMA',NYSE,8.9,8.9,242,0,KMG America Corp,0,0,0
20050421,61891,KMA',NYSE,8.9,8.9,268,0,KMG America Corp,0,0,0
20050422,61891,KMA',NYSE,8.81,8.81,180,0,KMG America Corp,0,0,0
20050425,61891,KMA',NYSE,9,9,98,0,KMG America Corp,0,0,0
20050426,61891,KMA',NYSE,9.15,9.15,1388,0,KMG America Corp,0,0,0
20050427,61891,KMA',NYSE,9,9,1806,0,KMG America Corp,0,0,0
20050428,61891,KMA',NYSE,9.09,9.09,120,0,KMG America Corp,0,0,0
20050429,61891,KMA',NYSE,9.24,9.24,178,0,KMG America Corp,0,0,0
20050502,61891,KMA',NYSE,9.35,9.35,59,0,KMG America Corp,0,0,0
20050503,61891,KMA',NYSE,9.35,9.35,310,0,KMG America Corp,0,0,0
20050504,61891,KMA',NYSE,9.35,9.35,54,0,KMG America Corp,0,0,0
20050505,61891,KMA',NYSE,9.44,9.44,95,0,KMG America Corp,0,0,0
20050506,61891,KMA',NYSE,9.6,9.6,107,0,KMG America Corp,0,0,0
20050509,61891,KMA',NYSE,9.42,9.42,110,0,KMG America Corp,0,0,0
20050510,61891,KMA',NYSE,9.15,9.15,142,0,KMG America Corp,0,0,0
20050511,61891,KMA',NYSE,9.05,9.05,181,0,KMG America Corp,0,0,0
20050512,61891,KMA',NYSE,9.29,9.29,92,0,KMG America Corp,0,0,0
20050513,61891,KMA',NYSE,9.02,9.02,121,0,KMG America Corp,0,0,0
20050516,61891,KMA',NYSE,9.26,9.26,170,0,KMG America Corp,0,0,0
20050517,61891,KMA',NYSE,9.16,9.16,37,0,KMG America Corp,0,0,0
20050518,61891,KMA',NYSE,8.99,8.99,407,0,KMG America Corp,0,0,0
20050519,61891,KMA',NYSE,8.92,8.92,2646,0,KMG America Corp,0,0,0
20050520,61891,KMA',NYSE,9.1,9.1,198,0,KMG America Corp,0,0,0
20050523,61891,KMA',NYSE,9.03,9.03,2211,0,KMG America Corp,0,0,0
20050524,61891,KMA',NYSE,9,9,115,0,KMG America Corp,0,0,0
20050525,61891,KMA',NYSE,8.97,8.97,570,0,KMG America Corp,0,0,0
20050526,61891,KMA',NYSE,8.95,8.95,60,0,KMG America Corp,0,0,0
20050527,61891,KMA',NYSE,9.05,9.05,4962,0,KMG America Corp,0,0,0
20050531,61891,KMA',NYSE,9.04,9.04,4153,0,KMG America Corp,0,0,0
20050601,61891,KMA',NYSE,9.09,9.09,325,0,KMG America Corp,0,0,0
20050602,61891,KMA',NYSE,9.2,9.2,760,0,KMG America Corp,0,0,0
20050603,61891,KMA',NYSE,9.17,9.17,539,0,KMG America Corp,0,0,0
20050606,61891,KMA',NYSE,9.25,9.25,949,0,KMG America Corp,0,0,0
20050607,61891,KMA',NYSE,9.5,9.5,1698,0,KMG America Corp,0,0,0
20050608,61891,KMA',NYSE,9.63,9.63,229,0,KMG America Corp,0,0,0
20050609,61891,KMA',NYSE,9.66,9.66,268,0,KMG America Corp,0,0,0
20050610,61891,KMA',NYSE,9.78,9.78,841,0,KMG America Corp,0,0,0
20050613,61891,KMA',NYSE,9.84,9.84,479,0,KMG America Corp,0,0,0
20050614,61891,KMA',NYSE,9.89,9.89,651,0,KMG America Corp,0,0,0
20050615,61891,KMA',NYSE,10.12,10.12,762,0,KMG America Corp,0,0,0
20050616,61891,KMA',NYSE,10.05,10.05,675,0,KMG America Corp,0,0,0
20050617,61891,KMA',NYSE,10.3,10.3,248,0,KMG America Corp,0,0,0
20050620,61891,KMA',NYSE,10.3,10.3,344,0,KMG America Corp,0,0,0
20050621,61891,KMA',NYSE,10.3,10.3,690,0,KMG America Corp,0,0,0
20050622,61891,KMA',NYSE,10.07,10.07,158,0,KMG America Corp,0,0,0
20050623,61891,KMA',NYSE,10.15,10.15,51,0,KMG America Corp,0,0,0
20050624,61891,KMA',NYSE,9.87,9.87,8082,0,KMG America Corp,0,0,0
20050627,61891,KMA',NYSE,9.5,9.5,675,0,KMG America Corp,0,0,0
20050628,61891,KMA',NYSE,10.05,10.05,228,0,KMG America Corp,0,0,0
20050629,61891,KMA',NYSE,10.12,10.12,345,0,KMG America Corp,0,0,0
20050630,61891,KMA',NYSE,9.94,9.94,244,0,KMG America Corp,0,0,0
20050701,61891,KMA',NYSE,10.03,10.03,345,0,KMG America Corp,0,0,0
20050705,61891,KMA',NYSE,9.98,9.98,583,0,KMG America Corp,0,0,0
20050706,61891,KMA',NYSE,9.94,9.94,414,0,KMG America Corp,0,0,0
20050707,61891,KMA',NYSE,9.95,9.95,198,0,KMG America Corp,0,0,0
20050708,61891,KMA',NYSE,10.15,10.15,419,0,KMG America Corp,0,0,0
20050711,61891,KMA',NYSE,10.05,10.05,555,0,KMG America Corp,0,0,0
20050712,61891,KMA',NYSE,9.99,9.99,273,0,KMG America Corp,0,0,0
20050713,61891,KMA',NYSE,9.89,9.89,208,0,KMG America Corp,0,0,0
20050714,61891,KMA',NYSE,9.83,9.83,288,0,KMG America Corp,0,0,0
20050715,61891,KMA',NYSE,9.81,9.81,372,0,KMG America Corp,0,0,0
20050718,61891,KMA',NYSE,9.51,9.51,152,0,KMG America Corp,0,0,0
20050719,61891,KMA',NYSE,9.65,9.65,151,0,KMG America Corp,0,0,0
20050720,61891,KMA',NYSE,9.75,9.75,266,0,KMG America Corp,0,0,0
20050721,61891,KMA',NYSE,9.45,9.45,150,0,KMG America Corp,0,0,0
20050722,61891,KMA',NYSE,9.77,9.77,732,0,KMG America Corp,0,0,0
20050725,61891,KMA',NYSE,9.68,9.68,95,0,KMG America Corp,0,0,0
20050726,61891,KMA',NYSE,9.77,9.77,131,0,KMG America Corp,0,0,0
20050727,61891,KMA',NYSE,9.4,9.4,272,0,KMG America Corp,0,0,0
20050728,61891,KMA',NYSE,9.72,9.72,144,0,KMG America Corp,0,0,0
20050729,61891,KMA',NYSE,9.75,9.75,296,0,KMG America Corp,0,0,0
20050801,61891,KMA',NYSE,9.68,9.68,213,0,KMG America Corp,0,0,0
20050802,61891,KMA',NYSE,9.78,9.78,93,0,KMG America Corp,0,0,0
20050803,61891,KMA',NYSE,9.69,9.69,74,0,KMG America Corp,0,0,0
20050804,61891,KMA',NYSE,9.39,9.39,165,0,KMG America Corp,0,0,0
20050805,61891,KMA',NYSE,9.02,9.02,704,0,KMG America Corp,0,0,0
20050808,61891,KMA',NYSE,8.89,8.89,711,0,KMG America Corp,0,0,0
20050809,61891,KMA',NYSE,8.87,8.87,322,0,KMG America Corp,0,0,0
20050810,61891,KMA',NYSE,8.83,8.83,13128,0,KMG America Corp,0,0,0
20050811,61891,KMA',NYSE,8.85,8.85,68,0,KMG America Corp,0,0,0
20050812,61891,KMA',NYSE,8.83,8.83,281,0,KMG America Corp,0,0,0
20050815,61891,KMA',NYSE,8.83,8.83,136,0,KMG America Corp,0,0,0
20050816,61891,KMA',NYSE,8.5,8.5,411,0,KMG America Corp,0,0,0
20050817,61891,KMA',NYSE,8.1,8.1,8485,0,KMG America Corp,0,0,0
20050818,61891,KMA',NYSE,8.4,8.4,2231,0,KMG America Corp,0,0,0
20050819,61891,KMA',NYSE,8.5,8.5,344,0,KMG America Corp,0,0,0
20050822,61891,KMA',NYSE,8.61,8.61,228,0,KMG America Corp,0,0,0
20050823,61891,KMA',NYSE,8.99,8.99,437,0,KMG America Corp,0,0,0
20050824,61891,KMA',NYSE,8.85,8.85,356,0,KMG America Corp,0,0,0
20050825,61891,KMA',NYSE,8.38,8.38,704,0,KMG America Corp,0,0,0
20050826,61891,KMA',NYSE,8.21,8.21,464,0,KMG America Corp,0,0,0
20050829,61891,KMA',NYSE,8.2,8.2,139,0,KMG America Corp,0,0,0
20050830,61891,KMA',NYSE,8.95,8.95,308,0,KMG America Corp,0,0,0
20050831,61891,KMA',NYSE,8.93,8.93,337,0,KMG America Corp,0,0,0
20050901,61891,KMA',NYSE,8.9,8.9,347,0,KMG America Corp,0,0,0
20050902,61891,KMA',NYSE,8.81,8.81,55,0,KMG America Corp,0,0,0
20050906,61891,KMA',NYSE,8.9,8.9,220,0,KMG America Corp,0,0,0
20050907,61891,KMA',NYSE,8.87,8.87,195,0,KMG America Corp,0,0,0
20050908,61891,KMA',NYSE,8.74,8.74,66,0,KMG America Corp,0,0,0
20050909,61891,KMA',NYSE,8.58,8.58,197,0,KMG America Corp,0,0,0
20050912,61891,KMA',NYSE,8.54,8.54,242,0,KMG America Corp,0,0,0
20050913,61891,KMA',NYSE,8.49,8.49,167,0,KMG America Corp,0,0,0
20050914,61891,KMA',NYSE,8.07,8.07,193,0,KMG America Corp,0,0,0
20050915,61891,KMA',NYSE,8,8,526,0,KMG America Corp,0,0,0
20050916,61891,KMA',NYSE,8.48,8.48,948,0,KMG America Corp,0,0,0
20050919,61891,KMA',NYSE,8.28,8.28,179,0,KMG America Corp,0,0,0
20050920,61891,KMA',NYSE,8.05,8.05,410,0,KMG America Corp,0,0,0
20050921,61891,KMA',NYSE,8,8,6984,0,KMG America Corp,0,0,0
20050922,61891,KMA',NYSE,8.18,8.18,547,0,KMG America Corp,0,0,0
20050923,61891,KMA',NYSE,8.25,8.25,739,0,KMG America Corp,0,0,0
20050926,61891,KMA',NYSE,8.46,8.46,1621,0,KMG America Corp,0,0,0
20050927,61891,KMA',NYSE,8.23,8.23,911,0,KMG America Corp,0,0,0
20050928,61891,KMA',NYSE,8.13,8.13,558,0,KMG America Corp,0,0,0
20050929,61891,KMA',NYSE,7.98,7.98,2159,0,KMG America Corp,0,0,0
20050930,61891,KMA',NYSE,8,8,3136,0,KMG America Corp,0,0,0
20051003,61891,KMA',NYSE,7.99,7.99,1024,0,KMG America Corp,0,0,0
20051004,61891,KMA',NYSE,8,8,1906,0,KMG America Corp,0,0,0
20051005,61891,KMA',NYSE,7.99,7.99,1013,0,KMG America Corp,0,0,0
20051006,61891,KMA',NYSE,7.99,7.99,359,0,KMG America Corp,0,0,0
20051007,61891,KMA',NYSE,8.1,8.1,274,0,KMG America Corp,0,0,0
20051010,61891,KMA',NYSE,8,8,198,0,KMG America Corp,0,0,0
20051011,61891,KMA',NYSE,8,8,389,0,KMG America Corp,0,0,0
20051012,61891,KMA',NYSE,8.2,8.2,378,0,KMG America Corp,0,0,0
20051013,61891,KMA',NYSE,8.77,8.77,873,0,KMG America Corp,0,0,0
20051014,61891,KMA',NYSE,8.8,8.8,376,0,KMG America Corp,0,0,0
20051017,61891,KMA',NYSE,8.76,8.76,661,0,KMG America Corp,0,0,0
20051018,61891,KMA',NYSE,8.75,8.75,437,0,KMG America Corp,0,0,0
20051019,61891,KMA',NYSE,8.95,8.95,535,0,KMG America Corp,0,0,0
20051020,61891,KMA',NYSE,8.65,8.65,459,0,KMG America Corp,0,0,0
20051021,61891,KMA',NYSE,8.74,8.74,347,0,KMG America Corp,0,0,0
20051024,61891,KMA',NYSE,8.75,8.75,497,0,KMG America Corp,0,0,0
20051025,61891,KMA',NYSE,8.64,8.64,212,0,KMG America Corp,0,0,0
20051026,61891,KMA',NYSE,8.56,8.56,203,0,KMG America Corp,0,0,0
20051027,61891,KMA',NYSE,8.71,8.71,312,0,KMG America Corp,0,0,0
20051028,61891,KMA',NYSE,8.6,8.6,628,0,KMG America Corp,0,0,0
20051031,61891,KMA',NYSE,8.6,8.6,783,0,KMG America Corp,0,0,0
20051101,61891,KMA',NYSE,8.57,8.57,150,0,KMG America Corp,0,0,0
20051102,61891,KMA',NYSE,8.71,8.71,462,0,KMG America Corp,0,0,0
20051103,61891,KMA',NYSE,8.5,8.5,449,0,KMG America Corp,0,0,0
20051104,61891,KMA',NYSE,8.6,8.6,120,0,KMG America Corp,0,0,0
20051107,61891,KMA',NYSE,8.51,8.51,790,0,KMG America Corp,0,0,0
20051108,61891,KMA',NYSE,8.4,8.4,107,0,KMG America Corp,0,0,0
20051109,61891,KMA',NYSE,8.41,8.41,176,0,KMG America Corp,0,0,0
20051110,61891,KMA',NYSE,8.49,8.49,274,0,KMG America Corp,0,0,0
20051111,61891,KMA',NYSE,8.45,8.45,94,0,KMG America Corp,0,0,0
20051114,61891,KMA',NYSE,8.36,8.36,180,0,KMG America Corp,0,0,0
20051115,61891,KMA',NYSE,8.44,8.44,325,0,KMG America Corp,0,0,0
20051116,61891,KMA',NYSE,8.44,8.44,385,0,KMG America Corp,0,0,0
20051117,61891,KMA',NYSE,8.59,8.59,675,0,KMG America Corp,0,0,0
20051118,61891,KMA',NYSE,8.55,8.55,319,0,KMG America Corp,0,0,0
20051121,61891,KMA',NYSE,8.58,8.58,387,0,KMG America Corp,0,0,0
20051122,61891,KMA',NYSE,8.69,8.69,473,0,KMG America Corp,0,0,0
20051123,61891,KMA',NYSE,8.72,8.72,437,0,KMG America Corp,0,0,0
20051125,61891,KMA',NYSE,8.72,8.72,69,0,KMG America Corp,0,0,0
20051128,61891,KMA',NYSE,8.58,8.58,315,0,KMG America Corp,0,0,0
20051129,61891,KMA',NYSE,8.8,8.8,1446,0,KMG America Corp,0,0,0
20051130,61891,KMA',NYSE,8.75,8.75,814,0,KMG America Corp,0,0,0
20051201,61891,KMA',NYSE,8.85,8.85,883,0,KMG America Corp,0,0,0
20051202,61891,KMA',NYSE,8.78,8.78,269,0,KMG America Corp,0,0,0
20051205,61891,KMA',NYSE,8.75,8.75,490,0,KMG America Corp,0,0,0
20051206,61891,KMA',NYSE,8.69,8.69,556,0,KMG America Corp,0,0,0
20051207,61891,KMA',NYSE,8.56,8.56,162,0,KMG America Corp,0,0,0
20051208,61891,KMA',NYSE,8.59,8.59,653,0,KMG America Corp,0,0,0
20051209,61891,KMA',NYSE,8.66,8.66,244,0,KMG America Corp,0,0,0
20051212,61891,KMA',NYSE,8.6,8.6,189,0,KMG America Corp,0,0,0
20051213,61891,KMA',NYSE,8.74,8.74,349,0,KMG America Corp,0,0,0
20051214,61891,KMA',NYSE,8.72,8.72,242,0,KMG America Corp,0,0,0
20051215,61891,KMA',NYSE,8.6,8.6,803,0,KMG America Corp,0,0,0
20051216,61891,KMA',NYSE,8.85,8.85,1751,0,KMG America Corp,0,0,0
20051219,61891,KMA',NYSE,8.8,8.8,553,0,KMG America Corp,0,0,0
20051220,61891,KMA',NYSE,8.91,8.91,1626,0,KMG America Corp,0,0,0
20051221,61891,KMA',NYSE,8.91,8.91,845,0,KMG America Corp,0,0,0
20051222,61891,KMA',NYSE,8.91,8.91,323,0,KMG America Corp,0,0,0
20051223,61891,KMA',NYSE,9.11,9.11,971,0,KMG America Corp,0,0,0
20051227,61891,KMA',NYSE,8.9,8.9,212,0,KMG America Corp,0,0,0
20051228,61891,KMA',NYSE,9.05,9.05,450,0,KMG America Corp,0,0,0
20051229,61891,KMA',NYSE,9.1,9.1,737,0,KMG America Corp,0,0,0
20051230,61891,KMA',NYSE,9.18,9.18,349,0,KMG America Corp,0,0,0
20060103,61891,KMA',NYSE,9.81,9.81,2122,0,KMG America Corp,0,0,0
20060104,61891,KMA',NYSE,9.65,9.65,952,0,KMG America Corp,0,0,0
20060105,61891,KMA',NYSE,9.25,9.25,1930,0,KMG America Corp,0,0,0
20060106,61891,KMA',NYSE,9.14,9.14,1676,0,KMG America Corp,0,0,0
20060109,61891,KMA',NYSE,9.09,9.09,1184,0,KMG America Corp,0,0,0
20060110,61891,KMA',NYSE,9.28,9.28,505,0,KMG America Corp,0,0,0
20060111,61891,KMA',NYSE,8.9,8.9,5896,0,KMG America Corp,0,0,0
20060112,61891,KMA',NYSE,8.85,8.85,1673,0,KMG America Corp,0,0,0
20060113,61891,KMA',NYSE,8.8,8.8,681,0,KMG America Corp,0,0,0
20060117,61891,KMA',NYSE,8.85,8.85,491,0,KMG America Corp,0,0,0
20060118,61891,KMA',NYSE,8.85,8.85,97,0,KMG America Corp,0,0,0
20060119,61891,KMA',NYSE,8.78,8.78,526,0,KMG America Corp,0,0,0
20060120,61891,KMA',NYSE,8.69,8.69,3886,0,KMG America Corp,0,0,0
20060123,61891,KMA',NYSE,8.99,8.99,582,0,KMG America Corp,0,0,0
20060124,61891,KMA',NYSE,9.18,9.18,491,0,KMG America Corp,0,0,0
20060125,61891,KMA',NYSE,9.24,9.24,1443,0,KMG America Corp,0,0,0
20060126,61891,KMA',NYSE,9.3,9.3,727,0,KMG America Corp,0,0,0
20060127,61891,KMA',NYSE,9.07,9.07,369,0,KMG America Corp,0,0,0
20060130,61891,KMA',NYSE,8.86,8.86,832,0,KMG America Corp,0,0,0
20060131,61891,KMA',NYSE,9,9,1201,0,KMG America Corp,0,0,0
20060201,61891,KMA',NYSE,9.7,9.7,1317,0,KMG America Corp,0,0,0
20060202,61891,KMA',NYSE,9.44,9.44,794,0,KMG America Corp,0,0,0
20060203,61891,KMA',NYSE,9.49,9.49,521,0,KMG America Corp,0,0,0
20060206,61891,KMA',NYSE,9.74,9.74,195,0,KMG America Corp,0,0,0
20060207,61891,KMA',NYSE,9.78,9.78,270,0,KMG America Corp,0,0,0
20060208,61891,KMA',NYSE,9.75,9.75,581,0,KMG America Corp,0,0,0
20060209,61891,KMA',NYSE,9.7,9.7,176,0,KMG America Corp,0,0,0
20060210,61891,KMA',NYSE,9.79,9.79,183,0,KMG America Corp,0,0,0
20060213,61891,KMA',NYSE,9.61,9.61,213,0,KMG America Corp,0,0,0
20060214,61891,KMA',NYSE,10,10,725,0,KMG America Corp,0,0,0
20060215,61891,KMA',NYSE,9.92,9.92,533,0,KMG America Corp,0,0,0
20060216,61891,KMA',NYSE,9.86,9.86,341,0,KMG America Corp,0,0,0
20060217,61891,KMA',NYSE,9.66,9.66,251,0,KMG America Corp,0,0,0
20060221,61891,KMA',NYSE,9.43,9.43,1148,0,KMG America Corp,0,0,0
20060222,61891,KMA',NYSE,10,10,338,0,KMG America Corp,0,0,0
20060223,61891,KMA',NYSE,10,10,449,0,KMG America Corp,0,0,0
20060224,61891,KMA',NYSE,9.99,9.99,232,0,KMG America Corp,0,0,0
20060227,61891,KMA',NYSE,10.63,10.63,826,0,KMG America Corp,0,0,0
20060228,61891,KMA',NYSE,10.5,10.5,689,0,KMG America Corp,0,0,0
20060301,61891,KMA',NYSE,9.73,9.73,489,0,KMG America Corp,0,0,0
20060302,61891,KMA',NYSE,9.75,9.75,855,0,KMG America Corp,0,0,0
20060303,61891,KMA',NYSE,9.78,9.78,473,0,KMG America Corp,0,0,0
20060306,61891,KMA',NYSE,9.25,9.25,724,0,KMG America Corp,0,0,0
20060307,61891,KMA',NYSE,9.28,9.28,336,0,KMG America Corp,0,0,0
20060308,61891,KMA',NYSE,9.97,9.97,462,0,KMG America Corp,0,0,0
20060309,61891,KMA',NYSE,7.91,7.91,10328,0,KMG America Corp,0,0,0
20060310,61891,KMA',NYSE,7.79,7.79,1313,0,KMG America Corp,0,0,0
20060313,61891,KMA',NYSE,7.74,7.74,793,0,KMG America Corp,0,0,0
20060314,61891,KMA',NYSE,7.8,7.8,589,0,KMG America Corp,0,0,0
20060315,61891,KMA',NYSE,7.78,7.78,3413,0,KMG America Corp,0,0,0
20060316,61891,KMA',NYSE,8.1,8.1,3445,0,KMG America Corp,0,0,0
20060317,61891,KMA',NYSE,8.21,8.21,2126,0,KMG America Corp,0,0,0
20060320,61891,KMA',NYSE,8.05,8.05,1246,0,KMG America Corp,0,0,0
20060321,61891,KMA',NYSE,8.01,8.01,959,0,KMG America Corp,0,0,0
20060322,61891,KMA',NYSE,8.14,8.14,762,0,KMG America Corp,0,0,0
20060323,61891,KMA',NYSE,7.95,7.95,1136,0,KMG America Corp,0,0,0
20060324,61891,KMA',NYSE,8.01,8.01,1357,0,KMG America Corp,0,0,0
20060327,61891,KMA',NYSE,7.99,7.99,341,0,KMG America Corp,0,0,0
20060328,61891,KMA',NYSE,8.03,8.03,1201,0,KMG America Corp,0,0,0
20060329,61891,KMA',NYSE,8.36,8.36,881,0,KMG America Corp,0,0,0
20060330,61891,KMA',NYSE,8.7,8.7,2652,0,KMG America Corp,0,0,0
20060331,61891,KMA',NYSE,8.56,8.56,622,0,KMG America Corp,0,0,0
20060403,61891,KMA',NYSE,8.45,8.45,525,0,KMG America Corp,0,0,0
20060404,61891,KMA',NYSE,8.5,8.5,669,0,KMG America Corp,0,0,0
20060405,61891,KMA',NYSE,8.55,8.55,544,0,KMG America Corp,0,0,0
20060406,61891,KMA',NYSE,8.51,8.51,1731,0,KMG America Corp,0,0,0
20060407,61891,KMA',NYSE,8.63,8.63,2368,0,KMG America Corp,0,0,0
20060410,61891,KMA',NYSE,8.72,8.72,822,0,KMG America Corp,0,0,0
20060411,61891,KMA',NYSE,8.5,8.5,790,0,KMG America Corp,0,0,0
20060412,61891,KMA',NYSE,8.5,8.5,240,0,KMG America Corp,0,0,0
20060413,61891,KMA',NYSE,8.36,8.36,189,0,KMG America Corp,0,0,0
20060417,61891,KMA',NYSE,8.35,8.35,1521,0,KMG America Corp,0,0,0
20060418,61891,KMA',NYSE,8.23,8.23,1434,0,KMG America Corp,0,0,0
20060419,61891,KMA',NYSE,8.21,8.21,709,0,KMG America Corp,0,0,0
20060420,61891,KMA',NYSE,8.35,8.35,2688,0,KMG America Corp,0,0,0
20060421,61891,KMA',NYSE,8.46,8.46,446,0,KMG America Corp,0,0,0
20060424,61891,KMA',NYSE,8.53,8.53,571,0,KMG America Corp,0,0,0
20060425,61891,KMA',NYSE,8.65,8.65,564,0,KMG America Corp,0,0,0
20060426,61891,KMA',NYSE,8.53,8.53,1111,0,KMG America Corp,0,0,0
20060427,61891,KMA',NYSE,8.73,8.73,1664,0,KMG America Corp,0,0,0
20060428,61891,KMA',NYSE,9.06,9.06,1179,0,KMG America Corp,0,0,0
20060501,61891,KMA',NYSE,9.02,9.02,959,0,KMG America Corp,0,0,0
20060502,61891,KMA',NYSE,9.25,9.25,538,0,KMG America Corp,0,0,0
20060503,61891,KMA',NYSE,8.99,8.99,896,0,KMG America Corp,0,0,0
20060504,61891,KMA',NYSE,8.82,8.82,971,0,KMG America Corp,0,0,0
20060505,61891,KMA',NYSE,8.86,8.86,499,0,KMG America Corp,0,0,0
20060508,61891,KMA',NYSE,8.93,8.93,808,0,KMG America Corp,0,0,0
20060509,61891,KMA',NYSE,8.95,8.95,1143,0,KMG America Corp,0,0,0
20060510,61891,KMA',NYSE,8.91,8.91,1030,0,KMG America Corp,0,0,0
20060511,61891,KMA',NYSE,8.7,8.7,1818,0,KMG America Corp,0,0,0
20060512,61891,KMA',NYSE,8.38,8.38,1584,0,KMG America Corp,0,0,0
20060515,61891,KMA',NYSE,8.18,8.18,651,0,KMG America Corp,0,0,0
20060516,61891,KMA',NYSE,8.24,8.24,956,0,KMG America Corp,0,0,0
20060517,61891,KMA',NYSE,8.06,8.06,612,0,KMG America Corp,0,0,0
20060518,61891,KMA',NYSE,7.95,7.95,958,0,KMG America Corp,0,0,0
20060519,61891,KMA',NYSE,8.25,8.25,824,0,KMG America Corp,0,0,0
20060522,61891,KMA',NYSE,8.37,8.37,783,0,KMG America Corp,0,0,0
20060523,61891,KMA',NYSE,8.14,8.14,453,0,KMG America Corp,0,0,0
20060524,61891,KMA',NYSE,8.03,8.03,4521,0,KMG America Corp,0,0,0
20060525,61891,KMA',NYSE,8.27,8.27,851,0,KMG America Corp,0,0,0
20060526,61891,KMA',NYSE,8.69,8.69,636,0,KMG America Corp,0,0,0
20060530,61891,KMA',NYSE,8.12,8.12,881,0,KMG America Corp,0,0,0
20060531,61891,KMA',NYSE,8.53,8.53,880,0,KMG America Corp,0,0,0
20060601,61891,KMA',NYSE,8.5,8.5,852,0,KMG America Corp,0,0,0
20060602,61891,KMA',NYSE,8.41,8.41,847,0,KMG America Corp,0,0,0
20060605,61891,KMA',NYSE,8.25,8.25,1243,0,KMG America Corp,0,0,0
20060606,61891,KMA',NYSE,8.23,8.23,1023,0,KMG America Corp,0,0,0
20060607,61891,KMA',NYSE,8.22,8.22,2588,0,KMG America Corp,0,0,0
20060608,61891,KMA',NYSE,8.48,8.48,1541,0,KMG America Corp,0,0,0
20060609,61891,KMA',NYSE,8.28,8.28,368,0,KMG America Corp,0,0,0
20060612,61891,KMA',NYSE,8.28,8.28,473,0,KMG America Corp,0,0,0
20060613,61891,KMA',NYSE,8.36,8.36,1402,0,KMG America Corp,0,0,0
20060614,61891,KMA',NYSE,8.4,8.4,1332,0,KMG America Corp,0,0,0
20060615,61891,KMA',NYSE,8.54,8.54,523,0,KMG America Corp,0,0,0
20060616,61891,KMA',NYSE,8.4,8.4,4631,0,KMG America Corp,0,0,0
20060619,61891,KMA',NYSE,8.2,8.2,985,0,KMG America Corp,0,0,0
20060620,61891,KMA',NYSE,8.17,8.17,3848,0,KMG America Corp,0,0,0
20060621,61891,KMA',NYSE,8.2,8.2,576,0,KMG America Corp,0,0,0
20060622,61891,KMA',NYSE,8.19,8.19,424,0,KMG America Corp,0,0,0
20060623,61891,KMA',NYSE,8.03,8.03,1939,0,KMG America Corp,0,0,0
20060626,61891,KMA',NYSE,8.24,8.24,601,0,KMG America Corp,0,0,0
20060627,61891,KMA',NYSE,8.34,8.34,904,0,KMG America Corp,0,0,0
20060628,61891,KMA',NYSE,8.27,8.27,700,0,KMG America Corp,0,0,0
20060629,61891,KMA',NYSE,8.4,8.4,4615,0,KMG America Corp,0,0,0
20060630,61891,KMA',NYSE,8.87,8.87,8272,0,KMG America Corp,0,0,0
20060703,61891,KMA',NYSE,8.12,8.12,877,0,KMG America Corp,0,0,0
20060705,61891,KMA',NYSE,8.16,8.16,1338,0,KMG America Corp,0,0,0
20060706,61891,KMA',NYSE,8.37,8.37,690,0,KMG America Corp,0,0,0
20060707,61891,KMA',NYSE,8.49,8.49,633,0,KMG America Corp,0,0,0
20060710,61891,KMA',NYSE,8.37,8.37,368,0,KMG America Corp,0,0,0
20060711,61891,KMA',NYSE,8.44,8.44,888,0,KMG America Corp,0,0,0
20060712,61891,KMA',NYSE,8.39,8.39,167,0,KMG America Corp,0,0,0
20060713,61891,KMA',NYSE,8.31,8.31,153,0,KMG America Corp,0,0,0
20060714,61891,KMA',NYSE,8.43,8.43,148,0,KMG America Corp,0,0,0
20060717,61891,KMA',NYSE,8.28,8.28,250,0,KMG America Corp,0,0,0
20060718,61891,KMA',NYSE,8.48,8.48,699,0,KMG America Corp,0,0,0
20060719,61891,KMA',NYSE,8.66,8.66,538,0,KMG America Corp,0,0,0
20060720,61891,KMA',NYSE,8.48,8.48,155,0,KMG America Corp,0,0,0
20060721,61891,KMA',NYSE,8.5,8.5,328,0,KMG America Corp,0,0,0
20060724,61891,KMA',NYSE,8.5,8.5,193,0,KMG America Corp,0,0,0
20060725,61891,KMA',NYSE,8.47,8.47,168,0,KMG America Corp,0,0,0
20060726,61891,KMA',NYSE,8.2,8.2,313,0,KMG America Corp,0,0,0
20060727,61891,KMA',NYSE,8.48,8.48,629,0,KMG America Corp,0,0,0
20060728,61891,KMA',NYSE,8.39,8.39,1194,0,KMG America Corp,0,0,0
20060731,61891,KMA',NYSE,8.35,8.35,537,0,KMG America Corp,0,0,0
20060801,61891,KMA',NYSE,8.32,8.32,1714,0,KMG America Corp,0,0,0
20060802,61891,KMA',NYSE,8.16,8.16,545,0,KMG America Corp,0,0,0
20060803,61891,KMA',NYSE,8.17,8.17,819,0,KMG America Corp,0,0,0
20060804,61891,KMA',NYSE,8.01,8.01,1658,0,KMG America Corp,0,0,0
20060807,61891,KMA',NYSE,7.35,7.35,2634,0,KMG America Corp,0,0,0
20060808,61891,KMA',NYSE,6.85,6.85,3190,0,KMG America Corp,0,0,0
20060809,61891,KMA',NYSE,6.71,6.71,580,0,KMG America Corp,0,0,0
20060810,61891,KMA',NYSE,6.56,6.56,1243,0,KMG America Corp,0,0,0
20060811,61891,KMA',NYSE,6.86,6.86,6285,0,KMG America Corp,0,0,0
20060814,61891,KMA',NYSE,6.71,6.71,627,0,KMG America Corp,0,0,0
20060815,61891,KMA',NYSE,6.96,6.96,1037,0,KMG America Corp,0,0,0
20060816,61891,KMA',NYSE,7.12,7.12,391,0,KMG America Corp,0,0,0
20060817,61891,KMA',NYSE,7.2,7.2,768,0,KMG America Corp,0,0,0
20060818,61891,KMA',NYSE,7.54,7.54,572,0,KMG America Corp,0,0,0
20060821,61891,KMA',NYSE,7.21,7.21,416,0,KMG America Corp,0,0,0
20060822,61891,KMA',NYSE,7.22,7.22,328,0,KMG America Corp,0,0,0
20060823,61891,KMA',NYSE,7.24,7.24,314,0,KMG America Corp,0,0,0
20060824,61891,KMA',NYSE,7.3,7.3,414,0,KMG America Corp,0,0,0
20060825,61891,KMA',NYSE,7.18,7.18,593,0,KMG America Corp,0,0,0
20060828,61891,KMA',NYSE,7.53,7.53,1308,0,KMG America Corp,0,0,0
20060829,61891,KMA',NYSE,7.38,7.38,267,0,KMG America Corp,0,0,0
20060830,61891,KMA',NYSE,7.58,7.58,194,0,KMG America Corp,0,0,0
20060831,61891,KMA',NYSE,7.63,7.63,440,0,KMG America Corp,0,0,0
20060901,61891,KMA',NYSE,7.62,7.62,274,0,KMG America Corp,0,0,0
20060905,61891,KMA',NYSE,7.58,7.58,174,0,KMG America Corp,0,0,0
20060906,61891,KMA',NYSE,7.5,7.5,201,0,KMG America Corp,0,0,0
20060907,61891,KMA',NYSE,7.59,7.59,289,0,KMG America Corp,0,0,0
20060908,61891,KMA',NYSE,7.65,7.65,343,0,KMG America Corp,0,0,0
20060911,61891,KMA',NYSE,7.7,7.7,201,0,KMG America Corp,0,0,0
20060912,61891,KMA',NYSE,7.44,7.44,278,0,KMG America Corp,0,0,0
20060913,61891,KMA',NYSE,7.64,7.64,190,0,KMG America Corp,0,0,0
20060914,61891,KMA',NYSE,7.5,7.5,115,0,KMG America Corp,0,0,0
20060915,61891,KMA',NYSE,7.53,7.53,111,0,KMG America Corp,0,0,0
20060918,61891,KMA',NYSE,7.55,7.55,1910,0,KMG America Corp,0,0,0
20060919,61891,KMA',NYSE,7.43,7.43,216,0,KMG America Corp,0,0,0
20060920,61891,KMA',NYSE,7.28,7.28,244,0,KMG America Corp,0,0,0
20060921,61891,KMA',NYSE,7.38,7.38,491,0,KMG America Corp,0,0,0
20060922,61891,KMA',NYSE,7.39,7.39,362,0,KMG America Corp,0,0,0
20060925,61891,KMA',NYSE,7.44,7.44,223,0,KMG America Corp,0,0,0
20060926,61891,KMA',NYSE,7.39,7.39,123,0,KMG America Corp,0,0,0
20060927,61891,KMA',NYSE,7.34,7.34,87,0,KMG America Corp,0,0,0
20060928,61891,KMA',NYSE,7.26,7.26,240,0,KMG America Corp,0,0,0
20060929,61891,KMA',NYSE,7.35,7.35,148,0,KMG America Corp,0,0,0
20061002,61891,KMA',NYSE,7.26,7.26,59,0,KMG America Corp,0,0,0
20061003,61891,KMA',NYSE,7,7,178,0,KMG America Corp,0,0,0
20061004,61891,KMA',NYSE,7.08,7.08,1533,0,KMG America Corp,0,0,0
20061005,61891,KMA',NYSE,7.33,7.33,2102,0,KMG America Corp,0,0,0
20061006,61891,KMA',NYSE,7.38,7.38,86,0,KMG America Corp,0,0,0
20061009,61891,KMA',NYSE,7.25,7.25,87,0,KMG America Corp,0,0,0
20061010,61891,KMA',NYSE,7.22,7.22,140,0,KMG America Corp,0,0,0
20061011,61891,KMA',NYSE,7.62,7.62,991,0,KMG America Corp,0,0,0
20061012,61891,KMA',NYSE,7.72,7.72,1985,0,KMG America Corp,0,0,0
20061013,61891,KMA',NYSE,7.65,7.65,151,0,KMG America Corp,0,0,0
20061016,61891,KMA',NYSE,7.55,7.55,94,0,KMG America Corp,0,0,0
20061017,61891,KMA',NYSE,7.5,7.5,212,0,KMG America Corp,0,0,0
20061018,61891,KMA',NYSE,7.61,7.61,198,0,KMG America Corp,0,0,0
20061019,61891,KMA',NYSE,7.58,7.58,4399,0,KMG America Corp,0,0,0
20061020,61891,KMA',NYSE,7.48,7.48,454,0,KMG America Corp,0,0,0
20061023,61891,KMA',NYSE,7.45,7.45,179,0,KMG America Corp,0,0,0
20061024,61891,KMA',NYSE,7.6,7.6,361,0,KMG America Corp,0,0,0
20061025,61891,KMA',NYSE,7.56,7.56,171,0,KMG America Corp,0,0,0
20061026,61891,KMA',NYSE,7.72,7.72,139,0,KMG America Corp,0,0,0
20061027,61891,KMA',NYSE,7.83,7.83,176,0,KMG America Corp,0,0,0
20061030,61891,KMA',NYSE,7.47,7.47,559,0,KMG America Corp,0,0,0
20061031,61891,KMA',NYSE,7.6,7.6,103,0,KMG America Corp,0,0,0
20061101,61891,KMA',NYSE,7.61,7.61,66,0,KMG America Corp,0,0,0
20061102,61891,KMA',NYSE,7.47,7.47,97,0,KMG America Corp,0,0,0
20061103,61891,KMA',NYSE,7.6,7.6,67,0,KMG America Corp,0,0,0
20061106,61891,KMA',NYSE,8.51,8.51,1574,0,KMG America Corp,0,0,0
20061107,61891,KMA',NYSE,8.51,8.51,1383,0,KMG America Corp,0,0,0
20061108,61891,KMA',NYSE,8.5,8.5,722,0,KMG America Corp,0,0,0
20061109,61891,KMA',NYSE,8.55,8.55,1577,0,KMG America Corp,0,0,0
20061110,61891,KMA',NYSE,8.6,8.6,499,0,KMG America Corp,0,0,0
20061113,61891,KMA',NYSE,8.5,8.5,598,0,KMG America Corp,0,0,0
20061114,61891,KMA',NYSE,8.5,8.5,1011,0,KMG America Corp,0,0,0
20061115,61891,KMA',NYSE,8.38,8.38,639,0,KMG America Corp,0,0,0
20061116,61891,KMA',NYSE,8.4,8.4,247,0,KMG America Corp,0,0,0
20061117,61891,KMA',NYSE,8.28,8.28,160,0,KMG America Corp,0,0,0
20061120,61891,KMA',NYSE,8.25,8.25,445,0,KMG America Corp,0,0,0
20061121,61891,KMA',NYSE,8.16,8.16,1937,0,KMG America Corp,0,0,0
20061122,61891,KMA',NYSE,8.19,8.19,196,0,KMG America Corp,0,0,0
20061124,61891,KMA',NYSE,8.26,8.26,205,0,KMG America Corp,0,0,0
20061127,61891,KMA',NYSE,8.26,8.26,891,0,KMG America Corp,0,0,0
20061128,61891,KMA',NYSE,8.44,8.44,1173,0,KMG America Corp,0,0,0
20061129,61891,KMA',NYSE,8.4,8.4,781,0,KMG America Corp,0,0,0
20061130,61891,KMA',NYSE,8.4,8.4,509,0,KMG America Corp,0,0,0
20061201,61891,KMA',NYSE,8.45,8.45,189,0,KMG America Corp,0,0,0
20061204,61891,KMA',NYSE,8.44,8.44,356,0,KMG America Corp,0,0,0
20061205,61891,KMA',NYSE,8.42,8.42,185,0,KMG America Corp,0,0,0
20061206,61891,KMA',NYSE,8.17,8.17,457,0,KMG America Corp,0,0,0
20061207,61891,KMA',NYSE,8.3,8.3,154,0,KMG America Corp,0,0,0
20061208,61891,KMA',NYSE,8.37,8.37,183,0,KMG America Corp,0,0,0
20061211,61891,KMA',NYSE,8.59,8.59,296,0,KMG America Corp,0,0,0
20061212,61891,KMA',NYSE,8.44,8.44,139,0,KMG America Corp,0,0,0
20061213,61891,KMA',NYSE,8.26,8.26,703,0,KMG America Corp,0,0,0
20061214,61891,KMA',NYSE,8.14,8.14,214,0,KMG America Corp,0,0,0
20061215,61891,KMA',NYSE,8.05,8.05,540,0,KMG America Corp,0,0,0
20061218,61891,KMA',NYSE,8.05,8.05,3187,0,KMG America Corp,0,0,0
20061219,61891,KMA',NYSE,8.48,8.48,367,0,KMG America Corp,0,0,0
20061220,61891,KMA',NYSE,8.48,8.48,583,0,KMG America Corp,0,0,0
20061221,61891,KMA',NYSE,8.75,8.75,909,0,KMG America Corp,0,0,0
20061222,61891,KMA',NYSE,9.03,9.03,1214,0,KMG America Corp,0,0,0
20061226,61891,KMA',NYSE,9.29,9.29,254,0,KMG America Corp,0,0,0
20061227,61891,KMA',NYSE,9.38,9.38,504,0,KMG America Corp,0,0,0
20061228,61891,KMA',NYSE,9.42,9.42,956,0,KMG America Corp,0,0,0
20061229,61891,KMA',NYSE,9.59,9.59,225,0,KMG America Corp,0,0,0
20070103,61891,KMA',NYSE,9.69,9.69,822,0,KMG America Corp,0,0,0
20070104,61891,KMA',NYSE,9.55,9.55,252,0,KMG America Corp,0,0,0
20070105,61891,KMA',NYSE,9.57,9.57,1341,0,KMG America Corp,0,0,0
20070108,61891,KMA',NYSE,9.7,9.7,686,0,KMG America Corp,0,0,0
20070109,61891,KMA',NYSE,9.55,9.55,125,0,KMG America Corp,0,0,0
20070110,61891,KMA',NYSE,9.12,9.12,147,0,KMG America Corp,0,0,0
20070111,61891,KMA',NYSE,9.55,9.55,228,0,KMG America Corp,0,0,0
20070112,61891,KMA',NYSE,9.7,9.7,310,0,KMG America Corp,0,0,0
20070116,61891,KMA',NYSE,9.49,9.49,175,0,KMG America Corp,0,0,0
20070117,61891,KMA',NYSE,9.63,9.63,2677,0,KMG America Corp,0,0,0
20070118,61891,KMA',NYSE,9.55,9.55,740,0,KMG America Corp,0,0,0
20070119,61891,KMA',NYSE,9.51,9.51,615,0,KMG America Corp,0,0,0
20070122,61891,KMA',NYSE,9.12,9.12,265,0,KMG America Corp,0,0,0
20070123,61891,KMA',NYSE,9.06,9.06,320,0,KMG America Corp,0,0,0
20070124,61891,KMA',NYSE,8.99,8.99,213,0,KMG America Corp,0,0,0
20070125,61891,KMA',NYSE,9.04,9.04,481,0,KMG America Corp,0,0,0
20070126,61891,KMA',NYSE,9.01,9.01,154,0,KMG America Corp,0,0,0
20070129,61891,KMA',NYSE,8.98,8.98,207,0,KMG America Corp,0,0,0
20070130,61891,KMA',NYSE,9.01,9.01,339,0,KMG America Corp,0,0,0
20070131,61891,KMA',NYSE,9.25,9.25,1109,0,KMG America Corp,0,0,0
20070201,61891,KMA',NYSE,9.3,9.3,66,0,KMG America Corp,0,0,0
20070202,61891,KMA',NYSE,9.23,9.23,179,0,KMG America Corp,0,0,0
20070205,61891,KMA',NYSE,9.25,9.25,856,0,KMG America Corp,0,0,0
20070206,61891,KMA',NYSE,9.25,9.25,1948,0,KMG America Corp,0,0,0
20070207,61891,KMA',NYSE,9.22,9.22,212,0,KMG America Corp,0,0,0
20070208,61891,KMA',NYSE,9.22,9.22,232,0,KMG America Corp,0,0,0
20070209,61891,KMA',NYSE,9.2,9.2,67,0,KMG America Corp,0,0,0
20070212,61891,KMA',NYSE,9.05,9.05,1150,0,KMG America Corp,0,0,0
20070213,61891,KMA',NYSE,9,9,434,0,KMG America Corp,0,0,0
20070214,61891,KMA',NYSE,9.17,9.17,1059,0,KMG America Corp,0,0,0
20070215,61891,KMA',NYSE,9.07,9.07,326,0,KMG America Corp,0,0,0
20070216,61891,KMA',NYSE,8.92,8.92,138,0,KMG America Corp,0,0,0
20070220,61891,KMA',NYSE,9,9,232,0,KMG America Corp,0,0,0
20070221,61891,KMA',NYSE,9.43,9.43,719,0,KMG America Corp,0,0,0
20070222,61891,KMA',NYSE,9.25,9.25,375,0,KMG America Corp,0,0,0
20070223,61891,KMA',NYSE,9,9,474,0,KMG America Corp,0,0,0
20070226,61891,KMA',NYSE,8.96,8.96,306,0,KMG America Corp,0,0,0
20070227,61891,KMA',NYSE,8.89,8.89,333,0,KMG America Corp,0,0,0
20070228,61891,KMA',NYSE,9.18,9.18,410,0,KMG America Corp,0,0,0
20070301,61891,KMA',NYSE,9.12,9.12,147,0,KMG America Corp,0,0,0
20070302,61891,KMA',NYSE,9.45,9.45,404,0,KMG America Corp,0,0,0
20070305,61891,KMA',NYSE,9.31,9.31,166,0,KMG America Corp,0,0,0
20070306,61891,KMA',NYSE,9.39,9.39,185,0,KMG America Corp,0,0,0
20070307,61891,KMA',NYSE,9.55,9.55,244,0,KMG America Corp,0,0,0
20070308,61891,KMA',NYSE,9.27,9.27,151,0,KMG America Corp,0,0,0
20070309,61891,KMA',NYSE,9.75,9.75,208,0,KMG America Corp,0,0,0
20070312,61891,KMA',NYSE,9.3,9.3,713,0,KMG America Corp,0,0,0
20070313,61891,KMA',NYSE,9,9,224,0,KMG America Corp,0,0,0
20070314,61891,KMA',NYSE,8.88,8.88,102,0,KMG America Corp,0,0,0
20070315,61891,KMA',NYSE,9.36,9.36,130,0,KMG America Corp,0,0,0
20070316,61891,KMA',NYSE,9.45,9.45,123,0,KMG America Corp,0,0,0
20070319,61891,KMA',NYSE,9.29,9.29,515,0,KMG America Corp,0,0,0
20070320,61891,KMA',NYSE,9.24,9.24,225,0,KMG America Corp,0,0,0
20070321,61891,KMA',NYSE,8.97,8.97,304,0,KMG America Corp,0,0,0
20070322,61891,KMA',NYSE,8.75,8.75,261,0,KMG America Corp,0,0,0
20070323,61891,KMA',NYSE,8.94,8.94,246,0,KMG America Corp,0,0,0
20070326,61891,KMA',NYSE,8.74,8.74,235,0,KMG America Corp,0,0,0
20070327,61891,KMA',NYSE,8.7,8.7,137,0,KMG America Corp,0,0,0
20070328,61891,KMA',NYSE,8.67,8.67,972,0,KMG America Corp,0,0,0
20070329,61891,KMA',NYSE,4.87,4.87,93217,0,KMG America Corp,0,0,0
20070330,61891,KMA',NYSE,4.63,4.63,13990,0,KMG America Corp,0,0,0
20070402,61891,KMA',NYSE,4.73,4.73,4107,0,KMG America Corp,0,0,0
20070403,61891,KMA',NYSE,5.09,5.09,5273,0,KMG America Corp,0,0,0
20070404,61891,KMA',NYSE,5.1,5.1,3038,0,KMG America Corp,0,0,0
20070405,61891,KMA',NYSE,5.05,5.05,1011,0,KMG America Corp,0,0,0
20070409,61891,KMA',NYSE,5.22,5.22,1575,0,KMG America Corp,0,0,0
20070410,61891,KMA',NYSE,5.14,5.14,992,0,KMG America Corp,0,0,0
20070411,61891,KMA',NYSE,5.08,5.08,2227,0,KMG America Corp,0,0,0
20070412,61891,KMA',NYSE,4.9,4.9,1139,0,KMG America Corp,0,0,0
20070413,61891,KMA',NYSE,4.7,4.7,1645,0,KMG America Corp,0,0,0
20070416,61891,KMA',NYSE,4.6,4.6,2597,0,KMG America Corp,0,0,0
20070417,61891,KMA',NYSE,4.59,4.59,3551,0,KMG America Corp,0,0,0
20070418,61891,KMA',NYSE,4.69,4.69,3039,0,KMG America Corp,0,0,0
20070419,61891,KMA',NYSE,4.91,4.91,1866,0,KMG America Corp,0,0,0
20070420,61891,KMA',NYSE,4.98,4.98,1291,0,KMG America Corp,0,0,0
20070423,61891,KMA',NYSE,4.72,4.72,953,0,KMG America Corp,0,0,0
20070424,61891,KMA',NYSE,4.75,4.75,1603,0,KMG America Corp,0,0,0
20070425,61891,KMA',NYSE,4.69,4.69,655,0,KMG America Corp,0,0,0
20070426,61891,KMA',NYSE,4.67,4.67,1004,0,KMG America Corp,0,0,0
20070427,61891,KMA',NYSE,4.78,4.78,5747,0,KMG America Corp,0,0,0
20070430,61891,KMA',NYSE,4.79,4.79,877,0,KMG America Corp,0,0,0
20070501,61891,KMA',NYSE,4.7,4.7,3147,0,KMG America Corp,0,0,0
20070502,61891,KMA',NYSE,4.81,4.81,671,0,KMG America Corp,0,0,0
20070503,61891,KMA',NYSE,4.81,4.81,1304,0,KMG America Corp,0,0,0
20070504,61891,KMA',NYSE,4.79,4.79,771,0,KMG America Corp,0,0,0
20070507,61891,KMA',NYSE,5.1,5.1,3225,0,KMG America Corp,0,0,0
20070508,61891,KMA',NYSE,5.3,5.3,1333,0,KMG America Corp,0,0,0
20070509,61891,KMA',NYSE,5.49,5.49,877,0,KMG America Corp,0,0,0
20070510,61891,KMA',NYSE,5.58,5.58,2335,0,KMG America Corp,0,0,0
20070511,61891,KMA',NYSE,5.63,5.63,746,0,KMG America Corp,0,0,0
20070514,61891,KMA',NYSE,5.6,5.6,1030,0,KMG America Corp,0,0,0
20070515,61891,KMA',NYSE,5.63,5.63,1162,0,KMG America Corp,0,0,0
20070516,61891,KMA',NYSE,5.59,5.59,2222,0,KMG America Corp,0,0,0
20070517,61891,KMA',NYSE,5.58,5.58,1359,0,KMG America Corp,0,0,0
20070518,61891,KMA',NYSE,5.61,5.61,1014,0,KMG America Corp,0,0,0
20070521,61891,KMA',NYSE,5.69,5.69,309,0,KMG America Corp,0,0,0
20070522,61891,KMA',NYSE,5.63,5.63,743,0,KMG America Corp,0,0,0
20070523,61891,KMA',NYSE,5.52,5.52,2195,0,KMG America Corp,0,0,0
20070524,61891,KMA',NYSE,5.3,5.3,948,0,KMG America Corp,0,0,0
20070525,61891,KMA',NYSE,5.38,5.38,528,0,KMG America Corp,0,0,0
20070529,61891,KMA',NYSE,5.2,5.2,1105,0,KMG America Corp,0,0,0
20070530,61891,KMA',NYSE,5.46,5.46,2561,0,KMG America Corp,0,0,0
20070531,61891,KMA',NYSE,5.49,5.49,648,0,KMG America Corp,0,0,0
20070601,61891,KMA',NYSE,5.34,5.34,571,0,KMG America Corp,0,0,0
20070604,61891,KMA',NYSE,5.26,5.26,641,0,KMG America Corp,0,0,0
20070605,61891,KMA',NYSE,5.24,5.24,663,0,KMG America Corp,0,0,0
20070606,61891,KMA',NYSE,5.41,5.41,444,0,KMG America Corp,0,0,0
20070607,61891,KMA',NYSE,5.31,5.31,584,0,KMG America Corp,0,0,0
20070608,61891,KMA',NYSE,5.26,5.26,289,0,KMG America Corp,0,0,0
20070611,61891,KMA',NYSE,5.18,5.18,501,0,KMG America Corp,0,0,0
20070612,61891,KMA',NYSE,5.1,5.1,337,0,KMG America Corp,0,0,0
20070613,61891,KMA',NYSE,5.2,5.2,377,0,KMG America Corp,0,0,0
20070614,61891,KMA',NYSE,5.2,5.2,401,0,KMG America Corp,0,0,0
20070615,61891,KMA',NYSE,5.35,5.35,368,0,KMG America Corp,0,0,0
20070618,61891,KMA',NYSE,5.49,5.49,760,0,KMG America Corp,0,0,0
20070619,61891,KMA',NYSE,5.49,5.49,683,0,KMG America Corp,0,0,0
20070620,61891,KMA',NYSE,5.37,5.37,248,0,KMG America Corp,0,0,0
20070621,61891,KMA',NYSE,5.3,5.3,345,0,KMG America Corp,0,0,0
20070622,61891,KMA',NYSE,5.27,5.27,423,0,KMG America Corp,0,0,0
20070625,61891,KMA',NYSE,5.25,5.25,1871,0,KMG America Corp,0,0,0
20070626,61891,KMA',NYSE,5.23,5.23,474,0,KMG America Corp,0,0,0
20070627,61891,KMA',NYSE,5.2,5.2,589,0,KMG America Corp,0,0,0
20070628,61891,KMA',NYSE,5.16,5.16,746,0,KMG America Corp,0,0,0
20070629,61891,KMA',NYSE,5.25,5.25,486,0,KMG America Corp,0,0,0
20070702,61891,KMA',NYSE,5.22,5.22,509,0,KMG America Corp,0,0,0
20070703,61891,KMA',NYSE,5.27,5.27,285,0,KMG America Corp,0,0,0
20070705,61891,KMA',NYSE,5.26,5.26,224,0,KMG America Corp,0,0,0
20070706,61891,KMA',NYSE,5.25,5.25,654,0,KMG America Corp,0,0,0
20070709,61891,KMA',NYSE,5.28,5.28,1506,0,KMG America Corp,0,0,0
20070710,61891,KMA',NYSE,5.33,5.33,492,0,KMG America Corp,0,0,0
20070711,61891,KMA',NYSE,5.25,5.25,484,0,KMG America Corp,0,0,0
20070712,61891,KMA',NYSE,5.26,5.26,1018,0,KMG America Corp,0,0,0
20070713,61891,KMA',NYSE,5.25,5.25,547,0,KMG America Corp,0,0,0
20070716,61891,KMA',NYSE,5.21,5.21,512,0,KMG America Corp,0,0,0
20070717,61891,KMA',NYSE,5.19,5.19,247,0,KMG America Corp,0,0,0
20070718,61891,KMA',NYSE,5.19,5.19,232,0,KMG America Corp,0,0,0
20070719,61891,KMA',NYSE,5.19,5.19,302,0,KMG America Corp,0,0,0
20070720,61891,KMA',NYSE,5.19,5.19,889,0,KMG America Corp,0,0,0
20070723,61891,KMA',NYSE,5.17,5.17,467,0,KMG America Corp,0,0,0
20070724,61891,KMA',NYSE,5.19,5.19,1001,0,KMG America Corp,0,0,0
20070725,61891,KMA',NYSE,5.2,5.2,427,0,KMG America Corp,0,0,0
20070726,61891,KMA',NYSE,5.03,5.03,1303,0,KMG America Corp,0,0,0
20070727,61891,KMA',NYSE,4.95,4.95,386,0,KMG America Corp,0,0,0
20070730,61891,KMA',NYSE,4.79,4.79,607,0,KMG America Corp,0,0,0
20070731,61891,KMA',NYSE,4.68,4.68,357,0,KMG America Corp,0,0,0
20070801,61891,KMA',NYSE,4.2,4.2,1341,0,KMG America Corp,0,0,0
20070802,61891,KMA',NYSE,4.29,4.29,737,0,KMG America Corp,0,0,0
20070803,61891,KMA',NYSE,4.23,4.23,1355,0,KMG America Corp,0,0,0
20070806,61891,KMA',NYSE,4,4,2796,0,KMG America Corp,0,0,0
20070807,61891,KMA',NYSE,3.98,3.98,1463,0,KMG America Corp,0,0,0
20070808,61891,KMA',NYSE,4.1,4.1,1665,0,KMG America Corp,0,0,0
20070809,61891,KMA',NYSE,4.05,4.05,1797,0,KMG America Corp,0,0,0
20070810,61891,KMA',NYSE,3.9,3.9,759,0,KMG America Corp,0,0,0
20070813,61891,KMA',NYSE,3.63,3.63,864,0,KMG America Corp,0,0,0
20070814,61891,KMA',NYSE,3.45,3.45,1190,0,KMG America Corp,0,0,0
20070815,61891,KMA',NYSE,3.49,3.49,904,0,KMG America Corp,0,0,0
20070816,61891,KMA',NYSE,3.48,3.48,1030,0,KMG America Corp,0,0,0
20070817,61891,KMA',NYSE,3.8,3.8,3104,0,KMG America Corp,0,0,0
20070820,61891,KMA',NYSE,3.8,3.8,784,0,KMG America Corp,0,0,0
20070821,61891,KMA',NYSE,3.82,3.82,661,0,KMG America Corp,0,0,0
20070822,61891,KMA',NYSE,3.91,3.91,917,0,KMG America Corp,0,0,0
20070823,61891,KMA',NYSE,3.84,3.84,442,0,KMG America Corp,0,0,0
20070824,61891,KMA',NYSE,3.69,3.69,908,0,KMG America Corp,0,0,0
20070827,61891,KMA',NYSE,3.58,3.58,538,0,KMG America Corp,0,0,0
20070828,61891,KMA',NYSE,3.42,3.42,559,0,KMG America Corp,0,0,0
20070829,61891,KMA',NYSE,3.48,3.48,242,0,KMG America Corp,0,0,0
20070830,61891,KMA',NYSE,3.55,3.55,89,0,KMG America Corp,0,0,0
20070831,61891,KMA',NYSE,3.84,3.84,993,0,KMG America Corp,0,0,0
20070904,61891,KMA',NYSE,3.63,3.63,968,0,KMG America Corp,0,0,0
20070905,61891,KMA',NYSE,3.6,3.6,378,0,KMG America Corp,0,0,0
20070906,61891,KMA',NYSE,3.66,3.66,517,0,KMG America Corp,0,0,0
20070907,61891,KMA',NYSE,3.49,3.49,607,0,KMG America Corp,0,0,0
20070910,61891,KMA',NYSE,5.81,5.81,61163,0,KMG America Corp,0,0,0
20070911,61891,KMA',NYSE,5.85,5.85,5693,0,KMG America Corp,0,0,0
20070912,61891,KMA',NYSE,5.84,5.84,4091,0,KMG America Corp,0,0,0
20070913,61891,KMA',NYSE,5.89,5.89,1819,0,KMG America Corp,0,0,0
20070914,61891,KMA',NYSE,5.86,5.86,2387,0,KMG America Corp,0,0,0
20070917,61891,KMA',NYSE,5.85,5.85,3671,0,KMG America Corp,0,0,0
20070918,61891,KMA',NYSE,5.85,5.85,3877,0,KMG America Corp,0,0,0
20070919,61891,KMA',NYSE,5.89,5.89,2475,0,KMG America Corp,0,0,0
20070920,61891,KMA',NYSE,5.86,5.86,41551,0,KMG America Corp,0,0,0
20070921,61891,KMA',NYSE,5.88,5.88,899,0,KMG America Corp,0,0,0
20070924,61891,KMA',NYSE,5.86,5.86,946,0,KMG America Corp,0,0,0
20070925,61891,KMA',NYSE,5.87,5.87,4277,0,KMG America Corp,0,0,0
20070926,61891,KMA',NYSE,5.85,5.85,2934,0,KMG America Corp,0,0,0
20070927,61891,KMA',NYSE,5.87,5.87,2027,0,KMG America Corp,0,0,0
20070928,61891,KMA',NYSE,5.92,5.92,1679,0,KMG America Corp,0,0,0
20071001,61891,KMA',NYSE,5.97,5.97,805,0,KMG America Corp,0,0,0
20071002,61891,KMA',NYSE,5.99,5.99,650,0,KMG America Corp,0,0,0
20071003,61891,KMA',NYSE,5.99,5.99,732,0,KMG America Corp,0,0,0
20071004,61891,KMA',NYSE,6,6,1047,0,KMG America Corp,0,0,0
20071005,61891,KMA',NYSE,6,6,856,0,KMG America Corp,0,0,0
20071008,61891,KMA',NYSE,6.05,6.05,698,0,KMG America Corp,0,0,0
20071009,61891,KMA',NYSE,6.08,6.08,774,0,KMG America Corp,0,0,0
20071010,61891,KMA',NYSE,6.07,6.07,357,0,KMG America Corp,0,0,0
20071011,61891,KMA',NYSE,6.03,6.03,460,0,KMG America Corp,0,0,0
20071012,61891,KMA',NYSE,6.07,6.07,929,0,KMG America Corp,0,0,0
20071015,61891,KMA',NYSE,6.06,6.06,434,0,KMG America Corp,0,0,0
20071016,61891,KMA',NYSE,6.05,6.05,410,0,KMG America Corp,0,0,0
20071017,61891,KMA',NYSE,6.05,6.05,1267,0,KMG America Corp,0,0,0
20071018,61891,KMA',NYSE,6.06,6.06,358,0,KMG America Corp,0,0,0
20071019,61891,KMA',NYSE,6.05,6.05,2178,0,KMG America Corp,0,0,0
20071022,61891,KMA',NYSE,6.05,6.05,242,0,KMG America Corp,0,0,0
20071023,61891,KMA',NYSE,6.05,6.05,394,0,KMG America Corp,0,0,0
20071024,61891,KMA',NYSE,6.07,6.07,1357,0,KMG America Corp,0,0,0
20071025,61891,KMA',NYSE,6.06,6.06,132,0,KMG America Corp,0,0,0
20071026,61891,KMA',NYSE,6.07,6.07,408,0,KMG America Corp,0,0,0
20071029,61891,KMA',NYSE,6.06,6.06,1258,0,KMG America Corp,0,0,0
20071030,61891,KMA',NYSE,6.08,6.08,1277,0,KMG America Corp,0,0,0
20071031,61891,KMA',NYSE,6.07,6.07,504,0,KMG America Corp,0,0,0
20071101,61891,KMA',NYSE,6.08,6.08,743,0,KMG America Corp,0,0,0
20071102,61891,KMA',NYSE,6.09,6.09,300,0,KMG America Corp,0,0,0
20071105,61891,KMA',NYSE,6.14,6.14,1822,0,KMG America Corp,0,0,0
20071106,61891,KMA',NYSE,6.13,6.13,3209,0,KMG America Corp,0,0,0
20071107,61891,KMA',NYSE,6.14,6.14,362,0,KMG America Corp,0,0,0
20071108,61891,KMA',NYSE,6.14,6.14,1074,0,KMG America Corp,0,0,0
20071109,61891,KMA',NYSE,6.16,6.16,1440,0,KMG America Corp,0,0,0
20071112,61891,KMA',NYSE,6.14,6.14,363,0,KMG America Corp,0,0,0
20071113,61891,KMA',NYSE,6.15,6.15,840,0,KMG America Corp,0,0,0
20071114,61891,KMA',NYSE,6.15,6.15,339,0,KMG America Corp,0,0,0
20071115,61891,KMA',NYSE,6.15,6.15,734,0,KMG America Corp,0,0,0
20071116,61891,KMA',NYSE,6.14,6.14,1405,0,KMG America Corp,0,0,0
20071119,61891,KMA',NYSE,6.16,6.16,402,0,KMG America Corp,0,0,0
20071120,61891,KMA',NYSE,6.14,6.14,1637,0,KMG America Corp,0,0,0
20071121,61891,KMA',NYSE,6.14,6.14,274,0,KMG America Corp,0,0,0
20071123,61891,KMA',NYSE,6.16,6.16,130,0,KMG America Corp,0,0,0
20071126,61891,KMA',NYSE,6.15,6.15,259,0,KMG America Corp,0,0,0
20071127,61891,KMA',NYSE,6.18,6.18,751,0,KMG America Corp,0,0,0
20071128,61891,KMA',NYSE,6.17,6.17,1173,0,KMG America Corp,0,0,0
20071129,61891,KMA',NYSE,6.18,6.18,1541,0,KMG America Corp,0,0,0
20071130,61891,KMA',NYSE,6.2,6.2,439,0,KMG America Corp,0,0,0
