DDate,CSINumber,Symbol,Exchange,DClose,UnAdjustedClose,TotalVolume,Cash,MarketName,PTB,PSR,DPS
20050628,61977,ECV',NYSE,14.16378984,20,1334,0,Blackrock Enhanced Equity Yield & Premiu,0,0,0
20050629,61977,ECV',NYSE,14.17087173,20.01,473,0,Blackrock Enhanced Equity Yield & Premiu,0,0,0
20050630,61977,ECV',NYSE,14.220445,20.08,402,0,Blackrock Enhanced Equity Yield & Premiu,0,0,0
20050701,61977,ECV',NYSE,14.2133631,20.07,933,0,Blackrock Enhanced Equity Yield & Premiu,0,0,0
20050705,61977,ECV',NYSE,14.16378984,20,256,0,Blackrock Enhanced Equity Yield & Premiu,0,0,0
20050706,61977,ECV',NYSE,14.18503552,20.03,162,0,Blackrock Enhanced Equity Yield & Premiu,0,0,0
20050707,61977,ECV',NYSE,14.18503552,20.03,251,0,Blackrock Enhanced Equity Yield & Premiu,0,0,0
20050708,61977,ECV',NYSE,14.19211742,20.04,145,0,Blackrock Enhanced Equity Yield & Premiu,0,0,0
20050711,61977,ECV',NYSE,14.16378984,20,353,0,Blackrock Enhanced Equity Yield & Premiu,0,0,0
20050712,61977,ECV',NYSE,14.18503552,20.03,254,0,Blackrock Enhanced Equity Yield & Premiu,0,0,0
20050713,61977,ECV',NYSE,14.18503552,20.03,284,0,Blackrock Enhanced Equity Yield & Premiu,0,0,0
20050714,61977,ECV',NYSE,14.18503552,20.03,99,0,Blackrock Enhanced Equity Yield & Premiu,0,0,0
20050715,61977,ECV',NYSE,14.19211742,20.04,143,0,Blackrock Enhanced Equity Yield & Premiu,0,0,0
20050718,61977,ECV',NYSE,14.17087173,20.01,198,0,Blackrock Enhanced Equity Yield & Premiu,0,0,0
20050719,61977,ECV',NYSE,14.17795363,20.02,333,0,Blackrock Enhanced Equity Yield & Premiu,0,0,0
20050720,61977,ECV',NYSE,14.27001826,20.15,359,0,Blackrock Enhanced Equity Yield & Premiu,0,0,0
20050721,61977,ECV',NYSE,14.25585447,20.13,133,0,Blackrock Enhanced Equity Yield & Premiu,0,0,0
20050722,61977,ECV',NYSE,14.17795363,20.02,261,0,Blackrock Enhanced Equity Yield & Premiu,0,0,0
20050725,61977,ECV',NYSE,14.19211742,20.04,268,0,Blackrock Enhanced Equity Yield & Premiu,0,0,0
20050726,61977,ECV',NYSE,14.19211742,20.04,507,0,Blackrock Enhanced Equity Yield & Premiu,0,0,0
20050727,61977,ECV',NYSE,14.19919931,20.05,633,0,Blackrock Enhanced Equity Yield & Premiu,0,0,0
20050728,61977,ECV',NYSE,14.16378984,20,3270,0,Blackrock Enhanced Equity Yield & Premiu,0,0,0
20050729,61977,ECV',NYSE,14.17087173,20.01,428,0,Blackrock Enhanced Equity Yield & Premiu,0,0,0
20050801,61977,ECV',NYSE,14.17795363,20.02,1529,0,Blackrock Enhanced Equity Yield & Premiu,0,0,0
20050802,61977,ECV',NYSE,14.16378984,20,109,0,Blackrock Enhanced Equity Yield & Premiu,0,0,0
20050803,61977,ECV',NYSE,14.17087173,20.01,291,0,Blackrock Enhanced Equity Yield & Premiu,0,0,0
20050804,61977,ECV',NYSE,14.17795363,20.02,213,0,Blackrock Enhanced Equity Yield & Premiu,0,0,0
20050805,61977,ECV',NYSE,14.17087173,20.01,153,0,Blackrock Enhanced Equity Yield & Premiu,0,0,0
20050808,61977,ECV',NYSE,14.17087173,20.01,273,0,Blackrock Enhanced Equity Yield & Premiu,0,0,0
20050809,61977,ECV',NYSE,14.17087173,20.01,352,0,Blackrock Enhanced Equity Yield & Premiu,0,0,0
20050810,61977,ECV',NYSE,14.12838036,19.95,549,0,Blackrock Enhanced Equity Yield & Premiu,0,0,0
20050811,61977,ECV',NYSE,14.02215194,19.8,370,0,Blackrock Enhanced Equity Yield & Premiu,0,0,0
20050812,61977,ECV',NYSE,13.98674246,19.75,99,0,Blackrock Enhanced Equity Yield & Premiu,0,0,0
20050815,61977,ECV',NYSE,13.9371692,19.68,164,0,Blackrock Enhanced Equity Yield & Premiu,0,0,0
20050816,61977,ECV',NYSE,13.84510457,19.55,346,0,Blackrock Enhanced Equity Yield & Premiu,0,0,0
20050817,61977,ECV',NYSE,13.73887614,19.4,504,0,Blackrock Enhanced Equity Yield & Premiu,0,0,0
20050818,61977,ECV',NYSE,13.66805719,19.3,435,0,Blackrock Enhanced Equity Yield & Premiu,0,0,0
20050819,61977,ECV',NYSE,13.61848393,19.23,374,0,Blackrock Enhanced Equity Yield & Premiu,0,0,0
20050822,61977,ECV',NYSE,13.63264772,19.25,264,0,Blackrock Enhanced Equity Yield & Premiu,0,0,0
20050823,61977,ECV',NYSE,13.48392792,19.04,1182,0,Blackrock Enhanced Equity Yield & Premiu,0,0,0
20050824,61977,ECV',NYSE,13.73887614,19.4,240,0,Blackrock Enhanced Equity Yield & Premiu,0,0,0
20050825,61977,ECV',NYSE,13.73887614,19.4,337,0,Blackrock Enhanced Equity Yield & Premiu,0,0,0
20050826,61977,ECV',NYSE,13.72471235,19.38,158,0,Blackrock Enhanced Equity Yield & Premiu,0,0,0
20050829,61977,ECV',NYSE,13.59723824,19.2,501,0,Blackrock Enhanced Equity Yield & Premiu,0,0,0
20050830,61977,ECV',NYSE,13.54766498,19.13,295,0,Blackrock Enhanced Equity Yield & Premiu,0,0,0
20050831,61977,ECV',NYSE,13.78136751,19.46,1001,0,Blackrock Enhanced Equity Yield & Premiu,0,0,0
20050901,61977,ECV',NYSE,13.61848393,19.23,270,0,Blackrock Enhanced Equity Yield & Premiu,0,0,0
20050902,61977,ECV',NYSE,13.68222098,19.32,126,0,Blackrock Enhanced Equity Yield & Premiu,0,0,0
20050906,61977,ECV',NYSE,13.76720372,19.44,97,0,Blackrock Enhanced Equity Yield & Premiu,0,0,0
20050907,61977,ECV',NYSE,13.81677699,19.51,287,0,Blackrock Enhanced Equity Yield & Premiu,0,0,0
20050908,61977,ECV',NYSE,13.75303993,19.42,172,0,Blackrock Enhanced Equity Yield & Premiu,0,0,0
20050909,61977,ECV',NYSE,13.75303993,19.42,287,0,Blackrock Enhanced Equity Yield & Premiu,0,0,0
20050912,61977,ECV',NYSE,13.74595804,19.41,151,0,Blackrock Enhanced Equity Yield & Premiu,0,0,0
20050913,61977,ECV',NYSE,13.73887614,19.4,301,0,Blackrock Enhanced Equity Yield & Premiu,0,0,0
20050914,61977,ECV',NYSE,13.70346667,19.35,395,0,Blackrock Enhanced Equity Yield & Premiu,0,0,0
20050915,61977,ECV',NYSE,13.59723824,19.2,321,0,Blackrock Enhanced Equity Yield & Premiu,0,0,0
20050916,61977,ECV',NYSE,13.63264772,19.25,333,0,Blackrock Enhanced Equity Yield & Premiu,0,0,0
20050919,61977,ECV',NYSE,13.59015635,19.19,490,0,Blackrock Enhanced Equity Yield & Premiu,0,0,0
20050920,61977,ECV',NYSE,13.49100982,19.05,493,0,Blackrock Enhanced Equity Yield & Premiu,0,0,0
20050921,61977,ECV',NYSE,13.28563487,18.76,570,0,Blackrock Enhanced Equity Yield & Premiu,0,0,0
20050922,61977,ECV',NYSE,13.2431435,18.7,681,0,Blackrock Enhanced Equity Yield & Premiu,0,0,0
20050923,61977,ECV',NYSE,13.20773402,18.65,515,0,Blackrock Enhanced Equity Yield & Premiu,0,0,0
20050926,61977,ECV',NYSE,12.83239359,18.12,1080,0,Blackrock Enhanced Equity Yield & Premiu,0,0,0
20050927,61977,ECV',NYSE,12.8182298,18.1,1567,0,Blackrock Enhanced Equity Yield & Premiu,0,0,0
20050928,61977,ECV',NYSE,12.92445823,18.25,521,0,Blackrock Enhanced Equity Yield & Premiu,0,0,0
20050929,61977,ECV',NYSE,13.03068665,18.4,321,0,Blackrock Enhanced Equity Yield & Premiu,0,0,0
20050930,61977,ECV',NYSE,13.20773402,18.65,618,0,Blackrock Enhanced Equity Yield & Premiu,0,0,0
20051003,61977,ECV',NYSE,13.3847814,18.9,774,0,Blackrock Enhanced Equity Yield & Premiu,0,0,0
20051004,61977,ECV',NYSE,13.49100982,19.05,340,0,Blackrock Enhanced Equity Yield & Premiu,0,0,0
20051005,61977,ECV',NYSE,13.44143656,18.98,448,0,Blackrock Enhanced Equity Yield & Premiu,0,0,0
20051006,61977,ECV',NYSE,13.03776854,18.41,747,0,Blackrock Enhanced Equity Yield & Premiu,0,0,0
20051007,61977,ECV',NYSE,13.28563487,18.76,706,0,Blackrock Enhanced Equity Yield & Premiu,0,0,0
20051010,61977,ECV',NYSE,12.78990222,18.06,675,0,Blackrock Enhanced Equity Yield & Premiu,0,0,0
20051011,61977,ECV',NYSE,12.88904875,18.2,326,0,Blackrock Enhanced Equity Yield & Premiu,0,0,0
20051012,61977,ECV',NYSE,12.8253117,18.11,655,0,Blackrock Enhanced Equity Yield & Premiu,0,0,0
20051013,61977,ECV',NYSE,12.57240591,17.25,982,0,Blackrock Enhanced Equity Yield & Premiu,0,0,0
20051014,61977,ECV',NYSE,12.72546129,17.46,539,0,Blackrock Enhanced Equity Yield & Premiu,0,0,0
20051017,61977,ECV',NYSE,12.52138745,17.18,976,0,Blackrock Enhanced Equity Yield & Premiu,0,0,0
20051018,61977,ECV',NYSE,12.52138745,17.18,1110,0,Blackrock Enhanced Equity Yield & Premiu,0,0,0
20051019,61977,ECV',NYSE,12.7837681,17.54,1125,0,Blackrock Enhanced Equity Yield & Premiu,0,0,0
20051020,61977,ECV',NYSE,13.00970698,17.85,1207,0,Blackrock Enhanced Equity Yield & Premiu,0,0,0
20051021,61977,ECV',NYSE,13.13360896,18.02,660,0,Blackrock Enhanced Equity Yield & Premiu,0,0,0
20051024,61977,ECV',NYSE,12.93682347,17.75,678,0,Blackrock Enhanced Equity Yield & Premiu,0,0,0
20051025,61977,ECV',NYSE,12.75461469,17.5,692,0,Blackrock Enhanced Equity Yield & Premiu,0,0,0
20051026,61977,ECV',NYSE,12.8129215,17.58,1122,0,Blackrock Enhanced Equity Yield & Premiu,0,0,0
20051027,61977,ECV',NYSE,12.57969426,17.26,949,0,Blackrock Enhanced Equity Yield & Premiu,0,0,0
20051028,61977,ECV',NYSE,12.90038172,17.7,963,0,Blackrock Enhanced Equity Yield & Premiu,0,0,0
20051031,61977,ECV',NYSE,13.04614874,17.9,834,0,Blackrock Enhanced Equity Yield & Premiu,0,0,0
20051101,61977,ECV',NYSE,13.33768279,18.3,1150,0,Blackrock Enhanced Equity Yield & Premiu,0,0,0
20051102,61977,ECV',NYSE,13.33768279,18.3,945,0,Blackrock Enhanced Equity Yield & Premiu,0,0,0
20051103,61977,ECV',NYSE,13.37412455,18.35,1017,0,Blackrock Enhanced Equity Yield & Premiu,0,0,0
20051104,61977,ECV',NYSE,13.43971971,18.44,692,0,Blackrock Enhanced Equity Yield & Premiu,0,0,0
20051107,61977,ECV',NYSE,13.48344982,18.5,594,0,Blackrock Enhanced Equity Yield & Premiu,0,0,0
20051108,61977,ECV',NYSE,13.43971971,18.44,686,0,Blackrock Enhanced Equity Yield & Premiu,0,0,0
20051109,61977,ECV',NYSE,13.51989157,18.55,569,0,Blackrock Enhanced Equity Yield & Premiu,0,0,0
20051110,61977,ECV',NYSE,13.48344982,18.5,397,0,Blackrock Enhanced Equity Yield & Premiu,0,0,0
20051111,61977,ECV',NYSE,13.55633333,18.6,520,0,Blackrock Enhanced Equity Yield & Premiu,0,0,0
20051114,61977,ECV',NYSE,13.55633333,18.6,670,0,Blackrock Enhanced Equity Yield & Premiu,0,0,0
20051115,61977,ECV',NYSE,13.27208763,18.21,826,0,Blackrock Enhanced Equity Yield & Premiu,0,0,0
20051116,61977,ECV',NYSE,13.15547401,18.05,735,0,Blackrock Enhanced Equity Yield & Premiu,0,0,0
20051117,61977,ECV',NYSE,13.00970698,17.85,504,0,Blackrock Enhanced Equity Yield & Premiu,0,0,0
20051118,61977,ECV',NYSE,13.03157204,17.88,394,0,Blackrock Enhanced Equity Yield & Premiu,0,0,0
20051121,61977,ECV',NYSE,12.79105645,17.55,683,0,Blackrock Enhanced Equity Yield & Premiu,0,0,0
20051122,61977,ECV',NYSE,12.66715448,17.38,1608,0,Blackrock Enhanced Equity Yield & Premiu,0,0,0
20051123,61977,ECV',NYSE,12.71088458,17.44,929,0,Blackrock Enhanced Equity Yield & Premiu,0,0,0
20051125,61977,ECV',NYSE,12.83478655,17.61,525,0,Blackrock Enhanced Equity Yield & Premiu,0,0,0
20051128,61977,ECV',NYSE,13.00970698,17.85,892,0,Blackrock Enhanced Equity Yield & Premiu,0,0,0
20051129,61977,ECV',NYSE,12.8274982,17.6,1482,0,Blackrock Enhanced Equity Yield & Premiu,0,0,0
20051130,61977,ECV',NYSE,12.73274964,17.47,1122,0,Blackrock Enhanced Equity Yield & Premiu,0,0,0
20051201,61977,ECV',NYSE,12.8274982,17.6,1098,0,Blackrock Enhanced Equity Yield & Premiu,0,0,0
20051202,61977,ECV',NYSE,12.90767007,17.71,921,0,Blackrock Enhanced Equity Yield & Premiu,0,0,0
20051205,61977,ECV',NYSE,12.86393996,17.65,1059,0,Blackrock Enhanced Equity Yield & Premiu,0,0,0
20051206,61977,ECV',NYSE,13.0825905,17.95,1354,0,Blackrock Enhanced Equity Yield & Premiu,0,0,0
20051207,61977,ECV',NYSE,12.95868853,17.78,1069,0,Blackrock Enhanced Equity Yield & Premiu,0,0,0
20051208,61977,ECV',NYSE,12.97326523,17.8,1291,0,Blackrock Enhanced Equity Yield & Premiu,0,0,0
20051209,61977,ECV',NYSE,12.8129215,17.58,1157,0,Blackrock Enhanced Equity Yield & Premiu,0,0,0
20051212,61977,ECV',NYSE,12.71817293,17.45,1147,0,Blackrock Enhanced Equity Yield & Premiu,0,0,0
20051213,61977,ECV',NYSE,12.68173118,17.4,1269,0,Blackrock Enhanced Equity Yield & Premiu,0,0,0
20051214,61977,ECV',NYSE,12.71817293,17.45,1601,0,Blackrock Enhanced Equity Yield & Premiu,0,0,0
20051215,61977,ECV',NYSE,13.02428369,17.87,1914,0,Blackrock Enhanced Equity Yield & Premiu,0,0,0
20051216,61977,ECV',NYSE,12.92148212,17.22,1585,0,Blackrock Enhanced Equity Yield & Premiu,0,0,0
20051219,61977,ECV',NYSE,12.64384284,16.85,1759,0,Blackrock Enhanced Equity Yield & Premiu,0,0,0
20051220,61977,ECV',NYSE,12.49376755,16.65,1802,0,Blackrock Enhanced Equity Yield & Premiu,0,0,0
20051221,61977,ECV',NYSE,12.4412412,16.58,3229,0,Blackrock Enhanced Equity Yield & Premiu,0,0,0
20051222,61977,ECV',NYSE,12.4412412,16.58,2075,0,Blackrock Enhanced Equity Yield & Premiu,0,0,0
20051223,61977,ECV',NYSE,12.59131649,16.78,1920,0,Blackrock Enhanced Equity Yield & Premiu,0,0,0
20051227,61977,ECV',NYSE,12.48626379,16.64,1683,0,Blackrock Enhanced Equity Yield & Premiu,0,0,0
20051228,61977,ECV',NYSE,12.38121109,16.5,2010,0,Blackrock Enhanced Equity Yield & Premiu,0,0,0
20051229,61977,ECV',NYSE,12.55379767,16.73,2039,0,Blackrock Enhanced Equity Yield & Premiu,0,0,0
20051230,61977,ECV',NYSE,12.62133154,16.82,3767,0,Blackrock Enhanced Equity Yield & Premiu,0,0,0
20060103,61977,ECV',NYSE,12.76390307,17.01,564,0,Blackrock Enhanced Equity Yield & Premiu,0,0,0
20060104,61977,ECV',NYSE,12.89897082,17.19,878,0,Blackrock Enhanced Equity Yield & Premiu,0,0,0
20060105,61977,ECV',NYSE,12.88396329,17.17,778,0,Blackrock Enhanced Equity Yield & Premiu,0,0,0
20060106,61977,ECV',NYSE,13.00402352,17.33,913,0,Blackrock Enhanced Equity Yield & Premiu,0,0,0
20060109,61977,ECV',NYSE,13.12408375,17.49,840,0,Blackrock Enhanced Equity Yield & Premiu,0,0,0
20060110,61977,ECV',NYSE,13.09406869,17.45,901,0,Blackrock Enhanced Equity Yield & Premiu,0,0,0
20060111,61977,ECV',NYSE,13.29667033,17.72,1126,0,Blackrock Enhanced Equity Yield & Premiu,0,0,0
20060112,61977,ECV',NYSE,13.16910634,17.55,1279,0,Blackrock Enhanced Equity Yield & Premiu,0,0,0
20060113,61977,ECV',NYSE,13.1766101,17.56,809,0,Blackrock Enhanced Equity Yield & Premiu,0,0,0
20060117,61977,ECV',NYSE,12.99651976,17.32,689,0,Blackrock Enhanced Equity Yield & Premiu,0,0,0
20060118,61977,ECV',NYSE,12.86895577,17.15,1018,0,Blackrock Enhanced Equity Yield & Premiu,0,0,0
20060119,61977,ECV',NYSE,12.91397835,17.21,1166,0,Blackrock Enhanced Equity Yield & Premiu,0,0,0
20060120,61977,ECV',NYSE,12.91397835,17.21,708,0,Blackrock Enhanced Equity Yield & Premiu,0,0,0
20060123,61977,ECV',NYSE,12.90647459,17.2,654,0,Blackrock Enhanced Equity Yield & Premiu,0,0,0
20060124,61977,ECV',NYSE,12.95900094,17.27,1486,0,Blackrock Enhanced Equity Yield & Premiu,0,0,0
20060125,61977,ECV',NYSE,13.07906117,17.43,924,0,Blackrock Enhanced Equity Yield & Premiu,0,0,0
20060126,61977,ECV',NYSE,13.26665527,17.68,1062,0,Blackrock Enhanced Equity Yield & Premiu,0,0,0
20060127,61977,ECV',NYSE,13.22913645,17.63,1222,0,Blackrock Enhanced Equity Yield & Premiu,0,0,0
20060130,61977,ECV',NYSE,13.30417409,17.73,844,0,Blackrock Enhanced Equity Yield & Premiu,0,0,0
20060131,61977,ECV',NYSE,13.28916657,17.71,985,0,Blackrock Enhanced Equity Yield & Premiu,0,0,0
20060201,61977,ECV',NYSE,13.2816628,17.7,868,0,Blackrock Enhanced Equity Yield & Premiu,0,0,0
20060202,61977,ECV',NYSE,13.33418915,17.77,781,0,Blackrock Enhanced Equity Yield & Premiu,0,0,0
20060203,61977,ECV',NYSE,13.29667033,17.72,792,0,Blackrock Enhanced Equity Yield & Premiu,0,0,0
20060206,61977,ECV',NYSE,13.29667033,17.72,760,0,Blackrock Enhanced Equity Yield & Premiu,0,0,0
20060207,61977,ECV',NYSE,13.23664022,17.64,904,0,Blackrock Enhanced Equity Yield & Premiu,0,0,0
20060208,61977,ECV',NYSE,13.25915151,17.67,886,0,Blackrock Enhanced Equity Yield & Premiu,0,0,0
20060209,61977,ECV',NYSE,13.26665527,17.68,780,0,Blackrock Enhanced Equity Yield & Premiu,0,0,0
20060210,61977,ECV',NYSE,13.19161763,17.58,509,0,Blackrock Enhanced Equity Yield & Premiu,0,0,0
20060213,61977,ECV',NYSE,13.25164774,17.66,1154,0,Blackrock Enhanced Equity Yield & Premiu,0,0,0
20060214,61977,ECV',NYSE,13.30417409,17.73,693,0,Blackrock Enhanced Equity Yield & Premiu,0,0,0
20060215,61977,ECV',NYSE,13.31167786,17.74,914,0,Blackrock Enhanced Equity Yield & Premiu,0,0,0
20060216,61977,ECV',NYSE,13.37921174,17.83,593,0,Blackrock Enhanced Equity Yield & Premiu,0,0,0
20060217,61977,ECV',NYSE,13.34169292,17.78,721,0,Blackrock Enhanced Equity Yield & Premiu,0,0,0
20060221,61977,ECV',NYSE,13.42423432,17.89,656,0,Blackrock Enhanced Equity Yield & Premiu,0,0,0
20060222,61977,ECV',NYSE,13.46175314,17.94,937,0,Blackrock Enhanced Equity Yield & Premiu,0,0,0
20060223,61977,ECV',NYSE,13.31167786,17.74,794,0,Blackrock Enhanced Equity Yield & Premiu,0,0,0
20060224,61977,ECV',NYSE,13.43173809,17.9,722,0,Blackrock Enhanced Equity Yield & Premiu,0,0,0
20060227,61977,ECV',NYSE,13.47676067,17.96,946,0,Blackrock Enhanced Equity Yield & Premiu,0,0,0
20060228,61977,ECV',NYSE,13.50677573,18,1936,0,Blackrock Enhanced Equity Yield & Premiu,0,0,0
20060301,61977,ECV',NYSE,13.53679079,18.04,1103,0,Blackrock Enhanced Equity Yield & Premiu,0,0,0
20060302,61977,ECV',NYSE,13.6193322,18.15,744,0,Blackrock Enhanced Equity Yield & Premiu,0,0,0
20060303,61977,ECV',NYSE,13.5968209,18.12,772,0,Blackrock Enhanced Equity Yield & Premiu,0,0,0
20060306,61977,ECV',NYSE,13.58931714,18.11,960,0,Blackrock Enhanced Equity Yield & Premiu,0,0,0
20060307,61977,ECV',NYSE,13.56680585,18.08,642,0,Blackrock Enhanced Equity Yield & Premiu,0,0,0
20060308,61977,ECV',NYSE,13.50677573,18,1043,0,Blackrock Enhanced Equity Yield & Premiu,0,0,0
20060309,61977,ECV',NYSE,13.56680585,18.08,392,0,Blackrock Enhanced Equity Yield & Premiu,0,0,0
20060310,61977,ECV',NYSE,13.5968209,18.12,478,0,Blackrock Enhanced Equity Yield & Premiu,0,0,0
20060313,61977,ECV',NYSE,13.69436984,18.25,464,0,Blackrock Enhanced Equity Yield & Premiu,0,0,0
20060314,61977,ECV',NYSE,13.61182843,18.14,622,0,Blackrock Enhanced Equity Yield & Premiu,0,0,0
20060315,61977,ECV',NYSE,13.66435478,18.21,492,0,Blackrock Enhanced Equity Yield & Premiu,0,0,0
20060316,61977,ECV',NYSE,13.7243849,18.29,514,0,Blackrock Enhanced Equity Yield & Premiu,0,0,0
20060317,61977,ECV',NYSE,13.71688113,18.28,337,0,Blackrock Enhanced Equity Yield & Premiu,0,0,0
20060320,61977,ECV',NYSE,13.71688113,18.28,573,0,Blackrock Enhanced Equity Yield & Premiu,0,0,0
20060321,61977,ECV',NYSE,13.63433972,18.17,684,0,Blackrock Enhanced Equity Yield & Premiu,0,0,0
20060322,61977,ECV',NYSE,13.61182843,18.14,629,0,Blackrock Enhanced Equity Yield & Premiu,0,0,0
20060323,61977,ECV',NYSE,13.57430961,18.09,712,0,Blackrock Enhanced Equity Yield & Premiu,0,0,0
20060324,61977,ECV',NYSE,13.46925691,17.95,584,0,Blackrock Enhanced Equity Yield & Premiu,0,0,0
20060327,61977,ECV',NYSE,13.46925691,17.95,830,0,Blackrock Enhanced Equity Yield & Premiu,0,0,0
20060328,61977,ECV',NYSE,13.39421927,17.85,736,0,Blackrock Enhanced Equity Yield & Premiu,0,0,0
20060329,61977,ECV',NYSE,13.42423432,17.89,416,0,Blackrock Enhanced Equity Yield & Premiu,0,0,0
20060330,61977,ECV',NYSE,13.39421927,17.85,426,0,Blackrock Enhanced Equity Yield & Premiu,0,0,0
20060331,61977,ECV',NYSE,13.43173809,17.9,609,0,Blackrock Enhanced Equity Yield & Premiu,0,0,0
20060403,61977,ECV',NYSE,13.34169292,17.78,1266,0,Blackrock Enhanced Equity Yield & Premiu,0,0,0
20060404,61977,ECV',NYSE,13.42423432,17.89,1082,0,Blackrock Enhanced Equity Yield & Premiu,0,0,0
20060405,61977,ECV',NYSE,13.37170797,17.82,673,0,Blackrock Enhanced Equity Yield & Premiu,0,0,0
20060406,61977,ECV',NYSE,13.43173809,17.9,462,0,Blackrock Enhanced Equity Yield & Premiu,0,0,0
20060407,61977,ECV',NYSE,13.35670044,17.8,780,0,Blackrock Enhanced Equity Yield & Premiu,0,0,0
20060410,61977,ECV',NYSE,13.28916657,17.71,384,0,Blackrock Enhanced Equity Yield & Premiu,0,0,0
20060411,61977,ECV',NYSE,13.24414398,17.65,502,0,Blackrock Enhanced Equity Yield & Premiu,0,0,0
20060412,61977,ECV',NYSE,13.22163269,17.62,598,0,Blackrock Enhanced Equity Yield & Premiu,0,0,0
20060413,61977,ECV',NYSE,13.13158752,17.5,522,0,Blackrock Enhanced Equity Yield & Premiu,0,0,0
20060417,61977,ECV',NYSE,12.99651976,17.32,492,0,Blackrock Enhanced Equity Yield & Premiu,0,0,0
20060418,61977,ECV',NYSE,13.05654987,17.4,754,0,Blackrock Enhanced Equity Yield & Premiu,0,0,0
20060419,61977,ECV',NYSE,12.97400847,17.29,773,0,Blackrock Enhanced Equity Yield & Premiu,0,0,0
20060420,61977,ECV',NYSE,13.05654987,17.4,473,0,Blackrock Enhanced Equity Yield & Premiu,0,0,0
20060421,61977,ECV',NYSE,13.31167786,17.74,670,0,Blackrock Enhanced Equity Yield & Premiu,0,0,0
20060424,61977,ECV',NYSE,13.31918162,17.75,766,0,Blackrock Enhanced Equity Yield & Premiu,0,0,0
20060425,61977,ECV',NYSE,13.40172303,17.86,885,0,Blackrock Enhanced Equity Yield & Premiu,0,0,0
20060426,61977,ECV',NYSE,13.18411387,17.57,952,0,Blackrock Enhanced Equity Yield & Premiu,0,0,0
20060427,61977,ECV',NYSE,13.18411387,17.57,821,0,Blackrock Enhanced Equity Yield & Premiu,0,0,0
20060428,61977,ECV',NYSE,13.22913645,17.63,441,0,Blackrock Enhanced Equity Yield & Premiu,0,0,0
20060501,61977,ECV',NYSE,13.43173809,17.9,785,0,Blackrock Enhanced Equity Yield & Premiu,0,0,0
20060502,61977,ECV',NYSE,13.4917682,17.98,533,0,Blackrock Enhanced Equity Yield & Premiu,0,0,0
20060503,61977,ECV',NYSE,13.49927197,17.99,412,0,Blackrock Enhanced Equity Yield & Premiu,0,0,0
20060504,61977,ECV',NYSE,13.5142795,18.01,404,0,Blackrock Enhanced Equity Yield & Premiu,0,0,0
20060505,61977,ECV',NYSE,13.63433972,18.17,618,0,Blackrock Enhanced Equity Yield & Premiu,0,0,0
20060508,61977,ECV',NYSE,13.62683596,18.16,490,0,Blackrock Enhanced Equity Yield & Premiu,0,0,0
20060509,61977,ECV',NYSE,13.54429455,18.05,706,0,Blackrock Enhanced Equity Yield & Premiu,0,0,0
20060510,61977,ECV',NYSE,13.61182843,18.14,550,0,Blackrock Enhanced Equity Yield & Premiu,0,0,0
20060511,61977,ECV',NYSE,13.2816628,17.7,713,0,Blackrock Enhanced Equity Yield & Premiu,0,0,0
20060512,61977,ECV',NYSE,13.33418915,17.77,464,0,Blackrock Enhanced Equity Yield & Premiu,0,0,0
20060515,61977,ECV',NYSE,13.22913645,17.63,738,0,Blackrock Enhanced Equity Yield & Premiu,0,0,0
20060516,61977,ECV',NYSE,13.13158752,17.5,1111,0,Blackrock Enhanced Equity Yield & Premiu,0,0,0
20060517,61977,ECV',NYSE,13.10157246,17.46,1039,0,Blackrock Enhanced Equity Yield & Premiu,0,0,0
20060518,61977,ECV',NYSE,13.20662516,17.6,324,0,Blackrock Enhanced Equity Yield & Premiu,0,0,0
20060519,61977,ECV',NYSE,13.19161763,17.58,412,0,Blackrock Enhanced Equity Yield & Premiu,0,0,0
20060522,61977,ECV',NYSE,13.35670044,17.8,693,0,Blackrock Enhanced Equity Yield & Premiu,0,0,0
20060523,61977,ECV',NYSE,13.39421927,17.85,681,0,Blackrock Enhanced Equity Yield & Premiu,0,0,0
20060524,61977,ECV',NYSE,13.30417409,17.73,436,0,Blackrock Enhanced Equity Yield & Premiu,0,0,0
20060525,61977,ECV',NYSE,13.25915151,17.67,521,0,Blackrock Enhanced Equity Yield & Premiu,0,0,0
20060526,61977,ECV',NYSE,13.25164774,17.66,708,0,Blackrock Enhanced Equity Yield & Premiu,0,0,0
20060530,61977,ECV',NYSE,13.21412892,17.61,576,0,Blackrock Enhanced Equity Yield & Premiu,0,0,0
20060531,61977,ECV',NYSE,13.09406869,17.45,730,0,Blackrock Enhanced Equity Yield & Premiu,0,0,0
20060601,61977,ECV',NYSE,13.13909128,17.51,453,0,Blackrock Enhanced Equity Yield & Premiu,0,0,0
20060602,61977,ECV',NYSE,13.22163269,17.62,525,0,Blackrock Enhanced Equity Yield & Premiu,0,0,0
20060605,61977,ECV',NYSE,13.16160257,17.54,365,0,Blackrock Enhanced Equity Yield & Premiu,0,0,0
20060606,61977,ECV',NYSE,13.08656493,17.44,388,0,Blackrock Enhanced Equity Yield & Premiu,0,0,0
20060607,61977,ECV',NYSE,13.20662516,17.6,637,0,Blackrock Enhanced Equity Yield & Premiu,0,0,0
20060608,61977,ECV',NYSE,13.20662516,17.6,402,0,Blackrock Enhanced Equity Yield & Premiu,0,0,0
20060609,61977,ECV',NYSE,13.31167786,17.74,388,0,Blackrock Enhanced Equity Yield & Premiu,0,0,0
20060612,61977,ECV',NYSE,13.29667033,17.72,337,0,Blackrock Enhanced Equity Yield & Premiu,0,0,0
20060613,61977,ECV',NYSE,13.13909128,17.51,834,0,Blackrock Enhanced Equity Yield & Premiu,0,0,0
20060614,61977,ECV',NYSE,13.3867155,17.84,565,0,Blackrock Enhanced Equity Yield & Premiu,0,0,0
20060615,61977,ECV',NYSE,13.52928702,18.03,501,0,Blackrock Enhanced Equity Yield & Premiu,0,0,0
20060616,61977,ECV',NYSE,13.4917682,17.98,482,0,Blackrock Enhanced Equity Yield & Premiu,0,0,0
20060619,61977,ECV',NYSE,13.44674562,17.92,1078,0,Blackrock Enhanced Equity Yield & Premiu,0,0,0
20060620,61977,ECV',NYSE,13.347258,16.77,1177,0,Blackrock Enhanced Equity Yield & Premiu,0,0,0
20060621,61977,ECV',NYSE,13.41888909,16.86,1009,0,Blackrock Enhanced Equity Yield & Premiu,0,0,0
20060622,61977,ECV',NYSE,13.30746296,16.72,538,0,Blackrock Enhanced Equity Yield & Premiu,0,0,0
20060623,61977,ECV',NYSE,13.45868413,16.91,676,0,Blackrock Enhanced Equity Yield & Premiu,0,0,0
20060626,61977,ECV',NYSE,13.40297107,16.84,574,0,Blackrock Enhanced Equity Yield & Premiu,0,0,0
20060627,61977,ECV',NYSE,13.32338098,16.74,998,0,Blackrock Enhanced Equity Yield & Premiu,0,0,0
20060628,61977,ECV',NYSE,13.36317602,16.79,628,0,Blackrock Enhanced Equity Yield & Premiu,0,0,0
20060629,61977,ECV',NYSE,13.38705305,16.82,868,0,Blackrock Enhanced Equity Yield & Premiu,0,0,0
20060630,61977,ECV',NYSE,13.50643818,16.97,665,0,Blackrock Enhanced Equity Yield & Premiu,0,0,0
20060703,61977,ECV',NYSE,13.6099053,17.1,500,0,Blackrock Enhanced Equity Yield & Premiu,0,0,0
20060705,61977,ECV',NYSE,13.68153638,17.19,573,0,Blackrock Enhanced Equity Yield & Premiu,0,0,0
20060706,61977,ECV',NYSE,13.72133143,17.24,544,0,Blackrock Enhanced Equity Yield & Premiu,0,0,0
20060707,61977,ECV',NYSE,13.75316746,17.28,469,0,Blackrock Enhanced Equity Yield & Premiu,0,0,0
20060710,61977,ECV',NYSE,13.70541341,17.22,496,0,Blackrock Enhanced Equity Yield & Premiu,0,0,0
20060711,61977,ECV',NYSE,13.76908548,17.3,495,0,Blackrock Enhanced Equity Yield & Premiu,0,0,0
20060712,61977,ECV',NYSE,13.80888052,17.35,510,0,Blackrock Enhanced Equity Yield & Premiu,0,0,0
20060713,61977,ECV',NYSE,13.80888052,17.35,587,0,Blackrock Enhanced Equity Yield & Premiu,0,0,0
20060714,61977,ECV',NYSE,13.71337242,17.23,578,0,Blackrock Enhanced Equity Yield & Premiu,0,0,0
20060717,61977,ECV',NYSE,13.71337242,17.23,386,0,Blackrock Enhanced Equity Yield & Premiu,0,0,0
20060718,61977,ECV',NYSE,13.64970034,17.15,564,0,Blackrock Enhanced Equity Yield & Premiu,0,0,0
20060719,61977,ECV',NYSE,13.72133143,17.24,744,0,Blackrock Enhanced Equity Yield & Premiu,0,0,0
20060720,61977,ECV',NYSE,13.80888052,17.35,788,0,Blackrock Enhanced Equity Yield & Premiu,0,0,0
20060721,61977,ECV',NYSE,13.76908548,17.3,661,0,Blackrock Enhanced Equity Yield & Premiu,0,0,0
20060724,61977,ECV',NYSE,13.84071656,17.39,450,0,Blackrock Enhanced Equity Yield & Premiu,0,0,0
20060725,61977,ECV',NYSE,13.94418368,17.52,847,0,Blackrock Enhanced Equity Yield & Premiu,0,0,0
20060726,61977,ECV',NYSE,13.9680607,17.55,824,0,Blackrock Enhanced Equity Yield & Premiu,0,0,0
20060727,61977,ECV',NYSE,13.80888052,17.35,813,0,Blackrock Enhanced Equity Yield & Premiu,0,0,0
20060728,61977,ECV',NYSE,13.75316746,17.28,545,0,Blackrock Enhanced Equity Yield & Premiu,0,0,0
20060731,61977,ECV',NYSE,13.70541341,17.22,386,0,Blackrock Enhanced Equity Yield & Premiu,0,0,0
20060801,61977,ECV',NYSE,13.47460215,16.93,1038,0,Blackrock Enhanced Equity Yield & Premiu,0,0,0
20060802,61977,ECV',NYSE,13.58602827,17.07,577,0,Blackrock Enhanced Equity Yield & Premiu,0,0,0
20060803,61977,ECV',NYSE,13.57011026,17.05,529,0,Blackrock Enhanced Equity Yield & Premiu,0,0,0
20060804,61977,ECV',NYSE,13.80888052,17.35,689,0,Blackrock Enhanced Equity Yield & Premiu,0,0,0
20060807,61977,ECV',NYSE,13.85663458,17.41,423,0,Blackrock Enhanced Equity Yield & Premiu,0,0,0
20060808,61977,ECV',NYSE,13.9680607,17.55,547,0,Blackrock Enhanced Equity Yield & Premiu,0,0,0
20060809,61977,ECV',NYSE,14.08744584,17.7,609,0,Blackrock Enhanced Equity Yield & Premiu,0,0,0
20060810,61977,ECV',NYSE,14.03173277,17.63,652,0,Blackrock Enhanced Equity Yield & Premiu,0,0,0
20060811,61977,ECV',NYSE,14.0556098,17.66,559,0,Blackrock Enhanced Equity Yield & Premiu,0,0,0
20060814,61977,ECV',NYSE,14.07152782,17.68,450,0,Blackrock Enhanced Equity Yield & Premiu,0,0,0
20060815,61977,ECV',NYSE,14.1431589,17.77,577,0,Blackrock Enhanced Equity Yield & Premiu,0,0,0
20060816,61977,ECV',NYSE,14.20683097,17.85,503,0,Blackrock Enhanced Equity Yield & Premiu,0,0,0
20060817,61977,ECV',NYSE,14.1431589,17.77,844,0,Blackrock Enhanced Equity Yield & Premiu,0,0,0
20060818,61977,ECV',NYSE,14.16703593,17.8,680,0,Blackrock Enhanced Equity Yield & Premiu,0,0,0
20060821,61977,ECV',NYSE,14.09540485,17.71,543,0,Blackrock Enhanced Equity Yield & Premiu,0,0,0
20060822,61977,ECV',NYSE,14.00785575,17.6,612,0,Blackrock Enhanced Equity Yield & Premiu,0,0,0
20060823,61977,ECV',NYSE,13.84867557,17.4,945,0,Blackrock Enhanced Equity Yield & Premiu,0,0,0
20060824,61977,ECV',NYSE,13.9680607,17.55,761,0,Blackrock Enhanced Equity Yield & Premiu,0,0,0
20060825,61977,ECV',NYSE,14.3182571,17.99,1406,0,Blackrock Enhanced Equity Yield & Premiu,0,0,0
20060828,61977,ECV',NYSE,14.24662602,17.9,704,0,Blackrock Enhanced Equity Yield & Premiu,0,0,0
20060829,61977,ECV',NYSE,14.19887196,17.84,750,0,Blackrock Enhanced Equity Yield & Premiu,0,0,0
20060830,61977,ECV',NYSE,14.25458502,17.91,780,0,Blackrock Enhanced Equity Yield & Premiu,0,0,0
20060831,61977,ECV',NYSE,14.24662602,17.9,544,0,Blackrock Enhanced Equity Yield & Premiu,0,0,0
20060901,61977,ECV',NYSE,14.26254403,17.92,416,0,Blackrock Enhanced Equity Yield & Premiu,0,0,0
20060905,61977,ECV',NYSE,14.39784719,18.09,525,0,Blackrock Enhanced Equity Yield & Premiu,0,0,0
20060906,61977,ECV',NYSE,14.23866701,17.89,710,0,Blackrock Enhanced Equity Yield & Premiu,0,0,0
20060907,61977,ECV',NYSE,14.15111791,17.78,612,0,Blackrock Enhanced Equity Yield & Premiu,0,0,0
20060908,61977,ECV',NYSE,14.20683097,17.85,736,0,Blackrock Enhanced Equity Yield & Premiu,0,0,0
20060911,61977,ECV',NYSE,14.230708,17.88,580,0,Blackrock Enhanced Equity Yield & Premiu,0,0,0
20060912,61977,ECV',NYSE,14.3182571,17.99,1140,0,Blackrock Enhanced Equity Yield & Premiu,0,0,0
20060913,61977,ECV',NYSE,14.52519133,18.25,1679,0,Blackrock Enhanced Equity Yield & Premiu,0,0,0
20060914,61977,ECV',NYSE,14.52519133,18.25,1048,0,Blackrock Enhanced Equity Yield & Premiu,0,0,0
20060915,61977,ECV',NYSE,14.58090439,18.32,651,0,Blackrock Enhanced Equity Yield & Premiu,0,0,0
20060918,61977,ECV',NYSE,14.60478142,18.35,702,0,Blackrock Enhanced Equity Yield & Premiu,0,0,0
20060919,61977,ECV',NYSE,14.63661745,18.39,437,0,Blackrock Enhanced Equity Yield & Premiu,0,0,0
20060920,61977,ECV',NYSE,14.88334673,18.7,1388,0,Blackrock Enhanced Equity Yield & Premiu,0,0,0
20060921,61977,ECV',NYSE,14.86742871,18.68,794,0,Blackrock Enhanced Equity Yield & Premiu,0,0,0
20060922,61977,ECV',NYSE,14.70824853,18.48,810,0,Blackrock Enhanced Equity Yield & Premiu,0,0,0
20060925,61977,ECV',NYSE,14.54110935,18.27,1006,0,Blackrock Enhanced Equity Yield & Premiu,0,0,0
20060926,61977,ECV',NYSE,14.51723232,18.24,1004,0,Blackrock Enhanced Equity Yield & Premiu,0,0,0
20060927,61977,ECV',NYSE,14.87538772,18.69,993,0,Blackrock Enhanced Equity Yield & Premiu,0,0,0
20060928,61977,ECV',NYSE,14.97885484,18.82,563,0,Blackrock Enhanced Equity Yield & Premiu,0,0,0
20060929,61977,ECV',NYSE,14.95497781,18.79,651,0,Blackrock Enhanced Equity Yield & Premiu,0,0,0
20061002,61977,ECV',NYSE,15.07436295,18.94,504,0,Blackrock Enhanced Equity Yield & Premiu,0,0,0
20061003,61977,ECV',NYSE,15.10619898,18.98,895,0,Blackrock Enhanced Equity Yield & Premiu,0,0,0
20061004,61977,ECV',NYSE,15.01864988,18.87,1145,0,Blackrock Enhanced Equity Yield & Premiu,0,0,0
20061005,61977,ECV',NYSE,15.16191204,19.05,836,0,Blackrock Enhanced Equity Yield & Premiu,0,0,0
20061006,61977,ECV',NYSE,15.21762511,19.12,604,0,Blackrock Enhanced Equity Yield & Premiu,0,0,0
20061009,61977,ECV',NYSE,15.42455934,19.38,583,0,Blackrock Enhanced Equity Yield & Premiu,0,0,0
20061010,61977,ECV',NYSE,15.28129718,19.2,932,0,Blackrock Enhanced Equity Yield & Premiu,0,0,0
20061011,61977,ECV',NYSE,15.24150213,19.15,945,0,Blackrock Enhanced Equity Yield & Premiu,0,0,0
20061012,61977,ECV',NYSE,15.25742015,19.17,804,0,Blackrock Enhanced Equity Yield & Premiu,0,0,0
20061013,61977,ECV',NYSE,15.2972152,19.22,896,0,Blackrock Enhanced Equity Yield & Premiu,0,0,0
20061016,61977,ECV',NYSE,15.32109222,19.25,787,0,Blackrock Enhanced Equity Yield & Premiu,0,0,0
20061017,61977,ECV',NYSE,15.25742015,19.17,764,0,Blackrock Enhanced Equity Yield & Premiu,0,0,0
20061018,61977,ECV',NYSE,15.24150213,19.15,1094,0,Blackrock Enhanced Equity Yield & Premiu,0,0,0
20061019,61977,ECV',NYSE,15.122117,19,883,0,Blackrock Enhanced Equity Yield & Premiu,0,0,0
20061020,61977,ECV',NYSE,15.28129718,19.2,657,0,Blackrock Enhanced Equity Yield & Premiu,0,0,0
20061023,61977,ECV',NYSE,15.16191204,19.05,955,0,Blackrock Enhanced Equity Yield & Premiu,0,0,0
20061024,61977,ECV',NYSE,15.26537916,19.18,689,0,Blackrock Enhanced Equity Yield & Premiu,0,0,0
20061025,61977,ECV',NYSE,15.28925619,19.21,969,0,Blackrock Enhanced Equity Yield & Premiu,0,0,0
20061026,61977,ECV',NYSE,15.33701024,19.27,701,0,Blackrock Enhanced Equity Yield & Premiu,0,0,0
20061027,61977,ECV',NYSE,15.19374808,19.09,591,0,Blackrock Enhanced Equity Yield & Premiu,0,0,0
20061030,61977,ECV',NYSE,15.17783006,19.07,680,0,Blackrock Enhanced Equity Yield & Premiu,0,0,0
20061031,61977,ECV',NYSE,15.36884628,19.31,886,0,Blackrock Enhanced Equity Yield & Premiu,0,0,0
20061101,61977,ECV',NYSE,15.26537916,19.18,798,0,Blackrock Enhanced Equity Yield & Premiu,0,0,0
20061102,61977,ECV',NYSE,14.73212556,18.51,2083,0,Blackrock Enhanced Equity Yield & Premiu,0,0,0
20061103,61977,ECV',NYSE,14.6764125,18.44,807,0,Blackrock Enhanced Equity Yield & Premiu,0,0,0
20061106,61977,ECV',NYSE,14.82763367,18.63,513,0,Blackrock Enhanced Equity Yield & Premiu,0,0,0
20061107,61977,ECV',NYSE,14.95497781,18.79,934,0,Blackrock Enhanced Equity Yield & Premiu,0,0,0
20061108,61977,ECV',NYSE,14.98681385,18.83,663,0,Blackrock Enhanced Equity Yield & Premiu,0,0,0
20061109,61977,ECV',NYSE,15.08232196,18.95,603,0,Blackrock Enhanced Equity Yield & Premiu,0,0,0
20061110,61977,ECV',NYSE,15.09823997,18.97,629,0,Blackrock Enhanced Equity Yield & Premiu,0,0,0
20061113,61977,ECV',NYSE,15.122117,19,656,0,Blackrock Enhanced Equity Yield & Premiu,0,0,0
20061114,61977,ECV',NYSE,15.09823997,18.97,717,0,Blackrock Enhanced Equity Yield & Premiu,0,0,0
20061115,61977,ECV',NYSE,15.14599403,19.03,696,0,Blackrock Enhanced Equity Yield & Premiu,0,0,0
20061116,61977,ECV',NYSE,15.08232196,18.95,676,0,Blackrock Enhanced Equity Yield & Premiu,0,0,0
20061117,61977,ECV',NYSE,15.43251835,19.39,671,0,Blackrock Enhanced Equity Yield & Premiu,0,0,0
20061120,61977,ECV',NYSE,15.42455934,19.38,417,0,Blackrock Enhanced Equity Yield & Premiu,0,0,0
20061121,61977,ECV',NYSE,15.43251835,19.39,618,0,Blackrock Enhanced Equity Yield & Premiu,0,0,0
20061122,61977,ECV',NYSE,15.49619042,19.47,653,0,Blackrock Enhanced Equity Yield & Premiu,0,0,0
20061124,61977,ECV',NYSE,15.57578051,19.57,260,0,Blackrock Enhanced Equity Yield & Premiu,0,0,0
20061127,61977,ECV',NYSE,15.51210844,19.49,588,0,Blackrock Enhanced Equity Yield & Premiu,0,0,0
20061128,61977,ECV',NYSE,15.59965754,19.6,721,0,Blackrock Enhanced Equity Yield & Premiu,0,0,0
20061129,61977,ECV',NYSE,15.58373952,19.58,604,0,Blackrock Enhanced Equity Yield & Premiu,0,0,0
20061130,61977,ECV',NYSE,15.71904267,19.75,805,0,Blackrock Enhanced Equity Yield & Premiu,0,0,0
20061201,61977,ECV',NYSE,16.07719807,20.2,1130,0,Blackrock Enhanced Equity Yield & Premiu,0,0,0
20061204,61977,ECV',NYSE,16.12495213,20.26,1964,0,Blackrock Enhanced Equity Yield & Premiu,0,0,0
20061205,61977,ECV',NYSE,16.12495213,20.26,1170,0,Blackrock Enhanced Equity Yield & Premiu,0,0,0
20061206,61977,ECV',NYSE,16.09311609,20.22,1052,0,Blackrock Enhanced Equity Yield & Premiu,0,0,0
20061207,61977,ECV',NYSE,15.93393591,20.02,1334,0,Blackrock Enhanced Equity Yield & Premiu,0,0,0
20061208,61977,ECV',NYSE,15.97373096,20.07,975,0,Blackrock Enhanced Equity Yield & Premiu,0,0,0
20061211,61977,ECV',NYSE,16.04536204,20.16,1272,0,Blackrock Enhanced Equity Yield & Premiu,0,0,0
20061212,61977,ECV',NYSE,16.20454222,20.36,1210,0,Blackrock Enhanced Equity Yield & Premiu,0,0,0
20061213,61977,ECV',NYSE,16.38759942,20.59,1555,0,Blackrock Enhanced Equity Yield & Premiu,0,0,0
20061214,61977,ECV',NYSE,16.30800933,20.49,1206,0,Blackrock Enhanced Equity Yield & Premiu,0,0,0
20061215,61977,ECV',NYSE,16.23679532,19.38,1066,0,Blackrock Enhanced Equity Yield & Premiu,0,0,0
20061218,61977,ECV',NYSE,16.28706403,19.44,1134,0,Blackrock Enhanced Equity Yield & Premiu,0,0,0
20061219,61977,ECV',NYSE,16.40435771,19.58,913,0,Blackrock Enhanced Equity Yield & Premiu,0,0,0
20061220,61977,ECV',NYSE,16.27868592,19.43,1075,0,Blackrock Enhanced Equity Yield & Premiu,0,0,0
20061221,61977,ECV',NYSE,16.23679532,19.38,676,0,Blackrock Enhanced Equity Yield & Premiu,0,0,0
20061222,61977,ECV',NYSE,16.35408899,19.52,621,0,Blackrock Enhanced Equity Yield & Premiu,0,0,0
20061226,61977,ECV',NYSE,16.40435771,19.58,678,0,Blackrock Enhanced Equity Yield & Premiu,0,0,0
20061227,61977,ECV',NYSE,16.2703078,19.42,778,0,Blackrock Enhanced Equity Yield & Premiu,0,0,0
20061228,61977,ECV',NYSE,16.15301412,19.28,684,0,Blackrock Enhanced Equity Yield & Premiu,0,0,0
20061229,61977,ECV',NYSE,16.35408899,19.52,849,0,Blackrock Enhanced Equity Yield & Premiu,0,0,0
20070103,61977,ECV',NYSE,16.26192968,19.41,505,0,Blackrock Enhanced Equity Yield & Premiu,0,0,0
20070104,61977,ECV',NYSE,16.08598917,19.2,1085,0,Blackrock Enhanced Equity Yield & Premiu,0,0,0
20070105,61977,ECV',NYSE,16.20328284,19.34,1102,0,Blackrock Enhanced Equity Yield & Premiu,0,0,0
20070108,61977,ECV',NYSE,16.47976078,19.67,1012,0,Blackrock Enhanced Equity Yield & Premiu,0,0,0
20070109,61977,ECV',NYSE,16.47976078,19.67,984,0,Blackrock Enhanced Equity Yield & Premiu,0,0,0
20070110,61977,ECV',NYSE,16.46300454,19.65,1685,0,Blackrock Enhanced Equity Yield & Premiu,0,0,0
20070111,61977,ECV',NYSE,16.33733275,19.5,1183,0,Blackrock Enhanced Equity Yield & Premiu,0,0,0
20070112,61977,ECV',NYSE,16.4462483,19.63,882,0,Blackrock Enhanced Equity Yield & Premiu,0,0,0
20070116,61977,ECV',NYSE,16.46300454,19.65,491,0,Blackrock Enhanced Equity Yield & Premiu,0,0,0
20070117,61977,ECV',NYSE,16.51327326,19.71,670,0,Blackrock Enhanced Equity Yield & Premiu,0,0,0
20070118,61977,ECV',NYSE,16.47976078,19.67,699,0,Blackrock Enhanced Equity Yield & Premiu,0,0,0
20070119,61977,ECV',NYSE,16.4881389,19.68,720,0,Blackrock Enhanced Equity Yield & Premiu,0,0,0
20070122,61977,ECV',NYSE,16.2703078,19.42,812,0,Blackrock Enhanced Equity Yield & Premiu,0,0,0
20070123,61977,ECV',NYSE,16.32057651,19.48,807,0,Blackrock Enhanced Equity Yield & Premiu,0,0,0
20070124,61977,ECV',NYSE,16.36246711,19.53,828,0,Blackrock Enhanced Equity Yield & Premiu,0,0,0
20070125,61977,ECV',NYSE,16.2703078,19.42,666,0,Blackrock Enhanced Equity Yield & Premiu,0,0,0
20070126,61977,ECV',NYSE,16.35408899,19.52,542,0,Blackrock Enhanced Equity Yield & Premiu,0,0,0
20070129,61977,ECV',NYSE,16.32057651,19.48,1075,0,Blackrock Enhanced Equity Yield & Premiu,0,0,0
20070130,61977,ECV',NYSE,16.57192009,19.78,653,0,Blackrock Enhanced Equity Yield & Premiu,0,0,0
20070131,61977,ECV',NYSE,16.56354197,19.77,571,0,Blackrock Enhanced Equity Yield & Premiu,0,0,0
20070201,61977,ECV',NYSE,16.46300454,19.65,615,0,Blackrock Enhanced Equity Yield & Premiu,0,0,0
20070202,61977,ECV',NYSE,16.61381069,19.83,391,0,Blackrock Enhanced Equity Yield & Premiu,0,0,0
20070205,61977,ECV',NYSE,16.55516385,19.76,715,0,Blackrock Enhanced Equity Yield & Premiu,0,0,0
20070206,61977,ECV',NYSE,16.56354197,19.77,449,0,Blackrock Enhanced Equity Yield & Premiu,0,0,0
20070207,61977,ECV',NYSE,16.50489514,19.7,577,0,Blackrock Enhanced Equity Yield & Premiu,0,0,0
20070208,61977,ECV',NYSE,16.50489514,19.7,790,0,Blackrock Enhanced Equity Yield & Premiu,0,0,0
20070209,61977,ECV',NYSE,16.42111394,19.6,513,0,Blackrock Enhanced Equity Yield & Premiu,0,0,0
20070212,61977,ECV',NYSE,16.36246711,19.53,446,0,Blackrock Enhanced Equity Yield & Premiu,0,0,0
20070213,61977,ECV',NYSE,16.46300454,19.65,682,0,Blackrock Enhanced Equity Yield & Premiu,0,0,0
20070214,61977,ECV',NYSE,16.49651702,19.69,815,0,Blackrock Enhanced Equity Yield & Premiu,0,0,0
20070215,61977,ECV',NYSE,16.5300295,19.73,776,0,Blackrock Enhanced Equity Yield & Premiu,0,0,0
20070216,61977,ECV',NYSE,16.5300295,19.73,470,0,Blackrock Enhanced Equity Yield & Premiu,0,0,0
20070220,61977,ECV',NYSE,16.42949206,19.61,530,0,Blackrock Enhanced Equity Yield & Premiu,0,0,0
20070221,61977,ECV',NYSE,16.4881389,19.68,617,0,Blackrock Enhanced Equity Yield & Premiu,0,0,0
20070222,61977,ECV',NYSE,16.42949206,19.61,651,0,Blackrock Enhanced Equity Yield & Premiu,0,0,0
20070223,61977,ECV',NYSE,16.63894505,19.86,580,0,Blackrock Enhanced Equity Yield & Premiu,0,0,0
20070226,61977,ECV',NYSE,16.70597,19.94,667,0,Blackrock Enhanced Equity Yield & Premiu,0,0,0
20070227,61977,ECV',NYSE,16.37084523,19.54,661,0,Blackrock Enhanced Equity Yield & Premiu,0,0,0
20070228,61977,ECV',NYSE,16.37922335,19.55,655,0,Blackrock Enhanced Equity Yield & Premiu,0,0,0
20070301,61977,ECV',NYSE,16.29544215,19.45,469,0,Blackrock Enhanced Equity Yield & Premiu,0,0,0
20070302,61977,ECV',NYSE,16.40435771,19.58,548,0,Blackrock Enhanced Equity Yield & Premiu,0,0,0
20070305,61977,ECV',NYSE,16.24517344,19.39,523,0,Blackrock Enhanced Equity Yield & Premiu,0,0,0
20070306,61977,ECV',NYSE,16.38760147,19.56,519,0,Blackrock Enhanced Equity Yield & Premiu,0,0,0
20070307,61977,ECV',NYSE,16.4462483,19.63,395,0,Blackrock Enhanced Equity Yield & Premiu,0,0,0
20070308,61977,ECV',NYSE,16.64732317,19.87,593,0,Blackrock Enhanced Equity Yield & Premiu,0,0,0
20070309,61977,ECV',NYSE,16.53840762,19.74,628,0,Blackrock Enhanced Equity Yield & Premiu,0,0,0
20070312,61977,ECV',NYSE,16.55516385,19.76,547,0,Blackrock Enhanced Equity Yield & Premiu,0,0,0
20070313,61977,ECV',NYSE,16.17814848,19.31,566,0,Blackrock Enhanced Equity Yield & Premiu,0,0,0
20070314,61977,ECV',NYSE,16.15301412,19.28,604,0,Blackrock Enhanced Equity Yield & Premiu,0,0,0
20070315,61977,ECV',NYSE,16.28706403,19.44,445,0,Blackrock Enhanced Equity Yield & Premiu,0,0,0
20070316,61977,ECV',NYSE,16.19490472,19.33,504,0,Blackrock Enhanced Equity Yield & Premiu,0,0,0
20070319,61977,ECV',NYSE,16.30382027,19.46,579,0,Blackrock Enhanced Equity Yield & Premiu,0,0,0
20070320,61977,ECV',NYSE,16.29544215,19.45,538,0,Blackrock Enhanced Equity Yield & Premiu,0,0,0
20070321,61977,ECV',NYSE,16.50489514,19.7,704,0,Blackrock Enhanced Equity Yield & Premiu,0,0,0
20070322,61977,ECV',NYSE,16.54678573,19.75,467,0,Blackrock Enhanced Equity Yield & Premiu,0,0,0
20070323,61977,ECV',NYSE,16.7478606,19.99,624,0,Blackrock Enhanced Equity Yield & Premiu,0,0,0
20070326,61977,ECV',NYSE,17.16676657,20.49,1695,0,Blackrock Enhanced Equity Yield & Premiu,0,0,0
20070327,61977,ECV',NYSE,17.02433854,20.32,1443,0,Blackrock Enhanced Equity Yield & Premiu,0,0,0
20070328,61977,ECV',NYSE,16.97406982,20.26,1089,0,Blackrock Enhanced Equity Yield & Premiu,0,0,0
20070329,61977,ECV',NYSE,16.98244794,20.27,502,0,Blackrock Enhanced Equity Yield & Premiu,0,0,0
20070330,61977,ECV',NYSE,17.09974161,20.41,680,0,Blackrock Enhanced Equity Yield & Premiu,0,0,0
20070402,61977,ECV',NYSE,17.46000074,20.84,1034,0,Blackrock Enhanced Equity Yield & Premiu,0,0,0
20070403,61977,ECV',NYSE,17.06622913,20.37,1276,0,Blackrock Enhanced Equity Yield & Premiu,0,0,0
20070404,61977,ECV',NYSE,17.25892588,20.6,865,0,Blackrock Enhanced Equity Yield & Premiu,0,0,0
20070405,61977,ECV',NYSE,17.40973203,20.78,1425,0,Blackrock Enhanced Equity Yield & Premiu,0,0,0
20070409,61977,ECV',NYSE,17.84539424,21.3,3458,0,Blackrock Enhanced Equity Yield & Premiu,0,0,0
20070410,61977,ECV',NYSE,17.88728483,21.35,1658,0,Blackrock Enhanced Equity Yield & Premiu,0,0,0
20070411,61977,ECV',NYSE,17.83701612,21.29,1476,0,Blackrock Enhanced Equity Yield & Premiu,0,0,0
20070412,61977,ECV',NYSE,17.90404107,21.37,1274,0,Blackrock Enhanced Equity Yield & Premiu,0,0,0
20070413,61977,ECV',NYSE,17.73647868,21.17,1089,0,Blackrock Enhanced Equity Yield & Premiu,0,0,0
20070416,61977,ECV',NYSE,17.71972244,21.15,1169,0,Blackrock Enhanced Equity Yield & Premiu,0,0,0
20070417,61977,ECV',NYSE,17.57729442,20.98,1393,0,Blackrock Enhanced Equity Yield & Premiu,0,0,0
20070418,61977,ECV',NYSE,17.32595084,20.68,1259,0,Blackrock Enhanced Equity Yield & Premiu,0,0,0
20070419,61977,ECV',NYSE,17.35946331,20.72,738,0,Blackrock Enhanced Equity Yield & Premiu,0,0,0
20070420,61977,ECV',NYSE,17.56053818,20.96,861,0,Blackrock Enhanced Equity Yield & Premiu,0,0,0
20070423,61977,ECV',NYSE,17.35108519,20.71,1049,0,Blackrock Enhanced Equity Yield & Premiu,0,0,0
20070424,61977,ECV',NYSE,17.30081648,20.65,869,0,Blackrock Enhanced Equity Yield & Premiu,0,0,0
20070425,61977,ECV',NYSE,17.12487597,20.44,1401,0,Blackrock Enhanced Equity Yield & Premiu,0,0,0
20070426,61977,ECV',NYSE,17.04109478,20.34,966,0,Blackrock Enhanced Equity Yield & Premiu,0,0,0
20070427,61977,ECV',NYSE,16.95731358,20.24,892,0,Blackrock Enhanced Equity Yield & Premiu,0,0,0
20070430,61977,ECV',NYSE,17.06622913,20.37,838,0,Blackrock Enhanced Equity Yield & Premiu,0,0,0
20070501,61977,ECV',NYSE,17.05785102,20.36,741,0,Blackrock Enhanced Equity Yield & Premiu,0,0,0
20070502,61977,ECV',NYSE,17.11649785,20.43,900,0,Blackrock Enhanced Equity Yield & Premiu,0,0,0
20070503,61977,ECV',NYSE,17.11649785,20.43,524,0,Blackrock Enhanced Equity Yield & Premiu,0,0,0
20070504,61977,ECV',NYSE,17.17514469,20.5,469,0,Blackrock Enhanced Equity Yield & Premiu,0,0,0
20070507,61977,ECV',NYSE,17.4851351,20.87,1234,0,Blackrock Enhanced Equity Yield & Premiu,0,0,0
20070508,61977,ECV',NYSE,17.42648827,20.8,463,0,Blackrock Enhanced Equity Yield & Premiu,0,0,0
20070509,61977,ECV',NYSE,17.55216006,20.95,745,0,Blackrock Enhanced Equity Yield & Premiu,0,0,0
20070510,61977,ECV',NYSE,18.14700653,21.66,1277,0,Blackrock Enhanced Equity Yield & Premiu,0,0,0
20070511,61977,ECV',NYSE,17.7448568,21.18,877,0,Blackrock Enhanced Equity Yield & Premiu,0,0,0
20070514,61977,ECV',NYSE,17.63594125,21.05,893,0,Blackrock Enhanced Equity Yield & Premiu,0,0,0
20070515,61977,ECV',NYSE,17.34270707,20.7,1174,0,Blackrock Enhanced Equity Yield & Premiu,0,0,0
20070516,61977,ECV',NYSE,17.32595084,20.68,896,0,Blackrock Enhanced Equity Yield & Premiu,0,0,0
20070517,61977,ECV',NYSE,17.32595084,20.68,511,0,Blackrock Enhanced Equity Yield & Premiu,0,0,0
20070518,61977,ECV',NYSE,17.36784143,20.73,670,0,Blackrock Enhanced Equity Yield & Premiu,0,0,0
20070521,61977,ECV',NYSE,17.41811015,20.79,674,0,Blackrock Enhanced Equity Yield & Premiu,0,0,0
20070522,61977,ECV',NYSE,17.46837886,20.85,617,0,Blackrock Enhanced Equity Yield & Premiu,0,0,0
20070523,61977,ECV',NYSE,17.50189134,20.89,914,0,Blackrock Enhanced Equity Yield & Premiu,0,0,0
20070524,61977,ECV',NYSE,17.27568212,20.62,766,0,Blackrock Enhanced Equity Yield & Premiu,0,0,0
20070525,61977,ECV',NYSE,17.60242877,21.01,633,0,Blackrock Enhanced Equity Yield & Premiu,0,0,0
20070529,61977,ECV',NYSE,17.75323492,21.19,480,0,Blackrock Enhanced Equity Yield & Premiu,0,0,0
20070530,61977,ECV',NYSE,17.61080689,21.02,485,0,Blackrock Enhanced Equity Yield & Premiu,0,0,0
20070531,61977,ECV',NYSE,17.59405065,21,328,0,Blackrock Enhanced Equity Yield & Premiu,0,0,0
20070601,61977,ECV',NYSE,17.71972244,21.15,332,0,Blackrock Enhanced Equity Yield & Premiu,0,0,0
20070604,61977,ECV',NYSE,17.7867474,21.23,522,0,Blackrock Enhanced Equity Yield & Premiu,0,0,0
20070605,61977,ECV',NYSE,17.76999116,21.21,688,0,Blackrock Enhanced Equity Yield & Premiu,0,0,0
20070606,61977,ECV',NYSE,17.57729442,20.98,667,0,Blackrock Enhanced Equity Yield & Premiu,0,0,0
20070607,61977,ECV',NYSE,17.53540382,20.93,711,0,Blackrock Enhanced Equity Yield & Premiu,0,0,0
20070608,61977,ECV',NYSE,17.7448568,21.18,407,0,Blackrock Enhanced Equity Yield & Premiu,0,0,0
20070611,61977,ECV',NYSE,18.0045785,21.49,1313,0,Blackrock Enhanced Equity Yield & Premiu,0,0,0
20070612,61977,ECV',NYSE,17.99620038,21.48,1178,0,Blackrock Enhanced Equity Yield & Premiu,0,0,0
20070613,61977,ECV',NYSE,17.727863,20.15,1145,0,Blackrock Enhanced Equity Yield & Premiu,0,0,0
20070614,61977,ECV',NYSE,17.39354102,19.77,1124,0,Blackrock Enhanced Equity Yield & Premiu,0,0,0
20070615,61977,ECV',NYSE,17.47272254,19.86,857,0,Blackrock Enhanced Equity Yield & Premiu,0,0,0
20070618,61977,ECV',NYSE,17.58709585,19.99,557,0,Blackrock Enhanced Equity Yield & Premiu,0,0,0
20070619,61977,ECV',NYSE,17.49911638,19.89,386,0,Blackrock Enhanced Equity Yield & Premiu,0,0,0
20070620,61977,ECV',NYSE,17.39354102,19.77,606,0,Blackrock Enhanced Equity Yield & Premiu,0,0,0
20070621,61977,ECV',NYSE,17.3143595,19.68,567,0,Blackrock Enhanced Equity Yield & Premiu,0,0,0
20070622,61977,ECV',NYSE,17.09441083,19.43,862,0,Blackrock Enhanced Equity Yield & Premiu,0,0,0
20070625,61977,ECV',NYSE,16.86566421,19.17,884,0,Blackrock Enhanced Equity Yield & Premiu,0,0,0
20070626,61977,ECV',NYSE,16.83927037,19.14,554,0,Blackrock Enhanced Equity Yield & Premiu,0,0,0
20070627,61977,ECV',NYSE,16.69850322,18.98,499,0,Blackrock Enhanced Equity Yield & Premiu,0,0,0
20070628,61977,ECV',NYSE,16.98003752,19.3,801,0,Blackrock Enhanced Equity Yield & Premiu,0,0,0
20070629,61977,ECV',NYSE,16.97123957,19.29,519,0,Blackrock Enhanced Equity Yield & Premiu,0,0,0
20070702,61977,ECV',NYSE,16.98883546,19.31,655,0,Blackrock Enhanced Equity Yield & Premiu,0,0,0
20070703,61977,ECV',NYSE,17.14719851,19.49,555,0,Blackrock Enhanced Equity Yield & Premiu,0,0,0
20070705,61977,ECV',NYSE,17.32315745,19.69,391,0,Blackrock Enhanced Equity Yield & Premiu,0,0,0
20070706,61977,ECV',NYSE,17.12080467,19.46,392,0,Blackrock Enhanced Equity Yield & Premiu,0,0,0
20070709,61977,ECV',NYSE,16.90965394,19.22,637,0,Blackrock Enhanced Equity Yield & Premiu,0,0,0
20070710,61977,ECV',NYSE,17.0152293,19.34,372,0,Blackrock Enhanced Equity Yield & Premiu,0,0,0
20070711,61977,ECV',NYSE,16.83047242,19.13,416,0,Blackrock Enhanced Equity Yield & Premiu,0,0,0
20070712,61977,ECV',NYSE,16.71609911,19,591,0,Blackrock Enhanced Equity Yield & Premiu,0,0,0
20070713,61977,ECV',NYSE,16.67210938,18.95,579,0,Blackrock Enhanced Equity Yield & Premiu,0,0,0
20070716,61977,ECV',NYSE,16.4521607,18.7,788,0,Blackrock Enhanced Equity Yield & Premiu,0,0,0
20070717,61977,ECV',NYSE,16.21461614,18.43,1159,0,Blackrock Enhanced Equity Yield & Premiu,0,0,0
20070718,61977,ECV',NYSE,16.24100998,18.46,1528,0,Blackrock Enhanced Equity Yield & Premiu,0,0,0
20070719,61977,ECV',NYSE,16.6017258,18.87,1031,0,Blackrock Enhanced Equity Yield & Premiu,0,0,0
20070720,61977,ECV',NYSE,16.44336276,18.69,461,0,Blackrock Enhanced Equity Yield & Premiu,0,0,0
20070723,61977,ECV',NYSE,16.34658534,18.58,426,0,Blackrock Enhanced Equity Yield & Premiu,0,0,0
20070724,61977,ECV',NYSE,16.09144488,18.29,779,0,Blackrock Enhanced Equity Yield & Premiu,0,0,0
20070725,61977,ECV',NYSE,15.86269826,18.03,785,0,Blackrock Enhanced Equity Yield & Premiu,0,0,0
20070726,61977,ECV',NYSE,15.58996191,17.72,1097,0,Blackrock Enhanced Equity Yield & Premiu,0,0,0
20070727,61977,ECV',NYSE,15.68673932,17.83,606,0,Blackrock Enhanced Equity Yield & Premiu,0,0,0
20070730,61977,ECV',NYSE,16.1706264,18.38,538,0,Blackrock Enhanced Equity Yield & Premiu,0,0,0
20070731,61977,ECV',NYSE,16.38177713,18.62,909,0,Blackrock Enhanced Equity Yield & Premiu,0,0,0
20070801,61977,ECV',NYSE,16.25860587,18.48,638,0,Blackrock Enhanced Equity Yield & Premiu,0,0,0
20070802,61977,ECV',NYSE,16.47855454,18.73,398,0,Blackrock Enhanced Equity Yield & Premiu,0,0,0
20070803,61977,ECV',NYSE,16.14423256,18.35,240,0,Blackrock Enhanced Equity Yield & Premiu,0,0,0
20070806,61977,ECV',NYSE,15.73072906,17.88,1273,0,Blackrock Enhanced Equity Yield & Premiu,0,0,0
20070807,61977,ECV',NYSE,15.63395164,17.77,649,0,Blackrock Enhanced Equity Yield & Premiu,0,0,0
20070808,61977,ECV',NYSE,15.96827362,18.15,483,0,Blackrock Enhanced Equity Yield & Premiu,0,0,0
20070809,61977,ECV',NYSE,15.83630442,18,461,0,Blackrock Enhanced Equity Yield & Premiu,0,0,0
20070810,61977,ECV',NYSE,15.66034548,17.8,642,0,Blackrock Enhanced Equity Yield & Premiu,0,0,0
20070813,61977,ECV',NYSE,15.80111263,17.96,380,0,Blackrock Enhanced Equity Yield & Premiu,0,0,0
20070814,61977,ECV',NYSE,15.44039681,17.55,842,0,Blackrock Enhanced Equity Yield & Premiu,0,0,0
20070815,61977,ECV',NYSE,14.82454053,16.85,1370,0,Blackrock Enhanced Equity Yield & Premiu,0,0,0
20070816,61977,ECV',NYSE,14.42863292,16.4,2087,0,Blackrock Enhanced Equity Yield & Premiu,0,0,0
20070817,61977,ECV',NYSE,14.93891384,16.98,1555,0,Blackrock Enhanced Equity Yield & Premiu,0,0,0
20070820,61977,ECV',NYSE,15.80111263,17.96,738,0,Blackrock Enhanced Equity Yield & Premiu,0,0,0
20070821,61977,ECV',NYSE,16.0210613,18.21,671,0,Blackrock Enhanced Equity Yield & Premiu,0,0,0
20070822,61977,ECV',NYSE,16.31139355,18.54,622,0,Blackrock Enhanced Equity Yield & Premiu,0,0,0
20070823,61977,ECV',NYSE,16.0210613,18.21,339,0,Blackrock Enhanced Equity Yield & Premiu,0,0,0
20070824,61977,ECV',NYSE,15.96827362,18.15,327,0,Blackrock Enhanced Equity Yield & Premiu,0,0,0
20070827,61977,ECV',NYSE,15.7571229,17.91,560,0,Blackrock Enhanced Equity Yield & Premiu,0,0,0
20070828,61977,ECV',NYSE,15.48438654,17.6,484,0,Blackrock Enhanced Equity Yield & Premiu,0,0,0
20070829,61977,ECV',NYSE,15.81870853,17.98,299,0,Blackrock Enhanced Equity Yield & Premiu,0,0,0
20070830,61977,ECV',NYSE,15.86269826,18.03,302,0,Blackrock Enhanced Equity Yield & Premiu,0,0,0
20070831,61977,ECV',NYSE,16.05625309,18.25,324,0,Blackrock Enhanced Equity Yield & Premiu,0,0,0
20070904,61977,ECV',NYSE,16.15303051,18.36,662,0,Blackrock Enhanced Equity Yield & Premiu,0,0,0
20070905,61977,ECV',NYSE,16.16182846,18.37,278,0,Blackrock Enhanced Equity Yield & Premiu,0,0,0
20070906,61977,ECV',NYSE,16.38177713,18.62,440,0,Blackrock Enhanced Equity Yield & Premiu,0,0,0
20070907,61977,ECV',NYSE,16.1882223,18.4,472,0,Blackrock Enhanced Equity Yield & Premiu,0,0,0
20070910,61977,ECV',NYSE,16.27620176,18.5,505,0,Blackrock Enhanced Equity Yield & Premiu,0,0,0
20070911,61977,ECV',NYSE,16.24100998,18.46,248,0,Blackrock Enhanced Equity Yield & Premiu,0,0,0
20070912,61977,ECV',NYSE,16.07384899,18.27,263,0,Blackrock Enhanced Equity Yield & Premiu,0,0,0
20070913,61977,ECV',NYSE,15.96827362,18.15,389,0,Blackrock Enhanced Equity Yield & Premiu,0,0,0
20070914,61977,ECV',NYSE,15.84510237,18.01,305,0,Blackrock Enhanced Equity Yield & Premiu,0,0,0
20070917,61977,ECV',NYSE,15.63395164,17.77,517,0,Blackrock Enhanced Equity Yield & Premiu,0,0,0
20070918,61977,ECV',NYSE,15.83630442,18,584,0,Blackrock Enhanced Equity Yield & Premiu,0,0,0
20070919,61977,ECV',NYSE,15.79231469,17.95,565,0,Blackrock Enhanced Equity Yield & Premiu,0,0,0
20070920,61977,ECV',NYSE,15.61635575,17.75,493,0,Blackrock Enhanced Equity Yield & Premiu,0,0,0
20070921,61977,ECV',NYSE,15.80991058,17.97,480,0,Blackrock Enhanced Equity Yield & Premiu,0,0,0
20070924,61977,ECV',NYSE,15.63395164,17.77,396,0,Blackrock Enhanced Equity Yield & Premiu,0,0,0
20070925,61977,ECV',NYSE,15.65154754,17.79,707,0,Blackrock Enhanced Equity Yield & Premiu,0,0,0
20070926,61977,ECV',NYSE,15.55477012,17.68,446,0,Blackrock Enhanced Equity Yield & Premiu,0,0,0
20070927,61977,ECV',NYSE,15.57236601,17.7,367,0,Blackrock Enhanced Equity Yield & Premiu,0,0,0
20070928,61977,ECV',NYSE,15.53717423,17.66,425,0,Blackrock Enhanced Equity Yield & Premiu,0,0,0
20071001,61977,ECV',NYSE,15.67794138,17.82,519,0,Blackrock Enhanced Equity Yield & Premiu,0,0,0
20071002,61977,ECV',NYSE,15.68673932,17.83,683,0,Blackrock Enhanced Equity Yield & Premiu,0,0,0
20071003,61977,ECV',NYSE,15.61635575,17.75,584,0,Blackrock Enhanced Equity Yield & Premiu,0,0,0
20071004,61977,ECV',NYSE,15.6075578,17.74,374,0,Blackrock Enhanced Equity Yield & Premiu,0,0,0
20071005,61977,ECV',NYSE,15.70433522,17.85,675,0,Blackrock Enhanced Equity Yield & Premiu,0,0,0
20071008,61977,ECV',NYSE,15.78351674,17.94,423,0,Blackrock Enhanced Equity Yield & Premiu,0,0,0
20071009,61977,ECV',NYSE,16.07384899,18.27,776,0,Blackrock Enhanced Equity Yield & Premiu,0,0,0
20071010,61977,ECV',NYSE,16.19702024,18.41,464,0,Blackrock Enhanced Equity Yield & Premiu,0,0,0
20071011,61977,ECV',NYSE,16.16182846,18.37,448,0,Blackrock Enhanced Equity Yield & Premiu,0,0,0
20071012,61977,ECV',NYSE,16.05625309,18.25,521,0,Blackrock Enhanced Equity Yield & Premiu,0,0,0
20071015,61977,ECV',NYSE,15.94187978,18.12,469,0,Blackrock Enhanced Equity Yield & Premiu,0,0,0
20071016,61977,ECV',NYSE,15.87149621,18.04,471,0,Blackrock Enhanced Equity Yield & Premiu,0,0,0
20071017,61977,ECV',NYSE,15.96827362,18.15,510,0,Blackrock Enhanced Equity Yield & Premiu,0,0,0
20071018,61977,ECV',NYSE,15.906688,18.08,360,0,Blackrock Enhanced Equity Yield & Premiu,0,0,0
20071019,61977,ECV',NYSE,15.72193111,17.87,554,0,Blackrock Enhanced Equity Yield & Premiu,0,0,0
20071022,61977,ECV',NYSE,15.63395164,17.77,909,0,Blackrock Enhanced Equity Yield & Premiu,0,0,0
20071023,61977,ECV',NYSE,15.63395164,17.77,363,0,Blackrock Enhanced Equity Yield & Premiu,0,0,0
20071024,61977,ECV',NYSE,15.61635575,17.75,491,0,Blackrock Enhanced Equity Yield & Premiu,0,0,0
20071025,61977,ECV',NYSE,15.61635575,17.75,351,0,Blackrock Enhanced Equity Yield & Premiu,0,0,0
20071026,61977,ECV',NYSE,15.71313316,17.86,353,0,Blackrock Enhanced Equity Yield & Premiu,0,0,0
20071029,61977,ECV',NYSE,15.74832495,17.9,463,0,Blackrock Enhanced Equity Yield & Premiu,0,0,0
20071030,61977,ECV',NYSE,15.49318449,17.61,609,0,Blackrock Enhanced Equity Yield & Premiu,0,0,0
20071031,61977,ECV',NYSE,15.51957833,17.64,554,0,Blackrock Enhanced Equity Yield & Premiu,0,0,0
20071101,61977,ECV',NYSE,15.28203377,17.37,521,0,Blackrock Enhanced Equity Yield & Premiu,0,0,0
20071102,61977,ECV',NYSE,15.24684198,17.33,364,0,Blackrock Enhanced Equity Yield & Premiu,0,0,0
20071105,61977,ECV',NYSE,15.16766046,17.24,484,0,Blackrock Enhanced Equity Yield & Premiu,0,0,0
20071106,61977,ECV',NYSE,15.11487277,17.18,679,0,Blackrock Enhanced Equity Yield & Premiu,0,0,0
20071107,61977,ECV',NYSE,14.80694463,16.83,542,0,Blackrock Enhanced Equity Yield & Premiu,0,0,0
20071108,61977,ECV',NYSE,14.60459185,16.6,627,0,Blackrock Enhanced Equity Yield & Premiu,0,0,0
20071109,61977,ECV',NYSE,14.45502676,16.43,693,0,Blackrock Enhanced Equity Yield & Premiu,0,0,0
20071112,61977,ECV',NYSE,14.12950272,16.06,493,0,Blackrock Enhanced Equity Yield & Premiu,0,0,0
20071113,61977,ECV',NYSE,14.45502676,16.43,572,0,Blackrock Enhanced Equity Yield & Premiu,0,0,0
20071114,61977,ECV',NYSE,14.58699596,16.58,499,0,Blackrock Enhanced Equity Yield & Premiu,0,0,0
20071115,61977,ECV',NYSE,14.35824934,16.32,502,0,Blackrock Enhanced Equity Yield & Premiu,0,0,0
20071116,61977,ECV',NYSE,14.38464318,16.35,821,0,Blackrock Enhanced Equity Yield & Premiu,0,0,0
20071119,61977,ECV',NYSE,14.12950272,16.06,571,0,Blackrock Enhanced Equity Yield & Premiu,0,0,0
20071120,61977,ECV',NYSE,14.22628014,16.17,929,0,Blackrock Enhanced Equity Yield & Premiu,0,0,0
20071121,61977,ECV',NYSE,13.97993762,15.89,918,0,Blackrock Enhanced Equity Yield & Premiu,0,0,0
20071123,61977,ECV',NYSE,14.14709862,16.08,292,0,Blackrock Enhanced Equity Yield & Premiu,0,0,0
20071126,61977,ECV',NYSE,13.94474584,15.85,900,0,Blackrock Enhanced Equity Yield & Premiu,0,0,0
20071127,61977,ECV',NYSE,14.11190683,16.04,954,0,Blackrock Enhanced Equity Yield & Premiu,0,0,0
20071128,61977,ECV',NYSE,14.47262265,16.45,758,0,Blackrock Enhanced Equity Yield & Premiu,0,0,0
20071129,61977,ECV',NYSE,14.4814206,16.46,657,0,Blackrock Enhanced Equity Yield & Premiu,0,0,0
20071130,61977,ECV',NYSE,14.71016722,16.72,821,0,Blackrock Enhanced Equity Yield & Premiu,0,0,0
20071203,61977,ECV',NYSE,14.55180417,16.54,502,0,Blackrock Enhanced Equity Yield & Premiu,0,0,0
20071204,61977,ECV',NYSE,14.50781444,16.49,712,0,Blackrock Enhanced Equity Yield & Premiu,0,0,0
20071205,61977,ECV',NYSE,14.80694463,16.83,848,0,Blackrock Enhanced Equity Yield & Premiu,0,0,0
20071206,61977,ECV',NYSE,15.06208509,17.12,651,0,Blackrock Enhanced Equity Yield & Premiu,0,0,0
20071207,61977,ECV',NYSE,15.00929741,17.06,592,0,Blackrock Enhanced Equity Yield & Premiu,0,0,0
20071210,61977,ECV',NYSE,15.00049946,17.05,1033,0,Blackrock Enhanced Equity Yield & Premiu,0,0,0
20071211,61977,ECV',NYSE,14.745359,16.76,1091,0,Blackrock Enhanced Equity Yield & Premiu,0,0,0
20071212,61977,ECV',NYSE,15.0444892,17.1,815,0,Blackrock Enhanced Equity Yield & Premiu,0,0,0
20071213,61977,ECV',NYSE,14.93011589,16.97,824,0,Blackrock Enhanced Equity Yield & Premiu,0,0,0
20071214,61977,ECV',NYSE,14.72776311,16.74,976,0,Blackrock Enhanced Equity Yield & Premiu,0,0,0
20071217,61977,ECV',NYSE,14.8949241,16.93,1173,0,Blackrock Enhanced Equity Yield & Premiu,0,0,0
20071218,61977,ECV',NYSE,14.60929368,15.6,1473,0,Blackrock Enhanced Equity Yield & Premiu,0,0,0
20071219,61977,ECV',NYSE,14.40326518,15.38,1143,0,Blackrock Enhanced Equity Yield & Premiu,0,0,0
20071220,61977,ECV',NYSE,14.24406134,15.21,1382,0,Blackrock Enhanced Equity Yield & Premiu,0,0,0
20071221,61977,ECV',NYSE,14.36580545,15.34,2465,0,Blackrock Enhanced Equity Yield & Premiu,0,0,0
20071224,61977,ECV',NYSE,14.60929368,15.6,1020,0,Blackrock Enhanced Equity Yield & Premiu,0,0,0
20071226,61977,ECV',NYSE,14.94643123,15.96,2199,0,Blackrock Enhanced Equity Yield & Premiu,0,0,0
20071227,61977,ECV',NYSE,14.75913259,15.76,1146,0,Blackrock Enhanced Equity Yield & Premiu,0,0,0
20071228,61977,ECV',NYSE,14.62802354,15.62,2033,0,Blackrock Enhanced Equity Yield & Premiu,0,0,0
20071231,61977,ECV',NYSE,14.702943,15.7,2320,0,Blackrock Enhanced Equity Yield & Premiu,0,0,0
20080102,61977,ECV',NYSE,14.63738848,15.63,859,0,Blackrock Enhanced Equity Yield & Premiu,0,0,0
20080103,61977,ECV',NYSE,14.77786245,15.78,828,0,Blackrock Enhanced Equity Yield & Premiu,0,0,0
20080104,61977,ECV',NYSE,14.702943,15.7,872,0,Blackrock Enhanced Equity Yield & Premiu,0,0,0
20080107,61977,ECV',NYSE,14.71230793,15.71,807,0,Blackrock Enhanced Equity Yield & Premiu,0,0,0
20080108,61977,ECV',NYSE,14.44072491,15.42,959,0,Blackrock Enhanced Equity Yield & Premiu,0,0,0
20080109,61977,ECV',NYSE,14.55310409,15.54,829,0,Blackrock Enhanced Equity Yield & Premiu,0,0,0
20080110,61977,ECV',NYSE,14.79659232,15.8,870,0,Blackrock Enhanced Equity Yield & Premiu,0,0,0
20080111,61977,ECV',NYSE,14.84341698,15.85,788,0,Blackrock Enhanced Equity Yield & Premiu,0,0,0
20080114,61977,ECV',NYSE,14.93706629,15.95,751,0,Blackrock Enhanced Equity Yield & Premiu,0,0,0
20080115,61977,ECV',NYSE,14.702943,15.7,541,0,Blackrock Enhanced Equity Yield & Premiu,0,0,0
20080116,61977,ECV',NYSE,14.54373916,15.53,996,0,Blackrock Enhanced Equity Yield & Premiu,0,0,0
20080117,61977,ECV',NYSE,14.04739777,15,1045,0,Blackrock Enhanced Equity Yield & Premiu,0,0,0
20080118,61977,ECV',NYSE,13.69153036,14.62,856,0,Blackrock Enhanced Equity Yield & Premiu,0,0,0
20080122,61977,ECV',NYSE,13.50423172,14.42,1195,0,Blackrock Enhanced Equity Yield & Premiu,0,0,0
20080123,61977,ECV',NYSE,13.81327447,14.75,777,0,Blackrock Enhanced Equity Yield & Premiu,0,0,0
20080124,61977,ECV',NYSE,14.15977695,15.12,824,0,Blackrock Enhanced Equity Yield & Premiu,0,0,0
20080125,61977,ECV',NYSE,14.09422243,15.05,833,0,Blackrock Enhanced Equity Yield & Premiu,0,0,0
20080128,61977,ECV',NYSE,14.18787175,15.15,451,0,Blackrock Enhanced Equity Yield & Premiu,0,0,0
20080129,61977,ECV',NYSE,14.32834572,15.3,738,0,Blackrock Enhanced Equity Yield & Premiu,0,0,0
20080130,61977,ECV',NYSE,14.38453532,15.36,681,0,Blackrock Enhanced Equity Yield & Premiu,0,0,0
20080131,61977,ECV',NYSE,14.53437423,15.52,826,0,Blackrock Enhanced Equity Yield & Premiu,0,0,0
20080201,61977,ECV',NYSE,14.76849752,15.77,605,0,Blackrock Enhanced Equity Yield & Premiu,0,0,0
20080204,61977,ECV',NYSE,14.71230793,15.71,390,0,Blackrock Enhanced Equity Yield & Premiu,0,0,0
20080205,61977,ECV',NYSE,14.41263011,15.39,350,0,Blackrock Enhanced Equity Yield & Premiu,0,0,0
20080206,61977,ECV',NYSE,14.23469641,15.2,410,0,Blackrock Enhanced Equity Yield & Premiu,0,0,0
20080207,61977,ECV',NYSE,14.33771066,15.31,396,0,Blackrock Enhanced Equity Yield & Premiu,0,0,0
20080208,61977,ECV',NYSE,14.42199504,15.4,416,0,Blackrock Enhanced Equity Yield & Premiu,0,0,0
20080211,61977,ECV',NYSE,14.50627943,15.49,432,0,Blackrock Enhanced Equity Yield & Premiu,0,0,0
20080212,61977,ECV',NYSE,14.55310409,15.54,555,0,Blackrock Enhanced Equity Yield & Premiu,0,0,0
20080213,61977,ECV',NYSE,14.66548327,15.66,403,0,Blackrock Enhanced Equity Yield & Premiu,0,0,0
20080214,61977,ECV',NYSE,14.33771066,15.31,649,0,Blackrock Enhanced Equity Yield & Premiu,0,0,0
20080215,61977,ECV',NYSE,14.12231722,15.08,477,0,Blackrock Enhanced Equity Yield & Premiu,0,0,0
20080219,61977,ECV',NYSE,14.16914188,15.13,737,0,Blackrock Enhanced Equity Yield & Premiu,0,0,0
20080220,61977,ECV',NYSE,14.27215613,15.24,400,0,Blackrock Enhanced Equity Yield & Premiu,0,0,0
20080221,61977,ECV',NYSE,14.10358736,15.06,507,0,Blackrock Enhanced Equity Yield & Premiu,0,0,0
20080222,61977,ECV',NYSE,14.16914188,15.13,674,0,Blackrock Enhanced Equity Yield & Premiu,0,0,0
20080225,61977,ECV',NYSE,14.35644052,15.33,561,0,Blackrock Enhanced Equity Yield & Premiu,0,0,0
20080226,61977,ECV',NYSE,14.48754957,15.47,554,0,Blackrock Enhanced Equity Yield & Premiu,0,0,0
20080227,61977,ECV',NYSE,14.56246902,15.55,390,0,Blackrock Enhanced Equity Yield & Premiu,0,0,0
20080228,61977,ECV',NYSE,14.39390025,15.37,310,0,Blackrock Enhanced Equity Yield & Premiu,0,0,0
20080229,61977,ECV',NYSE,14.16914188,15.13,280,0,Blackrock Enhanced Equity Yield & Premiu,0,0,0
20080303,61977,ECV',NYSE,14.15977695,15.12,548,0,Blackrock Enhanced Equity Yield & Premiu,0,0,0
20080304,61977,ECV',NYSE,14.04739777,15,660,0,Blackrock Enhanced Equity Yield & Premiu,0,0,0
20080305,61977,ECV',NYSE,14.13168216,15.09,524,0,Blackrock Enhanced Equity Yield & Premiu,0,0,0
20080306,61977,ECV',NYSE,13.878829,14.82,382,0,Blackrock Enhanced Equity Yield & Premiu,0,0,0
20080307,61977,ECV',NYSE,13.80390954,14.74,605,0,Blackrock Enhanced Equity Yield & Premiu,0,0,0
20080310,61977,ECV',NYSE,13.466772,14.38,650,0,Blackrock Enhanced Equity Yield & Premiu,0,0,0
20080311,61977,ECV',NYSE,13.86009913,14.8,586,0,Blackrock Enhanced Equity Yield & Premiu,0,0,0
20080312,61977,ECV',NYSE,13.878829,14.82,755,0,Blackrock Enhanced Equity Yield & Premiu,0,0,0
20080313,61977,ECV',NYSE,13.82263941,14.76,630,0,Blackrock Enhanced Equity Yield & Premiu,0,0,0
20080314,61977,ECV',NYSE,13.6166109,14.54,546,0,Blackrock Enhanced Equity Yield & Premiu,0,0,0
20080317,61977,ECV',NYSE,13.15772924,14.05,598,0,Blackrock Enhanced Equity Yield & Premiu,0,0,0
20080318,61977,ECV',NYSE,13.49486679,14.41,423,0,Blackrock Enhanced Equity Yield & Premiu,0,0,0
20080319,61977,ECV',NYSE,13.59788104,14.52,1002,0,Blackrock Enhanced Equity Yield & Premiu,0,0,0
20080320,61977,ECV',NYSE,13.66343556,14.59,476,0,Blackrock Enhanced Equity Yield & Premiu,0,0,0
20080324,61977,ECV',NYSE,13.97247831,14.92,560,0,Blackrock Enhanced Equity Yield & Premiu,0,0,0
20080325,61977,ECV',NYSE,13.97247831,14.92,549,0,Blackrock Enhanced Equity Yield & Premiu,0,0,0
20080326,61977,ECV',NYSE,14.07549257,15.03,344,0,Blackrock Enhanced Equity Yield & Premiu,0,0,0
20080327,61977,ECV',NYSE,14.04739777,15,411,0,Blackrock Enhanced Equity Yield & Premiu,0,0,0
20080328,61977,ECV',NYSE,13.95374845,14.9,216,0,Blackrock Enhanced Equity Yield & Premiu,0,0,0
20080331,61977,ECV',NYSE,13.94438352,14.89,311,0,Blackrock Enhanced Equity Yield & Premiu,0,0,0
20080401,61977,ECV',NYSE,14.23469641,15.2,892,0,Blackrock Enhanced Equity Yield & Premiu,0,0,0
20080402,61977,ECV',NYSE,14.27215613,15.24,298,0,Blackrock Enhanced Equity Yield & Premiu,0,0,0
20080403,61977,ECV',NYSE,14.35644052,15.33,340,0,Blackrock Enhanced Equity Yield & Premiu,0,0,0
20080404,61977,ECV',NYSE,14.43135998,15.41,290,0,Blackrock Enhanced Equity Yield & Premiu,0,0,0
20080407,61977,ECV',NYSE,14.48754957,15.47,505,0,Blackrock Enhanced Equity Yield & Premiu,0,0,0
20080408,61977,ECV',NYSE,14.42199504,15.4,617,0,Blackrock Enhanced Equity Yield & Premiu,0,0,0
20080409,61977,ECV',NYSE,14.13168216,15.09,564,0,Blackrock Enhanced Equity Yield & Premiu,0,0,0
20080410,61977,ECV',NYSE,14.27215613,15.24,497,0,Blackrock Enhanced Equity Yield & Premiu,0,0,0
20080411,61977,ECV',NYSE,14.04739777,15,275,0,Blackrock Enhanced Equity Yield & Premiu,0,0,0
20080414,61977,ECV',NYSE,14.09422243,15.05,300,0,Blackrock Enhanced Equity Yield & Premiu,0,0,0
20080415,61977,ECV',NYSE,14.02866791,14.98,360,0,Blackrock Enhanced Equity Yield & Premiu,0,0,0
20080416,61977,ECV',NYSE,14.34707559,15.32,439,0,Blackrock Enhanced Equity Yield & Premiu,0,0,0
20080417,61977,ECV',NYSE,14.35644052,15.33,445,0,Blackrock Enhanced Equity Yield & Premiu,0,0,0
20080418,61977,ECV',NYSE,14.65611834,15.65,1022,0,Blackrock Enhanced Equity Yield & Premiu,0,0,0
20080421,61977,ECV',NYSE,14.66548327,15.66,706,0,Blackrock Enhanced Equity Yield & Premiu,0,0,0
20080422,61977,ECV',NYSE,14.51564436,15.5,333,0,Blackrock Enhanced Equity Yield & Premiu,0,0,0
20080423,61977,ECV',NYSE,14.59056382,15.58,368,0,Blackrock Enhanced Equity Yield & Premiu,0,0,0
20080424,61977,ECV',NYSE,14.68421314,15.68,300,0,Blackrock Enhanced Equity Yield & Premiu,0,0,0
20080425,61977,ECV',NYSE,14.702943,15.7,252,0,Blackrock Enhanced Equity Yield & Premiu,0,0,0
20080428,61977,ECV',NYSE,14.68421314,15.68,442,0,Blackrock Enhanced Equity Yield & Premiu,0,0,0
20080429,61977,ECV',NYSE,14.6748482,15.67,253,0,Blackrock Enhanced Equity Yield & Premiu,0,0,0
20080430,61977,ECV',NYSE,14.69357807,15.69,546,0,Blackrock Enhanced Equity Yield & Premiu,0,0,0
20080501,61977,ECV',NYSE,14.85278191,15.86,466,0,Blackrock Enhanced Equity Yield & Premiu,0,0,0
20080502,61977,ECV',NYSE,14.92770136,15.94,281,0,Blackrock Enhanced Equity Yield & Premiu,0,0,0
20080505,61977,ECV',NYSE,14.82468711,15.83,298,0,Blackrock Enhanced Equity Yield & Premiu,0,0,0
20080506,61977,ECV',NYSE,14.89024164,15.9,310,0,Blackrock Enhanced Equity Yield & Premiu,0,0,0
20080507,61977,ECV',NYSE,14.76849752,15.77,431,0,Blackrock Enhanced Equity Yield & Premiu,0,0,0
20080508,61977,ECV',NYSE,14.87151177,15.88,239,0,Blackrock Enhanced Equity Yield & Premiu,0,0,0
20080509,61977,ECV',NYSE,14.9089715,15.92,269,0,Blackrock Enhanced Equity Yield & Premiu,0,0,0
20080512,61977,ECV',NYSE,14.97452602,15.99,452,0,Blackrock Enhanced Equity Yield & Premiu,0,0,0
20080513,61977,ECV',NYSE,15.04944548,16.07,571,0,Blackrock Enhanced Equity Yield & Premiu,0,0,0
20080514,61977,ECV',NYSE,15.17118959,16.2,365,0,Blackrock Enhanced Equity Yield & Premiu,0,0,0
20080515,61977,ECV',NYSE,15.26483891,16.3,219,0,Blackrock Enhanced Equity Yield & Premiu,0,0,0
20080516,61977,ECV',NYSE,15.30229864,16.34,407,0,Blackrock Enhanced Equity Yield & Premiu,0,0,0
20080519,61977,ECV',NYSE,15.28356877,16.32,481,0,Blackrock Enhanced Equity Yield & Premiu,0,0,0
20080520,61977,ECV',NYSE,15.07754027,16.1,482,0,Blackrock Enhanced Equity Yield & Premiu,0,0,0
20080521,61977,ECV',NYSE,14.95579616,15.97,613,0,Blackrock Enhanced Equity Yield & Premiu,0,0,0
20080522,61977,ECV',NYSE,14.99325589,16.01,409,0,Blackrock Enhanced Equity Yield & Premiu,0,0,0
20080523,61977,ECV',NYSE,14.94643123,15.96,242,0,Blackrock Enhanced Equity Yield & Premiu,0,0,0
20080527,61977,ECV',NYSE,15.05881041,16.08,399,0,Blackrock Enhanced Equity Yield & Premiu,0,0,0
20080528,61977,ECV',NYSE,15.04944548,16.07,440,0,Blackrock Enhanced Equity Yield & Premiu,0,0,0
20080529,61977,ECV',NYSE,15.06817534,16.09,343,0,Blackrock Enhanced Equity Yield & Premiu,0,0,0
20080530,61977,ECV',NYSE,15.19928439,16.23,430,0,Blackrock Enhanced Equity Yield & Premiu,0,0,0
20080602,61977,ECV',NYSE,15.20864932,16.24,475,0,Blackrock Enhanced Equity Yield & Premiu,0,0,0
20080603,61977,ECV',NYSE,15.23674411,16.27,734,0,Blackrock Enhanced Equity Yield & Premiu,0,0,0
20080604,61977,ECV',NYSE,15.3210285,16.36,603,0,Blackrock Enhanced Equity Yield & Premiu,0,0,0
20080605,61977,ECV',NYSE,15.43340768,16.48,650,0,Blackrock Enhanced Equity Yield & Premiu,0,0,0
20080606,61977,ECV',NYSE,15.31166357,16.35,787,0,Blackrock Enhanced Equity Yield & Premiu,0,0,0
20080609,61977,ECV',NYSE,15.19928439,16.23,823,0,Blackrock Enhanced Equity Yield & Premiu,0,0,0
20080610,61977,ECV',NYSE,15.18055452,16.21,377,0,Blackrock Enhanced Equity Yield & Premiu,0,0,0
20080611,61977,ECV',NYSE,15.115,16.14,861,0,Blackrock Enhanced Equity Yield & Premiu,0,0,0
20080612,61977,ECV',NYSE,14.95,14.95,903,0,Blackrock Enhanced Equity Yield & Premiu,0,0,0
20080613,61977,ECV',NYSE,14.75,14.75,836,0,Blackrock Enhanced Equity Yield & Premiu,0,0,0
20080616,61977,ECV',NYSE,14.67,14.67,583,0,Blackrock Enhanced Equity Yield & Premiu,0,0,0
20080617,61977,ECV',NYSE,14.61,14.61,699,0,Blackrock Enhanced Equity Yield & Premiu,0,0,0
20080618,61977,ECV',NYSE,14.53,14.53,1072,0,Blackrock Enhanced Equity Yield & Premiu,0,0,0
20080619,61977,ECV',NYSE,14.53,14.53,613,0,Blackrock Enhanced Equity Yield & Premiu,0,0,0
20080620,61977,ECV',NYSE,14.26,14.26,615,0,Blackrock Enhanced Equity Yield & Premiu,0,0,0
20080623,61977,ECV',NYSE,14.06,14.06,439,0,Blackrock Enhanced Equity Yield & Premiu,0,0,0
20080624,61977,ECV',NYSE,13.92,13.92,710,0,Blackrock Enhanced Equity Yield & Premiu,0,0,0
20080625,61977,ECV',NYSE,14.16,14.16,577,0,Blackrock Enhanced Equity Yield & Premiu,0,0,0
20080626,61977,ECV',NYSE,13.84,13.84,346,0,Blackrock Enhanced Equity Yield & Premiu,0,0,0
20080627,61977,ECV',NYSE,13.69,13.69,368,0,Blackrock Enhanced Equity Yield & Premiu,0,0,0
20080630,61977,ECV',NYSE,13.7,13.7,444,0,Blackrock Enhanced Equity Yield & Premiu,0,0,0
20080701,61977,ECV',NYSE,13.84,13.84,1114,0,Blackrock Enhanced Equity Yield & Premiu,0,0,0
20080702,61977,ECV',NYSE,13.74,13.74,545,0,Blackrock Enhanced Equity Yield & Premiu,0,0,0
20080703,61977,ECV',NYSE,13.73,13.73,462,0,Blackrock Enhanced Equity Yield & Premiu,0,0,0
20080707,61977,ECV',NYSE,13.72,13.72,1455,0,Blackrock Enhanced Equity Yield & Premiu,0,0,0
20080708,61977,ECV',NYSE,14,14,1018,0,Blackrock Enhanced Equity Yield & Premiu,0,0,0
20080709,61977,ECV',NYSE,13.97,13.97,713,0,Blackrock Enhanced Equity Yield & Premiu,0,0,0
20080710,61977,ECV',NYSE,13.76,13.76,533,0,Blackrock Enhanced Equity Yield & Premiu,0,0,0
20080711,61977,ECV',NYSE,13.26,13.26,747,0,Blackrock Enhanced Equity Yield & Premiu,0,0,0
20080714,61977,ECV',NYSE,13,13,730,0,Blackrock Enhanced Equity Yield & Premiu,0,0,0
20080715,61977,ECV',NYSE,12.62,12.62,898,0,Blackrock Enhanced Equity Yield & Premiu,0,0,0
20080716,61977,ECV',NYSE,12.89,12.89,510,0,Blackrock Enhanced Equity Yield & Premiu,0,0,0
20080717,61977,ECV',NYSE,13.17,13.17,701,0,Blackrock Enhanced Equity Yield & Premiu,0,0,0
20080718,61977,ECV',NYSE,13.18,13.18,447,0,Blackrock Enhanced Equity Yield & Premiu,0,0,0
20080721,61977,ECV',NYSE,13.28,13.28,254,0,Blackrock Enhanced Equity Yield & Premiu,0,0,0
20080722,61977,ECV',NYSE,13.39,13.39,638,0,Blackrock Enhanced Equity Yield & Premiu,0,0,0
20080723,61977,ECV',NYSE,13.51,13.51,458,0,Blackrock Enhanced Equity Yield & Premiu,0,0,0
20080724,61977,ECV',NYSE,13.34,13.34,414,0,Blackrock Enhanced Equity Yield & Premiu,0,0,0
20080725,61977,ECV',NYSE,13.25,13.25,329,0,Blackrock Enhanced Equity Yield & Premiu,0,0,0
20080728,61977,ECV',NYSE,13.1,13.1,304,0,Blackrock Enhanced Equity Yield & Premiu,0,0,0
20080729,61977,ECV',NYSE,13.34,13.34,444,0,Blackrock Enhanced Equity Yield & Premiu,0,0,0
20080730,61977,ECV',NYSE,13.54,13.54,436,0,Blackrock Enhanced Equity Yield & Premiu,0,0,0
20080731,61977,ECV',NYSE,13.45,13.45,200,0,Blackrock Enhanced Equity Yield & Premiu,0,0,0
20080801,61977,ECV',NYSE,13.38,13.38,179,0,Blackrock Enhanced Equity Yield & Premiu,0,0,0
20080804,61977,ECV',NYSE,13.29,13.29,256,0,Blackrock Enhanced Equity Yield & Premiu,0,0,0
20080805,61977,ECV',NYSE,13.43,13.43,606,0,Blackrock Enhanced Equity Yield & Premiu,0,0,0
20080806,61977,ECV',NYSE,13.58,13.58,382,0,Blackrock Enhanced Equity Yield & Premiu,0,0,0
20080807,61977,ECV',NYSE,13.46,13.46,411,0,Blackrock Enhanced Equity Yield & Premiu,0,0,0
20080808,61977,ECV',NYSE,13.75,13.75,436,0,Blackrock Enhanced Equity Yield & Premiu,0,0,0
20080811,61977,ECV',NYSE,13.9,13.9,456,0,Blackrock Enhanced Equity Yield & Premiu,0,0,0
20080812,61977,ECV',NYSE,13.85,13.85,525,0,Blackrock Enhanced Equity Yield & Premiu,0,0,0
20080813,61977,ECV',NYSE,13.78,13.78,249,0,Blackrock Enhanced Equity Yield & Premiu,0,0,0
20080814,61977,ECV',NYSE,13.92,13.92,193,0,Blackrock Enhanced Equity Yield & Premiu,0,0,0
20080815,61977,ECV',NYSE,13.97,13.97,286,0,Blackrock Enhanced Equity Yield & Premiu,0,0,0
20080818,61977,ECV',NYSE,13.75,13.75,294,0,Blackrock Enhanced Equity Yield & Premiu,0,0,0
20080819,61977,ECV',NYSE,13.58,13.58,514,0,Blackrock Enhanced Equity Yield & Premiu,0,0,0
20080820,61977,ECV',NYSE,13.55,13.55,410,0,Blackrock Enhanced Equity Yield & Premiu,0,0,0
20080821,61977,ECV',NYSE,13.65,13.65,542,0,Blackrock Enhanced Equity Yield & Premiu,0,0,0
20080822,61977,ECV',NYSE,13.75,13.75,319,0,Blackrock Enhanced Equity Yield & Premiu,0,0,0
20080825,61977,ECV',NYSE,13.65,13.65,816,0,Blackrock Enhanced Equity Yield & Premiu,0,0,0
20080826,61977,ECV',NYSE,13.64,13.64,640,0,Blackrock Enhanced Equity Yield & Premiu,0,0,0
20080827,61977,ECV',NYSE,13.67,13.67,254,0,Blackrock Enhanced Equity Yield & Premiu,0,0,0
20080828,61977,ECV',NYSE,13.86,13.86,566,0,Blackrock Enhanced Equity Yield & Premiu,0,0,0
20080829,61977,ECV',NYSE,13.71,13.71,427,0,Blackrock Enhanced Equity Yield & Premiu,0,0,0
20080902,61977,ECV',NYSE,13.62,13.62,564,0,Blackrock Enhanced Equity Yield & Premiu,0,0,0
20080903,61977,ECV',NYSE,13.51,13.51,670,0,Blackrock Enhanced Equity Yield & Premiu,0,0,0
20080904,61977,ECV',NYSE,13.2,13.2,655,0,Blackrock Enhanced Equity Yield & Premiu,0,0,0
20080905,61977,ECV',NYSE,13.19,13.19,329,0,Blackrock Enhanced Equity Yield & Premiu,0,0,0
20080908,61977,ECV',NYSE,13.34,13.34,599,0,Blackrock Enhanced Equity Yield & Premiu,0,0,0
20080909,61977,ECV',NYSE,13.12,13.12,561,0,Blackrock Enhanced Equity Yield & Premiu,0,0,0
20080910,61977,ECV',NYSE,12.91,12.91,496,0,Blackrock Enhanced Equity Yield & Premiu,0,0,0
20080911,61977,ECV',NYSE,12.86,12.86,396,0,Blackrock Enhanced Equity Yield & Premiu,0,0,0
20080912,61977,ECV',NYSE,12.82,12.82,287,0,Blackrock Enhanced Equity Yield & Premiu,0,0,0
20080915,61977,ECV',NYSE,12.01,12.01,646,0,Blackrock Enhanced Equity Yield & Premiu,0,0,0
20080916,61977,ECV',NYSE,11.66,11.66,1041,0,Blackrock Enhanced Equity Yield & Premiu,0,0,0
20080917,61977,ECV',NYSE,10.84,10.84,877,0,Blackrock Enhanced Equity Yield & Premiu,0,0,0
20080918,61977,ECV',NYSE,10.96,10.96,1411,0,Blackrock Enhanced Equity Yield & Premiu,0,0,0
20080919,61977,ECV',NYSE,11.89,11.89,1499,0,Blackrock Enhanced Equity Yield & Premiu,0,0,0
20080922,61977,ECV',NYSE,11.57,11.57,838,0,Blackrock Enhanced Equity Yield & Premiu,0,0,0
20080923,61977,ECV',NYSE,11.34,11.34,528,0,Blackrock Enhanced Equity Yield & Premiu,0,0,0
20080924,61977,ECV',NYSE,11.34,11.34,251,0,Blackrock Enhanced Equity Yield & Premiu,0,0,0
20080925,61977,ECV',NYSE,11.5,11.5,453,0,Blackrock Enhanced Equity Yield & Premiu,0,0,0
20080926,61977,ECV',NYSE,11.33,11.33,662,0,Blackrock Enhanced Equity Yield & Premiu,0,0,0
20080929,61977,ECV',NYSE,10.55,10.55,1341,0,Blackrock Enhanced Equity Yield & Premiu,0,0,0
20080930,61977,ECV',NYSE,10.84,10.84,1017,0,Blackrock Enhanced Equity Yield & Premiu,0,0,0
20081001,61977,ECV',NYSE,11.05,11.05,685,0,Blackrock Enhanced Equity Yield & Premiu,0,0,0
20081002,61977,ECV',NYSE,10.73,10.73,731,0,Blackrock Enhanced Equity Yield & Premiu,0,0,0
20081003,61977,ECV',NYSE,10.98,10.98,741,0,Blackrock Enhanced Equity Yield & Premiu,0,0,0
20081006,61977,ECV',NYSE,10.25,10.25,1231,0,Blackrock Enhanced Equity Yield & Premiu,0,0,0
20081007,61977,ECV',NYSE,9.15,9.15,1236,0,Blackrock Enhanced Equity Yield & Premiu,0,0,0
20081008,61977,ECV',NYSE,8.58,8.58,2087,0,Blackrock Enhanced Equity Yield & Premiu,0,0,0
20081009,61977,ECV',NYSE,7.75,7.75,1069,0,Blackrock Enhanced Equity Yield & Premiu,0,0,0
20081010,61977,ECV',NYSE,7.48,7.48,1418,0,Blackrock Enhanced Equity Yield & Premiu,0,0,0
20081013,61977,ECV',NYSE,8.53,8.53,1055,0,Blackrock Enhanced Equity Yield & Premiu,0,0,0
20081014,61977,ECV',NYSE,8.97,8.97,1171,0,Blackrock Enhanced Equity Yield & Premiu,0,0,0
20081015,61977,ECV',NYSE,8.4,8.4,661,0,Blackrock Enhanced Equity Yield & Premiu,0,0,0
20081016,61977,ECV',NYSE,8.8,8.8,956,0,Blackrock Enhanced Equity Yield & Premiu,0,0,0
20081017,61977,ECV',NYSE,8.97,8.97,1247,0,Blackrock Enhanced Equity Yield & Premiu,0,0,0
20081020,61977,ECV',NYSE,9.5,9.5,772,0,Blackrock Enhanced Equity Yield & Premiu,0,0,0
20081021,61977,ECV',NYSE,9.53,9.53,958,0,Blackrock Enhanced Equity Yield & Premiu,0,0,0
20081022,61977,ECV',NYSE,9.07,9.07,605,0,Blackrock Enhanced Equity Yield & Premiu,0,0,0
20081023,61977,ECV',NYSE,8.95,8.95,881,0,Blackrock Enhanced Equity Yield & Premiu,0,0,0
20081024,61977,ECV',NYSE,8.74,8.74,1448,0,Blackrock Enhanced Equity Yield & Premiu,0,0,0
20081027,61977,ECV',NYSE,8.64,8.64,858,0,Blackrock Enhanced Equity Yield & Premiu,0,0,0
20081028,61977,ECV',NYSE,9.25,9.25,839,0,Blackrock Enhanced Equity Yield & Premiu,0,0,0
20081029,61977,ECV',NYSE,9.47,9.47,780,0,Blackrock Enhanced Equity Yield & Premiu,0,0,0
20081030,61977,ECV',NYSE,9.59,9.59,535,0,Blackrock Enhanced Equity Yield & Premiu,0,0,0
20081031,61977,ECV',NYSE,9.75,9.75,566,0,Blackrock Enhanced Equity Yield & Premiu,0,0,0
