DDate,CSINumber,Symbol,Exchange,DClose,UnAdjustedClose,TotalVolume,Cash,MarketName,PTB,PSR,DPS
20050126,66180,TYRRF',OTC,1.19,1.19,180,0,Tyler Res Inc,0,0,0
20050127,66180,TYRRF',OTC,1.2,1.2,210,0,Tyler Res Inc,0,0,0
20050128,66180,TYRRF',OTC,1.2,1.2,127,0,Tyler Res Inc,0,0,0
20050131,66180,TYRRF',OTC,1.08,1.08,647,0,Tyler Res Inc,0,0,0
20050201,66180,TYRRF',OTC,1.15,1.15,285,0,Tyler Res Inc,0,0,0
20050202,66180,TYRRF',OTC,1.25,1.25,5,0,Tyler Res Inc,0,0,0
20050203,66180,TYRRF',OTC,1.25,1.25,0,0,Tyler Res Inc,0,0,0
20050204,66180,TYRRF',OTC,1.2,1.2,300,0,Tyler Res Inc,0,0,0
20050207,66180,TYRRF',OTC,1.25,1.25,450,0,Tyler Res Inc,0,0,0
20050208,66180,TYRRF',OTC,1.25,1.25,0,0,Tyler Res Inc,0,0,0
20050209,66180,TYRRF',OTC,1.25,1.25,350,0,Tyler Res Inc,0,0,0
20050210,66180,TYRRF',OTC,1.45,1.45,105,0,Tyler Res Inc,0,0,0
20050211,66180,TYRRF',OTC,1.48,1.48,25,0,Tyler Res Inc,0,0,0
20050214,66180,TYRRF',OTC,1.49,1.49,30,0,Tyler Res Inc,0,0,0
20050215,66180,TYRRF',OTC,1.42,1.42,85,0,Tyler Res Inc,0,0,0
20050216,66180,TYRRF',OTC,1.37,1.37,15,0,Tyler Res Inc,0,0,0
20050217,66180,TYRRF',OTC,1.35,1.35,85,0,Tyler Res Inc,0,0,0
20050218,66180,TYRRF',OTC,1.35,1.35,0,0,Tyler Res Inc,0,0,0
20050222,66180,TYRRF',OTC,1.25,1.25,260,0,Tyler Res Inc,0,0,0
20050223,66180,TYRRF',OTC,1.29,1.29,15,0,Tyler Res Inc,0,0,0
20050224,66180,TYRRF',OTC,1.29,1.29,0,0,Tyler Res Inc,0,0,0
20050225,66180,TYRRF',OTC,1.21,1.21,61,0,Tyler Res Inc,0,0,0
20050228,66180,TYRRF',OTC,1.23,1.23,67,0,Tyler Res Inc,0,0,0
20050301,66180,TYRRF',OTC,1.15,1.15,100,0,Tyler Res Inc,0,0,0
20050302,66180,TYRRF',OTC,1.15,1.15,0,0,Tyler Res Inc,0,0,0
20050303,66180,TYRRF',OTC,1.29,1.29,192,0,Tyler Res Inc,0,0,0
20050304,66180,TYRRF',OTC,1.27,1.27,324,0,Tyler Res Inc,0,0,0
20050307,66180,TYRRF',OTC,1.25,1.25,20,0,Tyler Res Inc,0,0,0
20050308,66180,TYRRF',OTC,1.25,1.25,0,0,Tyler Res Inc,0,0,0
20050309,66180,TYRRF',OTC,1.28,1.28,194,0,Tyler Res Inc,0,0,0
20050310,66180,TYRRF',OTC,1.26,1.26,640,0,Tyler Res Inc,0,0,0
20050311,66180,TYRRF',OTC,1.21,1.21,20,0,Tyler Res Inc,0,0,0
20050314,66180,TYRRF',OTC,1.25,1.25,128,0,Tyler Res Inc,0,0,0
20050315,66180,TYRRF',OTC,1.25,1.25,0,0,Tyler Res Inc,0,0,0
20050316,66180,TYRRF',OTC,1.25,1.25,0,0,Tyler Res Inc,0,0,0
20050317,66180,TYRRF',OTC,1.24,1.24,286,0,Tyler Res Inc,0,0,0
20050318,66180,TYRRF',OTC,1.24,1.24,0,0,Tyler Res Inc,0,0,0
20050321,66180,TYRRF',OTC,1.25,1.25,25,0,Tyler Res Inc,0,0,0
20050322,66180,TYRRF',OTC,1.28,1.28,40,0,Tyler Res Inc,0,0,0
20050323,66180,TYRRF',OTC,1.34,1.34,156,0,Tyler Res Inc,0,0,0
20050324,66180,TYRRF',OTC,1.45,1.45,394,0,Tyler Res Inc,0,0,0
20050328,66180,TYRRF',OTC,1.47,1.47,251,0,Tyler Res Inc,0,0,0
20050329,66180,TYRRF',OTC,1.37,1.37,417,0,Tyler Res Inc,0,0,0
20050330,66180,TYRRF',OTC,1.39,1.39,603,0,Tyler Res Inc,0,0,0
20050331,66180,TYRRF',OTC,1.41,1.41,670,0,Tyler Res Inc,0,0,0
20050401,66180,TYRRF',OTC,1.48,1.48,93,0,Tyler Res Inc,0,0,0
20050404,66180,TYRRF',OTC,1.53,1.53,35,0,Tyler Res Inc,0,0,0
20050405,66180,TYRRF',OTC,1.4,1.4,130,0,Tyler Res Inc,0,0,0
20050406,66180,TYRRF',OTC,1.37,1.37,55,0,Tyler Res Inc,0,0,0
20050407,66180,TYRRF',OTC,1.38,1.38,207,0,Tyler Res Inc,0,0,0
20050408,66180,TYRRF',OTC,1.37,1.37,140,0,Tyler Res Inc,0,0,0
20050411,66180,TYRRF',OTC,1.26,1.26,10,0,Tyler Res Inc,0,0,0
20050412,66180,TYRRF',OTC,1.26,1.26,58,0,Tyler Res Inc,0,0,0
20050413,66180,TYRRF',OTC,1.21,1.21,635,0,Tyler Res Inc,0,0,0
20050414,66180,TYRRF',OTC,1.16,1.16,16,0,Tyler Res Inc,0,0,0
20050415,66180,TYRRF',OTC,1.21,1.21,85,0,Tyler Res Inc,0,0,0
20050418,66180,TYRRF',OTC,1.21,1.21,0,0,Tyler Res Inc,0,0,0
20050419,66180,TYRRF',OTC,1.16,1.16,25,0,Tyler Res Inc,0,0,0
20050420,66180,TYRRF',OTC,1.16,1.16,0,0,Tyler Res Inc,0,0,0
20050421,66180,TYRRF',OTC,1.11,1.11,45,0,Tyler Res Inc,0,0,0
20050422,66180,TYRRF',OTC,1.28,1.28,124,0,Tyler Res Inc,0,0,0
20050425,66180,TYRRF',OTC,1.33,1.33,155,0,Tyler Res Inc,0,0,0
20050426,66180,TYRRF',OTC,1.26,1.26,20,0,Tyler Res Inc,0,0,0
20050427,66180,TYRRF',OTC,1.25,1.25,110,0,Tyler Res Inc,0,0,0
20050428,66180,TYRRF',OTC,1.16,1.16,306,0,Tyler Res Inc,0,0,0
20050429,66180,TYRRF',OTC,1.25,1.25,100,0,Tyler Res Inc,0,0,0
20050502,66180,TYRRF',OTC,1.25,1.25,0,0,Tyler Res Inc,0,0,0
20050503,66180,TYRRF',OTC,1.25,1.25,0,0,Tyler Res Inc,0,0,0
20050504,66180,TYRRF',OTC,1.25,1.25,0,0,Tyler Res Inc,0,0,0
20050505,66180,TYRRF',OTC,1.25,1.25,59,0,Tyler Res Inc,0,0,0
20050506,66180,TYRRF',OTC,1.24,1.24,37,0,Tyler Res Inc,0,0,0
20050509,66180,TYRRF',OTC,1.19,1.19,21,0,Tyler Res Inc,0,0,0
20050510,66180,TYRRF',OTC,1.18,1.18,18,0,Tyler Res Inc,0,0,0
20050511,66180,TYRRF',OTC,1.18,1.18,0,0,Tyler Res Inc,0,0,0
20050512,66180,TYRRF',OTC,1.1,1.1,43,0,Tyler Res Inc,0,0,0
20050513,66180,TYRRF',OTC,1.09,1.09,20,0,Tyler Res Inc,0,0,0
20050516,66180,TYRRF',OTC,0.96,0.96,376,0,Tyler Res Inc,0,0,0
20050517,66180,TYRRF',OTC,0.87,0.87,726,0,Tyler Res Inc,0,0,0
20050518,66180,TYRRF',OTC,0.9,0.9,627,0,Tyler Res Inc,0,0,0
20050519,66180,TYRRF',OTC,0.89,0.89,128,0,Tyler Res Inc,0,0,0
20050520,66180,TYRRF',OTC,0.91,0.91,15,0,Tyler Res Inc,0,0,0
20050523,66180,TYRRF',OTC,0.91,0.91,0,0,Tyler Res Inc,0,0,0
20050524,66180,TYRRF',OTC,0.9,0.9,31,0,Tyler Res Inc,0,0,0
20050525,66180,TYRRF',OTC,0.9,0.9,0,0,Tyler Res Inc,0,0,0
20050526,66180,TYRRF',OTC,1.01,1.01,17,0,Tyler Res Inc,0,0,0
20050527,66180,TYRRF',OTC,1.04,1.04,178,0,Tyler Res Inc,0,0,0
20050531,66180,TYRRF',OTC,1.05,1.05,417,0,Tyler Res Inc,0,0,0
20050601,66180,TYRRF',OTC,1.1,1.1,85,0,Tyler Res Inc,0,0,0
20050602,66180,TYRRF',OTC,1.04,1.04,9,0,Tyler Res Inc,0,0,0
20050603,66180,TYRRF',OTC,1.01,1.01,10,0,Tyler Res Inc,0,0,0
20050606,66180,TYRRF',OTC,1.01,1.01,0,0,Tyler Res Inc,0,0,0
20050607,66180,TYRRF',OTC,0.95,0.95,3728,0,Tyler Res Inc,0,0,0
20050608,66180,TYRRF',OTC,0.94,0.94,294,0,Tyler Res Inc,0,0,0
20050609,66180,TYRRF',OTC,0.94,0.94,0,0,Tyler Res Inc,0,0,0
20050610,66180,TYRRF',OTC,0.92,0.92,122,0,Tyler Res Inc,0,0,0
20050613,66180,TYRRF',OTC,0.96,0.96,30,0,Tyler Res Inc,0,0,0
20050614,66180,TYRRF',OTC,0.89,0.89,25,0,Tyler Res Inc,0,0,0
20050615,66180,TYRRF',OTC,0.88,0.88,300,0,Tyler Res Inc,0,0,0
20050616,66180,TYRRF',OTC,0.84,0.84,56,0,Tyler Res Inc,0,0,0
20050617,66180,TYRRF',OTC,0.84,0.84,0,0,Tyler Res Inc,0,0,0
20050620,66180,TYRRF',OTC,0.91,0.91,45,0,Tyler Res Inc,0,0,0
20050621,66180,TYRRF',OTC,0.84,0.84,270,0,Tyler Res Inc,0,0,0
20050622,66180,TYRRF',OTC,0.81,0.81,125,0,Tyler Res Inc,0,0,0
20050623,66180,TYRRF',OTC,0.9,0.9,209,0,Tyler Res Inc,0,0,0
20050624,66180,TYRRF',OTC,0.88,0.88,110,0,Tyler Res Inc,0,0,0
20050627,66180,TYRRF',OTC,0.85,0.85,203,0,Tyler Res Inc,0,0,0
20050628,66180,TYRRF',OTC,0.85,0.85,0,0,Tyler Res Inc,0,0,0
20050629,66180,TYRRF',OTC,0.78,0.78,116,0,Tyler Res Inc,0,0,0
20050630,66180,TYRRF',OTC,0.78,0.78,0,0,Tyler Res Inc,0,0,0
20050701,66180,TYRRF',OTC,0.78,0.78,0,0,Tyler Res Inc,0,0,0
20050705,66180,TYRRF',OTC,0.81,0.81,6,0,Tyler Res Inc,0,0,0
20050706,66180,TYRRF',OTC,0.71,0.71,780,0,Tyler Res Inc,0,0,0
20050707,66180,TYRRF',OTC,0.67,0.67,1230,0,Tyler Res Inc,0,0,0
20050708,66180,TYRRF',OTC,0.75,0.75,243,0,Tyler Res Inc,0,0,0
20050711,66180,TYRRF',OTC,0.78,0.78,216,0,Tyler Res Inc,0,0,0
20050712,66180,TYRRF',OTC,0.85,0.85,201,0,Tyler Res Inc,0,0,0
20050713,66180,TYRRF',OTC,0.85,0.85,0,0,Tyler Res Inc,0,0,0
20050714,66180,TYRRF',OTC,0.78,0.78,155,0,Tyler Res Inc,0,0,0
20050715,66180,TYRRF',OTC,0.78,0.78,0,0,Tyler Res Inc,0,0,0
20050718,66180,TYRRF',OTC,0.74,0.74,50,0,Tyler Res Inc,0,0,0
20050719,66180,TYRRF',OTC,0.8,0.8,10,0,Tyler Res Inc,0,0,0
20050720,66180,TYRRF',OTC,0.77,0.77,65,0,Tyler Res Inc,0,0,0
20050721,66180,TYRRF',OTC,0.8,0.8,40,0,Tyler Res Inc,0,0,0
20050722,66180,TYRRF',OTC,0.8,0.8,25,0,Tyler Res Inc,0,0,0
20050725,66180,TYRRF',OTC,0.83,0.83,337,0,Tyler Res Inc,0,0,0
20050726,66180,TYRRF',OTC,0.8,0.8,9,0,Tyler Res Inc,0,0,0
20050727,66180,TYRRF',OTC,0.8,0.8,66,0,Tyler Res Inc,0,0,0
20050728,66180,TYRRF',OTC,0.8,0.8,0,0,Tyler Res Inc,0,0,0
20050729,66180,TYRRF',OTC,0.86,0.86,40,0,Tyler Res Inc,0,0,0
20050801,66180,TYRRF',OTC,0.86,0.86,0,0,Tyler Res Inc,0,0,0
20050802,66180,TYRRF',OTC,0.88,0.88,431,0,Tyler Res Inc,0,0,0
20050803,66180,TYRRF',OTC,1,1,99,0,Tyler Res Inc,0,0,0
20050804,66180,TYRRF',OTC,1,1,0,0,Tyler Res Inc,0,0,0
20050805,66180,TYRRF',OTC,1,1,3,0,Tyler Res Inc,0,0,0
20050808,66180,TYRRF',OTC,0.99,0.99,610,0,Tyler Res Inc,0,0,0
20050809,66180,TYRRF',OTC,0.94,0.94,9,0,Tyler Res Inc,0,0,0
20050810,66180,TYRRF',OTC,0.93,0.93,241,0,Tyler Res Inc,0,0,0
20050811,66180,TYRRF',OTC,0.97,0.97,19,0,Tyler Res Inc,0,0,0
20050812,66180,TYRRF',OTC,0.96,0.96,239,0,Tyler Res Inc,0,0,0
20050815,66180,TYRRF',OTC,0.94,0.94,273,0,Tyler Res Inc,0,0,0
20050816,66180,TYRRF',OTC,0.94,0.94,0,0,Tyler Res Inc,0,0,0
20050817,66180,TYRRF',OTC,0.94,0.94,0,0,Tyler Res Inc,0,0,0
20050818,66180,TYRRF',OTC,0.91,0.91,64,0,Tyler Res Inc,0,0,0
20050819,66180,TYRRF',OTC,0.91,0.91,0,0,Tyler Res Inc,0,0,0
20050822,66180,TYRRF',OTC,0.89,0.89,50,0,Tyler Res Inc,0,0,0
20050823,66180,TYRRF',OTC,0.95,0.95,245,0,Tyler Res Inc,0,0,0
20050824,66180,TYRRF',OTC,0.88,0.88,65,0,Tyler Res Inc,0,0,0
20050825,66180,TYRRF',OTC,0.87,0.87,65,0,Tyler Res Inc,0,0,0
20050826,66180,TYRRF',OTC,0.87,0.87,0,0,Tyler Res Inc,0,0,0
20050829,66180,TYRRF',OTC,0.85,0.85,113,0,Tyler Res Inc,0,0,0
20050830,66180,TYRRF',OTC,0.84,0.84,102,0,Tyler Res Inc,0,0,0
20050831,66180,TYRRF',OTC,0.83,0.83,135,0,Tyler Res Inc,0,0,0
20050901,66180,TYRRF',OTC,0.83,0.83,80,0,Tyler Res Inc,0,0,0
20050902,66180,TYRRF',OTC,0.86,0.86,70,0,Tyler Res Inc,0,0,0
20050906,66180,TYRRF',OTC,0.88,0.88,1319,0,Tyler Res Inc,0,0,0
20050907,66180,TYRRF',OTC,0.91,0.91,50,0,Tyler Res Inc,0,0,0
20050908,66180,TYRRF',OTC,0.98,0.98,213,0,Tyler Res Inc,0,0,0
20050909,66180,TYRRF',OTC,0.98,0.98,0,0,Tyler Res Inc,0,0,0
20050912,66180,TYRRF',OTC,0.93,0.93,9,0,Tyler Res Inc,0,0,0
20050913,66180,TYRRF',OTC,0.92,0.92,76,0,Tyler Res Inc,0,0,0
20050914,66180,TYRRF',OTC,0.91,0.91,205,0,Tyler Res Inc,0,0,0
20050915,66180,TYRRF',OTC,0.91,0.91,0,0,Tyler Res Inc,0,0,0
20050916,66180,TYRRF',OTC,0.97,0.97,421,0,Tyler Res Inc,0,0,0
20050919,66180,TYRRF',OTC,0.93,0.93,287,0,Tyler Res Inc,0,0,0
20050920,66180,TYRRF',OTC,0.94,0.94,221,0,Tyler Res Inc,0,0,0
20050921,66180,TYRRF',OTC,0.94,0.94,25,0,Tyler Res Inc,0,0,0
20050922,66180,TYRRF',OTC,0.91,0.91,65,0,Tyler Res Inc,0,0,0
20050923,66180,TYRRF',OTC,0.91,0.91,6,0,Tyler Res Inc,0,0,0
20050926,66180,TYRRF',OTC,1.05,1.05,647,0,Tyler Res Inc,0,0,0
20050927,66180,TYRRF',OTC,1.22,1.22,182,0,Tyler Res Inc,0,0,0
20050928,66180,TYRRF',OTC,1.15,1.15,67,0,Tyler Res Inc,0,0,0
20050929,66180,TYRRF',OTC,1.2,1.2,81,0,Tyler Res Inc,0,0,0
20050930,66180,TYRRF',OTC,1.23,1.23,50,0,Tyler Res Inc,0,0,0
20051003,66180,TYRRF',OTC,1.25,1.25,30,0,Tyler Res Inc,0,0,0
20051004,66180,TYRRF',OTC,1.22,1.22,5,0,Tyler Res Inc,0,0,0
20051005,66180,TYRRF',OTC,1.18,1.18,1,0,Tyler Res Inc,0,0,0
20051006,66180,TYRRF',OTC,1.21,1.21,17,0,Tyler Res Inc,0,0,0
20051007,66180,TYRRF',OTC,1.17,1.17,4,0,Tyler Res Inc,0,0,0
20051010,66180,TYRRF',OTC,1.17,1.17,0,0,Tyler Res Inc,0,0,0
20051011,66180,TYRRF',OTC,1.22,1.22,95,0,Tyler Res Inc,0,0,0
20051012,66180,TYRRF',OTC,1.16,1.16,10,0,Tyler Res Inc,0,0,0
20051013,66180,TYRRF',OTC,1.08,1.08,157,0,Tyler Res Inc,0,0,0
20051014,66180,TYRRF',OTC,1.05,1.05,15,0,Tyler Res Inc,0,0,0
20051017,66180,TYRRF',OTC,1.11,1.11,10,0,Tyler Res Inc,0,0,0
20051018,66180,TYRRF',OTC,1.11,1.11,0,0,Tyler Res Inc,0,0,0
20051019,66180,TYRRF',OTC,1.02,1.02,23,0,Tyler Res Inc,0,0,0
20051020,66180,TYRRF',OTC,0.98,0.98,243,0,Tyler Res Inc,0,0,0
20051021,66180,TYRRF',OTC,1.02,1.02,173,0,Tyler Res Inc,0,0,0
20051024,66180,TYRRF',OTC,1.01,1.01,76,0,Tyler Res Inc,0,0,0
20051025,66180,TYRRF',OTC,1.03,1.03,15,0,Tyler Res Inc,0,0,0
20051026,66180,TYRRF',OTC,1.03,1.03,0,0,Tyler Res Inc,0,0,0
20051027,66180,TYRRF',OTC,1.03,1.03,0,0,Tyler Res Inc,0,0,0
20051028,66180,TYRRF',OTC,1.03,1.03,5,0,Tyler Res Inc,0,0,0
20051031,66180,TYRRF',OTC,1.01,1.01,23,0,Tyler Res Inc,0,0,0
20051101,66180,TYRRF',OTC,1.03,1.03,136,0,Tyler Res Inc,0,0,0
20051102,66180,TYRRF',OTC,1.03,1.03,0,0,Tyler Res Inc,0,0,0
20051103,66180,TYRRF',OTC,0.99,0.99,36,0,Tyler Res Inc,0,0,0
20051104,66180,TYRRF',OTC,0.99,0.99,0,0,Tyler Res Inc,0,0,0
20051107,66180,TYRRF',OTC,0.99,0.99,0,0,Tyler Res Inc,0,0,0
20051108,66180,TYRRF',OTC,0.88,0.88,184,0,Tyler Res Inc,0,0,0
20051109,66180,TYRRF',OTC,0.86,0.86,50,0,Tyler Res Inc,0,0,0
20051110,66180,TYRRF',OTC,0.88,0.88,140,0,Tyler Res Inc,0,0,0
20051111,66180,TYRRF',OTC,0.88,0.88,0,0,Tyler Res Inc,0,0,0
20051114,66180,TYRRF',OTC,0.93,0.93,60,0,Tyler Res Inc,0,0,0
20051115,66180,TYRRF',OTC,0.93,0.93,0,0,Tyler Res Inc,0,0,0
20051116,66180,TYRRF',OTC,0.93,0.93,0,0,Tyler Res Inc,0,0,0
20051117,66180,TYRRF',OTC,0.93,0.93,0,0,Tyler Res Inc,0,0,0
20051118,66180,TYRRF',OTC,0.93,0.93,0,0,Tyler Res Inc,0,0,0
20051121,66180,TYRRF',OTC,0.99,0.99,102,0,Tyler Res Inc,0,0,0
20051122,66180,TYRRF',OTC,0.98,0.98,200,0,Tyler Res Inc,0,0,0
20051123,66180,TYRRF',OTC,1.06,1.06,144,0,Tyler Res Inc,0,0,0
20051125,66180,TYRRF',OTC,1.07,1.07,117,0,Tyler Res Inc,0,0,0
20051128,66180,TYRRF',OTC,1.01,1.01,593,0,Tyler Res Inc,0,0,0
20051129,66180,TYRRF',OTC,1.02,1.02,15,0,Tyler Res Inc,0,0,0
20051130,66180,TYRRF',OTC,1.02,1.02,0,0,Tyler Res Inc,0,0,0
20051201,66180,TYRRF',OTC,1.05,1.05,204,0,Tyler Res Inc,0,0,0
20051202,66180,TYRRF',OTC,1.04,1.04,27,0,Tyler Res Inc,0,0,0
20051205,66180,TYRRF',OTC,1.01,1.01,770,0,Tyler Res Inc,0,0,0
20051206,66180,TYRRF',OTC,1,1,34,0,Tyler Res Inc,0,0,0
20051207,66180,TYRRF',OTC,1,1,0,0,Tyler Res Inc,0,0,0
20051208,66180,TYRRF',OTC,1.02,1.02,75,0,Tyler Res Inc,0,0,0
20051209,66180,TYRRF',OTC,1.05,1.05,22,0,Tyler Res Inc,0,0,0
20051212,66180,TYRRF',OTC,1.05,1.05,0,0,Tyler Res Inc,0,0,0
20051213,66180,TYRRF',OTC,1.05,1.05,166,0,Tyler Res Inc,0,0,0
20051214,66180,TYRRF',OTC,1.02,1.02,123,0,Tyler Res Inc,0,0,0
20051215,66180,TYRRF',OTC,0.97,0.97,312,0,Tyler Res Inc,0,0,0
20051216,66180,TYRRF',OTC,0.97,0.97,0,0,Tyler Res Inc,0,0,0
20051219,66180,TYRRF',OTC,0.92,0.92,94,0,Tyler Res Inc,0,0,0
20051220,66180,TYRRF',OTC,0.92,0.92,20,0,Tyler Res Inc,0,0,0
20051221,66180,TYRRF',OTC,0.92,0.92,0,0,Tyler Res Inc,0,0,0
20051222,66180,TYRRF',OTC,0.92,0.92,0,0,Tyler Res Inc,0,0,0
20051223,66180,TYRRF',OTC,0.92,0.92,0,0,Tyler Res Inc,0,0,0
20051227,66180,TYRRF',OTC,0.89,0.89,35,0,Tyler Res Inc,0,0,0
20051228,66180,TYRRF',OTC,0.9,0.9,200,0,Tyler Res Inc,0,0,0
20051229,66180,TYRRF',OTC,0.88,0.88,25,0,Tyler Res Inc,0,0,0
20051230,66180,TYRRF',OTC,0.87,0.87,184,0,Tyler Res Inc,0,0,0
20060103,66180,TYRRF',OTC,0.94,0.94,235,0,Tyler Res Inc,0,0,0
20060104,66180,TYRRF',OTC,0.93,0.93,50,0,Tyler Res Inc,0,0,0
20060105,66180,TYRRF',OTC,0.91,0.91,30,0,Tyler Res Inc,0,0,0
20060106,66180,TYRRF',OTC,0.91,0.91,3,0,Tyler Res Inc,0,0,0
20060109,66180,TYRRF',OTC,0.91,0.91,0,0,Tyler Res Inc,0,0,0
20060110,66180,TYRRF',OTC,0.91,0.91,0,0,Tyler Res Inc,0,0,0
20060111,66180,TYRRF',OTC,0.9,0.9,125,0,Tyler Res Inc,0,0,0
20060112,66180,TYRRF',OTC,0.97,0.97,150,0,Tyler Res Inc,0,0,0
20060113,66180,TYRRF',OTC,0.97,0.97,0,0,Tyler Res Inc,0,0,0
20060117,66180,TYRRF',OTC,0.92,0.92,445,0,Tyler Res Inc,0,0,0
20060118,66180,TYRRF',OTC,0.88,0.88,282,0,Tyler Res Inc,0,0,0
20060119,66180,TYRRF',OTC,0.88,0.88,234,0,Tyler Res Inc,0,0,0
20060120,66180,TYRRF',OTC,1.1,1.1,288,0,Tyler Res Inc,0,0,0
20060123,66180,TYRRF',OTC,1.09,1.09,423,0,Tyler Res Inc,0,0,0
20060124,66180,TYRRF',OTC,1.06,1.06,61,0,Tyler Res Inc,0,0,0
20060125,66180,TYRRF',OTC,0.97,0.97,94,0,Tyler Res Inc,0,0,0
20060126,66180,TYRRF',OTC,1.17,1.17,1,0,Tyler Res Inc,0,0,0
20060127,66180,TYRRF',OTC,1.01,1.01,40,0,Tyler Res Inc,0,0,0
20060130,66180,TYRRF',OTC,1.02,1.02,10,0,Tyler Res Inc,0,0,0
20060131,66180,TYRRF',OTC,1.02,1.02,0,0,Tyler Res Inc,0,0,0
20060201,66180,TYRRF',OTC,1.02,1.02,0,0,Tyler Res Inc,0,0,0
20060202,66180,TYRRF',OTC,0.94,0.94,35,0,Tyler Res Inc,0,0,0
20060203,66180,TYRRF',OTC,0.94,0.94,0,0,Tyler Res Inc,0,0,0
20060206,66180,TYRRF',OTC,1.02,1.02,40,0,Tyler Res Inc,0,0,0
20060207,66180,TYRRF',OTC,1.01,1.01,23,0,Tyler Res Inc,0,0,0
20060208,66180,TYRRF',OTC,0.97,0.97,71,0,Tyler Res Inc,0,0,0
20060209,66180,TYRRF',OTC,0.99,0.99,19,0,Tyler Res Inc,0,0,0
20060210,66180,TYRRF',OTC,0.92,0.92,44,0,Tyler Res Inc,0,0,0
20060213,66180,TYRRF',OTC,0.94,0.94,10,0,Tyler Res Inc,0,0,0
20060214,66180,TYRRF',OTC,0.94,0.94,10,0,Tyler Res Inc,0,0,0
20060215,66180,TYRRF',OTC,0.94,0.94,345,0,Tyler Res Inc,0,0,0
20060216,66180,TYRRF',OTC,0.96,0.96,130,0,Tyler Res Inc,0,0,0
20060217,66180,TYRRF',OTC,0.98,0.98,508,0,Tyler Res Inc,0,0,0
20060221,66180,TYRRF',OTC,0.98,0.98,259,0,Tyler Res Inc,0,0,0
20060222,66180,TYRRF',OTC,0.95,0.95,239,0,Tyler Res Inc,0,0,0
20060223,66180,TYRRF',OTC,0.97,0.97,10,0,Tyler Res Inc,0,0,0
20060224,66180,TYRRF',OTC,0.97,0.97,0,0,Tyler Res Inc,0,0,0
20060227,66180,TYRRF',OTC,0.95,0.95,229,0,Tyler Res Inc,0,0,0
20060228,66180,TYRRF',OTC,0.92,0.92,53,0,Tyler Res Inc,0,0,0
20060301,66180,TYRRF',OTC,0.95,0.95,28,0,Tyler Res Inc,0,0,0
20060302,66180,TYRRF',OTC,0.96,0.96,85,0,Tyler Res Inc,0,0,0
20060303,66180,TYRRF',OTC,0.96,0.96,25,0,Tyler Res Inc,0,0,0
20060306,66180,TYRRF',OTC,0.95,0.95,126,0,Tyler Res Inc,0,0,0
20060307,66180,TYRRF',OTC,0.95,0.95,0,0,Tyler Res Inc,0,0,0
20060308,66180,TYRRF',OTC,0.87,0.87,207,0,Tyler Res Inc,0,0,0
20060309,66180,TYRRF',OTC,0.93,0.93,369,0,Tyler Res Inc,0,0,0
20060310,66180,TYRRF',OTC,0.93,0.93,200,0,Tyler Res Inc,0,0,0
20060313,66180,TYRRF',OTC,0.93,0.93,0,0,Tyler Res Inc,0,0,0
20060314,66180,TYRRF',OTC,0.9,0.9,47,0,Tyler Res Inc,0,0,0
20060315,66180,TYRRF',OTC,0.9,0.9,0,0,Tyler Res Inc,0,0,0
20060316,66180,TYRRF',OTC,0.9,0.9,30,0,Tyler Res Inc,0,0,0
20060317,66180,TYRRF',OTC,0.91,0.91,50,0,Tyler Res Inc,0,0,0
20060320,66180,TYRRF',OTC,0.92,0.92,60,0,Tyler Res Inc,0,0,0
20060321,66180,TYRRF',OTC,0.91,0.91,50,0,Tyler Res Inc,0,0,0
20060322,66180,TYRRF',OTC,0.88,0.88,253,0,Tyler Res Inc,0,0,0
20060323,66180,TYRRF',OTC,0.87,0.87,150,0,Tyler Res Inc,0,0,0
20060324,66180,TYRRF',OTC,0.9,0.9,227,0,Tyler Res Inc,0,0,0
20060327,66180,TYRRF',OTC,0.9,0.9,0,0,Tyler Res Inc,0,0,0
20060328,66180,TYRRF',OTC,0.9,0.9,0,0,Tyler Res Inc,0,0,0
20060329,66180,TYRRF',OTC,0.89,0.89,260,0,Tyler Res Inc,0,0,0
20060330,66180,TYRRF',OTC,0.94,0.94,571,0,Tyler Res Inc,0,0,0
20060331,66180,TYRRF',OTC,0.89,0.89,89,0,Tyler Res Inc,0,0,0
20060403,66180,TYRRF',OTC,0.86,0.86,1208,0,Tyler Res Inc,0,0,0
20060404,66180,TYRRF',OTC,0.84,0.84,10,0,Tyler Res Inc,0,0,0
20060405,66180,TYRRF',OTC,0.8,0.8,3,0,Tyler Res Inc,0,0,0
20060406,66180,TYRRF',OTC,0.79,0.79,10,0,Tyler Res Inc,0,0,0
20060407,66180,TYRRF',OTC,0.87,0.87,100,0,Tyler Res Inc,0,0,0
20060410,66180,TYRRF',OTC,0.92,0.92,289,0,Tyler Res Inc,0,0,0
20060411,66180,TYRRF',OTC,0.92,0.92,69,0,Tyler Res Inc,0,0,0
20060412,66180,TYRRF',OTC,0.92,0.92,0,0,Tyler Res Inc,0,0,0
20060413,66180,TYRRF',OTC,0.92,0.92,85,0,Tyler Res Inc,0,0,0
20060417,66180,TYRRF',OTC,0.89,0.89,738,0,Tyler Res Inc,0,0,0
20060418,66180,TYRRF',OTC,0.89,0.89,70,0,Tyler Res Inc,0,0,0
20060419,66180,TYRRF',OTC,0.89,0.89,0,0,Tyler Res Inc,0,0,0
20060420,66180,TYRRF',OTC,0.89,0.89,0,0,Tyler Res Inc,0,0,0
20060421,66180,TYRRF',OTC,0.89,0.89,40,0,Tyler Res Inc,0,0,0
20060424,66180,TYRRF',OTC,0.86,0.86,5,0,Tyler Res Inc,0,0,0
20060425,66180,TYRRF',OTC,0.86,0.86,15,0,Tyler Res Inc,0,0,0
20060426,66180,TYRRF',OTC,0.82,0.82,815,0,Tyler Res Inc,0,0,0
20060427,66180,TYRRF',OTC,0.77,0.77,510,0,Tyler Res Inc,0,0,0
20060428,66180,TYRRF',OTC,0.72,0.72,626,0,Tyler Res Inc,0,0,0
20060501,66180,TYRRF',OTC,0.72,0.72,596,0,Tyler Res Inc,0,0,0
20060502,66180,TYRRF',OTC,0.69,0.69,85,0,Tyler Res Inc,0,0,0
20060503,66180,TYRRF',OTC,0.65,0.65,550,0,Tyler Res Inc,0,0,0
20060504,66180,TYRRF',OTC,0.61,0.61,725,0,Tyler Res Inc,0,0,0
20060505,66180,TYRRF',OTC,0.72,0.72,681,0,Tyler Res Inc,0,0,0
20060508,66180,TYRRF',OTC,0.71,0.71,147,0,Tyler Res Inc,0,0,0
20060509,66180,TYRRF',OTC,0.68,0.68,359,0,Tyler Res Inc,0,0,0
20060510,66180,TYRRF',OTC,0.79,0.79,90,0,Tyler Res Inc,0,0,0
20060511,66180,TYRRF',OTC,0.8,0.8,390,0,Tyler Res Inc,0,0,0
20060512,66180,TYRRF',OTC,0.74,0.74,1025,0,Tyler Res Inc,0,0,0
20060515,66180,TYRRF',OTC,0.63,0.63,912,0,Tyler Res Inc,0,0,0
20060516,66180,TYRRF',OTC,0.67,0.67,125,0,Tyler Res Inc,0,0,0
20060517,66180,TYRRF',OTC,0.62,0.62,161,0,Tyler Res Inc,0,0,0
20060518,66180,TYRRF',OTC,0.57,0.57,1008,0,Tyler Res Inc,0,0,0
20060519,66180,TYRRF',OTC,0.63,0.63,805,0,Tyler Res Inc,0,0,0
20060522,66180,TYRRF',OTC,0.61,0.61,453,0,Tyler Res Inc,0,0,0
20060523,66180,TYRRF',OTC,0.65,0.65,125,0,Tyler Res Inc,0,0,0
20060524,66180,TYRRF',OTC,0.56,0.56,329,0,Tyler Res Inc,0,0,0
20060525,66180,TYRRF',OTC,0.56,0.56,0,0,Tyler Res Inc,0,0,0
20060526,66180,TYRRF',OTC,0.63,0.63,35,0,Tyler Res Inc,0,0,0
20060530,66180,TYRRF',OTC,0.61,0.61,2,0,Tyler Res Inc,0,0,0
20060531,66180,TYRRF',OTC,0.57,0.57,662,0,Tyler Res Inc,0,0,0
20060601,66180,TYRRF',OTC,0.61,0.61,77,0,Tyler Res Inc,0,0,0
20060602,66180,TYRRF',OTC,0.61,0.61,0,0,Tyler Res Inc,0,0,0
20060605,66180,TYRRF',OTC,0.59,0.59,50,0,Tyler Res Inc,0,0,0
20060606,66180,TYRRF',OTC,0.58,0.58,329,0,Tyler Res Inc,0,0,0
20060607,66180,TYRRF',OTC,0.57,0.57,126,0,Tyler Res Inc,0,0,0
20060608,66180,TYRRF',OTC,0.56,0.56,50,0,Tyler Res Inc,0,0,0
20060609,66180,TYRRF',OTC,0.6,0.6,2,0,Tyler Res Inc,0,0,0
20060612,66180,TYRRF',OTC,0.61,0.61,4,0,Tyler Res Inc,0,0,0
20060613,66180,TYRRF',OTC,0.5,0.5,55,0,Tyler Res Inc,0,0,0
20060614,66180,TYRRF',OTC,0.45,0.45,178,0,Tyler Res Inc,0,0,0
20060615,66180,TYRRF',OTC,0.5,0.5,95,0,Tyler Res Inc,0,0,0
20060616,66180,TYRRF',OTC,0.53,0.53,27,0,Tyler Res Inc,0,0,0
20060619,66180,TYRRF',OTC,0.54,0.54,104,0,Tyler Res Inc,0,0,0
20060620,66180,TYRRF',OTC,0.54,0.54,25,0,Tyler Res Inc,0,0,0
20060621,66180,TYRRF',OTC,0.48,0.48,35,0,Tyler Res Inc,0,0,0
20060622,66180,TYRRF',OTC,0.48,0.48,7,0,Tyler Res Inc,0,0,0
20060623,66180,TYRRF',OTC,0.5,0.5,489,0,Tyler Res Inc,0,0,0
20060626,66180,TYRRF',OTC,0.42,0.42,2,0,Tyler Res Inc,0,0,0
20060627,66180,TYRRF',OTC,0.51,0.51,68,0,Tyler Res Inc,0,0,0
20060628,66180,TYRRF',OTC,0.46,0.46,5,0,Tyler Res Inc,0,0,0
20060629,66180,TYRRF',OTC,0.46,0.46,0,0,Tyler Res Inc,0,0,0
20060630,66180,TYRRF',OTC,0.47,0.47,604,0,Tyler Res Inc,0,0,0
20060703,66180,TYRRF',OTC,0.47,0.47,0,0,Tyler Res Inc,0,0,0
20060705,66180,TYRRF',OTC,0.5,0.5,200,0,Tyler Res Inc,0,0,0
20060706,66180,TYRRF',OTC,0.5,0.5,100,0,Tyler Res Inc,0,0,0
20060707,66180,TYRRF',OTC,0.48,0.48,170,0,Tyler Res Inc,0,0,0
20060710,66180,TYRRF',OTC,0.43,0.43,15,0,Tyler Res Inc,0,0,0
20060711,66180,TYRRF',OTC,0.45,0.45,145,0,Tyler Res Inc,0,0,0
20060712,66180,TYRRF',OTC,0.45,0.45,0,0,Tyler Res Inc,0,0,0
20060713,66180,TYRRF',OTC,0.42,0.42,10,0,Tyler Res Inc,0,0,0
20060714,66180,TYRRF',OTC,0.42,0.42,0,0,Tyler Res Inc,0,0,0
20060717,66180,TYRRF',OTC,0.39,0.39,822,0,Tyler Res Inc,0,0,0
20060718,66180,TYRRF',OTC,0.34,0.34,610,0,Tyler Res Inc,0,0,0
20060719,66180,TYRRF',OTC,0.3,0.3,438,0,Tyler Res Inc,0,0,0
20060720,66180,TYRRF',OTC,0.31,0.31,134,0,Tyler Res Inc,0,0,0
20060721,66180,TYRRF',OTC,0.3,0.3,10,0,Tyler Res Inc,0,0,0
20060724,66180,TYRRF',OTC,0.3,0.3,0,0,Tyler Res Inc,0,0,0
20060725,66180,TYRRF',OTC,0.33,0.33,75,0,Tyler Res Inc,0,0,0
20060726,66180,TYRRF',OTC,0.38,0.38,285,0,Tyler Res Inc,0,0,0
20060727,66180,TYRRF',OTC,0.37,0.37,67,0,Tyler Res Inc,0,0,0
20060728,66180,TYRRF',OTC,0.46,0.46,775,0,Tyler Res Inc,0,0,0
20060731,66180,TYRRF',OTC,0.52,0.52,122,0,Tyler Res Inc,0,0,0
20060801,66180,TYRRF',OTC,0.57,0.57,542,0,Tyler Res Inc,0,0,0
20060802,66180,TYRRF',OTC,0.47,0.47,25,0,Tyler Res Inc,0,0,0
20060803,66180,TYRRF',OTC,0.48,0.48,3,0,Tyler Res Inc,0,0,0
20060804,66180,TYRRF',OTC,0.43,0.43,105,0,Tyler Res Inc,0,0,0
20060807,66180,TYRRF',OTC,0.38,0.38,10,0,Tyler Res Inc,0,0,0
20060808,66180,TYRRF',OTC,0.38,0.38,0,0,Tyler Res Inc,0,0,0
20060809,66180,TYRRF',OTC,0.38,0.38,0,0,Tyler Res Inc,0,0,0
20060810,66180,TYRRF',OTC,0.4,0.4,5,0,Tyler Res Inc,0,0,0
20060811,66180,TYRRF',OTC,0.4,0.4,0,0,Tyler Res Inc,0,0,0
20060814,66180,TYRRF',OTC,0.4,0.4,0,0,Tyler Res Inc,0,0,0
20060815,66180,TYRRF',OTC,0.42,0.42,5,0,Tyler Res Inc,0,0,0
20060816,66180,TYRRF',OTC,0.4,0.4,45,0,Tyler Res Inc,0,0,0
20060817,66180,TYRRF',OTC,0.38,0.38,169,0,Tyler Res Inc,0,0,0
20060818,66180,TYRRF',OTC,0.4,0.4,60,0,Tyler Res Inc,0,0,0
20060821,66180,TYRRF',OTC,0.42,0.42,5,0,Tyler Res Inc,0,0,0
20060822,66180,TYRRF',OTC,0.42,0.42,44,0,Tyler Res Inc,0,0,0
20060823,66180,TYRRF',OTC,0.4,0.4,80,0,Tyler Res Inc,0,0,0
20060824,66180,TYRRF',OTC,0.39,0.39,44,0,Tyler Res Inc,0,0,0
20060825,66180,TYRRF',OTC,0.39,0.39,0,0,Tyler Res Inc,0,0,0
20060828,66180,TYRRF',OTC,0.39,0.39,0,0,Tyler Res Inc,0,0,0
20060829,66180,TYRRF',OTC,0.39,0.39,0,0,Tyler Res Inc,0,0,0
20060830,66180,TYRRF',OTC,0.39,0.39,0,0,Tyler Res Inc,0,0,0
20060831,66180,TYRRF',OTC,0.39,0.39,0,0,Tyler Res Inc,0,0,0
20060901,66180,TYRRF',OTC,0.37,0.37,37,0,Tyler Res Inc,0,0,0
20060905,66180,TYRRF',OTC,0.4,0.4,50,0,Tyler Res Inc,0,0,0
20060906,66180,TYRRF',OTC,0.41,0.41,6,0,Tyler Res Inc,0,0,0
20060907,66180,TYRRF',OTC,0.41,0.41,0,0,Tyler Res Inc,0,0,0
20060908,66180,TYRRF',OTC,0.41,0.41,125,0,Tyler Res Inc,0,0,0
20060911,66180,TYRRF',OTC,0.38,0.38,30,0,Tyler Res Inc,0,0,0
20060912,66180,TYRRF',OTC,0.38,0.38,7,0,Tyler Res Inc,0,0,0
20060913,66180,TYRRF',OTC,0.38,0.38,0,0,Tyler Res Inc,0,0,0
20060914,66180,TYRRF',OTC,0.38,0.38,0,0,Tyler Res Inc,0,0,0
20060915,66180,TYRRF',OTC,0.43,0.43,150,0,Tyler Res Inc,0,0,0
20060918,66180,TYRRF',OTC,0.37,0.37,624,0,Tyler Res Inc,0,0,0
20060919,66180,TYRRF',OTC,0.36,0.36,1159,0,Tyler Res Inc,0,0,0
20060920,66180,TYRRF',OTC,0.34,0.34,930,0,Tyler Res Inc,0,0,0
20060921,66180,TYRRF',OTC,0.34,0.34,70,0,Tyler Res Inc,0,0,0
20060922,66180,TYRRF',OTC,0.32,0.32,6,0,Tyler Res Inc,0,0,0
20060925,66180,TYRRF',OTC,0.32,0.32,0,0,Tyler Res Inc,0,0,0
20060926,66180,TYRRF',OTC,0.42,0.42,1691,0,Tyler Res Inc,0,0,0
20060927,66180,TYRRF',OTC,0.46,0.46,24,0,Tyler Res Inc,0,0,0
20060928,66180,TYRRF',OTC,0.44,0.44,80,0,Tyler Res Inc,0,0,0
20060929,66180,TYRRF',OTC,0.4,0.4,60,0,Tyler Res Inc,0,0,0
20061002,66180,TYRRF',OTC,0.42,0.42,190,0,Tyler Res Inc,0,0,0
20061003,66180,TYRRF',OTC,0.41,0.41,98,0,Tyler Res Inc,0,0,0
20061004,66180,TYRRF',OTC,0.41,0.41,0,0,Tyler Res Inc,0,0,0
20061005,66180,TYRRF',OTC,0.39,0.39,194,0,Tyler Res Inc,0,0,0
20061006,66180,TYRRF',OTC,0.39,0.39,0,0,Tyler Res Inc,0,0,0
20061009,66180,TYRRF',OTC,0.32,0.32,100,0,Tyler Res Inc,0,0,0
20061010,66180,TYRRF',OTC,0.38,0.38,125,0,Tyler Res Inc,0,0,0
20061011,66180,TYRRF',OTC,0.38,0.38,608,0,Tyler Res Inc,0,0,0
20061012,66180,TYRRF',OTC,0.38,0.38,70,0,Tyler Res Inc,0,0,0
20061013,66180,TYRRF',OTC,0.38,0.38,120,0,Tyler Res Inc,0,0,0
20061016,66180,TYRRF',OTC,0.38,0.38,0,0,Tyler Res Inc,0,0,0
20061017,66180,TYRRF',OTC,0.36,0.36,130,0,Tyler Res Inc,0,0,0
20061018,66180,TYRRF',OTC,0.36,0.36,605,0,Tyler Res Inc,0,0,0
20061019,66180,TYRRF',OTC,0.36,0.36,0,0,Tyler Res Inc,0,0,0
20061020,66180,TYRRF',OTC,0.4,0.4,196,0,Tyler Res Inc,0,0,0
20061023,66180,TYRRF',OTC,0.4,0.4,0,0,Tyler Res Inc,0,0,0
20061024,66180,TYRRF',OTC,0.36,0.36,11,0,Tyler Res Inc,0,0,0
20061025,66180,TYRRF',OTC,0.36,0.36,0,0,Tyler Res Inc,0,0,0
20061026,66180,TYRRF',OTC,0.36,0.36,0,0,Tyler Res Inc,0,0,0
20061027,66180,TYRRF',OTC,0.42,0.42,1302,0,Tyler Res Inc,0,0,0
20061030,66180,TYRRF',OTC,0.41,0.41,90,0,Tyler Res Inc,0,0,0
20061031,66180,TYRRF',OTC,0.4,0.4,175,0,Tyler Res Inc,0,0,0
20061101,66180,TYRRF',OTC,0.39,0.39,60,0,Tyler Res Inc,0,0,0
20061102,66180,TYRRF',OTC,0.39,0.39,0,0,Tyler Res Inc,0,0,0
20061103,66180,TYRRF',OTC,0.39,0.39,0,0,Tyler Res Inc,0,0,0
20061106,66180,TYRRF',OTC,0.39,0.39,0,0,Tyler Res Inc,0,0,0
20061107,66180,TYRRF',OTC,0.39,0.39,40,0,Tyler Res Inc,0,0,0
20061108,66180,TYRRF',OTC,0.4,0.4,50,0,Tyler Res Inc,0,0,0
20061109,66180,TYRRF',OTC,0.35,0.35,50,0,Tyler Res Inc,0,0,0
20061110,66180,TYRRF',OTC,0.34,0.34,50,0,Tyler Res Inc,0,0,0
20061113,66180,TYRRF',OTC,0.34,0.34,0,0,Tyler Res Inc,0,0,0
20061114,66180,TYRRF',OTC,0.3,0.3,416,0,Tyler Res Inc,0,0,0
20061115,66180,TYRRF',OTC,0.3,0.3,0,0,Tyler Res Inc,0,0,0
20061116,66180,TYRRF',OTC,0.3,0.3,0,0,Tyler Res Inc,0,0,0
20061117,66180,TYRRF',OTC,0.33,0.33,43,0,Tyler Res Inc,0,0,0
20061120,66180,TYRRF',OTC,0.37,0.37,352,0,Tyler Res Inc,0,0,0
20061121,66180,TYRRF',OTC,0.38,0.38,2,0,Tyler Res Inc,0,0,0
20061122,66180,TYRRF',OTC,0.36,0.36,126,0,Tyler Res Inc,0,0,0
20061124,66180,TYRRF',OTC,0.36,0.36,0,0,Tyler Res Inc,0,0,0
20061127,66180,TYRRF',OTC,0.37,0.37,275,0,Tyler Res Inc,0,0,0
20061128,66180,TYRRF',OTC,0.37,0.37,0,0,Tyler Res Inc,0,0,0
20061129,66180,TYRRF',OTC,0.35,0.35,25,0,Tyler Res Inc,0,0,0
20061130,66180,TYRRF',OTC,0.33,0.33,79,0,Tyler Res Inc,0,0,0
20061201,66180,TYRRF',OTC,0.34,0.34,50,0,Tyler Res Inc,0,0,0
20061204,66180,TYRRF',OTC,0.31,0.31,2,0,Tyler Res Inc,0,0,0
20061205,66180,TYRRF',OTC,0.32,0.32,25,0,Tyler Res Inc,0,0,0
20061206,66180,TYRRF',OTC,0.33,0.33,38,0,Tyler Res Inc,0,0,0
20061207,66180,TYRRF',OTC,0.33,0.33,112,0,Tyler Res Inc,0,0,0
20061208,66180,TYRRF',OTC,0.33,0.33,280,0,Tyler Res Inc,0,0,0
20061211,66180,TYRRF',OTC,0.32,0.32,129,0,Tyler Res Inc,0,0,0
20061212,66180,TYRRF',OTC,0.32,0.32,0,0,Tyler Res Inc,0,0,0
20061213,66180,TYRRF',OTC,0.3,0.3,20,0,Tyler Res Inc,0,0,0
20061214,66180,TYRRF',OTC,0.3,0.3,0,0,Tyler Res Inc,0,0,0
20061215,66180,TYRRF',OTC,0.32,0.32,24,0,Tyler Res Inc,0,0,0
20061218,66180,TYRRF',OTC,0.3,0.3,1312,0,Tyler Res Inc,0,0,0
20061219,66180,TYRRF',OTC,0.3,0.3,0,0,Tyler Res Inc,0,0,0
20061220,66180,TYRRF',OTC,0.3,0.3,7,0,Tyler Res Inc,0,0,0
20061221,66180,TYRRF',OTC,0.31,0.31,54,0,Tyler Res Inc,0,0,0
20061222,66180,TYRRF',OTC,0.32,0.32,195,0,Tyler Res Inc,0,0,0
20061226,66180,TYRRF',OTC,0.32,0.32,0,0,Tyler Res Inc,0,0,0
20061227,66180,TYRRF',OTC,0.32,0.32,0,0,Tyler Res Inc,0,0,0
20061228,66180,TYRRF',OTC,0.3,0.3,71,0,Tyler Res Inc,0,0,0
20061229,66180,TYRRF',OTC,0.46,0.46,132,0,Tyler Res Inc,0,0,0
20070103,66180,TYRRF',OTC,0.4,0.4,75,0,Tyler Res Inc,0,0,0
20070104,66180,TYRRF',OTC,0.4,0.4,0,0,Tyler Res Inc,0,0,0
20070105,66180,TYRRF',OTC,0.37,0.37,709,0,Tyler Res Inc,0,0,0
20070108,66180,TYRRF',OTC,0.37,0.37,0,0,Tyler Res Inc,0,0,0
20070109,66180,TYRRF',OTC,0.37,0.37,0,0,Tyler Res Inc,0,0,0
20070110,66180,TYRRF',OTC,0.37,0.37,0,0,Tyler Res Inc,0,0,0
20070111,66180,TYRRF',OTC,0.37,0.37,0,0,Tyler Res Inc,0,0,0
20070112,66180,TYRRF',OTC,0.37,0.37,0,0,Tyler Res Inc,0,0,0
20070116,66180,TYRRF',OTC,0.37,0.37,0,0,Tyler Res Inc,0,0,0
20070117,66180,TYRRF',OTC,0.37,0.37,0,0,Tyler Res Inc,0,0,0
20070118,66180,TYRRF',OTC,0.37,0.37,0,0,Tyler Res Inc,0,0,0
20070119,66180,TYRRF',OTC,0.37,0.37,0,0,Tyler Res Inc,0,0,0
20070122,66180,TYRRF',OTC,0.37,0.37,200,0,Tyler Res Inc,0,0,0
20070123,66180,TYRRF',OTC,0.37,0.37,0,0,Tyler Res Inc,0,0,0
20070124,66180,TYRRF',OTC,0.37,0.37,0,0,Tyler Res Inc,0,0,0
20070125,66180,TYRRF',OTC,0.37,0.37,0,0,Tyler Res Inc,0,0,0
20070126,66180,TYRRF',OTC,0.3,0.3,367,0,Tyler Res Inc,0,0,0
20070129,66180,TYRRF',OTC,0.3,0.3,0,0,Tyler Res Inc,0,0,0
20070130,66180,TYRRF',OTC,0.31,0.31,125,0,Tyler Res Inc,0,0,0
20070131,66180,TYRRF',OTC,0.37,0.37,8,0,Tyler Res Inc,0,0,0
20070201,66180,TYRRF',OTC,0.38,0.38,475,0,Tyler Res Inc,0,0,0
20070202,66180,TYRRF',OTC,0.38,0.38,0,0,Tyler Res Inc,0,0,0
20070205,66180,TYRRF',OTC,0.3,0.3,38,0,Tyler Res Inc,0,0,0
20070206,66180,TYRRF',OTC,0.51,0.51,2803,0,Tyler Res Inc,0,0,0
20070207,66180,TYRRF',OTC,0.51,0.51,0,0,Tyler Res Inc,0,0,0
20070208,66180,TYRRF',OTC,0.51,0.51,0,0,Tyler Res Inc,0,0,0
20070209,66180,TYRRF',OTC,0.51,0.51,0,0,Tyler Res Inc,0,0,0
20070212,66180,TYRRF',OTC,0.45,0.45,159,0,Tyler Res Inc,0,0,0
20070213,66180,TYRRF',OTC,0.45,0.45,0,0,Tyler Res Inc,0,0,0
20070214,66180,TYRRF',OTC,0.45,0.45,0,0,Tyler Res Inc,0,0,0
20070215,66180,TYRRF',OTC,0.45,0.45,0,0,Tyler Res Inc,0,0,0
20070216,66180,TYRRF',OTC,0.45,0.45,0,0,Tyler Res Inc,0,0,0
20070220,66180,TYRRF',OTC,0.45,0.45,0,0,Tyler Res Inc,0,0,0
20070221,66180,TYRRF',OTC,0.49,0.49,1038,0,Tyler Res Inc,0,0,0
20070222,66180,TYRRF',OTC,0.48,0.48,490,0,Tyler Res Inc,0,0,0
20070223,66180,TYRRF',OTC,0.56,0.56,530,0,Tyler Res Inc,0,0,0
20070226,66180,TYRRF',OTC,0.56,0.56,245,0,Tyler Res Inc,0,0,0
20070227,66180,TYRRF',OTC,0.49,0.49,193,0,Tyler Res Inc,0,0,0
20070228,66180,TYRRF',OTC,0.51,0.51,168,0,Tyler Res Inc,0,0,0
20070301,66180,TYRRF',OTC,0.5,0.5,10,0,Tyler Res Inc,0,0,0
20070302,66180,TYRRF',OTC,0.48,0.48,765,0,Tyler Res Inc,0,0,0
20070305,66180,TYRRF',OTC,0.47,0.47,729,0,Tyler Res Inc,0,0,0
20070306,66180,TYRRF',OTC,0.48,0.48,40,0,Tyler Res Inc,0,0,0
20070307,66180,TYRRF',OTC,0.45,0.45,200,0,Tyler Res Inc,0,0,0
20070308,66180,TYRRF',OTC,0.47,0.47,20,0,Tyler Res Inc,0,0,0
20070309,66180,TYRRF',OTC,0.51,0.51,1979,0,Tyler Res Inc,0,0,0
20070312,66180,TYRRF',OTC,0.53,0.53,1020,0,Tyler Res Inc,0,0,0
20070313,66180,TYRRF',OTC,0.52,0.52,1130,0,Tyler Res Inc,0,0,0
20070314,66180,TYRRF',OTC,0.5,0.5,190,0,Tyler Res Inc,0,0,0
20070315,66180,TYRRF',OTC,0.5,0.5,300,0,Tyler Res Inc,0,0,0
20070316,66180,TYRRF',OTC,0.5,0.5,0,0,Tyler Res Inc,0,0,0
20070319,66180,TYRRF',OTC,0.53,0.53,3,0,Tyler Res Inc,0,0,0
20070320,66180,TYRRF',OTC,0.53,0.53,40,0,Tyler Res Inc,0,0,0
20070321,66180,TYRRF',OTC,0.53,0.53,0,0,Tyler Res Inc,0,0,0
20070322,66180,TYRRF',OTC,0.53,0.53,0,0,Tyler Res Inc,0,0,0
20070323,66180,TYRRF',OTC,0.53,0.53,0,0,Tyler Res Inc,0,0,0
20070326,66180,TYRRF',OTC,0.53,0.53,0,0,Tyler Res Inc,0,0,0
20070327,66180,TYRRF',OTC,0.51,0.51,179,0,Tyler Res Inc,0,0,0
20070328,66180,TYRRF',OTC,0.51,0.51,200,0,Tyler Res Inc,0,0,0
20070329,66180,TYRRF',OTC,0.53,0.53,60,0,Tyler Res Inc,0,0,0
20070330,66180,TYRRF',OTC,0.53,0.53,0,0,Tyler Res Inc,0,0,0
20070402,66180,TYRRF',OTC,0.51,0.51,3,0,Tyler Res Inc,0,0,0
20070403,66180,TYRRF',OTC,0.51,0.51,200,0,Tyler Res Inc,0,0,0
20070404,66180,TYRRF',OTC,0.48,0.48,75,0,Tyler Res Inc,0,0,0
20070405,66180,TYRRF',OTC,0.49,0.49,40,0,Tyler Res Inc,0,0,0
20070409,66180,TYRRF',OTC,0.49,0.49,0,0,Tyler Res Inc,0,0,0
20070410,66180,TYRRF',OTC,0.49,0.49,0,0,Tyler Res Inc,0,0,0
20070411,66180,TYRRF',OTC,0.46,0.46,332,0,Tyler Res Inc,0,0,0
20070412,66180,TYRRF',OTC,0.46,0.46,0,0,Tyler Res Inc,0,0,0
20070413,66180,TYRRF',OTC,0.45,0.45,10,0,Tyler Res Inc,0,0,0
20070416,66180,TYRRF',OTC,0.47,0.47,105,0,Tyler Res Inc,0,0,0
20070417,66180,TYRRF',OTC,0.47,0.47,0,0,Tyler Res Inc,0,0,0
20070418,66180,TYRRF',OTC,0.46,0.46,19,0,Tyler Res Inc,0,0,0
20070419,66180,TYRRF',OTC,0.45,0.45,10,0,Tyler Res Inc,0,0,0
20070420,66180,TYRRF',OTC,0.45,0.45,0,0,Tyler Res Inc,0,0,0
20070423,66180,TYRRF',OTC,0.49,0.49,344,0,Tyler Res Inc,0,0,0
20070424,66180,TYRRF',OTC,0.48,0.48,40,0,Tyler Res Inc,0,0,0
20070425,66180,TYRRF',OTC,0.5,0.5,120,0,Tyler Res Inc,0,0,0
20070426,66180,TYRRF',OTC,0.41,0.41,49,0,Tyler Res Inc,0,0,0
20070427,66180,TYRRF',OTC,0.5,0.5,257,0,Tyler Res Inc,0,0,0
20070430,66180,TYRRF',OTC,0.52,0.52,360,0,Tyler Res Inc,0,0,0
20070501,66180,TYRRF',OTC,0.51,0.51,25,0,Tyler Res Inc,0,0,0
20070502,66180,TYRRF',OTC,0.51,0.51,0,0,Tyler Res Inc,0,0,0
20070503,66180,TYRRF',OTC,0.51,0.51,0,0,Tyler Res Inc,0,0,0
20070504,66180,TYRRF',OTC,0.45,0.45,84,0,Tyler Res Inc,0,0,0
20070507,66180,TYRRF',OTC,0.48,0.48,50,0,Tyler Res Inc,0,0,0
20070508,66180,TYRRF',OTC,0.45,0.45,27,0,Tyler Res Inc,0,0,0
20070509,66180,TYRRF',OTC,0.5,0.5,2,0,Tyler Res Inc,0,0,0
20070510,66180,TYRRF',OTC,0.5,0.5,115,0,Tyler Res Inc,0,0,0
20070511,66180,TYRRF',OTC,0.47,0.47,60,0,Tyler Res Inc,0,0,0
20070514,66180,TYRRF',OTC,0.51,0.51,945,0,Tyler Res Inc,0,0,0
20070515,66180,TYRRF',OTC,0.51,0.51,0,0,Tyler Res Inc,0,0,0
20070516,66180,TYRRF',OTC,0.51,0.51,0,0,Tyler Res Inc,0,0,0
20070517,66180,TYRRF',OTC,0.51,0.51,0,0,Tyler Res Inc,0,0,0
20070518,66180,TYRRF',OTC,0.51,0.51,0,0,Tyler Res Inc,0,0,0
20070521,66180,TYRRF',OTC,0.51,0.51,0,0,Tyler Res Inc,0,0,0
20070522,66180,TYRRF',OTC,0.51,0.51,0,0,Tyler Res Inc,0,0,0
20070523,66180,TYRRF',OTC,0.4,0.4,14,0,Tyler Res Inc,0,0,0
20070524,66180,TYRRF',OTC,0.79,0.79,5663,0,Tyler Res Inc,0,0,0
20070525,66180,TYRRF',OTC,0.9,0.9,4714,0,Tyler Res Inc,0,0,0
20070529,66180,TYRRF',OTC,0.89,0.89,1051,0,Tyler Res Inc,0,0,0
20070530,66180,TYRRF',OTC,0.77,0.77,501,0,Tyler Res Inc,0,0,0
20070531,66180,TYRRF',OTC,0.9,0.9,1215,0,Tyler Res Inc,0,0,0
20070601,66180,TYRRF',OTC,0.86,0.86,901,0,Tyler Res Inc,0,0,0
20070604,66180,TYRRF',OTC,0.84,0.84,404,0,Tyler Res Inc,0,0,0
20070605,66180,TYRRF',OTC,0.79,0.79,44,0,Tyler Res Inc,0,0,0
20070606,66180,TYRRF',OTC,0.86,0.86,1311,0,Tyler Res Inc,0,0,0
20070607,66180,TYRRF',OTC,0.84,0.84,80,0,Tyler Res Inc,0,0,0
20070608,66180,TYRRF',OTC,0.82,0.82,235,0,Tyler Res Inc,0,0,0
20070611,66180,TYRRF',OTC,0.81,0.81,240,0,Tyler Res Inc,0,0,0
20070612,66180,TYRRF',OTC,0.89,0.89,11,0,Tyler Res Inc,0,0,0
20070613,66180,TYRRF',OTC,0.76,0.76,1403,0,Tyler Res Inc,0,0,0
20070614,66180,TYRRF',OTC,0.76,0.76,211,0,Tyler Res Inc,0,0,0
20070615,66180,TYRRF',OTC,0.75,0.75,265,0,Tyler Res Inc,0,0,0
20070618,66180,TYRRF',OTC,0.75,0.75,100,0,Tyler Res Inc,0,0,0
20070619,66180,TYRRF',OTC,0.73,0.73,650,0,Tyler Res Inc,0,0,0
20070620,66180,TYRRF',OTC,0.69,0.69,800,0,Tyler Res Inc,0,0,0
20070621,66180,TYRRF',OTC,0.69,0.69,0,0,Tyler Res Inc,0,0,0
20070622,66180,TYRRF',OTC,0.66,0.66,30,0,Tyler Res Inc,0,0,0
20070625,66180,TYRRF',OTC,0.68,0.68,141,0,Tyler Res Inc,0,0,0
20070626,66180,TYRRF',OTC,0.68,0.68,433,0,Tyler Res Inc,0,0,0
20070627,66180,TYRRF',OTC,0.64,0.64,485,0,Tyler Res Inc,0,0,0
20070628,66180,TYRRF',OTC,0.66,0.66,142,0,Tyler Res Inc,0,0,0
20070629,66180,TYRRF',OTC,0.68,0.68,24,0,Tyler Res Inc,0,0,0
20070702,66180,TYRRF',OTC,0.63,0.63,3,0,Tyler Res Inc,0,0,0
20070703,66180,TYRRF',OTC,0.71,0.71,107,0,Tyler Res Inc,0,0,0
20070705,66180,TYRRF',OTC,0.84,0.84,480,0,Tyler Res Inc,0,0,0
20070706,66180,TYRRF',OTC,0.73,0.73,159,0,Tyler Res Inc,0,0,0
20070709,66180,TYRRF',OTC,0.73,0.73,0,0,Tyler Res Inc,0,0,0
20070710,66180,TYRRF',OTC,0.68,0.68,38,0,Tyler Res Inc,0,0,0
20070711,66180,TYRRF',OTC,0.69,0.69,45,0,Tyler Res Inc,0,0,0
20070712,66180,TYRRF',OTC,0.69,0.69,20,0,Tyler Res Inc,0,0,0
20070713,66180,TYRRF',OTC,0.69,0.69,5,0,Tyler Res Inc,0,0,0
20070716,66180,TYRRF',OTC,0.69,0.69,0,0,Tyler Res Inc,0,0,0
20070717,66180,TYRRF',OTC,0.69,0.69,0,0,Tyler Res Inc,0,0,0
20070718,66180,TYRRF',OTC,0.69,0.69,0,0,Tyler Res Inc,0,0,0
20070719,66180,TYRRF',OTC,0.69,0.69,0,0,Tyler Res Inc,0,0,0
20070720,66180,TYRRF',OTC,0.66,0.66,37,0,Tyler Res Inc,0,0,0
20070723,66180,TYRRF',OTC,0.69,0.69,158,0,Tyler Res Inc,0,0,0
20070724,66180,TYRRF',OTC,0.7,0.7,447,0,Tyler Res Inc,0,0,0
20070725,66180,TYRRF',OTC,0.7,0.7,100,0,Tyler Res Inc,0,0,0
20070726,66180,TYRRF',OTC,0.61,0.61,509,0,Tyler Res Inc,0,0,0
20070727,66180,TYRRF',OTC,0.59,0.59,96,0,Tyler Res Inc,0,0,0
20070730,66180,TYRRF',OTC,0.57,0.57,80,0,Tyler Res Inc,0,0,0
20070731,66180,TYRRF',OTC,0.57,0.57,0,0,Tyler Res Inc,0,0,0
20070801,66180,TYRRF',OTC,0.57,0.57,100,0,Tyler Res Inc,0,0,0
20070802,66180,TYRRF',OTC,0.61,0.61,170,0,Tyler Res Inc,0,0,0
20070803,66180,TYRRF',OTC,0.57,0.57,20,0,Tyler Res Inc,0,0,0
20070806,66180,TYRRF',OTC,0.57,0.57,14,0,Tyler Res Inc,0,0,0
20070807,66180,TYRRF',OTC,0.56,0.56,50,0,Tyler Res Inc,0,0,0
20070808,66180,TYRRF',OTC,0.56,0.56,0,0,Tyler Res Inc,0,0,0
20070809,66180,TYRRF',OTC,0.51,0.51,313,0,Tyler Res Inc,0,0,0
20070810,66180,TYRRF',OTC,0.51,0.51,0,0,Tyler Res Inc,0,0,0
20070813,66180,TYRRF',OTC,0.54,0.54,45,0,Tyler Res Inc,0,0,0
20070814,66180,TYRRF',OTC,0.53,0.53,85,0,Tyler Res Inc,0,0,0
20070815,66180,TYRRF',OTC,0.53,0.53,30,0,Tyler Res Inc,0,0,0
20070816,66180,TYRRF',OTC,0.4,0.4,192,0,Tyler Res Inc,0,0,0
20070817,66180,TYRRF',OTC,0.4,0.4,0,0,Tyler Res Inc,0,0,0
20070820,66180,TYRRF',OTC,0.45,0.45,475,0,Tyler Res Inc,0,0,0
20070821,66180,TYRRF',OTC,0.49,0.49,155,0,Tyler Res Inc,0,0,0
20070822,66180,TYRRF',OTC,0.52,0.52,25,0,Tyler Res Inc,0,0,0
20070823,66180,TYRRF',OTC,0.52,0.52,25,0,Tyler Res Inc,0,0,0
20070824,66180,TYRRF',OTC,0.52,0.52,0,0,Tyler Res Inc,0,0,0
20070827,66180,TYRRF',OTC,0.53,0.53,195,0,Tyler Res Inc,0,0,0
20070828,66180,TYRRF',OTC,0.53,0.53,469,0,Tyler Res Inc,0,0,0
20070829,66180,TYRRF',OTC,0.65,0.65,430,0,Tyler Res Inc,0,0,0
20070830,66180,TYRRF',OTC,0.53,0.53,275,0,Tyler Res Inc,0,0,0
20070831,66180,TYRRF',OTC,0.57,0.57,200,0,Tyler Res Inc,0,0,0
20070904,66180,TYRRF',OTC,0.56,0.56,10,0,Tyler Res Inc,0,0,0
20070905,66180,TYRRF',OTC,0.62,0.62,139,0,Tyler Res Inc,0,0,0
20070906,66180,TYRRF',OTC,0.63,0.63,240,0,Tyler Res Inc,0,0,0
20070907,66180,TYRRF',OTC,0.66,0.66,125,0,Tyler Res Inc,0,0,0
20070910,66180,TYRRF',OTC,0.66,0.66,0,0,Tyler Res Inc,0,0,0
20070911,66180,TYRRF',OTC,0.66,0.66,865,0,Tyler Res Inc,0,0,0
20070912,66180,TYRRF',OTC,0.62,0.62,8,0,Tyler Res Inc,0,0,0
20070913,66180,TYRRF',OTC,0.67,0.67,407,0,Tyler Res Inc,0,0,0
20070914,66180,TYRRF',OTC,0.61,0.61,187,0,Tyler Res Inc,0,0,0
20070917,66180,TYRRF',OTC,0.69,0.69,80,0,Tyler Res Inc,0,0,0
20070918,66180,TYRRF',OTC,0.66,0.66,67,0,Tyler Res Inc,0,0,0
20070919,66180,TYRRF',OTC,0.71,0.71,357,0,Tyler Res Inc,0,0,0
20070920,66180,TYRRF',OTC,0.68,0.68,631,0,Tyler Res Inc,0,0,0
20070921,66180,TYRRF',OTC,0.65,0.65,120,0,Tyler Res Inc,0,0,0
20070924,66180,TYRRF',OTC,0.69,0.69,410,0,Tyler Res Inc,0,0,0
20070925,66180,TYRRF',OTC,0.65,0.65,155,0,Tyler Res Inc,0,0,0
20070926,66180,TYRRF',OTC,0.65,0.65,0,0,Tyler Res Inc,0,0,0
20070927,66180,TYRRF',OTC,0.78,0.78,255,0,Tyler Res Inc,0,0,0
20070928,66180,TYRRF',OTC,0.78,0.78,310,0,Tyler Res Inc,0,0,0
20071001,66180,TYRRF',OTC,0.75,0.75,200,0,Tyler Res Inc,0,0,0
20071002,66180,TYRRF',OTC,0.7,0.7,20,0,Tyler Res Inc,0,0,0
20071003,66180,TYRRF',OTC,0.7,0.7,0,0,Tyler Res Inc,0,0,0
20071004,66180,TYRRF',OTC,0.69,0.69,50,0,Tyler Res Inc,0,0,0
20071005,66180,TYRRF',OTC,0.69,0.69,0,0,Tyler Res Inc,0,0,0
20071008,66180,TYRRF',OTC,0.69,0.69,0,0,Tyler Res Inc,0,0,0
20071009,66180,TYRRF',OTC,0.76,0.76,655,0,Tyler Res Inc,0,0,0
20071010,66180,TYRRF',OTC,0.84,0.84,70,0,Tyler Res Inc,0,0,0
20071011,66180,TYRRF',OTC,0.82,0.82,280,0,Tyler Res Inc,0,0,0
20071012,66180,TYRRF',OTC,0.75,0.75,66,0,Tyler Res Inc,0,0,0
20071015,66180,TYRRF',OTC,0.77,0.77,1200,0,Tyler Res Inc,0,0,0
20071016,66180,TYRRF',OTC,0.75,0.75,20,0,Tyler Res Inc,0,0,0
20071017,66180,TYRRF',OTC,0.78,0.78,30,0,Tyler Res Inc,0,0,0
20071018,66180,TYRRF',OTC,0.69,0.69,314,0,Tyler Res Inc,0,0,0
20071019,66180,TYRRF',OTC,0.8,0.8,422,0,Tyler Res Inc,0,0,0
20071022,66180,TYRRF',OTC,1.03,1.03,1554,0,Tyler Res Inc,0,0,0
20071023,66180,TYRRF',OTC,1.14,1.14,884,0,Tyler Res Inc,0,0,0
20071024,66180,TYRRF',OTC,1.11,1.11,483,0,Tyler Res Inc,0,0,0
20071025,66180,TYRRF',OTC,1.05,1.05,2076,0,Tyler Res Inc,0,0,0
20071026,66180,TYRRF',OTC,1.14,1.14,49,0,Tyler Res Inc,0,0,0
20071029,66180,TYRRF',OTC,1.12,1.12,77,0,Tyler Res Inc,0,0,0
20071030,66180,TYRRF',OTC,1.23,1.23,118,0,Tyler Res Inc,0,0,0
20071031,66180,TYRRF',OTC,1.23,1.23,205,0,Tyler Res Inc,0,0,0
20071101,66180,TYRRF',OTC,1.23,1.23,0,0,Tyler Res Inc,0,0,0
20071102,66180,TYRRF',OTC,1.23,1.23,0,0,Tyler Res Inc,0,0,0
20071105,66180,TYRRF',OTC,1.23,1.23,0,0,Tyler Res Inc,0,0,0
20071106,66180,TYRRF',OTC,1.3,1.3,30,0,Tyler Res Inc,0,0,0
20071107,66180,TYRRF',OTC,1.2,1.2,24,0,Tyler Res Inc,0,0,0
20071108,66180,TYRRF',OTC,1.23,1.23,85,0,Tyler Res Inc,0,0,0
20071109,66180,TYRRF',OTC,1.23,1.23,0,0,Tyler Res Inc,0,0,0
20071112,66180,TYRRF',OTC,1.23,1.23,0,0,Tyler Res Inc,0,0,0
20071113,66180,TYRRF',OTC,1.2,1.2,50,0,Tyler Res Inc,0,0,0
20071114,66180,TYRRF',OTC,1.23,1.23,255,0,Tyler Res Inc,0,0,0
20071115,66180,TYRRF',OTC,1.18,1.18,119,0,Tyler Res Inc,0,0,0
20071116,66180,TYRRF',OTC,1.17,1.17,152,0,Tyler Res Inc,0,0,0
20071119,66180,TYRRF',OTC,1.14,1.14,299,0,Tyler Res Inc,0,0,0
20071120,66180,TYRRF',OTC,1.12,1.12,1173,0,Tyler Res Inc,0,0,0
20071121,66180,TYRRF',OTC,0.99,0.99,143,0,Tyler Res Inc,0,0,0
20071123,66180,TYRRF',OTC,1.05,1.05,35,0,Tyler Res Inc,0,0,0
20071126,66180,TYRRF',OTC,0.99,0.99,202,0,Tyler Res Inc,0,0,0
20071127,66180,TYRRF',OTC,0.98,0.98,200,0,Tyler Res Inc,0,0,0
20071128,66180,TYRRF',OTC,0.98,0.98,135,0,Tyler Res Inc,0,0,0
20071129,66180,TYRRF',OTC,0.96,0.96,267,0,Tyler Res Inc,0,0,0
20071130,66180,TYRRF',OTC,0.98,0.98,172,0,Tyler Res Inc,0,0,0
20071203,66180,TYRRF',OTC,1,1,1102,0,Tyler Res Inc,0,0,0
20071204,66180,TYRRF',OTC,0.94,0.94,45,0,Tyler Res Inc,0,0,0
20071205,66180,TYRRF',OTC,0.94,0.94,40,0,Tyler Res Inc,0,0,0
20071206,66180,TYRRF',OTC,0.94,0.94,0,0,Tyler Res Inc,0,0,0
20071207,66180,TYRRF',OTC,0.94,0.94,87,0,Tyler Res Inc,0,0,0
20071210,66180,TYRRF',OTC,0.94,0.94,0,0,Tyler Res Inc,0,0,0
20071211,66180,TYRRF',OTC,0.94,0.94,0,0,Tyler Res Inc,0,0,0
20071212,66180,TYRRF',OTC,0.96,0.96,61,0,Tyler Res Inc,0,0,0
20071213,66180,TYRRF',OTC,0.89,0.89,593,0,Tyler Res Inc,0,0,0
20071214,66180,TYRRF',OTC,0.97,0.97,503,0,Tyler Res Inc,0,0,0
20071217,66180,TYRRF',OTC,0.93,0.93,1112,0,Tyler Res Inc,0,0,0
20071218,66180,TYRRF',OTC,0.9,0.9,25,0,Tyler Res Inc,0,0,0
20071219,66180,TYRRF',OTC,0.91,0.91,20,0,Tyler Res Inc,0,0,0
20071220,66180,TYRRF',OTC,0.91,0.91,290,0,Tyler Res Inc,0,0,0
20071221,66180,TYRRF',OTC,0.95,0.95,67,0,Tyler Res Inc,0,0,0
20071224,66180,TYRRF',OTC,0.99,0.99,658,0,Tyler Res Inc,0,0,0
20071226,66180,TYRRF',OTC,0.75,0.75,54,0,Tyler Res Inc,0,0,0
20071227,66180,TYRRF',OTC,1.03,1.03,183,0,Tyler Res Inc,0,0,0
20071228,66180,TYRRF',OTC,1.03,1.03,0,0,Tyler Res Inc,0,0,0
20071231,66180,TYRRF',OTC,1.03,1.03,0,0,Tyler Res Inc,0,0,0
20080102,66180,TYRRF',OTC,0.99,0.99,2310,0,Tyler Res Inc,0,0,0
20080103,66180,TYRRF',OTC,1.01,1.01,146,0,Tyler Res Inc,0,0,0
20080104,66180,TYRRF',OTC,1.01,1.01,40,0,Tyler Res Inc,0,0,0
20080107,66180,TYRRF',OTC,1.52,1.52,7585,0,Tyler Res Inc,0,0,0
20080108,66180,TYRRF',OTC,1.54,1.54,2349,0,Tyler Res Inc,0,0,0
20080109,66180,TYRRF',OTC,1.54,1.54,210,0,Tyler Res Inc,0,0,0
20080110,66180,TYRRF',OTC,1.54,1.54,100,0,Tyler Res Inc,0,0,0
20080111,66180,TYRRF',OTC,1.52,1.52,1292,0,Tyler Res Inc,0,0,0
20080114,66180,TYRRF',OTC,1.51,1.51,2506,0,Tyler Res Inc,0,0,0
20080115,66180,TYRRF',OTC,1.53,1.53,10,0,Tyler Res Inc,0,0,0
20080116,66180,TYRRF',OTC,1.5,1.5,20,0,Tyler Res Inc,0,0,0
20080117,66180,TYRRF',OTC,1.51,1.51,280,0,Tyler Res Inc,0,0,0
20080118,66180,TYRRF',OTC,1.51,1.51,0,0,Tyler Res Inc,0,0,0
20080122,66180,TYRRF',OTC,1.47,1.47,780,0,Tyler Res Inc,0,0,0
20080123,66180,TYRRF',OTC,1.47,1.47,200,0,Tyler Res Inc,0,0,0
20080124,66180,TYRRF',OTC,1.51,1.51,9,0,Tyler Res Inc,0,0,0
20080125,66180,TYRRF',OTC,1.51,1.51,111,0,Tyler Res Inc,0,0,0
20080128,66180,TYRRF',OTC,1.51,1.51,1025,0,Tyler Res Inc,0,0,0
20080129,66180,TYRRF',OTC,1.52,1.52,154,0,Tyler Res Inc,0,0,0
20080130,66180,TYRRF',OTC,1.52,1.52,0,0,Tyler Res Inc,0,0,0
20080131,66180,TYRRF',OTC,1.54,1.54,20,0,Tyler Res Inc,0,0,0
20080201,66180,TYRRF',OTC,1.54,1.54,150,0,Tyler Res Inc,0,0,0
20080204,66180,TYRRF',OTC,1.54,1.54,0,0,Tyler Res Inc,0,0,0
20080205,66180,TYRRF',OTC,1.54,1.54,0,0,Tyler Res Inc,0,0,0
20080206,66180,TYRRF',OTC,1.55,1.55,3,0,Tyler Res Inc,0,0,0
20080207,66180,TYRRF',OTC,1.53,1.53,7,0,Tyler Res Inc,0,0,0
20080208,66180,TYRRF',OTC,1.56,1.56,220,0,Tyler Res Inc,0,0,0
20080211,66180,TYRRF',OTC,1.56,1.56,167,0,Tyler Res Inc,0,0,0
20080212,66180,TYRRF',OTC,1.55,1.55,9,0,Tyler Res Inc,0,0,0
20080213,66180,TYRRF',OTC,1.55,1.55,0,0,Tyler Res Inc,0,0,0
20080214,66180,TYRRF',OTC,1.55,1.55,0,0,Tyler Res Inc,0,0,0
20080215,66180,TYRRF',OTC,1.55,1.55,5,0,Tyler Res Inc,0,0,0
20080219,66180,TYRRF',OTC,1.55,1.55,96,0,Tyler Res Inc,0,0,0
20080220,66180,TYRRF',OTC,1.55,1.55,145,0,Tyler Res Inc,0,0,0
20080221,66180,TYRRF',OTC,1.55,1.55,0,0,Tyler Res Inc,0,0,0
20080222,66180,TYRRF',OTC,1.56,1.56,70,0,Tyler Res Inc,0,0,0
20080225,66180,TYRRF',OTC,1.57,1.57,7,0,Tyler Res Inc,0,0,0
20080226,66180,TYRRF',OTC,1.6,1.6,37,0,Tyler Res Inc,0,0,0
20080227,66180,TYRRF',OTC,1.6,1.6,40,0,Tyler Res Inc,0,0,0
20080228,66180,TYRRF',OTC,1.61,1.61,16,0,Tyler Res Inc,0,0,0
20080229,66180,TYRRF',OTC,1.61,1.61,401,0,Tyler Res Inc,0,0,0
20080303,66180,TYRRF',OTC,1.59,1.59,7,0,Tyler Res Inc,0,0,0
20080304,66180,TYRRF',OTC,1.59,1.59,0,0,Tyler Res Inc,0,0,0
20080305,66180,TYRRF',OTC,1.6,1.6,50,0,Tyler Res Inc,0,0,0
20080306,66180,TYRRF',OTC,1.61,1.61,200,0,Tyler Res Inc,0,0,0
20080307,66180,TYRRF',OTC,1.61,1.61,132,0,Tyler Res Inc,0,0,0
20080310,66180,TYRRF',OTC,1.61,1.61,0,0,Tyler Res Inc,0,0,0
20080311,66180,TYRRF',OTC,1.58,1.58,200,0,Tyler Res Inc,0,0,0
20080312,66180,TYRRF',OTC,1.58,1.58,0,0,Tyler Res Inc,0,0,0
20080313,66180,TYRRF',OTC,1.58,1.58,0,0,Tyler Res Inc,0,0,0
20080314,66180,TYRRF',OTC,1.58,1.58,0,0,Tyler Res Inc,0,0,0
20080317,66180,TYRRF',OTC,1.58,1.58,0,0,Tyler Res Inc,0,0,0
20080318,66180,TYRRF',OTC,1.57,1.57,7,0,Tyler Res Inc,0,0,0
20080319,66180,TYRRF',OTC,1.57,1.57,2,0,Tyler Res Inc,0,0,0
20080320,66180,TYRRF',OTC,1.57,1.57,0,0,Tyler Res Inc,0,0,0
20080324,66180,TYRRF',OTC,1.55,1.55,69,0,Tyler Res Inc,0,0,0
20080325,66180,TYRRF',OTC,1.55,1.55,0,0,Tyler Res Inc,0,0,0
20080326,66180,TYRRF',OTC,1.42,1.42,20,0,Tyler Res Inc,0,0,0
20080327,66180,TYRRF',OTC,1.43,1.43,18,0,Tyler Res Inc,0,0,0
20080328,66180,TYRRF',OTC,1.42,1.42,30,0,Tyler Res Inc,0,0,0
20080331,66180,TYRRF',OTC,1.42,1.42,25,0,Tyler Res Inc,0,0,0
