DDate,CSINumber,Symbol,Exchange,DClose,UnAdjustedClose,TotalVolume,Cash,MarketName,PTB,PSR,DPS
20060307,68515,COGC',OTC,0.47,0.47,784,0,Californa Oil&Gas,0,0,0
20060308,68515,COGC',OTC,0.55,0.55,2069,0,Californa Oil&Gas,0,0,0
20060309,68515,COGC',OTC,0.49,0.49,4752,0,Californa Oil&Gas,0,0,0
20060310,68515,COGC',OTC,0.6,0.6,82737,0,Californa Oil&Gas,0,0,0
20060313,68515,COGC',OTC,0.65,0.65,3070,0,Californa Oil&Gas,0,0,0
20060314,68515,COGC',OTC,0.7,0.7,778,0,Californa Oil&Gas,0,0,0
20060315,68515,COGC',OTC,0.63,0.63,830,0,Californa Oil&Gas,0,0,0
20060316,68515,COGC',OTC,0.65,0.65,283,0,Californa Oil&Gas,0,0,0
20060317,68515,COGC',OTC,0.64,0.64,720,0,Californa Oil&Gas,0,0,0
20060320,68515,COGC',OTC,0.61,0.61,69,0,Californa Oil&Gas,0,0,0
20060321,68515,COGC',OTC,0.63,0.63,241,0,Californa Oil&Gas,0,0,0
20060322,68515,COGC',OTC,0.63,0.63,335,0,Californa Oil&Gas,0,0,0
20060323,68515,COGC',OTC,0.63,0.63,2,0,Californa Oil&Gas,0,0,0
20060324,68515,COGC',OTC,0.63,0.63,7,0,Californa Oil&Gas,0,0,0
20060327,68515,COGC',OTC,0.68,0.68,2678,0,Californa Oil&Gas,0,0,0
20060328,68515,COGC',OTC,0.65,0.65,1725,0,Californa Oil&Gas,0,0,0
20060329,68515,COGC',OTC,0.7,0.7,1374,0,Californa Oil&Gas,0,0,0
20060330,68515,COGC',OTC,0.74,0.74,1840,0,Californa Oil&Gas,0,0,0
20060331,68515,COGC',OTC,0.75,0.75,1400,0,Californa Oil&Gas,0,0,0
20060403,68515,COGC',OTC,0.81,0.81,4924,0,Californa Oil&Gas,0,0,0
20060404,68515,COGC',OTC,0.86,0.86,6720,0,Californa Oil&Gas,0,0,0
20060405,68515,COGC',OTC,0.91,0.91,2679,0,Californa Oil&Gas,0,0,0
20060406,68515,COGC',OTC,0.94,0.94,4407,0,Californa Oil&Gas,0,0,0
20060407,68515,COGC',OTC,0.91,0.91,928,0,Californa Oil&Gas,0,0,0
20060410,68515,COGC',OTC,0.89,0.89,1255,0,Californa Oil&Gas,0,0,0
20060411,68515,COGC',OTC,0.81,0.81,1135,0,Californa Oil&Gas,0,0,0
20060412,68515,COGC',OTC,0.9,0.9,885,0,Californa Oil&Gas,0,0,0
20060413,68515,COGC',OTC,1.03,1.03,9938,0,Californa Oil&Gas,0,0,0
20060417,68515,COGC',OTC,1,1,1271,0,Californa Oil&Gas,0,0,0
20060418,68515,COGC',OTC,1.04,1.04,4180,0,Californa Oil&Gas,0,0,0
20060419,68515,COGC',OTC,1.05,1.05,2455,0,Californa Oil&Gas,0,0,0
20060420,68515,COGC',OTC,1.58,1.58,10009,0,Californa Oil&Gas,0,0,0
20060421,68515,COGC',OTC,1.75,1.75,17822,0,Californa Oil&Gas,0,0,0
20060424,68515,COGC',OTC,1.73,1.73,10419,0,Californa Oil&Gas,0,0,0
20060425,68515,COGC',OTC,1.7,1.7,7302,0,Californa Oil&Gas,0,0,0
20060426,68515,COGC',OTC,1.9,1.9,5743,0,Californa Oil&Gas,0,0,0
20060427,68515,COGC',OTC,1.93,1.93,6739,0,Californa Oil&Gas,0,0,0
20060428,68515,COGC',OTC,1.86,1.86,3977,0,Californa Oil&Gas,0,0,0
20060501,68515,COGC',OTC,1.8,1.8,2148,0,Californa Oil&Gas,0,0,0
20060502,68515,COGC',OTC,1.71,1.71,1490,0,Californa Oil&Gas,0,0,0
20060503,68515,COGC',OTC,1.55,1.55,1745,0,Californa Oil&Gas,0,0,0
20060504,68515,COGC',OTC,1.44,1.44,1860,0,Californa Oil&Gas,0,0,0
20060505,68515,COGC',OTC,1.38,1.38,898,0,Californa Oil&Gas,0,0,0
20060508,68515,COGC',OTC,1.35,1.35,557,0,Californa Oil&Gas,0,0,0
20060509,68515,COGC',OTC,1.34,1.34,791,0,Californa Oil&Gas,0,0,0
20060510,68515,COGC',OTC,1.74,1.74,3414,0,Californa Oil&Gas,0,0,0
20060511,68515,COGC',OTC,1.51,1.51,1606,0,Californa Oil&Gas,0,0,0
20060512,68515,COGC',OTC,1.69,1.69,32219,0,Californa Oil&Gas,0,0,0
20060515,68515,COGC',OTC,1.6,1.6,2360,0,Californa Oil&Gas,0,0,0
20060516,68515,COGC',OTC,1.54,1.54,1772,0,Californa Oil&Gas,0,0,0
20060517,68515,COGC',OTC,1.5,1.5,2819,0,Californa Oil&Gas,0,0,0
20060518,68515,COGC',OTC,1.4,1.4,1247,0,Californa Oil&Gas,0,0,0
20060519,68515,COGC',OTC,1.3,1.3,1398,0,Californa Oil&Gas,0,0,0
20060522,68515,COGC',OTC,1.21,1.21,1732,0,Californa Oil&Gas,0,0,0
20060523,68515,COGC',OTC,1.35,1.35,1134,0,Californa Oil&Gas,0,0,0
20060524,68515,COGC',OTC,1.44,1.44,2999,0,Californa Oil&Gas,0,0,0
20060525,68515,COGC',OTC,1.4,1.4,7268,0,Californa Oil&Gas,0,0,0
20060526,68515,COGC',OTC,1.6,1.6,1464,0,Californa Oil&Gas,0,0,0
20060530,68515,COGC',OTC,1.52,1.52,564,0,Californa Oil&Gas,0,0,0
20060531,68515,COGC',OTC,1.5,1.5,1347,0,Californa Oil&Gas,0,0,0
20060601,68515,COGC',OTC,1.46,1.46,1768,0,Californa Oil&Gas,0,0,0
20060602,68515,COGC',OTC,1.48,1.48,319,0,Californa Oil&Gas,0,0,0
20060605,68515,COGC',OTC,1.46,1.46,494,0,Californa Oil&Gas,0,0,0
20060606,68515,COGC',OTC,1.32,1.32,487,0,Californa Oil&Gas,0,0,0
20060607,68515,COGC',OTC,1.28,1.28,710,0,Californa Oil&Gas,0,0,0
20060608,68515,COGC',OTC,1.08,1.08,3128,0,Californa Oil&Gas,0,0,0
20060609,68515,COGC',OTC,1.05,1.05,1096,0,Californa Oil&Gas,0,0,0
20060612,68515,COGC',OTC,1,1,944,0,Californa Oil&Gas,0,0,0
20060613,68515,COGC',OTC,0.85,0.85,1632,0,Californa Oil&Gas,0,0,0
20060614,68515,COGC',OTC,0.99,0.99,2359,0,Californa Oil&Gas,0,0,0
20060615,68515,COGC',OTC,1.05,1.05,973,0,Californa Oil&Gas,0,0,0
20060616,68515,COGC',OTC,0.98,0.98,742,0,Californa Oil&Gas,0,0,0
20060619,68515,COGC',OTC,0.87,0.87,890,0,Californa Oil&Gas,0,0,0
20060620,68515,COGC',OTC,0.82,0.82,490,0,Californa Oil&Gas,0,0,0
20060621,68515,COGC',OTC,0.85,0.85,385,0,Californa Oil&Gas,0,0,0
20060622,68515,COGC',OTC,1.35,1.35,2137,0,Californa Oil&Gas,0,0,0
20060623,68515,COGC',OTC,1.35,1.35,2310,0,Californa Oil&Gas,0,0,0
20060626,68515,COGC',OTC,1.02,1.02,7177,0,Californa Oil&Gas,0,0,0
20060627,68515,COGC',OTC,0.99,0.99,4251,0,Californa Oil&Gas,0,0,0
20060628,68515,COGC',OTC,1.06,1.06,628,0,Californa Oil&Gas,0,0,0
20060629,68515,COGC',OTC,0.9,0.9,1383,0,Californa Oil&Gas,0,0,0
20060630,68515,COGC',OTC,0.98,0.98,10,0,Californa Oil&Gas,0,0,0
20060703,68515,COGC',OTC,0.98,0.98,85,0,Californa Oil&Gas,0,0,0
20060705,68515,COGC',OTC,0.9,0.9,720,0,Californa Oil&Gas,0,0,0
20060706,68515,COGC',OTC,0.87,0.87,1076,0,Californa Oil&Gas,0,0,0
20060707,68515,COGC',OTC,0.91,0.91,185,0,Californa Oil&Gas,0,0,0
20060710,68515,COGC',OTC,0.79,0.79,1707,0,Californa Oil&Gas,0,0,0
20060711,68515,COGC',OTC,0.85,0.85,544,0,Californa Oil&Gas,0,0,0
20060712,68515,COGC',OTC,0.85,0.85,530,0,Californa Oil&Gas,0,0,0
20060713,68515,COGC',OTC,0.81,0.81,264,0,Californa Oil&Gas,0,0,0
20060714,68515,COGC',OTC,0.85,0.85,430,0,Californa Oil&Gas,0,0,0
20060717,68515,COGC',OTC,0.87,0.87,1171,0,Californa Oil&Gas,0,0,0
20060718,68515,COGC',OTC,0.76,0.76,311,0,Californa Oil&Gas,0,0,0
20060719,68515,COGC',OTC,0.72,0.72,444,0,Californa Oil&Gas,0,0,0
20060720,68515,COGC',OTC,0.75,0.75,261,0,Californa Oil&Gas,0,0,0
20060721,68515,COGC',OTC,0.78,0.78,1711,0,Californa Oil&Gas,0,0,0
20060724,68515,COGC',OTC,0.73,0.73,514,0,Californa Oil&Gas,0,0,0
20060725,68515,COGC',OTC,0.73,0.73,207,0,Californa Oil&Gas,0,0,0
20060726,68515,COGC',OTC,0.73,0.73,146,0,Californa Oil&Gas,0,0,0
20060727,68515,COGC',OTC,0.72,0.72,302,0,Californa Oil&Gas,0,0,0
20060728,68515,COGC',OTC,0.72,0.72,0,0,Californa Oil&Gas,0,0,0
20060731,68515,COGC',OTC,0.68,0.68,423,0,Californa Oil&Gas,0,0,0
20060801,68515,COGC',OTC,0.69,0.69,572,0,Californa Oil&Gas,0,0,0
20060802,68515,COGC',OTC,0.7,0.7,117,0,Californa Oil&Gas,0,0,0
20060803,68515,COGC',OTC,0.68,0.68,150,0,Californa Oil&Gas,0,0,0
20060804,68515,COGC',OTC,0.7,0.7,270,0,Californa Oil&Gas,0,0,0
20060807,68515,COGC',OTC,0.71,0.71,15,0,Californa Oil&Gas,0,0,0
20060808,68515,COGC',OTC,0.66,0.66,497,0,Californa Oil&Gas,0,0,0
20060809,68515,COGC',OTC,0.71,0.71,969,0,Californa Oil&Gas,0,0,0
20060810,68515,COGC',OTC,0.73,0.73,726,0,Californa Oil&Gas,0,0,0
20060811,68515,COGC',OTC,0.7,0.7,185,0,Californa Oil&Gas,0,0,0
20060814,68515,COGC',OTC,0.72,0.72,260,0,Californa Oil&Gas,0,0,0
20060815,68515,COGC',OTC,0.75,0.75,621,0,Californa Oil&Gas,0,0,0
20060816,68515,COGC',OTC,0.94,0.94,2906,0,Californa Oil&Gas,0,0,0
20060817,68515,COGC',OTC,0.92,0.92,764,0,Californa Oil&Gas,0,0,0
20060818,68515,COGC',OTC,0.9,0.9,633,0,Californa Oil&Gas,0,0,0
20060821,68515,COGC',OTC,0.9,0.9,1027,0,Californa Oil&Gas,0,0,0
20060822,68515,COGC',OTC,0.92,0.92,679,0,Californa Oil&Gas,0,0,0
20060823,68515,COGC',OTC,0.9,0.9,859,0,Californa Oil&Gas,0,0,0
20060824,68515,COGC',OTC,0.9,0.9,470,0,Californa Oil&Gas,0,0,0
20060825,68515,COGC',OTC,1,1,535,0,Californa Oil&Gas,0,0,0
20060828,68515,COGC',OTC,1.1,1.1,5772,0,Californa Oil&Gas,0,0,0
20060829,68515,COGC',OTC,1.16,1.16,1324,0,Californa Oil&Gas,0,0,0
20060830,68515,COGC',OTC,1.18,1.18,1425,0,Californa Oil&Gas,0,0,0
20060831,68515,COGC',OTC,1.2,1.2,4741,0,Californa Oil&Gas,0,0,0
20060901,68515,COGC',OTC,1.23,1.23,1261,0,Californa Oil&Gas,0,0,0
20060905,68515,COGC',OTC,1.11,1.11,1398,0,Californa Oil&Gas,0,0,0
20060906,68515,COGC',OTC,1,1,3734,0,Californa Oil&Gas,0,0,0
20060907,68515,COGC',OTC,1.15,1.15,3260,0,Californa Oil&Gas,0,0,0
20060908,68515,COGC',OTC,1.27,1.27,3580,0,Californa Oil&Gas,0,0,0
20060911,68515,COGC',OTC,1.16,1.16,4765,0,Californa Oil&Gas,0,0,0
20060912,68515,COGC',OTC,1.06,1.06,3570,0,Californa Oil&Gas,0,0,0
20060913,68515,COGC',OTC,1.04,1.04,3137,0,Californa Oil&Gas,0,0,0
20060914,68515,COGC',OTC,0.98,0.98,1843,0,Californa Oil&Gas,0,0,0
20060915,68515,COGC',OTC,0.93,0.93,1084,0,Californa Oil&Gas,0,0,0
20060918,68515,COGC',OTC,0.97,0.97,700,0,Californa Oil&Gas,0,0,0
20060919,68515,COGC',OTC,1.01,1.01,2518,0,Californa Oil&Gas,0,0,0
20060920,68515,COGC',OTC,0.96,0.96,1319,0,Californa Oil&Gas,0,0,0
20060921,68515,COGC',OTC,0.87,0.87,579,0,Californa Oil&Gas,0,0,0
20060922,68515,COGC',OTC,0.92,0.92,1103,0,Californa Oil&Gas,0,0,0
20060925,68515,COGC',OTC,0.92,0.92,4052,0,Californa Oil&Gas,0,0,0
20060926,68515,COGC',OTC,0.92,0.92,2736,0,Californa Oil&Gas,0,0,0
20060927,68515,COGC',OTC,0.9,0.9,4414,0,Californa Oil&Gas,0,0,0
20060928,68515,COGC',OTC,0.94,0.94,4245,0,Californa Oil&Gas,0,0,0
20060929,68515,COGC',OTC,0.94,0.94,3949,0,Californa Oil&Gas,0,0,0
20061002,68515,COGC',OTC,0.9,0.9,2181,0,Californa Oil&Gas,0,0,0
20061003,68515,COGC',OTC,0.88,0.88,1017,0,Californa Oil&Gas,0,0,0
20061004,68515,COGC',OTC,0.83,0.83,1993,0,Californa Oil&Gas,0,0,0
20061005,68515,COGC',OTC,0.72,0.72,2177,0,Californa Oil&Gas,0,0,0
20061006,68515,COGC',OTC,0.79,0.79,970,0,Californa Oil&Gas,0,0,0
20061009,68515,COGC',OTC,0.82,0.82,610,0,Californa Oil&Gas,0,0,0
20061010,68515,COGC',OTC,0.87,0.87,1097,0,Californa Oil&Gas,0,0,0
20061011,68515,COGC',OTC,0.78,0.78,1897,0,Californa Oil&Gas,0,0,0
20061012,68515,COGC',OTC,0.7,0.7,1556,0,Californa Oil&Gas,0,0,0
20061013,68515,COGC',OTC,0.66,0.66,1876,0,Californa Oil&Gas,0,0,0
20061016,68515,COGC',OTC,0.74,0.74,1925,0,Californa Oil&Gas,0,0,0
20061017,68515,COGC',OTC,0.75,0.75,2657,0,Californa Oil&Gas,0,0,0
20061018,68515,COGC',OTC,0.75,0.75,1770,0,Californa Oil&Gas,0,0,0
20061019,68515,COGC',OTC,0.76,0.76,1740,0,Californa Oil&Gas,0,0,0
20061020,68515,COGC',OTC,0.73,0.73,338,0,Californa Oil&Gas,0,0,0
20061023,68515,COGC',OTC,0.73,0.73,551,0,Californa Oil&Gas,0,0,0
20061024,68515,COGC',OTC,0.8,0.8,412,0,Californa Oil&Gas,0,0,0
20061025,68515,COGC',OTC,0.75,0.75,471,0,Californa Oil&Gas,0,0,0
20061026,68515,COGC',OTC,0.78,0.78,684,0,Californa Oil&Gas,0,0,0
20061027,68515,COGC',OTC,0.8,0.8,1295,0,Californa Oil&Gas,0,0,0
20061030,68515,COGC',OTC,0.8,0.8,536,0,Californa Oil&Gas,0,0,0
20061031,68515,COGC',OTC,0.8,0.8,451,0,Californa Oil&Gas,0,0,0
20061101,68515,COGC',OTC,0.75,0.75,1277,0,Californa Oil&Gas,0,0,0
20061102,68515,COGC',OTC,0.75,0.75,363,0,Californa Oil&Gas,0,0,0
20061103,68515,COGC',OTC,0.8,0.8,362,0,Californa Oil&Gas,0,0,0
20061106,68515,COGC',OTC,0.68,0.68,683,0,Californa Oil&Gas,0,0,0
20061107,68515,COGC',OTC,0.7,0.7,1157,0,Californa Oil&Gas,0,0,0
20061108,68515,COGC',OTC,0.68,0.68,261,0,Californa Oil&Gas,0,0,0
20061109,68515,COGC',OTC,0.7,0.7,553,0,Californa Oil&Gas,0,0,0
20061110,68515,COGC',OTC,0.7,0.7,468,0,Californa Oil&Gas,0,0,0
20061113,68515,COGC',OTC,0.65,0.65,503,0,Californa Oil&Gas,0,0,0
20061114,68515,COGC',OTC,0.65,0.65,417,0,Californa Oil&Gas,0,0,0
20061115,68515,COGC',OTC,0.65,0.65,875,0,Californa Oil&Gas,0,0,0
20061116,68515,COGC',OTC,0.61,0.61,453,0,Californa Oil&Gas,0,0,0
20061117,68515,COGC',OTC,0.64,0.64,110,0,Californa Oil&Gas,0,0,0
20061120,68515,COGC',OTC,0.56,0.56,1224,0,Californa Oil&Gas,0,0,0
20061121,68515,COGC',OTC,0.54,0.54,1961,0,Californa Oil&Gas,0,0,0
20061122,68515,COGC',OTC,0.57,0.57,445,0,Californa Oil&Gas,0,0,0
20061124,68515,COGC',OTC,0.55,0.55,438,0,Californa Oil&Gas,0,0,0
20061127,68515,COGC',OTC,0.6,0.6,2678,0,Californa Oil&Gas,0,0,0
20061128,68515,COGC',OTC,0.6,0.6,533,0,Californa Oil&Gas,0,0,0
20061129,68515,COGC',OTC,0.62,0.62,233,0,Californa Oil&Gas,0,0,0
20061130,68515,COGC',OTC,0.62,0.62,376,0,Californa Oil&Gas,0,0,0
20061201,68515,COGC',OTC,0.62,0.62,376,0,Californa Oil&Gas,0,0,0
20061204,68515,COGC',OTC,0.58,0.58,404,0,Californa Oil&Gas,0,0,0
20061205,68515,COGC',OTC,0.58,0.58,420,0,Californa Oil&Gas,0,0,0
20061206,68515,COGC',OTC,0.6,0.6,748,0,Californa Oil&Gas,0,0,0
20061207,68515,COGC',OTC,0.57,0.57,653,0,Californa Oil&Gas,0,0,0
20061208,68515,COGC',OTC,0.56,0.56,502,0,Californa Oil&Gas,0,0,0
20061211,68515,COGC',OTC,0.54,0.54,551,0,Californa Oil&Gas,0,0,0
20061212,68515,COGC',OTC,0.55,0.55,657,0,Californa Oil&Gas,0,0,0
20061213,68515,COGC',OTC,0.54,0.54,633,0,Californa Oil&Gas,0,0,0
20061214,68515,COGC',OTC,0.6,0.6,718,0,Californa Oil&Gas,0,0,0
20061215,68515,COGC',OTC,0.57,0.57,259,0,Californa Oil&Gas,0,0,0
20061218,68515,COGC',OTC,0.6,0.6,705,0,Californa Oil&Gas,0,0,0
20061219,68515,COGC',OTC,0.58,0.58,1260,0,Californa Oil&Gas,0,0,0
20061220,68515,COGC',OTC,0.57,0.57,154,0,Californa Oil&Gas,0,0,0
20061221,68515,COGC',OTC,0.74,0.74,2044,0,Californa Oil&Gas,0,0,0
20061222,68515,COGC',OTC,0.65,0.65,1600,0,Californa Oil&Gas,0,0,0
20061226,68515,COGC',OTC,0.66,0.66,120,0,Californa Oil&Gas,0,0,0
20061227,68515,COGC',OTC,0.69,0.69,68,0,Californa Oil&Gas,0,0,0
20061228,68515,COGC',OTC,0.73,0.73,1358,0,Californa Oil&Gas,0,0,0
20061229,68515,COGC',OTC,0.7,0.7,395,0,Californa Oil&Gas,0,0,0
20070103,68515,COGC',OTC,0.73,0.73,942,0,Californa Oil&Gas,0,0,0
20070104,68515,COGC',OTC,0.7,0.7,306,0,Californa Oil&Gas,0,0,0
20070105,68515,COGC',OTC,0.7,0.7,2157,0,Californa Oil&Gas,0,0,0
20070108,68515,COGC',OTC,0.7,0.7,1217,0,Californa Oil&Gas,0,0,0
20070109,68515,COGC',OTC,0.69,0.69,2781,0,Californa Oil&Gas,0,0,0
20070110,68515,COGC',OTC,0.7,0.7,819,0,Californa Oil&Gas,0,0,0
20070111,68515,COGC',OTC,0.61,0.61,407,0,Californa Oil&Gas,0,0,0
20070112,68515,COGC',OTC,0.61,0.61,17,0,Californa Oil&Gas,0,0,0
20070116,68515,COGC',OTC,0.66,0.66,304,0,Californa Oil&Gas,0,0,0
20070117,68515,COGC',OTC,0.65,0.65,118,0,Californa Oil&Gas,0,0,0
20070118,68515,COGC',OTC,0.61,0.61,252,0,Californa Oil&Gas,0,0,0
20070119,68515,COGC',OTC,0.61,0.61,421,0,Californa Oil&Gas,0,0,0
20070122,68515,COGC',OTC,0.64,0.64,980,0,Californa Oil&Gas,0,0,0
20070123,68515,COGC',OTC,0.62,0.62,991,0,Californa Oil&Gas,0,0,0
20070124,68515,COGC',OTC,0.68,0.68,4007,0,Californa Oil&Gas,0,0,0
20070125,68515,COGC',OTC,0.66,0.66,389,0,Californa Oil&Gas,0,0,0
20070126,68515,COGC',OTC,0.61,0.61,187,0,Californa Oil&Gas,0,0,0
20070129,68515,COGC',OTC,0.61,0.61,565,0,Californa Oil&Gas,0,0,0
20070130,68515,COGC',OTC,0.6,0.6,501,0,Californa Oil&Gas,0,0,0
20070131,68515,COGC',OTC,0.55,0.55,478,0,Californa Oil&Gas,0,0,0
20070201,68515,COGC',OTC,0.55,0.55,465,0,Californa Oil&Gas,0,0,0
20070202,68515,COGC',OTC,0.63,0.63,800,0,Californa Oil&Gas,0,0,0
20070205,68515,COGC',OTC,0.6,0.6,222,0,Californa Oil&Gas,0,0,0
20070206,68515,COGC',OTC,0.6,0.6,627,0,Californa Oil&Gas,0,0,0
20070207,68515,COGC',OTC,0.6,0.6,548,0,Californa Oil&Gas,0,0,0
20070208,68515,COGC',OTC,0.64,0.64,296,0,Californa Oil&Gas,0,0,0
20070209,68515,COGC',OTC,0.6,0.6,344,0,Californa Oil&Gas,0,0,0
20070212,68515,COGC',OTC,0.68,0.68,2610,0,Californa Oil&Gas,0,0,0
20070213,68515,COGC',OTC,0.73,0.73,7616,0,Californa Oil&Gas,0,0,0
20070214,68515,COGC',OTC,0.7,0.7,6089,0,Californa Oil&Gas,0,0,0
20070215,68515,COGC',OTC,0.66,0.66,2031,0,Californa Oil&Gas,0,0,0
20070216,68515,COGC',OTC,0.71,0.71,2359,0,Californa Oil&Gas,0,0,0
20070220,68515,COGC',OTC,0.66,0.66,6352,0,Californa Oil&Gas,0,0,0
20070221,68515,COGC',OTC,0.69,0.69,4614,0,Californa Oil&Gas,0,0,0
20070222,68515,COGC',OTC,0.73,0.73,5522,0,Californa Oil&Gas,0,0,0
20070223,68515,COGC',OTC,0.75,0.75,6374,0,Californa Oil&Gas,0,0,0
20070226,68515,COGC',OTC,0.7,0.7,3796,0,Californa Oil&Gas,0,0,0
20070227,68515,COGC',OTC,0.68,0.68,1923,0,Californa Oil&Gas,0,0,0
20070228,68515,COGC',OTC,0.65,0.65,1418,0,Californa Oil&Gas,0,0,0
20070301,68515,COGC',OTC,0.63,0.63,2062,0,Californa Oil&Gas,0,0,0
20070302,68515,COGC',OTC,0.6,0.6,2509,0,Californa Oil&Gas,0,0,0
20070305,68515,COGC',OTC,0.58,0.58,1228,0,Californa Oil&Gas,0,0,0
20070306,68515,COGC',OTC,0.59,0.59,790,0,Californa Oil&Gas,0,0,0
20070307,68515,COGC',OTC,0.73,0.73,14207,0,Californa Oil&Gas,0,0,0
20070308,68515,COGC',OTC,0.79,0.79,15675,0,Californa Oil&Gas,0,0,0
20070309,68515,COGC',OTC,0.79,0.79,2032,0,Californa Oil&Gas,0,0,0
20070312,68515,COGC',OTC,0.81,0.81,3784,0,Californa Oil&Gas,0,0,0
20070313,68515,COGC',OTC,0.75,0.75,3828,0,Californa Oil&Gas,0,0,0
20070314,68515,COGC',OTC,0.8,0.8,1834,0,Californa Oil&Gas,0,0,0
20070315,68515,COGC',OTC,0.7,0.7,1258,0,Californa Oil&Gas,0,0,0
20070316,68515,COGC',OTC,0.73,0.73,1688,0,Californa Oil&Gas,0,0,0
20070319,68515,COGC',OTC,0.73,0.73,1700,0,Californa Oil&Gas,0,0,0
20070320,68515,COGC',OTC,0.71,0.71,629,0,Californa Oil&Gas,0,0,0
20070321,68515,COGC',OTC,0.59,0.59,2667,0,Californa Oil&Gas,0,0,0
20070322,68515,COGC',OTC,0.62,0.62,1031,0,Californa Oil&Gas,0,0,0
20070323,68515,COGC',OTC,0.62,0.62,1539,0,Californa Oil&Gas,0,0,0
20070326,68515,COGC',OTC,0.65,0.65,652,0,Californa Oil&Gas,0,0,0
20070327,68515,COGC',OTC,0.65,0.65,1929,0,Californa Oil&Gas,0,0,0
20070328,68515,COGC',OTC,0.67,0.67,1618,0,Californa Oil&Gas,0,0,0
20070329,68515,COGC',OTC,0.68,0.68,2330,0,Californa Oil&Gas,0,0,0
20070330,68515,COGC',OTC,0.68,0.68,1302,0,Californa Oil&Gas,0,0,0
20070402,68515,COGC',OTC,0.68,0.68,978,0,Californa Oil&Gas,0,0,0
20070403,68515,COGC',OTC,0.68,0.68,894,0,Californa Oil&Gas,0,0,0
20070404,68515,COGC',OTC,0.66,0.66,1031,0,Californa Oil&Gas,0,0,0
20070405,68515,COGC',OTC,0.62,0.62,897,0,Californa Oil&Gas,0,0,0
20070409,68515,COGC',OTC,0.64,0.64,901,0,Californa Oil&Gas,0,0,0
20070410,68515,COGC',OTC,0.64,0.64,418,0,Californa Oil&Gas,0,0,0
20070411,68515,COGC',OTC,0.62,0.62,403,0,Californa Oil&Gas,0,0,0
20070412,68515,COGC',OTC,0.61,0.61,735,0,Californa Oil&Gas,0,0,0
20070413,68515,COGC',OTC,0.53,0.53,3796,0,Californa Oil&Gas,0,0,0
20070416,68515,COGC',OTC,0.61,0.61,3767,0,Californa Oil&Gas,0,0,0
20070417,68515,COGC',OTC,0.67,0.67,2598,0,Californa Oil&Gas,0,0,0
20070418,68515,COGC',OTC,0.66,0.66,680,0,Californa Oil&Gas,0,0,0
20070419,68515,COGC',OTC,0.62,0.62,595,0,Californa Oil&Gas,0,0,0
20070420,68515,COGC',OTC,0.65,0.65,584,0,Californa Oil&Gas,0,0,0
20070423,68515,COGC',OTC,0.62,0.62,523,0,Californa Oil&Gas,0,0,0
20070424,68515,COGC',OTC,0.6,0.6,708,0,Californa Oil&Gas,0,0,0
20070425,68515,COGC',OTC,0.6,0.6,676,0,Californa Oil&Gas,0,0,0
20070426,68515,COGC',OTC,0.55,0.55,767,0,Californa Oil&Gas,0,0,0
20070427,68515,COGC',OTC,0.53,0.53,727,0,Californa Oil&Gas,0,0,0
20070430,68515,COGC',OTC,0.56,0.56,996,0,Californa Oil&Gas,0,0,0
20070501,68515,COGC',OTC,0.54,0.54,755,0,Californa Oil&Gas,0,0,0
20070502,68515,COGC',OTC,0.55,0.55,500,0,Californa Oil&Gas,0,0,0
20070503,68515,COGC',OTC,0.53,0.53,621,0,Californa Oil&Gas,0,0,0
20070504,68515,COGC',OTC,0.54,0.54,318,0,Californa Oil&Gas,0,0,0
20070507,68515,COGC',OTC,0.54,0.54,481,0,Californa Oil&Gas,0,0,0
20070508,68515,COGC',OTC,0.59,0.59,1573,0,Californa Oil&Gas,0,0,0
20070509,68515,COGC',OTC,0.55,0.55,1370,0,Californa Oil&Gas,0,0,0
20070510,68515,COGC',OTC,0.59,0.59,858,0,Californa Oil&Gas,0,0,0
20070511,68515,COGC',OTC,0.62,0.62,816,0,Californa Oil&Gas,0,0,0
20070514,68515,COGC',OTC,0.59,0.59,515,0,Californa Oil&Gas,0,0,0
20070515,68515,COGC',OTC,0.6,0.6,410,0,Californa Oil&Gas,0,0,0
20070516,68515,COGC',OTC,0.62,0.62,300,0,Californa Oil&Gas,0,0,0
20070517,68515,COGC',OTC,0.6,0.6,250,0,Californa Oil&Gas,0,0,0
20070518,68515,COGC',OTC,0.62,0.62,212,0,Californa Oil&Gas,0,0,0
20070521,68515,COGC',OTC,0.62,0.62,910,0,Californa Oil&Gas,0,0,0
20070522,68515,COGC',OTC,0.62,0.62,190,0,Californa Oil&Gas,0,0,0
20070523,68515,COGC',OTC,0.63,0.63,258,0,Californa Oil&Gas,0,0,0
20070524,68515,COGC',OTC,0.6,0.6,525,0,Californa Oil&Gas,0,0,0
20070525,68515,COGC',OTC,0.59,0.59,304,0,Californa Oil&Gas,0,0,0
20070529,68515,COGC',OTC,0.59,0.59,498,0,Californa Oil&Gas,0,0,0
20070530,68515,COGC',OTC,0.58,0.58,326,0,Californa Oil&Gas,0,0,0
20070531,68515,COGC',OTC,0.56,0.56,61,0,Californa Oil&Gas,0,0,0
20070601,68515,COGC',OTC,0.56,0.56,163,0,Californa Oil&Gas,0,0,0
20070604,68515,COGC',OTC,0.57,0.57,343,0,Californa Oil&Gas,0,0,0
20070605,68515,COGC',OTC,0.58,0.58,355,0,Californa Oil&Gas,0,0,0
20070606,68515,COGC',OTC,0.57,0.57,252,0,Californa Oil&Gas,0,0,0
20070607,68515,COGC',OTC,0.53,0.53,845,0,Californa Oil&Gas,0,0,0
20070608,68515,COGC',OTC,0.56,0.56,582,0,Californa Oil&Gas,0,0,0
20070611,68515,COGC',OTC,0.55,0.55,204,0,Californa Oil&Gas,0,0,0
20070612,68515,COGC',OTC,0.54,0.54,58,0,Californa Oil&Gas,0,0,0
20070613,68515,COGC',OTC,0.5,0.5,1194,0,Californa Oil&Gas,0,0,0
20070614,68515,COGC',OTC,0.5,0.5,488,0,Californa Oil&Gas,0,0,0
20070615,68515,COGC',OTC,0.5,0.5,146,0,Californa Oil&Gas,0,0,0
20070618,68515,COGC',OTC,0.52,0.52,405,0,Californa Oil&Gas,0,0,0
20070619,68515,COGC',OTC,0.51,0.51,185,0,Californa Oil&Gas,0,0,0
20070620,68515,COGC',OTC,0.46,0.46,181,0,Californa Oil&Gas,0,0,0
20070621,68515,COGC',OTC,0.49,0.49,864,0,Californa Oil&Gas,0,0,0
20070622,68515,COGC',OTC,0.47,0.47,320,0,Californa Oil&Gas,0,0,0
20070625,68515,COGC',OTC,0.45,0.45,887,0,Californa Oil&Gas,0,0,0
20070626,68515,COGC',OTC,0.44,0.44,561,0,Californa Oil&Gas,0,0,0
20070627,68515,COGC',OTC,0.42,0.42,681,0,Californa Oil&Gas,0,0,0
20070628,68515,COGC',OTC,0.45,0.45,214,0,Californa Oil&Gas,0,0,0
20070629,68515,COGC',OTC,0.44,0.44,51,0,Californa Oil&Gas,0,0,0
20070702,68515,COGC',OTC,0.45,0.45,378,0,Californa Oil&Gas,0,0,0
20070703,68515,COGC',OTC,0.4,0.4,113,0,Californa Oil&Gas,0,0,0
20070705,68515,COGC',OTC,0.43,0.43,102,0,Californa Oil&Gas,0,0,0
20070706,68515,COGC',OTC,0.45,0.45,208,0,Californa Oil&Gas,0,0,0
20070709,68515,COGC',OTC,0.49,0.49,926,0,Californa Oil&Gas,0,0,0
20070710,68515,COGC',OTC,0.49,0.49,79,0,Californa Oil&Gas,0,0,0
20070711,68515,COGC',OTC,0.45,0.45,572,0,Californa Oil&Gas,0,0,0
20070712,68515,COGC',OTC,0.5,0.5,1299,0,Californa Oil&Gas,0,0,0
20070713,68515,COGC',OTC,0.53,0.53,613,0,Californa Oil&Gas,0,0,0
20070716,68515,COGC',OTC,0.44,0.44,345,0,Californa Oil&Gas,0,0,0
20070717,68515,COGC',OTC,0.45,0.45,994,0,Californa Oil&Gas,0,0,0
20070718,68515,COGC',OTC,0.48,0.48,1342,0,Californa Oil&Gas,0,0,0
20070719,68515,COGC',OTC,0.44,0.44,892,0,Californa Oil&Gas,0,0,0
20070720,68515,COGC',OTC,0.45,0.45,682,0,Californa Oil&Gas,0,0,0
20070723,68515,COGC',OTC,0.59,0.59,1031,0,Californa Oil&Gas,0,0,0
20070724,68515,COGC',OTC,0.64,0.64,2396,0,Californa Oil&Gas,0,0,0
20070725,68515,COGC',OTC,0.79,0.79,6026,0,Californa Oil&Gas,0,0,0
20070726,68515,COGC',OTC,0.73,0.73,3482,0,Californa Oil&Gas,0,0,0
20070727,68515,COGC',OTC,0.76,0.76,1530,0,Californa Oil&Gas,0,0,0
20070730,68515,COGC',OTC,0.8,0.8,2611,0,Californa Oil&Gas,0,0,0
20070731,68515,COGC',OTC,0.75,0.75,2377,0,Californa Oil&Gas,0,0,0
20070801,68515,COGC',OTC,0.68,0.68,1173,0,Californa Oil&Gas,0,0,0
20070802,68515,COGC',OTC,0.68,0.68,402,0,Californa Oil&Gas,0,0,0
20070803,68515,COGC',OTC,0.7,0.7,200,0,Californa Oil&Gas,0,0,0
20070806,68515,COGC',OTC,0.68,0.68,733,0,Californa Oil&Gas,0,0,0
20070807,68515,COGC',OTC,0.57,0.57,707,0,Californa Oil&Gas,0,0,0
20070808,68515,COGC',OTC,0.61,0.61,529,0,Californa Oil&Gas,0,0,0
20070809,68515,COGC',OTC,0.65,0.65,416,0,Californa Oil&Gas,0,0,0
20070810,68515,COGC',OTC,0.63,0.63,203,0,Californa Oil&Gas,0,0,0
20070813,68515,COGC',OTC,0.72,0.72,5346,0,Californa Oil&Gas,0,0,0
20070814,68515,COGC',OTC,0.65,0.65,1430,0,Californa Oil&Gas,0,0,0
20070815,68515,COGC',OTC,0.7,0.7,1056,0,Californa Oil&Gas,0,0,0
20070816,68515,COGC',OTC,0.68,0.68,1068,0,Californa Oil&Gas,0,0,0
20070817,68515,COGC',OTC,0.63,0.63,912,0,Californa Oil&Gas,0,0,0
20070820,68515,COGC',OTC,0.59,0.59,307,0,Californa Oil&Gas,0,0,0
20070821,68515,COGC',OTC,0.59,0.59,808,0,Californa Oil&Gas,0,0,0
20070822,68515,COGC',OTC,0.6,0.6,2099,0,Californa Oil&Gas,0,0,0
20070823,68515,COGC',OTC,0.7,0.7,11163,0,Californa Oil&Gas,0,0,0
20070824,68515,COGC',OTC,0.68,0.68,6180,0,Californa Oil&Gas,0,0,0
20070827,68515,COGC',OTC,0.69,0.69,4528,0,Californa Oil&Gas,0,0,0
20070828,68515,COGC',OTC,0.63,0.63,3383,0,Californa Oil&Gas,0,0,0
20070829,68515,COGC',OTC,0.63,0.63,1644,0,Californa Oil&Gas,0,0,0
20070830,68515,COGC',OTC,0.65,0.65,3131,0,Californa Oil&Gas,0,0,0
20070831,68515,COGC',OTC,0.61,0.61,4421,0,Californa Oil&Gas,0,0,0
20070904,68515,COGC',OTC,0.61,0.61,1379,0,Californa Oil&Gas,0,0,0
20070905,68515,COGC',OTC,0.64,0.64,5268,0,Californa Oil&Gas,0,0,0
20070906,68515,COGC',OTC,0.66,0.66,9725,0,Californa Oil&Gas,0,0,0
20070907,68515,COGC',OTC,0.62,0.62,5840,0,Californa Oil&Gas,0,0,0
20070910,68515,COGC',OTC,0.62,0.62,2240,0,Californa Oil&Gas,0,0,0
20070911,68515,COGC',OTC,0.62,0.62,2076,0,Californa Oil&Gas,0,0,0
20070912,68515,COGC',OTC,0.62,0.62,1357,0,Californa Oil&Gas,0,0,0
20070913,68515,COGC',OTC,0.63,0.63,10779,0,Californa Oil&Gas,0,0,0
20070914,68515,COGC',OTC,0.6,0.6,3588,0,Californa Oil&Gas,0,0,0
20070917,68515,COGC',OTC,0.64,0.64,2877,0,Californa Oil&Gas,0,0,0
20070918,68515,COGC',OTC,0.59,0.59,3773,0,Californa Oil&Gas,0,0,0
20070919,68515,COGC',OTC,0.59,0.59,1184,0,Californa Oil&Gas,0,0,0
20070920,68515,COGC',OTC,0.57,0.57,1335,0,Californa Oil&Gas,0,0,0
20070921,68515,COGC',OTC,0.55,0.55,1897,0,Californa Oil&Gas,0,0,0
20070924,68515,COGC',OTC,0.53,0.53,1854,0,Californa Oil&Gas,0,0,0
20070925,68515,COGC',OTC,0.51,0.51,1498,0,Californa Oil&Gas,0,0,0
20070926,68515,COGC',OTC,0.46,0.46,2276,0,Californa Oil&Gas,0,0,0
20070927,68515,COGC',OTC,0.45,0.45,1456,0,Californa Oil&Gas,0,0,0
20070928,68515,COGC',OTC,0.49,0.49,793,0,Californa Oil&Gas,0,0,0
20071001,68515,COGC',OTC,0.48,0.48,1906,0,Californa Oil&Gas,0,0,0
20071002,68515,COGC',OTC,0.62,0.62,22220,0,Californa Oil&Gas,0,0,0
20071003,68515,COGC',OTC,0.59,0.59,9666,0,Californa Oil&Gas,0,0,0
20071004,68515,COGC',OTC,0.51,0.51,3674,0,Californa Oil&Gas,0,0,0
20071005,68515,COGC',OTC,0.54,0.54,2681,0,Californa Oil&Gas,0,0,0
20071008,68515,COGC',OTC,0.55,0.55,4415,0,Californa Oil&Gas,0,0,0
20071009,68515,COGC',OTC,0.57,0.57,6849,0,Californa Oil&Gas,0,0,0
20071010,68515,COGC',OTC,0.58,0.58,6397,0,Californa Oil&Gas,0,0,0
20071011,68515,COGC',OTC,0.58,0.58,6909,0,Californa Oil&Gas,0,0,0
20071012,68515,COGC',OTC,0.6,0.6,3444,0,Californa Oil&Gas,0,0,0
20071015,68515,COGC',OTC,0.62,0.62,3432,0,Californa Oil&Gas,0,0,0
20071016,68515,COGC',OTC,0.58,0.58,4051,0,Californa Oil&Gas,0,0,0
20071017,68515,COGC',OTC,0.51,0.51,4246,0,Californa Oil&Gas,0,0,0
20071018,68515,COGC',OTC,0.51,0.51,3942,0,Californa Oil&Gas,0,0,0
20071019,68515,COGC',OTC,0.45,0.45,3905,0,Californa Oil&Gas,0,0,0
20071022,68515,COGC',OTC,0.5,0.5,2145,0,Californa Oil&Gas,0,0,0
20071023,68515,COGC',OTC,0.49,0.49,2157,0,Californa Oil&Gas,0,0,0
20071024,68515,COGC',OTC,0.5,0.5,942,0,Californa Oil&Gas,0,0,0
20071025,68515,COGC',OTC,0.46,0.46,1375,0,Californa Oil&Gas,0,0,0
20071026,68515,COGC',OTC,0.47,0.47,1379,0,Californa Oil&Gas,0,0,0
20071029,68515,COGC',OTC,0.46,0.46,685,0,Californa Oil&Gas,0,0,0
20071030,68515,COGC',OTC,0.49,0.49,5934,0,Californa Oil&Gas,0,0,0
20071031,68515,COGC',OTC,0.5,0.5,2908,0,Californa Oil&Gas,0,0,0
20071101,68515,COGC',OTC,0.48,0.48,794,0,Californa Oil&Gas,0,0,0
20071102,68515,COGC',OTC,0.49,0.49,513,0,Californa Oil&Gas,0,0,0
20071105,68515,COGC',OTC,0.46,0.46,284,0,Californa Oil&Gas,0,0,0
20071106,68515,COGC',OTC,0.48,0.48,1642,0,Californa Oil&Gas,0,0,0
20071107,68515,COGC',OTC,0.46,0.46,617,0,Californa Oil&Gas,0,0,0
20071108,68515,COGC',OTC,0.44,0.44,1294,0,Californa Oil&Gas,0,0,0
20071109,68515,COGC',OTC,0.42,0.42,934,0,Californa Oil&Gas,0,0,0
20071112,68515,COGC',OTC,0.44,0.44,380,0,Californa Oil&Gas,0,0,0
20071113,68515,COGC',OTC,0.42,0.42,631,0,Californa Oil&Gas,0,0,0
20071114,68515,COGC',OTC,0.4,0.4,3602,0,Californa Oil&Gas,0,0,0
20071115,68515,COGC',OTC,0.36,0.36,3380,0,Californa Oil&Gas,0,0,0
20071116,68515,COGC',OTC,0.37,0.37,1362,0,Californa Oil&Gas,0,0,0
20071119,68515,COGC',OTC,0.31,0.31,4346,0,Californa Oil&Gas,0,0,0
20071120,68515,COGC',OTC,0.38,0.38,2259,0,Californa Oil&Gas,0,0,0
20071121,68515,COGC',OTC,0.37,0.37,1370,0,Californa Oil&Gas,0,0,0
20071123,68515,COGC',OTC,0.38,0.38,680,0,Californa Oil&Gas,0,0,0
20071126,68515,COGC',OTC,0.37,0.37,960,0,Californa Oil&Gas,0,0,0
20071127,68515,COGC',OTC,0.36,0.36,787,0,Californa Oil&Gas,0,0,0
20071128,68515,COGC',OTC,0.33,0.33,5525,0,Californa Oil&Gas,0,0,0
20071129,68515,COGC',OTC,0.28,0.28,1830,0,Californa Oil&Gas,0,0,0
20071130,68515,COGC',OTC,0.3,0.3,997,0,Californa Oil&Gas,0,0,0
20071203,68515,COGC',OTC,0.3,0.3,1022,0,Californa Oil&Gas,0,0,0
20071204,68515,COGC',OTC,0.34,0.34,707,0,Californa Oil&Gas,0,0,0
20071205,68515,COGC',OTC,0.32,0.32,211,0,Californa Oil&Gas,0,0,0
20071206,68515,COGC',OTC,0.36,0.36,486,0,Californa Oil&Gas,0,0,0
20071207,68515,COGC',OTC,0.33,0.33,1201,0,Californa Oil&Gas,0,0,0
20071210,68515,COGC',OTC,0.31,0.31,1499,0,Californa Oil&Gas,0,0,0
20071211,68515,COGC',OTC,0.32,0.32,1295,0,Californa Oil&Gas,0,0,0
20071212,68515,COGC',OTC,0.34,0.34,500,0,Californa Oil&Gas,0,0,0
20071213,68515,COGC',OTC,0.3,0.3,619,0,Californa Oil&Gas,0,0,0
20071214,68515,COGC',OTC,0.29,0.29,858,0,Californa Oil&Gas,0,0,0
20071217,68515,COGC',OTC,0.26,0.26,971,0,Californa Oil&Gas,0,0,0
20071218,68515,COGC',OTC,0.26,0.26,1253,0,Californa Oil&Gas,0,0,0
20071219,68515,COGC',OTC,0.26,0.26,1010,0,Californa Oil&Gas,0,0,0
20071220,68515,COGC',OTC,0.26,0.26,1410,0,Californa Oil&Gas,0,0,0
20071221,68515,COGC',OTC,0.25,0.25,713,0,Californa Oil&Gas,0,0,0
20071224,68515,COGC',OTC,0.24,0.24,682,0,Californa Oil&Gas,0,0,0
20071226,68515,COGC',OTC,0.27,0.27,1020,0,Californa Oil&Gas,0,0,0
20071227,68515,COGC',OTC,0.26,0.26,708,0,Californa Oil&Gas,0,0,0
20071228,68515,COGC',OTC,0.28,0.28,1147,0,Californa Oil&Gas,0,0,0
20071231,68515,COGC',OTC,0.26,0.26,714,0,Californa Oil&Gas,0,0,0
20080102,68515,COGC',OTC,0.25,0.25,740,0,Californa Oil&Gas,0,0,0
20080103,68515,COGC',OTC,0.28,0.28,421,0,Californa Oil&Gas,0,0,0
20080104,68515,COGC',OTC,0.27,0.27,597,0,Californa Oil&Gas,0,0,0
20080107,68515,COGC',OTC,0.28,0.28,585,0,Californa Oil&Gas,0,0,0
20080108,68515,COGC',OTC,0.27,0.27,1203,0,Californa Oil&Gas,0,0,0
20080109,68515,COGC',OTC,0.26,0.26,410,0,Californa Oil&Gas,0,0,0
20080110,68515,COGC',OTC,0.27,0.27,882,0,Californa Oil&Gas,0,0,0
20080111,68515,COGC',OTC,0.27,0.27,91,0,Californa Oil&Gas,0,0,0
20080114,68515,COGC',OTC,0.25,0.25,1266,0,Californa Oil&Gas,0,0,0
20080115,68515,COGC',OTC,0.27,0.27,530,0,Californa Oil&Gas,0,0,0
20080116,68515,COGC',OTC,0.27,0.27,915,0,Californa Oil&Gas,0,0,0
20080117,68515,COGC',OTC,0.27,0.27,379,0,Californa Oil&Gas,0,0,0
20080118,68515,COGC',OTC,0.27,0.27,124,0,Californa Oil&Gas,0,0,0
20080122,68515,COGC',OTC,0.25,0.25,805,0,Californa Oil&Gas,0,0,0
20080123,68515,COGC',OTC,0.24,0.24,405,0,Californa Oil&Gas,0,0,0
20080124,68515,COGC',OTC,0.29,0.29,2721,0,Californa Oil&Gas,0,0,0
20080125,68515,COGC',OTC,0.28,0.28,2998,0,Californa Oil&Gas,0,0,0
20080128,68515,COGC',OTC,0.26,0.26,245,0,Californa Oil&Gas,0,0,0
20080129,68515,COGC',OTC,0.26,0.26,344,0,Californa Oil&Gas,0,0,0
20080130,68515,COGC',OTC,0.26,0.26,228,0,Californa Oil&Gas,0,0,0
20080131,68515,COGC',OTC,0.26,0.26,81,0,Californa Oil&Gas,0,0,0
20080201,68515,COGC',OTC,0.25,0.25,673,0,Californa Oil&Gas,0,0,0
20080204,68515,COGC',OTC,0.25,0.25,473,0,Californa Oil&Gas,0,0,0
20080205,68515,COGC',OTC,0.24,0.24,742,0,Californa Oil&Gas,0,0,0
20080206,68515,COGC',OTC,0.24,0.24,618,0,Californa Oil&Gas,0,0,0
20080207,68515,COGC',OTC,0.24,0.24,471,0,Californa Oil&Gas,0,0,0
20080208,68515,COGC',OTC,0.25,0.25,178,0,Californa Oil&Gas,0,0,0
20080211,68515,COGC',OTC,0.24,0.24,274,0,Californa Oil&Gas,0,0,0
20080212,68515,COGC',OTC,0.23,0.23,852,0,Californa Oil&Gas,0,0,0
20080213,68515,COGC',OTC,0.24,0.24,366,0,Californa Oil&Gas,0,0,0
20080214,68515,COGC',OTC,0.22,0.22,840,0,Californa Oil&Gas,0,0,0
20080215,68515,COGC',OTC,0.21,0.21,974,0,Californa Oil&Gas,0,0,0
20080219,68515,COGC',OTC,0.18,0.18,1208,0,Californa Oil&Gas,0,0,0
20080220,68515,COGC',OTC,0.2,0.2,553,0,Californa Oil&Gas,0,0,0
20080221,68515,COGC',OTC,0.17,0.17,4592,0,Californa Oil&Gas,0,0,0
20080222,68515,COGC',OTC,0.18,0.18,689,0,Californa Oil&Gas,0,0,0
20080225,68515,COGC',OTC,0.15,0.15,1762,0,Californa Oil&Gas,0,0,0
20080226,68515,COGC',OTC,0.14,0.14,860,0,Californa Oil&Gas,0,0,0
20080227,68515,COGC',OTC,0.15,0.15,1355,0,Californa Oil&Gas,0,0,0
20080228,68515,COGC',OTC,0.17,0.17,1489,0,Californa Oil&Gas,0,0,0
20080229,68515,COGC',OTC,0.19,0.19,1017,0,Californa Oil&Gas,0,0,0
20080303,68515,COGC',OTC,0.19,0.19,603,0,Californa Oil&Gas,0,0,0
20080304,68515,COGC',OTC,0.18,0.18,312,0,Californa Oil&Gas,0,0,0
20080305,68515,COGC',OTC,0.17,0.17,1240,0,Californa Oil&Gas,0,0,0
20080306,68515,COGC',OTC,0.16,0.16,240,0,Californa Oil&Gas,0,0,0
20080307,68515,COGC',OTC,0.15,0.15,453,0,Californa Oil&Gas,0,0,0
20080310,68515,COGC',OTC,0.16,0.16,768,0,Californa Oil&Gas,0,0,0
20080311,68515,COGC',OTC,0.16,0.16,797,0,Californa Oil&Gas,0,0,0
20080312,68515,COGC',OTC,0.17,0.17,735,0,Californa Oil&Gas,0,0,0
20080313,68515,COGC',OTC,0.17,0.17,2246,0,Californa Oil&Gas,0,0,0
20080314,68515,COGC',OTC,0.16,0.16,1903,0,Californa Oil&Gas,0,0,0
20080317,68515,COGC',OTC,0.17,0.17,379,0,Californa Oil&Gas,0,0,0
20080318,68515,COGC',OTC,0.16,0.16,1090,0,Californa Oil&Gas,0,0,0
20080319,68515,COGC',OTC,0.14,0.14,651,0,Californa Oil&Gas,0,0,0
20080320,68515,COGC',OTC,0.14,0.14,113,0,Californa Oil&Gas,0,0,0
20080324,68515,COGC',OTC,0.14,0.14,892,0,Californa Oil&Gas,0,0,0
20080325,68515,COGC',OTC,0.13,0.13,1319,0,Californa Oil&Gas,0,0,0
20080326,68515,COGC',OTC,0.14,0.14,645,0,Californa Oil&Gas,0,0,0
20080327,68515,COGC',OTC,0.15,0.15,735,0,Californa Oil&Gas,0,0,0
20080328,68515,COGC',OTC,0.14,0.14,746,0,Californa Oil&Gas,0,0,0
20080331,68515,COGC',OTC,0.14,0.14,341,0,Californa Oil&Gas,0,0,0
20080401,68515,COGC',OTC,0.15,0.15,291,0,Californa Oil&Gas,0,0,0
20080402,68515,COGC',OTC,0.14,0.14,271,0,Californa Oil&Gas,0,0,0
20080403,68515,COGC',OTC,0.14,0.14,423,0,Californa Oil&Gas,0,0,0
20080404,68515,COGC',OTC,0.13,0.13,213,0,Californa Oil&Gas,0,0,0
20080407,68515,COGC',OTC,0.14,0.14,248,0,Californa Oil&Gas,0,0,0
20080408,68515,COGC',OTC,0.14,0.14,1233,0,Californa Oil&Gas,0,0,0
20080409,68515,COGC',OTC,0.14,0.14,137,0,Californa Oil&Gas,0,0,0
20080410,68515,COGC',OTC,0.12,0.12,2628,0,Californa Oil&Gas,0,0,0
20080411,68515,COGC',OTC,0.12,0.12,1514,0,Californa Oil&Gas,0,0,0
20080414,68515,COGC',OTC,0.12,0.12,100,0,Californa Oil&Gas,0,0,0
20080415,68515,COGC',OTC,0.12,0.12,355,0,Californa Oil&Gas,0,0,0
20080416,68515,COGC',OTC,0.13,0.13,1307,0,Californa Oil&Gas,0,0,0
20080417,68515,COGC',OTC,0.12,0.12,993,0,Californa Oil&Gas,0,0,0
20080418,68515,COGC',OTC,0.12,0.12,919,0,Californa Oil&Gas,0,0,0
20080421,68515,COGC',OTC,0.11,0.11,1536,0,Californa Oil&Gas,0,0,0
20080422,68515,COGC',OTC,0.1,0.1,1820,0,Californa Oil&Gas,0,0,0
20080423,68515,COGC',OTC,0.11,0.11,2110,0,Californa Oil&Gas,0,0,0
20080424,68515,COGC',OTC,0.1,0.1,1280,0,Californa Oil&Gas,0,0,0
20080425,68515,COGC',OTC,0.09,0.09,327,0,Californa Oil&Gas,0,0,0
20080428,68515,COGC',OTC,0.1,0.1,511,0,Californa Oil&Gas,0,0,0
20080429,68515,COGC',OTC,0.1,0.1,602,0,Californa Oil&Gas,0,0,0
20080430,68515,COGC',OTC,0.11,0.11,565,0,Californa Oil&Gas,0,0,0
20080501,68515,COGC',OTC,0.12,0.12,619,0,Californa Oil&Gas,0,0,0
20080502,68515,COGC',OTC,0.13,0.13,6213,0,Californa Oil&Gas,0,0,0
20080505,68515,COGC',OTC,0.13,0.13,1687,0,Californa Oil&Gas,0,0,0
20080506,68515,COGC',OTC,0.11,0.11,2764,0,Californa Oil&Gas,0,0,0
20080507,68515,COGC',OTC,0.1,0.1,510,0,Californa Oil&Gas,0,0,0
20080508,68515,COGC',OTC,0.11,0.11,1859,0,Californa Oil&Gas,0,0,0
20080509,68515,COGC',OTC,0.11,0.11,3,0,Californa Oil&Gas,0,0,0
20080512,68515,COGC',OTC,0.09,0.09,354,0,Californa Oil&Gas,0,0,0
20080513,68515,COGC',OTC,0.1,0.1,495,0,Californa Oil&Gas,0,0,0
20080514,68515,COGC',OTC,0.1,0.1,2098,0,Californa Oil&Gas,0,0,0
20080515,68515,COGC',OTC,0.1,0.1,372,0,Californa Oil&Gas,0,0,0
20080516,68515,COGC',OTC,0.1,0.1,272,0,Californa Oil&Gas,0,0,0
20080519,68515,COGC',OTC,0.1,0.1,147,0,Californa Oil&Gas,0,0,0
20080520,68515,COGC',OTC,0.1,0.1,729,0,Californa Oil&Gas,0,0,0
20080521,68515,COGC',OTC,0.1,0.1,429,0,Californa Oil&Gas,0,0,0
20080522,68515,COGC',OTC,0.09,0.09,645,0,Californa Oil&Gas,0,0,0
20080523,68515,COGC',OTC,0.1,0.1,849,0,Californa Oil&Gas,0,0,0
20080527,68515,COGC',OTC,0.1,0.1,973,0,Californa Oil&Gas,0,0,0
20080528,68515,COGC',OTC,0.1,0.1,2749,0,Californa Oil&Gas,0,0,0
20080529,68515,COGC',OTC,0.1,0.1,704,0,Californa Oil&Gas,0,0,0
20080530,68515,COGC',OTC,0.11,0.11,1024,0,Californa Oil&Gas,0,0,0
20080602,68515,COGC',OTC,0.09,0.09,886,0,Californa Oil&Gas,0,0,0
20080603,68515,COGC',OTC,0.1,0.1,1024,0,Californa Oil&Gas,0,0,0
20080604,68515,COGC',OTC,0.1,0.1,590,0,Californa Oil&Gas,0,0,0
20080605,68515,COGC',OTC,0.1,0.1,283,0,Californa Oil&Gas,0,0,0
20080606,68515,COGC',OTC,0.09,0.09,284,0,Californa Oil&Gas,0,0,0
20080609,68515,COGC',OTC,0.09,0.09,1361,0,Californa Oil&Gas,0,0,0
20080610,68515,COGC',OTC,0.08,0.08,430,0,Californa Oil&Gas,0,0,0
20080611,68515,COGC',OTC,0.07,0.07,160,0,Californa Oil&Gas,0,0,0
20080612,68515,COGC',OTC,0.06,0.06,1345,0,Californa Oil&Gas,0,0,0
20080613,68515,COGC',OTC,0.07,0.07,566,0,Californa Oil&Gas,0,0,0
20080616,68515,COGC',OTC,0.06,0.06,2760,0,Californa Oil&Gas,0,0,0
20080617,68515,COGC',OTC,0.07,0.07,853,0,Californa Oil&Gas,0,0,0
20080618,68515,COGC',OTC,0.06,0.06,1357,0,Californa Oil&Gas,0,0,0
20080619,68515,COGC',OTC,0.05,0.05,3222,0,Californa Oil&Gas,0,0,0
20080620,68515,COGC',OTC,0.05,0.05,2089,0,Californa Oil&Gas,0,0,0
20080623,68515,COGC',OTC,0.07,0.07,1377,0,Californa Oil&Gas,0,0,0
20080624,68515,COGC',OTC,0.07,0.07,673,0,Californa Oil&Gas,0,0,0
20080625,68515,COGC',OTC,0.06,0.06,442,0,Californa Oil&Gas,0,0,0
20080626,68515,COGC',OTC,0.06,0.06,733,0,Californa Oil&Gas,0,0,0
20080627,68515,COGC',OTC,0.07,0.07,1353,0,Californa Oil&Gas,0,0,0
20080630,68515,COGC',OTC,0.06,0.06,700,0,Californa Oil&Gas,0,0,0
20080701,68515,COGC',OTC,0.06,0.06,83,0,Californa Oil&Gas,0,0,0
20080702,68515,COGC',OTC,0.06,0.06,32,0,Californa Oil&Gas,0,0,0
20080703,68515,COGC',OTC,0.06,0.06,625,0,Californa Oil&Gas,0,0,0
20080707,68515,COGC',OTC,0.06,0.06,125,0,Californa Oil&Gas,0,0,0
20080708,68515,COGC',OTC,0.06,0.06,229,0,Californa Oil&Gas,0,0,0
20080709,68515,COGC',OTC,0.06,0.06,500,0,Californa Oil&Gas,0,0,0
20080710,68515,COGC',OTC,0.06,0.06,10,0,Californa Oil&Gas,0,0,0
20080711,68515,COGC',OTC,0.06,0.06,91,0,Californa Oil&Gas,0,0,0
20080714,68515,COGC',OTC,0.06,0.06,327,0,Californa Oil&Gas,0,0,0
20080715,68515,COGC',OTC,0.06,0.06,546,0,Californa Oil&Gas,0,0,0
20080716,68515,COGC',OTC,0.07,0.07,643,0,Californa Oil&Gas,0,0,0
20080717,68515,COGC',OTC,0.06,0.06,942,0,Californa Oil&Gas,0,0,0
20080718,68515,COGC',OTC,0.07,0.07,648,0,Californa Oil&Gas,0,0,0
20080721,68515,COGC',OTC,0.07,0.07,663,0,Californa Oil&Gas,0,0,0
20080722,68515,COGC',OTC,0.06,0.06,457,0,Californa Oil&Gas,0,0,0
20080723,68515,COGC',OTC,0.06,0.06,313,0,Californa Oil&Gas,0,0,0
20080724,68515,COGC',OTC,0.06,0.06,1660,0,Californa Oil&Gas,0,0,0
20080725,68515,COGC',OTC,0.07,0.07,458,0,Californa Oil&Gas,0,0,0
20080728,68515,COGC',OTC,0.07,0.07,2,0,Californa Oil&Gas,0,0,0
20080729,68515,COGC',OTC,0.07,0.07,25,0,Californa Oil&Gas,0,0,0
20080730,68515,COGC',OTC,0.07,0.07,170,0,Californa Oil&Gas,0,0,0
20080731,68515,COGC',OTC,0.07,0.07,103,0,Californa Oil&Gas,0,0,0
20080801,68515,COGC',OTC,0.08,0.08,341,0,Californa Oil&Gas,0,0,0
20080804,68515,COGC',OTC,0.08,0.08,321,0,Californa Oil&Gas,0,0,0
20080805,68515,COGC',OTC,0.11,0.11,3555,0,Californa Oil&Gas,0,0,0
20080806,68515,COGC',OTC,0.11,0.11,2973,0,Californa Oil&Gas,0,0,0
20080807,68515,COGC',OTC,0.11,0.11,469,0,Californa Oil&Gas,0,0,0
20080808,68515,COGC',OTC,0.11,0.11,1520,0,Californa Oil&Gas,0,0,0
20080811,68515,COGC',OTC,0.1,0.1,505,0,Californa Oil&Gas,0,0,0
20080812,68515,COGC',OTC,0.1,0.1,169,0,Californa Oil&Gas,0,0,0
20080813,68515,COGC',OTC,0.09,0.09,286,0,Californa Oil&Gas,0,0,0
20080814,68515,COGC',OTC,0.08,0.08,575,0,Californa Oil&Gas,0,0,0
20080815,68515,COGC',OTC,0.08,0.08,36,0,Californa Oil&Gas,0,0,0
20080818,68515,COGC',OTC,0.09,0.09,221,0,Californa Oil&Gas,0,0,0
20080819,68515,COGC',OTC,0.09,0.09,877,0,Californa Oil&Gas,0,0,0
20080820,68515,COGC',OTC,0.06,0.06,70,0,Californa Oil&Gas,0,0,0
20080821,68515,COGC',OTC,0.06,0.06,146,0,Californa Oil&Gas,0,0,0
20080822,68515,COGC',OTC,0.07,0.07,267,0,Californa Oil&Gas,0,0,0
20080825,68515,COGC',OTC,0.06,0.06,600,0,Californa Oil&Gas,0,0,0
20080826,68515,COGC',OTC,0.06,0.06,528,0,Californa Oil&Gas,0,0,0
20080827,68515,COGC',OTC,0.06,0.06,687,0,Californa Oil&Gas,0,0,0
20080828,68515,COGC',OTC,0.05,0.05,1615,0,Californa Oil&Gas,0,0,0
20080829,68515,COGC',OTC,0.05,0.05,280,0,Californa Oil&Gas,0,0,0
20080902,68515,COGC',OTC,0.08,0.08,693,0,Californa Oil&Gas,0,0,0
20080903,68515,COGC',OTC,0.06,0.06,30,0,Californa Oil&Gas,0,0,0
20080904,68515,COGC',OTC,0.07,0.07,626,0,Californa Oil&Gas,0,0,0
20080905,68515,COGC',OTC,0.06,0.06,557,0,Californa Oil&Gas,0,0,0
20080908,68515,COGC',OTC,0.06,0.06,1195,0,Californa Oil&Gas,0,0,0
20080909,68515,COGC',OTC,0.06,0.06,598,0,Californa Oil&Gas,0,0,0
20080910,68515,COGC',OTC,0.05,0.05,1719,0,Californa Oil&Gas,0,0,0
20080911,68515,COGC',OTC,0.06,0.06,1303,0,Californa Oil&Gas,0,0,0
20080912,68515,COGC',OTC,0.05,0.05,660,0,Californa Oil&Gas,0,0,0
20080915,68515,COGC',OTC,0.05,0.05,219,0,Californa Oil&Gas,0,0,0
20080916,68515,COGC',OTC,0.05,0.05,545,0,Californa Oil&Gas,0,0,0
20080917,68515,COGC',OTC,0.05,0.05,1043,0,Californa Oil&Gas,0,0,0
20080918,68515,COGC',OTC,0.04,0.04,2863,0,Californa Oil&Gas,0,0,0
20080919,68515,COGC',OTC,0.03,0.03,10355,0,Californa Oil&Gas,0,0,0
20080922,68515,COGC',OTC,0.03,0.03,1712,0,Californa Oil&Gas,0,0,0
20080923,68515,COGC',OTC,0.04,0.04,359,0,Californa Oil&Gas,0,0,0
20080924,68515,COGC',OTC,0.03,0.03,1378,0,Californa Oil&Gas,0,0,0
20080925,68515,COGC',OTC,0.03,0.03,227,0,Californa Oil&Gas,0,0,0
20080926,68515,COGC',OTC,0.03,0.03,1764,0,Californa Oil&Gas,0,0,0
20080929,68515,COGC',OTC,0.03,0.03,487,0,Californa Oil&Gas,0,0,0
20080930,68515,COGC',OTC,0.05,0.05,385,0,Californa Oil&Gas,0,0,0
20081001,68515,COGC',OTC,0.05,0.05,1170,0,Californa Oil&Gas,0,0,0
20081002,68515,COGC',OTC,0.05,0.05,332,0,Californa Oil&Gas,0,0,0
20081003,68515,COGC',OTC,0.05,0.05,115,0,Californa Oil&Gas,0,0,0
20081006,68515,COGC',OTC,0.05,0.05,290,0,Californa Oil&Gas,0,0,0
20081007,68515,COGC',OTC,0.04,0.04,228,0,Californa Oil&Gas,0,0,0
20081008,68515,COGC',OTC,0.03,0.03,360,0,Californa Oil&Gas,0,0,0
20081009,68515,COGC',OTC,0.03,0.03,282,0,Californa Oil&Gas,0,0,0
20081010,68515,COGC',OTC,0.04,0.04,158,0,Californa Oil&Gas,0,0,0
20081013,68515,COGC',OTC,0.03,0.03,141,0,Californa Oil&Gas,0,0,0
20081014,68515,COGC',OTC,0.04,0.04,782,0,Californa Oil&Gas,0,0,0
20081015,68515,COGC',OTC,0.05,0.05,619,0,Californa Oil&Gas,0,0,0
20081016,68515,COGC',OTC,0.04,0.04,815,0,Californa Oil&Gas,0,0,0
20081017,68515,COGC',OTC,0.04,0.04,241,0,Californa Oil&Gas,0,0,0
20081020,68515,COGC',OTC,0.04,0.04,62,0,Californa Oil&Gas,0,0,0
20081021,68515,COGC',OTC,0.05,0.05,6264,0,Californa Oil&Gas,0,0,0
20081022,68515,COGC',OTC,0.05,0.05,2341,0,Californa Oil&Gas,0,0,0
20081023,68515,COGC',OTC,0.04,0.04,1965,0,Californa Oil&Gas,0,0,0
20081024,68515,COGC',OTC,0.04,0.04,3189,0,Californa Oil&Gas,0,0,0
20081027,68515,COGC',OTC,0.05,0.05,30,0,Californa Oil&Gas,0,0,0
20081028,68515,COGC',OTC,0.04,0.04,1862,0,Californa Oil&Gas,0,0,0
20081029,68515,COGC',OTC,0.04,0.04,200,0,Californa Oil&Gas,0,0,0
20081030,68515,COGC',OTC,0.05,0.05,2636,0,Californa Oil&Gas,0,0,0
20081031,68515,COGC',OTC,0.06,0.06,3785,0,Californa Oil&Gas,0,0,0
20081103,68515,COGC',OTC,0.06,0.06,3826,0,Californa Oil&Gas,0,0,0
20081104,68515,COGC',OTC,0.07,0.07,967,0,Californa Oil&Gas,0,0,0
20081105,68515,COGC',OTC,0.06,0.06,1127,0,Californa Oil&Gas,0,0,0
20081106,68515,COGC',OTC,0.07,0.07,755,0,Californa Oil&Gas,0,0,0
20081107,68515,COGC',OTC,0.07,0.07,823,0,Californa Oil&Gas,0,0,0
20081110,68515,COGC',OTC,0.07,0.07,1830,0,Californa Oil&Gas,0,0,0
20081111,68515,COGC',OTC,0.07,0.07,57,0,Californa Oil&Gas,0,0,0
20081112,68515,COGC',OTC,0.05,0.05,1040,0,Californa Oil&Gas,0,0,0
20081113,68515,COGC',OTC,0.06,0.06,659,0,Californa Oil&Gas,0,0,0
20081114,68515,COGC',OTC,0.06,0.06,1652,0,Californa Oil&Gas,0,0,0
20081117,68515,COGC',OTC,0.05,0.05,1154,0,Californa Oil&Gas,0,0,0
20081118,68515,COGC',OTC,0.05,0.05,1074,0,Californa Oil&Gas,0,0,0
20081119,68515,COGC',OTC,0.05,0.05,0,0,Californa Oil&Gas,0,0,0
20081120,68515,COGC',OTC,0.05,0.05,780,0,Californa Oil&Gas,0,0,0
20081121,68515,COGC',OTC,0.02,0.02,7182,0,Californa Oil&Gas,0,0,0
20081124,68515,COGC',OTC,0.03,0.03,2725,0,Californa Oil&Gas,0,0,0
20081125,68515,COGC',OTC,0.03,0.03,2085,0,Californa Oil&Gas,0,0,0
20081126,68515,COGC',OTC,0.03,0.03,476,0,Californa Oil&Gas,0,0,0
20081128,68515,COGC',OTC,0.03,0.03,2449,0,Californa Oil&Gas,0,0,0
20081201,68515,COGC',OTC,0.04,0.04,981,0,Californa Oil&Gas,0,0,0
20081202,68515,COGC',OTC,0.03,0.03,316,0,Californa Oil&Gas,0,0,0
20081203,68515,COGC',OTC,0.04,0.04,352,0,Californa Oil&Gas,0,0,0
20081204,68515,COGC',OTC,0.04,0.04,793,0,Californa Oil&Gas,0,0,0
20081205,68515,COGC',OTC,0.04,0.04,1138,0,Californa Oil&Gas,0,0,0
20081208,68515,COGC',OTC,0.05,0.05,1059,0,Californa Oil&Gas,0,0,0
20081209,68515,COGC',OTC,0.03,0.03,694,0,Californa Oil&Gas,0,0,0
20081210,68515,COGC',OTC,0.04,0.04,3035,0,Californa Oil&Gas,0,0,0
20081211,68515,COGC',OTC,0.04,0.04,583,0,Californa Oil&Gas,0,0,0
20081212,68515,COGC',OTC,0.04,0.04,321,0,Californa Oil&Gas,0,0,0
20081215,68515,COGC',OTC,0.04,0.04,1269,0,Californa Oil&Gas,0,0,0
20081216,68515,COGC',OTC,0.04,0.04,2438,0,Californa Oil&Gas,0,0,0
20081217,68515,COGC',OTC,0.04,0.04,550,0,Californa Oil&Gas,0,0,0
20081218,68515,COGC',OTC,0.04,0.04,105,0,Californa Oil&Gas,0,0,0
20081219,68515,COGC',OTC,0.04,0.04,40,0,Californa Oil&Gas,0,0,0
20081222,68515,COGC',OTC,0.04,0.04,1979,0,Californa Oil&Gas,0,0,0
20081223,68515,COGC',OTC,0.03,0.03,1207,0,Californa Oil&Gas,0,0,0
20081224,68515,COGC',OTC,0.04,0.04,191,0,Californa Oil&Gas,0,0,0
20081226,68515,COGC',OTC,0.03,0.03,271,0,Californa Oil&Gas,0,0,0
20081229,68515,COGC',OTC,0.03,0.03,1233,0,Californa Oil&Gas,0,0,0
20081230,68515,COGC',OTC,0.03,0.03,1033,0,Californa Oil&Gas,0,0,0
20081231,68515,COGC',OTC,0.03,0.03,1005,0,Californa Oil&Gas,0,0,0
20090102,68515,COGC',OTC,0.04,0.04,272,0,Californa Oil&Gas,0,0,0
20090105,68515,COGC',OTC,0.04,0.04,0,0,Californa Oil&Gas,0,0,0
20090106,68515,COGC',OTC,0.04,0.04,239,0,Californa Oil&Gas,0,0,0
20090107,68515,COGC',OTC,0.04,0.04,12,0,Californa Oil&Gas,0,0,0
20090108,68515,COGC',OTC,0.04,0.04,444,0,Californa Oil&Gas,0,0,0
20090109,68515,COGC',OTC,0.04,0.04,198,0,Californa Oil&Gas,0,0,0
20090112,68515,COGC',OTC,0.04,0.04,110,0,Californa Oil&Gas,0,0,0
20090113,68515,COGC',OTC,0.05,0.05,133,0,Californa Oil&Gas,0,0,0
20090114,68515,COGC',OTC,0.03,0.03,894,0,Californa Oil&Gas,0,0,0
20090115,68515,COGC',OTC,0.03,0.03,17,0,Californa Oil&Gas,0,0,0
20090116,68515,COGC',OTC,0.03,0.03,540,0,Californa Oil&Gas,0,0,0
20090120,68515,COGC',OTC,0.03,0.03,169,0,Californa Oil&Gas,0,0,0
20090121,68515,COGC',OTC,0.03,0.03,6,0,Californa Oil&Gas,0,0,0
20090122,68515,COGC',OTC,0.03,0.03,88,0,Californa Oil&Gas,0,0,0
20090123,68515,COGC',OTC,0.03,0.03,52,0,Californa Oil&Gas,0,0,0
20090126,68515,COGC',OTC,0.03,0.03,30,0,Californa Oil&Gas,0,0,0
20090127,68515,COGC',OTC,0.04,0.04,343,0,Californa Oil&Gas,0,0,0
20090128,68515,COGC',OTC,0.04,0.04,92,0,Californa Oil&Gas,0,0,0
20090129,68515,COGC',OTC,0.03,0.03,70,0,Californa Oil&Gas,0,0,0
20090130,68515,COGC',OTC,0.04,0.04,896,0,Californa Oil&Gas,0,0,0
20090202,68515,COGC',OTC,0.04,0.04,1503,0,Californa Oil&Gas,0,0,0
20090203,68515,COGC',OTC,0.04,0.04,96,0,Californa Oil&Gas,0,0,0
20090204,68515,COGC',OTC,0.04,0.04,77,0,Californa Oil&Gas,0,0,0
20090205,68515,COGC',OTC,0.04,0.04,243,0,Californa Oil&Gas,0,0,0
20090206,68515,COGC',OTC,0.04,0.04,50,0,Californa Oil&Gas,0,0,0
20090209,68515,COGC',OTC,0.04,0.04,113,0,Californa Oil&Gas,0,0,0
20090210,68515,COGC',OTC,0.04,0.04,4068,0,Californa Oil&Gas,0,0,0
20090211,68515,COGC',OTC,0.04,0.04,170,0,Californa Oil&Gas,0,0,0
20090212,68515,COGC',OTC,0.04,0.04,450,0,Californa Oil&Gas,0,0,0
20090213,68515,COGC',OTC,0.04,0.04,0,0,Californa Oil&Gas,0,0,0
20090217,68515,COGC',OTC,0.03,0.03,92,0,Californa Oil&Gas,0,0,0
20090218,68515,COGC',OTC,0.03,0.03,225,0,Californa Oil&Gas,0,0,0
20090219,68515,COGC',OTC,0.03,0.03,402,0,Californa Oil&Gas,0,0,0
20090220,68515,COGC',OTC,0.04,0.04,197,0,Californa Oil&Gas,0,0,0
20090223,68515,COGC',OTC,0.03,0.03,270,0,Californa Oil&Gas,0,0,0
20090224,68515,COGC',OTC,0.03,0.03,5540,0,Californa Oil&Gas,0,0,0
20090225,68515,COGC',OTC,0.03,0.03,67,0,Californa Oil&Gas,0,0,0
20090226,68515,COGC',OTC,0.02,0.02,125,0,Californa Oil&Gas,0,0,0
20090227,68515,COGC',OTC,0.03,0.03,2725,0,Californa Oil&Gas,0,0,0
20090302,68515,COGC',OTC,0.02,0.02,1449,0,Californa Oil&Gas,0,0,0
20090303,68515,COGC',OTC,0.02,0.02,232,0,Californa Oil&Gas,0,0,0
20090304,68515,COGC',OTC,0.02,0.02,1207,0,Californa Oil&Gas,0,0,0
20090305,68515,COGC',OTC,0.02,0.02,248,0,Californa Oil&Gas,0,0,0
20090306,68515,COGC',OTC,0.02,0.02,815,0,Californa Oil&Gas,0,0,0
20090309,68515,COGC',OTC,0.02,0.02,1596,0,Californa Oil&Gas,0,0,0
20090310,68515,COGC',OTC,0.01,0.01,1105,0,Californa Oil&Gas,0,0,0
20090311,68515,COGC',OTC,0.01,0.01,13054,0,Californa Oil&Gas,0,0,0
20090312,68515,COGC',OTC,0.01,0.01,2943,0,Californa Oil&Gas,0,0,0
20090313,68515,COGC',OTC,0.01,0.01,600,0,Californa Oil&Gas,0,0,0
20090316,68515,COGC',OTC,0.01,0.01,536,0,Californa Oil&Gas,0,0,0
20090317,68515,COGC',OTC,0.01,0.01,1097,0,Californa Oil&Gas,0,0,0
20090318,68515,COGC',OTC,0.01,0.01,601,0,Californa Oil&Gas,0,0,0
20090319,68515,COGC',OTC,0.01,0.01,85,0,Californa Oil&Gas,0,0,0
20090320,68515,COGC',OTC,0.01,0.01,441,0,Californa Oil&Gas,0,0,0
20090323,68515,COGC',OTC,0.01,0.01,2068,0,Californa Oil&Gas,0,0,0
20090324,68515,COGC',OTC,0.01,0.01,2310,0,Californa Oil&Gas,0,0,0
20090325,68515,COGC',OTC,0.01,0.01,230,0,Californa Oil&Gas,0,0,0
20090326,68515,COGC',OTC,0.01,0.01,260,0,Californa Oil&Gas,0,0,0
20090327,68515,COGC',OTC,0.01,0.01,212,0,Californa Oil&Gas,0,0,0
20090330,68515,COGC',OTC,0.01,0.01,474,0,Californa Oil&Gas,0,0,0
20090331,68515,COGC',OTC,0.01,0.01,3073,0,Californa Oil&Gas,0,0,0
20090401,68515,COGC',OTC,0.01,0.01,152,0,Californa Oil&Gas,0,0,0
20090402,68515,COGC',OTC,0.01,0.01,19874,0,Californa Oil&Gas,0,0,0
20090403,68515,COGC',OTC,0.01,0.01,8221,0,Californa Oil&Gas,0,0,0
20090406,68515,COGC',OTC,0.01,0.01,510,0,Californa Oil&Gas,0,0,0
20090407,68515,COGC',OTC,0.01,0.01,533,0,Californa Oil&Gas,0,0,0
20090408,68515,COGC',OTC,0.01,0.01,1530,0,Californa Oil&Gas,0,0,0
20090409,68515,COGC',OTC,0.01,0.01,295,0,Californa Oil&Gas,0,0,0
20090413,68515,COGC',OTC,0.01,0.01,540,0,Californa Oil&Gas,0,0,0
20090414,68515,COGC',OTC,0.01,0.01,130,0,Californa Oil&Gas,0,0,0
20090415,68515,COGC',OTC,0.01,0.01,350,0,Californa Oil&Gas,0,0,0
20090416,68515,COGC',OTC,0.01,0.01,75,0,Californa Oil&Gas,0,0,0
20090417,68515,COGC',OTC,0.01,0.01,355,0,Californa Oil&Gas,0,0,0
20090420,68515,COGC',OTC,0.01,0.01,10,0,Californa Oil&Gas,0,0,0
20090421,68515,COGC',OTC,0.01,0.01,1000,0,Californa Oil&Gas,0,0,0
20090422,68515,COGC',OTC,0.01,0.01,0,0,Californa Oil&Gas,0,0,0
20090423,68515,COGC',OTC,0.01,0.01,50,0,Californa Oil&Gas,0,0,0
20090424,68515,COGC',OTC,0.01,0.01,0,0,Californa Oil&Gas,0,0,0
20090427,68515,COGC',OTC,0.01,0.01,1250,0,Californa Oil&Gas,0,0,0
20090428,68515,COGC',OTC,0.01,0.01,10,0,Californa Oil&Gas,0,0,0
20090429,68515,COGC',OTC,0.01,0.01,234,0,Californa Oil&Gas,0,0,0
20090430,68515,COGC',OTC,0.01,0.01,62,0,Californa Oil&Gas,0,0,0
20090501,68515,COGC',OTC,0.01,0.01,122,0,Californa Oil&Gas,0,0,0
20090504,68515,COGC',OTC,0.01,0.01,1193,0,Californa Oil&Gas,0,0,0
20090505,68515,COGC',OTC,0.01,0.01,361,0,Californa Oil&Gas,0,0,0
20090506,68515,COGC',OTC,0.01,0.01,420,0,Californa Oil&Gas,0,0,0
20090507,68515,COGC',OTC,0.01,0.01,385,0,Californa Oil&Gas,0,0,0
20090508,68515,COGC',OTC,0.01,0.01,970,0,Californa Oil&Gas,0,0,0
20090511,68515,COGC',OTC,0.01,0.01,0,0,Californa Oil&Gas,0,0,0
20090512,68515,COGC',OTC,0.02,0.02,525,0,Californa Oil&Gas,0,0,0
20090513,68515,COGC',OTC,0.02,0.02,375,0,Californa Oil&Gas,0,0,0
20090514,68515,COGC',OTC,0.01,0.01,750,0,Californa Oil&Gas,0,0,0
20090515,68515,COGC',OTC,0.01,0.01,602,0,Californa Oil&Gas,0,0,0
20090518,68515,COGC',OTC,0.01,0.01,186,0,Californa Oil&Gas,0,0,0
20090519,68515,COGC',OTC,0.01,0.01,201,0,Californa Oil&Gas,0,0,0
20090520,68515,COGC',OTC,0.01,0.01,7,0,Californa Oil&Gas,0,0,0
20090521,68515,COGC',OTC,0.01,0.01,0,0,Californa Oil&Gas,0,0,0
20090522,68515,COGC',OTC,0.01,0.01,160,0,Californa Oil&Gas,0,0,0
20090526,68515,COGC',OTC,0.01,0.01,306,0,Californa Oil&Gas,0,0,0
20090527,68515,COGC',OTC,0.01,0.01,444,0,Californa Oil&Gas,0,0,0
20090528,68515,COGC',OTC,0.01,0.01,10,0,Californa Oil&Gas,0,0,0
20090529,68515,COGC',OTC,0.01,0.01,379,0,Californa Oil&Gas,0,0,0
20090601,68515,COGC',OTC,0.01,0.01,430,0,Californa Oil&Gas,0,0,0
20090602,68515,COGC',OTC,0.01,0.01,545,0,Californa Oil&Gas,0,0,0
20090603,68515,COGC',OTC,0.01,0.01,800,0,Californa Oil&Gas,0,0,0
20090604,68515,COGC',OTC,0.01,0.01,756,0,Californa Oil&Gas,0,0,0
20090605,68515,COGC',OTC,0.01,0.01,0,0,Californa Oil&Gas,0,0,0
20090608,68515,COGC',OTC,0.01,0.01,315,0,Californa Oil&Gas,0,0,0
20090609,68515,COGC',OTC,0.01,0.01,1026,0,Californa Oil&Gas,0,0,0
20090610,68515,COGC',OTC,0.01,0.01,129,0,Californa Oil&Gas,0,0,0
20090611,68515,COGC',OTC,0.01,0.01,790,0,Californa Oil&Gas,0,0,0
20090612,68515,COGC',OTC,0.01,0.01,3894,0,Californa Oil&Gas,0,0,0
20090615,68515,COGC',OTC,0.02,0.02,214,0,Californa Oil&Gas,0,0,0
20090616,68515,COGC',OTC,0.02,0.02,2854,0,Californa Oil&Gas,0,0,0
20090617,68515,COGC',OTC,0.01,0.01,75,0,Californa Oil&Gas,0,0,0
20090618,68515,COGC',OTC,0.02,0.02,205,0,Californa Oil&Gas,0,0,0
20090619,68515,COGC',OTC,0.01,0.01,10,0,Californa Oil&Gas,0,0,0
20090622,68515,COGC',OTC,0.01,0.01,140,0,Californa Oil&Gas,0,0,0
20090623,68515,COGC',OTC,0.01,0.01,33,0,Californa Oil&Gas,0,0,0
20090624,68515,COGC',OTC,0.02,0.02,10,0,Californa Oil&Gas,0,0,0
20090625,68515,COGC',OTC,0.02,0.02,0,0,Californa Oil&Gas,0,0,0
20090626,68515,COGC',OTC,0.01,0.01,260,0,Californa Oil&Gas,0,0,0
20090629,68515,COGC',OTC,0.01,0.01,550,0,Californa Oil&Gas,0,0,0
20090630,68515,COGC',OTC,0.01,0.01,10,0,Californa Oil&Gas,0,0,0
20090701,68515,COGC',OTC,0.01,0.01,0,0,Californa Oil&Gas,0,0,0
20090702,68515,COGC',OTC,0.01,0.01,1120,0,Californa Oil&Gas,0,0,0
20090706,68515,COGC',OTC,0.02,0.02,232,0,Californa Oil&Gas,0,0,0
20090707,68515,COGC',OTC,0.01,0.01,62,0,Californa Oil&Gas,0,0,0
20090708,68515,COGC',OTC,0.01,0.01,212,0,Californa Oil&Gas,0,0,0
20090709,68515,COGC',OTC,0.01,0.01,79,0,Californa Oil&Gas,0,0,0
20090710,68515,COGC',OTC,0.01,0.01,215,0,Californa Oil&Gas,0,0,0
20090713,68515,COGC',OTC,0.02,0.02,78,0,Californa Oil&Gas,0,0,0
20090714,68515,COGC',OTC,0.01,0.01,75,0,Californa Oil&Gas,0,0,0
20090715,68515,COGC',OTC,0.01,0.01,0,0,Californa Oil&Gas,0,0,0
20090716,68515,COGC',OTC,0.01,0.01,240,0,Californa Oil&Gas,0,0,0
20090717,68515,COGC',OTC,0.01,0.01,35,0,Californa Oil&Gas,0,0,0
20090720,68515,COGC',OTC,0.01,0.01,7,0,Californa Oil&Gas,0,0,0
20090721,68515,COGC',OTC,0.01,0.01,0,0,Californa Oil&Gas,0,0,0
20090722,68515,COGC',OTC,0.01,0.01,0,0,Californa Oil&Gas,0,0,0
20090723,68515,COGC',OTC,0.01,0.01,11,0,Californa Oil&Gas,0,0,0
20090724,68515,COGC',OTC,0.01,0.01,195,0,Californa Oil&Gas,0,0,0
20090727,68515,COGC',OTC,0.02,0.02,1269,0,Californa Oil&Gas,0,0,0
20090728,68515,COGC',OTC,0.01,0.01,299,0,Californa Oil&Gas,0,0,0
20090729,68515,COGC',OTC,0.01,0.01,150,0,Californa Oil&Gas,0,0,0
20090730,68515,COGC',OTC,0.01,0.01,30,0,Californa Oil&Gas,0,0,0
20090731,68515,COGC',OTC,0.02,0.02,1100,0,Californa Oil&Gas,0,0,0
20090803,68515,COGC',OTC,0.01,0.01,137,0,Californa Oil&Gas,0,0,0
20090804,68515,COGC',OTC,0.01,0.01,26,0,Californa Oil&Gas,0,0,0
20090805,68515,COGC',OTC,0.01,0.01,972,0,Californa Oil&Gas,0,0,0
20090806,68515,COGC',OTC,0.02,0.02,80,0,Californa Oil&Gas,0,0,0
20090807,68515,COGC',OTC,0.02,0.02,44,0,Californa Oil&Gas,0,0,0
20090810,68515,COGC',OTC,0.01,0.01,421,0,Californa Oil&Gas,0,0,0
20090811,68515,COGC',OTC,0.01,0.01,63,0,Californa Oil&Gas,0,0,0
20090812,68515,COGC',OTC,0.02,0.02,1520,0,Californa Oil&Gas,0,0,0
20090813,68515,COGC',OTC,0.02,0.02,4986,0,Californa Oil&Gas,0,0,0
20090814,68515,COGC',OTC,0.01,0.01,14,0,Californa Oil&Gas,0,0,0
20090817,68515,COGC',OTC,0.02,0.02,1954,0,Californa Oil&Gas,0,0,0
20090818,68515,COGC',OTC,0.02,0.02,107,0,Californa Oil&Gas,0,0,0
20090819,68515,COGC',OTC,0.02,0.02,200,0,Californa Oil&Gas,0,0,0
20090820,68515,COGC',OTC,0.01,0.01,955,0,Californa Oil&Gas,0,0,0
20090821,68515,COGC',OTC,0.01,0.01,70,0,Californa Oil&Gas,0,0,0
20090824,68515,COGC',OTC,0.01,0.01,370,0,Californa Oil&Gas,0,0,0
20090825,68515,COGC',OTC,0.01,0.01,489,0,Californa Oil&Gas,0,0,0
20090826,68515,COGC',OTC,0.01,0.01,0,0,Californa Oil&Gas,0,0,0
20090827,68515,COGC',OTC,0.01,0.01,20,0,Californa Oil&Gas,0,0,0
20090828,68515,COGC',OTC,0.01,0.01,45,0,Californa Oil&Gas,0,0,0
20090831,68515,COGC',OTC,0.01,0.01,0,0,Californa Oil&Gas,0,0,0
20090901,68515,COGC',OTC,0.01,0.01,0,0,Californa Oil&Gas,0,0,0
20090902,68515,COGC',OTC,0.02,0.02,672,0,Californa Oil&Gas,0,0,0
20090903,68515,COGC',OTC,0.02,0.02,13,0,Californa Oil&Gas,0,0,0
20090904,68515,COGC',OTC,0.02,0.02,90,0,Californa Oil&Gas,0,0,0
20090908,68515,COGC',OTC,0.01,0.01,176,0,Californa Oil&Gas,0,0,0
20090909,68515,COGC',OTC,0.01,0.01,512,0,Californa Oil&Gas,0,0,0
20090910,68515,COGC',OTC,0.01,0.01,335,0,Californa Oil&Gas,0,0,0
20090911,68515,COGC',OTC,0.01,0.01,83,0,Californa Oil&Gas,0,0,0
20090914,68515,COGC',OTC,0.01,0.01,20,0,Californa Oil&Gas,0,0,0
20090915,68515,COGC',OTC,0.01,0.01,0,0,Californa Oil&Gas,0,0,0
20090916,68515,COGC',OTC,0.01,0.01,112,0,Californa Oil&Gas,0,0,0
20090917,68515,COGC',OTC,0.01,0.01,9,0,Californa Oil&Gas,0,0,0
20090918,68515,COGC',OTC,0.01,0.01,170,0,Californa Oil&Gas,0,0,0
20090921,68515,COGC',OTC,0.01,0.01,1208,0,Californa Oil&Gas,0,0,0
20090922,68515,COGC',OTC,0.01,0.01,50,0,Californa Oil&Gas,0,0,0
20090923,68515,COGC',OTC,0.01,0.01,30,0,Californa Oil&Gas,0,0,0
20090924,68515,COGC',OTC,0.01,0.01,164,0,Californa Oil&Gas,0,0,0
20090925,68515,COGC',OTC,0.01,0.01,21,0,Californa Oil&Gas,0,0,0
20090928,68515,COGC',OTC,0.01,0.01,10,0,Californa Oil&Gas,0,0,0
20090929,68515,COGC',OTC,0.01,0.01,22,0,Californa Oil&Gas,0,0,0
20090930,68515,COGC',OTC,0.01,0.01,20,0,Californa Oil&Gas,0,0,0
20091001,68515,COGC',OTC,0.01,0.01,1098,0,Californa Oil&Gas,0,0,0
20091002,68515,COGC',OTC,0.01,0.01,20,0,Californa Oil&Gas,0,0,0
20091005,68515,COGC',OTC,0.01,0.01,15,0,Californa Oil&Gas,0,0,0
20091006,68515,COGC',OTC,0.01,0.01,292,0,Californa Oil&Gas,0,0,0
20091007,68515,COGC',OTC,0.01,0.01,36,0,Californa Oil&Gas,0,0,0
20091008,68515,COGC',OTC,0.01,0.01,1565,0,Californa Oil&Gas,0,0,0
20091009,68515,COGC',OTC,0.01,0.01,258,0,Californa Oil&Gas,0,0,0
20091012,68515,COGC',OTC,0.01,0.01,4586,0,Californa Oil&Gas,0,0,0
20091013,68515,COGC',OTC,0.01,0.01,300,0,Californa Oil&Gas,0,0,0
20091014,68515,COGC',OTC,0.01,0.01,109,0,Californa Oil&Gas,0,0,0
20091015,68515,COGC',OTC,0.01,0.01,402,0,Californa Oil&Gas,0,0,0
20091016,68515,COGC',OTC,0.01,0.01,10,0,Californa Oil&Gas,0,0,0
20091019,68515,COGC',OTC,0.01,0.01,136,0,Californa Oil&Gas,0,0,0
20091020,68515,COGC',OTC,0.01,0.01,380,0,Californa Oil&Gas,0,0,0
20091021,68515,COGC',OTC,0.01,0.01,520,0,Californa Oil&Gas,0,0,0
20091022,68515,COGC',OTC,0.01,0.01,5,0,Californa Oil&Gas,0,0,0
20091023,68515,COGC',OTC,0.01,0.01,2748,0,Californa Oil&Gas,0,0,0
20091026,68515,COGC',OTC,0.01,0.01,0,0,Californa Oil&Gas,0,0,0
20091027,68515,COGC',OTC,0.01,0.01,235,0,Californa Oil&Gas,0,0,0
20091028,68515,COGC',OTC,0.01,0.01,945,0,Californa Oil&Gas,0,0,0
20091029,68515,COGC',OTC,0.01,0.01,253,0,Californa Oil&Gas,0,0,0
20091030,68515,COGC',OTC,0.01,0.01,75,0,Californa Oil&Gas,0,0,0
20091102,68515,COGC',OTC,0.01,0.01,247,0,Californa Oil&Gas,0,0,0
20091103,68515,COGC',OTC,0.01,0.01,200,0,Californa Oil&Gas,0,0,0
20091104,68515,COGC',OTC,0.01,0.01,322,0,Californa Oil&Gas,0,0,0
20091105,68515,COGC',OTC,0.01,0.01,0,0,Californa Oil&Gas,0,0,0
20091106,68515,COGC',OTC,0.01,0.01,100,0,Californa Oil&Gas,0,0,0
20091109,68515,COGC',OTC,0.01,0.01,3,0,Californa Oil&Gas,0,0,0
20091110,68515,COGC',OTC,0.01,0.01,200,0,Californa Oil&Gas,0,0,0
20091111,68515,COGC',OTC,0.01,0.01,73,0,Californa Oil&Gas,0,0,0
20091112,68515,COGC',OTC,0.01,0.01,50,0,Californa Oil&Gas,0,0,0
20091113,68515,COGC',OTC,0.01,0.01,26,0,Californa Oil&Gas,0,0,0
20091116,68515,COGC',OTC,0.01,0.01,22,0,Californa Oil&Gas,0,0,0
20091117,68515,COGC',OTC,0.01,0.01,120,0,Californa Oil&Gas,0,0,0
20091118,68515,COGC',OTC,0.01,0.01,43,0,Californa Oil&Gas,0,0,0
20091119,68515,COGC',OTC,0.01,0.01,45,0,Californa Oil&Gas,0,0,0
20091120,68515,COGC',OTC,0.01,0.01,6,0,Californa Oil&Gas,0,0,0
20091123,68515,COGC',OTC,0.01,0.01,180,0,Californa Oil&Gas,0,0,0
20091124,68515,COGC',OTC,0.01,0.01,3185,0,Californa Oil&Gas,0,0,0
20091125,68515,COGC',OTC,0.01,0.01,33,0,Californa Oil&Gas,0,0,0
20091127,68515,COGC',OTC,0.01,0.01,10,0,Californa Oil&Gas,0,0,0
20091130,68515,COGC',OTC,0.01,0.01,40,0,Californa Oil&Gas,0,0,0
20091201,68515,COGC',OTC,0.01,0.01,100,0,Californa Oil&Gas,0,0,0
20091202,68515,COGC',OTC,0.01,0.01,65,0,Californa Oil&Gas,0,0,0
20091203,68515,COGC',OTC,0.01,0.01,817,0,Californa Oil&Gas,0,0,0
20091204,68515,COGC',OTC,0.01,0.01,645,0,Californa Oil&Gas,0,0,0
20091207,68515,COGC',OTC,0.01,0.01,105,0,Californa Oil&Gas,0,0,0
20091208,68515,COGC',OTC,0.01,0.01,10,0,Californa Oil&Gas,0,0,0
20091209,68515,COGC',OTC,0.01,0.01,117,0,Californa Oil&Gas,0,0,0
20091210,68515,COGC',OTC,0.01,0.01,42,0,Californa Oil&Gas,0,0,0
20091211,68515,COGC',OTC,0.01,0.01,34,0,Californa Oil&Gas,0,0,0
20091214,68515,COGC',OTC,0.01,0.01,236,0,Californa Oil&Gas,0,0,0
20091215,68515,COGC',OTC,0.01,0.01,895,0,Californa Oil&Gas,0,0,0
20091216,68515,COGC',OTC,0.01,0.01,3276,0,Californa Oil&Gas,0,0,0
20091217,68515,COGC',OTC,0.01,0.01,140,0,Californa Oil&Gas,0,0,0
20091218,68515,COGC',OTC,0.01,0.01,86,0,Californa Oil&Gas,0,0,0
20091221,68515,COGC',OTC,0.01,0.01,122,0,Californa Oil&Gas,0,0,0
20091222,68515,COGC',OTC,0.01,0.01,390,0,Californa Oil&Gas,0,0,0
20091223,68515,COGC',OTC,0.01,0.01,105,0,Californa Oil&Gas,0,0,0
20091224,68515,COGC',OTC,0.01,0.01,165,0,Californa Oil&Gas,0,0,0
