DDate,CSINumber,Symbol,Exchange,DClose,UnAdjustedClose,TotalVolume,Cash,MarketName,PTB,PSR,DPS
20060531,68773,AFNCF',OTC,1.5,1.5,0,0,African Copper PLC,0,0,0
20060601,68773,AFNCF',OTC,1.5,1.5,0,0,African Copper PLC,0,0,0
20060602,68773,AFNCF',OTC,1.33,1.33,100,0,African Copper PLC,0,0,0
20060605,68773,AFNCF',OTC,1.33,1.33,0,0,African Copper PLC,0,0,0
20060606,68773,AFNCF',OTC,1.33,1.33,0,0,African Copper PLC,0,0,0
20060607,68773,AFNCF',OTC,1.33,1.33,0,0,African Copper PLC,0,0,0
20060608,68773,AFNCF',OTC,1.33,1.33,0,0,African Copper PLC,0,0,0
20060609,68773,AFNCF',OTC,1.33,1.33,0,0,African Copper PLC,0,0,0
20060612,68773,AFNCF',OTC,1.33,1.33,0,0,African Copper PLC,0,0,0
20060613,68773,AFNCF',OTC,1.33,1.33,0,0,African Copper PLC,0,0,0
20060614,68773,AFNCF',OTC,1.33,1.33,0,0,African Copper PLC,0,0,0
20060615,68773,AFNCF',OTC,1.3,1.3,150,0,African Copper PLC,0,0,0
20060616,68773,AFNCF',OTC,1.27,1.27,30,0,African Copper PLC,0,0,0
20060619,68773,AFNCF',OTC,1.27,1.27,0,0,African Copper PLC,0,0,0
20060620,68773,AFNCF',OTC,1.27,1.27,0,0,African Copper PLC,0,0,0
20060621,68773,AFNCF',OTC,1.27,1.27,0,0,African Copper PLC,0,0,0
20060622,68773,AFNCF',OTC,1.27,1.27,0,0,African Copper PLC,0,0,0
20060623,68773,AFNCF',OTC,1.11,1.11,85,0,African Copper PLC,0,0,0
20060626,68773,AFNCF',OTC,1.08,1.08,89,0,African Copper PLC,0,0,0
20060627,68773,AFNCF',OTC,1.08,1.08,0,0,African Copper PLC,0,0,0
20060628,68773,AFNCF',OTC,1.06,1.06,200,0,African Copper PLC,0,0,0
20060629,68773,AFNCF',OTC,1.06,1.06,0,0,African Copper PLC,0,0,0
20060630,68773,AFNCF',OTC,1.06,1.06,0,0,African Copper PLC,0,0,0
20060703,68773,AFNCF',OTC,1.06,1.06,0,0,African Copper PLC,0,0,0
20060705,68773,AFNCF',OTC,1.06,1.06,0,0,African Copper PLC,0,0,0
20060706,68773,AFNCF',OTC,1.06,1.06,0,0,African Copper PLC,0,0,0
20060707,68773,AFNCF',OTC,1.06,1.06,0,0,African Copper PLC,0,0,0
20060710,68773,AFNCF',OTC,1.25,1.25,20,0,African Copper PLC,0,0,0
20060711,68773,AFNCF',OTC,1.25,1.25,0,0,African Copper PLC,0,0,0
20060712,68773,AFNCF',OTC,1.25,1.25,0,0,African Copper PLC,0,0,0
20060713,68773,AFNCF',OTC,1.25,1.25,0,0,African Copper PLC,0,0,0
20060714,68773,AFNCF',OTC,1.25,1.25,0,0,African Copper PLC,0,0,0
20060717,68773,AFNCF',OTC,1.25,1.25,0,0,African Copper PLC,0,0,0
20060718,68773,AFNCF',OTC,1.25,1.25,0,0,African Copper PLC,0,0,0
20060719,68773,AFNCF',OTC,1.25,1.25,0,0,African Copper PLC,0,0,0
20060720,68773,AFNCF',OTC,1.25,1.25,0,0,African Copper PLC,0,0,0
20060721,68773,AFNCF',OTC,1.25,1.25,0,0,African Copper PLC,0,0,0
20060724,68773,AFNCF',OTC,1.25,1.25,0,0,African Copper PLC,0,0,0
20060725,68773,AFNCF',OTC,1.25,1.25,0,0,African Copper PLC,0,0,0
20060726,68773,AFNCF',OTC,1.25,1.25,0,0,African Copper PLC,0,0,0
20060727,68773,AFNCF',OTC,1.25,1.25,0,0,African Copper PLC,0,0,0
20060728,68773,AFNCF',OTC,1.25,1.25,0,0,African Copper PLC,0,0,0
20060731,68773,AFNCF',OTC,1.25,1.25,0,0,African Copper PLC,0,0,0
20060801,68773,AFNCF',OTC,1.25,1.25,0,0,African Copper PLC,0,0,0
20060802,68773,AFNCF',OTC,1.25,1.25,0,0,African Copper PLC,0,0,0
20060803,68773,AFNCF',OTC,1.25,1.25,0,0,African Copper PLC,0,0,0
20060804,68773,AFNCF',OTC,1.25,1.25,0,0,African Copper PLC,0,0,0
20060807,68773,AFNCF',OTC,1.25,1.25,0,0,African Copper PLC,0,0,0
20060808,68773,AFNCF',OTC,1.25,1.25,0,0,African Copper PLC,0,0,0
20060809,68773,AFNCF',OTC,1.25,1.25,0,0,African Copper PLC,0,0,0
20060810,68773,AFNCF',OTC,1.25,1.25,0,0,African Copper PLC,0,0,0
20060811,68773,AFNCF',OTC,1.25,1.25,0,0,African Copper PLC,0,0,0
20060814,68773,AFNCF',OTC,1.25,1.25,0,0,African Copper PLC,0,0,0
20060815,68773,AFNCF',OTC,1.25,1.25,0,0,African Copper PLC,0,0,0
20060816,68773,AFNCF',OTC,1.25,1.25,0,0,African Copper PLC,0,0,0
20060817,68773,AFNCF',OTC,1.25,1.25,0,0,African Copper PLC,0,0,0
20060818,68773,AFNCF',OTC,1.26,1.26,20,0,African Copper PLC,0,0,0
20060821,68773,AFNCF',OTC,1.26,1.26,0,0,African Copper PLC,0,0,0
20060822,68773,AFNCF',OTC,1.26,1.26,0,0,African Copper PLC,0,0,0
20060823,68773,AFNCF',OTC,1.26,1.26,0,0,African Copper PLC,0,0,0
20060824,68773,AFNCF',OTC,1.26,1.26,0,0,African Copper PLC,0,0,0
20060825,68773,AFNCF',OTC,1.26,1.26,0,0,African Copper PLC,0,0,0
20060828,68773,AFNCF',OTC,1.28,1.28,100,0,African Copper PLC,0,0,0
20060829,68773,AFNCF',OTC,1.28,1.28,0,0,African Copper PLC,0,0,0
20060830,68773,AFNCF',OTC,1.28,1.28,0,0,African Copper PLC,0,0,0
20060831,68773,AFNCF',OTC,1.28,1.28,0,0,African Copper PLC,0,0,0
20060901,68773,AFNCF',OTC,1.28,1.28,0,0,African Copper PLC,0,0,0
20060905,68773,AFNCF',OTC,1.28,1.28,0,0,African Copper PLC,0,0,0
20060906,68773,AFNCF',OTC,1.28,1.28,0,0,African Copper PLC,0,0,0
20060907,68773,AFNCF',OTC,1.28,1.28,0,0,African Copper PLC,0,0,0
20060908,68773,AFNCF',OTC,1.28,1.28,0,0,African Copper PLC,0,0,0
20060911,68773,AFNCF',OTC,1.28,1.28,0,0,African Copper PLC,0,0,0
20060912,68773,AFNCF',OTC,1.28,1.28,0,0,African Copper PLC,0,0,0
20060913,68773,AFNCF',OTC,1.28,1.28,0,0,African Copper PLC,0,0,0
20060914,68773,AFNCF',OTC,1.25,1.25,20,0,African Copper PLC,0,0,0
20060915,68773,AFNCF',OTC,1.25,1.25,0,0,African Copper PLC,0,0,0
20060918,68773,AFNCF',OTC,1.25,1.25,0,0,African Copper PLC,0,0,0
20060919,68773,AFNCF',OTC,1.25,1.25,0,0,African Copper PLC,0,0,0
20060920,68773,AFNCF',OTC,1.25,1.25,0,0,African Copper PLC,0,0,0
20060921,68773,AFNCF',OTC,1.25,1.25,0,0,African Copper PLC,0,0,0
20060922,68773,AFNCF',OTC,1.25,1.25,0,0,African Copper PLC,0,0,0
20060925,68773,AFNCF',OTC,1.25,1.25,0,0,African Copper PLC,0,0,0
20060926,68773,AFNCF',OTC,1.25,1.25,0,0,African Copper PLC,0,0,0
20060927,68773,AFNCF',OTC,1.25,1.25,0,0,African Copper PLC,0,0,0
20060928,68773,AFNCF',OTC,1.25,1.25,0,0,African Copper PLC,0,0,0
20060929,68773,AFNCF',OTC,1.25,1.25,0,0,African Copper PLC,0,0,0
20061002,68773,AFNCF',OTC,1.25,1.25,0,0,African Copper PLC,0,0,0
20061003,68773,AFNCF',OTC,1.25,1.25,0,0,African Copper PLC,0,0,0
20061004,68773,AFNCF',OTC,1.25,1.25,0,0,African Copper PLC,0,0,0
20061005,68773,AFNCF',OTC,1.25,1.25,0,0,African Copper PLC,0,0,0
20061006,68773,AFNCF',OTC,1.25,1.25,0,0,African Copper PLC,0,0,0
20061009,68773,AFNCF',OTC,1.25,1.25,0,0,African Copper PLC,0,0,0
20061010,68773,AFNCF',OTC,1.25,1.25,0,0,African Copper PLC,0,0,0
20061011,68773,AFNCF',OTC,1.25,1.25,0,0,African Copper PLC,0,0,0
20061012,68773,AFNCF',OTC,1.25,1.25,0,0,African Copper PLC,0,0,0
20061013,68773,AFNCF',OTC,1.25,1.25,0,0,African Copper PLC,0,0,0
20061016,68773,AFNCF',OTC,1.25,1.25,0,0,African Copper PLC,0,0,0
20061017,68773,AFNCF',OTC,1.25,1.25,0,0,African Copper PLC,0,0,0
20061018,68773,AFNCF',OTC,1.25,1.25,0,0,African Copper PLC,0,0,0
20061019,68773,AFNCF',OTC,1.25,1.25,0,0,African Copper PLC,0,0,0
20061020,68773,AFNCF',OTC,1.25,1.25,0,0,African Copper PLC,0,0,0
20061023,68773,AFNCF',OTC,1.25,1.25,0,0,African Copper PLC,0,0,0
20061024,68773,AFNCF',OTC,1.25,1.25,0,0,African Copper PLC,0,0,0
20061025,68773,AFNCF',OTC,1.25,1.25,0,0,African Copper PLC,0,0,0
20061026,68773,AFNCF',OTC,1.4,1.4,40,0,African Copper PLC,0,0,0
20061027,68773,AFNCF',OTC,1.4,1.4,0,0,African Copper PLC,0,0,0
20061030,68773,AFNCF',OTC,1.4,1.4,0,0,African Copper PLC,0,0,0
20061031,68773,AFNCF',OTC,1.4,1.4,0,0,African Copper PLC,0,0,0
20061101,68773,AFNCF',OTC,1.4,1.4,0,0,African Copper PLC,0,0,0
20061102,68773,AFNCF',OTC,1.4,1.4,0,0,African Copper PLC,0,0,0
20061103,68773,AFNCF',OTC,1.4,1.4,0,0,African Copper PLC,0,0,0
20061106,68773,AFNCF',OTC,1.4,1.4,0,0,African Copper PLC,0,0,0
20061107,68773,AFNCF',OTC,1.4,1.4,0,0,African Copper PLC,0,0,0
20061108,68773,AFNCF',OTC,1.4,1.4,0,0,African Copper PLC,0,0,0
20061109,68773,AFNCF',OTC,1.4,1.4,0,0,African Copper PLC,0,0,0
20061110,68773,AFNCF',OTC,1.4,1.4,0,0,African Copper PLC,0,0,0
20061113,68773,AFNCF',OTC,1.4,1.4,0,0,African Copper PLC,0,0,0
20061114,68773,AFNCF',OTC,1.4,1.4,0,0,African Copper PLC,0,0,0
20061115,68773,AFNCF',OTC,1.1,1.1,14,0,African Copper PLC,0,0,0
20061116,68773,AFNCF',OTC,1.1,1.1,0,0,African Copper PLC,0,0,0
20061117,68773,AFNCF',OTC,1.1,1.1,0,0,African Copper PLC,0,0,0
20061120,68773,AFNCF',OTC,1.1,1.1,0,0,African Copper PLC,0,0,0
20061121,68773,AFNCF',OTC,1.1,1.1,0,0,African Copper PLC,0,0,0
20061122,68773,AFNCF',OTC,1.27,1.27,30,0,African Copper PLC,0,0,0
20061124,68773,AFNCF',OTC,1.27,1.27,0,0,African Copper PLC,0,0,0
20061127,68773,AFNCF',OTC,1.27,1.27,0,0,African Copper PLC,0,0,0
20061128,68773,AFNCF',OTC,1.32,1.32,0,0,African Copper PLC,0,0,0
20061129,68773,AFNCF',OTC,1.32,1.32,0,0,African Copper PLC,0,0,0
20061130,68773,AFNCF',OTC,1.32,1.32,0,0,African Copper PLC,0,0,0
20061201,68773,AFNCF',OTC,1.32,1.32,0,0,African Copper PLC,0,0,0
20061204,68773,AFNCF',OTC,1.32,1.32,0,0,African Copper PLC,0,0,0
20061205,68773,AFNCF',OTC,1.32,1.32,0,0,African Copper PLC,0,0,0
20061206,68773,AFNCF',OTC,1.32,1.32,0,0,African Copper PLC,0,0,0
20061207,68773,AFNCF',OTC,1.32,1.32,0,0,African Copper PLC,0,0,0
20061208,68773,AFNCF',OTC,1.32,1.32,0,0,African Copper PLC,0,0,0
20061211,68773,AFNCF',OTC,1.32,1.32,0,0,African Copper PLC,0,0,0
20061212,68773,AFNCF',OTC,1.32,1.32,0,0,African Copper PLC,0,0,0
20061213,68773,AFNCF',OTC,1.32,1.32,0,0,African Copper PLC,0,0,0
20061214,68773,AFNCF',OTC,1.32,1.32,0,0,African Copper PLC,0,0,0
20061215,68773,AFNCF',OTC,1.32,1.32,0,0,African Copper PLC,0,0,0
20061218,68773,AFNCF',OTC,1.32,1.32,0,0,African Copper PLC,0,0,0
20061219,68773,AFNCF',OTC,1.32,1.32,0,0,African Copper PLC,0,0,0
20061220,68773,AFNCF',OTC,1.23,1.23,600,0,African Copper PLC,0,0,0
20061221,68773,AFNCF',OTC,1.23,1.23,0,0,African Copper PLC,0,0,0
20061222,68773,AFNCF',OTC,1.23,1.23,0,0,African Copper PLC,0,0,0
20061226,68773,AFNCF',OTC,1.23,1.23,0,0,African Copper PLC,0,0,0
20061227,68773,AFNCF',OTC,1.23,1.23,0,0,African Copper PLC,0,0,0
20061228,68773,AFNCF',OTC,1.23,1.23,0,0,African Copper PLC,0,0,0
20061229,68773,AFNCF',OTC,1.23,1.23,0,0,African Copper PLC,0,0,0
20070103,68773,AFNCF',OTC,1.23,1.23,0,0,African Copper PLC,0,0,0
20070104,68773,AFNCF',OTC,1.23,1.23,0,0,African Copper PLC,0,0,0
20070105,68773,AFNCF',OTC,1.23,1.23,0,0,African Copper PLC,0,0,0
20070108,68773,AFNCF',OTC,1.23,1.23,0,0,African Copper PLC,0,0,0
20070109,68773,AFNCF',OTC,1.23,1.23,0,0,African Copper PLC,0,0,0
20070110,68773,AFNCF',OTC,1.23,1.23,0,0,African Copper PLC,0,0,0
20070111,68773,AFNCF',OTC,1.23,1.23,0,0,African Copper PLC,0,0,0
20070112,68773,AFNCF',OTC,1.17,1.17,500,0,African Copper PLC,0,0,0
20070116,68773,AFNCF',OTC,1.17,1.17,0,0,African Copper PLC,0,0,0
20070117,68773,AFNCF',OTC,1.17,1.17,0,0,African Copper PLC,0,0,0
20070118,68773,AFNCF',OTC,1.17,1.17,0,0,African Copper PLC,0,0,0
20070119,68773,AFNCF',OTC,1.14,1.14,800,0,African Copper PLC,0,0,0
20070122,68773,AFNCF',OTC,1,1,20,0,African Copper PLC,0,0,0
20070123,68773,AFNCF',OTC,1.18,1.18,800,0,African Copper PLC,0,0,0
20070124,68773,AFNCF',OTC,1.18,1.18,0,0,African Copper PLC,0,0,0
20070125,68773,AFNCF',OTC,1.18,1.18,0,0,African Copper PLC,0,0,0
20070126,68773,AFNCF',OTC,1.14,1.14,1000,0,African Copper PLC,0,0,0
20070129,68773,AFNCF',OTC,1.13,1.13,1000,0,African Copper PLC,0,0,0
20070130,68773,AFNCF',OTC,1.13,1.13,0,0,African Copper PLC,0,0,0
20070131,68773,AFNCF',OTC,1.13,1.13,2000,0,African Copper PLC,0,0,0
20070201,68773,AFNCF',OTC,1.13,1.13,3000,0,African Copper PLC,0,0,0
20070202,68773,AFNCF',OTC,1.13,1.13,1000,0,African Copper PLC,0,0,0
20070205,68773,AFNCF',OTC,1.13,1.13,0,0,African Copper PLC,0,0,0
20070206,68773,AFNCF',OTC,1.13,1.13,0,0,African Copper PLC,0,0,0
20070207,68773,AFNCF',OTC,1.13,1.13,0,0,African Copper PLC,0,0,0
20070208,68773,AFNCF',OTC,1.12,1.12,20,0,African Copper PLC,0,0,0
20070209,68773,AFNCF',OTC,1.12,1.12,0,0,African Copper PLC,0,0,0
20070212,68773,AFNCF',OTC,1.12,1.12,0,0,African Copper PLC,0,0,0
20070213,68773,AFNCF',OTC,1.11,1.11,19,0,African Copper PLC,0,0,0
20070214,68773,AFNCF',OTC,1.11,1.11,0,0,African Copper PLC,0,0,0
20070215,68773,AFNCF',OTC,1.11,1.11,0,0,African Copper PLC,0,0,0
20070216,68773,AFNCF',OTC,1.11,1.11,0,0,African Copper PLC,0,0,0
20070220,68773,AFNCF',OTC,1.11,1.11,0,0,African Copper PLC,0,0,0
20070221,68773,AFNCF',OTC,1.11,1.11,0,0,African Copper PLC,0,0,0
20070222,68773,AFNCF',OTC,1.25,1.25,100,0,African Copper PLC,0,0,0
20070223,68773,AFNCF',OTC,1.25,1.25,0,0,African Copper PLC,0,0,0
20070226,68773,AFNCF',OTC,1.25,1.25,0,0,African Copper PLC,0,0,0
20070227,68773,AFNCF',OTC,1.25,1.25,0,0,African Copper PLC,0,0,0
20070228,68773,AFNCF',OTC,1.25,1.25,0,0,African Copper PLC,0,0,0
20070301,68773,AFNCF',OTC,1.25,1.25,0,0,African Copper PLC,0,0,0
20070302,68773,AFNCF',OTC,1.25,1.25,0,0,African Copper PLC,0,0,0
20070305,68773,AFNCF',OTC,1.25,1.25,0,0,African Copper PLC,0,0,0
20070306,68773,AFNCF',OTC,1.25,1.25,0,0,African Copper PLC,0,0,0
20070307,68773,AFNCF',OTC,1.13,1.13,15,0,African Copper PLC,0,0,0
20070308,68773,AFNCF',OTC,1.13,1.13,0,0,African Copper PLC,0,0,0
20070309,68773,AFNCF',OTC,1.13,1.13,0,0,African Copper PLC,0,0,0
20070312,68773,AFNCF',OTC,1.13,1.13,0,0,African Copper PLC,0,0,0
20070313,68773,AFNCF',OTC,1.13,1.13,0,0,African Copper PLC,0,0,0
20070314,68773,AFNCF',OTC,1.13,1.13,0,0,African Copper PLC,0,0,0
20070315,68773,AFNCF',OTC,1.13,1.13,0,0,African Copper PLC,0,0,0
20070316,68773,AFNCF',OTC,1.13,1.13,0,0,African Copper PLC,0,0,0
20070319,68773,AFNCF',OTC,1.13,1.13,0,0,African Copper PLC,0,0,0
20070320,68773,AFNCF',OTC,1.29,1.29,50,0,African Copper PLC,0,0,0
20070321,68773,AFNCF',OTC,1.29,1.29,0,0,African Copper PLC,0,0,0
20070322,68773,AFNCF',OTC,1.31,1.31,100,0,African Copper PLC,0,0,0
20070323,68773,AFNCF',OTC,1.42,1.42,4,0,African Copper PLC,0,0,0
20070326,68773,AFNCF',OTC,1.55,1.55,4,0,African Copper PLC,0,0,0
20070327,68773,AFNCF',OTC,1.55,1.55,0,0,African Copper PLC,0,0,0
20070328,68773,AFNCF',OTC,1.55,1.55,0,0,African Copper PLC,0,0,0
20070329,68773,AFNCF',OTC,1.55,1.55,0,0,African Copper PLC,0,0,0
20070330,68773,AFNCF',OTC,1.55,1.55,0,0,African Copper PLC,0,0,0
20070402,68773,AFNCF',OTC,1.55,1.55,0,0,African Copper PLC,0,0,0
20070403,68773,AFNCF',OTC,1.55,1.55,75,0,African Copper PLC,0,0,0
20070404,68773,AFNCF',OTC,1.55,1.55,0,0,African Copper PLC,0,0,0
20070405,68773,AFNCF',OTC,1.55,1.55,0,0,African Copper PLC,0,0,0
20070409,68773,AFNCF',OTC,1.55,1.55,28,0,African Copper PLC,0,0,0
20070410,68773,AFNCF',OTC,1.55,1.55,0,0,African Copper PLC,0,0,0
20070411,68773,AFNCF',OTC,1.58,1.58,50,0,African Copper PLC,0,0,0
20070412,68773,AFNCF',OTC,1.47,1.47,100,0,African Copper PLC,0,0,0
20070413,68773,AFNCF',OTC,1.47,1.47,0,0,African Copper PLC,0,0,0
20070416,68773,AFNCF',OTC,1.47,1.47,0,0,African Copper PLC,0,0,0
20070417,68773,AFNCF',OTC,1.47,1.47,0,0,African Copper PLC,0,0,0
20070418,68773,AFNCF',OTC,1.54,1.54,8,0,African Copper PLC,0,0,0
20070419,68773,AFNCF',OTC,1.54,1.54,0,0,African Copper PLC,0,0,0
20070420,68773,AFNCF',OTC,1.54,1.54,0,0,African Copper PLC,0,0,0
20070423,68773,AFNCF',OTC,1.5,1.5,62,0,African Copper PLC,0,0,0
20070424,68773,AFNCF',OTC,1.5,1.5,0,0,African Copper PLC,0,0,0
20070425,68773,AFNCF',OTC,1.48,1.48,140,0,African Copper PLC,0,0,0
20070426,68773,AFNCF',OTC,1.48,1.48,0,0,African Copper PLC,0,0,0
20070427,68773,AFNCF',OTC,1.48,1.48,0,0,African Copper PLC,0,0,0
20070430,68773,AFNCF',OTC,1.48,1.48,0,0,African Copper PLC,0,0,0
20070501,68773,AFNCF',OTC,1.48,1.48,0,0,African Copper PLC,0,0,0
20070502,68773,AFNCF',OTC,1.48,1.48,0,0,African Copper PLC,0,0,0
20070503,68773,AFNCF',OTC,1.48,1.48,0,0,African Copper PLC,0,0,0
20070504,68773,AFNCF',OTC,1.48,1.48,0,0,African Copper PLC,0,0,0
20070507,68773,AFNCF',OTC,1.48,1.48,0,0,African Copper PLC,0,0,0
20070508,68773,AFNCF',OTC,1.48,1.48,0,0,African Copper PLC,0,0,0
20070509,68773,AFNCF',OTC,1.48,1.48,0,0,African Copper PLC,0,0,0
20070510,68773,AFNCF',OTC,1.48,1.48,0,0,African Copper PLC,0,0,0
20070511,68773,AFNCF',OTC,1.53,1.53,68,0,African Copper PLC,0,0,0
20070514,68773,AFNCF',OTC,1.54,1.54,50,0,African Copper PLC,0,0,0
20070515,68773,AFNCF',OTC,1.54,1.54,0,0,African Copper PLC,0,0,0
20070516,68773,AFNCF',OTC,1.54,1.54,0,0,African Copper PLC,0,0,0
20070517,68773,AFNCF',OTC,1.54,1.54,0,0,African Copper PLC,0,0,0
20070518,68773,AFNCF',OTC,1.42,1.42,4,0,African Copper PLC,0,0,0
20070521,68773,AFNCF',OTC,1.42,1.42,0,0,African Copper PLC,0,0,0
20070522,68773,AFNCF',OTC,1.42,1.42,0,0,African Copper PLC,0,0,0
20070523,68773,AFNCF',OTC,1.42,1.42,0,0,African Copper PLC,0,0,0
20070524,68773,AFNCF',OTC,1.44,1.44,10,0,African Copper PLC,0,0,0
20070525,68773,AFNCF',OTC,1.46,1.46,50,0,African Copper PLC,0,0,0
20070529,68773,AFNCF',OTC,1.46,1.46,0,0,African Copper PLC,0,0,0
20070530,68773,AFNCF',OTC,1.3,1.3,2,0,African Copper PLC,0,0,0
20070531,68773,AFNCF',OTC,1.3,1.3,0,0,African Copper PLC,0,0,0
20070601,68773,AFNCF',OTC,1.46,1.46,35,0,African Copper PLC,0,0,0
20070604,68773,AFNCF',OTC,1.36,1.36,2,0,African Copper PLC,0,0,0
20070605,68773,AFNCF',OTC,1.36,1.36,0,0,African Copper PLC,0,0,0
20070606,68773,AFNCF',OTC,1.53,1.53,19,0,African Copper PLC,0,0,0
20070607,68773,AFNCF',OTC,1.53,1.53,0,0,African Copper PLC,0,0,0
20070608,68773,AFNCF',OTC,1.53,1.53,0,0,African Copper PLC,0,0,0
20070611,68773,AFNCF',OTC,1.53,1.53,0,0,African Copper PLC,0,0,0
20070612,68773,AFNCF',OTC,1.53,1.53,0,0,African Copper PLC,0,0,0
20070613,68773,AFNCF',OTC,1.59,1.59,50,0,African Copper PLC,0,0,0
20070614,68773,AFNCF',OTC,1.59,1.59,0,0,African Copper PLC,0,0,0
20070615,68773,AFNCF',OTC,1.59,1.59,0,0,African Copper PLC,0,0,0
20070618,68773,AFNCF',OTC,1.77,1.77,20,0,African Copper PLC,0,0,0
20070619,68773,AFNCF',OTC,1.77,1.77,0,0,African Copper PLC,0,0,0
20070620,68773,AFNCF',OTC,1.77,1.77,0,0,African Copper PLC,0,0,0
20070621,68773,AFNCF',OTC,1.77,1.77,0,0,African Copper PLC,0,0,0
20070622,68773,AFNCF',OTC,1.77,1.77,0,0,African Copper PLC,0,0,0
20070625,68773,AFNCF',OTC,1.77,1.77,0,0,African Copper PLC,0,0,0
20070626,68773,AFNCF',OTC,1.73,1.73,50,0,African Copper PLC,0,0,0
20070627,68773,AFNCF',OTC,1.76,1.76,25,0,African Copper PLC,0,0,0
20070628,68773,AFNCF',OTC,1.77,1.77,1,0,African Copper PLC,0,0,0
20070629,68773,AFNCF',OTC,1.77,1.77,0,0,African Copper PLC,0,0,0
20070702,68773,AFNCF',OTC,1.8,1.8,300,0,African Copper PLC,0,0,0
20070703,68773,AFNCF',OTC,1.85,1.85,108,0,African Copper PLC,0,0,0
20070705,68773,AFNCF',OTC,1.85,1.85,0,0,African Copper PLC,0,0,0
20070706,68773,AFNCF',OTC,1.85,1.85,0,0,African Copper PLC,0,0,0
20070709,68773,AFNCF',OTC,1.85,1.85,0,0,African Copper PLC,0,0,0
20070710,68773,AFNCF',OTC,1.85,1.85,0,0,African Copper PLC,0,0,0
20070711,68773,AFNCF',OTC,1.91,1.91,200,0,African Copper PLC,0,0,0
20070712,68773,AFNCF',OTC,1.91,1.91,0,0,African Copper PLC,0,0,0
20070713,68773,AFNCF',OTC,1.91,1.91,0,0,African Copper PLC,0,0,0
20070716,68773,AFNCF',OTC,1.91,1.91,0,0,African Copper PLC,0,0,0
20070717,68773,AFNCF',OTC,1.91,1.91,0,0,African Copper PLC,0,0,0
20070718,68773,AFNCF',OTC,1.91,1.91,0,0,African Copper PLC,0,0,0
20070719,68773,AFNCF',OTC,1.91,1.91,0,0,African Copper PLC,0,0,0
20070720,68773,AFNCF',OTC,1.91,1.91,0,0,African Copper PLC,0,0,0
20070723,68773,AFNCF',OTC,1.91,1.91,0,0,African Copper PLC,0,0,0
20070724,68773,AFNCF',OTC,1.91,1.91,0,0,African Copper PLC,0,0,0
20070725,68773,AFNCF',OTC,1.91,1.91,0,0,African Copper PLC,0,0,0
20070726,68773,AFNCF',OTC,1.91,1.91,0,0,African Copper PLC,0,0,0
20070727,68773,AFNCF',OTC,1.91,1.91,0,0,African Copper PLC,0,0,0
20070730,68773,AFNCF',OTC,1.91,1.91,0,0,African Copper PLC,0,0,0
20070731,68773,AFNCF',OTC,1.91,1.91,0,0,African Copper PLC,0,0,0
20070801,68773,AFNCF',OTC,1.91,1.91,0,0,African Copper PLC,0,0,0
20070802,68773,AFNCF',OTC,1.91,1.91,0,0,African Copper PLC,0,0,0
20070803,68773,AFNCF',OTC,1.91,1.91,0,0,African Copper PLC,0,0,0
20070806,68773,AFNCF',OTC,1.78,1.78,20,0,African Copper PLC,0,0,0
20070807,68773,AFNCF',OTC,1.78,1.78,0,0,African Copper PLC,0,0,0
20070808,68773,AFNCF',OTC,1.78,1.78,0,0,African Copper PLC,0,0,0
20070809,68773,AFNCF',OTC,1.78,1.78,0,0,African Copper PLC,0,0,0
20070810,68773,AFNCF',OTC,1.7,1.7,10,0,African Copper PLC,0,0,0
20070813,68773,AFNCF',OTC,1.7,1.7,0,0,African Copper PLC,0,0,0
20070814,68773,AFNCF',OTC,1.7,1.7,0,0,African Copper PLC,0,0,0
20070815,68773,AFNCF',OTC,1.7,1.7,0,0,African Copper PLC,0,0,0
20070816,68773,AFNCF',OTC,1.7,1.7,0,0,African Copper PLC,0,0,0
20070817,68773,AFNCF',OTC,1.7,1.7,0,0,African Copper PLC,0,0,0
20070820,68773,AFNCF',OTC,1.7,1.7,0,0,African Copper PLC,0,0,0
20070821,68773,AFNCF',OTC,1.7,1.7,0,0,African Copper PLC,0,0,0
20070822,68773,AFNCF',OTC,1.7,1.7,0,0,African Copper PLC,0,0,0
20070823,68773,AFNCF',OTC,1.7,1.7,0,0,African Copper PLC,0,0,0
20070824,68773,AFNCF',OTC,1.7,1.7,0,0,African Copper PLC,0,0,0
20070827,68773,AFNCF',OTC,1.7,1.7,0,0,African Copper PLC,0,0,0
20070828,68773,AFNCF',OTC,1.7,1.7,0,0,African Copper PLC,0,0,0
20070829,68773,AFNCF',OTC,1.7,1.7,0,0,African Copper PLC,0,0,0
20070830,68773,AFNCF',OTC,1.7,1.7,0,0,African Copper PLC,0,0,0
20070831,68773,AFNCF',OTC,1.7,1.7,0,0,African Copper PLC,0,0,0
20070904,68773,AFNCF',OTC,1.7,1.7,0,0,African Copper PLC,0,0,0
20070905,68773,AFNCF',OTC,1.7,1.7,0,0,African Copper PLC,0,0,0
20070906,68773,AFNCF',OTC,1.7,1.7,0,0,African Copper PLC,0,0,0
20070907,68773,AFNCF',OTC,1.7,1.7,0,0,African Copper PLC,0,0,0
20070910,68773,AFNCF',OTC,1.7,1.7,0,0,African Copper PLC,0,0,0
20070911,68773,AFNCF',OTC,1.7,1.7,0,0,African Copper PLC,0,0,0
20070912,68773,AFNCF',OTC,1.77,1.77,520,0,African Copper PLC,0,0,0
20070913,68773,AFNCF',OTC,1.77,1.77,0,0,African Copper PLC,0,0,0
20070914,68773,AFNCF',OTC,1.77,1.77,0,0,African Copper PLC,0,0,0
20070917,68773,AFNCF',OTC,1.77,1.77,0,0,African Copper PLC,0,0,0
20070918,68773,AFNCF',OTC,1.77,1.77,43,0,African Copper PLC,0,0,0
20070919,68773,AFNCF',OTC,1.65,1.65,25,0,African Copper PLC,0,0,0
20070920,68773,AFNCF',OTC,1.7,1.7,7,0,African Copper PLC,0,0,0
20070921,68773,AFNCF',OTC,1.97,1.97,20,0,African Copper PLC,0,0,0
20070924,68773,AFNCF',OTC,1.87,1.87,320,0,African Copper PLC,0,0,0
20070925,68773,AFNCF',OTC,1.87,1.87,0,0,African Copper PLC,0,0,0
20070926,68773,AFNCF',OTC,1.87,1.87,0,0,African Copper PLC,0,0,0
20070927,68773,AFNCF',OTC,1.87,1.87,0,0,African Copper PLC,0,0,0
20070928,68773,AFNCF',OTC,1.87,1.87,0,0,African Copper PLC,0,0,0
20071001,68773,AFNCF',OTC,1.87,1.87,0,0,African Copper PLC,0,0,0
20071002,68773,AFNCF',OTC,1.88,1.88,1000,0,African Copper PLC,0,0,0
20071003,68773,AFNCF',OTC,1.88,1.88,0,0,African Copper PLC,0,0,0
20071004,68773,AFNCF',OTC,1.88,1.88,0,0,African Copper PLC,0,0,0
20071005,68773,AFNCF',OTC,1.88,1.88,0,0,African Copper PLC,0,0,0
20071008,68773,AFNCF',OTC,1.93,1.93,1100,0,African Copper PLC,0,0,0
20071009,68773,AFNCF',OTC,1.93,1.93,0,0,African Copper PLC,0,0,0
20071010,68773,AFNCF',OTC,1.93,1.93,0,0,African Copper PLC,0,0,0
20071011,68773,AFNCF',OTC,1.93,1.93,0,0,African Copper PLC,0,0,0
20071012,68773,AFNCF',OTC,1.93,1.93,0,0,African Copper PLC,0,0,0
20071015,68773,AFNCF',OTC,1.93,1.93,0,0,African Copper PLC,0,0,0
20071016,68773,AFNCF',OTC,1.93,1.93,0,0,African Copper PLC,0,0,0
20071017,68773,AFNCF',OTC,1.93,1.93,0,0,African Copper PLC,0,0,0
20071018,68773,AFNCF',OTC,1.9,1.9,16,0,African Copper PLC,0,0,0
20071019,68773,AFNCF',OTC,2.03,2.03,10,0,African Copper PLC,0,0,0
20071022,68773,AFNCF',OTC,1.94,1.94,50,0,African Copper PLC,0,0,0
20071023,68773,AFNCF',OTC,1.94,1.94,0,0,African Copper PLC,0,0,0
20071024,68773,AFNCF',OTC,1.94,1.94,0,0,African Copper PLC,0,0,0
20071025,68773,AFNCF',OTC,1.94,1.94,0,0,African Copper PLC,0,0,0
20071026,68773,AFNCF',OTC,1.94,1.94,0,0,African Copper PLC,0,0,0
20071029,68773,AFNCF',OTC,1.94,1.94,0,0,African Copper PLC,0,0,0
20071030,68773,AFNCF',OTC,1.94,1.94,0,0,African Copper PLC,0,0,0
20071031,68773,AFNCF',OTC,1.94,1.94,0,0,African Copper PLC,0,0,0
20071101,68773,AFNCF',OTC,1.94,1.94,0,0,African Copper PLC,0,0,0
20071102,68773,AFNCF',OTC,1.94,1.94,0,0,African Copper PLC,0,0,0
20071105,68773,AFNCF',OTC,1.94,1.94,0,0,African Copper PLC,0,0,0
20071106,68773,AFNCF',OTC,1.94,1.94,0,0,African Copper PLC,0,0,0
20071107,68773,AFNCF',OTC,1.94,1.94,0,0,African Copper PLC,0,0,0
20071108,68773,AFNCF',OTC,1.94,1.94,0,0,African Copper PLC,0,0,0
20071109,68773,AFNCF',OTC,1.86,1.86,7,0,African Copper PLC,0,0,0
20071112,68773,AFNCF',OTC,1.86,1.86,0,0,African Copper PLC,0,0,0
20071113,68773,AFNCF',OTC,1.7,1.7,250,0,African Copper PLC,0,0,0
20071114,68773,AFNCF',OTC,1.7,1.7,0,0,African Copper PLC,0,0,0
20071115,68773,AFNCF',OTC,1.7,1.7,0,0,African Copper PLC,0,0,0
20071116,68773,AFNCF',OTC,1.7,1.7,0,0,African Copper PLC,0,0,0
20071119,68773,AFNCF',OTC,1.71,1.71,5,0,African Copper PLC,0,0,0
20071120,68773,AFNCF',OTC,1.71,1.71,0,0,African Copper PLC,0,0,0
20071121,68773,AFNCF',OTC,1.71,1.71,0,0,African Copper PLC,0,0,0
20071123,68773,AFNCF',OTC,1.71,1.71,0,0,African Copper PLC,0,0,0
20071126,68773,AFNCF',OTC,1.73,1.73,20,0,African Copper PLC,0,0,0
20071127,68773,AFNCF',OTC,1.73,1.73,0,0,African Copper PLC,0,0,0
20071128,68773,AFNCF',OTC,1.73,1.73,0,0,African Copper PLC,0,0,0
20071129,68773,AFNCF',OTC,1.73,1.73,0,0,African Copper PLC,0,0,0
20071130,68773,AFNCF',OTC,1.73,1.73,0,0,African Copper PLC,0,0,0
20071203,68773,AFNCF',OTC,1.73,1.73,0,0,African Copper PLC,0,0,0
20071204,68773,AFNCF',OTC,1.73,1.73,0,0,African Copper PLC,0,0,0
20071205,68773,AFNCF',OTC,1.73,1.73,0,0,African Copper PLC,0,0,0
20071206,68773,AFNCF',OTC,1.73,1.73,0,0,African Copper PLC,0,0,0
20071207,68773,AFNCF',OTC,1.14,1.14,10,0,African Copper PLC,0,0,0
20071210,68773,AFNCF',OTC,1.17,1.17,130,0,African Copper PLC,0,0,0
20071211,68773,AFNCF',OTC,1.15,1.15,4,0,African Copper PLC,0,0,0
20071212,68773,AFNCF',OTC,1.13,1.13,50,0,African Copper PLC,0,0,0
20071213,68773,AFNCF',OTC,1.13,1.13,0,0,African Copper PLC,0,0,0
20071214,68773,AFNCF',OTC,1.13,1.13,0,0,African Copper PLC,0,0,0
20071217,68773,AFNCF',OTC,1.13,1.13,0,0,African Copper PLC,0,0,0
20071218,68773,AFNCF',OTC,1.13,1.13,0,0,African Copper PLC,0,0,0
20071219,68773,AFNCF',OTC,1.13,1.13,0,0,African Copper PLC,0,0,0
20071220,68773,AFNCF',OTC,1.13,1.13,0,0,African Copper PLC,0,0,0
20071221,68773,AFNCF',OTC,1.13,1.13,0,0,African Copper PLC,0,0,0
20071224,68773,AFNCF',OTC,1.13,1.13,0,0,African Copper PLC,0,0,0
20071226,68773,AFNCF',OTC,1.13,1.13,0,0,African Copper PLC,0,0,0
20071227,68773,AFNCF',OTC,1.13,1.13,0,0,African Copper PLC,0,0,0
20071228,68773,AFNCF',OTC,1.13,1.13,0,0,African Copper PLC,0,0,0
20071231,68773,AFNCF',OTC,1.13,1.13,0,0,African Copper PLC,0,0,0
20080102,68773,AFNCF',OTC,1.13,1.13,0,0,African Copper PLC,0,0,0
20080103,68773,AFNCF',OTC,1.13,1.13,0,0,African Copper PLC,0,0,0
20080104,68773,AFNCF',OTC,1.13,1.13,0,0,African Copper PLC,0,0,0
20080107,68773,AFNCF',OTC,1.13,1.13,0,0,African Copper PLC,0,0,0
20080108,68773,AFNCF',OTC,1.13,1.13,0,0,African Copper PLC,0,0,0
20080109,68773,AFNCF',OTC,1.13,1.13,0,0,African Copper PLC,0,0,0
20080110,68773,AFNCF',OTC,1.13,1.13,0,0,African Copper PLC,0,0,0
20080111,68773,AFNCF',OTC,1.13,1.13,0,0,African Copper PLC,0,0,0
20080114,68773,AFNCF',OTC,1.13,1.13,0,0,African Copper PLC,0,0,0
20080115,68773,AFNCF',OTC,1.13,1.13,0,0,African Copper PLC,0,0,0
20080116,68773,AFNCF',OTC,1.13,1.13,0,0,African Copper PLC,0,0,0
20080117,68773,AFNCF',OTC,1.13,1.13,0,0,African Copper PLC,0,0,0
20080118,68773,AFNCF',OTC,1.13,1.13,0,0,African Copper PLC,0,0,0
20080122,68773,AFNCF',OTC,1.13,1.13,0,0,African Copper PLC,0,0,0
20080123,68773,AFNCF',OTC,1.13,1.13,0,0,African Copper PLC,0,0,0
20080124,68773,AFNCF',OTC,1.13,1.13,0,0,African Copper PLC,0,0,0
20080125,68773,AFNCF',OTC,1.13,1.13,0,0,African Copper PLC,0,0,0
20080128,68773,AFNCF',OTC,1.13,1.13,0,0,African Copper PLC,0,0,0
20080129,68773,AFNCF',OTC,1.13,1.13,0,0,African Copper PLC,0,0,0
20080130,68773,AFNCF',OTC,1.13,1.13,0,0,African Copper PLC,0,0,0
20080131,68773,AFNCF',OTC,1.13,1.13,0,0,African Copper PLC,0,0,0
20080201,68773,AFNCF',OTC,1.13,1.13,0,0,African Copper PLC,0,0,0
20080204,68773,AFNCF',OTC,1.13,1.13,0,0,African Copper PLC,0,0,0
20080205,68773,AFNCF',OTC,1.13,1.13,0,0,African Copper PLC,0,0,0
20080206,68773,AFNCF',OTC,1.13,1.13,0,0,African Copper PLC,0,0,0
20080207,68773,AFNCF',OTC,1.13,1.13,0,0,African Copper PLC,0,0,0
20080208,68773,AFNCF',OTC,1.13,1.13,0,0,African Copper PLC,0,0,0
20080211,68773,AFNCF',OTC,0.98,0.98,10,0,African Copper PLC,0,0,0
20080212,68773,AFNCF',OTC,0.98,0.98,0,0,African Copper PLC,0,0,0
20080213,68773,AFNCF',OTC,0.98,0.98,0,0,African Copper PLC,0,0,0
20080214,68773,AFNCF',OTC,0.98,0.98,0,0,African Copper PLC,0,0,0
20080215,68773,AFNCF',OTC,0.98,0.98,0,0,African Copper PLC,0,0,0
20080219,68773,AFNCF',OTC,0.98,0.98,0,0,African Copper PLC,0,0,0
20080220,68773,AFNCF',OTC,0.98,0.98,0,0,African Copper PLC,0,0,0
20080221,68773,AFNCF',OTC,0.98,0.98,0,0,African Copper PLC,0,0,0
20080222,68773,AFNCF',OTC,0.98,0.98,0,0,African Copper PLC,0,0,0
20080225,68773,AFNCF',OTC,0.98,0.98,0,0,African Copper PLC,0,0,0
20080226,68773,AFNCF',OTC,0.98,0.98,0,0,African Copper PLC,0,0,0
20080227,68773,AFNCF',OTC,0.98,0.98,0,0,African Copper PLC,0,0,0
20080228,68773,AFNCF',OTC,0.98,0.98,0,0,African Copper PLC,0,0,0
20080229,68773,AFNCF',OTC,0.98,0.98,0,0,African Copper PLC,0,0,0
20080303,68773,AFNCF',OTC,0.98,0.98,0,0,African Copper PLC,0,0,0
20080304,68773,AFNCF',OTC,0.98,0.98,0,0,African Copper PLC,0,0,0
20080305,68773,AFNCF',OTC,0.98,0.98,0,0,African Copper PLC,0,0,0
20080306,68773,AFNCF',OTC,0.98,0.98,0,0,African Copper PLC,0,0,0
20080307,68773,AFNCF',OTC,0.98,0.98,0,0,African Copper PLC,0,0,0
20080310,68773,AFNCF',OTC,0.85,0.85,25,0,African Copper PLC,0,0,0
20080311,68773,AFNCF',OTC,0.85,0.85,0,0,African Copper PLC,0,0,0
20080312,68773,AFNCF',OTC,0.86,0.86,5,0,African Copper PLC,0,0,0
20080313,68773,AFNCF',OTC,0.86,0.86,0,0,African Copper PLC,0,0,0
20080314,68773,AFNCF',OTC,0.87,0.87,5,0,African Copper PLC,0,0,0
20080317,68773,AFNCF',OTC,0.87,0.87,0,0,African Copper PLC,0,0,0
20080318,68773,AFNCF',OTC,0.87,0.87,0,0,African Copper PLC,0,0,0
20080319,68773,AFNCF',OTC,0.87,0.87,0,0,African Copper PLC,0,0,0
20080320,68773,AFNCF',OTC,0.87,0.87,0,0,African Copper PLC,0,0,0
20080324,68773,AFNCF',OTC,0.87,0.87,0,0,African Copper PLC,0,0,0
20080325,68773,AFNCF',OTC,0.87,0.87,0,0,African Copper PLC,0,0,0
20080326,68773,AFNCF',OTC,0.87,0.87,0,0,African Copper PLC,0,0,0
20080327,68773,AFNCF',OTC,0.87,0.87,0,0,African Copper PLC,0,0,0
20080328,68773,AFNCF',OTC,0.87,0.87,0,0,African Copper PLC,0,0,0
20080331,68773,AFNCF',OTC,0.87,0.87,0,0,African Copper PLC,0,0,0
20080401,68773,AFNCF',OTC,0.87,0.87,0,0,African Copper PLC,0,0,0
20080402,68773,AFNCF',OTC,0.87,0.87,0,0,African Copper PLC,0,0,0
20080403,68773,AFNCF',OTC,0.87,0.87,0,0,African Copper PLC,0,0,0
20080404,68773,AFNCF',OTC,0.87,0.87,0,0,African Copper PLC,0,0,0
20080407,68773,AFNCF',OTC,0.87,0.87,0,0,African Copper PLC,0,0,0
20080408,68773,AFNCF',OTC,0.87,0.87,0,0,African Copper PLC,0,0,0
20080409,68773,AFNCF',OTC,0.87,0.87,0,0,African Copper PLC,0,0,0
20080410,68773,AFNCF',OTC,0.87,0.87,0,0,African Copper PLC,0,0,0
20080411,68773,AFNCF',OTC,0.87,0.87,0,0,African Copper PLC,0,0,0
20080414,68773,AFNCF',OTC,0.87,0.87,0,0,African Copper PLC,0,0,0
20080415,68773,AFNCF',OTC,0.87,0.87,0,0,African Copper PLC,0,0,0
20080416,68773,AFNCF',OTC,0.87,0.87,0,0,African Copper PLC,0,0,0
20080417,68773,AFNCF',OTC,0.87,0.87,10,0,African Copper PLC,0,0,0
20080418,68773,AFNCF',OTC,0.87,0.87,0,0,African Copper PLC,0,0,0
20080421,68773,AFNCF',OTC,0.87,0.87,0,0,African Copper PLC,0,0,0
20080422,68773,AFNCF',OTC,0.87,0.87,0,0,African Copper PLC,0,0,0
20080423,68773,AFNCF',OTC,0.87,0.87,0,0,African Copper PLC,0,0,0
20080424,68773,AFNCF',OTC,0.87,0.87,0,0,African Copper PLC,0,0,0
20080425,68773,AFNCF',OTC,0.87,0.87,0,0,African Copper PLC,0,0,0
20080428,68773,AFNCF',OTC,0.87,0.87,0,0,African Copper PLC,0,0,0
20080429,68773,AFNCF',OTC,0.87,0.87,0,0,African Copper PLC,0,0,0
20080430,68773,AFNCF',OTC,0.87,0.87,0,0,African Copper PLC,0,0,0
20080501,68773,AFNCF',OTC,0.87,0.87,0,0,African Copper PLC,0,0,0
20080502,68773,AFNCF',OTC,0.87,0.87,0,0,African Copper PLC,0,0,0
20080505,68773,AFNCF',OTC,0.87,0.87,0,0,African Copper PLC,0,0,0
20080506,68773,AFNCF',OTC,0.89,0.89,0,0,African Copper PLC,0,0,0
20080507,68773,AFNCF',OTC,0.89,0.89,0,0,African Copper PLC,0,0,0
20080508,68773,AFNCF',OTC,0.89,0.89,0,0,African Copper PLC,0,0,0
20080509,68773,AFNCF',OTC,0.89,0.89,0,0,African Copper PLC,0,0,0
20080512,68773,AFNCF',OTC,0.89,0.89,0,0,African Copper PLC,0,0,0
20080513,68773,AFNCF',OTC,0.89,0.89,0,0,African Copper PLC,0,0,0
20080514,68773,AFNCF',OTC,0.89,0.89,0,0,African Copper PLC,0,0,0
20080515,68773,AFNCF',OTC,0.89,0.89,0,0,African Copper PLC,0,0,0
20080516,68773,AFNCF',OTC,0.89,0.89,0,0,African Copper PLC,0,0,0
20080519,68773,AFNCF',OTC,0.89,0.89,0,0,African Copper PLC,0,0,0
20080520,68773,AFNCF',OTC,0.89,0.89,0,0,African Copper PLC,0,0,0
20080521,68773,AFNCF',OTC,0.89,0.89,0,0,African Copper PLC,0,0,0
20080522,68773,AFNCF',OTC,0.89,0.89,0,0,African Copper PLC,0,0,0
20080523,68773,AFNCF',OTC,0.89,0.89,0,0,African Copper PLC,0,0,0
20080527,68773,AFNCF',OTC,0.83,0.83,1,0,African Copper PLC,0,0,0
20080528,68773,AFNCF',OTC,0.83,0.83,0,0,African Copper PLC,0,0,0
20080529,68773,AFNCF',OTC,0.83,0.83,0,0,African Copper PLC,0,0,0
20080530,68773,AFNCF',OTC,0.83,0.83,0,0,African Copper PLC,0,0,0
20080602,68773,AFNCF',OTC,0.83,0.83,0,0,African Copper PLC,0,0,0
20080603,68773,AFNCF',OTC,0.83,0.83,0,0,African Copper PLC,0,0,0
20080604,68773,AFNCF',OTC,0.89,0.89,7,0,African Copper PLC,0,0,0
20080605,68773,AFNCF',OTC,0.89,0.89,0,0,African Copper PLC,0,0,0
20080606,68773,AFNCF',OTC,0.89,0.89,0,0,African Copper PLC,0,0,0
20080609,68773,AFNCF',OTC,0.89,0.89,0,0,African Copper PLC,0,0,0
20080610,68773,AFNCF',OTC,0.75,0.75,100,0,African Copper PLC,0,0,0
20080611,68773,AFNCF',OTC,0.75,0.75,0,0,African Copper PLC,0,0,0
20080612,68773,AFNCF',OTC,0.75,0.75,0,0,African Copper PLC,0,0,0
20080613,68773,AFNCF',OTC,0.75,0.75,0,0,African Copper PLC,0,0,0
20080616,68773,AFNCF',OTC,0.75,0.75,0,0,African Copper PLC,0,0,0
20080617,68773,AFNCF',OTC,0.75,0.75,0,0,African Copper PLC,0,0,0
20080618,68773,AFNCF',OTC,0.75,0.75,0,0,African Copper PLC,0,0,0
20080619,68773,AFNCF',OTC,0.75,0.75,0,0,African Copper PLC,0,0,0
20080620,68773,AFNCF',OTC,0.75,0.75,0,0,African Copper PLC,0,0,0
20080623,68773,AFNCF',OTC,0.75,0.75,0,0,African Copper PLC,0,0,0
20080624,68773,AFNCF',OTC,0.75,0.75,0,0,African Copper PLC,0,0,0
20080625,68773,AFNCF',OTC,0.75,0.75,0,0,African Copper PLC,0,0,0
20080626,68773,AFNCF',OTC,0.75,0.75,0,0,African Copper PLC,0,0,0
20080627,68773,AFNCF',OTC,0.75,0.75,0,0,African Copper PLC,0,0,0
20080630,68773,AFNCF',OTC,0.75,0.75,0,0,African Copper PLC,0,0,0
20080701,68773,AFNCF',OTC,0.75,0.75,0,0,African Copper PLC,0,0,0
20080702,68773,AFNCF',OTC,0.75,0.75,0,0,African Copper PLC,0,0,0
20080703,68773,AFNCF',OTC,0.75,0.75,0,0,African Copper PLC,0,0,0
20080707,68773,AFNCF',OTC,0.75,0.75,0,0,African Copper PLC,0,0,0
20080708,68773,AFNCF',OTC,0.75,0.75,0,0,African Copper PLC,0,0,0
20080709,68773,AFNCF',OTC,0.75,0.75,0,0,African Copper PLC,0,0,0
20080710,68773,AFNCF',OTC,0.75,0.75,0,0,African Copper PLC,0,0,0
20080711,68773,AFNCF',OTC,0.75,0.75,7,0,African Copper PLC,0,0,0
20080714,68773,AFNCF',OTC,0.75,0.75,0,0,African Copper PLC,0,0,0
20080715,68773,AFNCF',OTC,0.75,0.75,0,0,African Copper PLC,0,0,0
20080716,68773,AFNCF',OTC,0.75,0.75,0,0,African Copper PLC,0,0,0
20080717,68773,AFNCF',OTC,0.75,0.75,0,0,African Copper PLC,0,0,0
20080718,68773,AFNCF',OTC,0.75,0.75,0,0,African Copper PLC,0,0,0
20080721,68773,AFNCF',OTC,0.75,0.75,0,0,African Copper PLC,0,0,0
20080722,68773,AFNCF',OTC,0.75,0.75,0,0,African Copper PLC,0,0,0
20080723,68773,AFNCF',OTC,0.75,0.75,0,0,African Copper PLC,0,0,0
20080724,68773,AFNCF',OTC,0.75,0.75,0,0,African Copper PLC,0,0,0
20080725,68773,AFNCF',OTC,0.6,0.6,2,0,African Copper PLC,0,0,0
20080728,68773,AFNCF',OTC,0.6,0.6,0,0,African Copper PLC,0,0,0
20080729,68773,AFNCF',OTC,0.6,0.6,0,0,African Copper PLC,0,0,0
20080730,68773,AFNCF',OTC,0.6,0.6,0,0,African Copper PLC,0,0,0
20080731,68773,AFNCF',OTC,0.6,0.6,0,0,African Copper PLC,0,0,0
20080801,68773,AFNCF',OTC,0.6,0.6,0,0,African Copper PLC,0,0,0
20080804,68773,AFNCF',OTC,0.6,0.6,0,0,African Copper PLC,0,0,0
20080805,68773,AFNCF',OTC,0.6,0.6,0,0,African Copper PLC,0,0,0
20080806,68773,AFNCF',OTC,0.6,0.6,0,0,African Copper PLC,0,0,0
20080807,68773,AFNCF',OTC,0.6,0.6,0,0,African Copper PLC,0,0,0
20080808,68773,AFNCF',OTC,0.6,0.6,0,0,African Copper PLC,0,0,0
20080811,68773,AFNCF',OTC,0.6,0.6,0,0,African Copper PLC,0,0,0
20080812,68773,AFNCF',OTC,0.6,0.6,0,0,African Copper PLC,0,0,0
20080813,68773,AFNCF',OTC,0.6,0.6,0,0,African Copper PLC,0,0,0
20080814,68773,AFNCF',OTC,0.6,0.6,0,0,African Copper PLC,0,0,0
20080815,68773,AFNCF',OTC,0.35,0.35,4,0,African Copper PLC,0,0,0
20080818,68773,AFNCF',OTC,0.35,0.35,0,0,African Copper PLC,0,0,0
20080819,68773,AFNCF',OTC,0.35,0.35,0,0,African Copper PLC,0,0,0
20080820,68773,AFNCF',OTC,0.35,0.35,0,0,African Copper PLC,0,0,0
20080821,68773,AFNCF',OTC,0.35,0.35,0,0,African Copper PLC,0,0,0
20080822,68773,AFNCF',OTC,0.35,0.35,0,0,African Copper PLC,0,0,0
20080825,68773,AFNCF',OTC,0.35,0.35,0,0,African Copper PLC,0,0,0
20080826,68773,AFNCF',OTC,0.19,0.19,500,0,African Copper PLC,0,0,0
20080827,68773,AFNCF',OTC,0.19,0.19,0,0,African Copper PLC,0,0,0
20080828,68773,AFNCF',OTC,0.19,0.19,0,0,African Copper PLC,0,0,0
20080829,68773,AFNCF',OTC,0.19,0.19,0,0,African Copper PLC,0,0,0
20080902,68773,AFNCF',OTC,0.19,0.19,0,0,African Copper PLC,0,0,0
20080903,68773,AFNCF',OTC,0.24,0.24,500,0,African Copper PLC,0,0,0
20080904,68773,AFNCF',OTC,0.24,0.24,0,0,African Copper PLC,0,0,0
20080905,68773,AFNCF',OTC,0.24,0.24,0,0,African Copper PLC,0,0,0
20080908,68773,AFNCF',OTC,0.24,0.24,0,0,African Copper PLC,0,0,0
20080909,68773,AFNCF',OTC,0.24,0.24,0,0,African Copper PLC,0,0,0
20080910,68773,AFNCF',OTC,0.24,0.24,0,0,African Copper PLC,0,0,0
20080911,68773,AFNCF',OTC,0.24,0.24,0,0,African Copper PLC,0,0,0
20080912,68773,AFNCF',OTC,0.24,0.24,0,0,African Copper PLC,0,0,0
20080915,68773,AFNCF',OTC,0.24,0.24,0,0,African Copper PLC,0,0,0
20080916,68773,AFNCF',OTC,0.24,0.24,0,0,African Copper PLC,0,0,0
20080917,68773,AFNCF',OTC,0.24,0.24,0,0,African Copper PLC,0,0,0
20080918,68773,AFNCF',OTC,0.24,0.24,0,0,African Copper PLC,0,0,0
20080919,68773,AFNCF',OTC,0.24,0.24,0,0,African Copper PLC,0,0,0
20080922,68773,AFNCF',OTC,0.24,0.24,0,0,African Copper PLC,0,0,0
20080923,68773,AFNCF',OTC,0.24,0.24,0,0,African Copper PLC,0,0,0
20080924,68773,AFNCF',OTC,0.24,0.24,0,0,African Copper PLC,0,0,0
20080925,68773,AFNCF',OTC,0.24,0.24,0,0,African Copper PLC,0,0,0
20080926,68773,AFNCF',OTC,0.24,0.24,0,0,African Copper PLC,0,0,0
20080929,68773,AFNCF',OTC,0.24,0.24,0,0,African Copper PLC,0,0,0
20080930,68773,AFNCF',OTC,0.24,0.24,0,0,African Copper PLC,0,0,0
20081001,68773,AFNCF',OTC,0.24,0.24,0,0,African Copper PLC,0,0,0
20081002,68773,AFNCF',OTC,0.24,0.24,0,0,African Copper PLC,0,0,0
20081003,68773,AFNCF',OTC,0.1,0.1,150,0,African Copper PLC,0,0,0
20081006,68773,AFNCF',OTC,0.1,0.1,0,0,African Copper PLC,0,0,0
20081007,68773,AFNCF',OTC,0.17,0.17,4,0,African Copper PLC,0,0,0
20081008,68773,AFNCF',OTC,0.17,0.17,0,0,African Copper PLC,0,0,0
20081009,68773,AFNCF',OTC,0.06,0.06,1,0,African Copper PLC,0,0,0
20081010,68773,AFNCF',OTC,0.06,0.06,0,0,African Copper PLC,0,0,0
20081013,68773,AFNCF',OTC,0.09,0.09,140,0,African Copper PLC,0,0,0
20081014,68773,AFNCF',OTC,0.09,0.09,0,0,African Copper PLC,0,0,0
20081015,68773,AFNCF',OTC,0.09,0.09,0,0,African Copper PLC,0,0,0
20081016,68773,AFNCF',OTC,0.09,0.09,0,0,African Copper PLC,0,0,0
20081017,68773,AFNCF',OTC,0.09,0.09,0,0,African Copper PLC,0,0,0
20081020,68773,AFNCF',OTC,0.09,0.09,0,0,African Copper PLC,0,0,0
20081021,68773,AFNCF',OTC,0.09,0.09,0,0,African Copper PLC,0,0,0
20081022,68773,AFNCF',OTC,0.09,0.09,0,0,African Copper PLC,0,0,0
20081023,68773,AFNCF',OTC,0.09,0.09,0,0,African Copper PLC,0,0,0
20081024,68773,AFNCF',OTC,0.06,0.06,35,0,African Copper PLC,0,0,0
20081027,68773,AFNCF',OTC,0.06,0.06,0,0,African Copper PLC,0,0,0
20081028,68773,AFNCF',OTC,0.06,0.06,0,0,African Copper PLC,0,0,0
20081029,68773,AFNCF',OTC,0.06,0.06,0,0,African Copper PLC,0,0,0
20081030,68773,AFNCF',OTC,0.06,0.06,0,0,African Copper PLC,0,0,0
20081031,68773,AFNCF',OTC,0.06,0.06,0,0,African Copper PLC,0,0,0
20081103,68773,AFNCF',OTC,0.05,0.05,100,0,African Copper PLC,0,0,0
20081104,68773,AFNCF',OTC,0.05,0.05,0,0,African Copper PLC,0,0,0
20081105,68773,AFNCF',OTC,0.05,0.05,0,0,African Copper PLC,0,0,0
20081106,68773,AFNCF',OTC,0.05,0.05,0,0,African Copper PLC,0,0,0
20081107,68773,AFNCF',OTC,0.05,0.05,0,0,African Copper PLC,0,0,0
20081110,68773,AFNCF',OTC,0.05,0.05,0,0,African Copper PLC,0,0,0
20081111,68773,AFNCF',OTC,0.05,0.05,0,0,African Copper PLC,0,0,0
20081112,68773,AFNCF',OTC,0.05,0.05,0,0,African Copper PLC,0,0,0
20081113,68773,AFNCF',OTC,0.05,0.05,0,0,African Copper PLC,0,0,0
20081114,68773,AFNCF',OTC,0.05,0.05,0,0,African Copper PLC,0,0,0
20081117,68773,AFNCF',OTC,0.05,0.05,0,0,African Copper PLC,0,0,0
20081118,68773,AFNCF',OTC,0.05,0.05,0,0,African Copper PLC,0,0,0
20081119,68773,AFNCF',OTC,0.05,0.05,0,0,African Copper PLC,0,0,0
20081120,68773,AFNCF',OTC,0.05,0.05,0,0,African Copper PLC,0,0,0
20081121,68773,AFNCF',OTC,0.05,0.05,0,0,African Copper PLC,0,0,0
20081124,68773,AFNCF',OTC,0.05,0.05,0,0,African Copper PLC,0,0,0
20081125,68773,AFNCF',OTC,0.05,0.05,0,0,African Copper PLC,0,0,0
20081126,68773,AFNCF',OTC,0.05,0.05,0,0,African Copper PLC,0,0,0
20081128,68773,AFNCF',OTC,0.05,0.05,0,0,African Copper PLC,0,0,0
20081201,68773,AFNCF',OTC,0.05,0.05,0,0,African Copper PLC,0,0,0
20081202,68773,AFNCF',OTC,0.05,0.05,0,0,African Copper PLC,0,0,0
20081203,68773,AFNCF',OTC,0.05,0.05,0,0,African Copper PLC,0,0,0
20081204,68773,AFNCF',OTC,0.05,0.05,0,0,African Copper PLC,0,0,0
20081205,68773,AFNCF',OTC,0.05,0.05,0,0,African Copper PLC,0,0,0
20081208,68773,AFNCF',OTC,0.05,0.05,0,0,African Copper PLC,0,0,0
20081209,68773,AFNCF',OTC,0.05,0.05,0,0,African Copper PLC,0,0,0
20081210,68773,AFNCF',OTC,0.05,0.05,0,0,African Copper PLC,0,0,0
20081211,68773,AFNCF',OTC,0.05,0.05,0,0,African Copper PLC,0,0,0
20081212,68773,AFNCF',OTC,0.05,0.05,0,0,African Copper PLC,0,0,0
20081215,68773,AFNCF',OTC,0.05,0.05,0,0,African Copper PLC,0,0,0
20081216,68773,AFNCF',OTC,0.05,0.05,0,0,African Copper PLC,0,0,0
20081217,68773,AFNCF',OTC,0.01,0.01,400,0,African Copper PLC,0,0,0
20081218,68773,AFNCF',OTC,0.01,0.01,0,0,African Copper PLC,0,0,0
20081219,68773,AFNCF',OTC,0.01,0.01,0,0,African Copper PLC,0,0,0
20081222,68773,AFNCF',OTC,0.01,0.01,0,0,African Copper PLC,0,0,0
20081223,68773,AFNCF',OTC,0.01,0.01,0,0,African Copper PLC,0,0,0
20081224,68773,AFNCF',OTC,0.01,0.01,0,0,African Copper PLC,0,0,0
20081226,68773,AFNCF',OTC,0.01,0.01,0,0,African Copper PLC,0,0,0
20081229,68773,AFNCF',OTC,0.01,0.01,1000,0,African Copper PLC,0,0,0
20081230,68773,AFNCF',OTC,0.04,0.04,100,0,African Copper PLC,0,0,0
20081231,68773,AFNCF',OTC,0.04,0.04,0,0,African Copper PLC,0,0,0
20090102,68773,AFNCF',OTC,0.04,0.04,0,0,African Copper PLC,0,0,0
20090105,68773,AFNCF',OTC,0.04,0.04,0,0,African Copper PLC,0,0,0
20090106,68773,AFNCF',OTC,0.04,0.04,0,0,African Copper PLC,0,0,0
20090107,68773,AFNCF',OTC,0.04,0.04,0,0,African Copper PLC,0,0,0
20090108,68773,AFNCF',OTC,0.04,0.04,0,0,African Copper PLC,0,0,0
20090109,68773,AFNCF',OTC,0.04,0.04,0,0,African Copper PLC,0,0,0
20090112,68773,AFNCF',OTC,0.04,0.04,0,0,African Copper PLC,0,0,0
20090113,68773,AFNCF',OTC,0.05,0.05,100,0,African Copper PLC,0,0,0
20090114,68773,AFNCF',OTC,0.05,0.05,0,0,African Copper PLC,0,0,0
20090115,68773,AFNCF',OTC,0.05,0.05,0,0,African Copper PLC,0,0,0
20090116,68773,AFNCF',OTC,0.05,0.05,0,0,African Copper PLC,0,0,0
20090120,68773,AFNCF',OTC,0.05,0.05,0,0,African Copper PLC,0,0,0
20090121,68773,AFNCF',OTC,0.05,0.05,0,0,African Copper PLC,0,0,0
20090122,68773,AFNCF',OTC,0.05,0.05,0,0,African Copper PLC,0,0,0
20090123,68773,AFNCF',OTC,0.05,0.05,0,0,African Copper PLC,0,0,0
20090126,68773,AFNCF',OTC,0.05,0.05,0,0,African Copper PLC,0,0,0
20090127,68773,AFNCF',OTC,0.05,0.05,0,0,African Copper PLC,0,0,0
20090128,68773,AFNCF',OTC,0.05,0.05,0,0,African Copper PLC,0,0,0
20090129,68773,AFNCF',OTC,0.05,0.05,0,0,African Copper PLC,0,0,0
20090130,68773,AFNCF',OTC,0.05,0.05,0,0,African Copper PLC,0,0,0
20090202,68773,AFNCF',OTC,0.05,0.05,0,0,African Copper PLC,0,0,0
20090203,68773,AFNCF',OTC,0.05,0.05,0,0,African Copper PLC,0,0,0
20090204,68773,AFNCF',OTC,0.05,0.05,0,0,African Copper PLC,0,0,0
20090205,68773,AFNCF',OTC,0.05,0.05,0,0,African Copper PLC,0,0,0
20090206,68773,AFNCF',OTC,0.05,0.05,0,0,African Copper PLC,0,0,0
20090209,68773,AFNCF',OTC,0.05,0.05,0,0,African Copper PLC,0,0,0
20090210,68773,AFNCF',OTC,0.05,0.05,0,0,African Copper PLC,0,0,0
20090211,68773,AFNCF',OTC,0.05,0.05,0,0,African Copper PLC,0,0,0
20090212,68773,AFNCF',OTC,0.05,0.05,0,0,African Copper PLC,0,0,0
20090213,68773,AFNCF',OTC,0.05,0.05,0,0,African Copper PLC,0,0,0
20090217,68773,AFNCF',OTC,0.05,0.05,0,0,African Copper PLC,0,0,0
20090218,68773,AFNCF',OTC,0.05,0.05,0,0,African Copper PLC,0,0,0
20090219,68773,AFNCF',OTC,0.05,0.05,0,0,African Copper PLC,0,0,0
20090220,68773,AFNCF',OTC,0.05,0.05,0,0,African Copper PLC,0,0,0
20090223,68773,AFNCF',OTC,0.05,0.05,0,0,African Copper PLC,0,0,0
20090224,68773,AFNCF',OTC,0.05,0.05,0,0,African Copper PLC,0,0,0
20090225,68773,AFNCF',OTC,0.05,0.05,0,0,African Copper PLC,0,0,0
20090226,68773,AFNCF',OTC,0.05,0.05,0,0,African Copper PLC,0,0,0
20090227,68773,AFNCF',OTC,0.05,0.05,0,0,African Copper PLC,0,0,0
20090302,68773,AFNCF',OTC,0.05,0.05,0,0,African Copper PLC,0,0,0
20090303,68773,AFNCF',OTC,0.05,0.05,0,0,African Copper PLC,0,0,0
20090304,68773,AFNCF',OTC,0.05,0.05,0,0,African Copper PLC,0,0,0
20090305,68773,AFNCF',OTC,0.05,0.05,0,0,African Copper PLC,0,0,0
20090306,68773,AFNCF',OTC,0.05,0.05,0,0,African Copper PLC,0,0,0
20090309,68773,AFNCF',OTC,0.05,0.05,0,0,African Copper PLC,0,0,0
20090310,68773,AFNCF',OTC,0.05,0.05,0,0,African Copper PLC,0,0,0
20090311,68773,AFNCF',OTC,0.05,0.05,0,0,African Copper PLC,0,0,0
20090312,68773,AFNCF',OTC,0.05,0.05,0,0,African Copper PLC,0,0,0
20090313,68773,AFNCF',OTC,0.05,0.05,0,0,African Copper PLC,0,0,0
20090316,68773,AFNCF',OTC,0.05,0.05,0,0,African Copper PLC,0,0,0
20090317,68773,AFNCF',OTC,0.05,0.05,0,0,African Copper PLC,0,0,0
20090318,68773,AFNCF',OTC,0.05,0.05,0,0,African Copper PLC,0,0,0
20090319,68773,AFNCF',OTC,0.05,0.05,0,0,African Copper PLC,0,0,0
20090320,68773,AFNCF',OTC,0.05,0.05,0,0,African Copper PLC,0,0,0
20090323,68773,AFNCF',OTC,0.05,0.05,0,0,African Copper PLC,0,0,0
20090324,68773,AFNCF',OTC,0.05,0.05,0,0,African Copper PLC,0,0,0
20090325,68773,AFNCF',OTC,0.05,0.05,0,0,African Copper PLC,0,0,0
20090326,68773,AFNCF',OTC,0.05,0.05,0,0,African Copper PLC,0,0,0
20090327,68773,AFNCF',OTC,0.05,0.05,0,0,African Copper PLC,0,0,0
20090330,68773,AFNCF',OTC,0.05,0.05,0,0,African Copper PLC,0,0,0
20090331,68773,AFNCF',OTC,0.05,0.05,0,0,African Copper PLC,0,0,0
20090401,68773,AFNCF',OTC,0.05,0.05,0,0,African Copper PLC,0,0,0
20090402,68773,AFNCF',OTC,0.05,0.05,0,0,African Copper PLC,0,0,0
20090403,68773,AFNCF',OTC,0.05,0.05,0,0,African Copper PLC,0,0,0
20090406,68773,AFNCF',OTC,0.05,0.05,0,0,African Copper PLC,0,0,0
20090407,68773,AFNCF',OTC,0.05,0.05,0,0,African Copper PLC,0,0,0
20090408,68773,AFNCF',OTC,0.04,0.04,200,0,African Copper PLC,0,0,0
20090409,68773,AFNCF',OTC,0.04,0.04,0,0,African Copper PLC,0,0,0
20090413,68773,AFNCF',OTC,0.04,0.04,0,0,African Copper PLC,0,0,0
20090414,68773,AFNCF',OTC,0.04,0.04,0,0,African Copper PLC,0,0,0
20090415,68773,AFNCF',OTC,0.04,0.04,0,0,African Copper PLC,0,0,0
20090416,68773,AFNCF',OTC,0.04,0.04,0,0,African Copper PLC,0,0,0
20090417,68773,AFNCF',OTC,0.04,0.04,0,0,African Copper PLC,0,0,0
20090420,68773,AFNCF',OTC,0.04,0.04,0,0,African Copper PLC,0,0,0
20090421,68773,AFNCF',OTC,0.04,0.04,0,0,African Copper PLC,0,0,0
20090422,68773,AFNCF',OTC,0.04,0.04,0,0,African Copper PLC,0,0,0
20090423,68773,AFNCF',OTC,0.02,0.02,100,0,African Copper PLC,0,0,0
20090424,68773,AFNCF',OTC,0.02,0.02,0,0,African Copper PLC,0,0,0
20090427,68773,AFNCF',OTC,0.02,0.02,0,0,African Copper PLC,0,0,0
20090428,68773,AFNCF',OTC,0.02,0.02,0,0,African Copper PLC,0,0,0
20090429,68773,AFNCF',OTC,0.02,0.02,0,0,African Copper PLC,0,0,0
20090430,68773,AFNCF',OTC,0.02,0.02,0,0,African Copper PLC,0,0,0
20090501,68773,AFNCF',OTC,0.02,0.02,0,0,African Copper PLC,0,0,0
20090504,68773,AFNCF',OTC,0.02,0.02,0,0,African Copper PLC,0,0,0
20090505,68773,AFNCF',OTC,0.02,0.02,0,0,African Copper PLC,0,0,0
20090506,68773,AFNCF',OTC,0.02,0.02,0,0,African Copper PLC,0,0,0
20090507,68773,AFNCF',OTC,0.02,0.02,0,0,African Copper PLC,0,0,0
20090508,68773,AFNCF',OTC,0.02,0.02,0,0,African Copper PLC,0,0,0
20090511,68773,AFNCF',OTC,0.1,0.1,20,0,African Copper PLC,0,0,0
20090512,68773,AFNCF',OTC,0.19,0.19,1550,0,African Copper PLC,0,0,0
20090513,68773,AFNCF',OTC,0.16,0.16,360,0,African Copper PLC,0,0,0
20090514,68773,AFNCF',OTC,0.16,0.16,0,0,African Copper PLC,0,0,0
20090515,68773,AFNCF',OTC,0.16,0.16,0,0,African Copper PLC,0,0,0
20090518,68773,AFNCF',OTC,0.14,0.14,200,0,African Copper PLC,0,0,0
20090519,68773,AFNCF',OTC,0.17,0.17,1000,0,African Copper PLC,0,0,0
20090520,68773,AFNCF',OTC,0.09,0.09,1000,0,African Copper PLC,0,0,0
20090521,68773,AFNCF',OTC,0.09,0.09,0,0,African Copper PLC,0,0,0
20090522,68773,AFNCF',OTC,0.09,0.09,0,0,African Copper PLC,0,0,0
20090526,68773,AFNCF',OTC,0.09,0.09,0,0,African Copper PLC,0,0,0
20090527,68773,AFNCF',OTC,0.09,0.09,0,0,African Copper PLC,0,0,0
20090528,68773,AFNCF',OTC,0.09,0.09,0,0,African Copper PLC,0,0,0
20090529,68773,AFNCF',OTC,0.09,0.09,0,0,African Copper PLC,0,0,0
20090601,68773,AFNCF',OTC,0.09,0.09,0,0,African Copper PLC,0,0,0
20090602,68773,AFNCF',OTC,0.09,0.09,0,0,African Copper PLC,0,0,0
20090603,68773,AFNCF',OTC,0.09,0.09,0,0,African Copper PLC,0,0,0
20090604,68773,AFNCF',OTC,0.09,0.09,0,0,African Copper PLC,0,0,0
20090605,68773,AFNCF',OTC,0.09,0.09,0,0,African Copper PLC,0,0,0
20090608,68773,AFNCF',OTC,0.09,0.09,0,0,African Copper PLC,0,0,0
20090609,68773,AFNCF',OTC,0.09,0.09,0,0,African Copper PLC,0,0,0
20090610,68773,AFNCF',OTC,0.09,0.09,0,0,African Copper PLC,0,0,0
20090611,68773,AFNCF',OTC,0.09,0.09,0,0,African Copper PLC,0,0,0
20090612,68773,AFNCF',OTC,0.09,0.09,0,0,African Copper PLC,0,0,0
20090615,68773,AFNCF',OTC,0.09,0.09,0,0,African Copper PLC,0,0,0
20090616,68773,AFNCF',OTC,0.09,0.09,0,0,African Copper PLC,0,0,0
20090617,68773,AFNCF',OTC,0.09,0.09,0,0,African Copper PLC,0,0,0
20090618,68773,AFNCF',OTC,0.09,0.09,0,0,African Copper PLC,0,0,0
20090619,68773,AFNCF',OTC,0.09,0.09,0,0,African Copper PLC,0,0,0
20090622,68773,AFNCF',OTC,0.09,0.09,0,0,African Copper PLC,0,0,0
20090623,68773,AFNCF',OTC,0.09,0.09,0,0,African Copper PLC,0,0,0
20090624,68773,AFNCF',OTC,0.09,0.09,0,0,African Copper PLC,0,0,0
20090625,68773,AFNCF',OTC,0.09,0.09,0,0,African Copper PLC,0,0,0
20090626,68773,AFNCF',OTC,0.09,0.09,0,0,African Copper PLC,0,0,0
20090629,68773,AFNCF',OTC,0.09,0.09,0,0,African Copper PLC,0,0,0
20090630,68773,AFNCF',OTC,0.09,0.09,0,0,African Copper PLC,0,0,0
20090701,68773,AFNCF',OTC,0.09,0.09,0,0,African Copper PLC,0,0,0
20090702,68773,AFNCF',OTC,0.09,0.09,0,0,African Copper PLC,0,0,0
20090706,68773,AFNCF',OTC,0.09,0.09,0,0,African Copper PLC,0,0,0
20090707,68773,AFNCF',OTC,0.09,0.09,0,0,African Copper PLC,0,0,0
20090708,68773,AFNCF',OTC,0.09,0.09,0,0,African Copper PLC,0,0,0
20090709,68773,AFNCF',OTC,0.09,0.09,0,0,African Copper PLC,0,0,0
20090710,68773,AFNCF',OTC,0.09,0.09,0,0,African Copper PLC,0,0,0
20090713,68773,AFNCF',OTC,0.09,0.09,0,0,African Copper PLC,0,0,0
20090714,68773,AFNCF',OTC,0.09,0.09,0,0,African Copper PLC,0,0,0
20090715,68773,AFNCF',OTC,0.09,0.09,0,0,African Copper PLC,0,0,0
20090716,68773,AFNCF',OTC,0.09,0.09,0,0,African Copper PLC,0,0,0
20090717,68773,AFNCF',OTC,0.09,0.09,0,0,African Copper PLC,0,0,0
20090720,68773,AFNCF',OTC,0.09,0.09,0,0,African Copper PLC,0,0,0
20090721,68773,AFNCF',OTC,0.09,0.09,0,0,African Copper PLC,0,0,0
20090722,68773,AFNCF',OTC,0.09,0.09,0,0,African Copper PLC,0,0,0
20090723,68773,AFNCF',OTC,0.09,0.09,0,0,African Copper PLC,0,0,0
20090724,68773,AFNCF',OTC,0.09,0.09,0,0,African Copper PLC,0,0,0
20090727,68773,AFNCF',OTC,0.09,0.09,0,0,African Copper PLC,0,0,0
20090728,68773,AFNCF',OTC,0.09,0.09,0,0,African Copper PLC,0,0,0
20090729,68773,AFNCF',OTC,0.09,0.09,0,0,African Copper PLC,0,0,0
20090730,68773,AFNCF',OTC,0.09,0.09,0,0,African Copper PLC,0,0,0
20090731,68773,AFNCF',OTC,0.09,0.09,0,0,African Copper PLC,0,0,0
20090803,68773,AFNCF',OTC,0.09,0.09,0,0,African Copper PLC,0,0,0
20090804,68773,AFNCF',OTC,0.09,0.09,0,0,African Copper PLC,0,0,0
20090805,68773,AFNCF',OTC,0.09,0.09,0,0,African Copper PLC,0,0,0
20090806,68773,AFNCF',OTC,0.09,0.09,0,0,African Copper PLC,0,0,0
20090807,68773,AFNCF',OTC,0.09,0.09,0,0,African Copper PLC,0,0,0
20090810,68773,AFNCF',OTC,0.09,0.09,0,0,African Copper PLC,0,0,0
20090811,68773,AFNCF',OTC,0.09,0.09,0,0,African Copper PLC,0,0,0
20090812,68773,AFNCF',OTC,0.09,0.09,0,0,African Copper PLC,0,0,0
20090813,68773,AFNCF',OTC,0.09,0.09,0,0,African Copper PLC,0,0,0
20090814,68773,AFNCF',OTC,0.09,0.09,0,0,African Copper PLC,0,0,0
20090817,68773,AFNCF',OTC,0.09,0.09,0,0,African Copper PLC,0,0,0
20090818,68773,AFNCF',OTC,0.09,0.09,0,0,African Copper PLC,0,0,0
20090819,68773,AFNCF',OTC,0.09,0.09,0,0,African Copper PLC,0,0,0
20090820,68773,AFNCF',OTC,0.09,0.09,0,0,African Copper PLC,0,0,0
20090821,68773,AFNCF',OTC,0.09,0.09,0,0,African Copper PLC,0,0,0
20090824,68773,AFNCF',OTC,0.09,0.09,0,0,African Copper PLC,0,0,0
20090825,68773,AFNCF',OTC,0.09,0.09,0,0,African Copper PLC,0,0,0
20090826,68773,AFNCF',OTC,0.09,0.09,0,0,African Copper PLC,0,0,0
20090827,68773,AFNCF',OTC,0.09,0.09,0,0,African Copper PLC,0,0,0
20090828,68773,AFNCF',OTC,0.09,0.09,0,0,African Copper PLC,0,0,0
20090831,68773,AFNCF',OTC,0.09,0.09,0,0,African Copper PLC,0,0,0
20090901,68773,AFNCF',OTC,0.09,0.09,0,0,African Copper PLC,0,0,0
20090902,68773,AFNCF',OTC,0.09,0.09,0,0,African Copper PLC,0,0,0
20090903,68773,AFNCF',OTC,0.09,0.09,0,0,African Copper PLC,0,0,0
20090904,68773,AFNCF',OTC,0.09,0.09,0,0,African Copper PLC,0,0,0
20090908,68773,AFNCF',OTC,0.09,0.09,0,0,African Copper PLC,0,0,0
20090909,68773,AFNCF',OTC,0.09,0.09,0,0,African Copper PLC,0,0,0
20090910,68773,AFNCF',OTC,0.09,0.09,0,0,African Copper PLC,0,0,0
20090911,68773,AFNCF',OTC,0.09,0.09,0,0,African Copper PLC,0,0,0
20090914,68773,AFNCF',OTC,0.09,0.09,0,0,African Copper PLC,0,0,0
20090915,68773,AFNCF',OTC,0.09,0.09,0,0,African Copper PLC,0,0,0
20090916,68773,AFNCF',OTC,0.09,0.09,0,0,African Copper PLC,0,0,0
20090917,68773,AFNCF',OTC,0.09,0.09,0,0,African Copper PLC,0,0,0
20090918,68773,AFNCF',OTC,0.09,0.09,0,0,African Copper PLC,0,0,0
20090921,68773,AFNCF',OTC,0.09,0.09,0,0,African Copper PLC,0,0,0
20090922,68773,AFNCF',OTC,0.09,0.09,0,0,African Copper PLC,0,0,0
20090923,68773,AFNCF',OTC,0.09,0.09,0,0,African Copper PLC,0,0,0
20090924,68773,AFNCF',OTC,0.09,0.09,0,0,African Copper PLC,0,0,0
20090925,68773,AFNCF',OTC,0.09,0.09,0,0,African Copper PLC,0,0,0
20090928,68773,AFNCF',OTC,0.09,0.09,0,0,African Copper PLC,0,0,0
20090929,68773,AFNCF',OTC,0.09,0.09,0,0,African Copper PLC,0,0,0
20090930,68773,AFNCF',OTC,0.09,0.09,0,0,African Copper PLC,0,0,0
20091001,68773,AFNCF',OTC,0.09,0.09,0,0,African Copper PLC,0,0,0
20091002,68773,AFNCF',OTC,0.09,0.09,0,0,African Copper PLC,0,0,0
20091005,68773,AFNCF',OTC,0.09,0.09,0,0,African Copper PLC,0,0,0
20091006,68773,AFNCF',OTC,0.09,0.09,0,0,African Copper PLC,0,0,0
20091007,68773,AFNCF',OTC,0.09,0.09,0,0,African Copper PLC,0,0,0
20091008,68773,AFNCF',OTC,0.09,0.09,0,0,African Copper PLC,0,0,0
20091009,68773,AFNCF',OTC,0.09,0.09,0,0,African Copper PLC,0,0,0
20091012,68773,AFNCF',OTC,0.09,0.09,0,0,African Copper PLC,0,0,0
20091013,68773,AFNCF',OTC,0.09,0.09,0,0,African Copper PLC,0,0,0
20091014,68773,AFNCF',OTC,0.09,0.09,0,0,African Copper PLC,0,0,0
20091015,68773,AFNCF',OTC,0.09,0.09,0,0,African Copper PLC,0,0,0
