DDate,CSINumber,Symbol,Exchange,DClose,UnAdjustedClose,TotalVolume,Cash,MarketName,PTB,PSR,DPS
19940204,6882,RRR',NYSE,13.5,20.25,97367,0,Renaissance Communications Corp,0,0,0
19940207,6882,RRR',NYSE,14.33333333,21.5,16356,0,Renaissance Communications Corp,0,0,0
19940208,6882,RRR',NYSE,14,21,9156,0,Renaissance Communications Corp,0,0,0
19940209,6882,RRR',NYSE,14.58333333,21.875,4962,0,Renaissance Communications Corp,0,0,0
19940210,6882,RRR',NYSE,14,21,5579,0,Renaissance Communications Corp,0,0,0
19940211,6882,RRR',NYSE,14,21,2576,0,Renaissance Communications Corp,0,0,0
19940214,6882,RRR',NYSE,13.66666667,20.5,11810,0,Renaissance Communications Corp,0,0,0
19940215,6882,RRR',NYSE,14,21,3122,0,Renaissance Communications Corp,0,0,0
19940216,6882,RRR',NYSE,13.83333333,20.75,2501,0,Renaissance Communications Corp,0,0,0
19940217,6882,RRR',NYSE,13.58333333,20.375,3998,0,Renaissance Communications Corp,0,0,0
19940218,6882,RRR',NYSE,13.33333333,20,2994,0,Renaissance Communications Corp,0,0,0
19940222,6882,RRR',NYSE,13.33333333,20,3923,0,Renaissance Communications Corp,0,0,0
19940223,6882,RRR',NYSE,13.83333333,20.75,2202,0,Renaissance Communications Corp,0,0,0
19940224,6882,RRR',NYSE,13.5,20.25,2733,0,Renaissance Communications Corp,0,0,0
19940225,6882,RRR',NYSE,13.5,20.25,6308,0,Renaissance Communications Corp,0,0,0
19940228,6882,RRR',NYSE,14,21,1865,0,Renaissance Communications Corp,0,0,0
19940301,6882,RRR',NYSE,13.5,20.25,3630,0,Renaissance Communications Corp,0,0,0
19940302,6882,RRR',NYSE,13.66666667,20.5,2217,0,Renaissance Communications Corp,0,0,0
19940303,6882,RRR',NYSE,13.33333333,20,2523,0,Renaissance Communications Corp,0,0,0
19940304,6882,RRR',NYSE,13.66666667,20.5,2879,0,Renaissance Communications Corp,0,0,0
19940307,6882,RRR',NYSE,13.66666667,20.5,3398,0,Renaissance Communications Corp,0,0,0
19940308,6882,RRR',NYSE,13.41666667,20.125,1923,0,Renaissance Communications Corp,0,0,0
19940309,6882,RRR',NYSE,13,19.5,1620,0,Renaissance Communications Corp,0,0,0
19940310,6882,RRR',NYSE,12.66666667,19,6521,0,Renaissance Communications Corp,0,0,0
19940311,6882,RRR',NYSE,12.66666667,19,1851,0,Renaissance Communications Corp,0,0,0
19940314,6882,RRR',NYSE,12.5,18.75,759,0,Renaissance Communications Corp,0,0,0
19940315,6882,RRR',NYSE,13.16666667,19.75,1763,0,Renaissance Communications Corp,0,0,0
19940316,6882,RRR',NYSE,13.66666667,20.5,1494,0,Renaissance Communications Corp,0,0,0
19940317,6882,RRR',NYSE,13.25,19.875,2828,0,Renaissance Communications Corp,0,0,0
19940318,6882,RRR',NYSE,13.16666667,19.75,765,0,Renaissance Communications Corp,0,0,0
19940321,6882,RRR',NYSE,13.5,20.25,2337,0,Renaissance Communications Corp,0,0,0
19940322,6882,RRR',NYSE,13.58333333,20.375,959,0,Renaissance Communications Corp,0,0,0
19940323,6882,RRR',NYSE,13.66666667,20.5,2321,0,Renaissance Communications Corp,0,0,0
19940324,6882,RRR',NYSE,14.83333333,22.25,8729,0,Renaissance Communications Corp,0,0,0
19940325,6882,RRR',NYSE,14.5,21.75,7647,0,Renaissance Communications Corp,0,0,0
19940328,6882,RRR',NYSE,14,21,3318,0,Renaissance Communications Corp,0,0,0
19940329,6882,RRR',NYSE,13.83333333,20.75,2960,0,Renaissance Communications Corp,0,0,0
19940330,6882,RRR',NYSE,13.91666667,20.875,2961,0,Renaissance Communications Corp,0,0,0
19940331,6882,RRR',NYSE,14,21,2585,0,Renaissance Communications Corp,0,0,0
19940404,6882,RRR',NYSE,13.5,20.25,2349,0,Renaissance Communications Corp,0,0,0
19940405,6882,RRR',NYSE,14.16666667,21.25,1203,0,Renaissance Communications Corp,0,0,0
19940406,6882,RRR',NYSE,14,21,653,0,Renaissance Communications Corp,0,0,0
19940407,6882,RRR',NYSE,14.16666667,21.25,362,0,Renaissance Communications Corp,0,0,0
19940408,6882,RRR',NYSE,14.08333333,21.125,840,0,Renaissance Communications Corp,0,0,0
19940411,6882,RRR',NYSE,14.16666667,21.25,749,0,Renaissance Communications Corp,0,0,0
19940412,6882,RRR',NYSE,13.75,20.625,1760,0,Renaissance Communications Corp,0,0,0
19940413,6882,RRR',NYSE,13,19.5,2091,0,Renaissance Communications Corp,0,0,0
19940414,6882,RRR',NYSE,12.91666667,19.375,720,0,Renaissance Communications Corp,0,0,0
19940415,6882,RRR',NYSE,13.66666667,20.5,2046,0,Renaissance Communications Corp,0,0,0
19940418,6882,RRR',NYSE,14.25,21.375,4068,0,Renaissance Communications Corp,0,0,0
19940419,6882,RRR',NYSE,13.5,20.25,1613,0,Renaissance Communications Corp,0,0,0
19940420,6882,RRR',NYSE,13.66666667,20.5,816,0,Renaissance Communications Corp,0,0,0
19940421,6882,RRR',NYSE,13.83333333,20.75,1833,0,Renaissance Communications Corp,0,0,0
19940422,6882,RRR',NYSE,13.33333333,20,518,0,Renaissance Communications Corp,0,0,0
19940425,6882,RRR',NYSE,13.33333333,20,1010,0,Renaissance Communications Corp,0,0,0
19940426,6882,RRR',NYSE,13.5,20.25,684,0,Renaissance Communications Corp,0,0,0
19940428,6882,RRR',NYSE,14.83333333,22.25,2289,0,Renaissance Communications Corp,0,0,0
19940429,6882,RRR',NYSE,14.41666667,21.625,927,0,Renaissance Communications Corp,0,0,0
19940502,6882,RRR',NYSE,14.5,21.75,155,0,Renaissance Communications Corp,0,0,0
19940503,6882,RRR',NYSE,14.91666667,22.375,866,0,Renaissance Communications Corp,0,0,0
19940504,6882,RRR',NYSE,14.33333333,21.5,1091,0,Renaissance Communications Corp,0,0,0
19940505,6882,RRR',NYSE,14.16666667,21.25,30,0,Renaissance Communications Corp,0,0,0
19940506,6882,RRR',NYSE,14,21,1224,0,Renaissance Communications Corp,0,0,0
19940509,6882,RRR',NYSE,13.83333333,20.75,1005,0,Renaissance Communications Corp,0,0,0
19940510,6882,RRR',NYSE,14.16666667,21.25,1121,0,Renaissance Communications Corp,0,0,0
19940511,6882,RRR',NYSE,14.66666667,22,941,0,Renaissance Communications Corp,0,0,0
19940512,6882,RRR',NYSE,14.75,22.125,1424,0,Renaissance Communications Corp,0,0,0
19940513,6882,RRR',NYSE,14.58333333,21.875,1454,0,Renaissance Communications Corp,0,0,0
19940516,6882,RRR',NYSE,14.66666667,22,1040,0,Renaissance Communications Corp,0,0,0
19940517,6882,RRR',NYSE,14.5,21.75,606,0,Renaissance Communications Corp,0,0,0
19940518,6882,RRR',NYSE,15,22.5,501,0,Renaissance Communications Corp,0,0,0
19940519,6882,RRR',NYSE,15.66666667,23.5,1136,0,Renaissance Communications Corp,0,0,0
19940520,6882,RRR',NYSE,15.5,23.25,2870,0,Renaissance Communications Corp,0,0,0
19940523,6882,RRR',NYSE,15.5,23.25,186,0,Renaissance Communications Corp,0,0,0
19940524,6882,RRR',NYSE,16.41666667,24.625,4055,0,Renaissance Communications Corp,0,0,0
19940525,6882,RRR',NYSE,17,25.5,2210,0,Renaissance Communications Corp,0,0,0
19940526,6882,RRR',NYSE,17.25,25.875,684,0,Renaissance Communications Corp,0,0,0
19940527,6882,RRR',NYSE,17.08333333,25.625,197,0,Renaissance Communications Corp,0,0,0
19940531,6882,RRR',NYSE,16.66666667,25,1985,0,Renaissance Communications Corp,0,0,0
19940601,6882,RRR',NYSE,16.33333333,24.5,3824,0,Renaissance Communications Corp,0,0,0
19940602,6882,RRR',NYSE,15.91666667,23.875,354,0,Renaissance Communications Corp,0,0,0
19940603,6882,RRR',NYSE,16,24,78,0,Renaissance Communications Corp,0,0,0
19940606,6882,RRR',NYSE,16.16666667,24.25,1094,0,Renaissance Communications Corp,0,0,0
19940607,6882,RRR',NYSE,16.33333333,24.5,260,0,Renaissance Communications Corp,0,0,0
19940608,6882,RRR',NYSE,15.83333333,23.75,596,0,Renaissance Communications Corp,0,0,0
19940609,6882,RRR',NYSE,15.83333333,23.75,791,0,Renaissance Communications Corp,0,0,0
19940610,6882,RRR',NYSE,15.83333333,23.75,110,0,Renaissance Communications Corp,0,0,0
19940613,6882,RRR',NYSE,15.83333333,23.75,164,0,Renaissance Communications Corp,0,0,0
19940614,6882,RRR',NYSE,16.33333333,24.5,545,0,Renaissance Communications Corp,0,0,0
19940615,6882,RRR',NYSE,16.5,24.75,269,0,Renaissance Communications Corp,0,0,0
19940616,6882,RRR',NYSE,16.83333333,25.25,332,0,Renaissance Communications Corp,0,0,0
19940617,6882,RRR',NYSE,17,25.5,342,0,Renaissance Communications Corp,0,0,0
19940620,6882,RRR',NYSE,16.66666667,25,198,0,Renaissance Communications Corp,0,0,0
19940621,6882,RRR',NYSE,16.66666667,25,1485,0,Renaissance Communications Corp,0,0,0
19940622,6882,RRR',NYSE,16.20833333,24.3125,429,0,Renaissance Communications Corp,0,0,0
19940623,6882,RRR',NYSE,15.5,23.25,849,0,Renaissance Communications Corp,0,0,0
19940624,6882,RRR',NYSE,15.16666667,22.75,135,0,Renaissance Communications Corp,0,0,0
19940627,6882,RRR',NYSE,15.5,23.25,149,0,Renaissance Communications Corp,0,0,0
19940628,6882,RRR',NYSE,15.33333333,23,296,0,Renaissance Communications Corp,0,0,0
19940629,6882,RRR',NYSE,15.33333333,23,213,0,Renaissance Communications Corp,0,0,0
19940630,6882,RRR',NYSE,15.33333333,23,702,0,Renaissance Communications Corp,0,0,0
19940701,6882,RRR',NYSE,15.5,23.25,185,0,Renaissance Communications Corp,0,0,0
19940705,6882,RRR',NYSE,15.5,23.25,651,0,Renaissance Communications Corp,0,0,0
19940706,6882,RRR',NYSE,15.83333333,23.75,1128,0,Renaissance Communications Corp,0,0,0
19940707,6882,RRR',NYSE,16.08333333,24.125,269,0,Renaissance Communications Corp,0,0,0
19940708,6882,RRR',NYSE,16.33333333,24.5,1316,0,Renaissance Communications Corp,0,0,0
19940711,6882,RRR',NYSE,16.16666667,24.25,3311,0,Renaissance Communications Corp,0,0,0
19940712,6882,RRR',NYSE,15.5,23.25,1317,0,Renaissance Communications Corp,0,0,0
19940713,6882,RRR',NYSE,15,22.5,1049,0,Renaissance Communications Corp,0,0,0
19940714,6882,RRR',NYSE,14.66666667,22,3101,0,Renaissance Communications Corp,0,0,0
19940715,6882,RRR',NYSE,15.33333333,23,150,0,Renaissance Communications Corp,0,0,0
19940718,6882,RRR',NYSE,15.33333333,23,152,0,Renaissance Communications Corp,0,0,0
19940719,6882,RRR',NYSE,15.66666667,23.5,189,0,Renaissance Communications Corp,0,0,0
19940720,6882,RRR',NYSE,16,24,717,0,Renaissance Communications Corp,0,0,0
19940721,6882,RRR',NYSE,16,24,83,0,Renaissance Communications Corp,0,0,0
19940722,6882,RRR',NYSE,16,24,0,0,Renaissance Communications Corp,0,0,0
19940725,6882,RRR',NYSE,16.33333333,24.5,912,0,Renaissance Communications Corp,0,0,0
19940726,6882,RRR',NYSE,16.5,24.75,221,0,Renaissance Communications Corp,0,0,0
19940727,6882,RRR',NYSE,15.66666667,23.5,680,0,Renaissance Communications Corp,0,0,0
19940728,6882,RRR',NYSE,15.66666667,23.5,66,0,Renaissance Communications Corp,0,0,0
19940729,6882,RRR',NYSE,15.66666667,23.5,227,0,Renaissance Communications Corp,0,0,0
19940801,6882,RRR',NYSE,15.83333333,23.75,15,0,Renaissance Communications Corp,0,0,0
19940802,6882,RRR',NYSE,15.5,23.25,165,0,Renaissance Communications Corp,0,0,0
19940803,6882,RRR',NYSE,15.83333333,23.75,713,0,Renaissance Communications Corp,0,0,0
19940804,6882,RRR',NYSE,17.16666667,25.75,1451,0,Renaissance Communications Corp,0,0,0
19940805,6882,RRR',NYSE,16.66666667,25,1517,0,Renaissance Communications Corp,0,0,0
19940808,6882,RRR',NYSE,17.16666667,25.75,398,0,Renaissance Communications Corp,0,0,0
19940809,6882,RRR',NYSE,16.83333333,25.25,5,0,Renaissance Communications Corp,0,0,0
19940810,6882,RRR',NYSE,17.5,26.25,534,0,Renaissance Communications Corp,0,0,0
19940811,6882,RRR',NYSE,18.33333333,27.5,665,0,Renaissance Communications Corp,0,0,0
19940812,6882,RRR',NYSE,18.83333333,28.25,1164,0,Renaissance Communications Corp,0,0,0
19940815,6882,RRR',NYSE,18.5,27.75,935,0,Renaissance Communications Corp,0,0,0
19940816,6882,RRR',NYSE,18.5,27.75,299,0,Renaissance Communications Corp,0,0,0
19940817,6882,RRR',NYSE,18.33333333,27.5,4166,0,Renaissance Communications Corp,0,0,0
19940818,6882,RRR',NYSE,18.33333333,27.5,236,0,Renaissance Communications Corp,0,0,0
19940819,6882,RRR',NYSE,18.33333333,27.5,299,0,Renaissance Communications Corp,0,0,0
19940822,6882,RRR',NYSE,18.41666667,27.625,134,0,Renaissance Communications Corp,0,0,0
19940823,6882,RRR',NYSE,18.25,27.375,98,0,Renaissance Communications Corp,0,0,0
19940824,6882,RRR',NYSE,18.58333333,27.875,2385,0,Renaissance Communications Corp,0,0,0
19940825,6882,RRR',NYSE,18.66666667,28,6260,0,Renaissance Communications Corp,0,0,0
19940826,6882,RRR',NYSE,18.25,27.375,183,0,Renaissance Communications Corp,0,0,0
19940829,6882,RRR',NYSE,17.16666667,25.75,801,0,Renaissance Communications Corp,0,0,0
19940830,6882,RRR',NYSE,17.83333333,26.75,276,0,Renaissance Communications Corp,0,0,0
19940831,6882,RRR',NYSE,18.16666667,27.25,2304,0,Renaissance Communications Corp,0,0,0
19940901,6882,RRR',NYSE,18.08333333,27.125,341,0,Renaissance Communications Corp,0,0,0
19940902,6882,RRR',NYSE,18.66666667,28,363,0,Renaissance Communications Corp,0,0,0
19940906,6882,RRR',NYSE,18.83333333,28.25,434,0,Renaissance Communications Corp,0,0,0
19940907,6882,RRR',NYSE,19.91666667,29.875,2195,0,Renaissance Communications Corp,0,0,0
19940908,6882,RRR',NYSE,20,30,1998,0,Renaissance Communications Corp,0,0,0
19940909,6882,RRR',NYSE,19,28.5,570,0,Renaissance Communications Corp,0,0,0
19940912,6882,RRR',NYSE,18.83333333,28.25,47,0,Renaissance Communications Corp,0,0,0
19940913,6882,RRR',NYSE,18.33333333,27.5,713,0,Renaissance Communications Corp,0,0,0
19940914,6882,RRR',NYSE,18.33333333,27.5,143,0,Renaissance Communications Corp,0,0,0
19940915,6882,RRR',NYSE,18,27,497,0,Renaissance Communications Corp,0,0,0
19940916,6882,RRR',NYSE,18.16666667,27.25,2235,0,Renaissance Communications Corp,0,0,0
19940919,6882,RRR',NYSE,18.41666667,27.625,107,0,Renaissance Communications Corp,0,0,0
19940920,6882,RRR',NYSE,18.5,27.75,95,0,Renaissance Communications Corp,0,0,0
19940921,6882,RRR',NYSE,17.83333333,26.75,422,0,Renaissance Communications Corp,0,0,0
19940922,6882,RRR',NYSE,17.5,26.25,228,0,Renaissance Communications Corp,0,0,0
19940923,6882,RRR',NYSE,18,27,335,0,Renaissance Communications Corp,0,0,0
19940926,6882,RRR',NYSE,17.66666667,26.5,42,0,Renaissance Communications Corp,0,0,0
19940927,6882,RRR',NYSE,18,27,318,0,Renaissance Communications Corp,0,0,0
19940928,6882,RRR',NYSE,17.83333333,26.75,761,0,Renaissance Communications Corp,0,0,0
19940929,6882,RRR',NYSE,17.83333333,26.75,629,0,Renaissance Communications Corp,0,0,0
19940930,6882,RRR',NYSE,17.91666667,26.875,159,0,Renaissance Communications Corp,0,0,0
19941003,6882,RRR',NYSE,18,27,1031,0,Renaissance Communications Corp,0,0,0
19941004,6882,RRR',NYSE,17.66666667,26.5,105,0,Renaissance Communications Corp,0,0,0
19941005,6882,RRR',NYSE,17.66666667,26.5,57,0,Renaissance Communications Corp,0,0,0
19941006,6882,RRR',NYSE,17.33333333,26,642,0,Renaissance Communications Corp,0,0,0
19941007,6882,RRR',NYSE,16.83333333,25.25,485,0,Renaissance Communications Corp,0,0,0
19941010,6882,RRR',NYSE,17.5,26.25,759,0,Renaissance Communications Corp,0,0,0
19941011,6882,RRR',NYSE,17.33333333,26,1019,0,Renaissance Communications Corp,0,0,0
19941012,6882,RRR',NYSE,17.16666667,25.75,29,0,Renaissance Communications Corp,0,0,0
19941013,6882,RRR',NYSE,17.66666667,26.5,891,0,Renaissance Communications Corp,0,0,0
19941014,6882,RRR',NYSE,18,27,62,0,Renaissance Communications Corp,0,0,0
19941017,6882,RRR',NYSE,17.66666667,26.5,2126,0,Renaissance Communications Corp,0,0,0
19941018,6882,RRR',NYSE,18.83333333,28.25,1865,0,Renaissance Communications Corp,0,0,0
19941019,6882,RRR',NYSE,18,27,407,0,Renaissance Communications Corp,0,0,0
19941020,6882,RRR',NYSE,18,27,180,0,Renaissance Communications Corp,0,0,0
19941021,6882,RRR',NYSE,17.83333333,26.75,429,0,Renaissance Communications Corp,0,0,0
19941024,6882,RRR',NYSE,17.83333333,26.75,249,0,Renaissance Communications Corp,0,0,0
19941025,6882,RRR',NYSE,18.33333333,27.5,1577,0,Renaissance Communications Corp,0,0,0
19941026,6882,RRR',NYSE,18.08333333,27.125,6372,0,Renaissance Communications Corp,0,0,0
19941027,6882,RRR',NYSE,17.66666667,26.5,5820,0,Renaissance Communications Corp,0,0,0
19941028,6882,RRR',NYSE,18,27,1200,0,Renaissance Communications Corp,0,0,0
19941031,6882,RRR',NYSE,17.33333333,26,806,0,Renaissance Communications Corp,0,0,0
19941101,6882,RRR',NYSE,17,25.5,1298,0,Renaissance Communications Corp,0,0,0
19941102,6882,RRR',NYSE,16.95833333,25.4375,237,0,Renaissance Communications Corp,0,0,0
19941103,6882,RRR',NYSE,17.16666667,25.75,95,0,Renaissance Communications Corp,0,0,0
19941104,6882,RRR',NYSE,17.08333333,25.625,566,0,Renaissance Communications Corp,0,0,0
19941107,6882,RRR',NYSE,17.08333333,25.625,248,0,Renaissance Communications Corp,0,0,0
19941108,6882,RRR',NYSE,17,25.5,380,0,Renaissance Communications Corp,0,0,0
19941109,6882,RRR',NYSE,17,25.5,1170,0,Renaissance Communications Corp,0,0,0
19941110,6882,RRR',NYSE,17.08333333,25.625,261,0,Renaissance Communications Corp,0,0,0
19941111,6882,RRR',NYSE,16.83333333,25.25,9,0,Renaissance Communications Corp,0,0,0
19941114,6882,RRR',NYSE,17.16666667,25.75,954,0,Renaissance Communications Corp,0,0,0
19941115,6882,RRR',NYSE,17.16666667,25.75,89,0,Renaissance Communications Corp,0,0,0
19941116,6882,RRR',NYSE,18.58333333,27.875,1338,0,Renaissance Communications Corp,0,0,0
19941117,6882,RRR',NYSE,18.83333333,28.25,2583,0,Renaissance Communications Corp,0,0,0
19941118,6882,RRR',NYSE,18.5,27.75,920,0,Renaissance Communications Corp,0,0,0
19941121,6882,RRR',NYSE,18.33333333,27.5,846,0,Renaissance Communications Corp,0,0,0
19941122,6882,RRR',NYSE,18.33333333,27.5,74,0,Renaissance Communications Corp,0,0,0
19941123,6882,RRR',NYSE,17.33333333,26,1694,0,Renaissance Communications Corp,0,0,0
19941125,6882,RRR',NYSE,17.33333333,26,312,0,Renaissance Communications Corp,0,0,0
19941128,6882,RRR',NYSE,17.33333333,26,344,0,Renaissance Communications Corp,0,0,0
19941129,6882,RRR',NYSE,17.16666667,25.75,15,0,Renaissance Communications Corp,0,0,0
19941130,6882,RRR',NYSE,17.33333333,26,968,0,Renaissance Communications Corp,0,0,0
19941201,6882,RRR',NYSE,16.66666667,25,389,0,Renaissance Communications Corp,0,0,0
19941202,6882,RRR',NYSE,16.66666667,25,369,0,Renaissance Communications Corp,0,0,0
19941205,6882,RRR',NYSE,16.5,24.75,104,0,Renaissance Communications Corp,0,0,0
19941206,6882,RRR',NYSE,16,24,300,0,Renaissance Communications Corp,0,0,0
19941207,6882,RRR',NYSE,14.83333333,22.25,1236,0,Renaissance Communications Corp,0,0,0
19941208,6882,RRR',NYSE,15.16666667,22.75,1134,0,Renaissance Communications Corp,0,0,0
19941209,6882,RRR',NYSE,14.83333333,22.25,41,0,Renaissance Communications Corp,0,0,0
19941212,6882,RRR',NYSE,14.83333333,22.25,0,0,Renaissance Communications Corp,0,0,0
19941213,6882,RRR',NYSE,15.16666667,22.75,5828,0,Renaissance Communications Corp,0,0,0
19941214,6882,RRR',NYSE,16.33333333,24.5,2372,0,Renaissance Communications Corp,0,0,0
19941215,6882,RRR',NYSE,17,25.5,2177,0,Renaissance Communications Corp,0,0,0
19941216,6882,RRR',NYSE,16.66666667,25,1086,0,Renaissance Communications Corp,0,0,0
19941219,6882,RRR',NYSE,16,24,1175,0,Renaissance Communications Corp,0,0,0
19941220,6882,RRR',NYSE,16.33333333,24.5,221,0,Renaissance Communications Corp,0,0,0
19941221,6882,RRR',NYSE,16,24,945,0,Renaissance Communications Corp,0,0,0
19941222,6882,RRR',NYSE,16.08333333,24.125,315,0,Renaissance Communications Corp,0,0,0
19941223,6882,RRR',NYSE,16.08333333,24.125,1740,0,Renaissance Communications Corp,0,0,0
19941227,6882,RRR',NYSE,16.83333333,25.25,408,0,Renaissance Communications Corp,0,0,0
19941228,6882,RRR',NYSE,17.33333333,26,1013,0,Renaissance Communications Corp,0,0,0
19941229,6882,RRR',NYSE,18.16666667,27.25,278,0,Renaissance Communications Corp,0,0,0
19941230,6882,RRR',NYSE,18.5,27.75,438,0,Renaissance Communications Corp,0,0,0
19950103,6882,RRR',NYSE,18.16666667,27.25,380,0,Renaissance Communications Corp,0,0,0
19950104,6882,RRR',NYSE,17.83333333,26.75,701,0,Renaissance Communications Corp,0,0,0
19950105,6882,RRR',NYSE,18.16666667,27.25,699,0,Renaissance Communications Corp,0,0,0
19950106,6882,RRR',NYSE,17.91666667,26.875,104,0,Renaissance Communications Corp,0,0,0
19950109,6882,RRR',NYSE,18,27,188,0,Renaissance Communications Corp,0,0,0
19950110,6882,RRR',NYSE,18.5,27.75,308,0,Renaissance Communications Corp,0,0,0
19950111,6882,RRR',NYSE,18.33333333,27.5,236,0,Renaissance Communications Corp,0,0,0
19950112,6882,RRR',NYSE,18.41666667,27.625,15,0,Renaissance Communications Corp,0,0,0
19950113,6882,RRR',NYSE,18.58333333,27.875,1445,0,Renaissance Communications Corp,0,0,0
19950116,6882,RRR',NYSE,18.33333333,27.5,96,0,Renaissance Communications Corp,0,0,0
19950117,6882,RRR',NYSE,18.66666667,28,77,0,Renaissance Communications Corp,0,0,0
19950118,6882,RRR',NYSE,18.5,27.75,8,0,Renaissance Communications Corp,0,0,0
19950119,6882,RRR',NYSE,18.83333333,28.25,195,0,Renaissance Communications Corp,0,0,0
19950120,6882,RRR',NYSE,19,28.5,402,0,Renaissance Communications Corp,0,0,0
19950123,6882,RRR',NYSE,18.5,27.75,131,0,Renaissance Communications Corp,0,0,0
19950124,6882,RRR',NYSE,19,28.5,243,0,Renaissance Communications Corp,0,0,0
19950125,6882,RRR',NYSE,19.16666667,28.75,3,0,Renaissance Communications Corp,0,0,0
19950126,6882,RRR',NYSE,18.83333333,28.25,144,0,Renaissance Communications Corp,0,0,0
19950127,6882,RRR',NYSE,18.83333333,28.25,20,0,Renaissance Communications Corp,0,0,0
19950130,6882,RRR',NYSE,18.91666667,28.375,434,0,Renaissance Communications Corp,0,0,0
19950131,6882,RRR',NYSE,18.83333333,28.25,158,0,Renaissance Communications Corp,0,0,0
19950201,6882,RRR',NYSE,18.58333333,27.875,365,0,Renaissance Communications Corp,0,0,0
19950202,6882,RRR',NYSE,19.08333333,28.625,381,0,Renaissance Communications Corp,0,0,0
19950203,6882,RRR',NYSE,19,28.5,252,0,Renaissance Communications Corp,0,0,0
19950206,6882,RRR',NYSE,19,28.5,38,0,Renaissance Communications Corp,0,0,0
19950207,6882,RRR',NYSE,18.5,27.75,329,0,Renaissance Communications Corp,0,0,0
19950208,6882,RRR',NYSE,18.41666667,27.625,336,0,Renaissance Communications Corp,0,0,0
19950209,6882,RRR',NYSE,19.16666667,28.75,1026,0,Renaissance Communications Corp,0,0,0
19950210,6882,RRR',NYSE,19.83333333,29.75,435,0,Renaissance Communications Corp,0,0,0
19950213,6882,RRR',NYSE,19.5,29.25,786,0,Renaissance Communications Corp,0,0,0
19950214,6882,RRR',NYSE,19.5,29.25,111,0,Renaissance Communications Corp,0,0,0
19950215,6882,RRR',NYSE,19.83333333,29.75,122,0,Renaissance Communications Corp,0,0,0
19950216,6882,RRR',NYSE,19.66666667,29.5,83,0,Renaissance Communications Corp,0,0,0
19950217,6882,RRR',NYSE,19.16666667,28.75,470,0,Renaissance Communications Corp,0,0,0
19950221,6882,RRR',NYSE,19,28.5,176,0,Renaissance Communications Corp,0,0,0
19950222,6882,RRR',NYSE,18.75,28.125,1889,0,Renaissance Communications Corp,0,0,0
19950223,6882,RRR',NYSE,18.91666667,28.375,390,0,Renaissance Communications Corp,0,0,0
19950224,6882,RRR',NYSE,19,28.5,270,0,Renaissance Communications Corp,0,0,0
19950227,6882,RRR',NYSE,19.41666667,29.125,174,0,Renaissance Communications Corp,0,0,0
19950228,6882,RRR',NYSE,19.5,29.25,2145,0,Renaissance Communications Corp,0,0,0
19950301,6882,RRR',NYSE,19.16666667,28.75,477,0,Renaissance Communications Corp,0,0,0
19950302,6882,RRR',NYSE,19.33333333,29,969,0,Renaissance Communications Corp,0,0,0
19950303,6882,RRR',NYSE,19.33333333,29,843,0,Renaissance Communications Corp,0,0,0
19950306,6882,RRR',NYSE,19.16666667,28.75,1464,0,Renaissance Communications Corp,0,0,0
19950307,6882,RRR',NYSE,19.16666667,28.75,347,0,Renaissance Communications Corp,0,0,0
19950308,6882,RRR',NYSE,19.33333333,29,485,0,Renaissance Communications Corp,0,0,0
19950309,6882,RRR',NYSE,19.33333333,29,87,0,Renaissance Communications Corp,0,0,0
19950310,6882,RRR',NYSE,19.41666667,29.125,543,0,Renaissance Communications Corp,0,0,0
19950313,6882,RRR',NYSE,19.41666667,29.125,734,0,Renaissance Communications Corp,0,0,0
19950314,6882,RRR',NYSE,19.16666667,28.75,902,0,Renaissance Communications Corp,0,0,0
19950315,6882,RRR',NYSE,19.33333333,29,170,0,Renaissance Communications Corp,0,0,0
19950316,6882,RRR',NYSE,19.33333333,29,74,0,Renaissance Communications Corp,0,0,0
19950317,6882,RRR',NYSE,19.29166667,28.9375,47,0,Renaissance Communications Corp,0,0,0
19950320,6882,RRR',NYSE,19.5,29.25,77,0,Renaissance Communications Corp,0,0,0
19950321,6882,RRR',NYSE,19.25,28.875,222,0,Renaissance Communications Corp,0,0,0
19950322,6882,RRR',NYSE,19.16666667,28.75,321,0,Renaissance Communications Corp,0,0,0
19950323,6882,RRR',NYSE,19.91666667,29.875,879,0,Renaissance Communications Corp,0,0,0
19950324,6882,RRR',NYSE,20.33333333,30.5,567,0,Renaissance Communications Corp,0,0,0
19950327,6882,RRR',NYSE,21,31.5,741,0,Renaissance Communications Corp,0,0,0
19950328,6882,RRR',NYSE,21.66666667,32.5,1614,0,Renaissance Communications Corp,0,0,0
19950329,6882,RRR',NYSE,21.5,32.25,1032,0,Renaissance Communications Corp,0,0,0
19950330,6882,RRR',NYSE,21.33333333,32,96,0,Renaissance Communications Corp,0,0,0
19950331,6882,RRR',NYSE,21.5,32.25,353,0,Renaissance Communications Corp,0,0,0
19950403,6882,RRR',NYSE,21.08333333,31.625,335,0,Renaissance Communications Corp,0,0,0
19950404,6882,RRR',NYSE,21,31.5,677,0,Renaissance Communications Corp,0,0,0
19950405,6882,RRR',NYSE,21.08333333,31.625,51,0,Renaissance Communications Corp,0,0,0
19950406,6882,RRR',NYSE,21.16666667,31.75,570,0,Renaissance Communications Corp,0,0,0
19950407,6882,RRR',NYSE,20.83333333,31.25,2781,0,Renaissance Communications Corp,0,0,0
19950410,6882,RRR',NYSE,21.16666667,31.75,89,0,Renaissance Communications Corp,0,0,0
19950411,6882,RRR',NYSE,21.16666667,31.75,39,0,Renaissance Communications Corp,0,0,0
19950412,6882,RRR',NYSE,20.5,30.75,1500,0,Renaissance Communications Corp,0,0,0
19950413,6882,RRR',NYSE,20,30,1491,0,Renaissance Communications Corp,0,0,0
19950417,6882,RRR',NYSE,19.66666667,29.5,518,0,Renaissance Communications Corp,0,0,0
19950418,6882,RRR',NYSE,18.5,27.75,897,0,Renaissance Communications Corp,0,0,0
19950419,6882,RRR',NYSE,19,28.5,1128,0,Renaissance Communications Corp,0,0,0
19950420,6882,RRR',NYSE,18.91666667,28.375,564,0,Renaissance Communications Corp,0,0,0
19950421,6882,RRR',NYSE,18.66666667,28,786,0,Renaissance Communications Corp,0,0,0
19950424,6882,RRR',NYSE,18.5,27.75,12,0,Renaissance Communications Corp,0,0,0
19950425,6882,RRR',NYSE,18.33333333,27.5,275,0,Renaissance Communications Corp,0,0,0
19950426,6882,RRR',NYSE,17.83333333,26.75,1287,0,Renaissance Communications Corp,0,0,0
19950427,6882,RRR',NYSE,18.33333333,27.5,366,0,Renaissance Communications Corp,0,0,0
19950428,6882,RRR',NYSE,18.33333333,27.5,737,0,Renaissance Communications Corp,0,0,0
19950501,6882,RRR',NYSE,18.41666667,27.625,2109,0,Renaissance Communications Corp,0,0,0
19950502,6882,RRR',NYSE,18.16666667,27.25,1416,0,Renaissance Communications Corp,0,0,0
19950503,6882,RRR',NYSE,20,30,3425,0,Renaissance Communications Corp,0,0,0
19950504,6882,RRR',NYSE,20.83333333,31.25,2435,0,Renaissance Communications Corp,0,0,0
19950505,6882,RRR',NYSE,21,31.5,494,0,Renaissance Communications Corp,0,0,0
19950508,6882,RRR',NYSE,20.83333333,31.25,1583,0,Renaissance Communications Corp,0,0,0
19950509,6882,RRR',NYSE,20.66666667,31,1289,0,Renaissance Communications Corp,0,0,0
19950510,6882,RRR',NYSE,21,31.5,275,0,Renaissance Communications Corp,0,0,0
19950511,6882,RRR',NYSE,21,31.5,1080,0,Renaissance Communications Corp,0,0,0
19950512,6882,RRR',NYSE,21,31.5,0,0,Renaissance Communications Corp,0,0,0
19950515,6882,RRR',NYSE,20.58333333,30.875,1724,0,Renaissance Communications Corp,0,0,0
19950516,6882,RRR',NYSE,20.83333333,31.25,1802,0,Renaissance Communications Corp,0,0,0
19950517,6882,RRR',NYSE,20.91666667,31.375,1032,0,Renaissance Communications Corp,0,0,0
19950518,6882,RRR',NYSE,20.66666667,31,137,0,Renaissance Communications Corp,0,0,0
19950519,6882,RRR',NYSE,20.75,31.125,804,0,Renaissance Communications Corp,0,0,0
19950522,6882,RRR',NYSE,20.66666667,31,12,0,Renaissance Communications Corp,0,0,0
19950523,6882,RRR',NYSE,21.5,32.25,597,0,Renaissance Communications Corp,0,0,0
19950524,6882,RRR',NYSE,21,31.5,236,0,Renaissance Communications Corp,0,0,0
19950525,6882,RRR',NYSE,21.08333333,31.625,381,0,Renaissance Communications Corp,0,0,0
19950526,6882,RRR',NYSE,22.08333333,33.125,1467,0,Renaissance Communications Corp,0,0,0
19950530,6882,RRR',NYSE,22,33,6,0,Renaissance Communications Corp,0,0,0
19950531,6882,RRR',NYSE,22.5,33.75,1020,0,Renaissance Communications Corp,0,0,0
19950601,6882,RRR',NYSE,22.58333333,33.875,1403,0,Renaissance Communications Corp,0,0,0
19950602,6882,RRR',NYSE,22.83333333,34.25,326,0,Renaissance Communications Corp,0,0,0
19950605,6882,RRR',NYSE,22.66666667,34,6,0,Renaissance Communications Corp,0,0,0
19950606,6882,RRR',NYSE,22.83333333,34.25,230,0,Renaissance Communications Corp,0,0,0
19950607,6882,RRR',NYSE,23.33333333,35,227,0,Renaissance Communications Corp,0,0,0
19950608,6882,RRR',NYSE,24,36,290,0,Renaissance Communications Corp,0,0,0
19950609,6882,RRR',NYSE,23.66666667,35.5,782,0,Renaissance Communications Corp,0,0,0
19950612,6882,RRR',NYSE,23.66666667,35.5,30,0,Renaissance Communications Corp,0,0,0
19950613,6882,RRR',NYSE,23.25,34.875,654,0,Renaissance Communications Corp,0,0,0
19950614,6882,RRR',NYSE,22.66666667,34,1253,0,Renaissance Communications Corp,0,0,0
19950615,6882,RRR',NYSE,22.83333333,34.25,2841,0,Renaissance Communications Corp,0,0,0
19950616,6882,RRR',NYSE,24.08333333,36.125,1512,0,Renaissance Communications Corp,0,0,0
19950619,6882,RRR',NYSE,24,36,605,0,Renaissance Communications Corp,0,0,0
19950620,6882,RRR',NYSE,24.16666667,36.25,1419,0,Renaissance Communications Corp,0,0,0
19950621,6882,RRR',NYSE,23.83333333,35.75,1055,0,Renaissance Communications Corp,0,0,0
19950622,6882,RRR',NYSE,24.16666667,36.25,38,0,Renaissance Communications Corp,0,0,0
19950623,6882,RRR',NYSE,24.16666667,36.25,0,0,Renaissance Communications Corp,0,0,0
19950626,6882,RRR',NYSE,22.83333333,34.25,321,0,Renaissance Communications Corp,0,0,0
19950627,6882,RRR',NYSE,23.16666667,34.75,41,0,Renaissance Communications Corp,0,0,0
19950628,6882,RRR',NYSE,22.91666667,34.375,704,0,Renaissance Communications Corp,0,0,0
19950629,6882,RRR',NYSE,22.25,33.375,2367,0,Renaissance Communications Corp,0,0,0
19950630,6882,RRR',NYSE,22.33333333,33.5,554,0,Renaissance Communications Corp,0,0,0
19950703,6882,RRR',NYSE,22.66666667,34,111,0,Renaissance Communications Corp,0,0,0
19950705,6882,RRR',NYSE,22.66666667,34,1092,0,Renaissance Communications Corp,0,0,0
19950706,6882,RRR',NYSE,22.66666667,34,476,0,Renaissance Communications Corp,0,0,0
19950707,6882,RRR',NYSE,23.16666667,34.75,53,0,Renaissance Communications Corp,0,0,0
19950710,6882,RRR',NYSE,23,34.5,800,0,Renaissance Communications Corp,0,0,0
19950711,6882,RRR',NYSE,22.83333333,34.25,2252,0,Renaissance Communications Corp,0,0,0
19950712,6882,RRR',NYSE,23,34.5,456,0,Renaissance Communications Corp,0,0,0
19950713,6882,RRR',NYSE,22.66666667,34,14,0,Renaissance Communications Corp,0,0,0
19950714,6882,RRR',NYSE,22.66666667,34,734,0,Renaissance Communications Corp,0,0,0
19950717,6882,RRR',NYSE,23,34.5,107,0,Renaissance Communications Corp,0,0,0
19950718,6882,RRR',NYSE,23,34.5,165,0,Renaissance Communications Corp,0,0,0
19950719,6882,RRR',NYSE,23.66666667,35.5,300,0,Renaissance Communications Corp,0,0,0
19950720,6882,RRR',NYSE,24.41666667,36.625,209,0,Renaissance Communications Corp,0,0,0
19950721,6882,RRR',NYSE,24.41666667,36.625,14,0,Renaissance Communications Corp,0,0,0
19950724,6882,RRR',NYSE,24.75,37.125,263,0,Renaissance Communications Corp,0,0,0
19950725,6882,RRR',NYSE,25.58333333,38.375,198,0,Renaissance Communications Corp,0,0,0
19950726,6882,RRR',NYSE,25.66666667,38.5,77,0,Renaissance Communications Corp,0,0,0
19950727,6882,RRR',NYSE,25.66666667,38.5,8,0,Renaissance Communications Corp,0,0,0
19950728,6882,RRR',NYSE,25.66666667,38.5,69,0,Renaissance Communications Corp,0,0,0
19950731,6882,RRR',NYSE,25.5,38.25,65,0,Renaissance Communications Corp,0,0,0
19950801,6882,RRR',NYSE,25.75,38.625,27,0,Renaissance Communications Corp,0,0,0
19950802,6882,RRR',NYSE,26.41666667,39.625,381,0,Renaissance Communications Corp,0,0,0
19950803,6882,RRR',NYSE,25.91666667,38.875,251,0,Renaissance Communications Corp,0,0,0
19950804,6882,RRR',NYSE,25.66666667,38.5,86,0,Renaissance Communications Corp,0,0,0
19950807,6882,RRR',NYSE,25.58333333,38.375,60,0,Renaissance Communications Corp,0,0,0
19950808,6882,RRR',NYSE,25,37.5,3080,0,Renaissance Communications Corp,0,0,0
19950809,6882,RRR',NYSE,25,37.5,158,0,Renaissance Communications Corp,0,0,0
19950810,6882,RRR',NYSE,24.83333333,37.25,156,0,Renaissance Communications Corp,0,0,0
19950811,6882,RRR',NYSE,24.58333333,36.875,314,0,Renaissance Communications Corp,0,0,0
19950814,6882,RRR',NYSE,24.41666667,36.625,144,0,Renaissance Communications Corp,0,0,0
19950815,6882,RRR',NYSE,24.25,36.375,111,0,Renaissance Communications Corp,0,0,0
19950816,6882,RRR',NYSE,24,36,1370,0,Renaissance Communications Corp,0,0,0
19950817,6882,RRR',NYSE,24.25,36.375,165,0,Renaissance Communications Corp,0,0,0
19950818,6882,RRR',NYSE,24.66666667,37,1269,0,Renaissance Communications Corp,0,0,0
19950821,6882,RRR',NYSE,24.75,37.125,90,0,Renaissance Communications Corp,0,0,0
19950822,6882,RRR',NYSE,24.66666667,37,1713,0,Renaissance Communications Corp,0,0,0
19950823,6882,RRR',NYSE,24.66666667,37,456,0,Renaissance Communications Corp,0,0,0
19950824,6882,RRR',NYSE,24.66666667,37,5,0,Renaissance Communications Corp,0,0,0
19950825,6882,RRR',NYSE,24.66666667,37,51,0,Renaissance Communications Corp,0,0,0
19950828,6882,RRR',NYSE,24.5,36.75,44,0,Renaissance Communications Corp,0,0,0
19950829,6882,RRR',NYSE,24.5,36.75,0,0,Renaissance Communications Corp,0,0,0
19950830,6882,RRR',NYSE,24.75,37.125,192,0,Renaissance Communications Corp,0,0,0
19950831,6882,RRR',NYSE,24.66666667,37,5,0,Renaissance Communications Corp,0,0,0
19950901,6882,RRR',NYSE,24.91666667,37.375,35,0,Renaissance Communications Corp,0,0,0
19950905,6882,RRR',NYSE,25.08333333,37.625,222,0,Renaissance Communications Corp,0,0,0
19950906,6882,RRR',NYSE,25,37.5,537,0,Renaissance Communications Corp,0,0,0
19950907,6882,RRR',NYSE,24.91666667,37.375,45,0,Renaissance Communications Corp,0,0,0
19950908,6882,RRR',NYSE,24.5,36.75,74,0,Renaissance Communications Corp,0,0,0
19950911,6882,RRR',NYSE,24.41666667,36.625,197,0,Renaissance Communications Corp,0,0,0
19950912,6882,RRR',NYSE,24.16666667,36.25,36,0,Renaissance Communications Corp,0,0,0
19950913,6882,RRR',NYSE,23.91666667,35.875,129,0,Renaissance Communications Corp,0,0,0
19950914,6882,RRR',NYSE,24.16666667,36.25,173,0,Renaissance Communications Corp,0,0,0
19950915,6882,RRR',NYSE,24,36,105,0,Renaissance Communications Corp,0,0,0
19950918,6882,RRR',NYSE,24.08333333,36.125,131,0,Renaissance Communications Corp,0,0,0
19950919,6882,RRR',NYSE,24,36,119,0,Renaissance Communications Corp,0,0,0
19950920,6882,RRR',NYSE,24.25,36.375,23,0,Renaissance Communications Corp,0,0,0
19950921,6882,RRR',NYSE,24.25,36.375,153,0,Renaissance Communications Corp,0,0,0
19950922,6882,RRR',NYSE,24.16666667,36.25,35,0,Renaissance Communications Corp,0,0,0
19950925,6882,RRR',NYSE,24.08333333,36.125,266,0,Renaissance Communications Corp,0,0,0
19950926,6882,RRR',NYSE,23.91666667,35.875,15,0,Renaissance Communications Corp,0,0,0
19950927,6882,RRR',NYSE,23.41666667,35.125,1085,0,Renaissance Communications Corp,0,0,0
19950928,6882,RRR',NYSE,23.41666667,35.125,6,0,Renaissance Communications Corp,0,0,0
19950929,6882,RRR',NYSE,23.33333333,35,902,0,Renaissance Communications Corp,0,0,0
19951002,6882,RRR',NYSE,23.33333333,35,240,0,Renaissance Communications Corp,0,0,0
19951003,6882,RRR',NYSE,23.25,34.875,452,0,Renaissance Communications Corp,0,0,0
19951004,6882,RRR',NYSE,22.66666667,34,512,0,Renaissance Communications Corp,0,0,0
19951005,6882,RRR',NYSE,22.08333333,33.125,185,0,Renaissance Communications Corp,0,0,0
19951006,6882,RRR',NYSE,22.16666667,33.25,116,0,Renaissance Communications Corp,0,0,0
19951009,6882,RRR',NYSE,22.08333333,33.125,66,0,Renaissance Communications Corp,0,0,0
19951010,6882,RRR',NYSE,22.08333333,33.125,69,0,Renaissance Communications Corp,0,0,0
19951011,6882,RRR',NYSE,21.95833333,32.9375,57,0,Renaissance Communications Corp,0,0,0
19951012,6882,RRR',NYSE,21.75,32.625,656,0,Renaissance Communications Corp,0,0,0
19951013,6882,RRR',NYSE,21.66666667,32.5,66,0,Renaissance Communications Corp,0,0,0
19951016,6882,RRR',NYSE,21.83333333,32.75,365,0,Renaissance Communications Corp,0,0,0
19951017,6882,RRR',NYSE,22,22,84,0,Renaissance Communications Corp,0,0,0
19951018,6882,RRR',NYSE,22.5,22.5,42,0,Renaissance Communications Corp,0,0,0
19951019,6882,RRR',NYSE,22.875,22.875,149,0,Renaissance Communications Corp,0,0,0
19951020,6882,RRR',NYSE,23.5,23.5,40,0,Renaissance Communications Corp,0,0,0
19951023,6882,RRR',NYSE,23.625,23.625,96,0,Renaissance Communications Corp,0,0,0
19951024,6882,RRR',NYSE,23.25,23.25,69,0,Renaissance Communications Corp,0,0,0
19951025,6882,RRR',NYSE,23.375,23.375,55,0,Renaissance Communications Corp,0,0,0
19951026,6882,RRR',NYSE,23.875,23.875,103,0,Renaissance Communications Corp,0,0,0
19951027,6882,RRR',NYSE,22.375,22.375,261,0,Renaissance Communications Corp,0,0,0
19951030,6882,RRR',NYSE,22.25,22.25,231,0,Renaissance Communications Corp,0,0,0
19951031,6882,RRR',NYSE,22.375,22.375,832,0,Renaissance Communications Corp,0,0,0
19951101,6882,RRR',NYSE,22.375,22.375,47,0,Renaissance Communications Corp,0,0,0
19951102,6882,RRR',NYSE,21.5,21.5,1071,0,Renaissance Communications Corp,0,0,0
19951103,6882,RRR',NYSE,21.125,21.125,230,0,Renaissance Communications Corp,0,0,0
19951106,6882,RRR',NYSE,21.125,21.125,3286,0,Renaissance Communications Corp,0,0,0
19951107,6882,RRR',NYSE,20.375,20.375,6568,0,Renaissance Communications Corp,0,0,0
19951108,6882,RRR',NYSE,20.125,20.125,2521,0,Renaissance Communications Corp,0,0,0
19951109,6882,RRR',NYSE,20.125,20.125,327,0,Renaissance Communications Corp,0,0,0
19951110,6882,RRR',NYSE,20.125,20.125,268,0,Renaissance Communications Corp,0,0,0
19951113,6882,RRR',NYSE,20,20,335,0,Renaissance Communications Corp,0,0,0
19951114,6882,RRR',NYSE,19.5,19.5,277,0,Renaissance Communications Corp,0,0,0
19951115,6882,RRR',NYSE,19.375,19.375,83,0,Renaissance Communications Corp,0,0,0
19951116,6882,RRR',NYSE,19.5,19.5,286,0,Renaissance Communications Corp,0,0,0
19951117,6882,RRR',NYSE,19.5,19.5,350,0,Renaissance Communications Corp,0,0,0
19951120,6882,RRR',NYSE,19.375,19.375,112,0,Renaissance Communications Corp,0,0,0
19951121,6882,RRR',NYSE,19.25,19.25,964,0,Renaissance Communications Corp,0,0,0
19951122,6882,RRR',NYSE,19.25,19.25,334,0,Renaissance Communications Corp,0,0,0
19951124,6882,RRR',NYSE,19.25,19.25,34,0,Renaissance Communications Corp,0,0,0
19951127,6882,RRR',NYSE,19.375,19.375,2382,0,Renaissance Communications Corp,0,0,0
19951128,6882,RRR',NYSE,19.25,19.25,528,0,Renaissance Communications Corp,0,0,0
19951129,6882,RRR',NYSE,20.5,20.5,3443,0,Renaissance Communications Corp,0,0,0
19951130,6882,RRR',NYSE,21.625,21.625,994,0,Renaissance Communications Corp,0,0,0
19951201,6882,RRR',NYSE,22,22,326,0,Renaissance Communications Corp,0,0,0
19951204,6882,RRR',NYSE,22,22,226,0,Renaissance Communications Corp,0,0,0
19951205,6882,RRR',NYSE,21.5,21.5,135,0,Renaissance Communications Corp,0,0,0
19951206,6882,RRR',NYSE,21.25,21.25,66,0,Renaissance Communications Corp,0,0,0
19951207,6882,RRR',NYSE,21.25,21.25,333,0,Renaissance Communications Corp,0,0,0
19951208,6882,RRR',NYSE,21.25,21.25,3,0,Renaissance Communications Corp,0,0,0
19951211,6882,RRR',NYSE,21.25,21.25,86,0,Renaissance Communications Corp,0,0,0
19951212,6882,RRR',NYSE,20.625,20.625,206,0,Renaissance Communications Corp,0,0,0
19951213,6882,RRR',NYSE,20.375,20.375,1282,0,Renaissance Communications Corp,0,0,0
19951214,6882,RRR',NYSE,20.25,20.25,631,0,Renaissance Communications Corp,0,0,0
19951215,6882,RRR',NYSE,20.5,20.5,111,0,Renaissance Communications Corp,0,0,0
19951218,6882,RRR',NYSE,20.25,20.25,864,0,Renaissance Communications Corp,0,0,0
19951219,6882,RRR',NYSE,20.25,20.25,589,0,Renaissance Communications Corp,0,0,0
19951220,6882,RRR',NYSE,21,21,447,0,Renaissance Communications Corp,0,0,0
19951221,6882,RRR',NYSE,20.625,20.625,667,0,Renaissance Communications Corp,0,0,0
19951222,6882,RRR',NYSE,21.125,21.125,867,0,Renaissance Communications Corp,0,0,0
19951226,6882,RRR',NYSE,21.375,21.375,175,0,Renaissance Communications Corp,0,0,0
19951227,6882,RRR',NYSE,21.5,21.5,810,0,Renaissance Communications Corp,0,0,0
19951228,6882,RRR',NYSE,21.625,21.625,44,0,Renaissance Communications Corp,0,0,0
19951229,6882,RRR',NYSE,22.125,22.125,1024,0,Renaissance Communications Corp,0,0,0
19960102,6882,RRR',NYSE,22.25,22.25,39,0,Renaissance Communications Corp,0,0,0
19960103,6882,RRR',NYSE,22.25,22.25,217,0,Renaissance Communications Corp,0,0,0
19960104,6882,RRR',NYSE,22.125,22.125,221,0,Renaissance Communications Corp,0,0,0
19960105,6882,RRR',NYSE,21.5,21.5,1207,0,Renaissance Communications Corp,0,0,0
19960108,6882,RRR',NYSE,21.5,21.5,25,0,Renaissance Communications Corp,0,0,0
19960109,6882,RRR',NYSE,21.25,21.25,157,0,Renaissance Communications Corp,0,0,0
19960110,6882,RRR',NYSE,21.25,21.25,10,0,Renaissance Communications Corp,0,0,0
19960111,6882,RRR',NYSE,20.875,20.875,494,0,Renaissance Communications Corp,0,0,0
19960112,6882,RRR',NYSE,20.75,20.75,26,0,Renaissance Communications Corp,0,0,0
19960115,6882,RRR',NYSE,20.75,20.75,252,0,Renaissance Communications Corp,0,0,0
19960116,6882,RRR',NYSE,20.875,20.875,138,0,Renaissance Communications Corp,0,0,0
19960117,6882,RRR',NYSE,20.75,20.75,314,0,Renaissance Communications Corp,0,0,0
19960118,6882,RRR',NYSE,20.875,20.875,140,0,Renaissance Communications Corp,0,0,0
19960119,6882,RRR',NYSE,20.75,20.75,294,0,Renaissance Communications Corp,0,0,0
19960122,6882,RRR',NYSE,20.375,20.375,942,0,Renaissance Communications Corp,0,0,0
19960123,6882,RRR',NYSE,20.125,20.125,438,0,Renaissance Communications Corp,0,0,0
19960124,6882,RRR',NYSE,20.25,20.25,132,0,Renaissance Communications Corp,0,0,0
19960125,6882,RRR',NYSE,20.625,20.625,412,0,Renaissance Communications Corp,0,0,0
19960126,6882,RRR',NYSE,20.125,20.125,53,0,Renaissance Communications Corp,0,0,0
19960129,6882,RRR',NYSE,20.375,20.375,46,0,Renaissance Communications Corp,0,0,0
19960130,6882,RRR',NYSE,20,20,425,0,Renaissance Communications Corp,0,0,0
19960131,6882,RRR',NYSE,19.75,19.75,240,0,Renaissance Communications Corp,0,0,0
19960201,6882,RRR',NYSE,21.875,21.875,4432,0,Renaissance Communications Corp,0,0,0
19960202,6882,RRR',NYSE,21.375,21.375,2152,0,Renaissance Communications Corp,0,0,0
19960205,6882,RRR',NYSE,22,22,506,0,Renaissance Communications Corp,0,0,0
19960206,6882,RRR',NYSE,22.25,22.25,303,0,Renaissance Communications Corp,0,0,0
19960207,6882,RRR',NYSE,23,23,248,0,Renaissance Communications Corp,0,0,0
19960208,6882,RRR',NYSE,23.75,23.75,669,0,Renaissance Communications Corp,0,0,0
19960209,6882,RRR',NYSE,23.75,23.75,372,0,Renaissance Communications Corp,0,0,0
19960212,6882,RRR',NYSE,23.75,23.75,424,0,Renaissance Communications Corp,0,0,0
19960213,6882,RRR',NYSE,23.5,23.5,357,0,Renaissance Communications Corp,0,0,0
19960214,6882,RRR',NYSE,23.875,23.875,321,0,Renaissance Communications Corp,0,0,0
19960215,6882,RRR',NYSE,23.5,23.5,1717,0,Renaissance Communications Corp,0,0,0
19960216,6882,RRR',NYSE,25.125,25.125,875,0,Renaissance Communications Corp,0,0,0
19960220,6882,RRR',NYSE,25.5,25.5,353,0,Renaissance Communications Corp,0,0,0
19960221,6882,RRR',NYSE,25.375,25.375,732,0,Renaissance Communications Corp,0,0,0
19960222,6882,RRR',NYSE,27.25,27.25,573,0,Renaissance Communications Corp,0,0,0
19960223,6882,RRR',NYSE,27.375,27.375,495,0,Renaissance Communications Corp,0,0,0
19960226,6882,RRR',NYSE,27,27,1018,0,Renaissance Communications Corp,0,0,0
19960227,6882,RRR',NYSE,26.125,26.125,350,0,Renaissance Communications Corp,0,0,0
19960228,6882,RRR',NYSE,26,26,671,0,Renaissance Communications Corp,0,0,0
19960229,6882,RRR',NYSE,25.5,25.5,253,0,Renaissance Communications Corp,0,0,0
19960301,6882,RRR',NYSE,25.625,25.625,165,0,Renaissance Communications Corp,0,0,0
19960304,6882,RRR',NYSE,25.75,25.75,1780,0,Renaissance Communications Corp,0,0,0
19960305,6882,RRR',NYSE,25.375,25.375,240,0,Renaissance Communications Corp,0,0,0
19960306,6882,RRR',NYSE,25,25,1015,0,Renaissance Communications Corp,0,0,0
19960307,6882,RRR',NYSE,24.875,24.875,230,0,Renaissance Communications Corp,0,0,0
19960308,6882,RRR',NYSE,24.25,24.25,1138,0,Renaissance Communications Corp,0,0,0
19960311,6882,RRR',NYSE,25.25,25.25,142,0,Renaissance Communications Corp,0,0,0
19960312,6882,RRR',NYSE,24.75,24.75,707,0,Renaissance Communications Corp,0,0,0
19960313,6882,RRR',NYSE,24.625,24.625,69,0,Renaissance Communications Corp,0,0,0
19960314,6882,RRR',NYSE,24.125,24.125,99,0,Renaissance Communications Corp,0,0,0
19960315,6882,RRR',NYSE,24.125,24.125,102,0,Renaissance Communications Corp,0,0,0
19960318,6882,RRR',NYSE,24.25,24.25,626,0,Renaissance Communications Corp,0,0,0
19960319,6882,RRR',NYSE,25.5,25.5,618,0,Renaissance Communications Corp,0,0,0
19960320,6882,RRR',NYSE,25.875,25.875,156,0,Renaissance Communications Corp,0,0,0
19960321,6882,RRR',NYSE,25.75,25.75,71,0,Renaissance Communications Corp,0,0,0
19960322,6882,RRR',NYSE,25.375,25.375,167,0,Renaissance Communications Corp,0,0,0
19960325,6882,RRR',NYSE,24.75,24.75,135,0,Renaissance Communications Corp,0,0,0
19960326,6882,RRR',NYSE,25.125,25.125,234,0,Renaissance Communications Corp,0,0,0
19960327,6882,RRR',NYSE,25,25,55,0,Renaissance Communications Corp,0,0,0
19960328,6882,RRR',NYSE,25.25,25.25,93,0,Renaissance Communications Corp,0,0,0
19960329,6882,RRR',NYSE,24.875,24.875,313,0,Renaissance Communications Corp,0,0,0
19960401,6882,RRR',NYSE,25,25,32,0,Renaissance Communications Corp,0,0,0
19960402,6882,RRR',NYSE,24.875,24.875,111,0,Renaissance Communications Corp,0,0,0
19960403,6882,RRR',NYSE,25,25,284,0,Renaissance Communications Corp,0,0,0
19960404,6882,RRR',NYSE,24.5,24.5,328,0,Renaissance Communications Corp,0,0,0
19960408,6882,RRR',NYSE,24.625,24.625,188,0,Renaissance Communications Corp,0,0,0
19960409,6882,RRR',NYSE,24.5,24.5,23,0,Renaissance Communications Corp,0,0,0
19960410,6882,RRR',NYSE,24.625,24.625,123,0,Renaissance Communications Corp,0,0,0
19960411,6882,RRR',NYSE,25,25,191,0,Renaissance Communications Corp,0,0,0
19960412,6882,RRR',NYSE,25.25,25.25,3320,0,Renaissance Communications Corp,0,0,0
19960415,6882,RRR',NYSE,26.25,26.25,208,0,Renaissance Communications Corp,0,0,0
19960416,6882,RRR',NYSE,26.75,26.75,1027,0,Renaissance Communications Corp,0,0,0
19960417,6882,RRR',NYSE,26.75,26.75,510,0,Renaissance Communications Corp,0,0,0
19960418,6882,RRR',NYSE,27.25,27.25,627,0,Renaissance Communications Corp,0,0,0
19960419,6882,RRR',NYSE,27.375,27.375,186,0,Renaissance Communications Corp,0,0,0
19960422,6882,RRR',NYSE,27,27,699,0,Renaissance Communications Corp,0,0,0
19960423,6882,RRR',NYSE,26.625,26.625,410,0,Renaissance Communications Corp,0,0,0
19960424,6882,RRR',NYSE,26.875,26.875,911,0,Renaissance Communications Corp,0,0,0
19960425,6882,RRR',NYSE,27.25,27.25,474,0,Renaissance Communications Corp,0,0,0
19960426,6882,RRR',NYSE,28.125,28.125,690,0,Renaissance Communications Corp,0,0,0
19960429,6882,RRR',NYSE,27.875,27.875,291,0,Renaissance Communications Corp,0,0,0
19960430,6882,RRR',NYSE,27.625,27.625,840,0,Renaissance Communications Corp,0,0,0
19960501,6882,RRR',NYSE,27.5,27.5,656,0,Renaissance Communications Corp,0,0,0
19960502,6882,RRR',NYSE,27.625,27.625,1799,0,Renaissance Communications Corp,0,0,0
19960503,6882,RRR',NYSE,28.125,28.125,695,0,Renaissance Communications Corp,0,0,0
19960506,6882,RRR',NYSE,28.75,28.75,718,0,Renaissance Communications Corp,0,0,0
19960507,6882,RRR',NYSE,29.75,29.75,307,0,Renaissance Communications Corp,0,0,0
19960508,6882,RRR',NYSE,29.5,29.5,475,0,Renaissance Communications Corp,0,0,0
19960509,6882,RRR',NYSE,29.125,29.125,283,0,Renaissance Communications Corp,0,0,0
19960510,6882,RRR',NYSE,28.625,28.625,586,0,Renaissance Communications Corp,0,0,0
19960513,6882,RRR',NYSE,28,28,671,0,Renaissance Communications Corp,0,0,0
19960514,6882,RRR',NYSE,29,29,434,0,Renaissance Communications Corp,0,0,0
19960515,6882,RRR',NYSE,28.875,28.875,266,0,Renaissance Communications Corp,0,0,0
19960516,6882,RRR',NYSE,28.875,28.875,226,0,Renaissance Communications Corp,0,0,0
19960517,6882,RRR',NYSE,29,29,151,0,Renaissance Communications Corp,0,0,0
19960520,6882,RRR',NYSE,29.5,29.5,1103,0,Renaissance Communications Corp,0,0,0
19960521,6882,RRR',NYSE,29.5,29.5,61,0,Renaissance Communications Corp,0,0,0
19960522,6882,RRR',NYSE,29.375,29.375,708,0,Renaissance Communications Corp,0,0,0
19960523,6882,RRR',NYSE,29.625,29.625,95,0,Renaissance Communications Corp,0,0,0
19960524,6882,RRR',NYSE,29.5,29.5,1051,0,Renaissance Communications Corp,0,0,0
19960528,6882,RRR',NYSE,29.75,29.75,467,0,Renaissance Communications Corp,0,0,0
19960529,6882,RRR',NYSE,29.625,29.625,2200,0,Renaissance Communications Corp,0,0,0
19960530,6882,RRR',NYSE,30.25,30.25,434,0,Renaissance Communications Corp,0,0,0
19960531,6882,RRR',NYSE,30,30,495,0,Renaissance Communications Corp,0,0,0
19960603,6882,RRR',NYSE,29.875,29.875,642,0,Renaissance Communications Corp,0,0,0
19960604,6882,RRR',NYSE,29.75,29.75,601,0,Renaissance Communications Corp,0,0,0
19960605,6882,RRR',NYSE,29.75,29.75,364,0,Renaissance Communications Corp,0,0,0
19960606,6882,RRR',NYSE,31,31,4242,0,Renaissance Communications Corp,0,0,0
19960607,6882,RRR',NYSE,31,31,566,0,Renaissance Communications Corp,0,0,0
19960610,6882,RRR',NYSE,31,31,197,0,Renaissance Communications Corp,0,0,0
19960611,6882,RRR',NYSE,31,31,629,0,Renaissance Communications Corp,0,0,0
19960612,6882,RRR',NYSE,30.375,30.375,520,0,Renaissance Communications Corp,0,0,0
19960613,6882,RRR',NYSE,30.125,30.125,366,0,Renaissance Communications Corp,0,0,0
19960614,6882,RRR',NYSE,30,30,346,0,Renaissance Communications Corp,0,0,0
19960617,6882,RRR',NYSE,30.75,30.75,198,0,Renaissance Communications Corp,0,0,0
19960618,6882,RRR',NYSE,30.5,30.5,232,0,Renaissance Communications Corp,0,0,0
19960619,6882,RRR',NYSE,30.375,30.375,455,0,Renaissance Communications Corp,0,0,0
19960620,6882,RRR',NYSE,30.25,30.25,345,0,Renaissance Communications Corp,0,0,0
19960621,6882,RRR',NYSE,30,30,312,0,Renaissance Communications Corp,0,0,0
19960624,6882,RRR',NYSE,30.25,30.25,184,0,Renaissance Communications Corp,0,0,0
19960625,6882,RRR',NYSE,30,30,557,0,Renaissance Communications Corp,0,0,0
19960626,6882,RRR',NYSE,30,30,747,0,Renaissance Communications Corp,0,0,0
19960627,6882,RRR',NYSE,30.875,30.875,743,0,Renaissance Communications Corp,0,0,0
19960628,6882,RRR',NYSE,32.25,32.25,1256,0,Renaissance Communications Corp,0,0,0
19960701,6882,RRR',NYSE,33.875,33.875,4478,0,Renaissance Communications Corp,0,0,0
19960702,6882,RRR',NYSE,34,34,4797,0,Renaissance Communications Corp,0,0,0
19960703,6882,RRR',NYSE,34,34,4663,0,Renaissance Communications Corp,0,0,0
19960705,6882,RRR',NYSE,34,34,1334,0,Renaissance Communications Corp,0,0,0
19960708,6882,RRR',NYSE,34.125,34.125,1566,0,Renaissance Communications Corp,0,0,0
19960709,6882,RRR',NYSE,34.125,34.125,4305,0,Renaissance Communications Corp,0,0,0
19960710,6882,RRR',NYSE,34.125,34.125,500,0,Renaissance Communications Corp,0,0,0
19960711,6882,RRR',NYSE,34.125,34.125,10254,0,Renaissance Communications Corp,0,0,0
19960712,6882,RRR',NYSE,34,34,1496,0,Renaissance Communications Corp,0,0,0
19960715,6882,RRR',NYSE,34.125,34.125,395,0,Renaissance Communications Corp,0,0,0
19960716,6882,RRR',NYSE,34,34,2162,0,Renaissance Communications Corp,0,0,0
19960717,6882,RRR',NYSE,34.125,34.125,2488,0,Renaissance Communications Corp,0,0,0
19960718,6882,RRR',NYSE,34.25,34.25,123,0,Renaissance Communications Corp,0,0,0
19960719,6882,RRR',NYSE,34.25,34.25,575,0,Renaissance Communications Corp,0,0,0
19960722,6882,RRR',NYSE,34.25,34.25,150,0,Renaissance Communications Corp,0,0,0
19960723,6882,RRR',NYSE,34.375,34.375,180,0,Renaissance Communications Corp,0,0,0
19960724,6882,RRR',NYSE,34.375,34.375,24,0,Renaissance Communications Corp,0,0,0
19960725,6882,RRR',NYSE,34.375,34.375,704,0,Renaissance Communications Corp,0,0,0
19960726,6882,RRR',NYSE,34.625,34.625,268,0,Renaissance Communications Corp,0,0,0
19960729,6882,RRR',NYSE,34.375,34.375,957,0,Renaissance Communications Corp,0,0,0
19960730,6882,RRR',NYSE,34.375,34.375,1877,0,Renaissance Communications Corp,0,0,0
19960731,6882,RRR',NYSE,34.5,34.5,369,0,Renaissance Communications Corp,0,0,0
19960801,6882,RRR',NYSE,34.5,34.5,195,0,Renaissance Communications Corp,0,0,0
19960802,6882,RRR',NYSE,34.5,34.5,1589,0,Renaissance Communications Corp,0,0,0
19960805,6882,RRR',NYSE,34.875,34.875,1090,0,Renaissance Communications Corp,0,0,0
19960806,6882,RRR',NYSE,34.5,34.5,64,0,Renaissance Communications Corp,0,0,0
19960807,6882,RRR',NYSE,34.75,34.75,238,0,Renaissance Communications Corp,0,0,0
19960808,6882,RRR',NYSE,34.875,34.875,84,0,Renaissance Communications Corp,0,0,0
19960809,6882,RRR',NYSE,34.875,34.875,506,0,Renaissance Communications Corp,0,0,0
19960812,6882,RRR',NYSE,34.75,34.75,43,0,Renaissance Communications Corp,0,0,0
19960813,6882,RRR',NYSE,34.75,34.75,66,0,Renaissance Communications Corp,0,0,0
19960814,6882,RRR',NYSE,34.875,34.875,88,0,Renaissance Communications Corp,0,0,0
19960815,6882,RRR',NYSE,35.125,35.125,275,0,Renaissance Communications Corp,0,0,0
19960816,6882,RRR',NYSE,35,35,184,0,Renaissance Communications Corp,0,0,0
19960819,6882,RRR',NYSE,35,35,49,0,Renaissance Communications Corp,0,0,0
19960820,6882,RRR',NYSE,35,35,792,0,Renaissance Communications Corp,0,0,0
19960821,6882,RRR',NYSE,35,35,244,0,Renaissance Communications Corp,0,0,0
19960822,6882,RRR',NYSE,34.875,34.875,161,0,Renaissance Communications Corp,0,0,0
19960823,6882,RRR',NYSE,34.875,34.875,365,0,Renaissance Communications Corp,0,0,0
19960826,6882,RRR',NYSE,35,35,411,0,Renaissance Communications Corp,0,0,0
19960827,6882,RRR',NYSE,35.125,35.125,366,0,Renaissance Communications Corp,0,0,0
19960828,6882,RRR',NYSE,35.25,35.25,194,0,Renaissance Communications Corp,0,0,0
19960829,6882,RRR',NYSE,35.125,35.125,116,0,Renaissance Communications Corp,0,0,0
19960830,6882,RRR',NYSE,35.25,35.25,124,0,Renaissance Communications Corp,0,0,0
19960903,6882,RRR',NYSE,35.25,35.25,10,0,Renaissance Communications Corp,0,0,0
19960904,6882,RRR',NYSE,35.125,35.125,16,0,Renaissance Communications Corp,0,0,0
19960905,6882,RRR',NYSE,35.125,35.125,101,0,Renaissance Communications Corp,0,0,0
19960906,6882,RRR',NYSE,35.125,35.125,42,0,Renaissance Communications Corp,0,0,0
19960909,6882,RRR',NYSE,35.25,35.25,129,0,Renaissance Communications Corp,0,0,0
19960910,6882,RRR',NYSE,35.25,35.25,163,0,Renaissance Communications Corp,0,0,0
19960911,6882,RRR',NYSE,35.25,35.25,5,0,Renaissance Communications Corp,0,0,0
19960912,6882,RRR',NYSE,35.25,35.25,136,0,Renaissance Communications Corp,0,0,0
19960913,6882,RRR',NYSE,35.375,35.375,107,0,Renaissance Communications Corp,0,0,0
19960916,6882,RRR',NYSE,35.375,35.375,42,0,Renaissance Communications Corp,0,0,0
19960917,6882,RRR',NYSE,35.375,35.375,136,0,Renaissance Communications Corp,0,0,0
19960918,6882,RRR',NYSE,35.375,35.375,193,0,Renaissance Communications Corp,0,0,0
19960919,6882,RRR',NYSE,35.375,35.375,79,0,Renaissance Communications Corp,0,0,0
19960920,6882,RRR',NYSE,35.25,35.25,2495,0,Renaissance Communications Corp,0,0,0
19960923,6882,RRR',NYSE,35,35,1990,0,Renaissance Communications Corp,0,0,0
19960924,6882,RRR',NYSE,35.125,35.125,2270,0,Renaissance Communications Corp,0,0,0
19960925,6882,RRR',NYSE,35,35,1295,0,Renaissance Communications Corp,0,0,0
19960926,6882,RRR',NYSE,35.125,35.125,1714,0,Renaissance Communications Corp,0,0,0
19960927,6882,RRR',NYSE,35.125,35.125,59,0,Renaissance Communications Corp,0,0,0
19960930,6882,RRR',NYSE,35.25,35.25,61,0,Renaissance Communications Corp,0,0,0
19961001,6882,RRR',NYSE,35.25,35.25,1970,0,Renaissance Communications Corp,0,0,0
19961002,6882,RRR',NYSE,35.25,35.25,1131,0,Renaissance Communications Corp,0,0,0
19961003,6882,RRR',NYSE,35.25,35.25,1678,0,Renaissance Communications Corp,0,0,0
19961004,6882,RRR',NYSE,35.375,35.375,1520,0,Renaissance Communications Corp,0,0,0
19961007,6882,RRR',NYSE,35.25,35.25,1627,0,Renaissance Communications Corp,0,0,0
19961008,6882,RRR',NYSE,35.25,35.25,964,0,Renaissance Communications Corp,0,0,0
19961009,6882,RRR',NYSE,35.25,35.25,33,0,Renaissance Communications Corp,0,0,0
19961010,6882,RRR',NYSE,35.25,35.25,0,0,Renaissance Communications Corp,0,0,0
19961011,6882,RRR',NYSE,35.25,35.25,3766,0,Renaissance Communications Corp,0,0,0
19961014,6882,RRR',NYSE,35.25,35.25,23,0,Renaissance Communications Corp,0,0,0
19961015,6882,RRR',NYSE,35.5,35.5,85,0,Renaissance Communications Corp,0,0,0
19961016,6882,RRR',NYSE,35.25,35.25,212,0,Renaissance Communications Corp,0,0,0
19961017,6882,RRR',NYSE,35.25,35.25,86,0,Renaissance Communications Corp,0,0,0
19961018,6882,RRR',NYSE,35.375,35.375,18,0,Renaissance Communications Corp,0,0,0
19961021,6882,RRR',NYSE,35.25,35.25,170,0,Renaissance Communications Corp,0,0,0
19961022,6882,RRR',NYSE,35.375,35.375,437,0,Renaissance Communications Corp,0,0,0
19961023,6882,RRR',NYSE,35.375,35.375,63,0,Renaissance Communications Corp,0,0,0
19961024,6882,RRR',NYSE,35.375,35.375,143,0,Renaissance Communications Corp,0,0,0
19961025,6882,RRR',NYSE,35.25,35.25,1109,0,Renaissance Communications Corp,0,0,0
19961028,6882,RRR',NYSE,35.375,35.375,147,0,Renaissance Communications Corp,0,0,0
19961029,6882,RRR',NYSE,35.375,35.375,103,0,Renaissance Communications Corp,0,0,0
19961030,6882,RRR',NYSE,35.375,35.375,729,0,Renaissance Communications Corp,0,0,0
19961031,6882,RRR',NYSE,35.375,35.375,271,0,Renaissance Communications Corp,0,0,0
19961101,6882,RRR',NYSE,35.375,35.375,69,0,Renaissance Communications Corp,0,0,0
19961104,6882,RRR',NYSE,35.5,35.5,70,0,Renaissance Communications Corp,0,0,0
19961105,6882,RRR',NYSE,35.25,35.25,1670,0,Renaissance Communications Corp,0,0,0
19961106,6882,RRR',NYSE,35,35,2754,0,Renaissance Communications Corp,0,0,0
19961107,6882,RRR',NYSE,35.125,35.125,2109,0,Renaissance Communications Corp,0,0,0
19961108,6882,RRR',NYSE,35.125,35.125,457,0,Renaissance Communications Corp,0,0,0
19961111,6882,RRR',NYSE,35,35,3608,0,Renaissance Communications Corp,0,0,0
19961112,6882,RRR',NYSE,35.125,35.125,4048,0,Renaissance Communications Corp,0,0,0
19961113,6882,RRR',NYSE,35.125,35.125,164,0,Renaissance Communications Corp,0,0,0
19961114,6882,RRR',NYSE,35.25,35.25,2840,0,Renaissance Communications Corp,0,0,0
19961115,6882,RRR',NYSE,35.125,35.125,105,0,Renaissance Communications Corp,0,0,0
19961118,6882,RRR',NYSE,35.25,35.25,12,0,Renaissance Communications Corp,0,0,0
19961119,6882,RRR',NYSE,35.125,35.125,419,0,Renaissance Communications Corp,0,0,0
19961120,6882,RRR',NYSE,35.125,35.125,162,0,Renaissance Communications Corp,0,0,0
19961121,6882,RRR',NYSE,35.25,35.25,33,0,Renaissance Communications Corp,0,0,0
19961122,6882,RRR',NYSE,35.125,35.125,65,0,Renaissance Communications Corp,0,0,0
19961125,6882,RRR',NYSE,35.375,35.375,96,0,Renaissance Communications Corp,0,0,0
19961126,6882,RRR',NYSE,35.375,35.375,45,0,Renaissance Communications Corp,0,0,0
19961127,6882,RRR',NYSE,35.375,35.375,78,0,Renaissance Communications Corp,0,0,0
19961129,6882,RRR',NYSE,35.5,35.5,1012,0,Renaissance Communications Corp,0,0,0
19961202,6882,RRR',NYSE,35.5,35.5,323,0,Renaissance Communications Corp,0,0,0
19961203,6882,RRR',NYSE,35.625,35.625,121,0,Renaissance Communications Corp,0,0,0
19961204,6882,RRR',NYSE,35.625,35.625,21,0,Renaissance Communications Corp,0,0,0
19961205,6882,RRR',NYSE,35.625,35.625,13,0,Renaissance Communications Corp,0,0,0
19961206,6882,RRR',NYSE,35.5,35.5,45,0,Renaissance Communications Corp,0,0,0
19961209,6882,RRR',NYSE,35.625,35.625,34,0,Renaissance Communications Corp,0,0,0
19961210,6882,RRR',NYSE,35.625,35.625,222,0,Renaissance Communications Corp,0,0,0
19961211,6882,RRR',NYSE,35.625,35.625,341,0,Renaissance Communications Corp,0,0,0
19961212,6882,RRR',NYSE,35.625,35.625,227,0,Renaissance Communications Corp,0,0,0
19961213,6882,RRR',NYSE,35.625,35.625,1054,0,Renaissance Communications Corp,0,0,0
19961216,6882,RRR',NYSE,35.75,35.75,359,0,Renaissance Communications Corp,0,0,0
19961217,6882,RRR',NYSE,35.625,35.625,498,0,Renaissance Communications Corp,0,0,0
19961218,6882,RRR',NYSE,35.625,35.625,120,0,Renaissance Communications Corp,0,0,0
19961219,6882,RRR',NYSE,35.625,35.625,123,0,Renaissance Communications Corp,0,0,0
19961220,6882,RRR',NYSE,35.75,35.75,308,0,Renaissance Communications Corp,0,0,0
19961223,6882,RRR',NYSE,35.5,35.5,1010,0,Renaissance Communications Corp,0,0,0
19961224,6882,RRR',NYSE,35.5,35.5,511,0,Renaissance Communications Corp,0,0,0
19961226,6882,RRR',NYSE,35.625,35.625,114,0,Renaissance Communications Corp,0,0,0
19961227,6882,RRR',NYSE,35.75,35.75,69,0,Renaissance Communications Corp,0,0,0
19961230,6882,RRR',NYSE,35.75,35.75,43,0,Renaissance Communications Corp,0,0,0
19961231,6882,RRR',NYSE,35.75,35.75,23,0,Renaissance Communications Corp,0,0,0
19970102,6882,RRR',NYSE,35.625,35.625,986,0,Renaissance Communications Corp,0,0,0
19970103,6882,RRR',NYSE,35.625,35.625,331,0,Renaissance Communications Corp,0,0,0
19970106,6882,RRR',NYSE,35.625,35.625,54,0,Renaissance Communications Corp,0,0,0
19970107,6882,RRR',NYSE,35.625,35.625,122,0,Renaissance Communications Corp,0,0,0
19970108,6882,RRR',NYSE,35.75,35.75,143,0,Renaissance Communications Corp,0,0,0
19970109,6882,RRR',NYSE,35.625,35.625,20,0,Renaissance Communications Corp,0,0,0
19970110,6882,RRR',NYSE,35.75,35.75,20,0,Renaissance Communications Corp,0,0,0
19970113,6882,RRR',NYSE,35.625,35.625,12,0,Renaissance Communications Corp,0,0,0
19970114,6882,RRR',NYSE,35.625,35.625,0,0,Renaissance Communications Corp,0,0,0
19970115,6882,RRR',NYSE,35.75,35.75,3,0,Renaissance Communications Corp,0,0,0
19970116,6882,RRR',NYSE,35.75,35.75,79,0,Renaissance Communications Corp,0,0,0
19970117,6882,RRR',NYSE,35.75,35.75,20,0,Renaissance Communications Corp,0,0,0
19970120,6882,RRR',NYSE,35.875,35.875,115,0,Renaissance Communications Corp,0,0,0
19970121,6882,RRR',NYSE,35.75,35.75,6,0,Renaissance Communications Corp,0,0,0
19970122,6882,RRR',NYSE,35.75,35.75,617,0,Renaissance Communications Corp,0,0,0
19970123,6882,RRR',NYSE,35.75,35.75,109,0,Renaissance Communications Corp,0,0,0
19970124,6882,RRR',NYSE,35.625,35.625,2,0,Renaissance Communications Corp,0,0,0
19970127,6882,RRR',NYSE,35.625,35.625,748,0,Renaissance Communications Corp,0,0,0
19970128,6882,RRR',NYSE,35.625,35.625,636,0,Renaissance Communications Corp,0,0,0
19970129,6882,RRR',NYSE,35.625,35.625,607,0,Renaissance Communications Corp,0,0,0
19970130,6882,RRR',NYSE,35.625,35.625,622,0,Renaissance Communications Corp,0,0,0
19970131,6882,RRR',NYSE,35.75,35.75,667,0,Renaissance Communications Corp,0,0,0
19970203,6882,RRR',NYSE,35.75,35.75,208,0,Renaissance Communications Corp,0,0,0
19970204,6882,RRR',NYSE,35.75,35.75,34,0,Renaissance Communications Corp,0,0,0
19970205,6882,RRR',NYSE,35.75,35.75,63,0,Renaissance Communications Corp,0,0,0
19970206,6882,RRR',NYSE,35.875,35.875,101,0,Renaissance Communications Corp,0,0,0
19970207,6882,RRR',NYSE,35.75,35.75,391,0,Renaissance Communications Corp,0,0,0
19970210,6882,RRR',NYSE,35.75,35.75,829,0,Renaissance Communications Corp,0,0,0
19970211,6882,RRR',NYSE,35.75,35.75,4,0,Renaissance Communications Corp,0,0,0
19970212,6882,RRR',NYSE,35.875,35.875,1965,0,Renaissance Communications Corp,0,0,0
19970213,6882,RRR',NYSE,35.75,35.75,51,0,Renaissance Communications Corp,0,0,0
19970214,6882,RRR',NYSE,35.75,35.75,247,0,Renaissance Communications Corp,0,0,0
19970218,6882,RRR',NYSE,35.75,35.75,97,0,Renaissance Communications Corp,0,0,0
19970219,6882,RRR',NYSE,35.875,35.875,434,0,Renaissance Communications Corp,0,0,0
19970220,6882,RRR',NYSE,35.75,35.75,752,0,Renaissance Communications Corp,0,0,0
19970221,6882,RRR',NYSE,35.625,35.625,266,0,Renaissance Communications Corp,0,0,0
19970224,6882,RRR',NYSE,35.625,35.625,564,0,Renaissance Communications Corp,0,0,0
19970225,6882,RRR',NYSE,35.625,35.625,527,0,Renaissance Communications Corp,0,0,0
19970226,6882,RRR',NYSE,35.875,35.875,245,0,Renaissance Communications Corp,0,0,0
19970227,6882,RRR',NYSE,35.75,35.75,2,0,Renaissance Communications Corp,0,0,0
19970228,6882,RRR',NYSE,35.75,35.75,90,0,Renaissance Communications Corp,0,0,0
19970303,6882,RRR',NYSE,35.75,35.75,123,0,Renaissance Communications Corp,0,0,0
19970304,6882,RRR',NYSE,35.75,35.75,485,0,Renaissance Communications Corp,0,0,0
19970305,6882,RRR',NYSE,35.75,35.75,192,0,Renaissance Communications Corp,0,0,0
19970306,6882,RRR',NYSE,35.625,35.625,21,0,Renaissance Communications Corp,0,0,0
19970307,6882,RRR',NYSE,35.875,35.875,796,0,Renaissance Communications Corp,0,0,0
19970310,6882,RRR',NYSE,35.625,35.625,276,0,Renaissance Communications Corp,0,0,0
19970311,6882,RRR',NYSE,35.75,35.75,49,0,Renaissance Communications Corp,0,0,0
19970312,6882,RRR',NYSE,35.75,35.75,9,0,Renaissance Communications Corp,0,0,0
19970313,6882,RRR',NYSE,35.75,35.75,0,0,Renaissance Communications Corp,0,0,0
19970314,6882,RRR',NYSE,35.75,35.75,68,0,Renaissance Communications Corp,0,0,0
19970317,6882,RRR',NYSE,35.625,35.625,479,0,Renaissance Communications Corp,0,0,0
19970318,6882,RRR',NYSE,35.625,35.625,216,0,Renaissance Communications Corp,0,0,0
19970319,6882,RRR',NYSE,35.5,35.5,436,0,Renaissance Communications Corp,0,0,0
19970320,6882,RRR',NYSE,35.5,35.5,502,0,Renaissance Communications Corp,0,0,0
19970321,6882,RRR',NYSE,35.625,35.625,174,0,Renaissance Communications Corp,0,0,0
19970324,6882,RRR',NYSE,35.875,35.875,1640,0,Renaissance Communications Corp,0,0,0
19970325,6882,RRR',NYSE,35.875,35.875,5,0,Renaissance Communications Corp,0,0,0
