DDate,CSINumber,Symbol,Exchange,DClose,UnAdjustedClose,TotalVolume,Cash,MarketName,PTB,PSR,DPS
20060111,69100,MIR',NYSE,24.98,24.98,74671,0,Mirant Corporation,0,0,0
20060112,69100,MIR',NYSE,24.64,24.64,47794,0,Mirant Corporation,0,0,0
20060113,69100,MIR',NYSE,24.79,24.79,37744,0,Mirant Corporation,0,0,0
20060117,69100,MIR',NYSE,24.61,24.61,27284,0,Mirant Corporation,0,0,0
20060118,69100,MIR',NYSE,24.47,24.47,20105,0,Mirant Corporation,0,0,0
20060119,69100,MIR',NYSE,24.3,24.3,19295,0,Mirant Corporation,0,0,0
20060120,69100,MIR',NYSE,27.5,27.5,171802,0,Mirant Corporation,0,0,0
20060123,69100,MIR',NYSE,27.39,27.39,78214,0,Mirant Corporation,0,0,0
20060124,69100,MIR',NYSE,27.6,27.6,30249,0,Mirant Corporation,0,0,0
20060125,69100,MIR',NYSE,27.65,27.65,39269,0,Mirant Corporation,0,0,0
20060126,69100,MIR',NYSE,27.11,27.11,23265,0,Mirant Corporation,0,0,0
20060127,69100,MIR',NYSE,27.7,27.7,29761,0,Mirant Corporation,0,0,0
20060130,69100,MIR',NYSE,27.9,27.9,19005,0,Mirant Corporation,0,0,0
20060131,69100,MIR',NYSE,28,28,36032,0,Mirant Corporation,0,0,0
20060201,69100,MIR',NYSE,28.36,28.36,47108,0,Mirant Corporation,0,0,0
20060202,69100,MIR',NYSE,27.92,27.92,26464,0,Mirant Corporation,0,0,0
20060203,69100,MIR',NYSE,27.46,27.46,16455,0,Mirant Corporation,0,0,0
20060206,69100,MIR',NYSE,27.34,27.34,13015,0,Mirant Corporation,0,0,0
20060207,69100,MIR',NYSE,26.69,26.69,16590,0,Mirant Corporation,0,0,0
20060208,69100,MIR',NYSE,26.09,26.09,32212,0,Mirant Corporation,0,0,0
20060209,69100,MIR',NYSE,26.33,26.33,21701,0,Mirant Corporation,0,0,0
20060210,69100,MIR',NYSE,25.92,25.92,16356,0,Mirant Corporation,0,0,0
20060213,69100,MIR',NYSE,25,25,15589,0,Mirant Corporation,0,0,0
20060214,69100,MIR',NYSE,24.52,24.52,44245,0,Mirant Corporation,0,0,0
20060215,69100,MIR',NYSE,24.74,24.74,28843,0,Mirant Corporation,0,0,0
20060216,69100,MIR',NYSE,25.05,25.05,23315,0,Mirant Corporation,0,0,0
20060217,69100,MIR',NYSE,25.92,25.92,41792,0,Mirant Corporation,0,0,0
20060221,69100,MIR',NYSE,26,26,24230,0,Mirant Corporation,0,0,0
20060222,69100,MIR',NYSE,25.75,25.75,15340,0,Mirant Corporation,0,0,0
20060223,69100,MIR',NYSE,25.4,25.4,18017,0,Mirant Corporation,0,0,0
20060224,69100,MIR',NYSE,25.49,25.49,28742,0,Mirant Corporation,0,0,0
20060227,69100,MIR',NYSE,25.15,25.15,34887,0,Mirant Corporation,0,0,0
20060228,69100,MIR',NYSE,24.6,24.6,23694,0,Mirant Corporation,0,0,0
20060301,69100,MIR',NYSE,24.5,24.5,12335,0,Mirant Corporation,0,0,0
20060302,69100,MIR',NYSE,25.05,25.05,28497,0,Mirant Corporation,0,0,0
20060303,69100,MIR',NYSE,25.34,25.34,17507,0,Mirant Corporation,0,0,0
20060306,69100,MIR',NYSE,24.47,24.47,41257,0,Mirant Corporation,0,0,0
20060307,69100,MIR',NYSE,24.59,24.59,25064,0,Mirant Corporation,0,0,0
20060308,69100,MIR',NYSE,24.69,24.69,28602,0,Mirant Corporation,0,0,0
20060309,69100,MIR',NYSE,25.28,25.28,31046,0,Mirant Corporation,0,0,0
20060310,69100,MIR',NYSE,25.65,25.65,39561,0,Mirant Corporation,0,0,0
20060313,69100,MIR',NYSE,25.45,25.45,53824,0,Mirant Corporation,0,0,0
20060314,69100,MIR',NYSE,25.93,25.93,94114,0,Mirant Corporation,0,0,0
20060315,69100,MIR',NYSE,26,26,55780,0,Mirant Corporation,0,0,0
20060316,69100,MIR',NYSE,25.97,25.97,29705,0,Mirant Corporation,0,0,0
20060317,69100,MIR',NYSE,25.97,25.97,23115,0,Mirant Corporation,0,0,0
20060320,69100,MIR',NYSE,25.32,25.32,12245,0,Mirant Corporation,0,0,0
20060321,69100,MIR',NYSE,25,25,17427,0,Mirant Corporation,0,0,0
20060322,69100,MIR',NYSE,24.9,24.9,7722,0,Mirant Corporation,0,0,0
20060323,69100,MIR',NYSE,25.05,25.05,11779,0,Mirant Corporation,0,0,0
20060324,69100,MIR',NYSE,25.31,25.31,21047,0,Mirant Corporation,0,0,0
20060327,69100,MIR',NYSE,25.35,25.35,13321,0,Mirant Corporation,0,0,0
20060328,69100,MIR',NYSE,25.3,25.3,10000,0,Mirant Corporation,0,0,0
20060329,69100,MIR',NYSE,25.11,25.11,7315,0,Mirant Corporation,0,0,0
20060330,69100,MIR',NYSE,24.95,24.95,16088,0,Mirant Corporation,0,0,0
20060331,69100,MIR',NYSE,25,25,11683,0,Mirant Corporation,0,0,0
20060403,69100,MIR',NYSE,25.1,25.1,36130,0,Mirant Corporation,0,0,0
20060404,69100,MIR',NYSE,25.19,25.19,18217,0,Mirant Corporation,0,0,0
20060405,69100,MIR',NYSE,24.97,24.97,13885,0,Mirant Corporation,0,0,0
20060406,69100,MIR',NYSE,24.84,24.84,18565,0,Mirant Corporation,0,0,0
20060407,69100,MIR',NYSE,24.46,24.46,9116,0,Mirant Corporation,0,0,0
20060410,69100,MIR',NYSE,23.94,23.94,26477,0,Mirant Corporation,0,0,0
20060411,69100,MIR',NYSE,24.26,24.26,64082,0,Mirant Corporation,0,0,0
20060412,69100,MIR',NYSE,23.98,23.98,25452,0,Mirant Corporation,0,0,0
20060413,69100,MIR',NYSE,23.7,23.7,13377,0,Mirant Corporation,0,0,0
20060417,69100,MIR',NYSE,24.02,24.02,25674,0,Mirant Corporation,0,0,0
20060418,69100,MIR',NYSE,24.29,24.29,25796,0,Mirant Corporation,0,0,0
20060419,69100,MIR',NYSE,24.57,24.57,15785,0,Mirant Corporation,0,0,0
20060420,69100,MIR',NYSE,24.85,24.85,21603,0,Mirant Corporation,0,0,0
20060421,69100,MIR',NYSE,24.96,24.96,17613,0,Mirant Corporation,0,0,0
20060424,69100,MIR',NYSE,24.98,24.98,13528,0,Mirant Corporation,0,0,0
20060425,69100,MIR',NYSE,24.78,24.78,12164,0,Mirant Corporation,0,0,0
20060426,69100,MIR',NYSE,24.7,24.7,10839,0,Mirant Corporation,0,0,0
20060427,69100,MIR',NYSE,24.51,24.51,8291,0,Mirant Corporation,0,0,0
20060428,69100,MIR',NYSE,24.56,24.56,7436,0,Mirant Corporation,0,0,0
20060501,69100,MIR',NYSE,25,25,14502,0,Mirant Corporation,0,0,0
20060502,69100,MIR',NYSE,25.02,25.02,12659,0,Mirant Corporation,0,0,0
20060503,69100,MIR',NYSE,24.98,24.98,10286,0,Mirant Corporation,0,0,0
20060504,69100,MIR',NYSE,25.01,25.01,4967,0,Mirant Corporation,0,0,0
20060505,69100,MIR',NYSE,24.87,24.87,23372,0,Mirant Corporation,0,0,0
20060508,69100,MIR',NYSE,24.64,24.64,24055,0,Mirant Corporation,0,0,0
20060509,69100,MIR',NYSE,24.37,24.37,14188,0,Mirant Corporation,0,0,0
20060510,69100,MIR',NYSE,25.72,25.72,76948,0,Mirant Corporation,0,0,0
20060511,69100,MIR',NYSE,25.92,25.92,31278,0,Mirant Corporation,0,0,0
20060512,69100,MIR',NYSE,26.37,26.37,31706,0,Mirant Corporation,0,0,0
20060515,69100,MIR',NYSE,26.07,26.07,22736,0,Mirant Corporation,0,0,0
20060516,69100,MIR',NYSE,26.04,26.04,17620,0,Mirant Corporation,0,0,0
20060517,69100,MIR',NYSE,25.61,25.61,21635,0,Mirant Corporation,0,0,0
20060518,69100,MIR',NYSE,25.4,25.4,16042,0,Mirant Corporation,0,0,0
20060519,69100,MIR',NYSE,24.99,24.99,22982,0,Mirant Corporation,0,0,0
20060522,69100,MIR',NYSE,24.09,24.09,34745,0,Mirant Corporation,0,0,0
20060523,69100,MIR',NYSE,24.36,24.36,14160,0,Mirant Corporation,0,0,0
20060524,69100,MIR',NYSE,24.12,24.12,22475,0,Mirant Corporation,0,0,0
20060525,69100,MIR',NYSE,24.51,24.51,18083,0,Mirant Corporation,0,0,0
20060526,69100,MIR',NYSE,25.57,25.57,26421,0,Mirant Corporation,0,0,0
20060530,69100,MIR',NYSE,25.25,25.25,23297,0,Mirant Corporation,0,0,0
20060531,69100,MIR',NYSE,24.88,24.88,201451,0,Mirant Corporation,0,0,0
20060601,69100,MIR',NYSE,25.5,25.5,152103,0,Mirant Corporation,0,0,0
20060602,69100,MIR',NYSE,25.68,25.68,40208,0,Mirant Corporation,0,0,0
20060605,69100,MIR',NYSE,25.28,25.28,11301,0,Mirant Corporation,0,0,0
20060606,69100,MIR',NYSE,24.9,24.9,33141,0,Mirant Corporation,0,0,0
20060607,69100,MIR',NYSE,24.46,24.46,35626,0,Mirant Corporation,0,0,0
20060608,69100,MIR',NYSE,23.89,23.89,36221,0,Mirant Corporation,0,0,0
20060609,69100,MIR',NYSE,24.45,24.45,39882,0,Mirant Corporation,0,0,0
20060612,69100,MIR',NYSE,24.38,24.38,32503,0,Mirant Corporation,0,0,0
20060613,69100,MIR',NYSE,23.58,23.58,31566,0,Mirant Corporation,0,0,0
20060614,69100,MIR',NYSE,23.67,23.67,24543,0,Mirant Corporation,0,0,0
20060615,69100,MIR',NYSE,24.58,24.58,36208,0,Mirant Corporation,0,0,0
20060616,69100,MIR',NYSE,25.16,25.16,51211,0,Mirant Corporation,0,0,0
20060619,69100,MIR',NYSE,25.41,25.41,34637,0,Mirant Corporation,0,0,0
20060620,69100,MIR',NYSE,25.35,25.35,17253,0,Mirant Corporation,0,0,0
20060621,69100,MIR',NYSE,25.65,25.65,48262,0,Mirant Corporation,0,0,0
20060622,69100,MIR',NYSE,25.88,25.88,31836,0,Mirant Corporation,0,0,0
20060623,69100,MIR',NYSE,26.02,26.02,45020,0,Mirant Corporation,0,0,0
20060626,69100,MIR',NYSE,25.7,25.7,28165,0,Mirant Corporation,0,0,0
20060627,69100,MIR',NYSE,25.7,25.7,14104,0,Mirant Corporation,0,0,0
20060628,69100,MIR',NYSE,26.09,26.09,20485,0,Mirant Corporation,0,0,0
20060629,69100,MIR',NYSE,26.5,26.5,30330,0,Mirant Corporation,0,0,0
20060630,69100,MIR',NYSE,26.8,26.8,109955,0,Mirant Corporation,0,0,0
20060703,69100,MIR',NYSE,26.84,26.84,8677,0,Mirant Corporation,0,0,0
20060705,69100,MIR',NYSE,26.23,26.23,25707,0,Mirant Corporation,0,0,0
20060706,69100,MIR',NYSE,26.38,26.38,16740,0,Mirant Corporation,0,0,0
20060707,69100,MIR',NYSE,26.7,26.7,12600,0,Mirant Corporation,0,0,0
20060710,69100,MIR',NYSE,26.8,26.8,12959,0,Mirant Corporation,0,0,0
20060711,69100,MIR',NYSE,27.05,27.05,100212,0,Mirant Corporation,0,0,0
20060712,69100,MIR',NYSE,27.11,27.11,16950,0,Mirant Corporation,0,0,0
20060713,69100,MIR',NYSE,26.7,26.7,72347,0,Mirant Corporation,0,0,0
20060714,69100,MIR',NYSE,26.64,26.64,21391,0,Mirant Corporation,0,0,0
20060717,69100,MIR',NYSE,26.48,26.48,16950,0,Mirant Corporation,0,0,0
20060718,69100,MIR',NYSE,26.36,26.36,20334,0,Mirant Corporation,0,0,0
20060719,69100,MIR',NYSE,26.73,26.73,16693,0,Mirant Corporation,0,0,0
20060720,69100,MIR',NYSE,26.7,26.7,13962,0,Mirant Corporation,0,0,0
20060721,69100,MIR',NYSE,26.63,26.63,22337,0,Mirant Corporation,0,0,0
20060724,69100,MIR',NYSE,26.66,26.66,20126,0,Mirant Corporation,0,0,0
20060725,69100,MIR',NYSE,26.71,26.71,62744,0,Mirant Corporation,0,0,0
20060726,69100,MIR',NYSE,26.64,26.64,69589,0,Mirant Corporation,0,0,0
20060727,69100,MIR',NYSE,26.5,26.5,13203,0,Mirant Corporation,0,0,0
20060728,69100,MIR',NYSE,26.75,26.75,9705,0,Mirant Corporation,0,0,0
20060731,69100,MIR',NYSE,26.57,26.57,19177,0,Mirant Corporation,0,0,0
20060801,69100,MIR',NYSE,26.97,26.97,28696,0,Mirant Corporation,0,0,0
20060802,69100,MIR',NYSE,26.9,26.9,20490,0,Mirant Corporation,0,0,0
20060803,69100,MIR',NYSE,26.79,26.79,17889,0,Mirant Corporation,0,0,0
20060804,69100,MIR',NYSE,26.68,26.68,9926,0,Mirant Corporation,0,0,0
20060807,69100,MIR',NYSE,26.27,26.27,15164,0,Mirant Corporation,0,0,0
20060808,69100,MIR',NYSE,26.26,26.26,18105,0,Mirant Corporation,0,0,0
20060809,69100,MIR',NYSE,26.93,26.93,51434,0,Mirant Corporation,0,0,0
20060810,69100,MIR',NYSE,27.24,27.24,34439,0,Mirant Corporation,0,0,0
20060811,69100,MIR',NYSE,27.47,27.47,27411,0,Mirant Corporation,0,0,0
20060814,69100,MIR',NYSE,27.45,27.45,11723,0,Mirant Corporation,0,0,0
20060815,69100,MIR',NYSE,27.33,27.33,34384,0,Mirant Corporation,0,0,0
20060816,69100,MIR',NYSE,27.55,27.55,21812,0,Mirant Corporation,0,0,0
20060817,69100,MIR',NYSE,27.21,27.21,51186,0,Mirant Corporation,0,0,0
20060818,69100,MIR',NYSE,27.52,27.52,39982,0,Mirant Corporation,0,0,0
20060821,69100,MIR',NYSE,27.55,27.55,80818,0,Mirant Corporation,0,0,0
20060822,69100,MIR',NYSE,28.7,28.7,92571,0,Mirant Corporation,0,0,0
20060823,69100,MIR',NYSE,28.66,28.66,34225,0,Mirant Corporation,0,0,0
20060824,69100,MIR',NYSE,28.7,28.7,34830,0,Mirant Corporation,0,0,0
20060825,69100,MIR',NYSE,29.32,29.32,21669,0,Mirant Corporation,0,0,0
20060828,69100,MIR',NYSE,29.43,29.43,22688,0,Mirant Corporation,0,0,0
20060829,69100,MIR',NYSE,29.43,29.43,19348,0,Mirant Corporation,0,0,0
20060830,69100,MIR',NYSE,29.36,29.36,21531,0,Mirant Corporation,0,0,0
20060831,69100,MIR',NYSE,28.97,28.97,14393,0,Mirant Corporation,0,0,0
20060901,69100,MIR',NYSE,28.92,28.92,24310,0,Mirant Corporation,0,0,0
20060905,69100,MIR',NYSE,28.82,28.82,12615,0,Mirant Corporation,0,0,0
20060906,69100,MIR',NYSE,28.45,28.45,14923,0,Mirant Corporation,0,0,0
20060907,69100,MIR',NYSE,28.45,28.45,14431,0,Mirant Corporation,0,0,0
20060908,69100,MIR',NYSE,28.45,28.45,23945,0,Mirant Corporation,0,0,0
20060911,69100,MIR',NYSE,27.92,27.92,17758,0,Mirant Corporation,0,0,0
20060912,69100,MIR',NYSE,27.52,27.52,21595,0,Mirant Corporation,0,0,0
20060913,69100,MIR',NYSE,27.33,27.33,20880,0,Mirant Corporation,0,0,0
20060914,69100,MIR',NYSE,27.16,27.16,18704,0,Mirant Corporation,0,0,0
20060915,69100,MIR',NYSE,27.53,27.53,17916,0,Mirant Corporation,0,0,0
20060918,69100,MIR',NYSE,27.93,27.93,18653,0,Mirant Corporation,0,0,0
20060919,69100,MIR',NYSE,27.58,27.58,13430,0,Mirant Corporation,0,0,0
20060920,69100,MIR',NYSE,27.34,27.34,14834,0,Mirant Corporation,0,0,0
20060921,69100,MIR',NYSE,27.24,27.24,20051,0,Mirant Corporation,0,0,0
20060922,69100,MIR',NYSE,27.03,27.03,10670,0,Mirant Corporation,0,0,0
20060925,69100,MIR',NYSE,26.92,26.92,23498,0,Mirant Corporation,0,0,0
20060926,69100,MIR',NYSE,26.45,26.45,20605,0,Mirant Corporation,0,0,0
20060927,69100,MIR',NYSE,26.88,26.88,38448,0,Mirant Corporation,0,0,0
20060928,69100,MIR',NYSE,26.79,26.79,33967,0,Mirant Corporation,0,0,0
20060929,69100,MIR',NYSE,27.31,27.31,44512,0,Mirant Corporation,0,0,0
20061002,69100,MIR',NYSE,27.3,27.3,19413,0,Mirant Corporation,0,0,0
20061003,69100,MIR',NYSE,27.04,27.04,28006,0,Mirant Corporation,0,0,0
20061004,69100,MIR',NYSE,27.06,27.06,19615,0,Mirant Corporation,0,0,0
20061005,69100,MIR',NYSE,26.93,26.93,39716,0,Mirant Corporation,0,0,0
20061006,69100,MIR',NYSE,27.27,27.27,17405,0,Mirant Corporation,0,0,0
20061009,69100,MIR',NYSE,27.42,27.42,9626,0,Mirant Corporation,0,0,0
20061010,69100,MIR',NYSE,27.7,27.7,14416,0,Mirant Corporation,0,0,0
20061011,69100,MIR',NYSE,27.95,27.95,14056,0,Mirant Corporation,0,0,0
20061012,69100,MIR',NYSE,28,28,8292,0,Mirant Corporation,0,0,0
20061013,69100,MIR',NYSE,28,28,15745,0,Mirant Corporation,0,0,0
20061016,69100,MIR',NYSE,28.45,28.45,20225,0,Mirant Corporation,0,0,0
20061017,69100,MIR',NYSE,28.45,28.45,7116,0,Mirant Corporation,0,0,0
20061018,69100,MIR',NYSE,28.28,28.28,7487,0,Mirant Corporation,0,0,0
20061019,69100,MIR',NYSE,28.59,28.59,8880,0,Mirant Corporation,0,0,0
20061020,69100,MIR',NYSE,28.59,28.59,4936,0,Mirant Corporation,0,0,0
20061023,69100,MIR',NYSE,29.24,29.24,25549,0,Mirant Corporation,0,0,0
20061024,69100,MIR',NYSE,29.68,29.68,19924,0,Mirant Corporation,0,0,0
20061025,69100,MIR',NYSE,29.4,29.4,18654,0,Mirant Corporation,0,0,0
20061026,69100,MIR',NYSE,29.41,29.41,16004,0,Mirant Corporation,0,0,0
20061027,69100,MIR',NYSE,29.51,29.51,20320,0,Mirant Corporation,0,0,0
20061030,69100,MIR',NYSE,29.43,29.43,10634,0,Mirant Corporation,0,0,0
20061031,69100,MIR',NYSE,29.57,29.57,33125,0,Mirant Corporation,0,0,0
20061101,69100,MIR',NYSE,29.47,29.47,15567,0,Mirant Corporation,0,0,0
20061102,69100,MIR',NYSE,29.44,29.44,29874,0,Mirant Corporation,0,0,0
20061103,69100,MIR',NYSE,29.86,29.86,27834,0,Mirant Corporation,0,0,0
20061106,69100,MIR',NYSE,29.51,29.51,19973,0,Mirant Corporation,0,0,0
20061107,69100,MIR',NYSE,29.01,29.01,19180,0,Mirant Corporation,0,0,0
20061108,69100,MIR',NYSE,29.19,29.19,24427,0,Mirant Corporation,0,0,0
20061109,69100,MIR',NYSE,29.53,29.53,36872,0,Mirant Corporation,0,0,0
20061110,69100,MIR',NYSE,29.1,29.1,36265,0,Mirant Corporation,0,0,0
20061113,69100,MIR',NYSE,28.89,28.89,15231,0,Mirant Corporation,0,0,0
20061114,69100,MIR',NYSE,28.99,28.99,9874,0,Mirant Corporation,0,0,0
20061115,69100,MIR',NYSE,29.07,29.07,8073,0,Mirant Corporation,0,0,0
20061116,69100,MIR',NYSE,28.74,28.74,12118,0,Mirant Corporation,0,0,0
20061117,69100,MIR',NYSE,28.95,28.95,14601,0,Mirant Corporation,0,0,0
20061120,69100,MIR',NYSE,28.79,28.79,14266,0,Mirant Corporation,0,0,0
20061121,69100,MIR',NYSE,29.09,29.09,10296,0,Mirant Corporation,0,0,0
20061122,69100,MIR',NYSE,29.08,29.08,14279,0,Mirant Corporation,0,0,0
20061124,69100,MIR',NYSE,29.38,29.38,8332,0,Mirant Corporation,0,0,0
20061127,69100,MIR',NYSE,29.36,29.36,16072,0,Mirant Corporation,0,0,0
20061128,69100,MIR',NYSE,29.65,29.65,38751,0,Mirant Corporation,0,0,0
20061129,69100,MIR',NYSE,30.5,30.5,62317,0,Mirant Corporation,0,0,0
20061130,69100,MIR',NYSE,30.42,30.42,39239,0,Mirant Corporation,0,0,0
20061201,69100,MIR',NYSE,30.75,30.75,21453,0,Mirant Corporation,0,0,0
20061204,69100,MIR',NYSE,31.23,31.23,21352,0,Mirant Corporation,0,0,0
20061205,69100,MIR',NYSE,31.05,31.05,24019,0,Mirant Corporation,0,0,0
20061206,69100,MIR',NYSE,31.44,31.44,19432,0,Mirant Corporation,0,0,0
20061207,69100,MIR',NYSE,31.47,31.47,25182,0,Mirant Corporation,0,0,0
20061208,69100,MIR',NYSE,31.22,31.22,12504,0,Mirant Corporation,0,0,0
20061211,69100,MIR',NYSE,31.82,31.82,49817,0,Mirant Corporation,0,0,0
20061212,69100,MIR',NYSE,31.59,31.59,28078,0,Mirant Corporation,0,0,0
20061213,69100,MIR',NYSE,31.98,31.98,25489,0,Mirant Corporation,0,0,0
20061214,69100,MIR',NYSE,31.83,31.83,16361,0,Mirant Corporation,0,0,0
20061215,69100,MIR',NYSE,31.66,31.66,13526,0,Mirant Corporation,0,0,0
20061218,69100,MIR',NYSE,31.43,31.43,30140,0,Mirant Corporation,0,0,0
20061219,69100,MIR',NYSE,31.77,31.77,18765,0,Mirant Corporation,0,0,0
20061220,69100,MIR',NYSE,31.7,31.7,12268,0,Mirant Corporation,0,0,0
20061221,69100,MIR',NYSE,31.45,31.45,27001,0,Mirant Corporation,0,0,0
20061222,69100,MIR',NYSE,31.21,31.21,4790,0,Mirant Corporation,0,0,0
20061226,69100,MIR',NYSE,31.28,31.28,6594,0,Mirant Corporation,0,0,0
20061227,69100,MIR',NYSE,31.79,31.79,17807,0,Mirant Corporation,0,0,0
20061228,69100,MIR',NYSE,31.5,31.5,13536,0,Mirant Corporation,0,0,0
20061229,69100,MIR',NYSE,31.57,31.57,6507,0,Mirant Corporation,0,0,0
20070103,69100,MIR',NYSE,31.29,31.29,38300,0,Mirant Corporation,0,0,0
20070104,69100,MIR',NYSE,31.52,31.52,29335,0,Mirant Corporation,0,0,0
20070105,69100,MIR',NYSE,30.53,30.53,35672,0,Mirant Corporation,0,0,0
20070108,69100,MIR',NYSE,31.29,31.29,34234,0,Mirant Corporation,0,0,0
20070109,69100,MIR',NYSE,31.95,31.95,33909,0,Mirant Corporation,0,0,0
20070110,69100,MIR',NYSE,32.38,32.38,27554,0,Mirant Corporation,0,0,0
20070111,69100,MIR',NYSE,33.44,33.44,65126,0,Mirant Corporation,0,0,0
20070112,69100,MIR',NYSE,32.98,32.98,28670,0,Mirant Corporation,0,0,0
20070116,69100,MIR',NYSE,33.15,33.15,25018,0,Mirant Corporation,0,0,0
20070117,69100,MIR',NYSE,33.44,33.44,22369,0,Mirant Corporation,0,0,0
20070118,69100,MIR',NYSE,33.04,33.04,24765,0,Mirant Corporation,0,0,0
20070119,69100,MIR',NYSE,33.46,33.46,22821,0,Mirant Corporation,0,0,0
20070122,69100,MIR',NYSE,33.89,33.89,22286,0,Mirant Corporation,0,0,0
20070123,69100,MIR',NYSE,34.36,34.36,35370,0,Mirant Corporation,0,0,0
20070124,69100,MIR',NYSE,34.41,34.41,19570,0,Mirant Corporation,0,0,0
20070125,69100,MIR',NYSE,34.03,34.03,13360,0,Mirant Corporation,0,0,0
20070126,69100,MIR',NYSE,33.78,33.78,13286,0,Mirant Corporation,0,0,0
20070129,69100,MIR',NYSE,33.72,33.72,18498,0,Mirant Corporation,0,0,0
20070130,69100,MIR',NYSE,34.3,34.3,17562,0,Mirant Corporation,0,0,0
20070131,69100,MIR',NYSE,34.18,34.18,8951,0,Mirant Corporation,0,0,0
20070201,69100,MIR',NYSE,34.18,34.18,7926,0,Mirant Corporation,0,0,0
20070202,69100,MIR',NYSE,34.72,34.72,12618,0,Mirant Corporation,0,0,0
20070205,69100,MIR',NYSE,34.7,34.7,12508,0,Mirant Corporation,0,0,0
20070206,69100,MIR',NYSE,34.69,34.69,10321,0,Mirant Corporation,0,0,0
20070207,69100,MIR',NYSE,34.97,34.97,10527,0,Mirant Corporation,0,0,0
20070208,69100,MIR',NYSE,34.98,34.98,14268,0,Mirant Corporation,0,0,0
20070209,69100,MIR',NYSE,35.2,35.2,13645,0,Mirant Corporation,0,0,0
20070212,69100,MIR',NYSE,34.98,34.98,11042,0,Mirant Corporation,0,0,0
20070213,69100,MIR',NYSE,35.36,35.36,10172,0,Mirant Corporation,0,0,0
20070214,69100,MIR',NYSE,35.69,35.69,14950,0,Mirant Corporation,0,0,0
20070215,69100,MIR',NYSE,35.6,35.6,16829,0,Mirant Corporation,0,0,0
20070216,69100,MIR',NYSE,35.93,35.93,13071,0,Mirant Corporation,0,0,0
20070220,69100,MIR',NYSE,36.3,36.3,9773,0,Mirant Corporation,0,0,0
20070221,69100,MIR',NYSE,35.9,35.9,10256,0,Mirant Corporation,0,0,0
20070222,69100,MIR',NYSE,35.95,35.95,8729,0,Mirant Corporation,0,0,0
20070223,69100,MIR',NYSE,37.01,37.01,30416,0,Mirant Corporation,0,0,0
20070226,69100,MIR',NYSE,38.19,38.19,105686,0,Mirant Corporation,0,0,0
20070227,69100,MIR',NYSE,37.3,37.3,47415,0,Mirant Corporation,0,0,0
20070228,69100,MIR',NYSE,37.19,37.19,27072,0,Mirant Corporation,0,0,0
20070301,69100,MIR',NYSE,38.04,38.04,55073,0,Mirant Corporation,0,0,0
20070302,69100,MIR',NYSE,36.95,36.95,37084,0,Mirant Corporation,0,0,0
20070305,69100,MIR',NYSE,35.65,35.65,44097,0,Mirant Corporation,0,0,0
20070306,69100,MIR',NYSE,36.46,36.46,23605,0,Mirant Corporation,0,0,0
20070307,69100,MIR',NYSE,36.76,36.76,22615,0,Mirant Corporation,0,0,0
20070308,69100,MIR',NYSE,37.71,37.71,21622,0,Mirant Corporation,0,0,0
20070309,69100,MIR',NYSE,37.8,37.8,18907,0,Mirant Corporation,0,0,0
20070312,69100,MIR',NYSE,38.49,38.49,35263,0,Mirant Corporation,0,0,0
20070313,69100,MIR',NYSE,38.15,38.15,22191,0,Mirant Corporation,0,0,0
20070314,69100,MIR',NYSE,38.47,38.47,40056,0,Mirant Corporation,0,0,0
20070315,69100,MIR',NYSE,38.59,38.59,22072,0,Mirant Corporation,0,0,0
20070316,69100,MIR',NYSE,38.3,38.3,15013,0,Mirant Corporation,0,0,0
20070319,69100,MIR',NYSE,38.56,38.56,55684,0,Mirant Corporation,0,0,0
20070320,69100,MIR',NYSE,38.55,38.55,25976,0,Mirant Corporation,0,0,0
20070321,69100,MIR',NYSE,39.53,39.53,31134,0,Mirant Corporation,0,0,0
20070322,69100,MIR',NYSE,39.71,39.71,39303,0,Mirant Corporation,0,0,0
20070323,69100,MIR',NYSE,40.2,40.2,43833,0,Mirant Corporation,0,0,0
20070326,69100,MIR',NYSE,40.06,40.06,41759,0,Mirant Corporation,0,0,0
20070327,69100,MIR',NYSE,40.95,40.95,39285,0,Mirant Corporation,0,0,0
20070328,69100,MIR',NYSE,41.5,41.5,33617,0,Mirant Corporation,0,0,0
20070329,69100,MIR',NYSE,40.94,40.94,29853,0,Mirant Corporation,0,0,0
20070330,69100,MIR',NYSE,40.46,40.46,36212,0,Mirant Corporation,0,0,0
20070402,69100,MIR',NYSE,40.95,40.95,52745,0,Mirant Corporation,0,0,0
20070403,69100,MIR',NYSE,40.07,40.07,39871,0,Mirant Corporation,0,0,0
20070404,69100,MIR',NYSE,40.57,40.57,32033,0,Mirant Corporation,0,0,0
20070405,69100,MIR',NYSE,40.64,40.64,44511,0,Mirant Corporation,0,0,0
20070409,69100,MIR',NYSE,44.08,44.08,103999,0,Mirant Corporation,0,0,0
20070410,69100,MIR',NYSE,44.03,44.03,36227,0,Mirant Corporation,0,0,0
20070411,69100,MIR',NYSE,44.14,44.14,31734,0,Mirant Corporation,0,0,0
20070412,69100,MIR',NYSE,43.99,43.99,24934,0,Mirant Corporation,0,0,0
20070413,69100,MIR',NYSE,44.95,44.95,34459,0,Mirant Corporation,0,0,0
20070416,69100,MIR',NYSE,45.69,45.69,29331,0,Mirant Corporation,0,0,0
20070417,69100,MIR',NYSE,44.95,44.95,16024,0,Mirant Corporation,0,0,0
20070418,69100,MIR',NYSE,45.46,45.46,27325,0,Mirant Corporation,0,0,0
20070419,69100,MIR',NYSE,45.4,45.4,14598,0,Mirant Corporation,0,0,0
20070420,69100,MIR',NYSE,45,45,24202,0,Mirant Corporation,0,0,0
20070423,69100,MIR',NYSE,45.77,45.77,21513,0,Mirant Corporation,0,0,0
20070424,69100,MIR',NYSE,45.59,45.59,19485,0,Mirant Corporation,0,0,0
20070425,69100,MIR',NYSE,45.58,45.58,12974,0,Mirant Corporation,0,0,0
20070426,69100,MIR',NYSE,44.82,44.82,34635,0,Mirant Corporation,0,0,0
20070427,69100,MIR',NYSE,44.73,44.73,16464,0,Mirant Corporation,0,0,0
20070430,69100,MIR',NYSE,44.87,44.87,29968,0,Mirant Corporation,0,0,0
20070501,69100,MIR',NYSE,45.2,45.2,34895,0,Mirant Corporation,0,0,0
20070502,69100,MIR',NYSE,45.48,45.48,18482,0,Mirant Corporation,0,0,0
20070503,69100,MIR',NYSE,45.53,45.53,18954,0,Mirant Corporation,0,0,0
20070504,69100,MIR',NYSE,45.98,45.98,22834,0,Mirant Corporation,0,0,0
20070507,69100,MIR',NYSE,45.99,45.99,13833,0,Mirant Corporation,0,0,0
20070508,69100,MIR',NYSE,45.56,45.56,33689,0,Mirant Corporation,0,0,0
20070509,69100,MIR',NYSE,45.83,45.83,15978,0,Mirant Corporation,0,0,0
20070510,69100,MIR',NYSE,45.24,45.24,37276,0,Mirant Corporation,0,0,0
20070511,69100,MIR',NYSE,45.68,45.68,22307,0,Mirant Corporation,0,0,0
20070514,69100,MIR',NYSE,45.52,45.52,31981,0,Mirant Corporation,0,0,0
20070515,69100,MIR',NYSE,45.77,45.77,19582,0,Mirant Corporation,0,0,0
20070516,69100,MIR',NYSE,45.83,45.83,15734,0,Mirant Corporation,0,0,0
20070517,69100,MIR',NYSE,45.75,45.75,18383,0,Mirant Corporation,0,0,0
20070518,69100,MIR',NYSE,47.32,47.32,76605,0,Mirant Corporation,0,0,0
20070521,69100,MIR',NYSE,47.93,47.93,48764,0,Mirant Corporation,0,0,0
20070522,69100,MIR',NYSE,47.17,47.17,27846,0,Mirant Corporation,0,0,0
20070523,69100,MIR',NYSE,47.13,47.13,19186,0,Mirant Corporation,0,0,0
20070524,69100,MIR',NYSE,45.73,45.73,28293,0,Mirant Corporation,0,0,0
20070525,69100,MIR',NYSE,46.23,46.23,24483,0,Mirant Corporation,0,0,0
20070529,69100,MIR',NYSE,45.65,45.65,26909,0,Mirant Corporation,0,0,0
20070530,69100,MIR',NYSE,46.57,46.57,34869,0,Mirant Corporation,0,0,0
20070531,69100,MIR',NYSE,46.4,46.4,53970,0,Mirant Corporation,0,0,0
20070601,69100,MIR',NYSE,47.3,47.3,28942,0,Mirant Corporation,0,0,0
20070604,69100,MIR',NYSE,47.18,47.18,16242,0,Mirant Corporation,0,0,0
20070605,69100,MIR',NYSE,46.81,46.81,19900,0,Mirant Corporation,0,0,0
20070606,69100,MIR',NYSE,46.1,46.1,31781,0,Mirant Corporation,0,0,0
20070607,69100,MIR',NYSE,44.03,44.03,46057,0,Mirant Corporation,0,0,0
20070608,69100,MIR',NYSE,45.19,45.19,48909,0,Mirant Corporation,0,0,0
20070611,69100,MIR',NYSE,45.12,45.12,35997,0,Mirant Corporation,0,0,0
20070612,69100,MIR',NYSE,45.25,45.25,22661,0,Mirant Corporation,0,0,0
20070613,69100,MIR',NYSE,45.91,45.91,29634,0,Mirant Corporation,0,0,0
20070614,69100,MIR',NYSE,46.36,46.36,24849,0,Mirant Corporation,0,0,0
20070615,69100,MIR',NYSE,46.17,46.17,30054,0,Mirant Corporation,0,0,0
20070618,69100,MIR',NYSE,45.81,45.81,27330,0,Mirant Corporation,0,0,0
20070619,69100,MIR',NYSE,45.37,45.37,18932,0,Mirant Corporation,0,0,0
20070620,69100,MIR',NYSE,43.54,43.54,35866,0,Mirant Corporation,0,0,0
20070621,69100,MIR',NYSE,43.54,43.54,24032,0,Mirant Corporation,0,0,0
20070622,69100,MIR',NYSE,42.78,42.78,40052,0,Mirant Corporation,0,0,0
20070625,69100,MIR',NYSE,41.72,41.72,51958,0,Mirant Corporation,0,0,0
20070626,69100,MIR',NYSE,41.5,41.5,35443,0,Mirant Corporation,0,0,0
20070627,69100,MIR',NYSE,42.45,42.45,22237,0,Mirant Corporation,0,0,0
20070628,69100,MIR',NYSE,42.57,42.57,19917,0,Mirant Corporation,0,0,0
20070629,69100,MIR',NYSE,42.65,42.65,18709,0,Mirant Corporation,0,0,0
20070702,69100,MIR',NYSE,43.83,43.83,20426,0,Mirant Corporation,0,0,0
20070703,69100,MIR',NYSE,43.28,43.28,8321,0,Mirant Corporation,0,0,0
20070705,69100,MIR',NYSE,43.3,43.3,24057,0,Mirant Corporation,0,0,0
20070706,69100,MIR',NYSE,43.72,43.72,11244,0,Mirant Corporation,0,0,0
20070709,69100,MIR',NYSE,43.59,43.59,18690,0,Mirant Corporation,0,0,0
20070710,69100,MIR',NYSE,41.93,41.93,26204,0,Mirant Corporation,0,0,0
20070711,69100,MIR',NYSE,42.09,42.09,61379,0,Mirant Corporation,0,0,0
20070712,69100,MIR',NYSE,42.09,42.09,52908,0,Mirant Corporation,0,0,0
20070713,69100,MIR',NYSE,43.12,43.12,56511,0,Mirant Corporation,0,0,0
20070716,69100,MIR',NYSE,42.5,42.5,18989,0,Mirant Corporation,0,0,0
20070717,69100,MIR',NYSE,42.55,42.55,22241,0,Mirant Corporation,0,0,0
20070718,69100,MIR',NYSE,42.52,42.52,21106,0,Mirant Corporation,0,0,0
20070719,69100,MIR',NYSE,43.04,43.04,39996,0,Mirant Corporation,0,0,0
20070720,69100,MIR',NYSE,42.07,42.07,24447,0,Mirant Corporation,0,0,0
20070723,69100,MIR',NYSE,41.63,41.63,19321,0,Mirant Corporation,0,0,0
20070724,69100,MIR',NYSE,39.59,39.59,37444,0,Mirant Corporation,0,0,0
20070725,69100,MIR',NYSE,39.26,39.26,44660,0,Mirant Corporation,0,0,0
20070726,69100,MIR',NYSE,37.06,37.06,65471,0,Mirant Corporation,0,0,0
20070727,69100,MIR',NYSE,37.55,37.55,54016,0,Mirant Corporation,0,0,0
20070730,69100,MIR',NYSE,38.42,38.42,48610,0,Mirant Corporation,0,0,0
20070731,69100,MIR',NYSE,37.83,37.83,40512,0,Mirant Corporation,0,0,0
20070801,69100,MIR',NYSE,37.6,37.6,40870,0,Mirant Corporation,0,0,0
20070802,69100,MIR',NYSE,38.31,38.31,67321,0,Mirant Corporation,0,0,0
20070803,69100,MIR',NYSE,36.85,36.85,79921,0,Mirant Corporation,0,0,0
20070806,69100,MIR',NYSE,38.46,38.46,68387,0,Mirant Corporation,0,0,0
20070807,69100,MIR',NYSE,39.63,39.63,91387,0,Mirant Corporation,0,0,0
20070808,69100,MIR',NYSE,39.58,39.58,40161,0,Mirant Corporation,0,0,0
20070809,69100,MIR',NYSE,38.39,38.39,47071,0,Mirant Corporation,0,0,0
20070810,69100,MIR',NYSE,37.85,37.85,68596,0,Mirant Corporation,0,0,0
20070813,69100,MIR',NYSE,38.25,38.25,40409,0,Mirant Corporation,0,0,0
20070814,69100,MIR',NYSE,38.49,38.49,28528,0,Mirant Corporation,0,0,0
20070815,69100,MIR',NYSE,38.02,38.02,29656,0,Mirant Corporation,0,0,0
20070816,69100,MIR',NYSE,36.55,36.55,57251,0,Mirant Corporation,0,0,0
20070817,69100,MIR',NYSE,37.98,37.98,53264,0,Mirant Corporation,0,0,0
20070820,69100,MIR',NYSE,38.13,38.13,36768,0,Mirant Corporation,0,0,0
20070821,69100,MIR',NYSE,37.48,37.48,92167,0,Mirant Corporation,0,0,0
20070822,69100,MIR',NYSE,38.72,38.72,64646,0,Mirant Corporation,0,0,0
20070823,69100,MIR',NYSE,39.34,39.34,36906,0,Mirant Corporation,0,0,0
20070824,69100,MIR',NYSE,40.64,40.64,32677,0,Mirant Corporation,0,0,0
20070827,69100,MIR',NYSE,39.65,39.65,30629,0,Mirant Corporation,0,0,0
20070828,69100,MIR',NYSE,38.39,38.39,22411,0,Mirant Corporation,0,0,0
20070829,69100,MIR',NYSE,38.81,38.81,22040,0,Mirant Corporation,0,0,0
20070830,69100,MIR',NYSE,38.7,38.7,13843,0,Mirant Corporation,0,0,0
20070831,69100,MIR',NYSE,38.97,38.97,12547,0,Mirant Corporation,0,0,0
20070904,69100,MIR',NYSE,40.2,40.2,21165,0,Mirant Corporation,0,0,0
20070905,69100,MIR',NYSE,39.52,39.52,20807,0,Mirant Corporation,0,0,0
20070906,69100,MIR',NYSE,40.51,40.51,28135,0,Mirant Corporation,0,0,0
20070907,69100,MIR',NYSE,40.13,40.13,28799,0,Mirant Corporation,0,0,0
20070910,69100,MIR',NYSE,39.29,39.29,23632,0,Mirant Corporation,0,0,0
20070911,69100,MIR',NYSE,40.06,40.06,18734,0,Mirant Corporation,0,0,0
20070912,69100,MIR',NYSE,40.28,40.28,23090,0,Mirant Corporation,0,0,0
20070913,69100,MIR',NYSE,40.2,40.2,17626,0,Mirant Corporation,0,0,0
20070914,69100,MIR',NYSE,41.13,41.13,40672,0,Mirant Corporation,0,0,0
20070917,69100,MIR',NYSE,40.64,40.64,26020,0,Mirant Corporation,0,0,0
20070918,69100,MIR',NYSE,40.98,40.98,18745,0,Mirant Corporation,0,0,0
20070919,69100,MIR',NYSE,41.74,41.74,29187,0,Mirant Corporation,0,0,0
20070920,69100,MIR',NYSE,41.26,41.26,50909,0,Mirant Corporation,0,0,0
20070921,69100,MIR',NYSE,41.32,41.32,22493,0,Mirant Corporation,0,0,0
20070924,69100,MIR',NYSE,41.17,41.17,21598,0,Mirant Corporation,0,0,0
20070925,69100,MIR',NYSE,40.91,40.91,18431,0,Mirant Corporation,0,0,0
20070926,69100,MIR',NYSE,41.43,41.43,24571,0,Mirant Corporation,0,0,0
20070927,69100,MIR',NYSE,41.09,41.09,15702,0,Mirant Corporation,0,0,0
20070928,69100,MIR',NYSE,40.68,40.68,21852,0,Mirant Corporation,0,0,0
20071001,69100,MIR',NYSE,40.93,40.93,14466,0,Mirant Corporation,0,0,0
20071002,69100,MIR',NYSE,40.37,40.37,16607,0,Mirant Corporation,0,0,0
20071003,69100,MIR',NYSE,41.12,41.12,27206,0,Mirant Corporation,0,0,0
20071004,69100,MIR',NYSE,41.74,41.74,23853,0,Mirant Corporation,0,0,0
20071005,69100,MIR',NYSE,42.89,42.89,43167,0,Mirant Corporation,0,0,0
20071008,69100,MIR',NYSE,42.82,42.82,15820,0,Mirant Corporation,0,0,0
20071009,69100,MIR',NYSE,43,43,16212,0,Mirant Corporation,0,0,0
20071010,69100,MIR',NYSE,43,43,25848,0,Mirant Corporation,0,0,0
20071011,69100,MIR',NYSE,43.24,43.24,44374,0,Mirant Corporation,0,0,0
20071012,69100,MIR',NYSE,44.39,44.39,27878,0,Mirant Corporation,0,0,0
20071015,69100,MIR',NYSE,43.3,43.3,24268,0,Mirant Corporation,0,0,0
20071016,69100,MIR',NYSE,43.13,43.13,18300,0,Mirant Corporation,0,0,0
20071017,69100,MIR',NYSE,42.93,42.93,41123,0,Mirant Corporation,0,0,0
20071018,69100,MIR',NYSE,43.06,43.06,77046,0,Mirant Corporation,0,0,0
20071019,69100,MIR',NYSE,42.16,42.16,63193,0,Mirant Corporation,0,0,0
20071022,69100,MIR',NYSE,41.85,41.85,20074,0,Mirant Corporation,0,0,0
20071023,69100,MIR',NYSE,41.95,41.95,20730,0,Mirant Corporation,0,0,0
20071024,69100,MIR',NYSE,41.3,41.3,19159,0,Mirant Corporation,0,0,0
20071025,69100,MIR',NYSE,41.2,41.2,26524,0,Mirant Corporation,0,0,0
20071026,69100,MIR',NYSE,41.33,41.33,16657,0,Mirant Corporation,0,0,0
20071029,69100,MIR',NYSE,41.65,41.65,18275,0,Mirant Corporation,0,0,0
20071030,69100,MIR',NYSE,42.15,42.15,23059,0,Mirant Corporation,0,0,0
20071031,69100,MIR',NYSE,42.36,42.36,24828,0,Mirant Corporation,0,0,0
20071101,69100,MIR',NYSE,41.84,41.84,20209,0,Mirant Corporation,0,0,0
20071102,69100,MIR',NYSE,42.63,42.63,27101,0,Mirant Corporation,0,0,0
20071105,69100,MIR',NYSE,43,43,24940,0,Mirant Corporation,0,0,0
20071106,69100,MIR',NYSE,42.98,42.98,20958,0,Mirant Corporation,0,0,0
20071107,69100,MIR',NYSE,42.3,42.3,34671,0,Mirant Corporation,0,0,0
20071108,69100,MIR',NYSE,42.4,42.4,36558,0,Mirant Corporation,0,0,0
20071109,69100,MIR',NYSE,37.51,37.51,189410,0,Mirant Corporation,0,0,0
20071112,69100,MIR',NYSE,37,37,83085,0,Mirant Corporation,0,0,0
20071113,69100,MIR',NYSE,37.24,37.24,99941,0,Mirant Corporation,0,0,0
20071114,69100,MIR',NYSE,37.83,37.83,123378,0,Mirant Corporation,0,0,0
20071115,69100,MIR',NYSE,37.77,37.77,66273,0,Mirant Corporation,0,0,0
20071116,69100,MIR',NYSE,37.52,37.52,43869,0,Mirant Corporation,0,0,0
20071119,69100,MIR',NYSE,36.91,36.91,29709,0,Mirant Corporation,0,0,0
20071120,69100,MIR',NYSE,36.79,36.79,45951,0,Mirant Corporation,0,0,0
20071121,69100,MIR',NYSE,36.57,36.57,40746,0,Mirant Corporation,0,0,0
20071123,69100,MIR',NYSE,37.01,37.01,20500,0,Mirant Corporation,0,0,0
20071126,69100,MIR',NYSE,36.82,36.82,33756,0,Mirant Corporation,0,0,0
20071127,69100,MIR',NYSE,36.42,36.42,63677,0,Mirant Corporation,0,0,0
20071128,69100,MIR',NYSE,37.91,37.91,57028,0,Mirant Corporation,0,0,0
20071129,69100,MIR',NYSE,38.55,38.55,76034,0,Mirant Corporation,0,0,0
20071130,69100,MIR',NYSE,38.59,38.59,74518,0,Mirant Corporation,0,0,0
20071203,69100,MIR',NYSE,38.5,38.5,31286,0,Mirant Corporation,0,0,0
20071204,69100,MIR',NYSE,38.65,38.65,36936,0,Mirant Corporation,0,0,0
20071205,69100,MIR',NYSE,39.31,39.31,57573,0,Mirant Corporation,0,0,0
20071206,69100,MIR',NYSE,39.41,39.41,29877,0,Mirant Corporation,0,0,0
20071207,69100,MIR',NYSE,39.7,39.7,22106,0,Mirant Corporation,0,0,0
20071210,69100,MIR',NYSE,39.3,39.3,23040,0,Mirant Corporation,0,0,0
20071211,69100,MIR',NYSE,38.42,38.42,29003,0,Mirant Corporation,0,0,0
20071212,69100,MIR',NYSE,38.68,38.68,33365,0,Mirant Corporation,0,0,0
20071213,69100,MIR',NYSE,38.74,38.74,21862,0,Mirant Corporation,0,0,0
20071214,69100,MIR',NYSE,38.44,38.44,19666,0,Mirant Corporation,0,0,0
20071217,69100,MIR',NYSE,38.1,38.1,22037,0,Mirant Corporation,0,0,0
20071218,69100,MIR',NYSE,38.48,38.48,24442,0,Mirant Corporation,0,0,0
20071219,69100,MIR',NYSE,38.4,38.4,23323,0,Mirant Corporation,0,0,0
20071220,69100,MIR',NYSE,38.45,38.45,24855,0,Mirant Corporation,0,0,0
20071221,69100,MIR',NYSE,39,39,42893,0,Mirant Corporation,0,0,0
20071224,69100,MIR',NYSE,39.19,39.19,9464,0,Mirant Corporation,0,0,0
20071226,69100,MIR',NYSE,39.07,39.07,11807,0,Mirant Corporation,0,0,0
20071227,69100,MIR',NYSE,39.15,39.15,36104,0,Mirant Corporation,0,0,0
20071228,69100,MIR',NYSE,38.96,38.96,25824,0,Mirant Corporation,0,0,0
20071231,69100,MIR',NYSE,38.98,38.98,14230,0,Mirant Corporation,0,0,0
20080102,69100,MIR',NYSE,38.96,38.96,20479,0,Mirant Corporation,0,0,0
20080103,69100,MIR',NYSE,37.64,37.64,45683,0,Mirant Corporation,0,0,0
20080104,69100,MIR',NYSE,36.6,36.6,49360,0,Mirant Corporation,0,0,0
20080107,69100,MIR',NYSE,36.5,36.5,41282,0,Mirant Corporation,0,0,0
20080108,69100,MIR',NYSE,35.84,35.84,21795,0,Mirant Corporation,0,0,0
20080109,69100,MIR',NYSE,35.36,35.36,53904,0,Mirant Corporation,0,0,0
20080110,69100,MIR',NYSE,35.72,35.72,36007,0,Mirant Corporation,0,0,0
20080111,69100,MIR',NYSE,36.51,36.51,33776,0,Mirant Corporation,0,0,0
20080114,69100,MIR',NYSE,36.14,36.14,22358,0,Mirant Corporation,0,0,0
20080115,69100,MIR',NYSE,35.47,35.47,28804,0,Mirant Corporation,0,0,0
20080116,69100,MIR',NYSE,35.12,35.12,42138,0,Mirant Corporation,0,0,0
20080117,69100,MIR',NYSE,34.33,34.33,57755,0,Mirant Corporation,0,0,0
20080118,69100,MIR',NYSE,35.34,35.34,61287,0,Mirant Corporation,0,0,0
20080122,69100,MIR',NYSE,35.25,35.25,55613,0,Mirant Corporation,0,0,0
20080123,69100,MIR',NYSE,35.94,35.94,41960,0,Mirant Corporation,0,0,0
20080124,69100,MIR',NYSE,35.65,35.65,33996,0,Mirant Corporation,0,0,0
20080125,69100,MIR',NYSE,35.47,35.47,28226,0,Mirant Corporation,0,0,0
20080128,69100,MIR',NYSE,36,36,31990,0,Mirant Corporation,0,0,0
20080129,69100,MIR',NYSE,36.27,36.27,26456,0,Mirant Corporation,0,0,0
20080130,69100,MIR',NYSE,36.08,36.08,21350,0,Mirant Corporation,0,0,0
20080131,69100,MIR',NYSE,36.79,36.79,38473,0,Mirant Corporation,0,0,0
20080201,69100,MIR',NYSE,36.69,36.69,44670,0,Mirant Corporation,0,0,0
20080204,69100,MIR',NYSE,37.17,37.17,26221,0,Mirant Corporation,0,0,0
20080205,69100,MIR',NYSE,36.88,36.88,40657,0,Mirant Corporation,0,0,0
20080206,69100,MIR',NYSE,36.06,36.06,38894,0,Mirant Corporation,0,0,0
20080207,69100,MIR',NYSE,36.63,36.63,34376,0,Mirant Corporation,0,0,0
20080208,69100,MIR',NYSE,36.7,36.7,16865,0,Mirant Corporation,0,0,0
20080211,69100,MIR',NYSE,36.23,36.23,26680,0,Mirant Corporation,0,0,0
20080212,69100,MIR',NYSE,36.14,36.14,31888,0,Mirant Corporation,0,0,0
20080213,69100,MIR',NYSE,35.83,35.83,45917,0,Mirant Corporation,0,0,0
20080214,69100,MIR',NYSE,35.83,35.83,28301,0,Mirant Corporation,0,0,0
20080215,69100,MIR',NYSE,36.49,36.49,17310,0,Mirant Corporation,0,0,0
20080219,69100,MIR',NYSE,37.2,37.2,24552,0,Mirant Corporation,0,0,0
20080220,69100,MIR',NYSE,37.04,37.04,19764,0,Mirant Corporation,0,0,0
20080221,69100,MIR',NYSE,36.35,36.35,16085,0,Mirant Corporation,0,0,0
20080222,69100,MIR',NYSE,36.83,36.83,15371,0,Mirant Corporation,0,0,0
20080225,69100,MIR',NYSE,36.5,36.5,28223,0,Mirant Corporation,0,0,0
20080226,69100,MIR',NYSE,36.61,36.61,32560,0,Mirant Corporation,0,0,0
20080227,69100,MIR',NYSE,36.25,36.25,18838,0,Mirant Corporation,0,0,0
20080228,69100,MIR',NYSE,36.26,36.26,19979,0,Mirant Corporation,0,0,0
20080229,69100,MIR',NYSE,37,37,44503,0,Mirant Corporation,0,0,0
20080303,69100,MIR',NYSE,37.09,37.09,18099,0,Mirant Corporation,0,0,0
20080304,69100,MIR',NYSE,37.22,37.22,27318,0,Mirant Corporation,0,0,0
20080305,69100,MIR',NYSE,37.91,37.91,27183,0,Mirant Corporation,0,0,0
20080306,69100,MIR',NYSE,37.24,37.24,27525,0,Mirant Corporation,0,0,0
20080307,69100,MIR',NYSE,37.02,37.02,28794,0,Mirant Corporation,0,0,0
20080310,69100,MIR',NYSE,36.83,36.83,45117,0,Mirant Corporation,0,0,0
20080311,69100,MIR',NYSE,37.05,37.05,35462,0,Mirant Corporation,0,0,0
20080312,69100,MIR',NYSE,36.54,36.54,31065,0,Mirant Corporation,0,0,0
20080313,69100,MIR',NYSE,36.55,36.55,39840,0,Mirant Corporation,0,0,0
20080314,69100,MIR',NYSE,36.02,36.02,35427,0,Mirant Corporation,0,0,0
20080317,69100,MIR',NYSE,34.79,34.79,45547,0,Mirant Corporation,0,0,0
20080318,69100,MIR',NYSE,35.69,35.69,67627,0,Mirant Corporation,0,0,0
20080319,69100,MIR',NYSE,35.33,35.33,82076,0,Mirant Corporation,0,0,0
20080320,69100,MIR',NYSE,35.4,35.4,40469,0,Mirant Corporation,0,0,0
20080324,69100,MIR',NYSE,34.96,34.96,45527,0,Mirant Corporation,0,0,0
20080325,69100,MIR',NYSE,34.94,34.94,59833,0,Mirant Corporation,0,0,0
20080326,69100,MIR',NYSE,34.63,34.63,42025,0,Mirant Corporation,0,0,0
20080327,69100,MIR',NYSE,35.92,35.92,70112,0,Mirant Corporation,0,0,0
20080328,69100,MIR',NYSE,35.99,35.99,40542,0,Mirant Corporation,0,0,0
20080331,69100,MIR',NYSE,36.39,36.39,41290,0,Mirant Corporation,0,0,0
20080401,69100,MIR',NYSE,36.79,36.79,55276,0,Mirant Corporation,0,0,0
20080402,69100,MIR',NYSE,36.47,36.47,44865,0,Mirant Corporation,0,0,0
20080403,69100,MIR',NYSE,36.53,36.53,50013,0,Mirant Corporation,0,0,0
20080404,69100,MIR',NYSE,36.87,36.87,110126,0,Mirant Corporation,0,0,0
20080407,69100,MIR',NYSE,37.3,37.3,33678,0,Mirant Corporation,0,0,0
20080408,69100,MIR',NYSE,36.96,36.96,34159,0,Mirant Corporation,0,0,0
20080409,69100,MIR',NYSE,37.43,37.43,87736,0,Mirant Corporation,0,0,0
20080410,69100,MIR',NYSE,37.31,37.31,26060,0,Mirant Corporation,0,0,0
20080411,69100,MIR',NYSE,37.7,37.7,22212,0,Mirant Corporation,0,0,0
20080414,69100,MIR',NYSE,38.6,38.6,36029,0,Mirant Corporation,0,0,0
20080415,69100,MIR',NYSE,39.3,39.3,41002,0,Mirant Corporation,0,0,0
20080416,69100,MIR',NYSE,39.49,39.49,23639,0,Mirant Corporation,0,0,0
20080417,69100,MIR',NYSE,39.54,39.54,15988,0,Mirant Corporation,0,0,0
20080418,69100,MIR',NYSE,39.75,39.75,17451,0,Mirant Corporation,0,0,0
20080421,69100,MIR',NYSE,39.95,39.95,11692,0,Mirant Corporation,0,0,0
20080422,69100,MIR',NYSE,39.85,39.85,22013,0,Mirant Corporation,0,0,0
20080423,69100,MIR',NYSE,39.73,39.73,18522,0,Mirant Corporation,0,0,0
20080424,69100,MIR',NYSE,39.92,39.92,17438,0,Mirant Corporation,0,0,0
20080425,69100,MIR',NYSE,40.02,40.02,20403,0,Mirant Corporation,0,0,0
20080428,69100,MIR',NYSE,40.42,40.42,10782,0,Mirant Corporation,0,0,0
20080429,69100,MIR',NYSE,40.21,40.21,12856,0,Mirant Corporation,0,0,0
20080430,69100,MIR',NYSE,41.11,41.11,33124,0,Mirant Corporation,0,0,0
20080501,69100,MIR',NYSE,40.82,40.82,32509,0,Mirant Corporation,0,0,0
20080502,69100,MIR',NYSE,41.04,41.04,46483,0,Mirant Corporation,0,0,0
20080505,69100,MIR',NYSE,40.93,40.93,20480,0,Mirant Corporation,0,0,0
20080506,69100,MIR',NYSE,41.03,41.03,14041,0,Mirant Corporation,0,0,0
20080507,69100,MIR',NYSE,40.04,40.04,17074,0,Mirant Corporation,0,0,0
20080508,69100,MIR',NYSE,39.7,39.7,21777,0,Mirant Corporation,0,0,0
20080509,69100,MIR',NYSE,38.99,38.99,41777,0,Mirant Corporation,0,0,0
20080512,69100,MIR',NYSE,38.88,38.88,36803,0,Mirant Corporation,0,0,0
20080513,69100,MIR',NYSE,39.48,39.48,24146,0,Mirant Corporation,0,0,0
20080514,69100,MIR',NYSE,39.6,39.6,17350,0,Mirant Corporation,0,0,0
20080515,69100,MIR',NYSE,39.17,39.17,24662,0,Mirant Corporation,0,0,0
20080516,69100,MIR',NYSE,40.29,40.29,74110,0,Mirant Corporation,0,0,0
20080519,69100,MIR',NYSE,39.96,39.96,49619,0,Mirant Corporation,0,0,0
20080520,69100,MIR',NYSE,40.31,40.31,21426,0,Mirant Corporation,0,0,0
20080521,69100,MIR',NYSE,40.89,40.89,34156,0,Mirant Corporation,0,0,0
20080522,69100,MIR',NYSE,41.54,41.54,35561,0,Mirant Corporation,0,0,0
20080523,69100,MIR',NYSE,40.69,40.69,16760,0,Mirant Corporation,0,0,0
20080527,69100,MIR',NYSE,40.43,40.43,14572,0,Mirant Corporation,0,0,0
20080528,69100,MIR',NYSE,40.21,40.21,22449,0,Mirant Corporation,0,0,0
20080529,69100,MIR',NYSE,40.08,40.08,27925,0,Mirant Corporation,0,0,0
20080530,69100,MIR',NYSE,40.62,40.62,51463,0,Mirant Corporation,0,0,0
20080602,69100,MIR',NYSE,40.05,40.05,36794,0,Mirant Corporation,0,0,0
20080603,69100,MIR',NYSE,39.95,39.95,30761,0,Mirant Corporation,0,0,0
20080604,69100,MIR',NYSE,40.49,40.49,38225,0,Mirant Corporation,0,0,0
20080605,69100,MIR',NYSE,40.94,40.94,21938,0,Mirant Corporation,0,0,0
20080606,69100,MIR',NYSE,40.64,40.64,21747,0,Mirant Corporation,0,0,0
20080609,69100,MIR',NYSE,40.73,40.73,43868,0,Mirant Corporation,0,0,0
20080610,69100,MIR',NYSE,40.4,40.4,23474,0,Mirant Corporation,0,0,0
20080611,69100,MIR',NYSE,40.11,40.11,29290,0,Mirant Corporation,0,0,0
20080612,69100,MIR',NYSE,40.09,40.09,26371,0,Mirant Corporation,0,0,0
20080613,69100,MIR',NYSE,40.65,40.65,28371,0,Mirant Corporation,0,0,0
20080616,69100,MIR',NYSE,40.71,40.71,44629,0,Mirant Corporation,0,0,0
20080617,69100,MIR',NYSE,40.99,40.99,18886,0,Mirant Corporation,0,0,0
20080618,69100,MIR',NYSE,40.63,40.63,18619,0,Mirant Corporation,0,0,0
20080619,69100,MIR',NYSE,40.75,40.75,22969,0,Mirant Corporation,0,0,0
20080620,69100,MIR',NYSE,40.5,40.5,26083,0,Mirant Corporation,0,0,0
20080623,69100,MIR',NYSE,40.87,40.87,139923,0,Mirant Corporation,0,0,0
20080624,69100,MIR',NYSE,40.61,40.61,22192,0,Mirant Corporation,0,0,0
20080625,69100,MIR',NYSE,40.58,40.58,20133,0,Mirant Corporation,0,0,0
20080626,69100,MIR',NYSE,40,40,36935,0,Mirant Corporation,0,0,0
20080627,69100,MIR',NYSE,38.7,38.7,29650,0,Mirant Corporation,0,0,0
20080630,69100,MIR',NYSE,39.15,39.15,11901,0,Mirant Corporation,0,0,0
20080701,69100,MIR',NYSE,38.79,38.79,25695,0,Mirant Corporation,0,0,0
20080702,69100,MIR',NYSE,37.69,37.69,30822,0,Mirant Corporation,0,0,0
20080703,69100,MIR',NYSE,36.21,36.21,31845,0,Mirant Corporation,0,0,0
20080707,69100,MIR',NYSE,35.82,35.82,43474,0,Mirant Corporation,0,0,0
20080708,69100,MIR',NYSE,35.27,35.27,52744,0,Mirant Corporation,0,0,0
20080709,69100,MIR',NYSE,35.6,35.6,54422,0,Mirant Corporation,0,0,0
20080710,69100,MIR',NYSE,36.31,36.31,56360,0,Mirant Corporation,0,0,0
20080711,69100,MIR',NYSE,35.94,35.94,34073,0,Mirant Corporation,0,0,0
20080714,69100,MIR',NYSE,35.18,35.18,44691,0,Mirant Corporation,0,0,0
20080715,69100,MIR',NYSE,35.29,35.29,46834,0,Mirant Corporation,0,0,0
20080716,69100,MIR',NYSE,34.92,34.92,47452,0,Mirant Corporation,0,0,0
20080717,69100,MIR',NYSE,33.6,33.6,76975,0,Mirant Corporation,0,0,0
20080718,69100,MIR',NYSE,33.28,33.28,70215,0,Mirant Corporation,0,0,0
20080721,69100,MIR',NYSE,35.09,35.09,27281,0,Mirant Corporation,0,0,0
20080722,69100,MIR',NYSE,34.66,34.66,17044,0,Mirant Corporation,0,0,0
20080723,69100,MIR',NYSE,31.63,31.63,133464,0,Mirant Corporation,0,0,0
20080724,69100,MIR',NYSE,31.08,31.08,45966,0,Mirant Corporation,0,0,0
20080725,69100,MIR',NYSE,31.03,31.03,31647,0,Mirant Corporation,0,0,0
20080728,69100,MIR',NYSE,30.58,30.58,20989,0,Mirant Corporation,0,0,0
20080729,69100,MIR',NYSE,30.66,30.66,33932,0,Mirant Corporation,0,0,0
20080730,69100,MIR',NYSE,31.21,31.21,25505,0,Mirant Corporation,0,0,0
20080731,69100,MIR',NYSE,30.61,30.61,22890,0,Mirant Corporation,0,0,0
20080801,69100,MIR',NYSE,29.72,29.72,38453,0,Mirant Corporation,0,0,0
20080804,69100,MIR',NYSE,28.6,28.6,39501,0,Mirant Corporation,0,0,0
20080805,69100,MIR',NYSE,28.2,28.2,41124,0,Mirant Corporation,0,0,0
20080806,69100,MIR',NYSE,28.5,28.5,25996,0,Mirant Corporation,0,0,0
20080807,69100,MIR',NYSE,28.41,28.41,23083,0,Mirant Corporation,0,0,0
20080808,69100,MIR',NYSE,28.5,28.5,56451,0,Mirant Corporation,0,0,0
20080811,69100,MIR',NYSE,28.42,28.42,37269,0,Mirant Corporation,0,0,0
20080812,69100,MIR',NYSE,27.38,27.38,138478,0,Mirant Corporation,0,0,0
20080813,69100,MIR',NYSE,29.29,29.29,65623,0,Mirant Corporation,0,0,0
20080814,69100,MIR',NYSE,28.74,28.74,44893,0,Mirant Corporation,0,0,0
20080815,69100,MIR',NYSE,28.82,28.82,43699,0,Mirant Corporation,0,0,0
20080818,69100,MIR',NYSE,28.82,28.82,29301,0,Mirant Corporation,0,0,0
20080819,69100,MIR',NYSE,28.66,28.66,35221,0,Mirant Corporation,0,0,0
20080820,69100,MIR',NYSE,29.24,29.24,40535,0,Mirant Corporation,0,0,0
20080821,69100,MIR',NYSE,29.52,29.52,52285,0,Mirant Corporation,0,0,0
20080822,69100,MIR',NYSE,29.57,29.57,24683,0,Mirant Corporation,0,0,0
20080825,69100,MIR',NYSE,29.38,29.38,38285,0,Mirant Corporation,0,0,0
20080826,69100,MIR',NYSE,29.93,29.93,33396,0,Mirant Corporation,0,0,0
20080827,69100,MIR',NYSE,30.14,30.14,50682,0,Mirant Corporation,0,0,0
20080828,69100,MIR',NYSE,29.92,29.92,21445,0,Mirant Corporation,0,0,0
20080829,69100,MIR',NYSE,29.58,29.58,27921,0,Mirant Corporation,0,0,0
20080902,69100,MIR',NYSE,27.7,27.7,55933,0,Mirant Corporation,0,0,0
20080903,69100,MIR',NYSE,26.77,26.77,62134,0,Mirant Corporation,0,0,0
20080904,69100,MIR',NYSE,26.53,26.53,45291,0,Mirant Corporation,0,0,0
20080905,69100,MIR',NYSE,26.39,26.39,51868,0,Mirant Corporation,0,0,0
20080908,69100,MIR',NYSE,26.2,26.2,42626,0,Mirant Corporation,0,0,0
20080909,69100,MIR',NYSE,24.22,24.22,88110,0,Mirant Corporation,0,0,0
20080910,69100,MIR',NYSE,25.22,25.22,80165,0,Mirant Corporation,0,0,0
20080911,69100,MIR',NYSE,25.81,25.81,56996,0,Mirant Corporation,0,0,0
20080912,69100,MIR',NYSE,27.93,27.93,63192,0,Mirant Corporation,0,0,0
20080915,69100,MIR',NYSE,26.05,26.05,60057,0,Mirant Corporation,0,0,0
20080916,69100,MIR',NYSE,24.93,24.93,55583,0,Mirant Corporation,0,0,0
20080917,69100,MIR',NYSE,23.29,23.29,67351,0,Mirant Corporation,0,0,0
20080918,69100,MIR',NYSE,24.04,24.04,82756,0,Mirant Corporation,0,0,0
20080919,69100,MIR',NYSE,25.58,25.58,93977,0,Mirant Corporation,0,0,0
20080922,69100,MIR',NYSE,23.47,23.47,64374,0,Mirant Corporation,0,0,0
20080923,69100,MIR',NYSE,22.84,22.84,34985,0,Mirant Corporation,0,0,0
20080924,69100,MIR',NYSE,22.05,22.05,24107,0,Mirant Corporation,0,0,0
20080925,69100,MIR',NYSE,22.14,22.14,31403,0,Mirant Corporation,0,0,0
20080926,69100,MIR',NYSE,20.99,20.99,37558,0,Mirant Corporation,0,0,0
20080929,69100,MIR',NYSE,17.65,17.65,98221,0,Mirant Corporation,0,0,0
20080930,69100,MIR',NYSE,18.29,18.29,47526,0,Mirant Corporation,0,0,0
20081001,69100,MIR',NYSE,17.93,17.93,32281,0,Mirant Corporation,0,0,0
20081002,69100,MIR',NYSE,16.32,16.32,42977,0,Mirant Corporation,0,0,0
20081003,69100,MIR',NYSE,15.93,15.93,37118,0,Mirant Corporation,0,0,0
20081006,69100,MIR',NYSE,14.79,14.79,51091,0,Mirant Corporation,0,0,0
20081007,69100,MIR',NYSE,13.7,13.7,44332,0,Mirant Corporation,0,0,0
20081008,69100,MIR',NYSE,13.47,13.47,51744,0,Mirant Corporation,0,0,0
20081009,69100,MIR',NYSE,13.3,13.3,47312,0,Mirant Corporation,0,0,0
20081010,69100,MIR',NYSE,14.25,14.25,60736,0,Mirant Corporation,0,0,0
20081013,69100,MIR',NYSE,17.35,17.35,52336,0,Mirant Corporation,0,0,0
20081014,69100,MIR',NYSE,16.69,16.69,39899,0,Mirant Corporation,0,0,0
20081015,69100,MIR',NYSE,15.34,15.34,55484,0,Mirant Corporation,0,0,0
20081016,69100,MIR',NYSE,15.64,15.64,58324,0,Mirant Corporation,0,0,0
20081017,69100,MIR',NYSE,16.58,16.58,25767,0,Mirant Corporation,0,0,0
20081020,69100,MIR',NYSE,18.7,18.7,31499,0,Mirant Corporation,0,0,0
20081021,69100,MIR',NYSE,18.74,18.74,30724,0,Mirant Corporation,0,0,0
20081022,69100,MIR',NYSE,15.62,15.62,22219,0,Mirant Corporation,0,0,0
20081023,69100,MIR',NYSE,15.57,15.57,31692,0,Mirant Corporation,0,0,0
20081024,69100,MIR',NYSE,15.09,15.09,31911,0,Mirant Corporation,0,0,0
20081027,69100,MIR',NYSE,15,15,29940,0,Mirant Corporation,0,0,0
20081028,69100,MIR',NYSE,16.03,16.03,30165,0,Mirant Corporation,0,0,0
20081029,69100,MIR',NYSE,17.09,17.09,27110,0,Mirant Corporation,0,0,0
20081030,69100,MIR',NYSE,18.13,18.13,26492,0,Mirant Corporation,0,0,0
20081031,69100,MIR',NYSE,17.52,17.52,30072,0,Mirant Corporation,0,0,0
20081103,69100,MIR',NYSE,16.65,16.65,19129,0,Mirant Corporation,0,0,0
20081104,69100,MIR',NYSE,16.93,16.93,36023,0,Mirant Corporation,0,0,0
20081105,69100,MIR',NYSE,16.36,16.36,29714,0,Mirant Corporation,0,0,0
20081106,69100,MIR',NYSE,15.85,15.85,18839,0,Mirant Corporation,0,0,0
20081107,69100,MIR',NYSE,17.05,17.05,24077,0,Mirant Corporation,0,0,0
20081110,69100,MIR',NYSE,16.86,16.86,41766,0,Mirant Corporation,0,0,0
20081111,69100,MIR',NYSE,17.98,17.98,23731,0,Mirant Corporation,0,0,0
20081112,69100,MIR',NYSE,17.09,17.09,24893,0,Mirant Corporation,0,0,0
20081113,69100,MIR',NYSE,17.73,17.73,77529,0,Mirant Corporation,0,0,0
20081114,69100,MIR',NYSE,17.3,17.3,33568,0,Mirant Corporation,0,0,0
20081117,69100,MIR',NYSE,16.2,16.2,48270,0,Mirant Corporation,0,0,0
20081118,69100,MIR',NYSE,16.56,16.56,48505,0,Mirant Corporation,0,0,0
20081119,69100,MIR',NYSE,16.6,16.6,37086,0,Mirant Corporation,0,0,0
20081120,69100,MIR',NYSE,14.61,14.61,39948,0,Mirant Corporation,0,0,0
20081121,69100,MIR',NYSE,15,15,61211,0,Mirant Corporation,0,0,0
20081124,69100,MIR',NYSE,16,16,58354,0,Mirant Corporation,0,0,0
20081125,69100,MIR',NYSE,16.04,16.04,53531,0,Mirant Corporation,0,0,0
20081126,69100,MIR',NYSE,16.85,16.85,39216,0,Mirant Corporation,0,0,0
20081128,69100,MIR',NYSE,17.22,17.22,11997,0,Mirant Corporation,0,0,0
20081201,69100,MIR',NYSE,16.56,16.56,25877,0,Mirant Corporation,0,0,0
20081202,69100,MIR',NYSE,18.58,18.58,47922,0,Mirant Corporation,0,0,0
20081203,69100,MIR',NYSE,19.85,19.85,42183,0,Mirant Corporation,0,0,0
20081204,69100,MIR',NYSE,18.95,18.95,35161,0,Mirant Corporation,0,0,0
20081205,69100,MIR',NYSE,19.12,19.12,23411,0,Mirant Corporation,0,0,0
20081208,69100,MIR',NYSE,19.47,19.47,21569,0,Mirant Corporation,0,0,0
20081209,69100,MIR',NYSE,19.75,19.75,18832,0,Mirant Corporation,0,0,0
20081210,69100,MIR',NYSE,19.84,19.84,19914,0,Mirant Corporation,0,0,0
20081211,69100,MIR',NYSE,19.43,19.43,32322,0,Mirant Corporation,0,0,0
20081212,69100,MIR',NYSE,19.45,19.45,19128,0,Mirant Corporation,0,0,0
20081215,69100,MIR',NYSE,18.99,18.99,15323,0,Mirant Corporation,0,0,0
20081216,69100,MIR',NYSE,19.5,19.5,28564,0,Mirant Corporation,0,0,0
20081217,69100,MIR',NYSE,19.33,19.33,15496,0,Mirant Corporation,0,0,0
20081218,69100,MIR',NYSE,19.1,19.1,36548,0,Mirant Corporation,0,0,0
20081219,69100,MIR',NYSE,18.8,18.8,43986,0,Mirant Corporation,0,0,0
20081222,69100,MIR',NYSE,18.34,18.34,14272,0,Mirant Corporation,0,0,0
20081223,69100,MIR',NYSE,17.79,17.79,12791,0,Mirant Corporation,0,0,0
20081224,69100,MIR',NYSE,17.68,17.68,8445,0,Mirant Corporation,0,0,0
20081226,69100,MIR',NYSE,17.8,17.8,8779,0,Mirant Corporation,0,0,0
20081229,69100,MIR',NYSE,17.94,17.94,9165,0,Mirant Corporation,0,0,0
20081230,69100,MIR',NYSE,18.42,18.42,9280,0,Mirant Corporation,0,0,0
20081231,69100,MIR',NYSE,18.87,18.87,9907,0,Mirant Corporation,0,0,0
20090102,69100,MIR',NYSE,19.62,19.62,12325,0,Mirant Corporation,0,0,0
20090105,69100,MIR',NYSE,19.82,19.82,31215,0,Mirant Corporation,0,0,0
20090106,69100,MIR',NYSE,19.5,19.5,38127,0,Mirant Corporation,0,0,0
20090107,69100,MIR',NYSE,19.46,19.46,15984,0,Mirant Corporation,0,0,0
20090108,69100,MIR',NYSE,19.46,19.46,12902,0,Mirant Corporation,0,0,0
20090109,69100,MIR',NYSE,18.93,18.93,10544,0,Mirant Corporation,0,0,0
20090112,69100,MIR',NYSE,18.12,18.12,19711,0,Mirant Corporation,0,0,0
20090113,69100,MIR',NYSE,18.49,18.49,24265,0,Mirant Corporation,0,0,0
20090114,69100,MIR',NYSE,18.37,18.37,13595,0,Mirant Corporation,0,0,0
20090115,69100,MIR',NYSE,17.96,17.96,5598,0,Mirant Corporation,0,0,0
20090116,69100,MIR',NYSE,17.84,17.84,19464,0,Mirant Corporation,0,0,0
20090120,69100,MIR',NYSE,17.17,17.17,27082,0,Mirant Corporation,0,0,0
20090121,69100,MIR',NYSE,17.87,17.87,33909,0,Mirant Corporation,0,0,0
20090122,69100,MIR',NYSE,17.73,17.73,16429,0,Mirant Corporation,0,0,0
20090123,69100,MIR',NYSE,17.67,17.67,15164,0,Mirant Corporation,0,0,0
20090126,69100,MIR',NYSE,17.88,17.88,21563,0,Mirant Corporation,0,0,0
20090127,69100,MIR',NYSE,17.44,17.44,17605,0,Mirant Corporation,0,0,0
20090128,69100,MIR',NYSE,17.5,17.5,14678,0,Mirant Corporation,0,0,0
20090129,69100,MIR',NYSE,17.4,17.4,12312,0,Mirant Corporation,0,0,0
20090130,69100,MIR',NYSE,17.17,17.17,22518,0,Mirant Corporation,0,0,0
20090202,69100,MIR',NYSE,16.99,16.99,20002,0,Mirant Corporation,0,0,0
20090203,69100,MIR',NYSE,16.8,16.8,12596,0,Mirant Corporation,0,0,0
20090204,69100,MIR',NYSE,16.64,16.64,23692,0,Mirant Corporation,0,0,0
20090205,69100,MIR',NYSE,16.36,16.36,25443,0,Mirant Corporation,0,0,0
20090206,69100,MIR',NYSE,16.57,16.57,22308,0,Mirant Corporation,0,0,0
20090209,69100,MIR',NYSE,16.88,16.88,11137,0,Mirant Corporation,0,0,0
20090210,69100,MIR',NYSE,16.48,16.48,25338,0,Mirant Corporation,0,0,0
20090211,69100,MIR',NYSE,16.23,16.23,25851,0,Mirant Corporation,0,0,0
20090212,69100,MIR',NYSE,15.67,15.67,40790,0,Mirant Corporation,0,0,0
20090213,69100,MIR',NYSE,15.62,15.62,23785,0,Mirant Corporation,0,0,0
20090217,69100,MIR',NYSE,14.67,14.67,24094,0,Mirant Corporation,0,0,0
20090218,69100,MIR',NYSE,15.05,15.05,28371,0,Mirant Corporation,0,0,0
20090219,69100,MIR',NYSE,14.54,14.54,21350,0,Mirant Corporation,0,0,0
20090220,69100,MIR',NYSE,13.92,13.92,32720,0,Mirant Corporation,0,0,0
20090223,69100,MIR',NYSE,13.48,13.48,23917,0,Mirant Corporation,0,0,0
20090224,69100,MIR',NYSE,13.11,13.11,45302,0,Mirant Corporation,0,0,0
20090225,69100,MIR',NYSE,13.53,13.53,46275,0,Mirant Corporation,0,0,0
20090226,69100,MIR',NYSE,13.57,13.57,38835,0,Mirant Corporation,0,0,0
20090227,69100,MIR',NYSE,12.23,12.23,54764,0,Mirant Corporation,0,0,0
20090302,69100,MIR',NYSE,10.72,10.72,33957,0,Mirant Corporation,0,0,0
20090303,69100,MIR',NYSE,10.4,10.4,31221,0,Mirant Corporation,0,0,0
20090304,69100,MIR',NYSE,10.25,10.25,33514,0,Mirant Corporation,0,0,0
20090305,69100,MIR',NYSE,9.73,9.73,32768,0,Mirant Corporation,0,0,0
20090306,69100,MIR',NYSE,9.25,9.25,51674,0,Mirant Corporation,0,0,0
20090309,69100,MIR',NYSE,9.39,9.39,41874,0,Mirant Corporation,0,0,0
20090310,69100,MIR',NYSE,9.89,9.89,45986,0,Mirant Corporation,0,0,0
20090311,69100,MIR',NYSE,9.9,9.9,26141,0,Mirant Corporation,0,0,0
20090312,69100,MIR',NYSE,9.79,9.79,46202,0,Mirant Corporation,0,0,0
20090313,69100,MIR',NYSE,9.64,9.64,23147,0,Mirant Corporation,0,0,0
20090316,69100,MIR',NYSE,9.85,9.85,25725,0,Mirant Corporation,0,0,0
20090317,69100,MIR',NYSE,9.99,9.99,28878,0,Mirant Corporation,0,0,0
20090318,69100,MIR',NYSE,10.63,10.63,56150,0,Mirant Corporation,0,0,0
20090319,69100,MIR',NYSE,11.15,11.15,31452,0,Mirant Corporation,0,0,0
20090320,69100,MIR',NYSE,10.55,10.55,30015,0,Mirant Corporation,0,0,0
20090323,69100,MIR',NYSE,11.39,11.39,22019,0,Mirant Corporation,0,0,0
20090324,69100,MIR',NYSE,10.82,10.82,31571,0,Mirant Corporation,0,0,0
20090325,69100,MIR',NYSE,10.98,10.98,36347,0,Mirant Corporation,0,0,0
20090326,69100,MIR',NYSE,11.62,11.62,30826,0,Mirant Corporation,0,0,0
20090327,69100,MIR',NYSE,11.77,11.77,27640,0,Mirant Corporation,0,0,0
20090330,69100,MIR',NYSE,11.1,11.1,30027,0,Mirant Corporation,0,0,0
20090331,69100,MIR',NYSE,11.4,11.4,25692,0,Mirant Corporation,0,0,0
20090401,69100,MIR',NYSE,11.32,11.32,16995,0,Mirant Corporation,0,0,0
20090402,69100,MIR',NYSE,12.16,12.16,34704,0,Mirant Corporation,0,0,0
20090403,69100,MIR',NYSE,12.4,12.4,18569,0,Mirant Corporation,0,0,0
20090406,69100,MIR',NYSE,12.72,12.72,20344,0,Mirant Corporation,0,0,0
20090407,69100,MIR',NYSE,12.22,12.22,11830,0,Mirant Corporation,0,0,0
20090408,69100,MIR',NYSE,12.64,12.64,20924,0,Mirant Corporation,0,0,0
20090409,69100,MIR',NYSE,13.15,13.15,27405,0,Mirant Corporation,0,0,0
20090413,69100,MIR',NYSE,13.36,13.36,26900,0,Mirant Corporation,0,0,0
20090414,69100,MIR',NYSE,13.4,13.4,18992,0,Mirant Corporation,0,0,0
20090415,69100,MIR',NYSE,13.27,13.27,26478,0,Mirant Corporation,0,0,0
20090416,69100,MIR',NYSE,14.2,14.2,37503,0,Mirant Corporation,0,0,0
20090417,69100,MIR',NYSE,14.67,14.67,32150,0,Mirant Corporation,0,0,0
20090420,69100,MIR',NYSE,13.59,13.59,32033,0,Mirant Corporation,0,0,0
20090421,69100,MIR',NYSE,13.61,13.61,23064,0,Mirant Corporation,0,0,0
20090422,69100,MIR',NYSE,13.36,13.36,17099,0,Mirant Corporation,0,0,0
20090423,69100,MIR',NYSE,13.1,13.1,22848,0,Mirant Corporation,0,0,0
20090424,69100,MIR',NYSE,12.8,12.8,31529,0,Mirant Corporation,0,0,0
20090427,69100,MIR',NYSE,12.52,12.52,22306,0,Mirant Corporation,0,0,0
20090428,69100,MIR',NYSE,12.34,12.34,22525,0,Mirant Corporation,0,0,0
20090429,69100,MIR',NYSE,12.7,12.7,31584,0,Mirant Corporation,0,0,0
20090430,69100,MIR',NYSE,12.73,12.73,26017,0,Mirant Corporation,0,0,0
20090501,69100,MIR',NYSE,13.31,13.31,27576,0,Mirant Corporation,0,0,0
20090504,69100,MIR',NYSE,13.93,13.93,26220,0,Mirant Corporation,0,0,0
20090505,69100,MIR',NYSE,14.36,14.36,24433,0,Mirant Corporation,0,0,0
20090506,69100,MIR',NYSE,14.65,14.65,23688,0,Mirant Corporation,0,0,0
20090507,69100,MIR',NYSE,14.63,14.63,29705,0,Mirant Corporation,0,0,0
20090508,69100,MIR',NYSE,16.55,16.55,46639,0,Mirant Corporation,0,0,0
20090511,69100,MIR',NYSE,16.08,16.08,22394,0,Mirant Corporation,0,0,0
20090512,69100,MIR',NYSE,15.13,15.13,21008,0,Mirant Corporation,0,0,0
20090513,69100,MIR',NYSE,14.13,14.13,29457,0,Mirant Corporation,0,0,0
20090514,69100,MIR',NYSE,14.53,14.53,19210,0,Mirant Corporation,0,0,0
20090515,69100,MIR',NYSE,13.98,13.98,26859,0,Mirant Corporation,0,0,0
20090518,69100,MIR',NYSE,14.34,14.34,19060,0,Mirant Corporation,0,0,0
20090519,69100,MIR',NYSE,15,15,23332,0,Mirant Corporation,0,0,0
20090520,69100,MIR',NYSE,14.66,14.66,16778,0,Mirant Corporation,0,0,0
20090521,69100,MIR',NYSE,14.13,14.13,29291,0,Mirant Corporation,0,0,0
20090522,69100,MIR',NYSE,14.21,14.21,13680,0,Mirant Corporation,0,0,0
20090526,69100,MIR',NYSE,15.06,15.06,5978,0,Mirant Corporation,0,0,0
20090527,69100,MIR',NYSE,15.01,15.01,17015,0,Mirant Corporation,0,0,0
20090528,69100,MIR',NYSE,15.36,15.36,10983,0,Mirant Corporation,0,0,0
20090529,69100,MIR',NYSE,15.61,15.61,18907,0,Mirant Corporation,0,0,0
20090601,69100,MIR',NYSE,16.59,16.59,19733,0,Mirant Corporation,0,0,0
20090602,69100,MIR',NYSE,16.69,16.69,24169,0,Mirant Corporation,0,0,0
20090603,69100,MIR',NYSE,15.59,15.59,29639,0,Mirant Corporation,0,0,0
20090604,69100,MIR',NYSE,16.5,16.5,21175,0,Mirant Corporation,0,0,0
20090605,69100,MIR',NYSE,16.35,16.35,21509,0,Mirant Corporation,0,0,0
20090608,69100,MIR',NYSE,16.13,16.13,16028,0,Mirant Corporation,0,0,0
20090609,69100,MIR',NYSE,16.54,16.54,25163,0,Mirant Corporation,0,0,0
20090610,69100,MIR',NYSE,16.9,16.9,19021,0,Mirant Corporation,0,0,0
20090611,69100,MIR',NYSE,17.15,17.15,19346,0,Mirant Corporation,0,0,0
20090612,69100,MIR',NYSE,17.36,17.36,14118,0,Mirant Corporation,0,0,0
20090615,69100,MIR',NYSE,16.23,16.23,20869,0,Mirant Corporation,0,0,0
20090616,69100,MIR',NYSE,15.59,15.59,19445,0,Mirant Corporation,0,0,0
20090617,69100,MIR',NYSE,14.98,14.98,34325,0,Mirant Corporation,0,0,0
20090618,69100,MIR',NYSE,15.35,15.35,25713,0,Mirant Corporation,0,0,0
20090619,69100,MIR',NYSE,14.84,14.84,17986,0,Mirant Corporation,0,0,0
20090622,69100,MIR',NYSE,14.34,14.34,18133,0,Mirant Corporation,0,0,0
20090623,69100,MIR',NYSE,14.27,14.27,17034,0,Mirant Corporation,0,0,0
20090624,69100,MIR',NYSE,14.49,14.49,13567,0,Mirant Corporation,0,0,0
20090625,69100,MIR',NYSE,14.49,14.49,24649,0,Mirant Corporation,0,0,0
20090626,69100,MIR',NYSE,14.35,14.35,25353,0,Mirant Corporation,0,0,0
20090629,69100,MIR',NYSE,15.1,15.1,27840,0,Mirant Corporation,0,0,0
20090630,69100,MIR',NYSE,15.74,15.74,30552,0,Mirant Corporation,0,0,0
20090701,69100,MIR',NYSE,16.31,16.31,22988,0,Mirant Corporation,0,0,0
20090702,69100,MIR',NYSE,15.89,15.89,18849,0,Mirant Corporation,0,0,0
20090706,69100,MIR',NYSE,15.37,15.37,19250,0,Mirant Corporation,0,0,0
20090707,69100,MIR',NYSE,14.63,14.63,15671,0,Mirant Corporation,0,0,0
20090708,69100,MIR',NYSE,14.44,14.44,24121,0,Mirant Corporation,0,0,0
20090709,69100,MIR',NYSE,14.55,14.55,15236,0,Mirant Corporation,0,0,0
20090710,69100,MIR',NYSE,14.38,14.38,14747,0,Mirant Corporation,0,0,0
20090713,69100,MIR',NYSE,14.86,14.86,12363,0,Mirant Corporation,0,0,0
20090714,69100,MIR',NYSE,15.43,15.43,22462,0,Mirant Corporation,0,0,0
20090715,69100,MIR',NYSE,15.81,15.81,29028,0,Mirant Corporation,0,0,0
20090716,69100,MIR',NYSE,16.16,16.16,19026,0,Mirant Corporation,0,0,0
20090717,69100,MIR',NYSE,16.37,16.37,15035,0,Mirant Corporation,0,0,0
20090720,69100,MIR',NYSE,16.67,16.67,21078,0,Mirant Corporation,0,0,0
20090721,69100,MIR',NYSE,17.22,17.22,39562,0,Mirant Corporation,0,0,0
20090722,69100,MIR',NYSE,16.9,16.9,19324,0,Mirant Corporation,0,0,0
20090723,69100,MIR',NYSE,18.03,18.03,59496,0,Mirant Corporation,0,0,0
20090724,69100,MIR',NYSE,18.43,18.43,22513,0,Mirant Corporation,0,0,0
20090727,69100,MIR',NYSE,18.72,18.72,28129,0,Mirant Corporation,0,0,0
20090728,69100,MIR',NYSE,18.42,18.42,45968,0,Mirant Corporation,0,0,0
20090729,69100,MIR',NYSE,17.7,17.7,22166,0,Mirant Corporation,0,0,0
20090730,69100,MIR',NYSE,17.94,17.94,19865,0,Mirant Corporation,0,0,0
20090731,69100,MIR',NYSE,18.06,18.06,22134,0,Mirant Corporation,0,0,0
20090803,69100,MIR',NYSE,18.41,18.41,18873,0,Mirant Corporation,0,0,0
20090804,69100,MIR',NYSE,18.51,18.51,13680,0,Mirant Corporation,0,0,0
20090805,69100,MIR',NYSE,18.17,18.17,14523,0,Mirant Corporation,0,0,0
20090806,69100,MIR',NYSE,18.44,18.44,23298,0,Mirant Corporation,0,0,0
20090807,69100,MIR',NYSE,17.47,17.47,39220,0,Mirant Corporation,0,0,0
20090810,69100,MIR',NYSE,17.73,17.73,22277,0,Mirant Corporation,0,0,0
20090811,69100,MIR',NYSE,17.32,17.32,16023,0,Mirant Corporation,0,0,0
20090812,69100,MIR',NYSE,17.59,17.59,17962,0,Mirant Corporation,0,0,0
20090813,69100,MIR',NYSE,17.63,17.63,11293,0,Mirant Corporation,0,0,0
20090814,69100,MIR',NYSE,17.46,17.46,15666,0,Mirant Corporation,0,0,0
20090817,69100,MIR',NYSE,16.85,16.85,16605,0,Mirant Corporation,0,0,0
20090818,69100,MIR',NYSE,16.77,16.77,14558,0,Mirant Corporation,0,0,0
20090819,69100,MIR',NYSE,16.9,16.9,7542,0,Mirant Corporation,0,0,0
20090820,69100,MIR',NYSE,17.07,17.07,12093,0,Mirant Corporation,0,0,0
20090821,69100,MIR',NYSE,17.28,17.28,9728,0,Mirant Corporation,0,0,0
20090824,69100,MIR',NYSE,17.34,17.34,9805,0,Mirant Corporation,0,0,0
20090825,69100,MIR',NYSE,16.96,16.96,12744,0,Mirant Corporation,0,0,0
20090826,69100,MIR',NYSE,17.18,17.18,11646,0,Mirant Corporation,0,0,0
20090827,69100,MIR',NYSE,17.27,17.27,9000,0,Mirant Corporation,0,0,0
20090828,69100,MIR',NYSE,17.4,17.4,8452,0,Mirant Corporation,0,0,0
20090831,69100,MIR',NYSE,16.85,16.85,15368,0,Mirant Corporation,0,0,0
20090901,69100,MIR',NYSE,16.34,16.34,12955,0,Mirant Corporation,0,0,0
20090902,69100,MIR',NYSE,16.05,16.05,13355,0,Mirant Corporation,0,0,0
20090903,69100,MIR',NYSE,15.96,15.96,7697,0,Mirant Corporation,0,0,0
20090904,69100,MIR',NYSE,16.11,16.11,9174,0,Mirant Corporation,0,0,0
20090908,69100,MIR',NYSE,16.15,16.15,9712,0,Mirant Corporation,0,0,0
20090909,69100,MIR',NYSE,16.36,16.36,9272,0,Mirant Corporation,0,0,0
20090910,69100,MIR',NYSE,16.7,16.7,9381,0,Mirant Corporation,0,0,0
20090911,69100,MIR',NYSE,17.32,17.32,29385,0,Mirant Corporation,0,0,0
20090914,69100,MIR',NYSE,17.71,17.71,9114,0,Mirant Corporation,0,0,0
20090915,69100,MIR',NYSE,17.99,17.99,12578,0,Mirant Corporation,0,0,0
20090916,69100,MIR',NYSE,16.99,16.99,35907,0,Mirant Corporation,0,0,0
20090917,69100,MIR',NYSE,16.5,16.5,22040,0,Mirant Corporation,0,0,0
20090918,69100,MIR',NYSE,16.53,16.53,13843,0,Mirant Corporation,0,0,0
20090921,69100,MIR',NYSE,16.44,16.44,11320,0,Mirant Corporation,0,0,0
20090922,69100,MIR',NYSE,16.47,16.47,13864,0,Mirant Corporation,0,0,0
20090923,69100,MIR',NYSE,16.18,16.18,18527,0,Mirant Corporation,0,0,0
20090924,69100,MIR',NYSE,15.85,15.85,18292,0,Mirant Corporation,0,0,0
20090925,69100,MIR',NYSE,15.61,15.61,13345,0,Mirant Corporation,0,0,0
20090928,69100,MIR',NYSE,15.87,15.87,12575,0,Mirant Corporation,0,0,0
20090929,69100,MIR',NYSE,16.63,16.63,19915,0,Mirant Corporation,0,0,0
20090930,69100,MIR',NYSE,16.43,16.43,19321,0,Mirant Corporation,0,0,0
20091001,69100,MIR',NYSE,15.84,15.84,17886,0,Mirant Corporation,0,0,0
20091002,69100,MIR',NYSE,15.75,15.75,16032,0,Mirant Corporation,0,0,0
20091005,69100,MIR',NYSE,16.59,16.59,23617,0,Mirant Corporation,0,0,0
20091006,69100,MIR',NYSE,16.13,16.13,19696,0,Mirant Corporation,0,0,0
20091007,69100,MIR',NYSE,16.12,16.12,10405,0,Mirant Corporation,0,0,0
20091008,69100,MIR',NYSE,16.37,16.37,18938,0,Mirant Corporation,0,0,0
20091009,69100,MIR',NYSE,16.14,16.14,11234,0,Mirant Corporation,0,0,0
20091012,69100,MIR',NYSE,16.32,16.32,11189,0,Mirant Corporation,0,0,0
20091013,69100,MIR',NYSE,16.18,16.18,6866,0,Mirant Corporation,0,0,0
20091014,69100,MIR',NYSE,16.28,16.28,17761,0,Mirant Corporation,0,0,0
20091015,69100,MIR',NYSE,16.46,16.46,15196,0,Mirant Corporation,0,0,0
20091016,69100,MIR',NYSE,16.28,16.28,7728,0,Mirant Corporation,0,0,0
20091019,69100,MIR',NYSE,16.45,16.45,7354,0,Mirant Corporation,0,0,0
20091020,69100,MIR',NYSE,15.96,15.96,14914,0,Mirant Corporation,0,0,0
20091021,69100,MIR',NYSE,16.12,16.12,19229,0,Mirant Corporation,0,0,0
20091022,69100,MIR',NYSE,16.08,16.08,16244,0,Mirant Corporation,0,0,0
20091023,69100,MIR',NYSE,15.85,15.85,13389,0,Mirant Corporation,0,0,0
20091026,69100,MIR',NYSE,15.48,15.48,9752,0,Mirant Corporation,0,0,0
20091027,69100,MIR',NYSE,15.31,15.31,9086,0,Mirant Corporation,0,0,0
20091028,69100,MIR',NYSE,14.7,14.7,20271,0,Mirant Corporation,0,0,0
20091029,69100,MIR',NYSE,14.62,14.62,26270,0,Mirant Corporation,0,0,0
20091030,69100,MIR',NYSE,13.98,13.98,44272,0,Mirant Corporation,0,0,0
20091102,69100,MIR',NYSE,13.99,13.99,21955,0,Mirant Corporation,0,0,0
20091103,69100,MIR',NYSE,14.11,14.11,16791,0,Mirant Corporation,0,0,0
20091104,69100,MIR',NYSE,14.17,14.17,14998,0,Mirant Corporation,0,0,0
20091105,69100,MIR',NYSE,14.71,14.71,29789,0,Mirant Corporation,0,0,0
20091106,69100,MIR',NYSE,14.15,14.15,35645,0,Mirant Corporation,0,0,0
20091109,69100,MIR',NYSE,14.54,14.54,19628,0,Mirant Corporation,0,0,0
20091110,69100,MIR',NYSE,14.87,14.87,44730,0,Mirant Corporation,0,0,0
20091111,69100,MIR',NYSE,14.97,14.97,14788,0,Mirant Corporation,0,0,0
20091112,69100,MIR',NYSE,14.77,14.77,17827,0,Mirant Corporation,0,0,0
20091113,69100,MIR',NYSE,14.77,14.77,15307,0,Mirant Corporation,0,0,0
20091116,69100,MIR',NYSE,14.83,14.83,19160,0,Mirant Corporation,0,0,0
20091117,69100,MIR',NYSE,14.66,14.66,14220,0,Mirant Corporation,0,0,0
20091118,69100,MIR',NYSE,14.57,14.57,13908,0,Mirant Corporation,0,0,0
20091119,69100,MIR',NYSE,13.99,13.99,26078,0,Mirant Corporation,0,0,0
20091120,69100,MIR',NYSE,13.94,13.94,9651,0,Mirant Corporation,0,0,0
20091123,69100,MIR',NYSE,14.15,14.15,10393,0,Mirant Corporation,0,0,0
20091124,69100,MIR',NYSE,14.2,14.2,10416,0,Mirant Corporation,0,0,0
20091125,69100,MIR',NYSE,14.25,14.25,9917,0,Mirant Corporation,0,0,0
20091127,69100,MIR',NYSE,14.11,14.11,5426,0,Mirant Corporation,0,0,0
20091130,69100,MIR',NYSE,14.24,14.24,13055,0,Mirant Corporation,0,0,0
20091201,69100,MIR',NYSE,14.25,14.25,21683,0,Mirant Corporation,0,0,0
20091202,69100,MIR',NYSE,14.27,14.27,16683,0,Mirant Corporation,0,0,0
20091203,69100,MIR',NYSE,14.3,14.3,20630,0,Mirant Corporation,0,0,0
20091204,69100,MIR',NYSE,14.12,14.12,20455,0,Mirant Corporation,0,0,0
20091207,69100,MIR',NYSE,14.24,14.24,9836,0,Mirant Corporation,0,0,0
20091208,69100,MIR',NYSE,14.29,14.29,9584,0,Mirant Corporation,0,0,0
20091209,69100,MIR',NYSE,14.17,14.17,12266,0,Mirant Corporation,0,0,0
20091210,69100,MIR',NYSE,14.41,14.41,17734,0,Mirant Corporation,0,0,0
20091211,69100,MIR',NYSE,14.69,14.69,12946,0,Mirant Corporation,0,0,0
20091214,69100,MIR',NYSE,14.86,14.86,8898,0,Mirant Corporation,0,0,0
20091215,69100,MIR',NYSE,14.65,14.65,14317,0,Mirant Corporation,0,0,0
20091216,69100,MIR',NYSE,15.03,15.03,23858,0,Mirant Corporation,0,0,0
20091217,69100,MIR',NYSE,15.27,15.27,16885,0,Mirant Corporation,0,0,0
20091218,69100,MIR',NYSE,15.44,15.44,13357,0,Mirant Corporation,0,0,0
20091221,69100,MIR',NYSE,15.48,15.48,7239,0,Mirant Corporation,0,0,0
20091222,69100,MIR',NYSE,15.29,15.29,15869,0,Mirant Corporation,0,0,0
20091223,69100,MIR',NYSE,15.4,15.4,9617,0,Mirant Corporation,0,0,0
20091224,69100,MIR',NYSE,15.59,15.59,2671,0,Mirant Corporation,0,0,0
20091228,69100,MIR',NYSE,15.7,15.7,8825,0,Mirant Corporation,0,0,0
20091229,69100,MIR',NYSE,15.57,15.57,7426,0,Mirant Corporation,0,0,0
20091230,69100,MIR',NYSE,15.68,15.68,5962,0,Mirant Corporation,0,0,0
20091231,69100,MIR',NYSE,15.27,15.27,8377,0,Mirant Corporation,0,0,0
20100104,69100,MIR',NYSE,15.41,15.41,8892,0,Mirant Corporation,0,0,0
20100105,69100,MIR',NYSE,15.5,15.5,17536,0,Mirant Corporation,0,0,0
20100106,69100,MIR',NYSE,16.12,16.12,29980,0,Mirant Corporation,0,0,0
20100107,69100,MIR',NYSE,16.39,16.39,29862,0,Mirant Corporation,0,0,0
20100108,69100,MIR',NYSE,16.06,16.06,20426,0,Mirant Corporation,0,0,0
20100111,69100,MIR',NYSE,16.16,16.16,19694,0,Mirant Corporation,0,0,0
20100112,69100,MIR',NYSE,15.69,15.69,22383,0,Mirant Corporation,0,0,0
20100113,69100,MIR',NYSE,15.72,15.72,9800,0,Mirant Corporation,0,0,0
20100114,69100,MIR',NYSE,15.62,15.62,11380,0,Mirant Corporation,0,0,0
20100115,69100,MIR',NYSE,15.53,15.53,17452,0,Mirant Corporation,0,0,0
20100119,69100,MIR',NYSE,15.33,15.33,16682,0,Mirant Corporation,0,0,0
20100120,69100,MIR',NYSE,15.13,15.13,16589,0,Mirant Corporation,0,0,0
20100121,69100,MIR',NYSE,14.71,14.71,20994,0,Mirant Corporation,0,0,0
20100122,69100,MIR',NYSE,14.45,14.45,13995,0,Mirant Corporation,0,0,0
20100125,69100,MIR',NYSE,14.54,14.54,9218,0,Mirant Corporation,0,0,0
20100126,69100,MIR',NYSE,14.44,14.44,10873,0,Mirant Corporation,0,0,0
20100127,69100,MIR',NYSE,14.22,14.22,14408,0,Mirant Corporation,0,0,0
20100128,69100,MIR',NYSE,14.21,14.21,12306,0,Mirant Corporation,0,0,0
20100129,69100,MIR',NYSE,14.07,14.07,12162,0,Mirant Corporation,0,0,0
20100201,69100,MIR',NYSE,13.93,13.93,24344,0,Mirant Corporation,0,0,0
20100202,69100,MIR',NYSE,14.05,14.05,16970,0,Mirant Corporation,0,0,0
20100203,69100,MIR',NYSE,13.73,13.73,12313,0,Mirant Corporation,0,0,0
20100204,69100,MIR',NYSE,13.15,13.15,18043,0,Mirant Corporation,0,0,0
20100205,69100,MIR',NYSE,13.04,13.04,29797,0,Mirant Corporation,0,0,0
20100208,69100,MIR',NYSE,13.11,13.11,11442,0,Mirant Corporation,0,0,0
20100209,69100,MIR',NYSE,13.14,13.14,9239,0,Mirant Corporation,0,0,0
20100210,69100,MIR',NYSE,13.25,13.25,11573,0,Mirant Corporation,0,0,0
20100211,69100,MIR',NYSE,13.45,13.45,35876,0,Mirant Corporation,0,0,0
20100212,69100,MIR',NYSE,13.16,13.16,17245,0,Mirant Corporation,0,0,0
20100216,69100,MIR',NYSE,13.14,13.14,16939,0,Mirant Corporation,0,0,0
20100217,69100,MIR',NYSE,13.2,13.2,14993,0,Mirant Corporation,0,0,0
20100218,69100,MIR',NYSE,13.16,13.16,15927,0,Mirant Corporation,0,0,0
20100219,69100,MIR',NYSE,13.45,13.45,11841,0,Mirant Corporation,0,0,0
20100222,69100,MIR',NYSE,13.31,13.31,17447,0,Mirant Corporation,0,0,0
20100223,69100,MIR',NYSE,13.02,13.02,30468,0,Mirant Corporation,0,0,0
20100224,69100,MIR',NYSE,13.11,13.11,14850,0,Mirant Corporation,0,0,0
20100225,69100,MIR',NYSE,12.96,12.96,41120,0,Mirant Corporation,0,0,0
20100226,69100,MIR',NYSE,12.58,12.58,33313,0,Mirant Corporation,0,0,0
20100301,69100,MIR',NYSE,12.48,12.48,15984,0,Mirant Corporation,0,0,0
20100302,69100,MIR',NYSE,12.68,12.68,20935,0,Mirant Corporation,0,0,0
20100303,69100,MIR',NYSE,12.37,12.37,22626,0,Mirant Corporation,0,0,0
20100304,69100,MIR',NYSE,12.35,12.35,21864,0,Mirant Corporation,0,0,0
20100305,69100,MIR',NYSE,12.65,12.65,18244,0,Mirant Corporation,0,0,0
20100308,69100,MIR',NYSE,12.72,12.72,12489,0,Mirant Corporation,0,0,0
20100309,69100,MIR',NYSE,12.75,12.75,18146,0,Mirant Corporation,0,0,0
20100310,69100,MIR',NYSE,13.08,13.08,29589,0,Mirant Corporation,0,0,0
20100311,69100,MIR',NYSE,13.19,13.19,22203,0,Mirant Corporation,0,0,0
20100312,69100,MIR',NYSE,12.75,12.75,25346,0,Mirant Corporation,0,0,0
20100315,69100,MIR',NYSE,12.46,12.46,10404,0,Mirant Corporation,0,0,0
20100316,69100,MIR',NYSE,12.53,12.53,9783,0,Mirant Corporation,0,0,0
20100317,69100,MIR',NYSE,12.42,12.42,6617,0,Mirant Corporation,0,0,0
20100318,69100,MIR',NYSE,12.12,12.12,16342,0,Mirant Corporation,0,0,0
20100319,69100,MIR',NYSE,12.22,12.22,14595,0,Mirant Corporation,0,0,0
20100322,69100,MIR',NYSE,12.07,12.07,13095,0,Mirant Corporation,0,0,0
20100323,69100,MIR',NYSE,12.15,12.15,12152,0,Mirant Corporation,0,0,0
20100324,69100,MIR',NYSE,11.79,11.79,21674,0,Mirant Corporation,0,0,0
20100325,69100,MIR',NYSE,11.14,11.14,30228,0,Mirant Corporation,0,0,0
20100326,69100,MIR',NYSE,11.26,11.26,20268,0,Mirant Corporation,0,0,0
20100329,69100,MIR',NYSE,11.22,11.22,21589,0,Mirant Corporation,0,0,0
20100330,69100,MIR',NYSE,11.16,11.16,15672,0,Mirant Corporation,0,0,0
20100331,69100,MIR',NYSE,10.86,10.86,22969,0,Mirant Corporation,0,0,0
20100401,69100,MIR',NYSE,10.71,10.71,20323,0,Mirant Corporation,0,0,0
20100405,69100,MIR',NYSE,10.52,10.52,39776,0,Mirant Corporation,0,0,0
20100406,69100,MIR',NYSE,10.73,10.73,26350,0,Mirant Corporation,0,0,0
20100407,69100,MIR',NYSE,10.42,10.42,33099,0,Mirant Corporation,0,0,0
20100408,69100,MIR',NYSE,10.33,10.33,33899,0,Mirant Corporation,0,0,0
20100409,69100,MIR',NYSE,10.73,10.73,43248,0,Mirant Corporation,0,0,0
20100412,69100,MIR',NYSE,12.68,12.68,194358,0,Mirant Corporation,0,0,0
20100413,69100,MIR',NYSE,12.39,12.39,76034,0,Mirant Corporation,0,0,0
20100414,69100,MIR',NYSE,12.02,12.02,62489,0,Mirant Corporation,0,0,0
20100415,69100,MIR',NYSE,12.14,12.14,43242,0,Mirant Corporation,0,0,0
20100416,69100,MIR',NYSE,11.99,11.99,43446,0,Mirant Corporation,0,0,0
20100419,69100,MIR',NYSE,12,12,33554,0,Mirant Corporation,0,0,0
20100420,69100,MIR',NYSE,11.89,11.89,27367,0,Mirant Corporation,0,0,0
20100421,69100,MIR',NYSE,11.5,11.5,51135,0,Mirant Corporation,0,0,0
20100422,69100,MIR',NYSE,11.45,11.45,44983,0,Mirant Corporation,0,0,0
20100423,69100,MIR',NYSE,11.44,11.44,38313,0,Mirant Corporation,0,0,0
20100426,69100,MIR',NYSE,12,12,50575,0,Mirant Corporation,0,0,0
20100427,69100,MIR',NYSE,11.84,11.84,43573,0,Mirant Corporation,0,0,0
20100428,69100,MIR',NYSE,11.83,11.83,22841,0,Mirant Corporation,0,0,0
20100429,69100,MIR',NYSE,11.71,11.71,19405,0,Mirant Corporation,0,0,0
20100430,69100,MIR',NYSE,11.66,11.66,26519,0,Mirant Corporation,0,0,0
20100503,69100,MIR',NYSE,11.88,11.88,25488,0,Mirant Corporation,0,0,0
20100504,69100,MIR',NYSE,11.48,11.48,27586,0,Mirant Corporation,0,0,0
20100505,69100,MIR',NYSE,11.3,11.3,34269,0,Mirant Corporation,0,0,0
20100506,69100,MIR',NYSE,10.78,10.78,56556,0,Mirant Corporation,0,0,0
20100507,69100,MIR',NYSE,10.5,10.5,44139,0,Mirant Corporation,0,0,0
20100510,69100,MIR',NYSE,11.54,11.54,49742,0,Mirant Corporation,0,0,0
20100511,69100,MIR',NYSE,11.52,11.52,31903,0,Mirant Corporation,0,0,0
20100512,69100,MIR',NYSE,12.21,12.21,70475,0,Mirant Corporation,0,0,0
20100513,69100,MIR',NYSE,12.59,12.59,46960,0,Mirant Corporation,0,0,0
20100514,69100,MIR',NYSE,12.51,12.51,40260,0,Mirant Corporation,0,0,0
20100517,69100,MIR',NYSE,13.29,13.29,75942,0,Mirant Corporation,0,0,0
20100518,69100,MIR',NYSE,12.53,12.53,45753,0,Mirant Corporation,0,0,0
20100519,69100,MIR',NYSE,12.38,12.38,40366,0,Mirant Corporation,0,0,0
20100520,69100,MIR',NYSE,11.77,11.77,53722,0,Mirant Corporation,0,0,0
20100521,69100,MIR',NYSE,11.67,11.67,29781,0,Mirant Corporation,0,0,0
20100524,69100,MIR',NYSE,11.32,11.32,24653,0,Mirant Corporation,0,0,0
20100525,69100,MIR',NYSE,11.45,11.45,39499,0,Mirant Corporation,0,0,0
20100526,69100,MIR',NYSE,11.96,11.96,96817,0,Mirant Corporation,0,0,0
20100527,69100,MIR',NYSE,12.23,12.23,40232,0,Mirant Corporation,0,0,0
20100528,69100,MIR',NYSE,12.42,12.42,32248,0,Mirant Corporation,0,0,0
20100601,69100,MIR',NYSE,12,12,18684,0,Mirant Corporation,0,0,0
20100602,69100,MIR',NYSE,12.03,12.03,25881,0,Mirant Corporation,0,0,0
20100603,69100,MIR',NYSE,12.53,12.53,46145,0,Mirant Corporation,0,0,0
20100604,69100,MIR',NYSE,12.03,12.03,34702,0,Mirant Corporation,0,0,0
20100607,69100,MIR',NYSE,11.86,11.86,24849,0,Mirant Corporation,0,0,0
20100608,69100,MIR',NYSE,11.96,11.96,15238,0,Mirant Corporation,0,0,0
20100609,69100,MIR',NYSE,11.73,11.73,16995,0,Mirant Corporation,0,0,0
20100610,69100,MIR',NYSE,12.27,12.27,13089,0,Mirant Corporation,0,0,0
20100611,69100,MIR',NYSE,12,12,11696,0,Mirant Corporation,0,0,0
20100614,69100,MIR',NYSE,12.22,12.22,13639,0,Mirant Corporation,0,0,0
20100615,69100,MIR',NYSE,12.66,12.66,28860,0,Mirant Corporation,0,0,0
20100616,69100,MIR',NYSE,12.54,12.54,12264,0,Mirant Corporation,0,0,0
20100617,69100,MIR',NYSE,12.48,12.48,9116,0,Mirant Corporation,0,0,0
20100618,69100,MIR',NYSE,12.48,12.48,8863,0,Mirant Corporation,0,0,0
20100621,69100,MIR',NYSE,12.21,12.21,15644,0,Mirant Corporation,0,0,0
20100622,69100,MIR',NYSE,11.83,11.83,10528,0,Mirant Corporation,0,0,0
20100623,69100,MIR',NYSE,11.99,11.99,10341,0,Mirant Corporation,0,0,0
20100624,69100,MIR',NYSE,11.55,11.55,9655,0,Mirant Corporation,0,0,0
20100625,69100,MIR',NYSE,11.85,11.85,14741,0,Mirant Corporation,0,0,0
20100628,69100,MIR',NYSE,11.78,11.78,9812,0,Mirant Corporation,0,0,0
20100629,69100,MIR',NYSE,10.94,10.94,43533,0,Mirant Corporation,0,0,0
20100630,69100,MIR',NYSE,10.56,10.56,17323,0,Mirant Corporation,0,0,0
20100701,69100,MIR',NYSE,10.6,10.6,23835,0,Mirant Corporation,0,0,0
20100702,69100,MIR',NYSE,10.64,10.64,15963,0,Mirant Corporation,0,0,0
20100706,69100,MIR',NYSE,10.62,10.62,11002,0,Mirant Corporation,0,0,0
20100707,69100,MIR',NYSE,11.05,11.05,16291,0,Mirant Corporation,0,0,0
20100708,69100,MIR',NYSE,11.14,11.14,13473,0,Mirant Corporation,0,0,0
20100709,69100,MIR',NYSE,11.3,11.3,10117,0,Mirant Corporation,0,0,0
20100712,69100,MIR',NYSE,11.34,11.34,6936,0,Mirant Corporation,0,0,0
20100713,69100,MIR',NYSE,11.09,11.09,23140,0,Mirant Corporation,0,0,0
20100714,69100,MIR',NYSE,10.97,10.97,10280,0,Mirant Corporation,0,0,0
20100715,69100,MIR',NYSE,11.08,11.08,12052,0,Mirant Corporation,0,0,0
20100716,69100,MIR',NYSE,10.72,10.72,10249,0,Mirant Corporation,0,0,0
20100719,69100,MIR',NYSE,10.8,10.8,8401,0,Mirant Corporation,0,0,0
20100720,69100,MIR',NYSE,11.25,11.25,18584,0,Mirant Corporation,0,0,0
20100721,69100,MIR',NYSE,11.31,11.31,13392,0,Mirant Corporation,0,0,0
20100722,69100,MIR',NYSE,11.71,11.71,8118,0,Mirant Corporation,0,0,0
20100723,69100,MIR',NYSE,11.77,11.77,7932,0,Mirant Corporation,0,0,0
20100726,69100,MIR',NYSE,11.82,11.82,9568,0,Mirant Corporation,0,0,0
20100727,69100,MIR',NYSE,11.74,11.74,16294,0,Mirant Corporation,0,0,0
20100728,69100,MIR',NYSE,11.43,11.43,10880,0,Mirant Corporation,0,0,0
20100729,69100,MIR',NYSE,11.07,11.07,20173,0,Mirant Corporation,0,0,0
20100730,69100,MIR',NYSE,10.97,10.97,10061,0,Mirant Corporation,0,0,0
20100802,69100,MIR',NYSE,11.06,11.06,10412,0,Mirant Corporation,0,0,0
20100803,69100,MIR',NYSE,10.81,10.81,10248,0,Mirant Corporation,0,0,0
20100804,69100,MIR',NYSE,10.81,10.81,10668,0,Mirant Corporation,0,0,0
20100805,69100,MIR',NYSE,10.88,10.88,13751,0,Mirant Corporation,0,0,0
20100806,69100,MIR',NYSE,10.99,10.99,26556,0,Mirant Corporation,0,0,0
20100809,69100,MIR',NYSE,10.61,10.61,17548,0,Mirant Corporation,0,0,0
20100810,69100,MIR',NYSE,10.17,10.17,11995,0,Mirant Corporation,0,0,0
20100811,69100,MIR',NYSE,9.69,9.69,21663,0,Mirant Corporation,0,0,0
20100812,69100,MIR',NYSE,9.53,9.53,14868,0,Mirant Corporation,0,0,0
20100813,69100,MIR',NYSE,9.97,9.97,45234,0,Mirant Corporation,0,0,0
20100816,69100,MIR',NYSE,10,10,21056,0,Mirant Corporation,0,0,0
20100817,69100,MIR',NYSE,10.16,10.16,10988,0,Mirant Corporation,0,0,0
20100818,69100,MIR',NYSE,10.11,10.11,54574,0,Mirant Corporation,0,0,0
20100819,69100,MIR',NYSE,10.08,10.08,10048,0,Mirant Corporation,0,0,0
20100820,69100,MIR',NYSE,9.87,9.87,14421,0,Mirant Corporation,0,0,0
20100823,69100,MIR',NYSE,9.81,9.81,8825,0,Mirant Corporation,0,0,0
20100824,69100,MIR',NYSE,9.66,9.66,17045,0,Mirant Corporation,0,0,0
20100825,69100,MIR',NYSE,9.69,9.69,9571,0,Mirant Corporation,0,0,0
20100826,69100,MIR',NYSE,9.5,9.5,10145,0,Mirant Corporation,0,0,0
20100827,69100,MIR',NYSE,9.71,9.71,9110,0,Mirant Corporation,0,0,0
20100830,69100,MIR',NYSE,9.63,9.63,8508,0,Mirant Corporation,0,0,0
20100831,69100,MIR',NYSE,9.7,9.7,7885,0,Mirant Corporation,0,0,0
20100901,69100,MIR',NYSE,10.15,10.15,9701,0,Mirant Corporation,0,0,0
20100902,69100,MIR',NYSE,10.32,10.32,10895,0,Mirant Corporation,0,0,0
20100903,69100,MIR',NYSE,10.49,10.49,13804,0,Mirant Corporation,0,0,0
20100907,69100,MIR',NYSE,10.1,10.1,22306,0,Mirant Corporation,0,0,0
20100908,69100,MIR',NYSE,10.32,10.32,7977,0,Mirant Corporation,0,0,0
20100909,69100,MIR',NYSE,10.47,10.47,5776,0,Mirant Corporation,0,0,0
20100910,69100,MIR',NYSE,10.49,10.49,8032,0,Mirant Corporation,0,0,0
20100913,69100,MIR',NYSE,10.63,10.63,6375,0,Mirant Corporation,0,0,0
20100914,69100,MIR',NYSE,10.53,10.53,9281,0,Mirant Corporation,0,0,0
20100915,69100,MIR',NYSE,10.32,10.32,13286,0,Mirant Corporation,0,0,0
20100916,69100,MIR',NYSE,10.07,10.07,13050,0,Mirant Corporation,0,0,0
20100917,69100,MIR',NYSE,9.96,9.96,17044,0,Mirant Corporation,0,0,0
20100920,69100,MIR',NYSE,9.93,9.93,14881,0,Mirant Corporation,0,0,0
20100921,69100,MIR',NYSE,9.84,9.84,9151,0,Mirant Corporation,0,0,0
20100922,69100,MIR',NYSE,9.75,9.75,10557,0,Mirant Corporation,0,0,0
20100923,69100,MIR',NYSE,9.83,9.83,10196,0,Mirant Corporation,0,0,0
20100924,69100,MIR',NYSE,9.9,9.9,9789,0,Mirant Corporation,0,0,0
20100927,69100,MIR',NYSE,9.95,9.95,5382,0,Mirant Corporation,0,0,0
20100928,69100,MIR',NYSE,10.1,10.1,21580,0,Mirant Corporation,0,0,0
20100929,69100,MIR',NYSE,9.97,9.97,6499,0,Mirant Corporation,0,0,0
20100930,69100,MIR',NYSE,9.96,9.96,7709,0,Mirant Corporation,0,0,0
20101001,69100,MIR',NYSE,9.99,9.99,8038,0,Mirant Corporation,0,0,0
20101004,69100,MIR',NYSE,9.9,9.9,4918,0,Mirant Corporation,0,0,0
20101005,69100,MIR',NYSE,10.04,10.04,7779,0,Mirant Corporation,0,0,0
20101006,69100,MIR',NYSE,9.98,9.98,6699,0,Mirant Corporation,0,0,0
20101007,69100,MIR',NYSE,10,10,16719,0,Mirant Corporation,0,0,0
20101008,69100,MIR',NYSE,10.58,10.58,21053,0,Mirant Corporation,0,0,0
20101011,69100,MIR',NYSE,10.65,10.65,10510,0,Mirant Corporation,0,0,0
20101012,69100,MIR',NYSE,10.8,10.8,10001,0,Mirant Corporation,0,0,0
20101013,69100,MIR',NYSE,10.72,10.72,8273,0,Mirant Corporation,0,0,0
20101014,69100,MIR',NYSE,10.5,10.5,4916,0,Mirant Corporation,0,0,0
20101015,69100,MIR',NYSE,10.36,10.36,7986,0,Mirant Corporation,0,0,0
20101018,69100,MIR',NYSE,10.54,10.54,14591,0,Mirant Corporation,0,0,0
20101019,69100,MIR',NYSE,10.4,10.4,7917,0,Mirant Corporation,0,0,0
20101020,69100,MIR',NYSE,10.79,10.79,11335,0,Mirant Corporation,0,0,0
20101021,69100,MIR',NYSE,10.34,10.34,9927,0,Mirant Corporation,0,0,0
20101022,69100,MIR',NYSE,10.04,10.04,10829,0,Mirant Corporation,0,0,0
20101025,69100,MIR',NYSE,10.04,10.04,8863,0,Mirant Corporation,0,0,0
20101026,69100,MIR',NYSE,10.31,10.31,13880,0,Mirant Corporation,0,0,0
20101027,69100,MIR',NYSE,10.6,10.6,7668,0,Mirant Corporation,0,0,0
20101028,69100,MIR',NYSE,10.65,10.65,7941,0,Mirant Corporation,0,0,0
20101029,69100,MIR',NYSE,10.61,10.61,6368,0,Mirant Corporation,0,0,0
20101101,69100,MIR',NYSE,10.45,10.45,8698,0,Mirant Corporation,0,0,0
20101102,69100,MIR',NYSE,10.71,10.71,8290,0,Mirant Corporation,0,0,0
20101103,69100,MIR',NYSE,10.74,10.74,12218,0,Mirant Corporation,0,0,0
20101104,69100,MIR',NYSE,10.89,10.89,16669,0,Mirant Corporation,0,0,0
20101105,69100,MIR',NYSE,10.93,10.93,13013,0,Mirant Corporation,0,0,0
20101108,69100,MIR',NYSE,10.8,10.8,6634,0,Mirant Corporation,0,0,0
20101109,69100,MIR',NYSE,10.83,10.83,11578,0,Mirant Corporation,0,0,0
20101110,69100,MIR',NYSE,10.94,10.94,9224,0,Mirant Corporation,0,0,0
20101111,69100,MIR',NYSE,10.75,10.75,6152,0,Mirant Corporation,0,0,0
20101112,69100,MIR',NYSE,10.42,10.42,10886,0,Mirant Corporation,0,0,0
20101115,69100,MIR',NYSE,10.76,10.76,7920,0,Mirant Corporation,0,0,0
20101116,69100,MIR',NYSE,10.95,10.95,14978,0,Mirant Corporation,0,0,0
20101117,69100,MIR',NYSE,11.02,11.02,15232,0,Mirant Corporation,0,0,0
20101118,69100,MIR',NYSE,10.92,10.92,13134,0,Mirant Corporation,0,0,0
20101119,69100,MIR',NYSE,10.49,10.49,16561,0,Mirant Corporation,0,0,0
20101122,69100,MIR',NYSE,10.36,10.36,11127,0,Mirant Corporation,0,0,0
20101123,69100,MIR',NYSE,10.08,10.08,12355,0,Mirant Corporation,0,0,0
20101124,69100,MIR',NYSE,10.04,10.04,5887,0,Mirant Corporation,0,0,0
20101126,69100,MIR',NYSE,9.98,9.98,6011,0,Mirant Corporation,0,0,0
20101129,69100,MIR',NYSE,10.12,10.12,9809,0,Mirant Corporation,0,0,0
20101130,69100,MIR',NYSE,9.92,9.92,18396,0,Mirant Corporation,0,0,0
20101201,69100,MIR',NYSE,9.81,9.81,11794,0,Mirant Corporation,0,0,0
20101202,69100,MIR',NYSE,10.01,10.01,11028,0,Mirant Corporation,0,0,0
20101203,69100,MIR',NYSE,10.39,10.39,23366,0,Mirant Corporation,0,0,0
