DDate,CSINumber,Symbol,Exchange,DClose,UnAdjustedClose,TotalVolume,Cash,MarketName,PTB,PSR,DPS
19871105,7171,EHP',NYSE,5.616590693,7.375,0,0,Emerald Homes Lp,0,0,0
19871106,7171,EHP',NYSE,5.616590693,7.375,0,0,Emerald Homes Lp,0,0,0
19871109,7171,EHP',NYSE,5.426197788,7.125,79,0,Emerald Homes Lp,0,0,0
19871110,7171,EHP',NYSE,5.616590693,7.375,138,0,Emerald Homes Lp,0,0,0
19871111,7171,EHP',NYSE,5.616590693,7.375,134,0,Emerald Homes Lp,0,0,0
19871112,7171,EHP',NYSE,5.616590693,7.375,137,0,Emerald Homes Lp,0,0,0
19871113,7171,EHP',NYSE,5.711787146,7.5,334,0,Emerald Homes Lp,0,0,0
19871116,7171,EHP',NYSE,5.711787146,7.5,117,0,Emerald Homes Lp,0,0,0
19871117,7171,EHP',NYSE,5.806983598,7.625,167,0,Emerald Homes Lp,0,0,0
19871118,7171,EHP',NYSE,5.902180051,7.75,156,0,Emerald Homes Lp,0,0,0
19871119,7171,EHP',NYSE,6.092572955,8,223,0,Emerald Homes Lp,0,0,0
19871120,7171,EHP',NYSE,5.997376503,7.875,104,0,Emerald Homes Lp,0,0,0
19871123,7171,EHP',NYSE,6.187769408,8.125,71,0,Emerald Homes Lp,0,0,0
19871124,7171,EHP',NYSE,6.092572955,8,41,0,Emerald Homes Lp,0,0,0
19871125,7171,EHP',NYSE,6.378162313,8.375,130,0,Emerald Homes Lp,0,0,0
19871127,7171,EHP',NYSE,5.902180051,7.75,66,0,Emerald Homes Lp,0,0,0
19871130,7171,EHP',NYSE,5.426197788,7.125,133,0,Emerald Homes Lp,0,0,0
19871201,7171,EHP',NYSE,5.711787146,7.5,77,0,Emerald Homes Lp,0,0,0
19871202,7171,EHP',NYSE,5.806983598,7.625,41,0,Emerald Homes Lp,0,0,0
19871203,7171,EHP',NYSE,5.997376503,7.875,137,0,Emerald Homes Lp,0,0,0
19871204,7171,EHP',NYSE,5.806983598,7.625,62,0,Emerald Homes Lp,0,0,0
19871207,7171,EHP',NYSE,5.997376503,7.875,18,0,Emerald Homes Lp,0,0,0
19871208,7171,EHP',NYSE,5.806983598,7.625,59,0,Emerald Homes Lp,0,0,0
19871209,7171,EHP',NYSE,5.902180051,7.75,91,0,Emerald Homes Lp,0,0,0
19871210,7171,EHP',NYSE,5.711787146,7.5,58,0,Emerald Homes Lp,0,0,0
19871211,7171,EHP',NYSE,5.426197788,7.125,39,0,Emerald Homes Lp,0,0,0
19871214,7171,EHP',NYSE,5.331001336,7,58,0,Emerald Homes Lp,0,0,0
19871215,7171,EHP',NYSE,5.521394241,7.25,89,0,Emerald Homes Lp,0,0,0
19871216,7171,EHP',NYSE,5.521394241,7.25,46,0,Emerald Homes Lp,0,0,0
19871217,7171,EHP',NYSE,5.331001336,7,53,0,Emerald Homes Lp,0,0,0
19871218,7171,EHP',NYSE,5.331001336,7,72,0,Emerald Homes Lp,0,0,0
19871221,7171,EHP',NYSE,5.331001336,7,100,0,Emerald Homes Lp,0,0,0
19871222,7171,EHP',NYSE,5.616590693,7.375,80,0,Emerald Homes Lp,0,0,0
19871223,7171,EHP',NYSE,6.378162313,8.375,529,0,Emerald Homes Lp,0,0,0
19871224,7171,EHP',NYSE,6.220189252,7.875,206,0,Emerald Homes Lp,0,0,0
19871228,7171,EHP',NYSE,5.529057113,7,173,0,Emerald Homes Lp,0,0,0
19871229,7171,EHP',NYSE,5.529057113,7,128,0,Emerald Homes Lp,0,0,0
19871230,7171,EHP',NYSE,5.331590788,6.75,170,0,Emerald Homes Lp,0,0,0
19871231,7171,EHP',NYSE,5.627790276,7.125,138,0,Emerald Homes Lp,0,0,0
19880104,7171,EHP',NYSE,5.825256601,7.375,49,0,Emerald Homes Lp,0,0,0
19880105,7171,EHP',NYSE,5.726523439,7.25,70,0,Emerald Homes Lp,0,0,0
19880106,7171,EHP',NYSE,5.825256601,7.375,163,0,Emerald Homes Lp,0,0,0
19880107,7171,EHP',NYSE,6.220189252,7.875,66,0,Emerald Homes Lp,0,0,0
19880108,7171,EHP',NYSE,5.726523439,7.25,28,0,Emerald Homes Lp,0,0,0
19880111,7171,EHP',NYSE,5.825256601,7.375,32,0,Emerald Homes Lp,0,0,0
19880112,7171,EHP',NYSE,5.825256601,7.375,9,0,Emerald Homes Lp,0,0,0
19880113,7171,EHP',NYSE,5.726523439,7.25,33,0,Emerald Homes Lp,0,0,0
19880114,7171,EHP',NYSE,5.627790276,7.125,32,0,Emerald Homes Lp,0,0,0
19880115,7171,EHP',NYSE,5.529057113,7,35,0,Emerald Homes Lp,0,0,0
19880118,7171,EHP',NYSE,5.529057113,7,9,0,Emerald Homes Lp,0,0,0
19880119,7171,EHP',NYSE,5.43032395,6.875,54,0,Emerald Homes Lp,0,0,0
19880120,7171,EHP',NYSE,5.331590788,6.75,129,0,Emerald Homes Lp,0,0,0
19880121,7171,EHP',NYSE,5.232857625,6.625,76,0,Emerald Homes Lp,0,0,0
19880122,7171,EHP',NYSE,5.529057113,7,57,0,Emerald Homes Lp,0,0,0
19880125,7171,EHP',NYSE,5.529057113,7,19,0,Emerald Homes Lp,0,0,0
19880126,7171,EHP',NYSE,5.331590788,6.75,43,0,Emerald Homes Lp,0,0,0
19880127,7171,EHP',NYSE,5.331590788,6.75,28,0,Emerald Homes Lp,0,0,0
19880128,7171,EHP',NYSE,5.43032395,6.875,41,0,Emerald Homes Lp,0,0,0
19880129,7171,EHP',NYSE,5.529057113,7,43,0,Emerald Homes Lp,0,0,0
19880201,7171,EHP',NYSE,5.529057113,7,46,0,Emerald Homes Lp,0,0,0
19880202,7171,EHP',NYSE,5.43032395,6.875,67,0,Emerald Homes Lp,0,0,0
19880203,7171,EHP',NYSE,5.331590788,6.75,66,0,Emerald Homes Lp,0,0,0
19880204,7171,EHP',NYSE,5.726523439,7.25,86,0,Emerald Homes Lp,0,0,0
19880205,7171,EHP',NYSE,6.12145609,7.75,258,0,Emerald Homes Lp,0,0,0
19880208,7171,EHP',NYSE,5.726523439,7.25,110,0,Emerald Homes Lp,0,0,0
19880209,7171,EHP',NYSE,5.825256601,7.375,95,0,Emerald Homes Lp,0,0,0
19880210,7171,EHP',NYSE,5.825256601,7.375,87,0,Emerald Homes Lp,0,0,0
19880211,7171,EHP',NYSE,6.022722927,7.625,111,0,Emerald Homes Lp,0,0,0
19880212,7171,EHP',NYSE,5.825256601,7.375,33,0,Emerald Homes Lp,0,0,0
19880216,7171,EHP',NYSE,5.923989764,7.5,66,0,Emerald Homes Lp,0,0,0
19880217,7171,EHP',NYSE,5.825256601,7.375,62,0,Emerald Homes Lp,0,0,0
19880218,7171,EHP',NYSE,6.022722927,7.625,96,0,Emerald Homes Lp,0,0,0
19880219,7171,EHP',NYSE,6.022722927,7.625,23,0,Emerald Homes Lp,0,0,0
19880222,7171,EHP',NYSE,5.627790276,7.125,154,0,Emerald Homes Lp,0,0,0
19880223,7171,EHP',NYSE,5.825256601,7.375,47,0,Emerald Homes Lp,0,0,0
19880224,7171,EHP',NYSE,5.825256601,7.375,23,0,Emerald Homes Lp,0,0,0
19880225,7171,EHP',NYSE,6.022722927,7.625,203,0,Emerald Homes Lp,0,0,0
19880226,7171,EHP',NYSE,5.923989764,7.5,39,0,Emerald Homes Lp,0,0,0
19880229,7171,EHP',NYSE,5.726523439,7.25,89,0,Emerald Homes Lp,0,0,0
19880301,7171,EHP',NYSE,5.923989764,7.5,5,0,Emerald Homes Lp,0,0,0
19880302,7171,EHP',NYSE,5.923989764,7.5,37,0,Emerald Homes Lp,0,0,0
19880303,7171,EHP',NYSE,6.022722927,7.625,28,0,Emerald Homes Lp,0,0,0
19880304,7171,EHP',NYSE,6.022722927,7.625,19,0,Emerald Homes Lp,0,0,0
19880307,7171,EHP',NYSE,5.825256601,7.375,99,0,Emerald Homes Lp,0,0,0
19880308,7171,EHP',NYSE,5.923989764,7.5,62,0,Emerald Homes Lp,0,0,0
19880309,7171,EHP',NYSE,6.12145609,7.75,46,0,Emerald Homes Lp,0,0,0
19880310,7171,EHP',NYSE,6.12145609,7.75,48,0,Emerald Homes Lp,0,0,0
19880311,7171,EHP',NYSE,5.923989764,7.5,73,0,Emerald Homes Lp,0,0,0
19880314,7171,EHP',NYSE,5.923989764,7.5,37,0,Emerald Homes Lp,0,0,0
19880315,7171,EHP',NYSE,6.022722927,7.625,41,0,Emerald Homes Lp,0,0,0
19880316,7171,EHP',NYSE,6.12145609,7.75,49,0,Emerald Homes Lp,0,0,0
19880317,7171,EHP',NYSE,6.12145609,7.75,94,0,Emerald Homes Lp,0,0,0
19880318,7171,EHP',NYSE,6.12145609,7.75,99,0,Emerald Homes Lp,0,0,0
19880321,7171,EHP',NYSE,6.12145609,7.75,95,0,Emerald Homes Lp,0,0,0
19880322,7171,EHP',NYSE,6.220189252,7.875,67,0,Emerald Homes Lp,0,0,0
19880323,7171,EHP',NYSE,6.022722927,7.625,53,0,Emerald Homes Lp,0,0,0
19880324,7171,EHP',NYSE,6.022722927,7.625,87,0,Emerald Homes Lp,0,0,0
19880325,7171,EHP',NYSE,6.166610505,7.5,97,0,Emerald Homes Lp,0,0,0
19880328,7171,EHP',NYSE,5.755503138,7,50,0,Emerald Homes Lp,0,0,0
19880329,7171,EHP',NYSE,5.85827998,7.125,92,0,Emerald Homes Lp,0,0,0
19880330,7171,EHP',NYSE,5.85827998,7.125,40,0,Emerald Homes Lp,0,0,0
19880331,7171,EHP',NYSE,6.063833664,7.375,66,0,Emerald Homes Lp,0,0,0
19880404,7171,EHP',NYSE,6.269387347,7.625,208,0,Emerald Homes Lp,0,0,0
19880405,7171,EHP',NYSE,6.372164189,7.75,142,0,Emerald Homes Lp,0,0,0
19880406,7171,EHP',NYSE,6.474941031,7.875,97,0,Emerald Homes Lp,0,0,0
19880407,7171,EHP',NYSE,6.372164189,7.75,46,0,Emerald Homes Lp,0,0,0
19880408,7171,EHP',NYSE,6.372164189,7.75,13,0,Emerald Homes Lp,0,0,0
19880411,7171,EHP',NYSE,6.269387347,7.625,80,0,Emerald Homes Lp,0,0,0
19880412,7171,EHP',NYSE,6.269387347,7.625,146,0,Emerald Homes Lp,0,0,0
19880413,7171,EHP',NYSE,6.269387347,7.625,43,0,Emerald Homes Lp,0,0,0
19880414,7171,EHP',NYSE,6.372164189,7.75,71,0,Emerald Homes Lp,0,0,0
19880415,7171,EHP',NYSE,6.166610505,7.5,189,0,Emerald Homes Lp,0,0,0
19880418,7171,EHP',NYSE,6.269387347,7.625,57,0,Emerald Homes Lp,0,0,0
19880419,7171,EHP',NYSE,6.372164189,7.75,46,0,Emerald Homes Lp,0,0,0
19880420,7171,EHP',NYSE,6.269387347,7.625,19,0,Emerald Homes Lp,0,0,0
19880421,7171,EHP',NYSE,6.372164189,7.75,44,0,Emerald Homes Lp,0,0,0
19880422,7171,EHP',NYSE,6.474941031,7.875,66,0,Emerald Homes Lp,0,0,0
19880425,7171,EHP',NYSE,6.474941031,7.875,49,0,Emerald Homes Lp,0,0,0
19880426,7171,EHP',NYSE,6.474941031,7.875,212,0,Emerald Homes Lp,0,0,0
19880427,7171,EHP',NYSE,6.372164189,7.75,17,0,Emerald Homes Lp,0,0,0
19880428,7171,EHP',NYSE,6.372164189,7.75,46,0,Emerald Homes Lp,0,0,0
19880429,7171,EHP',NYSE,6.269387347,7.625,94,0,Emerald Homes Lp,0,0,0
19880502,7171,EHP',NYSE,6.269387347,7.625,122,0,Emerald Homes Lp,0,0,0
19880503,7171,EHP',NYSE,6.577717872,8,299,0,Emerald Homes Lp,0,0,0
19880504,7171,EHP',NYSE,6.577717872,8,95,0,Emerald Homes Lp,0,0,0
19880505,7171,EHP',NYSE,6.783271556,8.25,309,0,Emerald Homes Lp,0,0,0
19880506,7171,EHP',NYSE,6.680494714,8.125,51,0,Emerald Homes Lp,0,0,0
19880509,7171,EHP',NYSE,6.783271556,8.25,61,0,Emerald Homes Lp,0,0,0
19880510,7171,EHP',NYSE,6.680494714,8.125,71,0,Emerald Homes Lp,0,0,0
19880511,7171,EHP',NYSE,6.577717872,8,111,0,Emerald Homes Lp,0,0,0
19880512,7171,EHP',NYSE,6.680494714,8.125,32,0,Emerald Homes Lp,0,0,0
19880513,7171,EHP',NYSE,6.680494714,8.125,153,0,Emerald Homes Lp,0,0,0
19880516,7171,EHP',NYSE,6.680494714,8.125,146,0,Emerald Homes Lp,0,0,0
19880517,7171,EHP',NYSE,6.783271556,8.25,79,0,Emerald Homes Lp,0,0,0
19880518,7171,EHP',NYSE,6.680494714,8.125,100,0,Emerald Homes Lp,0,0,0
19880519,7171,EHP',NYSE,6.577717872,8,97,0,Emerald Homes Lp,0,0,0
19880520,7171,EHP',NYSE,6.680494714,8.125,33,0,Emerald Homes Lp,0,0,0
19880523,7171,EHP',NYSE,6.577717872,8,114,0,Emerald Homes Lp,0,0,0
19880524,7171,EHP',NYSE,6.680494714,8.125,133,0,Emerald Homes Lp,0,0,0
19880525,7171,EHP',NYSE,6.577717872,8,75,0,Emerald Homes Lp,0,0,0
19880526,7171,EHP',NYSE,6.372164189,7.75,46,0,Emerald Homes Lp,0,0,0
19880527,7171,EHP',NYSE,6.474941031,7.875,41,0,Emerald Homes Lp,0,0,0
19880531,7171,EHP',NYSE,6.372164189,7.75,99,0,Emerald Homes Lp,0,0,0
19880601,7171,EHP',NYSE,6.577717872,8,96,0,Emerald Homes Lp,0,0,0
19880602,7171,EHP',NYSE,6.474941031,7.875,66,0,Emerald Homes Lp,0,0,0
19880603,7171,EHP',NYSE,6.474941031,7.875,39,0,Emerald Homes Lp,0,0,0
19880606,7171,EHP',NYSE,6.474941031,7.875,52,0,Emerald Homes Lp,0,0,0
19880607,7171,EHP',NYSE,6.577717872,8,60,0,Emerald Homes Lp,0,0,0
19880608,7171,EHP',NYSE,6.680494714,8.125,73,0,Emerald Homes Lp,0,0,0
19880609,7171,EHP',NYSE,6.474941031,7.875,85,0,Emerald Homes Lp,0,0,0
19880610,7171,EHP',NYSE,6.577717872,8,32,0,Emerald Homes Lp,0,0,0
19880613,7171,EHP',NYSE,6.680494714,8.125,79,0,Emerald Homes Lp,0,0,0
19880614,7171,EHP',NYSE,6.783271556,8.25,85,0,Emerald Homes Lp,0,0,0
19880615,7171,EHP',NYSE,7.194378923,8.75,1104,0,Emerald Homes Lp,0,0,0
19880616,7171,EHP',NYSE,7.194378923,8.75,198,0,Emerald Homes Lp,0,0,0
19880617,7171,EHP',NYSE,7.60548629,9.25,360,0,Emerald Homes Lp,0,0,0
19880620,7171,EHP',NYSE,7.502709448,9.125,204,0,Emerald Homes Lp,0,0,0
19880621,7171,EHP',NYSE,7.60548629,9.25,231,0,Emerald Homes Lp,0,0,0
19880622,7171,EHP',NYSE,7.399932606,9,189,0,Emerald Homes Lp,0,0,0
19880623,7171,EHP',NYSE,7.502709448,9.125,224,0,Emerald Homes Lp,0,0,0
19880624,7171,EHP',NYSE,7.438947045,8.75,121,0,Emerald Homes Lp,0,0,0
19880627,7171,EHP',NYSE,7.651488389,9,112,0,Emerald Homes Lp,0,0,0
19880628,7171,EHP',NYSE,7.651488389,9,138,0,Emerald Homes Lp,0,0,0
19880629,7171,EHP',NYSE,7.651488389,9,140,0,Emerald Homes Lp,0,0,0
19880630,7171,EHP',NYSE,7.651488389,9,18,0,Emerald Homes Lp,0,0,0
19880701,7171,EHP',NYSE,7.651488389,9,36,0,Emerald Homes Lp,0,0,0
19880705,7171,EHP',NYSE,7.651488389,9,69,0,Emerald Homes Lp,0,0,0
19880706,7171,EHP',NYSE,7.545217717,8.875,81,0,Emerald Homes Lp,0,0,0
19880707,7171,EHP',NYSE,8.501653766,10,1193,0,Emerald Homes Lp,0,0,0
19880708,7171,EHP',NYSE,8.182841749,9.625,1042,0,Emerald Homes Lp,0,0,0
19880711,7171,EHP',NYSE,7.864029733,9.25,186,0,Emerald Homes Lp,0,0,0
19880712,7171,EHP',NYSE,7.864029733,9.25,145,0,Emerald Homes Lp,0,0,0
19880713,7171,EHP',NYSE,7.651488389,9,336,0,Emerald Homes Lp,0,0,0
19880714,7171,EHP',NYSE,7.864029733,9.25,180,0,Emerald Homes Lp,0,0,0
19880715,7171,EHP',NYSE,7.970300405,9.375,161,0,Emerald Homes Lp,0,0,0
19880718,7171,EHP',NYSE,8.076571077,9.5,121,0,Emerald Homes Lp,0,0,0
19880719,7171,EHP',NYSE,7.970300405,9.375,92,0,Emerald Homes Lp,0,0,0
19880720,7171,EHP',NYSE,8.076571077,9.5,138,0,Emerald Homes Lp,0,0,0
19880721,7171,EHP',NYSE,7.970300405,9.375,267,0,Emerald Homes Lp,0,0,0
19880722,7171,EHP',NYSE,7.970300405,9.375,151,0,Emerald Homes Lp,0,0,0
19880725,7171,EHP',NYSE,7.970300405,9.375,114,0,Emerald Homes Lp,0,0,0
19880726,7171,EHP',NYSE,7.970300405,9.375,109,0,Emerald Homes Lp,0,0,0
19880727,7171,EHP',NYSE,8.076571077,9.5,74,0,Emerald Homes Lp,0,0,0
19880728,7171,EHP',NYSE,7.970300405,9.375,86,0,Emerald Homes Lp,0,0,0
19880729,7171,EHP',NYSE,8.076571077,9.5,105,0,Emerald Homes Lp,0,0,0
19880801,7171,EHP',NYSE,8.182841749,9.625,176,0,Emerald Homes Lp,0,0,0
19880802,7171,EHP',NYSE,8.182841749,9.625,89,0,Emerald Homes Lp,0,0,0
19880803,7171,EHP',NYSE,8.182841749,9.625,127,0,Emerald Homes Lp,0,0,0
19880804,7171,EHP',NYSE,8.289112422,9.75,187,0,Emerald Homes Lp,0,0,0
19880805,7171,EHP',NYSE,8.182841749,9.625,71,0,Emerald Homes Lp,0,0,0
19880808,7171,EHP',NYSE,8.289112422,9.75,518,0,Emerald Homes Lp,0,0,0
19880809,7171,EHP',NYSE,8.289112422,9.75,141,0,Emerald Homes Lp,0,0,0
19880810,7171,EHP',NYSE,7.864029733,9.25,258,0,Emerald Homes Lp,0,0,0
19880811,7171,EHP',NYSE,7.864029733,9.25,141,0,Emerald Homes Lp,0,0,0
19880812,7171,EHP',NYSE,7.864029733,9.25,55,0,Emerald Homes Lp,0,0,0
19880815,7171,EHP',NYSE,7.438947045,8.75,192,0,Emerald Homes Lp,0,0,0
19880816,7171,EHP',NYSE,7.651488389,9,116,0,Emerald Homes Lp,0,0,0
19880817,7171,EHP',NYSE,7.651488389,9,61,0,Emerald Homes Lp,0,0,0
19880818,7171,EHP',NYSE,7.757759061,9.125,76,0,Emerald Homes Lp,0,0,0
19880819,7171,EHP',NYSE,7.757759061,9.125,81,0,Emerald Homes Lp,0,0,0
19880822,7171,EHP',NYSE,7.651488389,9,80,0,Emerald Homes Lp,0,0,0
19880823,7171,EHP',NYSE,7.438947045,8.75,31,0,Emerald Homes Lp,0,0,0
19880824,7171,EHP',NYSE,7.545217717,8.875,140,0,Emerald Homes Lp,0,0,0
19880825,7171,EHP',NYSE,7.545217717,8.875,118,0,Emerald Homes Lp,0,0,0
19880826,7171,EHP',NYSE,7.651488389,9,141,0,Emerald Homes Lp,0,0,0
19880829,7171,EHP',NYSE,7.757759061,9.125,67,0,Emerald Homes Lp,0,0,0
19880830,7171,EHP',NYSE,7.757759061,9.125,33,0,Emerald Homes Lp,0,0,0
19880831,7171,EHP',NYSE,7.651488389,9,31,0,Emerald Homes Lp,0,0,0
19880901,7171,EHP',NYSE,7.545217717,8.875,72,0,Emerald Homes Lp,0,0,0
19880902,7171,EHP',NYSE,7.864029733,9.25,99,0,Emerald Homes Lp,0,0,0
19880906,7171,EHP',NYSE,7.970300405,9.375,95,0,Emerald Homes Lp,0,0,0
19880907,7171,EHP',NYSE,7.864029733,9.25,91,0,Emerald Homes Lp,0,0,0
19880908,7171,EHP',NYSE,8.076571077,9.5,104,0,Emerald Homes Lp,0,0,0
19880909,7171,EHP',NYSE,8.076571077,9.5,24,0,Emerald Homes Lp,0,0,0
19880912,7171,EHP',NYSE,8.076571077,9.5,73,0,Emerald Homes Lp,0,0,0
19880913,7171,EHP',NYSE,8.182841749,9.625,12,0,Emerald Homes Lp,0,0,0
19880914,7171,EHP',NYSE,8.182841749,9.625,68,0,Emerald Homes Lp,0,0,0
19880915,7171,EHP',NYSE,8.182841749,9.625,67,0,Emerald Homes Lp,0,0,0
19880916,7171,EHP',NYSE,8.289112422,9.75,232,0,Emerald Homes Lp,0,0,0
19880919,7171,EHP',NYSE,8.289112422,9.75,238,0,Emerald Homes Lp,0,0,0
19880920,7171,EHP',NYSE,8.395383094,9.875,135,0,Emerald Homes Lp,0,0,0
19880921,7171,EHP',NYSE,8.395383094,9.875,116,0,Emerald Homes Lp,0,0,0
19880922,7171,EHP',NYSE,8.501653766,10,541,0,Emerald Homes Lp,0,0,0
19880923,7171,EHP',NYSE,8.395383094,9.875,359,0,Emerald Homes Lp,0,0,0
19880926,7171,EHP',NYSE,8.144446105,9.25,72,0,Emerald Homes Lp,0,0,0
19880927,7171,EHP',NYSE,8.254506188,9.375,49,0,Emerald Homes Lp,0,0,0
19880928,7171,EHP',NYSE,8.254506188,9.375,33,0,Emerald Homes Lp,0,0,0
19880929,7171,EHP',NYSE,8.36456627,9.5,61,0,Emerald Homes Lp,0,0,0
19880930,7171,EHP',NYSE,8.474626353,9.625,95,0,Emerald Homes Lp,0,0,0
19881003,7171,EHP',NYSE,8.584686435,9.75,93,0,Emerald Homes Lp,0,0,0
19881004,7171,EHP',NYSE,8.584686435,9.75,30,0,Emerald Homes Lp,0,0,0
19881005,7171,EHP',NYSE,8.474626353,9.625,81,0,Emerald Homes Lp,0,0,0
19881006,7171,EHP',NYSE,8.36456627,9.5,18,0,Emerald Homes Lp,0,0,0
19881007,7171,EHP',NYSE,8.36456627,9.5,14,0,Emerald Homes Lp,0,0,0
19881010,7171,EHP',NYSE,8.36456627,9.5,53,0,Emerald Homes Lp,0,0,0
19881011,7171,EHP',NYSE,8.36456627,9.5,52,0,Emerald Homes Lp,0,0,0
19881012,7171,EHP',NYSE,8.474626353,9.625,34,0,Emerald Homes Lp,0,0,0
19881013,7171,EHP',NYSE,8.36456627,9.5,24,0,Emerald Homes Lp,0,0,0
19881014,7171,EHP',NYSE,8.36456627,9.5,145,0,Emerald Homes Lp,0,0,0
19881017,7171,EHP',NYSE,8.36456627,9.5,19,0,Emerald Homes Lp,0,0,0
19881018,7171,EHP',NYSE,8.254506188,9.375,34,0,Emerald Homes Lp,0,0,0
19881019,7171,EHP',NYSE,8.144446105,9.25,50,0,Emerald Homes Lp,0,0,0
19881020,7171,EHP',NYSE,8.254506188,9.375,23,0,Emerald Homes Lp,0,0,0
19881021,7171,EHP',NYSE,8.144446105,9.25,28,0,Emerald Homes Lp,0,0,0
19881024,7171,EHP',NYSE,8.254506188,9.375,55,0,Emerald Homes Lp,0,0,0
19881025,7171,EHP',NYSE,8.254506188,9.375,14,0,Emerald Homes Lp,0,0,0
19881026,7171,EHP',NYSE,8.254506188,9.375,210,0,Emerald Homes Lp,0,0,0
19881027,7171,EHP',NYSE,8.034386023,9.125,236,0,Emerald Homes Lp,0,0,0
19881028,7171,EHP',NYSE,8.034386023,9.125,58,0,Emerald Homes Lp,0,0,0
19881031,7171,EHP',NYSE,7.704205775,8.75,249,0,Emerald Homes Lp,0,0,0
19881101,7171,EHP',NYSE,7.814265858,8.875,60,0,Emerald Homes Lp,0,0,0
19881102,7171,EHP',NYSE,7.704205775,8.75,242,0,Emerald Homes Lp,0,0,0
19881103,7171,EHP',NYSE,7.594145693,8.625,221,0,Emerald Homes Lp,0,0,0
19881104,7171,EHP',NYSE,7.704205775,8.75,142,0,Emerald Homes Lp,0,0,0
19881107,7171,EHP',NYSE,7.704205775,8.75,44,0,Emerald Homes Lp,0,0,0
19881108,7171,EHP',NYSE,7.704205775,8.75,119,0,Emerald Homes Lp,0,0,0
19881109,7171,EHP',NYSE,7.704205775,8.75,51,0,Emerald Homes Lp,0,0,0
19881110,7171,EHP',NYSE,7.594145693,8.625,52,0,Emerald Homes Lp,0,0,0
19881111,7171,EHP',NYSE,7.594145693,8.625,44,0,Emerald Homes Lp,0,0,0
19881114,7171,EHP',NYSE,7.814265858,8.875,28,0,Emerald Homes Lp,0,0,0
19881115,7171,EHP',NYSE,7.92432594,9,58,0,Emerald Homes Lp,0,0,0
19881116,7171,EHP',NYSE,7.704205775,8.75,65,0,Emerald Homes Lp,0,0,0
19881117,7171,EHP',NYSE,7.704205775,8.75,177,0,Emerald Homes Lp,0,0,0
19881118,7171,EHP',NYSE,7.704205775,8.75,10,0,Emerald Homes Lp,0,0,0
19881121,7171,EHP',NYSE,7.704205775,8.75,40,0,Emerald Homes Lp,0,0,0
19881122,7171,EHP',NYSE,7.704205775,8.75,15,0,Emerald Homes Lp,0,0,0
19881123,7171,EHP',NYSE,7.704205775,8.75,6,0,Emerald Homes Lp,0,0,0
19881125,7171,EHP',NYSE,7.704205775,8.75,2,0,Emerald Homes Lp,0,0,0
19881128,7171,EHP',NYSE,7.594145693,8.625,58,0,Emerald Homes Lp,0,0,0
19881129,7171,EHP',NYSE,7.814265858,8.875,15,0,Emerald Homes Lp,0,0,0
19881130,7171,EHP',NYSE,7.814265858,8.875,45,0,Emerald Homes Lp,0,0,0
19881201,7171,EHP',NYSE,7.814265858,8.875,32,0,Emerald Homes Lp,0,0,0
19881202,7171,EHP',NYSE,7.814265858,8.875,18,0,Emerald Homes Lp,0,0,0
19881205,7171,EHP',NYSE,7.814265858,8.875,50,0,Emerald Homes Lp,0,0,0
19881206,7171,EHP',NYSE,7.704205775,8.75,33,0,Emerald Homes Lp,0,0,0
19881207,7171,EHP',NYSE,7.704205775,8.75,47,0,Emerald Homes Lp,0,0,0
19881208,7171,EHP',NYSE,7.704205775,8.75,34,0,Emerald Homes Lp,0,0,0
19881209,7171,EHP',NYSE,7.814265858,8.875,40,0,Emerald Homes Lp,0,0,0
19881212,7171,EHP',NYSE,7.704205775,8.75,51,0,Emerald Homes Lp,0,0,0
19881213,7171,EHP',NYSE,7.704205775,8.75,25,0,Emerald Homes Lp,0,0,0
19881214,7171,EHP',NYSE,7.814265858,8.875,31,0,Emerald Homes Lp,0,0,0
19881215,7171,EHP',NYSE,7.594145693,8.625,50,0,Emerald Homes Lp,0,0,0
19881216,7171,EHP',NYSE,7.594145693,8.625,30,0,Emerald Homes Lp,0,0,0
19881219,7171,EHP',NYSE,7.704205775,8.75,26,0,Emerald Homes Lp,0,0,0
19881220,7171,EHP',NYSE,7.704205775,8.75,91,0,Emerald Homes Lp,0,0,0
19881221,7171,EHP',NYSE,7.92432594,9,65,0,Emerald Homes Lp,0,0,0
19881222,7171,EHP',NYSE,7.814265858,8.875,217,0,Emerald Homes Lp,0,0,0
19881223,7171,EHP',NYSE,7.896665849,8.625,17,0,Emerald Homes Lp,0,0,0
19881227,7171,EHP',NYSE,7.782221417,8.5,217,0,Emerald Homes Lp,0,0,0
19881228,7171,EHP',NYSE,7.553332552,8.25,54,0,Emerald Homes Lp,0,0,0
19881229,7171,EHP',NYSE,7.209999254,7.875,111,0,Emerald Homes Lp,0,0,0
19881230,7171,EHP',NYSE,7.782221417,8.5,131,0,Emerald Homes Lp,0,0,0
19890103,7171,EHP',NYSE,7.553332552,8.25,27,0,Emerald Homes Lp,0,0,0
19890104,7171,EHP',NYSE,7.782221417,8.5,49,0,Emerald Homes Lp,0,0,0
19890105,7171,EHP',NYSE,7.782221417,8.5,33,0,Emerald Homes Lp,0,0,0
19890106,7171,EHP',NYSE,7.553332552,8.25,12,0,Emerald Homes Lp,0,0,0
19890109,7171,EHP',NYSE,7.782221417,8.5,96,0,Emerald Homes Lp,0,0,0
19890110,7171,EHP',NYSE,8.011110282,8.75,138,0,Emerald Homes Lp,0,0,0
19890111,7171,EHP',NYSE,8.125554715,8.875,113,0,Emerald Homes Lp,0,0,0
19890112,7171,EHP',NYSE,8.011110282,8.75,45,0,Emerald Homes Lp,0,0,0
19890113,7171,EHP',NYSE,7.896665849,8.625,29,0,Emerald Homes Lp,0,0,0
19890116,7171,EHP',NYSE,8.011110282,8.75,62,0,Emerald Homes Lp,0,0,0
19890117,7171,EHP',NYSE,8.011110282,8.75,62,0,Emerald Homes Lp,0,0,0
19890118,7171,EHP',NYSE,7.896665849,8.625,42,0,Emerald Homes Lp,0,0,0
19890119,7171,EHP',NYSE,7.782221417,8.5,29,0,Emerald Homes Lp,0,0,0
19890120,7171,EHP',NYSE,7.896665849,8.625,16,0,Emerald Homes Lp,0,0,0
19890123,7171,EHP',NYSE,7.896665849,8.625,22,0,Emerald Homes Lp,0,0,0
19890124,7171,EHP',NYSE,8.011110282,8.75,147,0,Emerald Homes Lp,0,0,0
19890125,7171,EHP',NYSE,8.125554715,8.875,73,0,Emerald Homes Lp,0,0,0
19890126,7171,EHP',NYSE,7.896665849,8.625,79,0,Emerald Homes Lp,0,0,0
19890127,7171,EHP',NYSE,8.011110282,8.75,62,0,Emerald Homes Lp,0,0,0
19890130,7171,EHP',NYSE,8.011110282,8.75,55,0,Emerald Homes Lp,0,0,0
19890131,7171,EHP',NYSE,7.896665849,8.625,104,0,Emerald Homes Lp,0,0,0
19890201,7171,EHP',NYSE,8.011110282,8.75,109,0,Emerald Homes Lp,0,0,0
19890202,7171,EHP',NYSE,7.896665849,8.625,189,0,Emerald Homes Lp,0,0,0
19890203,7171,EHP',NYSE,7.667776984,8.375,146,0,Emerald Homes Lp,0,0,0
19890206,7171,EHP',NYSE,7.553332552,8.25,76,0,Emerald Homes Lp,0,0,0
19890207,7171,EHP',NYSE,7.553332552,8.25,66,0,Emerald Homes Lp,0,0,0
19890208,7171,EHP',NYSE,7.553332552,8.25,118,0,Emerald Homes Lp,0,0,0
19890209,7171,EHP',NYSE,7.667776984,8.375,152,0,Emerald Homes Lp,0,0,0
19890210,7171,EHP',NYSE,7.553332552,8.25,37,0,Emerald Homes Lp,0,0,0
19890213,7171,EHP',NYSE,7.553332552,8.25,81,0,Emerald Homes Lp,0,0,0
19890214,7171,EHP',NYSE,7.667776984,8.375,84,0,Emerald Homes Lp,0,0,0
19890215,7171,EHP',NYSE,7.782221417,8.5,81,0,Emerald Homes Lp,0,0,0
19890216,7171,EHP',NYSE,7.667776984,8.375,69,0,Emerald Homes Lp,0,0,0
19890217,7171,EHP',NYSE,7.667776984,8.375,37,0,Emerald Homes Lp,0,0,0
19890221,7171,EHP',NYSE,7.553332552,8.25,36,0,Emerald Homes Lp,0,0,0
19890222,7171,EHP',NYSE,7.667776984,8.375,51,0,Emerald Homes Lp,0,0,0
19890223,7171,EHP',NYSE,7.667776984,8.375,47,0,Emerald Homes Lp,0,0,0
19890224,7171,EHP',NYSE,7.782221417,8.5,66,0,Emerald Homes Lp,0,0,0
19890227,7171,EHP',NYSE,7.553332552,8.25,34,0,Emerald Homes Lp,0,0,0
19890228,7171,EHP',NYSE,7.667776984,8.375,64,0,Emerald Homes Lp,0,0,0
19890301,7171,EHP',NYSE,7.667776984,8.375,81,0,Emerald Homes Lp,0,0,0
19890302,7171,EHP',NYSE,7.553332552,8.25,27,0,Emerald Homes Lp,0,0,0
19890303,7171,EHP',NYSE,7.438888119,8.125,37,0,Emerald Homes Lp,0,0,0
19890306,7171,EHP',NYSE,7.667776984,8.375,93,0,Emerald Homes Lp,0,0,0
19890307,7171,EHP',NYSE,7.667776984,8.375,67,0,Emerald Homes Lp,0,0,0
19890308,7171,EHP',NYSE,7.438888119,8.125,150,0,Emerald Homes Lp,0,0,0
19890309,7171,EHP',NYSE,7.324443686,8,80,0,Emerald Homes Lp,0,0,0
19890310,7171,EHP',NYSE,7.553332552,8.25,37,0,Emerald Homes Lp,0,0,0
19890313,7171,EHP',NYSE,7.438888119,8.125,35,0,Emerald Homes Lp,0,0,0
19890314,7171,EHP',NYSE,7.438888119,8.125,17,0,Emerald Homes Lp,0,0,0
19890315,7171,EHP',NYSE,7.438888119,8.125,126,0,Emerald Homes Lp,0,0,0
19890316,7171,EHP',NYSE,7.438888119,8.125,59,0,Emerald Homes Lp,0,0,0
19890317,7171,EHP',NYSE,7.553332552,8.25,72,0,Emerald Homes Lp,0,0,0
19890320,7171,EHP',NYSE,7.324443686,8,316,0,Emerald Homes Lp,0,0,0
19890321,7171,EHP',NYSE,5.836666063,6.375,654,0,Emerald Homes Lp,0,0,0
19890322,7171,EHP',NYSE,5.836666063,6.375,458,0,Emerald Homes Lp,0,0,0
19890323,7171,EHP',NYSE,6.17999936,6.75,217,0,Emerald Homes Lp,0,0,0
19890327,7171,EHP',NYSE,5.896945955,6.25,112,0,Emerald Homes Lp,0,0,0
19890328,7171,EHP',NYSE,5.896945955,6.25,78,0,Emerald Homes Lp,0,0,0
19890329,7171,EHP',NYSE,5.779007035,6.125,59,0,Emerald Homes Lp,0,0,0
19890330,7171,EHP',NYSE,5.661068116,6,240,0,Emerald Homes Lp,0,0,0
19890331,7171,EHP',NYSE,5.543129197,5.875,99,0,Emerald Homes Lp,0,0,0
19890403,7171,EHP',NYSE,5.425190278,5.75,74,0,Emerald Homes Lp,0,0,0
19890404,7171,EHP',NYSE,5.307251359,5.625,94,0,Emerald Homes Lp,0,0,0
19890405,7171,EHP',NYSE,5.18931244,5.5,127,0,Emerald Homes Lp,0,0,0
19890406,7171,EHP',NYSE,5.071373521,5.375,35,0,Emerald Homes Lp,0,0,0
19890407,7171,EHP',NYSE,5.18931244,5.5,87,0,Emerald Homes Lp,0,0,0
19890410,7171,EHP',NYSE,5.071373521,5.375,83,0,Emerald Homes Lp,0,0,0
19890411,7171,EHP',NYSE,5.071373521,5.375,91,0,Emerald Homes Lp,0,0,0
19890412,7171,EHP',NYSE,5.071373521,5.375,37,0,Emerald Homes Lp,0,0,0
19890413,7171,EHP',NYSE,5.307251359,5.625,73,0,Emerald Homes Lp,0,0,0
19890414,7171,EHP',NYSE,5.307251359,5.625,35,0,Emerald Homes Lp,0,0,0
19890417,7171,EHP',NYSE,5.18931244,5.5,28,0,Emerald Homes Lp,0,0,0
19890418,7171,EHP',NYSE,5.18931244,5.5,37,0,Emerald Homes Lp,0,0,0
19890419,7171,EHP',NYSE,5.543129197,5.875,87,0,Emerald Homes Lp,0,0,0
19890420,7171,EHP',NYSE,5.661068116,6,37,0,Emerald Homes Lp,0,0,0
19890421,7171,EHP',NYSE,5.661068116,6,43,0,Emerald Homes Lp,0,0,0
19890424,7171,EHP',NYSE,5.425190278,5.75,65,0,Emerald Homes Lp,0,0,0
19890425,7171,EHP',NYSE,5.543129197,5.875,16,0,Emerald Homes Lp,0,0,0
19890426,7171,EHP',NYSE,5.307251359,5.625,33,0,Emerald Homes Lp,0,0,0
19890427,7171,EHP',NYSE,5.307251359,5.625,33,0,Emerald Homes Lp,0,0,0
19890428,7171,EHP',NYSE,5.543129197,5.875,79,0,Emerald Homes Lp,0,0,0
19890501,7171,EHP',NYSE,5.425190278,5.75,138,0,Emerald Homes Lp,0,0,0
19890502,7171,EHP',NYSE,5.543129197,5.875,54,0,Emerald Homes Lp,0,0,0
19890503,7171,EHP',NYSE,5.543129197,5.875,30,0,Emerald Homes Lp,0,0,0
19890504,7171,EHP',NYSE,5.425190278,5.75,33,0,Emerald Homes Lp,0,0,0
19890505,7171,EHP',NYSE,5.543129197,5.875,22,0,Emerald Homes Lp,0,0,0
19890508,7171,EHP',NYSE,5.425190278,5.75,18,0,Emerald Homes Lp,0,0,0
19890509,7171,EHP',NYSE,5.543129197,5.875,32,0,Emerald Homes Lp,0,0,0
19890510,7171,EHP',NYSE,5.543129197,5.875,11,0,Emerald Homes Lp,0,0,0
19890511,7171,EHP',NYSE,5.543129197,5.875,34,0,Emerald Homes Lp,0,0,0
19890512,7171,EHP',NYSE,5.425190278,5.75,55,0,Emerald Homes Lp,0,0,0
19890515,7171,EHP',NYSE,5.425190278,5.75,37,0,Emerald Homes Lp,0,0,0
19890516,7171,EHP',NYSE,5.543129197,5.875,52,0,Emerald Homes Lp,0,0,0
19890517,7171,EHP',NYSE,5.307251359,5.625,76,0,Emerald Homes Lp,0,0,0
19890518,7171,EHP',NYSE,5.425190278,5.75,39,0,Emerald Homes Lp,0,0,0
19890519,7171,EHP',NYSE,5.425190278,5.75,48,0,Emerald Homes Lp,0,0,0
19890522,7171,EHP',NYSE,5.307251359,5.625,14,0,Emerald Homes Lp,0,0,0
19890523,7171,EHP',NYSE,5.425190278,5.75,92,0,Emerald Homes Lp,0,0,0
19890524,7171,EHP',NYSE,5.307251359,5.625,30,0,Emerald Homes Lp,0,0,0
19890525,7171,EHP',NYSE,5.425190278,5.75,81,0,Emerald Homes Lp,0,0,0
19890526,7171,EHP',NYSE,5.543129197,5.875,8,0,Emerald Homes Lp,0,0,0
19890530,7171,EHP',NYSE,5.425190278,5.75,36,0,Emerald Homes Lp,0,0,0
19890531,7171,EHP',NYSE,5.543129197,5.875,48,0,Emerald Homes Lp,0,0,0
19890601,7171,EHP',NYSE,5.543129197,5.875,64,0,Emerald Homes Lp,0,0,0
19890602,7171,EHP',NYSE,5.779007035,6.125,37,0,Emerald Homes Lp,0,0,0
19890605,7171,EHP',NYSE,5.779007035,6.125,94,0,Emerald Homes Lp,0,0,0
19890606,7171,EHP',NYSE,5.896945955,6.25,12,0,Emerald Homes Lp,0,0,0
19890607,7171,EHP',NYSE,6.014884874,6.375,21,0,Emerald Homes Lp,0,0,0
19890608,7171,EHP',NYSE,6.48664055,6.875,96,0,Emerald Homes Lp,0,0,0
19890609,7171,EHP',NYSE,6.722518388,7.125,81,0,Emerald Homes Lp,0,0,0
19890612,7171,EHP',NYSE,6.722518388,7.125,74,0,Emerald Homes Lp,0,0,0
19890613,7171,EHP',NYSE,6.722518388,7.125,83,0,Emerald Homes Lp,0,0,0
19890614,7171,EHP',NYSE,6.840457307,7.25,90,0,Emerald Homes Lp,0,0,0
19890615,7171,EHP',NYSE,6.722518388,7.125,22,0,Emerald Homes Lp,0,0,0
19890616,7171,EHP',NYSE,7.076335146,7.5,40,0,Emerald Homes Lp,0,0,0
19890619,7171,EHP',NYSE,6.958396226,7.375,24,0,Emerald Homes Lp,0,0,0
19890620,7171,EHP',NYSE,6.840457307,7.25,45,0,Emerald Homes Lp,0,0,0
19890621,7171,EHP',NYSE,6.722518388,7.125,15,0,Emerald Homes Lp,0,0,0
19890622,7171,EHP',NYSE,6.722518388,7.125,14,0,Emerald Homes Lp,0,0,0
19890623,7171,EHP',NYSE,6.958396226,7.375,55,0,Emerald Homes Lp,0,0,0
19890626,7171,EHP',NYSE,6.90990566,7.125,59,0,Emerald Homes Lp,0,0,0
19890627,7171,EHP',NYSE,7.152358491,7.375,110,0,Emerald Homes Lp,0,0,0
19890628,7171,EHP',NYSE,7.031132075,7.25,12,0,Emerald Homes Lp,0,0,0
19890629,7171,EHP',NYSE,6.90990566,7.125,34,0,Emerald Homes Lp,0,0,0
19890630,7171,EHP',NYSE,6.788679245,7,71,0,Emerald Homes Lp,0,0,0
19890703,7171,EHP',NYSE,6.788679245,7,5,0,Emerald Homes Lp,0,0,0
19890705,7171,EHP',NYSE,6.90990566,7.125,37,0,Emerald Homes Lp,0,0,0
19890706,7171,EHP',NYSE,6.90990566,7.125,5,0,Emerald Homes Lp,0,0,0
19890707,7171,EHP',NYSE,6.66745283,6.875,32,0,Emerald Homes Lp,0,0,0
19890710,7171,EHP',NYSE,6.66745283,6.875,16,0,Emerald Homes Lp,0,0,0
19890711,7171,EHP',NYSE,6.788679245,7,25,0,Emerald Homes Lp,0,0,0
19890712,7171,EHP',NYSE,6.788679245,7,35,0,Emerald Homes Lp,0,0,0
19890713,7171,EHP',NYSE,6.788679245,7,49,0,Emerald Homes Lp,0,0,0
19890714,7171,EHP',NYSE,6.90990566,7.125,51,0,Emerald Homes Lp,0,0,0
19890717,7171,EHP',NYSE,6.66745283,6.875,13,0,Emerald Homes Lp,0,0,0
19890718,7171,EHP',NYSE,6.66745283,6.875,68,0,Emerald Homes Lp,0,0,0
19890719,7171,EHP',NYSE,6.66745283,6.875,52,0,Emerald Homes Lp,0,0,0
19890720,7171,EHP',NYSE,6.66745283,6.875,71,0,Emerald Homes Lp,0,0,0
19890721,7171,EHP',NYSE,6.66745283,6.875,18,0,Emerald Homes Lp,0,0,0
19890724,7171,EHP',NYSE,6.546226415,6.75,10,0,Emerald Homes Lp,0,0,0
19890725,7171,EHP',NYSE,6.546226415,6.75,78,0,Emerald Homes Lp,0,0,0
19890726,7171,EHP',NYSE,6.425,6.625,30,0,Emerald Homes Lp,0,0,0
19890727,7171,EHP',NYSE,6.425,6.625,46,0,Emerald Homes Lp,0,0,0
19890728,7171,EHP',NYSE,6.425,6.625,88,0,Emerald Homes Lp,0,0,0
19890731,7171,EHP',NYSE,6.303773585,6.5,22,0,Emerald Homes Lp,0,0,0
19890801,7171,EHP',NYSE,6.061320755,6.25,63,0,Emerald Homes Lp,0,0,0
19890802,7171,EHP',NYSE,5.818867925,6,104,0,Emerald Homes Lp,0,0,0
19890803,7171,EHP',NYSE,5.697641509,5.875,36,0,Emerald Homes Lp,0,0,0
19890804,7171,EHP',NYSE,6.061320755,6.25,56,0,Emerald Homes Lp,0,0,0
19890807,7171,EHP',NYSE,6.303773585,6.5,395,0,Emerald Homes Lp,0,0,0
19890808,7171,EHP',NYSE,6.546226415,6.75,42,0,Emerald Homes Lp,0,0,0
19890809,7171,EHP',NYSE,6.66745283,6.875,136,0,Emerald Homes Lp,0,0,0
19890810,7171,EHP',NYSE,6.90990566,7.125,176,0,Emerald Homes Lp,0,0,0
19890811,7171,EHP',NYSE,6.90990566,7.125,121,0,Emerald Homes Lp,0,0,0
19890814,7171,EHP',NYSE,6.788679245,7,35,0,Emerald Homes Lp,0,0,0
19890815,7171,EHP',NYSE,6.788679245,7,26,0,Emerald Homes Lp,0,0,0
19890816,7171,EHP',NYSE,6.66745283,6.875,39,0,Emerald Homes Lp,0,0,0
19890817,7171,EHP',NYSE,6.425,6.625,52,0,Emerald Homes Lp,0,0,0
19890818,7171,EHP',NYSE,6.546226415,6.75,15,0,Emerald Homes Lp,0,0,0
19890821,7171,EHP',NYSE,6.425,6.625,18,0,Emerald Homes Lp,0,0,0
19890822,7171,EHP',NYSE,6.425,6.625,24,0,Emerald Homes Lp,0,0,0
19890823,7171,EHP',NYSE,6.425,6.625,15,0,Emerald Homes Lp,0,0,0
19890824,7171,EHP',NYSE,6.18254717,6.375,78,0,Emerald Homes Lp,0,0,0
19890825,7171,EHP',NYSE,6.546226415,6.75,41,0,Emerald Homes Lp,0,0,0
19890828,7171,EHP',NYSE,6.546226415,6.75,49,0,Emerald Homes Lp,0,0,0
19890829,7171,EHP',NYSE,6.546226415,6.75,53,0,Emerald Homes Lp,0,0,0
19890830,7171,EHP',NYSE,6.425,6.625,11,0,Emerald Homes Lp,0,0,0
19890831,7171,EHP',NYSE,6.546226415,6.75,10,0,Emerald Homes Lp,0,0,0
19890901,7171,EHP',NYSE,6.66745283,6.875,38,0,Emerald Homes Lp,0,0,0
19890905,7171,EHP',NYSE,6.546226415,6.75,13,0,Emerald Homes Lp,0,0,0
19890906,7171,EHP',NYSE,6.546226415,6.75,28,0,Emerald Homes Lp,0,0,0
19890907,7171,EHP',NYSE,6.66745283,6.875,48,0,Emerald Homes Lp,0,0,0
19890908,7171,EHP',NYSE,6.546226415,6.75,35,0,Emerald Homes Lp,0,0,0
19890911,7171,EHP',NYSE,6.66745283,6.875,20,0,Emerald Homes Lp,0,0,0
19890912,7171,EHP',NYSE,6.546226415,6.75,62,0,Emerald Homes Lp,0,0,0
19890913,7171,EHP',NYSE,6.66745283,6.875,57,0,Emerald Homes Lp,0,0,0
19890914,7171,EHP',NYSE,6.546226415,6.75,63,0,Emerald Homes Lp,0,0,0
19890915,7171,EHP',NYSE,6.546226415,6.75,51,0,Emerald Homes Lp,0,0,0
19890918,7171,EHP',NYSE,6.425,6.625,13,0,Emerald Homes Lp,0,0,0
19890919,7171,EHP',NYSE,6.425,6.625,8,0,Emerald Homes Lp,0,0,0
19890920,7171,EHP',NYSE,6.425,6.625,24,0,Emerald Homes Lp,0,0,0
19890921,7171,EHP',NYSE,6.425,6.625,6,0,Emerald Homes Lp,0,0,0
19890922,7171,EHP',NYSE,6.425,6.625,66,0,Emerald Homes Lp,0,0,0
19890925,7171,EHP',NYSE,6.375,6.375,27,0,Emerald Homes Lp,0,0,0
19890926,7171,EHP',NYSE,6.375,6.375,6,0,Emerald Homes Lp,0,0,0
19890927,7171,EHP',NYSE,6.375,6.375,19,0,Emerald Homes Lp,0,0,0
19890928,7171,EHP',NYSE,6.375,6.375,27,0,Emerald Homes Lp,0,0,0
19890929,7171,EHP',NYSE,6.5,6.5,72,0,Emerald Homes Lp,0,0,0
19891002,7171,EHP',NYSE,6.5,6.5,0,0,Emerald Homes Lp,0,0,0
19891003,7171,EHP',NYSE,6.375,6.375,23,0,Emerald Homes Lp,0,0,0
19891004,7171,EHP',NYSE,6.5,6.5,14,0,Emerald Homes Lp,0,0,0
19891005,7171,EHP',NYSE,6.375,6.375,20,0,Emerald Homes Lp,0,0,0
19891006,7171,EHP',NYSE,6.375,6.375,18,0,Emerald Homes Lp,0,0,0
19891009,7171,EHP',NYSE,6.375,6.375,6,0,Emerald Homes Lp,0,0,0
19891010,7171,EHP',NYSE,6.5,6.5,118,0,Emerald Homes Lp,0,0,0
19891011,7171,EHP',NYSE,6.25,6.25,27,0,Emerald Homes Lp,0,0,0
19891012,7171,EHP',NYSE,6.25,6.25,5,0,Emerald Homes Lp,0,0,0
19891013,7171,EHP',NYSE,6.25,6.25,11,0,Emerald Homes Lp,0,0,0
19891016,7171,EHP',NYSE,6,6,71,0,Emerald Homes Lp,0,0,0
19891017,7171,EHP',NYSE,6.125,6.125,56,0,Emerald Homes Lp,0,0,0
19891018,7171,EHP',NYSE,6,6,54,0,Emerald Homes Lp,0,0,0
19891019,7171,EHP',NYSE,6.25,6.25,41,0,Emerald Homes Lp,0,0,0
19891020,7171,EHP',NYSE,5.875,5.875,148,0,Emerald Homes Lp,0,0,0
19891023,7171,EHP',NYSE,5.875,5.875,104,0,Emerald Homes Lp,0,0,0
19891024,7171,EHP',NYSE,5.5,5.5,74,0,Emerald Homes Lp,0,0,0
19891025,7171,EHP',NYSE,6,6,59,0,Emerald Homes Lp,0,0,0
19891026,7171,EHP',NYSE,5.5,5.5,42,0,Emerald Homes Lp,0,0,0
19891027,7171,EHP',NYSE,5.5,5.5,75,0,Emerald Homes Lp,0,0,0
19891030,7171,EHP',NYSE,5.5,5.5,86,0,Emerald Homes Lp,0,0,0
19891031,7171,EHP',NYSE,5.5,5.5,42,0,Emerald Homes Lp,0,0,0
19891101,7171,EHP',NYSE,5.375,5.375,60,0,Emerald Homes Lp,0,0,0
19891102,7171,EHP',NYSE,5.25,5.25,48,0,Emerald Homes Lp,0,0,0
19891103,7171,EHP',NYSE,5,5,76,0,Emerald Homes Lp,0,0,0
19891106,7171,EHP',NYSE,4.75,4.75,45,0,Emerald Homes Lp,0,0,0
19891107,7171,EHP',NYSE,4.75,4.75,159,0,Emerald Homes Lp,0,0,0
19891108,7171,EHP',NYSE,4.5,4.5,236,0,Emerald Homes Lp,0,0,0
19891109,7171,EHP',NYSE,4.375,4.375,54,0,Emerald Homes Lp,0,0,0
19891110,7171,EHP',NYSE,4.25,4.25,97,0,Emerald Homes Lp,0,0,0
19891113,7171,EHP',NYSE,3.5,3.5,131,0,Emerald Homes Lp,0,0,0
19891114,7171,EHP',NYSE,3.75,3.75,266,0,Emerald Homes Lp,0,0,0
19891115,7171,EHP',NYSE,3.875,3.875,159,0,Emerald Homes Lp,0,0,0
19891116,7171,EHP',NYSE,3.875,3.875,106,0,Emerald Homes Lp,0,0,0
19891117,7171,EHP',NYSE,3.875,3.875,98,0,Emerald Homes Lp,0,0,0
19891120,7171,EHP',NYSE,3.875,3.875,40,0,Emerald Homes Lp,0,0,0
19891121,7171,EHP',NYSE,3.875,3.875,61,0,Emerald Homes Lp,0,0,0
19891122,7171,EHP',NYSE,3.875,3.875,68,0,Emerald Homes Lp,0,0,0
19891124,7171,EHP',NYSE,3.875,3.875,74,0,Emerald Homes Lp,0,0,0
19891127,7171,EHP',NYSE,3.75,3.75,162,0,Emerald Homes Lp,0,0,0
19891128,7171,EHP',NYSE,3.375,3.375,148,0,Emerald Homes Lp,0,0,0
19891129,7171,EHP',NYSE,3.375,3.375,131,0,Emerald Homes Lp,0,0,0
19891130,7171,EHP',NYSE,3.125,3.125,336,0,Emerald Homes Lp,0,0,0
19891201,7171,EHP',NYSE,3.125,3.125,87,0,Emerald Homes Lp,0,0,0
19891204,7171,EHP',NYSE,3,3,66,0,Emerald Homes Lp,0,0,0
19891205,7171,EHP',NYSE,2.75,2.75,170,0,Emerald Homes Lp,0,0,0
19891206,7171,EHP',NYSE,2.5,2.5,337,0,Emerald Homes Lp,0,0,0
19891207,7171,EHP',NYSE,2.875,2.875,203,0,Emerald Homes Lp,0,0,0
19891208,7171,EHP',NYSE,2.75,2.75,127,0,Emerald Homes Lp,0,0,0
19891211,7171,EHP',NYSE,2.75,2.75,198,0,Emerald Homes Lp,0,0,0
19891212,7171,EHP',NYSE,2.625,2.625,189,0,Emerald Homes Lp,0,0,0
19891213,7171,EHP',NYSE,2.75,2.75,60,0,Emerald Homes Lp,0,0,0
19891214,7171,EHP',NYSE,2.75,2.75,58,0,Emerald Homes Lp,0,0,0
19891215,7171,EHP',NYSE,2.75,2.75,79,0,Emerald Homes Lp,0,0,0
19891218,7171,EHP',NYSE,2.625,2.625,95,0,Emerald Homes Lp,0,0,0
19891219,7171,EHP',NYSE,2.125,2.125,404,0,Emerald Homes Lp,0,0,0
19891220,7171,EHP',NYSE,1.875,1.875,356,0,Emerald Homes Lp,0,0,0
19891221,7171,EHP',NYSE,1.75,1.75,359,0,Emerald Homes Lp,0,0,0
19891222,7171,EHP',NYSE,1.75,1.75,245,0,Emerald Homes Lp,0,0,0
19891226,7171,EHP',NYSE,1.625,1.625,207,0,Emerald Homes Lp,0,0,0
19891227,7171,EHP',NYSE,1.75,1.75,194,0,Emerald Homes Lp,0,0,0
19891228,7171,EHP',NYSE,1.75,1.75,297,0,Emerald Homes Lp,0,0,0
19891229,7171,EHP',NYSE,1.875,1.875,418,0,Emerald Homes Lp,0,0,0
19900102,7171,EHP',NYSE,2.125,2.125,107,0,Emerald Homes Lp,0,0,0
19900103,7171,EHP',NYSE,2.125,2.125,126,0,Emerald Homes Lp,0,0,0
19900104,7171,EHP',NYSE,2,2,75,0,Emerald Homes Lp,0,0,0
19900105,7171,EHP',NYSE,2,2,100,0,Emerald Homes Lp,0,0,0
19900108,7171,EHP',NYSE,2.125,2.125,54,0,Emerald Homes Lp,0,0,0
19900109,7171,EHP',NYSE,2.25,2.25,78,0,Emerald Homes Lp,0,0,0
19900110,7171,EHP',NYSE,2.375,2.375,28,0,Emerald Homes Lp,0,0,0
19900111,7171,EHP',NYSE,2.375,2.375,97,0,Emerald Homes Lp,0,0,0
19900112,7171,EHP',NYSE,2.25,2.25,92,0,Emerald Homes Lp,0,0,0
19900115,7171,EHP',NYSE,2.25,2.25,123,0,Emerald Homes Lp,0,0,0
19900116,7171,EHP',NYSE,2.375,2.375,67,0,Emerald Homes Lp,0,0,0
19900117,7171,EHP',NYSE,2.125,2.125,102,0,Emerald Homes Lp,0,0,0
19900118,7171,EHP',NYSE,2.25,2.25,78,0,Emerald Homes Lp,0,0,0
19900119,7171,EHP',NYSE,2.25,2.25,14,0,Emerald Homes Lp,0,0,0
19900122,7171,EHP',NYSE,2.25,2.25,32,0,Emerald Homes Lp,0,0,0
19900123,7171,EHP',NYSE,2.125,2.125,76,0,Emerald Homes Lp,0,0,0
19900124,7171,EHP',NYSE,2.125,2.125,10,0,Emerald Homes Lp,0,0,0
19900125,7171,EHP',NYSE,2.125,2.125,0,0,Emerald Homes Lp,0,0,0
19900126,7171,EHP',NYSE,2.25,2.25,33,0,Emerald Homes Lp,0,0,0
19900129,7171,EHP',NYSE,2.125,2.125,32,0,Emerald Homes Lp,0,0,0
19900130,7171,EHP',NYSE,2.125,2.125,53,0,Emerald Homes Lp,0,0,0
19900131,7171,EHP',NYSE,2.25,2.25,20,0,Emerald Homes Lp,0,0,0
19900201,7171,EHP',NYSE,2.25,2.25,42,0,Emerald Homes Lp,0,0,0
19900202,7171,EHP',NYSE,2.125,2.125,31,0,Emerald Homes Lp,0,0,0
19900205,7171,EHP',NYSE,2,2,85,0,Emerald Homes Lp,0,0,0
19900206,7171,EHP',NYSE,2.125,2.125,5,0,Emerald Homes Lp,0,0,0
19900207,7171,EHP',NYSE,2,2,15,0,Emerald Homes Lp,0,0,0
19900208,7171,EHP',NYSE,2.125,2.125,37,0,Emerald Homes Lp,0,0,0
19900209,7171,EHP',NYSE,2.125,2.125,55,0,Emerald Homes Lp,0,0,0
19900212,7171,EHP',NYSE,2,2,325,0,Emerald Homes Lp,0,0,0
19900213,7171,EHP',NYSE,2.125,2.125,107,0,Emerald Homes Lp,0,0,0
19900214,7171,EHP',NYSE,2.125,2.125,18,0,Emerald Homes Lp,0,0,0
19900215,7171,EHP',NYSE,2.125,2.125,9,0,Emerald Homes Lp,0,0,0
19900216,7171,EHP',NYSE,2.125,2.125,30,0,Emerald Homes Lp,0,0,0
19900220,7171,EHP',NYSE,2,2,46,0,Emerald Homes Lp,0,0,0
19900221,7171,EHP',NYSE,2,2,44,0,Emerald Homes Lp,0,0,0
19900222,7171,EHP',NYSE,1.875,1.875,104,0,Emerald Homes Lp,0,0,0
19900223,7171,EHP',NYSE,1.875,1.875,39,0,Emerald Homes Lp,0,0,0
19900226,7171,EHP',NYSE,1.75,1.75,5,0,Emerald Homes Lp,0,0,0
19900227,7171,EHP',NYSE,2,2,33,0,Emerald Homes Lp,0,0,0
19900228,7171,EHP',NYSE,1.875,1.875,10,0,Emerald Homes Lp,0,0,0
19900301,7171,EHP',NYSE,1.875,1.875,4,0,Emerald Homes Lp,0,0,0
19900302,7171,EHP',NYSE,1.75,1.75,30,0,Emerald Homes Lp,0,0,0
19900305,7171,EHP',NYSE,1.875,1.875,40,0,Emerald Homes Lp,0,0,0
19900306,7171,EHP',NYSE,1.75,1.75,22,0,Emerald Homes Lp,0,0,0
19900307,7171,EHP',NYSE,1.875,1.875,50,0,Emerald Homes Lp,0,0,0
19900308,7171,EHP',NYSE,2,2,111,0,Emerald Homes Lp,0,0,0
19900309,7171,EHP',NYSE,2,2,90,0,Emerald Homes Lp,0,0,0
19900312,7171,EHP',NYSE,1.875,1.875,50,0,Emerald Homes Lp,0,0,0
19900313,7171,EHP',NYSE,1.875,1.875,28,0,Emerald Homes Lp,0,0,0
19900314,7171,EHP',NYSE,1.875,1.875,59,0,Emerald Homes Lp,0,0,0
19900315,7171,EHP',NYSE,1.875,1.875,107,0,Emerald Homes Lp,0,0,0
19900316,7171,EHP',NYSE,1.875,1.875,27,0,Emerald Homes Lp,0,0,0
19900319,7171,EHP',NYSE,1.875,1.875,18,0,Emerald Homes Lp,0,0,0
19900320,7171,EHP',NYSE,1.75,1.75,43,0,Emerald Homes Lp,0,0,0
19900321,7171,EHP',NYSE,2,2,164,0,Emerald Homes Lp,0,0,0
19900322,7171,EHP',NYSE,2,2,365,0,Emerald Homes Lp,0,0,0
19900323,7171,EHP',NYSE,2,2,43,0,Emerald Homes Lp,0,0,0
19900326,7171,EHP',NYSE,1.875,1.875,83,0,Emerald Homes Lp,0,0,0
19900327,7171,EHP',NYSE,1.875,1.875,27,0,Emerald Homes Lp,0,0,0
19900328,7171,EHP',NYSE,1.875,1.875,60,0,Emerald Homes Lp,0,0,0
19900329,7171,EHP',NYSE,1.875,1.875,89,0,Emerald Homes Lp,0,0,0
19900330,7171,EHP',NYSE,1.875,1.875,1,0,Emerald Homes Lp,0,0,0
19900402,7171,EHP',NYSE,1.875,1.875,7,0,Emerald Homes Lp,0,0,0
19900403,7171,EHP',NYSE,2,2,18,0,Emerald Homes Lp,0,0,0
19900404,7171,EHP',NYSE,1.75,1.75,30,0,Emerald Homes Lp,0,0,0
19900405,7171,EHP',NYSE,1.75,1.75,47,0,Emerald Homes Lp,0,0,0
19900406,7171,EHP',NYSE,1.625,1.625,29,0,Emerald Homes Lp,0,0,0
19900409,7171,EHP',NYSE,1.625,1.625,70,0,Emerald Homes Lp,0,0,0
19900410,7171,EHP',NYSE,1.75,1.75,27,0,Emerald Homes Lp,0,0,0
19900411,7171,EHP',NYSE,1.5,1.5,68,0,Emerald Homes Lp,0,0,0
19900412,7171,EHP',NYSE,1.5,1.5,102,0,Emerald Homes Lp,0,0,0
19900416,7171,EHP',NYSE,1.375,1.375,39,0,Emerald Homes Lp,0,0,0
19900417,7171,EHP',NYSE,1.5,1.5,25,0,Emerald Homes Lp,0,0,0
19900418,7171,EHP',NYSE,1.125,1.125,99,0,Emerald Homes Lp,0,0,0
19900419,7171,EHP',NYSE,1.125,1.125,13,0,Emerald Homes Lp,0,0,0
19900420,7171,EHP',NYSE,1,1,14,0,Emerald Homes Lp,0,0,0
19900423,7171,EHP',NYSE,1.25,1.25,46,0,Emerald Homes Lp,0,0,0
19900424,7171,EHP',NYSE,1.375,1.375,144,0,Emerald Homes Lp,0,0,0
19900425,7171,EHP',NYSE,1.5,1.5,26,0,Emerald Homes Lp,0,0,0
19900426,7171,EHP',NYSE,1.5,1.5,6,0,Emerald Homes Lp,0,0,0
19900427,7171,EHP',NYSE,1.5,1.5,27,0,Emerald Homes Lp,0,0,0
19900430,7171,EHP',NYSE,1.375,1.375,19,0,Emerald Homes Lp,0,0,0
19900501,7171,EHP',NYSE,1.375,1.375,22,0,Emerald Homes Lp,0,0,0
19900502,7171,EHP',NYSE,1.25,1.25,7,0,Emerald Homes Lp,0,0,0
19900503,7171,EHP',NYSE,1.125,1.125,418,0,Emerald Homes Lp,0,0,0
19900504,7171,EHP',NYSE,1,1,20,0,Emerald Homes Lp,0,0,0
19900507,7171,EHP',NYSE,1,1,77,0,Emerald Homes Lp,0,0,0
19900508,7171,EHP',NYSE,1.25,1.25,144,0,Emerald Homes Lp,0,0,0
19900509,7171,EHP',NYSE,1.25,1.25,15,0,Emerald Homes Lp,0,0,0
19900510,7171,EHP',NYSE,1.25,1.25,7,0,Emerald Homes Lp,0,0,0
19900511,7171,EHP',NYSE,1.25,1.25,20,0,Emerald Homes Lp,0,0,0
19900514,7171,EHP',NYSE,1.25,1.25,3,0,Emerald Homes Lp,0,0,0
19900515,7171,EHP',NYSE,1.25,1.25,23,0,Emerald Homes Lp,0,0,0
19900516,7171,EHP',NYSE,1.125,1.125,44,0,Emerald Homes Lp,0,0,0
19900517,7171,EHP',NYSE,1,1,55,0,Emerald Homes Lp,0,0,0
19900518,7171,EHP',NYSE,1.125,1.125,9,0,Emerald Homes Lp,0,0,0
19900521,7171,EHP',NYSE,1,1,61,0,Emerald Homes Lp,0,0,0
19900522,7171,EHP',NYSE,1,1,23,0,Emerald Homes Lp,0,0,0
19900523,7171,EHP',NYSE,1.125,1.125,15,0,Emerald Homes Lp,0,0,0
19900524,7171,EHP',NYSE,1.125,1.125,15,0,Emerald Homes Lp,0,0,0
19900525,7171,EHP',NYSE,1.125,1.125,44,0,Emerald Homes Lp,0,0,0
19900529,7171,EHP',NYSE,1.125,1.125,11,0,Emerald Homes Lp,0,0,0
19900530,7171,EHP',NYSE,1.25,1.25,82,0,Emerald Homes Lp,0,0,0
19900531,7171,EHP',NYSE,1.375,1.375,88,0,Emerald Homes Lp,0,0,0
19900601,7171,EHP',NYSE,1.25,1.25,134,0,Emerald Homes Lp,0,0,0
19900604,7171,EHP',NYSE,1.25,1.25,0,0,Emerald Homes Lp,0,0,0
19900605,7171,EHP',NYSE,1.25,1.25,13,0,Emerald Homes Lp,0,0,0
19900606,7171,EHP',NYSE,1.5,1.5,58,0,Emerald Homes Lp,0,0,0
19900607,7171,EHP',NYSE,1.125,1.125,37,0,Emerald Homes Lp,0,0,0
19900608,7171,EHP',NYSE,1.125,1.125,20,0,Emerald Homes Lp,0,0,0
19900611,7171,EHP',NYSE,1.25,1.25,9,0,Emerald Homes Lp,0,0,0
19900612,7171,EHP',NYSE,1.125,1.125,35,0,Emerald Homes Lp,0,0,0
19900613,7171,EHP',NYSE,1.25,1.25,29,0,Emerald Homes Lp,0,0,0
19900614,7171,EHP',NYSE,1.125,1.125,19,0,Emerald Homes Lp,0,0,0
19900615,7171,EHP',NYSE,1,1,58,0,Emerald Homes Lp,0,0,0
19900618,7171,EHP',NYSE,1,1,57,0,Emerald Homes Lp,0,0,0
19900619,7171,EHP',NYSE,1,1,41,0,Emerald Homes Lp,0,0,0
19900620,7171,EHP',NYSE,1.125,1.125,9,0,Emerald Homes Lp,0,0,0
19900621,7171,EHP',NYSE,1,1,4,0,Emerald Homes Lp,0,0,0
19900622,7171,EHP',NYSE,1.125,1.125,1,0,Emerald Homes Lp,0,0,0
19900625,7171,EHP',NYSE,1.125,1.125,0,0,Emerald Homes Lp,0,0,0
19900626,7171,EHP',NYSE,1.125,1.125,67,0,Emerald Homes Lp,0,0,0
19900627,7171,EHP',NYSE,1.125,1.125,12,0,Emerald Homes Lp,0,0,0
19900628,7171,EHP',NYSE,1.125,1.125,10,0,Emerald Homes Lp,0,0,0
19900629,7171,EHP',NYSE,1.125,1.125,0,0,Emerald Homes Lp,0,0,0
19900702,7171,EHP',NYSE,1.125,1.125,64,0,Emerald Homes Lp,0,0,0
19900703,7171,EHP',NYSE,1.125,1.125,15,0,Emerald Homes Lp,0,0,0
19900705,7171,EHP',NYSE,1,1,104,0,Emerald Homes Lp,0,0,0
19900706,7171,EHP',NYSE,1.125,1.125,3,0,Emerald Homes Lp,0,0,0
19900709,7171,EHP',NYSE,1.125,1.125,36,0,Emerald Homes Lp,0,0,0
19900710,7171,EHP',NYSE,1.125,1.125,23,0,Emerald Homes Lp,0,0,0
19900711,7171,EHP',NYSE,1,1,24,0,Emerald Homes Lp,0,0,0
19900712,7171,EHP',NYSE,1.125,1.125,10,0,Emerald Homes Lp,0,0,0
19900713,7171,EHP',NYSE,1,1,31,0,Emerald Homes Lp,0,0,0
19900716,7171,EHP',NYSE,1,1,45,0,Emerald Homes Lp,0,0,0
19900717,7171,EHP',NYSE,1.125,1.125,38,0,Emerald Homes Lp,0,0,0
19900718,7171,EHP',NYSE,1,1,18,0,Emerald Homes Lp,0,0,0
19900719,7171,EHP',NYSE,1,1,17,0,Emerald Homes Lp,0,0,0
19900720,7171,EHP',NYSE,1,1,7,0,Emerald Homes Lp,0,0,0
19900723,7171,EHP',NYSE,1,1,95,0,Emerald Homes Lp,0,0,0
19900724,7171,EHP',NYSE,0.9375,0.9375,14,0,Emerald Homes Lp,0,0,0
19900725,7171,EHP',NYSE,0.9375,0.9375,37,0,Emerald Homes Lp,0,0,0
19900726,7171,EHP',NYSE,1,1,13,0,Emerald Homes Lp,0,0,0
19900727,7171,EHP',NYSE,1,1,11,0,Emerald Homes Lp,0,0,0
19900730,7171,EHP',NYSE,0.9375,0.9375,1,0,Emerald Homes Lp,0,0,0
19900731,7171,EHP',NYSE,0.875,0.875,26,0,Emerald Homes Lp,0,0,0
19900801,7171,EHP',NYSE,0.8125,0.8125,82,0,Emerald Homes Lp,0,0,0
19900802,7171,EHP',NYSE,0.8125,0.8125,0,0,Emerald Homes Lp,0,0,0
19900803,7171,EHP',NYSE,0.6875,0.6875,47,0,Emerald Homes Lp,0,0,0
19900806,7171,EHP',NYSE,0.6875,0.6875,80,0,Emerald Homes Lp,0,0,0
19900807,7171,EHP',NYSE,0.6875,0.6875,13,0,Emerald Homes Lp,0,0,0
19900808,7171,EHP',NYSE,0.6875,0.6875,1,0,Emerald Homes Lp,0,0,0
19900809,7171,EHP',NYSE,0.75,0.75,15,0,Emerald Homes Lp,0,0,0
19900810,7171,EHP',NYSE,0.8125,0.8125,7,0,Emerald Homes Lp,0,0,0
19900813,7171,EHP',NYSE,0.75,0.75,24,0,Emerald Homes Lp,0,0,0
19900814,7171,EHP',NYSE,0.75,0.75,0,0,Emerald Homes Lp,0,0,0
19900815,7171,EHP',NYSE,0.75,0.75,1,0,Emerald Homes Lp,0,0,0
19900816,7171,EHP',NYSE,0.6875,0.6875,46,0,Emerald Homes Lp,0,0,0
19900817,7171,EHP',NYSE,0.6875,0.6875,5,0,Emerald Homes Lp,0,0,0
19900820,7171,EHP',NYSE,0.6875,0.6875,20,0,Emerald Homes Lp,0,0,0
19900821,7171,EHP',NYSE,0.6875,0.6875,5,0,Emerald Homes Lp,0,0,0
19900822,7171,EHP',NYSE,0.6875,0.6875,2,0,Emerald Homes Lp,0,0,0
19900823,7171,EHP',NYSE,0.6875,0.6875,85,0,Emerald Homes Lp,0,0,0
19900824,7171,EHP',NYSE,0.6875,0.6875,12,0,Emerald Homes Lp,0,0,0
19900827,7171,EHP',NYSE,0.6875,0.6875,14,0,Emerald Homes Lp,0,0,0
19900828,7171,EHP',NYSE,0.75,0.75,15,0,Emerald Homes Lp,0,0,0
19900829,7171,EHP',NYSE,0.75,0.75,8,0,Emerald Homes Lp,0,0,0
19900830,7171,EHP',NYSE,0.75,0.75,0,0,Emerald Homes Lp,0,0,0
19900831,7171,EHP',NYSE,0.8125,0.8125,2,0,Emerald Homes Lp,0,0,0
19900904,7171,EHP',NYSE,0.8125,0.8125,0,0,Emerald Homes Lp,0,0,0
19900905,7171,EHP',NYSE,0.75,0.75,4,0,Emerald Homes Lp,0,0,0
19900906,7171,EHP',NYSE,0.75,0.75,5,0,Emerald Homes Lp,0,0,0
19900907,7171,EHP',NYSE,0.75,0.75,6,0,Emerald Homes Lp,0,0,0
19900910,7171,EHP',NYSE,0.75,0.75,13,0,Emerald Homes Lp,0,0,0
19900911,7171,EHP',NYSE,0.6875,0.6875,12,0,Emerald Homes Lp,0,0,0
19900912,7171,EHP',NYSE,0.6875,0.6875,2,0,Emerald Homes Lp,0,0,0
19900913,7171,EHP',NYSE,0.6875,0.6875,10,0,Emerald Homes Lp,0,0,0
19900914,7171,EHP',NYSE,0.6875,0.6875,32,0,Emerald Homes Lp,0,0,0
19900917,7171,EHP',NYSE,0.6875,0.6875,13,0,Emerald Homes Lp,0,0,0
19900918,7171,EHP',NYSE,0.6875,0.6875,5,0,Emerald Homes Lp,0,0,0
19900919,7171,EHP',NYSE,0.6875,0.6875,2,0,Emerald Homes Lp,0,0,0
19900920,7171,EHP',NYSE,0.6875,0.6875,39,0,Emerald Homes Lp,0,0,0
19900921,7171,EHP',NYSE,0.6875,0.6875,30,0,Emerald Homes Lp,0,0,0
19900924,7171,EHP',NYSE,0.6875,0.6875,10,0,Emerald Homes Lp,0,0,0
19900925,7171,EHP',NYSE,0.6875,0.6875,7,0,Emerald Homes Lp,0,0,0
19900926,7171,EHP',NYSE,0.6875,0.6875,161,0,Emerald Homes Lp,0,0,0
19900927,7171,EHP',NYSE,0.625,0.625,27,0,Emerald Homes Lp,0,0,0
19900928,7171,EHP',NYSE,0.625,0.625,6,0,Emerald Homes Lp,0,0,0
19901001,7171,EHP',NYSE,0.625,0.625,39,0,Emerald Homes Lp,0,0,0
19901002,7171,EHP',NYSE,0.625,0.625,23,0,Emerald Homes Lp,0,0,0
19901003,7171,EHP',NYSE,0.625,0.625,50,0,Emerald Homes Lp,0,0,0
19901004,7171,EHP',NYSE,0.625,0.625,0,0,Emerald Homes Lp,0,0,0
19901005,7171,EHP',NYSE,0.625,0.625,3,0,Emerald Homes Lp,0,0,0
19901008,7171,EHP',NYSE,0.625,0.625,13,0,Emerald Homes Lp,0,0,0
19901009,7171,EHP',NYSE,0.625,0.625,3,0,Emerald Homes Lp,0,0,0
19901010,7171,EHP',NYSE,0.5,0.5,249,0,Emerald Homes Lp,0,0,0
19901011,7171,EHP',NYSE,0.5,0.5,49,0,Emerald Homes Lp,0,0,0
19901012,7171,EHP',NYSE,0.5,0.5,64,0,Emerald Homes Lp,0,0,0
19901015,7171,EHP',NYSE,0.5,0.5,48,0,Emerald Homes Lp,0,0,0
19901016,7171,EHP',NYSE,0.6875,0.6875,110,0,Emerald Homes Lp,0,0,0
19901017,7171,EHP',NYSE,0.625,0.625,55,0,Emerald Homes Lp,0,0,0
19901018,7171,EHP',NYSE,0.625,0.625,6,0,Emerald Homes Lp,0,0,0
19901019,7171,EHP',NYSE,0.6875,0.6875,77,0,Emerald Homes Lp,0,0,0
19901022,7171,EHP',NYSE,0.625,0.625,3,0,Emerald Homes Lp,0,0,0
19901023,7171,EHP',NYSE,0.6875,0.6875,13,0,Emerald Homes Lp,0,0,0
19901024,7171,EHP',NYSE,0.6875,0.6875,0,0,Emerald Homes Lp,0,0,0
19901025,7171,EHP',NYSE,0.6875,0.6875,0,0,Emerald Homes Lp,0,0,0
19901026,7171,EHP',NYSE,0.625,0.625,14,0,Emerald Homes Lp,0,0,0
19901029,7171,EHP',NYSE,0.625,0.625,18,0,Emerald Homes Lp,0,0,0
19901030,7171,EHP',NYSE,0.625,0.625,48,0,Emerald Homes Lp,0,0,0
19901031,7171,EHP',NYSE,0.5625,0.5625,49,0,Emerald Homes Lp,0,0,0
19901101,7171,EHP',NYSE,0.625,0.625,15,0,Emerald Homes Lp,0,0,0
19901102,7171,EHP',NYSE,0.5625,0.5625,66,0,Emerald Homes Lp,0,0,0
19901105,7171,EHP',NYSE,0.5625,0.5625,28,0,Emerald Homes Lp,0,0,0
19901106,7171,EHP',NYSE,0.5,0.5,25,0,Emerald Homes Lp,0,0,0
19901107,7171,EHP',NYSE,0.5,0.5,73,0,Emerald Homes Lp,0,0,0
19901108,7171,EHP',NYSE,0.46875,0.46875,122,0,Emerald Homes Lp,0,0,0
19901109,7171,EHP',NYSE,0.4375,0.4375,47,0,Emerald Homes Lp,0,0,0
19901112,7171,EHP',NYSE,0.4375,0.4375,41,0,Emerald Homes Lp,0,0,0
19901113,7171,EHP',NYSE,0.375,0.375,21,0,Emerald Homes Lp,0,0,0
19901114,7171,EHP',NYSE,0.3125,0.3125,30,0,Emerald Homes Lp,0,0,0
19901115,7171,EHP',NYSE,0.25,0.25,109,0,Emerald Homes Lp,0,0,0
19901116,7171,EHP',NYSE,0.40625,0.40625,126,0,Emerald Homes Lp,0,0,0
19901119,7171,EHP',NYSE,0.25,0.25,200,0,Emerald Homes Lp,0,0,0
19901120,7171,EHP',NYSE,0.28125,0.28125,24,0,Emerald Homes Lp,0,0,0
19901121,7171,EHP',NYSE,0.3125,0.3125,21,0,Emerald Homes Lp,0,0,0
19901123,7171,EHP',NYSE,0.28125,0.28125,40,0,Emerald Homes Lp,0,0,0
19901126,7171,EHP',NYSE,0.28125,0.28125,84,0,Emerald Homes Lp,0,0,0
19901127,7171,EHP',NYSE,0.28125,0.28125,14,0,Emerald Homes Lp,0,0,0
19901128,7171,EHP',NYSE,0.28125,0.28125,15,0,Emerald Homes Lp,0,0,0
19901129,7171,EHP',NYSE,0.28125,0.28125,27,0,Emerald Homes Lp,0,0,0
19901130,7171,EHP',NYSE,0.25,0.25,43,0,Emerald Homes Lp,0,0,0
19901203,7171,EHP',NYSE,0.25,0.25,29,0,Emerald Homes Lp,0,0,0
19901204,7171,EHP',NYSE,0.25,0.25,28,0,Emerald Homes Lp,0,0,0
19901205,7171,EHP',NYSE,0.25,0.25,49,0,Emerald Homes Lp,0,0,0
19901206,7171,EHP',NYSE,0.25,0.25,103,0,Emerald Homes Lp,0,0,0
19901207,7171,EHP',NYSE,0.28125,0.28125,125,0,Emerald Homes Lp,0,0,0
19901210,7171,EHP',NYSE,0.25,0.25,65,0,Emerald Homes Lp,0,0,0
19901211,7171,EHP',NYSE,0.25,0.25,44,0,Emerald Homes Lp,0,0,0
19901212,7171,EHP',NYSE,0.25,0.25,37,0,Emerald Homes Lp,0,0,0
19901213,7171,EHP',NYSE,0.25,0.25,44,0,Emerald Homes Lp,0,0,0
19901214,7171,EHP',NYSE,0.25,0.25,49,0,Emerald Homes Lp,0,0,0
19901217,7171,EHP',NYSE,0.25,0.25,115,0,Emerald Homes Lp,0,0,0
19901218,7171,EHP',NYSE,0.25,0.25,83,0,Emerald Homes Lp,0,0,0
19901219,7171,EHP',NYSE,0.3125,0.3125,169,0,Emerald Homes Lp,0,0,0
19901220,7171,EHP',NYSE,0.28125,0.28125,106,0,Emerald Homes Lp,0,0,0
19901221,7171,EHP',NYSE,0.28125,0.28125,74,0,Emerald Homes Lp,0,0,0
19901224,7171,EHP',NYSE,0.28125,0.28125,121,0,Emerald Homes Lp,0,0,0
19901226,7171,EHP',NYSE,0.28125,0.28125,90,0,Emerald Homes Lp,0,0,0
19901227,7171,EHP',NYSE,0.25,0.25,112,0,Emerald Homes Lp,0,0,0
19901228,7171,EHP',NYSE,0.25,0.25,83,0,Emerald Homes Lp,0,0,0
19901231,7171,EHP',NYSE,0.25,0.25,86,0,Emerald Homes Lp,0,0,0
19910102,7171,EHP',NYSE,0.25,0.25,0,0,Emerald Homes Lp,0,0,0
19910103,7171,EHP',NYSE,0.25,0.25,0,0,Emerald Homes Lp,0,0,0
19910104,7171,EHP',NYSE,0.25,0.25,0,0,Emerald Homes Lp,0,0,0
19910107,7171,EHP',NYSE,0.28125,0.28125,27,0,Emerald Homes Lp,0,0,0
19910108,7171,EHP',NYSE,0.28125,0.28125,19,0,Emerald Homes Lp,0,0,0
19910109,7171,EHP',NYSE,0.28125,0.28125,3,0,Emerald Homes Lp,0,0,0
19910110,7171,EHP',NYSE,0.25,0.25,27,0,Emerald Homes Lp,0,0,0
19910111,7171,EHP',NYSE,0.25,0.25,4,0,Emerald Homes Lp,0,0,0
19910114,7171,EHP',NYSE,0.25,0.25,0,0,Emerald Homes Lp,0,0,0
19910115,7171,EHP',NYSE,0.25,0.25,5,0,Emerald Homes Lp,0,0,0
19910116,7171,EHP',NYSE,0.25,0.25,3,0,Emerald Homes Lp,0,0,0
19910117,7171,EHP',NYSE,0.25,0.25,0,0,Emerald Homes Lp,0,0,0
19910118,7171,EHP',NYSE,0.25,0.25,0,0,Emerald Homes Lp,0,0,0
19910121,7171,EHP',NYSE,0.25,0.25,4,0,Emerald Homes Lp,0,0,0
19910122,7171,EHP',NYSE,0.3125,0.3125,10,0,Emerald Homes Lp,0,0,0
19910123,7171,EHP',NYSE,0.3125,0.3125,0,0,Emerald Homes Lp,0,0,0
19910124,7171,EHP',NYSE,0.25,0.25,9,0,Emerald Homes Lp,0,0,0
19910125,7171,EHP',NYSE,0.28125,0.28125,4,0,Emerald Homes Lp,0,0,0
19910128,7171,EHP',NYSE,0.28125,0.28125,69,0,Emerald Homes Lp,0,0,0
19910129,7171,EHP',NYSE,0.3125,0.3125,20,0,Emerald Homes Lp,0,0,0
19910130,7171,EHP',NYSE,0.46875,0.46875,150,0,Emerald Homes Lp,0,0,0
19910131,7171,EHP',NYSE,0.625,0.625,40,0,Emerald Homes Lp,0,0,0
19910201,7171,EHP',NYSE,0.875,0.875,230,0,Emerald Homes Lp,0,0,0
19910204,7171,EHP',NYSE,1,1,81,0,Emerald Homes Lp,0,0,0
19910205,7171,EHP',NYSE,1.25,1.25,190,0,Emerald Homes Lp,0,0,0
19910206,7171,EHP',NYSE,1.25,1.25,59,0,Emerald Homes Lp,0,0,0
19910207,7171,EHP',NYSE,1.25,1.25,15,0,Emerald Homes Lp,0,0,0
19910208,7171,EHP',NYSE,1.125,1.125,63,0,Emerald Homes Lp,0,0,0
19910211,7171,EHP',NYSE,1.25,1.25,172,0,Emerald Homes Lp,0,0,0
19910212,7171,EHP',NYSE,1.25,1.25,44,0,Emerald Homes Lp,0,0,0
19910213,7171,EHP',NYSE,1,1,85,0,Emerald Homes Lp,0,0,0
19910214,7171,EHP',NYSE,0.9375,0.9375,124,0,Emerald Homes Lp,0,0,0
19910215,7171,EHP',NYSE,0.875,0.875,62,0,Emerald Homes Lp,0,0,0
19910219,7171,EHP',NYSE,1,1,262,0,Emerald Homes Lp,0,0,0
19910220,7171,EHP',NYSE,0.9375,0.9375,21,0,Emerald Homes Lp,0,0,0
19910221,7171,EHP',NYSE,0.8125,0.8125,45,0,Emerald Homes Lp,0,0,0
19910222,7171,EHP',NYSE,0.875,0.875,26,0,Emerald Homes Lp,0,0,0
19910225,7171,EHP',NYSE,0.8125,0.8125,10,0,Emerald Homes Lp,0,0,0
19910226,7171,EHP',NYSE,0.8125,0.8125,46,0,Emerald Homes Lp,0,0,0
19910227,7171,EHP',NYSE,0.875,0.875,1,0,Emerald Homes Lp,0,0,0
19910228,7171,EHP',NYSE,0.875,0.875,32,0,Emerald Homes Lp,0,0,0
19910301,7171,EHP',NYSE,0.8125,0.8125,41,0,Emerald Homes Lp,0,0,0
19910304,7171,EHP',NYSE,0.8125,0.8125,30,0,Emerald Homes Lp,0,0,0
19910305,7171,EHP',NYSE,0.9375,0.9375,77,0,Emerald Homes Lp,0,0,0
19910306,7171,EHP',NYSE,0.9375,0.9375,0,0,Emerald Homes Lp,0,0,0
19910307,7171,EHP',NYSE,0.8125,0.8125,21,0,Emerald Homes Lp,0,0,0
19910308,7171,EHP',NYSE,0.9375,0.9375,57,0,Emerald Homes Lp,0,0,0
19910311,7171,EHP',NYSE,0.9375,0.9375,10,0,Emerald Homes Lp,0,0,0
19910312,7171,EHP',NYSE,0.875,0.875,16,0,Emerald Homes Lp,0,0,0
19910313,7171,EHP',NYSE,0.8125,0.8125,28,0,Emerald Homes Lp,0,0,0
19910314,7171,EHP',NYSE,0.75,0.75,11,0,Emerald Homes Lp,0,0,0
19910315,7171,EHP',NYSE,0.8125,0.8125,61,0,Emerald Homes Lp,0,0,0
19910318,7171,EHP',NYSE,0.8125,0.8125,0,0,Emerald Homes Lp,0,0,0
19910319,7171,EHP',NYSE,0.8125,0.8125,0,0,Emerald Homes Lp,0,0,0
19910320,7171,EHP',NYSE,0.75,0.75,6,0,Emerald Homes Lp,0,0,0
19910321,7171,EHP',NYSE,0.75,0.75,0,0,Emerald Homes Lp,0,0,0
19910322,7171,EHP',NYSE,0.75,0.75,0,0,Emerald Homes Lp,0,0,0
19910325,7171,EHP',NYSE,0.6875,0.6875,5,0,Emerald Homes Lp,0,0,0
19910326,7171,EHP',NYSE,0.6875,0.6875,153,0,Emerald Homes Lp,0,0,0
19910327,7171,EHP',NYSE,0.75,0.75,76,0,Emerald Homes Lp,0,0,0
19910328,7171,EHP',NYSE,0.75,0.75,20,0,Emerald Homes Lp,0,0,0
19910401,7171,EHP',NYSE,0.75,0.75,15,0,Emerald Homes Lp,0,0,0
19910402,7171,EHP',NYSE,0.75,0.75,14,0,Emerald Homes Lp,0,0,0
19910403,7171,EHP',NYSE,0.75,0.75,6,0,Emerald Homes Lp,0,0,0
19910404,7171,EHP',NYSE,0.625,0.625,77,0,Emerald Homes Lp,0,0,0
19910405,7171,EHP',NYSE,0.625,0.625,4,0,Emerald Homes Lp,0,0,0
19910408,7171,EHP',NYSE,0.625,0.625,39,0,Emerald Homes Lp,0,0,0
19910409,7171,EHP',NYSE,0.5625,0.5625,122,0,Emerald Homes Lp,0,0,0
19910410,7171,EHP',NYSE,0.5625,0.5625,30,0,Emerald Homes Lp,0,0,0
19910411,7171,EHP',NYSE,0.5625,0.5625,15,0,Emerald Homes Lp,0,0,0
19910412,7171,EHP',NYSE,0.5,0.5,72,0,Emerald Homes Lp,0,0,0
19910415,7171,EHP',NYSE,0.625,0.625,53,0,Emerald Homes Lp,0,0,0
19910416,7171,EHP',NYSE,0.625,0.625,26,0,Emerald Homes Lp,0,0,0
19910417,7171,EHP',NYSE,0.625,0.625,70,0,Emerald Homes Lp,0,0,0
19910418,7171,EHP',NYSE,0.625,0.625,12,0,Emerald Homes Lp,0,0,0
19910419,7171,EHP',NYSE,0.5625,0.5625,16,0,Emerald Homes Lp,0,0,0
19910422,7171,EHP',NYSE,0.5625,0.5625,4,0,Emerald Homes Lp,0,0,0
19910423,7171,EHP',NYSE,0.5625,0.5625,0,0,Emerald Homes Lp,0,0,0
19910424,7171,EHP',NYSE,0.5625,0.5625,23,0,Emerald Homes Lp,0,0,0
19910425,7171,EHP',NYSE,0.5625,0.5625,0,0,Emerald Homes Lp,0,0,0
19910426,7171,EHP',NYSE,0.5625,0.5625,1,0,Emerald Homes Lp,0,0,0
19910429,7171,EHP',NYSE,0.5625,0.5625,0,0,Emerald Homes Lp,0,0,0
19910430,7171,EHP',NYSE,0.5625,0.5625,10,0,Emerald Homes Lp,0,0,0
19910501,7171,EHP',NYSE,0.625,0.625,10,0,Emerald Homes Lp,0,0,0
19910502,7171,EHP',NYSE,0.6875,0.6875,28,0,Emerald Homes Lp,0,0,0
19910503,7171,EHP',NYSE,0.6875,0.6875,2,0,Emerald Homes Lp,0,0,0
19910506,7171,EHP',NYSE,0.6875,0.6875,0,0,Emerald Homes Lp,0,0,0
19910507,7171,EHP',NYSE,0.75,0.75,5,0,Emerald Homes Lp,0,0,0
19910508,7171,EHP',NYSE,0.6875,0.6875,7,0,Emerald Homes Lp,0,0,0
19910509,7171,EHP',NYSE,0.8125,0.8125,20,0,Emerald Homes Lp,0,0,0
19910510,7171,EHP',NYSE,0.6875,0.6875,59,0,Emerald Homes Lp,0,0,0
19910513,7171,EHP',NYSE,0.6875,0.6875,0,0,Emerald Homes Lp,0,0,0
19910514,7171,EHP',NYSE,0.6875,0.6875,2,0,Emerald Homes Lp,0,0,0
19910515,7171,EHP',NYSE,0.625,0.625,34,0,Emerald Homes Lp,0,0,0
19910516,7171,EHP',NYSE,0.6875,0.6875,11,0,Emerald Homes Lp,0,0,0
19910517,7171,EHP',NYSE,0.625,0.625,2,0,Emerald Homes Lp,0,0,0
19910520,7171,EHP',NYSE,0.5625,0.5625,2,0,Emerald Homes Lp,0,0,0
19910521,7171,EHP',NYSE,0.5,0.5,19,0,Emerald Homes Lp,0,0,0
19910522,7171,EHP',NYSE,0.5625,0.5625,89,0,Emerald Homes Lp,0,0,0
19910523,7171,EHP',NYSE,0.4375,0.4375,338,0,Emerald Homes Lp,0,0,0
19910524,7171,EHP',NYSE,0.5,0.5,65,0,Emerald Homes Lp,0,0,0
19910528,7171,EHP',NYSE,0.5,0.5,0,0,Emerald Homes Lp,0,0,0
19910529,7171,EHP',NYSE,0.5,0.5,90,0,Emerald Homes Lp,0,0,0
19910530,7171,EHP',NYSE,0.5625,0.5625,5,0,Emerald Homes Lp,0,0,0
19910531,7171,EHP',NYSE,0.5625,0.5625,0,0,Emerald Homes Lp,0,0,0
19910603,7171,EHP',NYSE,0.75,0.75,62,0,Emerald Homes Lp,0,0,0
19910604,7171,EHP',NYSE,0.75,0.75,37,0,Emerald Homes Lp,0,0,0
19910605,7171,EHP',NYSE,0.75,0.75,10,0,Emerald Homes Lp,0,0,0
19910606,7171,EHP',NYSE,0.875,0.875,101,0,Emerald Homes Lp,0,0,0
19910607,7171,EHP',NYSE,0.875,0.875,15,0,Emerald Homes Lp,0,0,0
19910610,7171,EHP',NYSE,0.9375,0.9375,49,0,Emerald Homes Lp,0,0,0
19910611,7171,EHP',NYSE,0.9375,0.9375,128,0,Emerald Homes Lp,0,0,0
19910612,7171,EHP',NYSE,0.8125,0.8125,61,0,Emerald Homes Lp,0,0,0
19910613,7171,EHP',NYSE,0.875,0.875,10,0,Emerald Homes Lp,0,0,0
19910614,7171,EHP',NYSE,0.8125,0.8125,2,0,Emerald Homes Lp,0,0,0
19910617,7171,EHP',NYSE,0.8125,0.8125,5,0,Emerald Homes Lp,0,0,0
19910618,7171,EHP',NYSE,0.8125,0.8125,20,0,Emerald Homes Lp,0,0,0
19910619,7171,EHP',NYSE,0.8125,0.8125,10,0,Emerald Homes Lp,0,0,0
19910620,7171,EHP',NYSE,0.8125,0.8125,2,0,Emerald Homes Lp,0,0,0
19910621,7171,EHP',NYSE,0.8125,0.8125,0,0,Emerald Homes Lp,0,0,0
19910624,7171,EHP',NYSE,0.875,0.875,38,0,Emerald Homes Lp,0,0,0
19910625,7171,EHP',NYSE,0.875,0.875,6,0,Emerald Homes Lp,0,0,0
19910626,7171,EHP',NYSE,0.8125,0.8125,20,0,Emerald Homes Lp,0,0,0
19910627,7171,EHP',NYSE,0.8125,0.8125,10,0,Emerald Homes Lp,0,0,0
19910628,7171,EHP',NYSE,0.8125,0.8125,0,0,Emerald Homes Lp,0,0,0
19910701,7171,EHP',NYSE,0.8125,0.8125,15,0,Emerald Homes Lp,0,0,0
19910702,7171,EHP',NYSE,0.75,0.75,42,0,Emerald Homes Lp,0,0,0
19910703,7171,EHP',NYSE,0.6875,0.6875,11,0,Emerald Homes Lp,0,0,0
19910705,7171,EHP',NYSE,0.6875,0.6875,0,0,Emerald Homes Lp,0,0,0
19910708,7171,EHP',NYSE,0.5625,0.5625,26,0,Emerald Homes Lp,0,0,0
19910709,7171,EHP',NYSE,0.5625,0.5625,1,0,Emerald Homes Lp,0,0,0
19910710,7171,EHP',NYSE,0.5625,0.5625,0,0,Emerald Homes Lp,0,0,0
19910711,7171,EHP',NYSE,0.5625,0.5625,18,0,Emerald Homes Lp,0,0,0
19910712,7171,EHP',NYSE,0.5625,0.5625,17,0,Emerald Homes Lp,0,0,0
19910715,7171,EHP',NYSE,0.5,0.5,24,0,Emerald Homes Lp,0,0,0
19910716,7171,EHP',NYSE,0.5,0.5,0,0,Emerald Homes Lp,0,0,0
19910717,7171,EHP',NYSE,0.625,0.625,97,0,Emerald Homes Lp,0,0,0
19910718,7171,EHP',NYSE,0.5625,0.5625,35,0,Emerald Homes Lp,0,0,0
19910719,7171,EHP',NYSE,0.5625,0.5625,30,0,Emerald Homes Lp,0,0,0
19910722,7171,EHP',NYSE,0.5625,0.5625,9,0,Emerald Homes Lp,0,0,0
19910723,7171,EHP',NYSE,0.5625,0.5625,29,0,Emerald Homes Lp,0,0,0
19910724,7171,EHP',NYSE,0.5,0.5,20,0,Emerald Homes Lp,0,0,0
19910725,7171,EHP',NYSE,0.5,0.5,6,0,Emerald Homes Lp,0,0,0
19910726,7171,EHP',NYSE,0.5,0.5,73,0,Emerald Homes Lp,0,0,0
19910729,7171,EHP',NYSE,0.5,0.5,0,0,Emerald Homes Lp,0,0,0
19910730,7171,EHP',NYSE,0.46875,0.46875,10,0,Emerald Homes Lp,0,0,0
19910731,7171,EHP',NYSE,0.4375,0.4375,34,0,Emerald Homes Lp,0,0,0
19910801,7171,EHP',NYSE,0.375,0.375,15,0,Emerald Homes Lp,0,0,0
19910802,7171,EHP',NYSE,0.375,0.375,7,0,Emerald Homes Lp,0,0,0
19910805,7171,EHP',NYSE,0.375,0.375,10,0,Emerald Homes Lp,0,0,0
19910806,7171,EHP',NYSE,0.375,0.375,18,0,Emerald Homes Lp,0,0,0
19910807,7171,EHP',NYSE,0.40625,0.40625,10,0,Emerald Homes Lp,0,0,0
19910808,7171,EHP',NYSE,0.34375,0.34375,61,0,Emerald Homes Lp,0,0,0
19910809,7171,EHP',NYSE,0.34375,0.34375,6,0,Emerald Homes Lp,0,0,0
19910812,7171,EHP',NYSE,0.34375,0.34375,68,0,Emerald Homes Lp,0,0,0
19910813,7171,EHP',NYSE,0.34375,0.34375,0,0,Emerald Homes Lp,0,0,0
19910814,7171,EHP',NYSE,0.3125,0.3125,19,0,Emerald Homes Lp,0,0,0
19910815,7171,EHP',NYSE,0.3125,0.3125,10,0,Emerald Homes Lp,0,0,0
19910816,7171,EHP',NYSE,0.28125,0.28125,10,0,Emerald Homes Lp,0,0,0
19910819,7171,EHP',NYSE,0.28125,0.28125,11,0,Emerald Homes Lp,0,0,0
19910820,7171,EHP',NYSE,0.28125,0.28125,0,0,Emerald Homes Lp,0,0,0
19910821,7171,EHP',NYSE,0.28125,0.28125,9,0,Emerald Homes Lp,0,0,0
19910822,7171,EHP',NYSE,0.28125,0.28125,1,0,Emerald Homes Lp,0,0,0
19910823,7171,EHP',NYSE,0.28125,0.28125,22,0,Emerald Homes Lp,0,0,0
19910826,7171,EHP',NYSE,0.3125,0.3125,29,0,Emerald Homes Lp,0,0,0
19910827,7171,EHP',NYSE,0.40625,0.40625,275,0,Emerald Homes Lp,0,0,0
19910828,7171,EHP',NYSE,0.4375,0.4375,14,0,Emerald Homes Lp,0,0,0
19910829,7171,EHP',NYSE,0.46875,0.46875,5,0,Emerald Homes Lp,0,0,0
19910830,7171,EHP',NYSE,0.40625,0.40625,17,0,Emerald Homes Lp,0,0,0
19910903,7171,EHP',NYSE,0.40625,0.40625,0,0,Emerald Homes Lp,0,0,0
19910904,7171,EHP',NYSE,0.375,0.375,21,0,Emerald Homes Lp,0,0,0
19910905,7171,EHP',NYSE,0.375,0.375,0,0,Emerald Homes Lp,0,0,0
19910906,7171,EHP',NYSE,0.40625,0.40625,102,0,Emerald Homes Lp,0,0,0
19910909,7171,EHP',NYSE,0.375,0.375,4,0,Emerald Homes Lp,0,0,0
19910910,7171,EHP',NYSE,0.40625,0.40625,11,0,Emerald Homes Lp,0,0,0
19910911,7171,EHP',NYSE,0.4375,0.4375,22,0,Emerald Homes Lp,0,0,0
19910912,7171,EHP',NYSE,0.4375,0.4375,8,0,Emerald Homes Lp,0,0,0
19910913,7171,EHP',NYSE,0.4375,0.4375,0,0,Emerald Homes Lp,0,0,0
19910916,7171,EHP',NYSE,0.40625,0.40625,46,0,Emerald Homes Lp,0,0,0
19910917,7171,EHP',NYSE,0.46875,0.46875,20,0,Emerald Homes Lp,0,0,0
19910918,7171,EHP',NYSE,0.4375,0.4375,4,0,Emerald Homes Lp,0,0,0
19910919,7171,EHP',NYSE,0.4375,0.4375,1,0,Emerald Homes Lp,0,0,0
19910920,7171,EHP',NYSE,0.40625,0.40625,3,0,Emerald Homes Lp,0,0,0
19910923,7171,EHP',NYSE,0.46875,0.46875,1,0,Emerald Homes Lp,0,0,0
19910924,7171,EHP',NYSE,0.40625,0.40625,6,0,Emerald Homes Lp,0,0,0
19910925,7171,EHP',NYSE,0.40625,0.40625,5,0,Emerald Homes Lp,0,0,0
19910926,7171,EHP',NYSE,0.40625,0.40625,10,0,Emerald Homes Lp,0,0,0
19910927,7171,EHP',NYSE,0.40625,0.40625,0,0,Emerald Homes Lp,0,0,0
19910930,7171,EHP',NYSE,0.40625,0.40625,6,0,Emerald Homes Lp,0,0,0
19911001,7171,EHP',NYSE,0.4375,0.4375,26,0,Emerald Homes Lp,0,0,0
19911002,7171,EHP',NYSE,0.4375,0.4375,21,0,Emerald Homes Lp,0,0,0
19911003,7171,EHP',NYSE,0.5,0.5,16,0,Emerald Homes Lp,0,0,0
19911004,7171,EHP',NYSE,0.4375,0.4375,51,0,Emerald Homes Lp,0,0,0
19911007,7171,EHP',NYSE,0.4375,0.4375,5,0,Emerald Homes Lp,0,0,0
19911008,7171,EHP',NYSE,0.4375,0.4375,0,0,Emerald Homes Lp,0,0,0
19911009,7171,EHP',NYSE,0.4375,0.4375,22,0,Emerald Homes Lp,0,0,0
19911010,7171,EHP',NYSE,0.4375,0.4375,5,0,Emerald Homes Lp,0,0,0
19911011,7171,EHP',NYSE,0.4375,0.4375,2,0,Emerald Homes Lp,0,0,0
19911014,7171,EHP',NYSE,0.4375,0.4375,0,0,Emerald Homes Lp,0,0,0
19911015,7171,EHP',NYSE,0.4375,0.4375,3,0,Emerald Homes Lp,0,0,0
19911016,7171,EHP',NYSE,0.4375,0.4375,1,0,Emerald Homes Lp,0,0,0
19911017,7171,EHP',NYSE,0.40625,0.40625,24,0,Emerald Homes Lp,0,0,0
19911018,7171,EHP',NYSE,0.40625,0.40625,10,0,Emerald Homes Lp,0,0,0
19911021,7171,EHP',NYSE,0.40625,0.40625,0,0,Emerald Homes Lp,0,0,0
19911022,7171,EHP',NYSE,0.40625,0.40625,0,0,Emerald Homes Lp,0,0,0
19911023,7171,EHP',NYSE,0.40625,0.40625,14,0,Emerald Homes Lp,0,0,0
19911024,7171,EHP',NYSE,0.40625,0.40625,10,0,Emerald Homes Lp,0,0,0
19911025,7171,EHP',NYSE,0.40625,0.40625,4,0,Emerald Homes Lp,0,0,0
19911028,7171,EHP',NYSE,0.375,0.375,8,0,Emerald Homes Lp,0,0,0
19911029,7171,EHP',NYSE,0.28125,0.28125,83,0,Emerald Homes Lp,0,0,0
19911030,7171,EHP',NYSE,0.28125,0.28125,4,0,Emerald Homes Lp,0,0,0
19911031,7171,EHP',NYSE,0.3125,0.3125,82,0,Emerald Homes Lp,0,0,0
19911101,7171,EHP',NYSE,0.28125,0.28125,21,0,Emerald Homes Lp,0,0,0
19911104,7171,EHP',NYSE,0.25,0.25,2,0,Emerald Homes Lp,0,0,0
19911105,7171,EHP',NYSE,0.25,0.25,5,0,Emerald Homes Lp,0,0,0
19911106,7171,EHP',NYSE,0.28125,0.28125,14,0,Emerald Homes Lp,0,0,0
19911107,7171,EHP',NYSE,0.3125,0.3125,54,0,Emerald Homes Lp,0,0,0
19911108,7171,EHP',NYSE,0.375,0.375,50,0,Emerald Homes Lp,0,0,0
19911111,7171,EHP',NYSE,0.375,0.375,0,0,Emerald Homes Lp,0,0,0
19911112,7171,EHP',NYSE,0.375,0.375,60,0,Emerald Homes Lp,0,0,0
19911113,7171,EHP',NYSE,0.34375,0.34375,31,0,Emerald Homes Lp,0,0,0
19911114,7171,EHP',NYSE,0.3125,0.3125,33,0,Emerald Homes Lp,0,0,0
19911115,7171,EHP',NYSE,0.28125,0.28125,18,0,Emerald Homes Lp,0,0,0
19911118,7171,EHP',NYSE,0.3125,0.3125,19,0,Emerald Homes Lp,0,0,0
19911119,7171,EHP',NYSE,0.28125,0.28125,4,0,Emerald Homes Lp,0,0,0
19911120,7171,EHP',NYSE,0.28125,0.28125,34,0,Emerald Homes Lp,0,0,0
19911121,7171,EHP',NYSE,0.25,0.25,28,0,Emerald Homes Lp,0,0,0
19911122,7171,EHP',NYSE,0.28125,0.28125,25,0,Emerald Homes Lp,0,0,0
19911125,7171,EHP',NYSE,0.25,0.25,76,0,Emerald Homes Lp,0,0,0
19911126,7171,EHP',NYSE,0.25,0.25,127,0,Emerald Homes Lp,0,0,0
19911127,7171,EHP',NYSE,0.25,0.25,120,0,Emerald Homes Lp,0,0,0
19911129,7171,EHP',NYSE,0.25,0.25,146,0,Emerald Homes Lp,0,0,0
19911202,7171,EHP',NYSE,0.21875,0.21875,66,0,Emerald Homes Lp,0,0,0
19911203,7171,EHP',NYSE,0.25,0.25,120,0,Emerald Homes Lp,0,0,0
19911204,7171,EHP',NYSE,0.25,0.25,69,0,Emerald Homes Lp,0,0,0
19911205,7171,EHP',NYSE,0.25,0.25,42,0,Emerald Homes Lp,0,0,0
19911206,7171,EHP',NYSE,0.21875,0.21875,70,0,Emerald Homes Lp,0,0,0
19911209,7171,EHP',NYSE,0.21875,0.21875,67,0,Emerald Homes Lp,0,0,0
19911210,7171,EHP',NYSE,0.21875,0.21875,21,0,Emerald Homes Lp,0,0,0
19911211,7171,EHP',NYSE,0.21875,0.21875,21,0,Emerald Homes Lp,0,0,0
19911212,7171,EHP',NYSE,0.21875,0.21875,78,0,Emerald Homes Lp,0,0,0
19911213,7171,EHP',NYSE,0.171875,0.171875,104,0,Emerald Homes Lp,0,0,0
19911216,7171,EHP',NYSE,0.125,0.125,146,0,Emerald Homes Lp,0,0,0
19911217,7171,EHP',NYSE,0.125,0.125,105,0,Emerald Homes Lp,0,0,0
19911218,7171,EHP',NYSE,0.140625,0.140625,40,0,Emerald Homes Lp,0,0,0
19911219,7171,EHP',NYSE,0.125,0.125,59,0,Emerald Homes Lp,0,0,0
19911220,7171,EHP',NYSE,0.140625,0.140625,115,0,Emerald Homes Lp,0,0,0
19911223,7171,EHP',NYSE,0.125,0.125,148,0,Emerald Homes Lp,0,0,0
19911224,7171,EHP',NYSE,0.15625,0.15625,56,0,Emerald Homes Lp,0,0,0
19911226,7171,EHP',NYSE,0.1875,0.1875,145,0,Emerald Homes Lp,0,0,0
19911227,7171,EHP',NYSE,0.1875,0.1875,169,0,Emerald Homes Lp,0,0,0
19911230,7171,EHP',NYSE,0.375,0.375,293,0,Emerald Homes Lp,0,0,0
19911231,7171,EHP',NYSE,0.25,0.25,410,0,Emerald Homes Lp,0,0,0
19920102,7171,EHP',NYSE,0.46875,0.46875,450,0,Emerald Homes Lp,0,0,0
19920103,7171,EHP',NYSE,0.4375,0.4375,62,0,Emerald Homes Lp,0,0,0
19920106,7171,EHP',NYSE,0.5,0.5,28,0,Emerald Homes Lp,0,0,0
19920107,7171,EHP',NYSE,0.4375,0.4375,20,0,Emerald Homes Lp,0,0,0
19920108,7171,EHP',NYSE,0.46875,0.46875,66,0,Emerald Homes Lp,0,0,0
19920109,7171,EHP',NYSE,0.6875,0.6875,252,0,Emerald Homes Lp,0,0,0
19920110,7171,EHP',NYSE,0.625,0.625,141,0,Emerald Homes Lp,0,0,0
19920113,7171,EHP',NYSE,0.625,0.625,86,0,Emerald Homes Lp,0,0,0
19920114,7171,EHP',NYSE,0.46875,0.46875,150,0,Emerald Homes Lp,0,0,0
19920115,7171,EHP',NYSE,0.5,0.5,36,0,Emerald Homes Lp,0,0,0
19920116,7171,EHP',NYSE,0.5625,0.5625,65,0,Emerald Homes Lp,0,0,0
19920117,7171,EHP',NYSE,0.5,0.5,11,0,Emerald Homes Lp,0,0,0
19920120,7171,EHP',NYSE,0.5625,0.5625,20,0,Emerald Homes Lp,0,0,0
19920121,7171,EHP',NYSE,0.5,0.5,38,0,Emerald Homes Lp,0,0,0
19920122,7171,EHP',NYSE,0.5625,0.5625,56,0,Emerald Homes Lp,0,0,0
19920123,7171,EHP',NYSE,0.5,0.5,85,0,Emerald Homes Lp,0,0,0
19920124,7171,EHP',NYSE,0.5625,0.5625,35,0,Emerald Homes Lp,0,0,0
19920127,7171,EHP',NYSE,0.5625,0.5625,433,0,Emerald Homes Lp,0,0,0
19920128,7171,EHP',NYSE,0.6875,0.6875,162,0,Emerald Homes Lp,0,0,0
19920129,7171,EHP',NYSE,1,1,370,0,Emerald Homes Lp,0,0,0
19920130,7171,EHP',NYSE,1,1,610,0,Emerald Homes Lp,0,0,0
19920131,7171,EHP',NYSE,0.9375,0.9375,308,0,Emerald Homes Lp,0,0,0
19920203,7171,EHP',NYSE,1,1,310,0,Emerald Homes Lp,0,0,0
19920204,7171,EHP',NYSE,1,1,58,0,Emerald Homes Lp,0,0,0
19920205,7171,EHP',NYSE,0.9375,0.9375,28,0,Emerald Homes Lp,0,0,0
19920206,7171,EHP',NYSE,1,1,10,0,Emerald Homes Lp,0,0,0
19920207,7171,EHP',NYSE,0.9375,0.9375,193,0,Emerald Homes Lp,0,0,0
19920210,7171,EHP',NYSE,0.875,0.875,18,0,Emerald Homes Lp,0,0,0
19920211,7171,EHP',NYSE,0.875,0.875,16,0,Emerald Homes Lp,0,0,0
19920212,7171,EHP',NYSE,0.9375,0.9375,22,0,Emerald Homes Lp,0,0,0
19920213,7171,EHP',NYSE,0.875,0.875,121,0,Emerald Homes Lp,0,0,0
19920214,7171,EHP',NYSE,0.875,0.875,100,0,Emerald Homes Lp,0,0,0
19920218,7171,EHP',NYSE,0.875,0.875,139,0,Emerald Homes Lp,0,0,0
19920219,7171,EHP',NYSE,0.8125,0.8125,15,0,Emerald Homes Lp,0,0,0
19920220,7171,EHP',NYSE,0.75,0.75,6,0,Emerald Homes Lp,0,0,0
19920221,7171,EHP',NYSE,0.75,0.75,47,0,Emerald Homes Lp,0,0,0
19920224,7171,EHP',NYSE,0.75,0.75,18,0,Emerald Homes Lp,0,0,0
19920225,7171,EHP',NYSE,0.5,0.5,57,0,Emerald Homes Lp,0,0,0
19920226,7171,EHP',NYSE,0.8125,0.8125,133,0,Emerald Homes Lp,0,0,0
19920227,7171,EHP',NYSE,0.8125,0.8125,71,0,Emerald Homes Lp,0,0,0
19920228,7171,EHP',NYSE,0.8125,0.8125,30,0,Emerald Homes Lp,0,0,0
19920302,7171,EHP',NYSE,0.875,0.875,56,0,Emerald Homes Lp,0,0,0
19920303,7171,EHP',NYSE,0.8125,0.8125,31,0,Emerald Homes Lp,0,0,0
19920304,7171,EHP',NYSE,0.75,0.75,49,0,Emerald Homes Lp,0,0,0
19920305,7171,EHP',NYSE,0.6875,0.6875,10,0,Emerald Homes Lp,0,0,0
19920306,7171,EHP',NYSE,0.625,0.625,25,0,Emerald Homes Lp,0,0,0
19920309,7171,EHP',NYSE,0.6875,0.6875,4,0,Emerald Homes Lp,0,0,0
19920310,7171,EHP',NYSE,0.625,0.625,12,0,Emerald Homes Lp,0,0,0
19920311,7171,EHP',NYSE,0.6875,0.6875,1,0,Emerald Homes Lp,0,0,0
19920312,7171,EHP',NYSE,0.625,0.625,20,0,Emerald Homes Lp,0,0,0
19920313,7171,EHP',NYSE,0.5625,0.5625,32,0,Emerald Homes Lp,0,0,0
19920316,7171,EHP',NYSE,0.6875,0.6875,6,0,Emerald Homes Lp,0,0,0
19920317,7171,EHP',NYSE,0.5625,0.5625,10,0,Emerald Homes Lp,0,0,0
19920318,7171,EHP',NYSE,0.6875,0.6875,43,0,Emerald Homes Lp,0,0,0
19920319,7171,EHP',NYSE,0.6875,0.6875,10,0,Emerald Homes Lp,0,0,0
19920320,7171,EHP',NYSE,0.75,0.75,15,0,Emerald Homes Lp,0,0,0
19920323,7171,EHP',NYSE,0.5,0.5,455,0,Emerald Homes Lp,0,0,0
19920324,7171,EHP',NYSE,0.625,0.625,80,0,Emerald Homes Lp,0,0,0
19920325,7171,EHP',NYSE,0.5625,0.5625,99,0,Emerald Homes Lp,0,0,0
19920326,7171,EHP',NYSE,0.625,0.625,42,0,Emerald Homes Lp,0,0,0
19920327,7171,EHP',NYSE,0.625,0.625,15,0,Emerald Homes Lp,0,0,0
19920330,7171,EHP',NYSE,0.625,0.625,16,0,Emerald Homes Lp,0,0,0
19920331,7171,EHP',NYSE,0.6875,0.6875,6,0,Emerald Homes Lp,0,0,0
19920401,7171,EHP',NYSE,0.625,0.625,7,0,Emerald Homes Lp,0,0,0
19920402,7171,EHP',NYSE,0.5,0.5,231,0,Emerald Homes Lp,0,0,0
19920403,7171,EHP',NYSE,0.5,0.5,80,0,Emerald Homes Lp,0,0,0
19920406,7171,EHP',NYSE,0.5,0.5,21,0,Emerald Homes Lp,0,0,0
19920407,7171,EHP',NYSE,0.25,0.25,154,0,Emerald Homes Lp,0,0,0
19920408,7171,EHP',NYSE,0.5,0.5,72,0,Emerald Homes Lp,0,0,0
19920409,7171,EHP',NYSE,0.625,0.625,52,0,Emerald Homes Lp,0,0,0
19920410,7171,EHP',NYSE,0.625,0.625,103,0,Emerald Homes Lp,0,0,0
19920413,7171,EHP',NYSE,0.5625,0.5625,62,0,Emerald Homes Lp,0,0,0
19920414,7171,EHP',NYSE,0.5,0.5,40,0,Emerald Homes Lp,0,0,0
19920415,7171,EHP',NYSE,0.5625,0.5625,2,0,Emerald Homes Lp,0,0,0
19920416,7171,EHP',NYSE,0.5625,0.5625,77,0,Emerald Homes Lp,0,0,0
19920420,7171,EHP',NYSE,0.5,0.5,35,0,Emerald Homes Lp,0,0,0
19920421,7171,EHP',NYSE,0.5,0.5,26,0,Emerald Homes Lp,0,0,0
19920422,7171,EHP',NYSE,0.5,0.5,9,0,Emerald Homes Lp,0,0,0
19920423,7171,EHP',NYSE,0.5,0.5,34,0,Emerald Homes Lp,0,0,0
19920424,7171,EHP',NYSE,0.5625,0.5625,50,0,Emerald Homes Lp,0,0,0
19920427,7171,EHP',NYSE,0.5625,0.5625,0,0,Emerald Homes Lp,0,0,0
19920428,7171,EHP',NYSE,0.5,0.5,38,0,Emerald Homes Lp,0,0,0
19920429,7171,EHP',NYSE,0.46875,0.46875,38,0,Emerald Homes Lp,0,0,0
19920430,7171,EHP',NYSE,0.5,0.5,33,0,Emerald Homes Lp,0,0,0
19920501,7171,EHP',NYSE,0.5,0.5,0,0,Emerald Homes Lp,0,0,0
19920504,7171,EHP',NYSE,0.5,0.5,0,0,Emerald Homes Lp,0,0,0
19920505,7171,EHP',NYSE,0.4375,0.4375,33,0,Emerald Homes Lp,0,0,0
19920506,7171,EHP',NYSE,0.4375,0.4375,35,0,Emerald Homes Lp,0,0,0
19920507,7171,EHP',NYSE,0.4375,0.4375,0,0,Emerald Homes Lp,0,0,0
19920508,7171,EHP',NYSE,0.4375,0.4375,0,0,Emerald Homes Lp,0,0,0
19920511,7171,EHP',NYSE,0.5,0.5,71,0,Emerald Homes Lp,0,0,0
19920512,7171,EHP',NYSE,0.5,0.5,46,0,Emerald Homes Lp,0,0,0
19920513,7171,EHP',NYSE,0.4375,0.4375,192,0,Emerald Homes Lp,0,0,0
19920514,7171,EHP',NYSE,0.625,0.625,107,0,Emerald Homes Lp,0,0,0
19920515,7171,EHP',NYSE,0.625,0.625,24,0,Emerald Homes Lp,0,0,0
19920518,7171,EHP',NYSE,0.5625,0.5625,31,0,Emerald Homes Lp,0,0,0
19920519,7171,EHP',NYSE,0.75,0.75,544,0,Emerald Homes Lp,0,0,0
19920520,7171,EHP',NYSE,0.625,0.625,117,0,Emerald Homes Lp,0,0,0
19920521,7171,EHP',NYSE,0.6875,0.6875,7,0,Emerald Homes Lp,0,0,0
19920522,7171,EHP',NYSE,0.5625,0.5625,50,0,Emerald Homes Lp,0,0,0
19920526,7171,EHP',NYSE,0.5625,0.5625,2,0,Emerald Homes Lp,0,0,0
19920527,7171,EHP',NYSE,0.625,0.625,14,0,Emerald Homes Lp,0,0,0
19920528,7171,EHP',NYSE,0.5625,0.5625,18,0,Emerald Homes Lp,0,0,0
19920529,7171,EHP',NYSE,0.5625,0.5625,0,0,Emerald Homes Lp,0,0,0
19920601,7171,EHP',NYSE,0.5,0.5,72,0,Emerald Homes Lp,0,0,0
19920602,7171,EHP',NYSE,0.5,0.5,10,0,Emerald Homes Lp,0,0,0
19920603,7171,EHP',NYSE,0.625,0.625,10,0,Emerald Homes Lp,0,0,0
19920604,7171,EHP',NYSE,0.5625,0.5625,5,0,Emerald Homes Lp,0,0,0
19920605,7171,EHP',NYSE,0.5625,0.5625,20,0,Emerald Homes Lp,0,0,0
19920608,7171,EHP',NYSE,0.5625,0.5625,21,0,Emerald Homes Lp,0,0,0
19920609,7171,EHP',NYSE,0.5,0.5,11,0,Emerald Homes Lp,0,0,0
19920610,7171,EHP',NYSE,0.5,0.5,30,0,Emerald Homes Lp,0,0,0
19920611,7171,EHP',NYSE,0.5,0.5,42,0,Emerald Homes Lp,0,0,0
19920612,7171,EHP',NYSE,0.5,0.5,1,0,Emerald Homes Lp,0,0,0
19920615,7171,EHP',NYSE,0.5,0.5,2,0,Emerald Homes Lp,0,0,0
19920616,7171,EHP',NYSE,0.5,0.5,5,0,Emerald Homes Lp,0,0,0
19920617,7171,EHP',NYSE,0.5,0.5,5,0,Emerald Homes Lp,0,0,0
19920618,7171,EHP',NYSE,0.5,0.5,0,0,Emerald Homes Lp,0,0,0
19920619,7171,EHP',NYSE,0.5625,0.5625,60,0,Emerald Homes Lp,0,0,0
19920622,7171,EHP',NYSE,0.5625,0.5625,30,0,Emerald Homes Lp,0,0,0
19920623,7171,EHP',NYSE,0.5625,0.5625,0,0,Emerald Homes Lp,0,0,0
19920624,7171,EHP',NYSE,0.5625,0.5625,15,0,Emerald Homes Lp,0,0,0
19920625,7171,EHP',NYSE,0.5625,0.5625,5,0,Emerald Homes Lp,0,0,0
19920626,7171,EHP',NYSE,0.5625,0.5625,20,0,Emerald Homes Lp,0,0,0
19920629,7171,EHP',NYSE,0.5625,0.5625,20,0,Emerald Homes Lp,0,0,0
19920630,7171,EHP',NYSE,0.5,0.5,10,0,Emerald Homes Lp,0,0,0
19920701,7171,EHP',NYSE,0.5,0.5,7,0,Emerald Homes Lp,0,0,0
19920702,7171,EHP',NYSE,0.5625,0.5625,14,0,Emerald Homes Lp,0,0,0
19920706,7171,EHP',NYSE,0.5,0.5,10,0,Emerald Homes Lp,0,0,0
19920707,7171,EHP',NYSE,0.5,0.5,1,0,Emerald Homes Lp,0,0,0
19920708,7171,EHP',NYSE,0.5,0.5,17,0,Emerald Homes Lp,0,0,0
19920709,7171,EHP',NYSE,0.5,0.5,28,0,Emerald Homes Lp,0,0,0
19920710,7171,EHP',NYSE,0.5,0.5,0,0,Emerald Homes Lp,0,0,0
19920713,7171,EHP',NYSE,0.5,0.5,0,0,Emerald Homes Lp,0,0,0
19920714,7171,EHP',NYSE,0.5625,0.5625,88,0,Emerald Homes Lp,0,0,0
19920715,7171,EHP',NYSE,0.5625,0.5625,0,0,Emerald Homes Lp,0,0,0
19920716,7171,EHP',NYSE,0.375,0.375,115,0,Emerald Homes Lp,0,0,0
19920717,7171,EHP',NYSE,0.40625,0.40625,25,0,Emerald Homes Lp,0,0,0
19920720,7171,EHP',NYSE,0.40625,0.40625,0,0,Emerald Homes Lp,0,0,0
19920721,7171,EHP',NYSE,0.40625,0.40625,20,0,Emerald Homes Lp,0,0,0
19920722,7171,EHP',NYSE,0.40625,0.40625,0,0,Emerald Homes Lp,0,0,0
19920723,7171,EHP',NYSE,0.40625,0.40625,0,0,Emerald Homes Lp,0,0,0
19920724,7171,EHP',NYSE,0.40625,0.40625,0,0,Emerald Homes Lp,0,0,0
19920727,7171,EHP',NYSE,0.40625,0.40625,2,0,Emerald Homes Lp,0,0,0
19920728,7171,EHP',NYSE,0.40625,0.40625,2,0,Emerald Homes Lp,0,0,0
19920729,7171,EHP',NYSE,0.40625,0.40625,0,0,Emerald Homes Lp,0,0,0
19920730,7171,EHP',NYSE,0.40625,0.40625,2,0,Emerald Homes Lp,0,0,0
19920731,7171,EHP',NYSE,0.375,0.375,24,0,Emerald Homes Lp,0,0,0
19920803,7171,EHP',NYSE,0.375,0.375,0,0,Emerald Homes Lp,0,0,0
19920804,7171,EHP',NYSE,0.4375,0.4375,88,0,Emerald Homes Lp,0,0,0
19920805,7171,EHP',NYSE,0.4375,0.4375,0,0,Emerald Homes Lp,0,0,0
19920806,7171,EHP',NYSE,0.40625,0.40625,1,0,Emerald Homes Lp,0,0,0
19920807,7171,EHP',NYSE,0.40625,0.40625,10,0,Emerald Homes Lp,0,0,0
19920810,7171,EHP',NYSE,0.40625,0.40625,0,0,Emerald Homes Lp,0,0,0
19920811,7171,EHP',NYSE,0.375,0.375,20,0,Emerald Homes Lp,0,0,0
19920812,7171,EHP',NYSE,0.4375,0.4375,9,0,Emerald Homes Lp,0,0,0
19920813,7171,EHP',NYSE,0.4375,0.4375,0,0,Emerald Homes Lp,0,0,0
19920814,7171,EHP',NYSE,0.40625,0.40625,1,0,Emerald Homes Lp,0,0,0
19920817,7171,EHP',NYSE,0.4375,0.4375,30,0,Emerald Homes Lp,0,0,0
19920818,7171,EHP',NYSE,0.4375,0.4375,16,0,Emerald Homes Lp,0,0,0
19920819,7171,EHP',NYSE,0.4375,0.4375,60,0,Emerald Homes Lp,0,0,0
19920820,7171,EHP',NYSE,0.4375,0.4375,0,0,Emerald Homes Lp,0,0,0
19920821,7171,EHP',NYSE,0.4375,0.4375,10,0,Emerald Homes Lp,0,0,0
19920824,7171,EHP',NYSE,0.4375,0.4375,0,0,Emerald Homes Lp,0,0,0
19920825,7171,EHP',NYSE,0.4375,0.4375,0,0,Emerald Homes Lp,0,0,0
19920826,7171,EHP',NYSE,0.40625,0.40625,40,0,Emerald Homes Lp,0,0,0
19920827,7171,EHP',NYSE,0.40625,0.40625,3,0,Emerald Homes Lp,0,0,0
19920828,7171,EHP',NYSE,0.4375,0.4375,10,0,Emerald Homes Lp,0,0,0
19920831,7171,EHP',NYSE,0.4375,0.4375,0,0,Emerald Homes Lp,0,0,0
19920901,7171,EHP',NYSE,0.4375,0.4375,21,0,Emerald Homes Lp,0,0,0
19920902,7171,EHP',NYSE,0.4375,0.4375,6,0,Emerald Homes Lp,0,0,0
19920903,7171,EHP',NYSE,0.4375,0.4375,0,0,Emerald Homes Lp,0,0,0
19920904,7171,EHP',NYSE,0.4375,0.4375,0,0,Emerald Homes Lp,0,0,0
19920908,7171,EHP',NYSE,0.4375,0.4375,10,0,Emerald Homes Lp,0,0,0
19920909,7171,EHP',NYSE,0.4375,0.4375,19,0,Emerald Homes Lp,0,0,0
19920910,7171,EHP',NYSE,0.4375,0.4375,0,0,Emerald Homes Lp,0,0,0
19920911,7171,EHP',NYSE,0.4375,0.4375,75,0,Emerald Homes Lp,0,0,0
19920914,7171,EHP',NYSE,0.46875,0.46875,20,0,Emerald Homes Lp,0,0,0
19920915,7171,EHP',NYSE,0.40625,0.40625,11,0,Emerald Homes Lp,0,0,0
19920916,7171,EHP',NYSE,0.40625,0.40625,0,0,Emerald Homes Lp,0,0,0
19920917,7171,EHP',NYSE,0.40625,0.40625,82,0,Emerald Homes Lp,0,0,0
19920918,7171,EHP',NYSE,0.40625,0.40625,2,0,Emerald Homes Lp,0,0,0
19920921,7171,EHP',NYSE,0.40625,0.40625,4,0,Emerald Homes Lp,0,0,0
19920922,7171,EHP',NYSE,0.4375,0.4375,20,0,Emerald Homes Lp,0,0,0
19920923,7171,EHP',NYSE,0.4375,0.4375,176,0,Emerald Homes Lp,0,0,0
19920924,7171,EHP',NYSE,0.40625,0.40625,10,0,Emerald Homes Lp,0,0,0
19920925,7171,EHP',NYSE,0.40625,0.40625,0,0,Emerald Homes Lp,0,0,0
19920928,7171,EHP',NYSE,0.40625,0.40625,15,0,Emerald Homes Lp,0,0,0
19920929,7171,EHP',NYSE,0.40625,0.40625,0,0,Emerald Homes Lp,0,0,0
19920930,7171,EHP',NYSE,0.40625,0.40625,0,0,Emerald Homes Lp,0,0,0
19921001,7171,EHP',NYSE,0.375,0.375,90,0,Emerald Homes Lp,0,0,0
19921002,7171,EHP',NYSE,0.375,0.375,0,0,Emerald Homes Lp,0,0,0
19921005,7171,EHP',NYSE,0.25,0.25,210,0,Emerald Homes Lp,0,0,0
19921006,7171,EHP',NYSE,0.140625,0.140625,197,0,Emerald Homes Lp,0,0,0
19921007,7171,EHP',NYSE,0.140625,0.140625,52,0,Emerald Homes Lp,0,0,0
19921008,7171,EHP',NYSE,0.140625,0.140625,143,0,Emerald Homes Lp,0,0,0
19921009,7171,EHP',NYSE,0.1875,0.1875,115,0,Emerald Homes Lp,0,0,0
19921012,7171,EHP',NYSE,0.15625,0.15625,37,0,Emerald Homes Lp,0,0,0
19921013,7171,EHP',NYSE,0.15625,0.15625,3,0,Emerald Homes Lp,0,0,0
19921014,7171,EHP',NYSE,0.15625,0.15625,16,0,Emerald Homes Lp,0,0,0
19921015,7171,EHP',NYSE,0.140625,0.140625,47,0,Emerald Homes Lp,0,0,0
19921016,7171,EHP',NYSE,0.125,0.125,33,0,Emerald Homes Lp,0,0,0
